1,6,58,148,-500,0
1,6,58,148,-482,132
1,6,60,148,-500,0
1,6,60,148,-451,212
1,6,62,148,-500,0
1,6,105,236,-74,110
1,6,105,238,-15,158
1,6,107,242,-68,-128
1,6,107,246,-23,-12
1,6,107,251,0,-26
1,6,107,255,0,-264
1,6,107,257,0,-290
1,6,107,270,0,-405
1,6,107,277,0,-473
1,6,110,237,-200,71
1,6,111,212,-40,179
1,6,112,212,260,19
1,6,113,251,-151,-184
1,6,115,260,-142,-283
1,6,116,247,-91,300
1,6,122,204,-342,-8
1,6,127,267,-257,0
1,6,128,251,-433,-192
1,6,128,255,-194,-176
1,6,131,203,-183,0
1,6,131,220,-183,0
1,6,132,254,-149,-105
1,6,133,206,-326,-217
1,6,134,252,-362,-217
1,6,135,249,-380,-179
1,6,137,220,-421,0
1,6,137,241,-416,-62
1,6,138,205,-419,-31
1,6,138,207,-419,-41
1,6,138,207,-418,50
1,6,138,209,-419,41
1,6,138,212,-224,-447
1,6,138,220,-421,0
1,6,139,191,0,500
1,6,139,225,0,-500
1,6,139,226,0,-500
1,6,140,222,-37,-498
1,6,140,225,-37,-498
1,6,140,227,-37,-498
1,6,141,218,-447,10
1,6,141,220,-447,0
1,6,141,221,-447,0
1,6,141,222,-447,0
1,6,141,223,-97,-490
1,6,141,226,-85,-492
1,6,141,230,-447,0
1,6,141,234,-447,0
1,6,141,235,-447,0
1,6,141,239,-446,-43
1,6,142,220,-447,0
1,6,142,223,-167,-470
1,6,142,223,-156,-474
1,6,142,223,-121,-484
1,6,142,224,-277,-416
1,6,142,226,-109,-488
1,6,142,235,-447,0
1,6,143,193,-203,457
1,6,143,205,-424,212
1,6,143,223,-191,-462
1,6,143,226,-167,-470
1,6,143,230,-121,-484
1,6,143,231,-132,-482
1,6,144,226,-179,-466
1,6,145,220,-473,0
1,6,145,230,-167,-470
1,6,146,226,-224,-447
1,6,146,227,-212,-451
1,6,146,228,-224,-447
1,6,146,229,-191,-462
1,6,148,187,-267,421
1,6,148,203,-361,345
1,6,148,218,-386,-316
1,6,149,192,-473,0
1,6,149,221,-473,0
1,6,149,222,-473,0
1,6,151,190,-441,236
1,6,151,218,-447,-224
1,6,151,227,-441,-236
1,6,151,257,-441,-236
1,6,152,190,-345,361
1,6,152,223,-378,-326
1,6,152,226,-335,-371
1,6,154,196,-457,203
1,6,154,196,-451,212
1,6,154,198,-482,132
1,6,154,217,-474,-156
1,6,154,222,-500,0
1,6,154,253,-335,-371
1,6,155,191,-402,296
1,6,155,196,-470,167
1,6,155,200,-496,60
1,6,155,218,-470,-167
1,6,155,223,-500,0
1,6,156,196,-500,0
1,6,156,196,-148,449
1,6,156,197,-478,144
1,6,156,219,-500,0
1,6,156,220,-500,0
1,6,156,220,-361,-345
1,6,156,221,-500,0
1,6,156,223,-500,0
1,6,156,224,-500,0
1,8,20,333,0,-447
1,8,103,235,22,13
1,8,104,303,-73,223
1,8,105,300,-141,75
1,8,105,300,-74,110
1,8,105,301,-114,146
1,8,105,303,-288,35
1,8,107,300,-212,10
1,8,107,315,0,-26
1,8,107,322,-81,0
1,8,108,276,-29,43
1,8,108,299,-156,-35
1,8,110,276,-7,130
1,8,110,318,-111,-236
1,8,111,267,44,-27
1,8,111,276,-128,89
1,8,111,317,-112,-238
1,8,113,321,-141,-281
1,8,113,322,-135,-285
1,8,115,325,-146,-309
1,8,116,310,-230,-57
1,8,117,276,103,7
1,8,120,311,-283,-63
1,8,122,315,-266,-110
1,8,130,328,-274,-353
1,8,131,254,-183,0
1,8,131,256,-183,0
1,8,131,263,-183,0
1,8,132,318,-149,-105
1,8,133,308,-378,-114
1,8,135,267,-130,0
1,8,136,218,-260,223
1,8,136,235,-403,121
1,8,137,272,-416,-62
1,8,137,273,-416,-62
1,8,137,309,-403,-121
1,8,138,273,-415,-72
1,8,138,314,-404,-190
1,8,139,256,0,500
1,8,139,279,0,-302
1,8,139,282,0,-444
1,8,139,288,0,-500
1,8,139,289,0,-500
1,8,139,290,0,-500
1,8,139,290,0,-444
1,8,140,252,-37,498
1,8,140,266,-231,230
1,8,140,286,-37,-498
1,8,140,291,-60,-496
1,8,141,227,-404,190
1,8,141,244,-447,0
1,8,141,252,-447,0
1,8,141,252,-85,492
1,8,141,254,-447,0
1,8,141,255,-97,490
1,8,141,260,-447,0
1,8,141,263,-447,0
1,8,141,267,-447,0
1,8,141,271,-446,-43
1,8,141,273,-442,-66
1,8,141,276,-447,0
1,8,141,287,-121,-484
1,8,141,287,-97,-490
1,8,141,288,-447,0
1,8,141,288,-97,-490
1,8,141,289,-447,0
1,8,141,290,-85,-492
1,8,141,295,-447,0
1,8,141,299,-447,0
1,8,141,303,-446,-43
1,8,141,315,-409,-182
1,8,142,252,-447,0
1,8,142,252,-109,488
1,8,142,253,-109,488
1,8,142,253,-85,492
1,8,142,254,-447,0
1,8,142,254,-85,492
1,8,142,256,-97,490
1,8,142,267,-447,0
1,8,142,280,-447,0
1,8,142,287,-121,-484
1,8,142,287,-97,-490
1,8,142,288,-121,-484
1,8,142,289,-85,-492
1,8,142,291,-109,-488
1,8,142,294,-447,0
1,8,142,294,-97,-490
1,8,142,295,-447,0
1,8,142,299,-447,0
1,8,142,311,-428,-129
1,8,143,249,-121,484
1,8,143,286,-203,-457
1,8,143,286,-191,-462
1,8,143,286,-167,-470
1,8,143,292,-121,-484
1,8,143,293,-121,-484
1,8,144,250,-144,478
1,8,144,253,-156,474
1,8,144,257,-212,451
1,8,144,293,-144,-478
1,8,144,294,-132,-482
1,8,145,260,-473,0
1,8,145,261,-473,0
1,8,145,290,-203,-457
1,8,145,293,-179,-466
1,8,145,297,-387,271
1,8,145,316,-438,-181
1,8,146,294,-191,-462
1,8,147,260,-386,316
1,8,148,292,-277,-416
1,8,149,291,-287,-408
1,8,150,289,-441,-236
1,8,151,255,-441,236
1,8,151,256,-441,236
1,8,151,320,-441,-236
1,8,155,260,-421,267
1,8,155,261,-478,144
1,8,155,283,-500,0
1,8,155,287,-500,0
1,8,155,288,-500,0
1,8,155,314,-470,-167
1,8,156,260,-500,0
1,8,156,260,-478,144
1,8,156,260,-451,212
1,8,156,260,-402,296
1,8,156,262,-500,0
1,8,156,262,-478,144
1,8,156,263,-500,0
1,8,156,264,-500,0
1,8,156,278,-500,0
1,8,156,286,-500,0
1,8,156,288,-500,0
1,8,163,245,-345,123
1,10,20,277,0,421
1,10,45,418,132,-482
1,10,47,412,121,-484
1,10,51,394,21,-421
1,10,51,398,22,-447
1,10,52,397,0,-447
1,10,100,422,0,-500
1,10,103,387,-364,-298
1,10,107,267,-224,447
1,10,107,267,-167,470
1,10,107,271,0,287
1,10,107,281,0,393
1,10,107,284,0,367
1,10,107,307,-26,-263
1,10,109,300,110,-269
1,10,111,312,-185,0
1,10,111,340,-40,179
1,10,114,372,20,102
1,10,115,390,-378,-326
1,10,118,340,0,0
1,10,121,332,-314,-16
1,10,125,340,-16,19
1,10,126,345,0,130
1,10,129,320,-369,0
1,10,129,323,-369,0
1,10,129,337,-379,37
1,10,129,369,-202,-55
1,10,131,285,-304,291
1,10,131,312,-183,0
1,10,131,328,-183,0
1,10,132,327,-154,-30
1,10,133,320,-157,0
1,10,134,312,-208,20
1,10,135,295,-390,161
1,10,137,302,-415,72
1,10,137,368,-198,-369
1,10,138,302,-416,62
1,10,138,340,-196,-4
1,10,139,347,0,-444
1,10,140,320,-109,488
1,10,140,321,-121,484
1,10,140,324,-256,-51
1,10,141,308,-447,0
1,10,141,314,-447,0
1,10,141,316,-447,0
1,10,141,317,-447,0
1,10,141,318,-97,490
1,10,141,319,-97,490
1,10,141,320,-447,0
1,10,141,321,-447,0
1,10,141,322,-447,0
1,10,141,323,-447,0
1,10,142,292,-433,192
1,10,142,308,-447,0
1,10,142,317,-109,488
1,10,142,319,-277,416
1,10,142,319,-121,484
1,10,142,321,-447,0
1,10,142,321,-167,470
1,10,142,323,-447,0
1,10,142,326,-267,421
1,10,142,339,-447,0
1,10,143,317,-167,470
1,10,143,320,-191,462
1,10,143,320,-179,466
1,10,143,350,-203,-457
1,10,143,351,-203,-457
1,10,144,315,-167,470
1,10,144,318,-191,462
1,10,144,350,-224,-447
1,10,144,350,-212,-451
1,10,144,354,-167,-470
1,10,145,316,-473,0
1,10,145,320,-473,0
1,10,145,324,-473,0
1,10,145,354,-224,-447
1,10,145,355,-224,-447
1,10,145,355,-212,-451
1,10,146,316,-236,441
1,10,146,355,-212,-451
1,10,146,356,-212,-451
1,10,146,357,-191,-462
1,10,147,316,-277,416
1,10,147,324,-386,316
1,10,147,347,-386,-316
1,10,147,355,-224,-447
1,10,147,356,-224,-447
1,10,147,357,-212,-451
1,10,148,316,-277,416
1,10,148,356,-267,-421
1,10,149,316,-473,0
1,10,149,318,-306,394
1,10,149,323,-473,0
1,10,149,324,-473,0
1,10,150,318,-441,236
1,10,150,329,-492,85
1,10,151,284,-441,236
1,10,151,317,-441,236
1,10,151,318,-441,236
1,10,151,319,-441,236
1,10,151,320,-441,236
1,10,152,316,-335,371
1,10,153,348,-447,-224
1,10,153,353,-378,-326
1,10,154,321,-500,0
1,10,154,326,-482,132
1,10,154,326,-474,156
1,10,154,328,-492,85
1,10,154,345,-482,-132
1,10,155,320,-500,0
1,10,155,321,-500,0
1,10,155,325,-478,144
1,10,155,327,-434,97
1,10,155,350,-421,-267
1,10,155,388,-353,-353
1,10,156,320,-500,0
1,10,156,321,-306,394
1,10,156,323,-500,0
1,10,156,323,-381,281
1,10,156,325,-500,0
1,10,156,326,-484,121
1,10,156,327,-490,97
1,10,156,328,-306,394
1,10,157,327,-494,74
1,10,157,327,-490,97
1,10,157,328,-494,74
1,10,157,336,-484,-121
1,10,158,326,-488,109
1,10,159,326,-492,85
1,10,159,327,-492,85
1,10,163,332,-366,0
1,56,60,1748,-500,0
1,56,139,1788,0,500
1,56,141,1789,-85,492
1,56,141,1812,-447,0
1,56,142,1789,-109,488
1,56,143,1785,-121,484
1,56,143,1788,-121,484
1,56,143,1822,-203,-457
1,56,144,1787,-167,470
1,56,150,1824,-441,-236
1,56,154,1793,-500,0
1,56,155,1796,-470,167
1,56,155,1797,-478,144
1,56,155,1798,-478,144
1,56,156,1795,-500,0
1,56,156,1795,-381,281
1,56,156,1796,-451,212
1,56,156,1799,-490,97
1,56,158,1795,-500,0
1,116,36,3656,-148,449
1,116,42,3644,121,484
1,116,49,3684,0,290
1,116,55,3649,-74,494
1,116,59,3653,-212,451
1,116,59,3668,-500,0
1,116,59,3668,-444,0
1,116,60,3651,-236,441
1,116,61,3650,-246,435
1,116,61,3654,-277,416
1,116,62,3668,-500,0
1,116,63,3656,-335,371
1,116,63,3663,-447,224
1,116,66,3654,-371,335
1,116,66,3663,-470,167
1,116,67,3654,-378,326
1,116,67,3790,-496,-60
1,116,100,3641,0,500
1,116,105,3756,-74,110
1,116,108,3732,0,0
1,116,109,3769,137,256
1,116,110,3726,80,66
1,116,110,3732,-88,132
1,116,114,3732,0,0
1,116,114,3732,21,13
1,116,117,3732,-342,0
1,116,117,3732,104,0
1,116,119,3732,-21,14
1,116,120,3724,-25,7
1,116,133,3710,-157,0
1,116,133,3723,-327,0
1,116,133,3748,-157,0
1,116,136,3723,-262,13
1,116,136,3738,-130,12
1,116,137,3726,-198,370
1,116,137,3728,-416,-62
1,116,137,3729,-416,-62
1,116,137,3761,-416,-62
1,116,138,3729,-415,-72
1,116,139,3717,0,302
1,116,139,3721,-395,19
1,116,140,3722,-231,230
1,116,141,3708,-447,0
1,116,141,3709,-447,0
1,116,141,3711,-447,0
1,116,141,3723,-447,0
1,116,141,3724,-447,0
1,116,141,3726,-447,-23
1,116,141,3727,-447,0
1,116,141,3727,-446,-43
1,116,141,3728,-446,-43
1,116,141,3728,-442,-66
1,116,141,3737,-447,0
1,116,141,3738,-447,0
1,116,141,3742,-447,0
1,116,141,3752,-447,0
1,116,141,3755,-447,0
1,116,142,3723,-447,0
1,116,142,3732,-437,-98
1,116,142,3737,-447,0
1,116,142,3746,-109,-488
1,116,142,3755,-447,0
1,116,143,3709,-132,482
1,116,143,3713,-277,416
1,116,143,3750,-132,-482
1,116,144,3745,-191,-462
1,116,145,3706,-179,466
1,116,145,3748,-473,0
1,116,146,3708,-224,447
1,116,146,3726,-473,-24
1,116,147,3715,-345,361
1,116,147,3716,-386,316
1,116,147,3739,-386,-316
1,116,148,3746,-287,-408
1,116,151,3707,-316,386
1,116,151,3709,-500,0
1,116,151,3710,-441,236
1,116,151,3711,-441,236
1,116,151,3712,-441,236
1,116,151,3743,-345,-361
1,116,151,3744,-441,-236
1,116,151,3745,-441,-236
1,116,152,3742,-394,-306
1,116,152,3743,-378,-326
1,116,152,3743,-361,-345
1,116,152,3744,-378,-326
1,116,153,3746,-361,-345
1,116,154,3741,-335,-371
1,116,154,3745,-361,-345
1,116,155,3713,-435,246
1,116,155,3719,-482,132
1,116,155,3736,-287,-408
1,116,156,3712,-500,0
1,116,156,3716,-500,0
1,116,156,3719,-500,0
1,116,156,3734,-500,0
1,116,156,3734,-287,-408
1,116,156,3735,-500,0
1,116,156,3736,-500,0
1,116,156,3740,-287,-408
1,116,156,3744,-500,0
1,116,156,3744,-287,-408
1,116,157,3715,-457,203
1,116,158,3717,-482,132
1,119,20,3765,0,421
1,119,30,3769,266,325
1,119,117,3828,-104,0
1,119,124,3820,-354,-8
1,119,128,3759,-178,314
1,119,129,3782,-202,121
1,119,130,3819,-209,0
1,119,131,3773,-304,291
1,119,135,3783,-390,161
1,119,135,3820,-290,155
1,119,137,3790,-415,72
1,119,137,3804,-103,-80
1,119,137,3856,-198,-369
1,119,138,3790,-415,72
1,119,138,3823,-418,-51
1,119,139,3805,0,485
1,119,139,3806,0,500
1,119,139,3807,0,500
1,119,139,3808,0,500
1,119,139,3810,-218,-90
1,119,139,3817,0,302
1,119,139,3833,-208,-254
1,119,139,3860,-395,0
1,119,139,3865,0,-366
1,119,140,3808,-109,488
1,119,140,3809,-121,484
1,119,141,3796,-447,0
1,119,141,3800,-447,0
1,119,141,3804,-447,0
1,119,141,3811,-447,0
1,119,142,3796,-447,0
1,119,142,3804,-447,0
1,119,142,3807,-277,416
1,119,142,3814,-267,421
1,119,142,3845,-121,-484
1,119,143,3801,-132,482
1,119,143,3801,-121,484
1,119,143,3805,-167,470
1,119,145,3803,-212,451
1,119,145,3804,-473,0
1,119,145,3804,-203,457
1,119,145,3806,-212,451
1,119,145,3843,-212,-451
1,119,146,3801,-191,462
1,119,147,3804,-277,416
1,119,147,3812,-386,316
1,119,148,3804,-257,429
1,119,148,3863,-482,-132
1,119,150,3802,-287,408
1,119,150,3804,-277,416
1,119,150,3805,-441,236
1,119,150,3805,-287,408
1,119,150,3808,-441,236
1,119,150,3817,-492,85
1,119,151,3805,-441,236
1,119,151,3806,-441,236
1,119,151,3808,-402,296
1,119,151,3844,-441,-236
1,119,152,3807,-394,306
1,119,153,3804,-345,361
1,119,153,3810,-500,0
1,119,154,3809,-500,0
1,119,154,3814,-474,156
1,119,154,3816,-492,85
1,119,155,3808,-500,0
1,119,155,3809,-500,0
1,119,155,3811,-500,0
1,119,155,3816,-496,60
1,119,155,3834,-470,-167
1,119,156,3810,-500,0
1,119,156,3811,-500,0
1,119,156,3811,-488,-109
1,119,156,3811,-478,-144
1,119,156,3811,-381,281
1,119,156,3814,-484,121
1,119,156,3814,-306,394
1,119,156,3815,-490,97
1,119,156,3816,-492,85
1,119,157,3811,-500,0
1,119,158,3811,-500,0
1,119,158,3822,-497,0
1,119,159,3815,-492,85
2,5,90,225,89,-273
2,5,101,118,22,234
2,5,107,207,-29,43
2,5,107,237,0,-261
2,5,118,211,-246,173
2,5,119,218,-217,226
2,5,121,208,40,231
2,5,121,212,-89,233
2,5,122,212,40,272
2,5,124,221,-222,-222
2,5,125,206,170,119
2,5,126,210,159,239
2,5,126,212,24,9
2,5,129,204,167,89
2,5,129,234,-155,-210
2,5,130,207,176,194
2,5,130,212,24,9
2,5,131,212,25,-1
2,5,131,219,-174,-116
2,5,132,204,128,68
2,5,132,204,139,74
2,5,132,204,141,70
2,5,132,210,-83,118
2,5,132,212,24,-10
2,5,132,212,25,2
2,5,132,212,46,62
2,5,132,212,78,0
2,5,133,205,94,142
2,5,133,205,101,153
2,5,133,205,114,126
2,5,133,205,123,136
2,5,133,207,19,196
2,5,133,210,-105,255
2,5,134,205,-386,86
2,5,134,205,105,135
2,5,134,205,123,185
2,5,134,212,-148,449
2,5,134,212,0,0
2,5,134,212,14,21
2,5,134,212,26,0
2,5,134,212,131,196
2,5,135,204,80,120
2,5,135,204,147,88
2,5,135,204,217,123
2,5,135,204,220,117
2,5,135,205,88,132
2,5,135,205,136,-91
2,5,135,209,-233,350
2,5,135,209,-108,282
2,5,135,212,26,0
2,5,136,205,-61,172
2,5,136,205,101,169
2,5,136,208,-28,127
2,5,136,208,60,242
2,5,136,212,26,0
2,5,137,204,-119,102
2,5,137,204,-66,98
2,5,137,204,57,86
2,5,137,205,-80,120
2,5,137,205,-73,109
2,5,137,209,-218,187
2,5,137,212,15,314
2,5,137,212,18,367
2,5,138,204,-65,43
2,5,138,206,17,182
2,5,138,210,5,250
2,5,138,211,-174,325
2,5,138,211,-131,-197
2,5,139,110,0,290
2,5,139,111,0,290
2,5,139,206,-387,-77
2,5,139,207,-396,-141
2,5,139,210,-183,-191
2,5,139,212,96,271
2,5,139,212,208,199
2,5,139,213,-62,-151
2,5,139,213,0,-216
2,5,139,213,0,-190
2,5,139,215,0,0
2,5,139,216,-10,-24
2,5,139,217,19,267
2,5,139,222,0,-26
2,5,139,237,0,-447
2,5,139,244,0,-500
2,5,140,204,-230,51
2,5,140,204,126,-32
2,5,140,217,130,243
2,5,141,250,-121,-484
2,5,144,216,-123,-320
2,5,145,234,-82,-413
2,5,147,234,-112,-407
2,5,148,233,-121,-403
2,5,149,236,-129,-428
2,5,150,232,-161,-390
2,5,150,240,-137,-453
2,5,152,237,-160,-417
2,5,152,239,-170,-442
2,5,153,128,-226,291
2,5,153,139,-130,0
2,5,154,237,-192,-433
2,5,154,242,-181,-438
2,5,155,139,-208,20
2,5,156,232,-500,0
2,5,161,220,-250,-75
2,5,167,231,-500,25
2,5,168,142,-439,87
2,5,168,155,-421,0
2,5,168,227,-345,-361
2,5,168,231,-500,25
2,5,168,233,-500,25
2,5,169,212,-407,-112
2,5,171,187,-421,0
2,5,171,231,-500,-11
2,5,172,138,-432,118
2,5,172,221,-418,-224
2,5,173,155,-447,0
2,5,173,180,-447,0
2,5,173,229,-495,36
2,5,174,240,-345,-361
2,5,175,246,-345,-361
2,5,177,155,-473,0
2,5,178,201,-361,-345
2,5,178,226,-471,10
2,5,178,244,-345,-361
2,5,178,245,-345,-361
2,5,181,164,-457,125
2,5,181,223,-444,0
2,5,181,226,-492,-85
2,5,181,234,-361,-345
2,5,182,220,-444,22
2,5,182,223,-444,22
2,5,182,224,-444,-10
2,5,182,236,-417,-250
2,5,183,127,-392,19
2,5,183,213,-353,-353
2,5,183,222,-444,10
2,5,183,223,-444,10
2,5,183,227,-353,-353
2,5,183,236,-405,-242
2,5,183,236,-353,-353
2,5,183,238,-397,-252
2,5,184,218,-478,-144
2,5,184,226,-492,-85
2,5,185,135,-484,121
2,5,185,203,-359,-344
2,5,185,207,-359,-344
2,5,185,211,-359,-344
2,5,185,214,-359,-344
2,5,185,215,-359,-344
2,5,185,216,-359,-344
2,5,185,216,-351,-351
2,5,185,217,-359,-344
2,5,185,219,-359,-344
2,5,185,220,-440,0
2,5,185,220,-418,0
2,5,185,221,-418,0
2,5,185,222,-418,0
2,5,185,226,-494,-74
2,5,185,237,-353,-353
2,5,186,219,-351,-351
2,5,186,220,-500,0
2,5,186,220,-418,0
2,5,186,222,-418,-21
2,5,186,222,-418,0
2,5,186,223,-418,0
2,5,186,224,-351,-351
2,5,186,225,-496,-60
2,5,186,226,-494,-74
2,5,186,227,-351,-351
2,5,186,229,-351,-351
2,5,186,231,-351,-351
2,5,187,218,-418,0
2,5,187,219,-417,30
2,5,187,220,-418,0
2,5,187,222,-418,0
2,5,187,223,-418,-21
2,5,187,224,-418,0
2,5,187,226,-494,-74
2,5,187,227,-492,-85
2,5,188,132,-500,0
2,5,188,220,-414,0
2,5,188,221,-500,0
2,5,188,221,-418,-10
2,5,188,227,-492,-85
2,5,189,148,-441,236
2,5,189,164,-500,0
2,5,189,211,-340,-325
2,5,189,220,-500,0
2,5,189,220,-414,0
2,5,189,221,-500,0
2,5,189,222,-392,0
2,5,189,227,-494,-74
2,5,189,227,-492,-85
2,5,190,132,-500,0
2,5,190,139,-500,0
2,5,190,226,-494,-74
2,5,190,227,-494,-74
2,5,191,226,-472,-46
2,5,192,138,-366,0
2,5,193,145,-447,224
2,5,193,146,-441,236
2,5,193,152,-500,0
2,5,193,168,-500,0
2,5,195,139,-500,0
2,5,196,164,-500,0
2,5,198,152,-500,0
2,5,198,168,-500,0
2,5,198,185,-500,0
2,5,198,198,-500,0
2,5,199,164,-500,0
2,5,200,188,-500,0
2,5,200,196,-500,0
2,7,124,272,70,33
2,7,131,276,-25,5
2,7,132,269,121,99
2,7,132,272,70,33
2,7,133,268,115,61
2,7,134,274,-41,340
2,7,134,276,0,0
2,7,136,272,-98,237
2,7,136,276,23,-12
2,7,136,276,26,0
2,7,137,268,-135,80
2,7,137,268,-132,198
2,7,137,268,-121,99
2,7,137,269,-73,191
2,7,137,269,-19,195
2,7,137,271,10,209
2,7,137,272,10,209
2,7,137,275,20,282
2,7,137,276,17,342
2,7,137,276,18,369
2,7,137,276,23,-12
2,7,137,276,148,247
2,7,138,268,-81,66
2,7,138,268,-58,86
2,7,138,268,-39,33
2,7,138,268,6,51
2,7,138,270,44,177
2,7,138,272,5,248
2,7,138,275,-121,292
2,7,138,275,7,300
2,7,139,268,0,52
2,7,139,268,0,104
2,7,139,269,49,92
2,7,139,271,49,92
2,7,139,282,-20,-16
2,7,139,283,-269,161
2,7,139,286,0,-78
2,7,141,274,-121,-293
2,7,141,279,235,141
2,7,141,280,202,121
2,7,144,269,-253,63
2,7,145,293,-500,0
2,7,145,298,-92,-411
2,7,147,190,-132,344
2,7,148,296,-141,-396
2,7,149,179,-140,424
2,7,149,283,419,41
2,7,149,300,-140,-425
2,7,150,308,-126,-457
2,7,153,182,-179,380
2,7,155,221,-26,0
2,7,156,222,-130,0
2,7,157,222,-157,0
2,7,157,231,-212,0
2,7,157,299,-220,-390
2,7,158,230,-212,0
2,7,159,272,-212,-235
2,7,161,229,-211,-16
2,7,162,254,-104,0
2,7,164,282,-291,-304
2,7,164,299,-316,-386
2,7,167,226,-418,0
2,7,167,233,-418,0
2,7,167,234,-418,0
2,7,167,266,-418,0
2,7,167,297,-500,0
2,7,167,298,-500,0
2,7,168,297,-500,25
2,7,170,221,-421,0
2,7,171,295,-497,0
2,7,172,196,-404,190
2,7,172,202,-432,118
2,7,173,221,-447,0
2,7,175,268,-345,-361
2,7,176,225,-471,0
2,7,176,226,-471,0
2,7,176,230,-471,0
2,7,176,238,-471,0
2,7,176,246,-471,0
2,7,176,257,-471,0
2,7,176,260,-471,0
2,7,176,262,-471,0
2,7,176,291,-471,0
2,7,176,293,-471,0
2,7,177,221,-473,0
2,7,177,291,-471,0
2,7,177,293,-471,0
2,7,178,219,-470,167
2,7,178,222,-471,-24
2,7,178,223,-471,23
2,7,178,231,-471,23
2,7,178,236,-471,23
2,7,178,239,-471,23
2,7,178,240,-471,23
2,7,178,242,-471,23
2,7,178,243,-471,23
2,7,178,259,-471,23
2,7,178,274,-471,23
2,7,181,223,-444,0
2,7,181,284,-287,-408
2,7,181,285,-353,-353
2,7,181,287,-444,0
2,7,181,289,-444,0
2,7,182,221,-500,0
2,7,182,271,-361,-345
2,7,182,287,-444,-10
2,7,183,286,-444,10
2,7,184,288,-353,-353
2,7,184,289,-353,-353
2,7,185,270,-344,-359
2,7,185,278,-344,-359
2,7,185,279,-344,-359
2,7,185,280,-344,-359
2,7,185,281,-344,-359
2,7,185,282,-344,-359
2,7,185,283,-344,-359
2,7,185,284,-344,-359
2,7,185,287,-351,-351
2,7,185,288,-353,-353
2,7,185,289,-353,-353
2,7,185,289,-345,-361
2,7,185,290,-344,-359
2,7,186,274,-344,-359
2,7,186,279,-351,-351
2,7,186,281,-344,-359
2,7,186,283,-418,0
2,7,186,283,-344,-359
2,7,186,286,-418,0
2,7,186,286,-344,-359
2,7,186,287,-351,-351
2,7,186,287,-344,-359
2,7,186,290,-353,-353
2,7,186,290,-344,-359
2,7,187,216,-482,132
2,7,187,219,-417,30
2,7,187,220,-417,30
2,7,187,221,-417,30
2,7,187,222,-417,30
2,7,187,223,-417,30
2,7,187,224,-417,30
2,7,187,225,-417,30
2,7,187,226,-417,30
2,7,187,227,-417,30
2,7,187,228,-417,30
2,7,187,229,-417,30
2,7,187,230,-417,30
2,7,187,231,-417,30
2,7,187,232,-417,30
2,7,187,233,-417,30
2,7,187,234,-417,30
2,7,187,235,-417,30
2,7,187,236,-417,30
2,7,187,237,-417,30
2,7,187,238,-417,30
2,7,187,239,-417,30
2,7,187,240,-417,30
2,7,187,241,-417,30
2,7,187,242,-417,30
2,7,187,243,-417,30
2,7,187,244,-417,30
2,7,187,245,-417,30
2,7,187,246,-417,30
2,7,187,247,-417,30
2,7,187,248,-417,30
2,7,187,249,-417,30
2,7,187,250,-417,30
2,7,187,251,-417,30
2,7,187,252,-417,30
2,7,187,254,-417,30
2,7,187,255,-417,30
2,7,187,256,-418,0
2,7,187,256,-417,30
2,7,187,257,-417,30
2,7,187,258,-417,30
2,7,187,259,-417,30
2,7,187,260,-417,30
2,7,187,261,-417,30
2,7,187,262,-417,30
2,7,187,263,-417,30
2,7,187,264,-417,30
2,7,187,265,-417,30
2,7,187,272,-418,0
2,7,187,283,-418,0
2,7,187,284,-418,0
2,7,187,288,-418,0
2,7,187,290,-353,-353
2,7,187,292,-345,-361
2,7,188,292,-361,-345
2,7,188,292,-353,-353
2,7,189,220,-500,0
2,7,189,259,-392,0
2,7,189,275,-392,0
2,7,190,210,-466,179
2,7,190,220,-392,0
2,7,190,221,-500,0
2,7,190,222,-392,-9
2,7,190,222,-392,0
2,7,190,223,-392,-9
2,7,190,223,-392,0
2,7,190,260,-392,0
2,7,190,281,-392,0
2,7,190,282,-392,0
2,7,190,283,-392,0
2,7,191,209,-478,144
2,7,191,210,-478,144
2,7,191,220,-500,0
2,7,191,220,-392,0
2,7,191,223,-392,-9
2,7,191,224,-392,-9
2,7,191,225,-392,-9
2,7,191,226,-392,-9
2,7,191,263,-392,19
2,7,191,273,-392,19
2,7,191,280,-392,0
2,7,191,283,-392,0
2,7,193,221,-500,0
2,7,193,259,-366,0
2,7,193,275,-366,0
2,7,194,220,-366,0
2,7,194,222,-500,-11
2,7,194,222,-366,-8
2,7,194,222,-366,0
2,7,194,223,-366,-8
2,7,194,223,-366,0
2,7,194,226,-366,-8
2,7,194,260,-366,0
2,7,195,208,-466,179
2,7,195,218,-366,18
2,7,195,219,-366,18
2,7,195,220,-366,0
2,7,195,220,-366,18
2,7,195,221,-366,0
2,7,195,221,-366,18
2,7,195,222,-366,18
2,7,195,223,-366,-8
2,7,195,223,-366,18
2,7,195,224,-366,-8
2,7,195,224,-366,18
2,7,195,225,-366,-8
2,7,195,225,-366,18
2,7,195,226,-366,18
2,7,195,227,-366,18
2,7,195,228,-366,18
2,7,195,229,-366,18
2,7,195,230,-366,18
2,7,195,231,-366,18
2,7,195,232,-366,18
2,7,195,233,-366,18
2,7,195,234,-366,18
2,7,195,235,-366,18
2,7,195,236,-366,18
2,7,195,237,-366,18
2,7,195,238,-366,18
2,7,195,239,-366,18
2,7,195,240,-366,18
2,7,195,241,-366,18
2,7,195,242,-366,18
2,7,195,243,-366,18
2,7,195,244,-366,18
2,7,195,245,-366,18
2,7,195,246,-366,0
2,7,195,246,-366,18
2,7,195,247,-366,0
2,7,195,247,-366,18
2,7,195,248,-366,18
2,7,195,249,-366,18
2,7,195,250,-366,18
2,7,195,251,-366,18
2,7,195,252,-366,18
2,7,195,253,-366,18
2,7,195,254,-366,18
2,7,195,255,-366,-8
2,7,195,255,-366,18
2,7,195,256,-366,0
2,7,195,256,-366,18
2,7,195,257,-366,18
2,7,195,258,-366,-8
2,7,195,258,-366,18
2,7,195,259,-366,18
2,7,195,260,-366,18
2,7,195,261,-366,18
2,7,195,262,-366,18
2,7,195,263,-366,18
2,7,195,264,-366,18
2,7,195,272,-366,0
2,7,196,208,-478,144
2,7,196,209,-478,144
2,7,196,210,-478,144
2,7,196,220,-500,0
2,7,197,220,-361,0
2,7,197,221,-500,0
2,7,197,221,-340,-8
2,7,197,221,-340,0
2,7,197,222,-500,0
2,7,197,225,-340,0
2,7,197,226,-340,0
2,7,197,227,-340,0
2,7,197,228,-340,0
2,7,197,230,-340,0
2,7,197,233,-340,0
2,7,197,234,-340,0
2,7,197,236,-340,0
2,7,197,237,-340,0
2,7,197,238,-340,0
2,7,197,241,-340,0
2,7,197,246,-340,0
2,7,197,253,-340,0
2,7,197,254,-340,0
2,7,197,256,-340,0
2,7,197,257,-340,0
2,7,197,258,-340,0
2,7,197,259,-340,0
2,7,197,260,-340,0
2,7,197,262,-340,0
2,7,197,264,-340,0
2,7,197,265,-340,0
2,7,197,266,-340,0
2,7,198,211,-478,144
2,7,198,221,-500,0
2,7,198,271,-369,0
2,7,199,220,-500,0
2,7,200,221,-500,0
2,7,200,262,-444,0
2,9,112,332,-129,-129
2,9,120,275,115,-62
2,9,129,267,24,-10
2,9,129,267,25,1
2,9,130,267,96,-40
2,9,131,267,-108,-433
2,9,131,267,21,13
2,9,132,267,26,0
2,9,132,267,130,0
2,9,133,270,-233,-350
2,9,133,270,-43,-446
2,9,134,340,0,0
2,9,135,267,0,0
2,9,135,267,23,12
2,9,135,267,130,0
2,9,135,270,-33,-339
2,9,135,274,-303,-162
2,9,136,275,-155,-141
2,9,136,334,-90,217
2,9,136,340,0,0
2,9,137,269,13,-261
2,9,137,275,-164,-87
2,9,137,275,-130,-7
2,9,137,332,-121,99
2,9,137,333,-70,169
2,9,137,333,-50,121
2,9,137,334,-70,169
2,9,137,336,10,209
2,9,138,272,-36,-206
2,9,138,274,-7,-78
2,9,138,275,-23,-12
2,9,138,332,-119,53
2,9,138,332,-81,66
2,9,138,332,-58,86
2,9,138,332,-49,92
2,9,138,334,-12,130
2,9,138,335,-75,181
2,9,138,340,7,340
2,9,139,275,-133,-7
2,9,139,332,0,52
2,9,139,332,0,157
2,9,139,340,0,302
2,9,139,341,0,-209
2,9,139,344,-15,-21
2,9,139,346,-20,-16
2,9,139,351,0,-52
2,9,140,272,-25,-168
2,9,140,348,160,300
2,9,141,332,-200,-60
2,9,142,316,145,-60
2,9,143,323,-231,123
2,9,143,335,30,-207
2,9,143,354,260,173
2,9,146,323,-238,0
2,9,147,265,24,-248
2,9,147,275,293,-147
2,9,149,312,-183,0
2,9,156,311,-212,0
2,9,156,312,-212,0
2,9,157,321,-157,0
2,9,158,316,-154,-27
2,9,158,321,-157,0
2,9,159,319,-339,-51
2,9,160,314,-165,77
2,9,161,322,-238,0
2,9,165,314,-290,14
2,9,167,285,-418,0
2,9,167,310,-418,0
2,9,167,323,-395,0
2,9,168,311,-418,0
2,9,169,321,-418,0
2,9,170,316,-444,0
2,9,170,316,-418,0
2,9,170,321,-418,-51
2,9,170,321,-314,0
2,9,170,323,-421,0
2,9,171,317,-444,0
2,9,171,321,-416,-62
2,9,173,296,-495,36
2,9,173,310,-495,36
2,9,173,312,-495,36
2,9,173,321,-392,0
2,9,173,323,-447,0
2,9,176,298,-471,0
2,9,176,303,-471,0
2,9,176,305,-471,0
2,9,176,309,-471,0
2,9,176,311,-471,0
2,9,176,312,-447,0
2,9,176,315,-471,0
2,9,176,317,-471,0
2,9,176,319,-471,0
2,9,176,321,-471,0
2,9,176,322,-471,0
2,9,177,321,-366,0
2,9,178,250,-471,10
2,9,178,279,-471,23
2,9,178,285,-471,23
2,9,178,287,-471,23
2,9,178,296,-471,23
2,9,178,301,-471,23
2,9,178,303,-471,23
2,9,178,309,-471,23
2,9,178,311,-471,23
2,9,178,313,-471,23
2,9,178,314,-471,23
2,9,178,316,-471,23
2,9,178,318,-490,97
2,9,178,321,-471,23
2,9,179,316,-444,0
2,9,180,259,-345,361
2,9,180,322,-444,0
2,9,182,245,-416,277
2,9,182,259,-353,353
2,9,182,323,-500,0
2,9,182,324,-498,-37
2,9,182,324,-492,-85
2,9,183,324,-494,-74
2,9,184,243,-392,260
2,9,184,255,-345,361
2,9,185,244,-392,260
2,9,185,256,-351,351
2,9,185,324,-500,-25
2,9,185,324,-496,-60
2,9,186,324,-500,-25
2,9,186,324,-496,-60
2,9,187,251,-345,361
2,9,187,258,-417,30
2,9,187,261,-418,0
2,9,187,275,-417,30
2,9,187,276,-417,30
2,9,187,277,-417,30
2,9,187,278,-417,30
2,9,187,279,-417,30
2,9,187,280,-417,30
2,9,187,281,-417,30
2,9,187,282,-417,30
2,9,187,283,-417,30
2,9,187,284,-417,30
2,9,187,285,-417,30
2,9,187,286,-417,30
2,9,187,287,-417,30
2,9,187,288,-417,30
2,9,187,289,-417,30
2,9,187,290,-417,30
2,9,187,291,-417,30
2,9,187,292,-417,30
2,9,187,293,-417,30
2,9,187,294,-417,30
2,9,187,295,-417,30
2,9,187,296,-417,30
2,9,187,297,-417,30
2,9,187,298,-417,30
2,9,187,299,-417,30
2,9,187,300,-417,30
2,9,187,301,-417,30
2,9,187,302,-417,30
2,9,187,303,-417,30
2,9,187,304,-417,30
2,9,187,305,-417,30
2,9,187,306,-417,30
2,9,187,308,-417,30
2,9,187,309,-417,30
2,9,187,310,-417,30
2,9,187,311,-417,30
2,9,187,312,-417,30
2,9,187,313,-417,30
2,9,187,314,-417,30
2,9,187,315,-417,30
2,9,187,316,-417,30
2,9,187,318,-417,30
2,9,187,319,-417,30
2,9,187,320,-417,30
2,9,187,321,-417,30
2,9,187,323,-500,0
2,9,187,323,-444,0
2,9,187,323,-418,-21
2,9,188,316,-490,97
2,9,189,260,-392,0
2,9,189,323,-500,0
2,9,189,323,-418,0
2,9,190,256,-441,53
2,9,190,283,-392,0
2,9,190,310,-392,0
2,9,190,314,-392,0
2,9,190,320,-392,0
2,9,190,321,-392,8
2,9,190,322,-392,0
2,9,190,323,-471,0
2,9,191,284,-392,0
2,9,191,288,-392,0
2,9,191,306,-392,19
2,9,191,320,-392,0
2,9,191,321,-392,8
2,9,191,321,-392,19
2,9,191,326,-392,0
2,9,192,315,-490,97
2,9,192,316,-366,0
2,9,192,317,-500,0
2,9,192,323,-471,0
2,9,193,323,-500,0
2,9,193,325,-498,-37
2,9,194,283,-366,0
2,9,194,310,-366,0
2,9,194,313,-366,0
2,9,194,314,-366,0
2,9,194,320,-366,0
2,9,194,321,-366,8
2,9,194,321,-366,18
2,9,194,322,-366,0
2,9,195,272,-366,0
2,9,195,273,-366,18
2,9,195,274,-366,18
2,9,195,275,-366,18
2,9,195,276,-366,18
2,9,195,277,-366,18
2,9,195,278,-366,18
2,9,195,279,-366,18
2,9,195,280,-366,18
2,9,195,281,-366,18
2,9,195,282,-366,18
2,9,195,283,-366,18
2,9,195,284,-366,0
2,9,195,284,-366,18
2,9,195,285,-366,18
2,9,195,286,-366,18
2,9,195,287,-366,18
2,9,195,288,-366,0
2,9,195,288,-366,18
2,9,195,289,-366,18
2,9,195,290,-366,18
2,9,195,291,-366,18
2,9,195,292,-366,18
2,9,195,293,-366,18
2,9,195,294,-366,18
2,9,195,295,-366,18
2,9,195,296,-366,18
2,9,195,297,-366,18
2,9,195,298,-366,18
2,9,195,299,-366,18
2,9,195,300,-366,0
2,9,195,300,-366,18
2,9,195,301,-366,18
2,9,195,302,-366,18
2,9,195,303,-366,18
2,9,195,304,-366,18
2,9,195,305,-366,18
2,9,195,307,-366,18
2,9,195,308,-366,18
2,9,195,309,-366,18
2,9,195,310,-366,18
2,9,195,311,-366,18
2,9,195,312,-366,18
2,9,195,313,-366,0
2,9,195,313,-366,18
2,9,195,314,-366,18
2,9,195,315,-366,18
2,9,195,316,-366,18
2,9,195,317,-366,18
2,9,195,318,-366,-8
2,9,195,318,-366,18
2,9,195,319,-366,18
2,9,195,320,-366,0
2,9,195,320,-366,18
2,9,195,321,-498,-48
2,9,195,323,-497,0
2,9,195,323,-366,-8
2,9,195,326,-366,0
2,9,196,316,-473,0
2,9,196,316,-340,0
2,9,196,322,-421,0
2,9,196,322,-340,0
2,9,196,323,-392,0
2,9,197,275,-340,0
2,9,197,279,-340,0
2,9,197,281,-340,0
2,9,197,284,-340,0
2,9,197,285,-340,0
2,9,197,289,-340,0
2,9,197,291,-340,0
2,9,197,294,-340,0
2,9,197,295,-340,0
2,9,197,297,-340,0
2,9,197,298,-340,0
2,9,197,303,-340,0
2,9,197,305,-340,0
2,9,197,309,-340,0
2,9,197,310,-340,0
2,9,197,311,-340,0
2,9,197,313,-340,0
2,9,197,314,-490,97
2,9,197,314,-340,0
2,9,197,315,-492,85
2,9,197,315,-340,0
2,9,197,316,-340,0
2,9,197,317,-500,0
2,9,197,317,-340,0
2,9,197,318,-340,0
2,9,197,319,-340,0
2,9,197,321,-394,-38
2,9,197,321,-340,0
2,9,197,322,-340,0
2,9,197,323,-444,0
2,9,197,323,-366,0
2,9,198,314,-490,97
2,9,198,321,-391,-38
2,9,198,323,-500,0
2,9,198,324,-500,0
2,9,198,326,-500,-25
2,9,199,323,-500,0
2,11,73,448,-353,-353
2,11,114,338,39,-97
2,11,118,339,161,-132
2,11,120,324,-281,-70
2,11,120,326,-386,-86
2,11,122,339,138,-74
2,11,125,339,-96,-124
2,11,125,339,164,-87
2,11,127,331,0,0
2,11,127,332,-234,-318
2,11,127,332,-26,1
2,11,128,331,-227,-323
2,11,128,331,-26,0
2,11,128,331,0,0
2,11,128,331,26,-1
2,11,128,333,-179,-380
2,11,129,319,-170,162
2,11,129,331,20,-102
2,11,129,331,26,0
2,11,129,331,51,-59
2,11,129,331,67,-40
2,11,129,331,225,-355
2,11,129,332,-233,-285
2,11,129,332,-16,-20
2,11,129,332,0,0
2,11,129,339,182,-36
2,11,130,322,-206,160
2,11,130,331,25,2
2,11,130,331,67,112
2,11,130,331,80,-103
2,11,130,331,95,-42
2,11,130,331,97,-37
2,11,130,331,141,66
2,11,130,333,-217,-265
2,11,130,333,-24,-10
2,11,131,331,108,113
2,11,131,332,-381,-281
2,11,131,339,171,-71
2,11,132,331,22,12
2,11,132,331,22,13
2,11,132,331,26,1
2,11,132,331,130,0
2,11,132,331,262,-123
2,11,132,332,-409,-182
2,11,132,333,-107,-325
2,11,132,333,-99,-328
2,11,132,335,-146,-309
2,11,133,331,22,13
2,11,133,331,157,0
2,11,133,332,-58,-337
2,11,134,331,44,-366
2,11,134,331,199,-71
2,11,135,331,130,0
2,11,135,335,204,-167
2,11,135,337,-61,-172
2,11,136,331,130,0
2,11,136,331,138,74
2,11,136,338,-117,-176
2,11,136,339,-233,-46
2,11,138,339,-353,177
2,11,138,339,-25,-7
2,11,139,328,-16,20
2,11,139,332,-22,-13
2,11,139,332,-21,-14
2,11,140,342,103,12
2,11,141,324,-162,-87
2,11,141,339,179,-35
2,11,143,325,-250,-75
2,11,143,326,-114,378
2,11,144,336,171,-121
2,11,145,316,-98,355
2,11,146,316,-107,353
2,11,147,314,-114,378
2,11,147,328,-107,-353
2,11,147,345,367,35
2,11,151,299,-137,453
2,11,152,283,-156,474
2,11,155,373,-201,-400
2,11,157,307,-494,-74
2,11,157,377,-212,-424
2,11,162,309,-498,-37
2,11,166,310,-500,0
2,11,166,311,-500,0
2,11,167,310,-500,0
2,11,167,311,-500,0
2,11,168,312,-500,25
2,11,168,322,-500,25
2,11,169,312,-500,0
2,11,171,312,-497,0
2,11,171,313,-497,0
2,11,172,312,-497,0
2,11,172,314,-497,-11
2,11,175,330,-433,108
2,11,175,331,-437,97
2,11,176,313,-471,-11
2,11,176,314,-471,-11
2,11,176,332,-441,76
2,11,176,332,-439,87
2,11,176,333,-441,76
2,11,177,316,-471,0
2,11,177,317,-500,0
2,11,177,318,-471,0
2,11,177,328,-500,0
2,11,177,328,-494,74
2,11,178,314,-471,10
2,11,178,317,-471,10
2,11,178,319,-471,-11
2,11,179,300,-335,371
2,11,179,316,-444,0
2,11,179,317,-444,0
2,11,179,323,-500,0
2,11,180,328,-500,0
2,11,180,332,-466,81
2,11,181,320,-444,0
2,11,181,321,-444,0
2,11,181,323,-500,0
2,11,181,328,-498,-37
2,11,182,317,-490,97
2,11,182,319,-444,10
2,11,182,320,-444,0
2,11,182,320,-444,10
2,11,182,321,-444,-10
2,11,183,318,-444,10
2,11,183,319,-444,10
2,11,183,333,-335,371
2,11,184,322,-418,0
2,11,184,323,-471,0
2,11,184,323,-418,0
2,11,184,345,-466,179
2,11,185,303,-335,371
2,11,185,311,-359,343
2,11,185,311,-351,351
2,11,185,312,-359,343
2,11,185,312,-351,351
2,11,185,313,-359,343
2,11,185,313,-351,351
2,11,185,314,-359,343
2,11,185,314,-351,351
2,11,185,315,-359,343
2,11,185,315,-351,351
2,11,185,316,-359,343
2,11,185,316,-351,351
2,11,185,317,-359,343
2,11,185,317,-351,351
2,11,185,318,-359,343
2,11,185,318,-351,351
2,11,185,319,-359,343
2,11,185,319,-351,351
2,11,185,320,-359,343
2,11,185,320,-351,351
2,11,185,321,-359,343
2,11,185,321,-351,351
2,11,185,322,-418,0
2,11,185,323,-471,0
2,11,185,323,-359,343
2,11,185,323,-351,351
2,11,185,324,-359,343
2,11,185,324,-351,351
2,11,185,325,-359,343
2,11,185,325,-351,351
2,11,185,326,-359,343
2,11,185,326,-351,351
2,11,185,327,-359,343
2,11,185,327,-351,351
2,11,185,328,-359,343
2,11,185,328,-351,351
2,11,185,330,-359,343
2,11,185,330,-351,351
2,11,185,331,-359,343
2,11,185,331,-351,351
2,11,185,332,-351,351
2,11,185,333,-359,343
2,11,185,333,-351,351
2,11,185,335,-359,343
2,11,185,335,-351,351
2,11,185,337,-359,343
2,11,185,337,-351,351
2,11,185,338,-351,351
2,11,185,339,-359,343
2,11,185,340,-359,343
2,11,185,340,-351,351
2,11,186,303,-344,358
2,11,186,308,-344,358
2,11,186,318,-378,326
2,11,186,319,-470,57
2,11,186,321,-418,21
2,11,186,322,-418,0
2,11,186,323,-500,0
2,11,186,324,-418,0
2,11,186,325,-418,0
2,11,187,316,-490,97
2,11,187,317,-494,74
2,11,187,321,-418,21
2,11,187,323,-444,0
2,11,187,323,-418,0
2,11,187,325,-418,0
2,11,188,316,-340,325
2,11,188,317,-340,325
2,11,188,318,-340,325
2,11,188,320,-340,325
2,11,188,321,-340,325
2,11,188,322,-340,325
2,11,188,323,-500,0
2,11,188,323,-444,0
2,11,188,323,-418,0
2,11,188,323,-340,325
2,11,188,324,-500,0
2,11,188,324,-340,325
2,11,188,325,-340,325
2,11,188,326,-418,0
2,11,188,327,-340,325
2,11,188,328,-340,325
2,11,188,329,-340,325
2,11,188,330,-340,325
2,11,188,332,-340,325
2,11,188,334,-340,325
2,11,188,337,-340,325
2,11,189,316,-488,109
2,11,189,317,-492,85
2,11,189,318,-470,57
2,11,189,321,-392,8
2,11,189,322,-392,0
2,11,189,323,-500,0
2,11,189,323,-447,0
2,11,189,324,-500,0
2,11,190,313,-371,335
2,11,190,314,-371,335
2,11,190,316,-492,85
2,11,190,321,-392,8
2,11,190,323,-500,0
2,11,190,326,-371,335
2,11,190,329,-371,335
2,11,191,316,-494,74
2,11,191,317,-494,74
2,11,194,328,-500,0
2,11,198,384,-500,0
2,11,200,388,-500,0
2,12,77,480,125,-457
2,12,79,456,-418,-224
2,12,81,457,-277,-148
2,12,86,459,-289,0
2,12,86,468,-144,-478
2,12,87,459,-302,0
2,12,88,459,-407,0
2,12,92,459,-500,0
2,12,92,477,-212,-451
2,12,94,363,25,3
2,12,95,363,-26,-3
2,12,95,363,-24,9
2,12,95,365,-25,-6
2,12,95,474,-296,-402
2,12,96,364,0,130
2,12,99,371,128,-25
2,12,99,371,130,-7
2,12,107,346,0,380
2,12,114,357,-46,-310
2,12,115,371,151,-41
2,12,116,371,155,23
2,12,117,370,132,-126
2,12,118,369,107,-180
2,12,129,344,-339,-292
2,12,129,351,-305,-250
2,12,129,358,-168,-357
2,12,131,362,-190,-404
2,12,135,370,101,-152
2,12,139,349,0,209
2,12,139,360,-24,9
2,12,139,361,-26,-2
2,12,139,364,-21,-14
2,12,139,367,-142,-267
2,12,139,367,0,0
2,12,139,368,-273,-182
2,12,139,368,-74,-138
2,12,139,368,0,0
2,12,139,369,-74,-138
2,12,139,370,-160,-300
2,12,139,370,-74,-138
2,12,139,371,-189,-119
2,12,139,371,-74,-138
2,12,139,371,0,-130
2,12,140,320,-109,488
2,12,140,321,-121,484
2,12,142,310,-109,488
2,12,142,312,-144,478
2,12,143,315,-66,439
2,12,143,382,282,188
2,12,144,324,-85,492
2,12,144,330,-121,484
2,12,144,359,-83,332
2,12,144,388,328,219
2,12,144,390,307,204
2,12,144,391,350,233
2,12,145,319,-74,494
2,12,145,323,-132,482
2,12,145,358,-108,433
2,12,145,358,-89,357
2,12,145,383,312,30
2,12,145,385,312,30
2,12,146,309,-74,494
2,12,146,396,338,33
2,12,147,316,-132,482
2,12,148,314,-121,484
2,12,148,347,-108,433
2,12,148,356,-108,433
2,12,148,357,-121,403
2,12,148,365,-108,433
2,12,148,369,-119,431
2,12,149,344,-114,458
2,12,149,353,-140,424
2,12,149,357,-140,424
2,12,149,373,-132,400
2,12,150,340,-121,484
2,12,150,368,-140,424
2,12,151,340,-160,417
2,12,152,314,-132,482
2,12,152,363,239,159
2,12,152,364,-159,445
2,12,154,364,-170,442
2,12,154,380,-227,322
2,12,155,359,-167,470
2,12,155,370,-201,400
2,12,156,367,-306,394
2,12,156,377,-203,304
2,12,156,382,-250,305
2,12,156,383,-96,123
2,12,156,394,-223,182
2,12,157,362,-361,345
2,12,157,381,-116,141
2,12,157,382,-258,299
2,12,158,365,-172,200
2,12,159,372,-167,204
2,12,159,377,-258,332
2,12,159,395,-153,178
2,12,160,335,-335,371
2,12,160,346,0,500
2,12,160,351,0,500
2,12,160,363,-195,215
2,12,160,369,-335,371
2,12,161,341,-335,371
2,12,161,373,-272,386
2,12,161,378,-300,332
2,12,162,361,-212,234
2,12,162,377,-300,332
2,12,162,377,-292,339
2,12,163,375,-309,358
2,12,164,367,-287,408
2,12,164,371,-281,381
2,12,164,374,-318,351
2,12,164,374,-309,358
2,12,165,362,-300,332
2,12,165,363,-309,323
2,12,165,366,-287,408
2,12,165,368,-296,402
2,12,165,369,-290,373
2,12,166,369,-300,366
2,12,166,399,-389,67
2,12,167,362,-361,345
2,12,167,363,-361,345
2,12,167,367,-361,345
2,12,167,377,216,405
2,12,167,389,-395,-9
2,12,168,359,-318,351
2,12,168,361,-345,361
2,12,168,363,-345,361
2,12,168,369,-345,361
2,12,168,399,-224,-418
2,12,169,377,216,405
2,12,169,401,-148,-277
2,12,170,356,-277,416
2,12,170,381,-421,0
2,12,170,389,-421,0
2,12,170,393,-421,0
2,12,171,356,-335,371
2,12,171,361,-345,361
2,12,171,362,-378,326
2,12,171,362,-361,345
2,12,171,363,-345,361
2,12,171,394,-419,-31
2,12,171,404,0,-235
2,12,171,405,0,-444
2,12,171,408,0,-444
2,12,171,416,0,-500
2,12,171,417,0,-459
2,12,171,418,0,-500
2,12,171,418,0,-444
2,12,172,363,-287,408
2,12,173,362,-353,353
2,12,174,356,-353,353
2,12,174,360,-353,353
2,12,174,363,-353,353
2,12,174,364,-353,353
2,12,175,352,-335,371
2,12,175,354,-353,353
2,12,175,355,-353,353
2,12,175,356,-371,335
2,12,175,358,-371,335
2,12,175,358,-353,353
2,12,175,361,-353,353
2,12,175,362,-353,353
2,12,175,363,-345,361
2,12,175,364,-353,353
2,12,175,410,-335,-371
2,12,176,358,-335,371
2,12,176,367,-361,345
2,12,176,368,-361,345
2,12,176,380,-361,345
2,12,176,383,-335,371
2,12,176,392,-361,345
2,12,176,392,-148,449
2,12,177,363,-345,361
2,12,178,350,-353,353
2,12,178,351,-353,353
2,12,178,352,-353,353
2,12,178,353,-361,345
2,12,178,353,-353,353
2,12,178,354,-371,335
2,12,178,354,-353,353
2,12,178,355,-371,335
2,12,178,355,-353,353
2,12,178,356,-500,0
2,12,178,357,-361,345
2,12,178,358,-353,353
2,12,178,359,-335,371
2,12,178,421,-224,-447
2,12,179,352,-287,408
2,12,179,357,-361,345
2,12,179,364,-361,345
2,12,179,384,-500,0
2,12,180,387,-361,345
2,12,180,387,-335,371
2,12,180,395,-361,345
2,12,181,350,-353,353
2,12,181,351,-353,353
2,12,181,351,-287,408
2,12,181,354,-353,353
2,12,181,355,-353,353
2,12,181,355,-345,361
2,12,181,364,-345,361
2,12,181,365,-345,361
2,12,181,368,-345,361
2,12,181,369,-345,361
2,12,181,386,-361,345
2,12,181,386,-335,371
2,12,181,386,-316,386
2,12,181,406,-462,-92
2,12,182,337,-361,345
2,12,182,348,-287,408
2,12,182,349,-378,326
2,12,182,354,-361,345
2,12,182,354,-353,353
2,12,182,364,-345,361
2,12,182,367,-353,353
2,12,182,369,-353,353
2,12,182,375,-361,345
2,12,182,385,-326,378
2,12,182,386,-361,345
2,12,183,330,-335,371
2,12,183,354,-353,353
2,12,183,416,-361,-345
2,12,183,417,-361,-345
2,12,183,417,-335,-371
2,12,183,418,-335,-371
2,12,184,343,-351,351
2,12,184,351,-351,351
2,12,184,352,-351,351
2,12,184,356,-451,212
2,12,184,361,-353,353
2,12,184,361,-345,361
2,12,184,362,-345,361
2,12,184,418,-345,-361
2,12,184,420,-326,-378
2,12,185,342,-359,343
2,12,185,342,-351,351
2,12,185,343,-359,343
2,12,185,343,-351,351
2,12,185,344,-361,345
2,12,185,344,-359,343
2,12,185,344,-351,351
2,12,185,345,-359,343
2,12,185,345,-351,351
2,12,185,346,-359,343
2,12,185,346,-351,351
2,12,185,347,-359,343
2,12,185,347,-351,351
2,12,185,348,-359,343
2,12,185,348,-351,351
2,12,185,349,-359,343
2,12,185,349,-351,351
2,12,185,350,-361,345
2,12,185,350,-359,343
2,12,185,350,-351,351
2,12,185,351,-359,343
2,12,185,351,-351,351
2,12,185,351,-344,358
2,12,185,352,-351,351
2,12,185,352,-344,358
2,12,185,353,-359,343
2,12,185,353,-351,351
2,12,185,354,-359,343
2,12,185,354,-351,351
2,12,185,354,-334,368
2,12,185,355,-359,343
2,12,185,355,-351,351
2,12,185,356,-359,343
2,12,185,356,-351,351
2,12,185,357,-359,343
2,12,185,357,-351,351
2,12,185,362,-345,361
2,12,185,365,-353,353
2,12,185,365,-345,361
2,12,185,400,-488,109
2,12,185,413,-421,-267
2,12,185,416,-371,-335
2,12,186,335,-344,358
2,12,186,342,-359,343
2,12,186,343,-344,358
2,12,186,344,-344,358
2,12,186,345,-344,358
2,12,186,347,-344,358
2,12,186,348,-344,358
2,12,186,349,-345,361
2,12,186,350,-359,343
2,12,186,350,-344,358
2,12,186,351,-361,345
2,12,186,351,-344,358
2,12,186,352,-334,368
2,12,186,355,-353,353
2,12,186,357,-359,343
2,12,186,361,-378,326
2,12,186,364,-402,296
2,12,186,364,-345,361
2,12,186,365,-345,361
2,12,186,403,-345,-361
2,12,187,350,-359,343
2,12,187,357,-369,333
2,12,187,357,-359,343
2,12,187,363,-353,353
2,12,187,414,-421,-267
2,12,188,343,-340,325
2,12,188,344,-340,325
2,12,188,347,-340,325
2,12,188,347,-335,334
2,12,188,347,-333,332
2,12,188,348,-361,345
2,12,188,348,-340,325
2,12,188,351,-340,325
2,12,188,352,-340,325
2,12,188,353,-340,325
2,12,188,354,-340,325
2,12,188,356,-386,316
2,12,188,357,-351,351
2,12,188,362,-394,306
2,12,188,387,-500,0
2,12,188,408,-490,-97
2,12,189,361,-402,296
2,12,189,409,-484,-121
2,12,189,409,-482,-132
2,12,190,341,-371,335
2,12,190,342,-371,335
2,12,190,343,-371,335
2,12,190,344,-371,335
2,12,190,345,-371,335
2,12,190,346,-371,335
2,12,190,353,-371,335
2,12,190,356,-378,326
2,12,190,357,-378,326
2,12,190,361,-402,296
2,12,190,362,-408,287
2,12,190,409,-433,-108
2,12,190,411,-474,-156
2,12,191,388,-500,0
2,12,192,361,-408,287
2,12,193,380,-500,0
2,12,194,399,-496,60
2,12,198,380,-500,0
2,12,198,383,-494,74
2,12,198,384,-500,0
2,12,198,387,-500,0
2,12,198,388,-500,0
2,12,198,397,-490,97
2,12,199,380,-500,0
2,12,199,384,-500,0
2,55,129,1804,161,86
2,55,134,1812,-40,32
2,55,136,1812,0,0
2,55,136,1812,13,21
2,55,137,1808,10,209
2,55,138,1739,0,0
2,55,139,1725,-7,78
2,55,139,1739,0,0
2,55,139,1804,0,52
2,55,139,1804,0,183
2,55,139,1810,0,235
2,55,139,1813,0,-209
2,55,139,1813,0,264
2,55,140,1813,157,94
2,55,145,1804,-228,-69
2,55,145,1824,372,248
2,55,146,1832,338,33
2,55,149,1715,-140,424
2,55,152,1838,411,-170
2,55,154,1707,-192,432
2,55,157,1793,-157,0
2,55,165,1794,-78,0
2,55,166,1756,-418,0
2,55,168,1772,-129,-19
2,55,170,1756,-444,0
2,55,170,1785,-112,144
2,55,180,1731,-345,361
2,55,181,1731,-353,353
2,55,181,1732,-361,345
2,55,182,1731,-353,353
2,55,182,1819,-489,-85
2,55,184,1727,-345,361
2,55,187,1723,-345,361
2,55,187,1752,-417,30
2,55,187,1753,-417,30
2,55,187,1755,-417,30
2,55,187,1756,-418,-21
2,55,187,1756,-418,0
2,55,187,1759,-417,30
2,55,187,1761,-417,30
2,55,187,1762,-417,30
2,55,187,1764,-417,30
2,55,187,1766,-417,30
2,55,187,1774,-417,30
2,55,187,1782,-417,30
2,55,187,1790,-417,30
2,55,187,1791,-418,0
2,55,187,1792,-417,30
2,55,187,1793,-418,21
2,55,187,1793,-417,30
2,55,187,1795,-500,0
2,55,188,1788,-490,97
2,55,189,1794,-500,0
2,55,190,1793,-392,8
2,55,191,1793,-392,8
2,55,191,1795,-287,0
2,55,192,1756,-366,0
2,55,193,1795,-500,0
2,55,193,1795,-366,0
2,55,194,1767,-366,0
2,55,194,1784,-366,0
2,55,194,1792,-366,0
2,55,194,1793,-366,8
2,55,194,1793,-366,18
2,55,195,1745,-366,18
2,55,195,1749,-366,18
2,55,195,1750,-366,18
2,55,195,1751,-366,18
2,55,195,1752,-366,18
2,55,195,1753,-366,18
2,55,195,1754,-366,18
2,55,195,1755,-366,18
2,55,195,1756,-366,-8
2,55,195,1756,-366,0
2,55,195,1757,-366,18
2,55,195,1758,-366,-8
2,55,195,1758,-366,18
2,55,195,1760,-366,18
2,55,195,1761,-366,18
2,55,195,1763,-366,18
2,55,195,1765,-366,18
2,55,195,1770,-366,18
2,55,195,1773,-366,18
2,55,195,1777,-366,18
2,55,195,1779,-366,18
2,55,195,1781,-366,18
2,55,195,1787,-366,18
2,55,195,1789,-366,18
2,55,195,1790,-366,18
2,55,195,1791,-366,0
2,55,195,1791,-366,18
2,55,195,1792,-366,18
2,55,195,1793,-387,19
2,55,195,1793,-366,8
2,55,195,1795,-366,0
2,55,196,1756,-340,0
2,55,196,1780,-340,0
2,55,196,1793,-366,8
2,55,196,1796,-340,0
2,55,197,1786,-490,97
2,55,197,1791,-340,0
2,55,198,1786,-490,97
2,55,198,1795,-500,0
2,55,199,1794,-500,11
2,57,107,1808,-101,82
2,57,137,1811,-305,83
2,57,139,1778,0,447
2,57,139,1787,0,183
2,57,139,1803,0,0
2,57,139,1876,-14,-21
2,57,139,1876,0,0
2,57,140,1810,130,-3
2,57,140,1835,43,28
2,57,142,1871,-13,-182
2,57,153,1791,-128,-165
2,57,157,1779,-494,-74
2,57,160,1772,-345,361
2,57,162,1782,-498,-37
2,57,163,1795,-128,22
2,57,164,1791,-228,252
2,57,169,1784,-500,0
2,57,171,1784,-500,11
2,57,171,1795,-500,25
2,57,172,1787,-497,-11
2,57,178,1795,-340,7
2,57,181,1792,-444,0
2,57,182,1780,-384,270
2,57,183,1857,-500,0
2,57,185,1783,-359,343
2,57,185,1786,-359,343
2,57,185,1787,-359,343
2,57,185,1787,-351,351
2,57,185,1789,-351,351
2,57,185,1790,-351,351
2,57,185,1791,-359,343
2,57,185,1792,-465,69
2,57,185,1794,-359,343
2,57,185,1794,-351,351
2,57,185,1795,-359,343
2,57,185,1795,-351,351
2,57,185,1798,-351,351
2,57,185,1799,-351,351
2,57,185,1802,-359,343
2,57,185,1802,-351,351
2,57,186,1786,-359,343
2,57,186,1792,-454,55
2,57,186,1793,-418,21
2,57,186,1796,-418,0
2,57,187,1793,-417,30
2,57,187,1794,-417,30
2,57,187,1796,-418,0
2,57,188,1784,-340,325
2,57,188,1792,-340,325
2,57,188,1794,-418,21
2,57,188,1796,-392,0
2,57,188,1796,-340,325
2,57,188,1799,-340,325
2,57,189,1788,-488,109
2,57,189,1793,-392,8
2,57,190,1797,-371,335
2,57,190,1812,-500,0
2,58,139,1835,-21,-14
2,58,147,1826,-108,433
2,58,149,1816,-114,458
2,58,150,1812,-121,484
2,58,151,1807,-109,488
2,58,151,1813,-132,482
2,58,152,1802,-277,416
2,58,152,1808,-121,484
2,58,152,1813,-132,482
2,58,153,1803,-277,416
2,58,153,1814,-156,474
2,58,154,1803,-179,466
2,58,155,1798,-441,236
2,58,156,1799,-441,236
2,58,156,1854,-234,317
2,58,157,1823,-11,500
2,58,158,1851,-266,325
2,58,159,1876,-25,-7
2,58,165,1824,-290,373
2,58,167,1829,-309,323
2,58,167,1833,-361,345
2,58,167,1835,-361,345
2,58,171,1812,-257,429
2,58,178,1822,-353,353
2,58,178,1824,-353,353
2,58,179,1824,-287,408
2,58,180,1876,-500,0
2,58,183,1856,-500,0
2,58,185,1815,-351,351
2,58,185,1817,-351,351
2,58,185,1822,-351,351
2,58,185,1823,-351,351
2,58,185,1824,-344,358
2,58,185,1826,-334,368
2,58,185,1829,-359,343
2,58,185,1829,-351,351
2,58,186,1829,-359,343
2,58,188,1826,-340,325
2,58,190,1833,-402,296
2,89,140,2893,-76,-109
2,89,150,2905,-266,-118
2,89,151,2861,-285,-35
2,89,165,2914,-441,-236
2,89,168,2914,-353,-274
2,89,170,2861,-419,-31
2,89,171,2879,0,-500
2,89,171,2882,0,-500
2,89,172,2878,-74,-494
2,89,172,2920,-359,-309
2,89,173,2883,-85,-492
2,89,173,2891,-447,0
2,89,174,2882,-109,-488
2,89,174,2885,-121,-484
2,89,174,2891,-447,0
2,89,175,2849,-203,457
2,89,175,2882,-167,-470
2,89,175,2882,-132,-482
2,89,175,2884,-121,-484
2,89,175,2885,-121,-484
2,89,175,2887,-132,-482
2,89,175,2887,-109,-488
2,89,176,2882,-179,-466
2,89,176,2882,-156,-474
2,89,176,2887,-156,-474
2,89,177,2886,-179,-466
2,89,177,2886,-167,-470
2,89,180,2881,-296,-402
2,89,186,2878,-500,0
2,89,187,2874,-470,-167
2,89,188,2855,-484,121
2,89,188,2877,-500,0
2,89,191,2871,-494,-74
2,91,141,2923,-261,0
2,91,141,2923,-235,0
2,91,142,2932,9,24
2,91,142,2932,180,26
2,91,143,2923,25,-45
2,91,150,2928,-325,107
2,91,153,2924,-366,-18
2,91,162,2928,-363,-63
2,91,165,2923,-157,0
2,91,165,2923,-104,0
2,91,167,2930,-203,-20
2,91,168,2927,-223,-416
2,91,169,2928,-416,-62
2,91,169,2929,-416,-62
2,91,170,2929,-415,-72
2,91,171,2935,0,-302
2,91,171,2943,0,-418
2,91,173,2923,-447,0
2,91,173,2927,-446,-43
2,91,173,2929,-447,0
2,91,173,2943,-121,-484
2,91,173,2943,-97,-490
2,91,174,2937,-191,-462
2,91,174,2943,-121,-484
2,91,174,2943,-97,-490
2,91,175,2942,-203,-457
2,91,175,2948,-121,-484
2,91,175,2949,-121,-484
2,91,177,2947,-212,-451
2,91,179,2916,-386,316
2,91,179,2950,-203,-457
2,91,181,2918,-466,179
2,91,186,2944,-394,-306
2,91,187,2917,-478,144
2,91,188,2915,-500,0
2,91,188,2916,-402,296
2,91,188,2918,-478,144
2,91,188,2919,-500,0
2,91,188,2920,-500,0
2,115,34,3700,50,-15
2,115,53,3664,185,-346
2,115,68,3634,0,447
2,115,80,3629,223,417
2,115,100,3630,0,447
2,115,100,3639,0,444
2,115,106,3650,-177,196
2,115,107,3645,-323,309
2,115,113,3639,-316,316
2,115,114,3647,-266,255
2,115,127,3732,-21,-15
2,115,127,3733,-196,204
2,115,128,3724,-7,78
2,115,129,3638,-316,316
2,115,132,3630,0,290
2,115,132,3725,-101,152
2,115,133,3624,-386,316
2,115,133,3726,-132,126
2,115,133,3726,-57,173
2,115,134,3634,0,447
2,115,134,3732,-15,-50
2,115,134,3732,7,78
2,115,135,3639,0,395
2,115,135,3724,-29,43
2,115,135,3724,-23,12
2,115,135,3731,-33,338
2,115,135,3732,0,0
2,115,135,3732,13,21
2,115,135,3732,22,12
2,115,136,3732,2,52
2,115,136,3732,23,312
2,115,137,3643,-78,-7
2,115,137,3724,-132,198
2,115,137,3724,-121,99
2,115,137,3724,-81,66
2,115,137,3725,-80,207
2,115,137,3725,-73,191
2,115,137,3725,-19,195
2,115,137,3726,-70,169
2,115,137,3726,-13,132
2,115,137,3728,10,209
2,115,137,3731,16,326
2,115,137,3731,20,282
2,115,137,3732,2,52
2,115,137,3732,16,326
2,115,137,3732,17,342
2,115,137,3732,18,369
2,115,137,3732,23,312
2,115,138,3724,-153,72
2,115,138,3724,-145,131
2,115,138,3724,-58,86
2,115,138,3724,-39,33
2,115,138,3724,-7,78
2,115,138,3725,2,104
2,115,138,3728,3,157
2,115,138,3728,5,248
2,115,138,3731,-121,292
2,115,139,3631,0,290
2,115,139,3724,-228,57
2,115,139,3724,-158,-136
2,115,139,3724,-36,37
2,115,139,3724,0,52
2,115,139,3724,0,78
2,115,139,3730,30,85
2,115,139,3731,0,235
2,115,139,3732,0,52
2,115,139,3735,0,0
2,115,139,3737,-15,-21
2,115,139,3738,-10,-24
2,115,139,3738,-1,-26
2,115,139,3739,0,-26
2,115,139,3741,0,-26
2,115,139,3745,0,-52
2,115,140,3733,159,89
2,115,140,3739,148,276
2,115,141,3638,-35,364
2,115,141,3643,23,155
2,115,141,3733,108,72
2,115,143,3640,-67,389
2,115,143,3715,-231,123
2,115,144,3651,-91,303
2,115,145,3727,156,15
2,115,145,3733,273,26
2,115,146,3748,336,32
2,115,147,3642,-114,378
2,115,149,3737,419,41
2,115,149,3739,419,41
2,115,149,3782,-121,-484
2,115,151,3635,-160,417
2,115,151,3637,-151,393
2,115,152,3739,365,-151
2,115,153,3725,231,146
2,115,155,3745,-140,-189
2,115,156,3681,-185,0
2,115,157,3708,-208,20
2,115,158,3675,-217,226
2,115,160,3701,-238,0
2,115,161,3695,-264,0
2,115,163,3754,-498,37
2,115,166,3693,-395,-9
2,115,166,3758,-345,-361
2,115,167,3710,-418,-21
2,115,167,3710,-418,0
2,115,167,3759,-345,-361
2,115,168,3655,-390,161
2,115,168,3753,-500,25
2,115,170,3702,-395,-211
2,115,170,3762,-345,-361
2,115,170,3764,-316,-386
2,115,171,3762,-345,-361
2,115,171,3763,-353,-353
2,115,171,3763,-335,-371
2,115,171,3765,-326,-378
2,115,172,3764,-353,-353
2,115,172,3765,-353,-353
2,115,173,3749,-495,36
2,115,173,3750,-497,11
2,115,173,3764,-361,-345
2,115,173,3764,-353,-353
2,115,173,3765,-353,-353
2,115,174,3765,-353,-353
2,115,175,3643,-500,0
2,115,175,3766,-361,-345
2,115,176,3710,-471,-11
2,115,176,3716,-471,0
2,115,176,3718,-471,0
2,115,176,3719,-471,0
2,115,176,3721,-471,0
2,115,176,3722,-471,0
2,115,176,3760,-353,-353
2,115,177,3709,-500,0
2,115,177,3746,-471,23
2,115,178,3746,-471,23
2,115,178,3766,-361,-345
2,115,179,3764,-361,-345
2,115,180,3709,-444,0
2,115,180,3721,-444,0
2,115,181,3684,-473,0
2,115,181,3765,-345,-361
2,115,182,3736,-361,-345
2,115,183,3709,-500,0
2,115,183,3725,-353,-353
2,115,183,3744,-353,-353
2,115,183,3760,-353,-353
2,115,183,3764,-353,-353
2,115,184,3637,-429,257
2,115,184,3718,-422,-139
2,115,185,3684,-500,0
2,115,185,3738,-344,-359
2,115,185,3739,-344,-359
2,115,185,3742,-344,-359
2,115,185,3743,-344,-359
2,115,185,3745,-344,-359
2,115,185,3746,-344,-359
2,115,186,3652,-369,0
2,115,186,3725,-351,-351
2,115,186,3726,-382,-229
2,115,186,3727,-382,-229
2,115,186,3736,-344,-359
2,115,186,3740,-344,-359
2,115,186,3743,-344,-359
2,115,186,3744,-344,-359
2,115,186,3751,-351,-351
2,115,186,3758,-351,-351
2,115,187,3707,-417,30
2,115,187,3708,-417,30
2,115,187,3709,-418,0
2,115,187,3710,-418,-21
2,115,187,3710,-417,-31
2,115,187,3710,-417,30
2,115,187,3711,-418,-21
2,115,187,3711,-417,30
2,115,187,3712,-417,30
2,115,187,3713,-417,30
2,115,187,3714,-417,30
2,115,187,3715,-417,30
2,115,187,3716,-417,30
2,115,187,3717,-417,30
2,115,187,3718,-417,30
2,115,187,3719,-417,30
2,115,187,3720,-417,30
2,115,187,3721,-417,30
2,115,187,3727,-387,-219
2,115,187,3728,-418,0
2,115,187,3735,-364,-298
2,115,187,3738,-500,0
2,115,189,3703,-478,144
2,115,189,3709,-500,0
2,115,189,3730,-353,-224
2,115,189,3731,-392,0
2,115,190,3684,-500,0
2,115,190,3709,-500,0
2,115,190,3729,-360,-216
2,115,191,3729,-392,19
2,115,191,3729,-364,-206
2,115,191,3734,-392,0
2,115,192,3715,-388,-58
2,115,192,3731,-500,0
2,115,193,3704,-494,74
2,115,193,3708,-500,0
2,115,193,3709,-500,0
2,115,193,3731,-366,0
2,115,194,3687,-498,-37
2,115,194,3689,-500,0
2,115,194,3705,-498,48
2,115,194,3708,-500,0
2,115,194,3710,-366,-8
2,115,194,3722,-348,-114
2,115,195,3705,-498,48
2,115,195,3706,-366,18
2,115,195,3707,-366,18
2,115,195,3708,-366,0
2,115,195,3708,-366,18
2,115,195,3709,-366,0
2,115,195,3709,-366,18
2,115,195,3710,-366,-8
2,115,195,3710,-366,18
2,115,195,3711,-366,-18
2,115,195,3711,-366,-8
2,115,195,3711,-366,18
2,115,195,3711,-365,-27
2,115,195,3712,-366,18
2,115,195,3713,-366,18
2,115,195,3713,-365,-35
2,115,195,3714,-366,18
2,115,195,3715,-366,18
2,115,195,3716,-366,18
2,115,195,3717,-366,18
2,115,195,3718,-366,18
2,115,195,3719,-366,18
2,115,195,3720,-366,18
2,115,195,3725,-366,-8
2,115,195,3728,-366,0
2,115,195,3729,-366,18
2,115,196,3696,-478,144
2,115,196,3697,-478,144
2,115,196,3698,-478,144
2,115,196,3721,-348,-114
2,115,197,3709,-433,0
2,115,197,3709,-340,0
2,115,197,3710,-340,0
2,115,197,3711,-339,-25
2,115,197,3714,-340,0
2,115,197,3716,-340,0
2,115,197,3718,-340,0
2,115,197,3719,-340,0
2,115,197,3720,-340,0
2,115,197,3721,-340,0
2,115,197,3722,-340,0
2,115,198,3700,-478,144
2,115,198,3708,-500,0
2,115,198,3709,-500,0
2,115,198,3718,-492,-85
2,115,199,3709,-500,0
2,115,200,3684,-500,0
2,115,200,3691,-500,0
2,115,200,3692,-500,0
2,115,200,3693,-500,-25
2,115,200,3709,-500,0
2,115,200,3712,-498,-48
2,115,201,3698,-498,-37
2,117,124,3731,128,-25
2,117,133,3723,25,3
2,117,133,3723,49,-17
2,117,133,3731,-179,-35
2,117,134,3723,0,0
2,117,134,3723,25,6
2,117,134,3723,78,0
2,117,135,3730,-303,-162
2,117,136,3731,102,-20
2,117,137,3728,-20,-208
2,117,137,3730,157,-8
2,117,137,3731,101,-82
2,117,138,3728,-36,-206
2,117,138,3729,15,-103
2,117,138,3730,-141,-116
2,117,138,3730,-7,-78
2,117,138,3731,-23,-12
2,117,138,3731,-23,-11
2,117,139,3694,0,447
2,117,139,3701,0,421
2,117,139,3728,0,-185
2,117,139,3731,153,-30
2,117,139,3788,-175,262
2,117,139,3791,0,0
2,117,140,3732,121,-50
2,117,141,3730,141,-116
2,117,144,3782,-48,-498
2,117,145,3773,-81,-466
2,117,145,3784,-74,-494
2,117,145,3784,-60,-496
2,117,145,3785,-60,-496
2,117,146,3777,-54,-362
2,117,146,3778,-54,-362
2,117,146,3780,-58,-335
2,117,146,3785,-60,-496
2,117,146,3796,-85,-492
2,117,147,3782,-54,-309
2,117,147,3790,165,-202
2,117,147,3799,-85,-492
2,117,147,3802,-277,-416
2,117,148,3771,-114,-456
2,117,148,3777,-85,-383
2,117,148,3806,-277,-416
2,117,149,3774,-114,-459
2,117,149,3777,-94,-421
2,117,149,3804,-277,-416
2,117,150,3770,-137,-453
2,117,150,3781,-98,-392
2,117,151,3802,-441,-236
2,117,152,3700,-182,408
2,117,152,3768,-170,-442
2,117,156,3776,-191,-462
2,117,156,3809,-500,0
2,117,156,3811,-500,0
2,117,156,3813,-500,0
2,117,157,3808,-500,0
2,117,161,3780,-238,0
2,117,161,3791,-500,-25
2,117,161,3809,-500,0
2,117,161,3811,-500,0
2,117,163,3736,-1,78
2,117,164,3764,-369,-18
2,117,165,3812,-500,-25
2,117,166,3809,-500,0
2,117,167,3719,-390,161
2,117,167,3735,-418,0
2,117,167,3748,-418,0
2,117,167,3750,-418,0
2,117,168,3808,-500,25
2,117,168,3813,-500,0
2,117,169,3811,-500,0
2,117,170,3811,-500,0
2,117,171,3801,-497,0
2,117,171,3809,-497,0
2,117,172,3808,-497,0
2,117,173,3705,-497,11
2,117,173,3743,-495,36
2,117,176,3740,-471,0
2,117,176,3742,-471,0
2,117,178,3706,-471,10
2,117,178,3740,-471,23
2,117,178,3754,-471,23
2,117,178,3761,-471,23
2,117,178,3762,-471,23
2,117,178,3763,-471,23
2,117,178,3765,-471,23
2,117,178,3766,-471,23
2,117,178,3767,-471,23
2,117,178,3770,-471,23
2,117,178,3771,-471,23
2,117,178,3772,-471,23
2,117,179,3800,-500,0
2,117,179,3804,-444,0
2,117,180,3709,-500,0
2,117,180,3748,-444,0
2,117,187,3731,-417,30
2,117,187,3732,-417,30
2,117,187,3733,-417,30
2,117,187,3734,-417,30
2,117,187,3735,-417,30
2,117,187,3736,-417,30
2,117,187,3737,-417,30
2,117,187,3738,-417,30
2,117,187,3739,-417,30
2,117,187,3740,-418,0
2,117,187,3740,-417,30
2,117,187,3741,-417,30
2,117,187,3742,-417,30
2,117,187,3743,-417,30
2,117,187,3744,-417,30
2,117,187,3745,-417,30
2,117,187,3746,-417,30
2,117,187,3747,-417,30
2,117,187,3748,-417,30
2,117,187,3749,-417,30
2,117,187,3750,-417,30
2,117,187,3751,-417,30
2,117,187,3752,-417,30
2,117,187,3753,-417,30
2,117,187,3754,-417,30
2,117,187,3755,-417,30
2,117,187,3756,-417,30
2,117,187,3757,-417,30
2,117,187,3758,-417,30
2,117,187,3759,-417,30
2,117,187,3760,-417,30
2,117,187,3761,-417,30
2,117,187,3762,-417,30
2,117,187,3763,-417,30
2,117,187,3764,-417,30
2,117,187,3765,-417,30
2,117,187,3766,-417,30
2,117,187,3767,-417,30
2,117,187,3768,-417,30
2,117,187,3769,-417,30
2,117,187,3770,-417,30
2,117,187,3771,-417,30
2,117,187,3772,-417,30
2,117,187,3774,-417,30
2,117,187,3775,-417,30
2,117,187,3776,-417,30
2,117,187,3777,-417,30
2,117,187,3778,-417,30
2,117,187,3779,-417,30
2,117,187,3780,-417,30
2,117,187,3781,-417,30
2,117,187,3782,-417,30
2,117,187,3783,-417,30
2,117,187,3784,-417,30
2,117,187,3785,-417,30
2,117,189,3747,-392,0
2,117,189,3800,-500,0
2,117,190,3767,-392,0
2,117,190,3773,-392,0
2,117,190,3786,-392,0
2,117,190,3787,-392,0
2,117,190,3799,-392,0
2,117,191,3729,-392,19
2,117,191,3745,-391,28
2,117,191,3772,-392,0
2,117,193,3747,-366,0
2,117,194,3767,-366,0
2,117,194,3771,-366,0
2,117,194,3772,-366,0
2,117,194,3773,-366,0
2,117,194,3774,-366,0
2,117,194,3777,-366,0
2,117,194,3779,-366,0
2,117,194,3783,-366,0
2,117,194,3786,-366,0
2,117,194,3787,-366,0
2,117,195,3721,-417,30
2,117,195,3728,-366,0
2,117,195,3729,-366,18
2,117,195,3730,-366,18
2,117,195,3731,-366,18
2,117,195,3732,-366,18
2,117,195,3733,-366,18
2,117,195,3734,-366,18
2,117,195,3735,-366,0
2,117,195,3735,-366,18
2,117,195,3736,-366,18
2,117,195,3737,-366,18
2,117,195,3738,-366,18
2,117,195,3739,-366,18
2,117,195,3740,-366,0
2,117,195,3740,-366,18
2,117,195,3741,-366,18
2,117,195,3742,-366,18
2,117,195,3743,-366,18
2,117,195,3744,-366,0
2,117,195,3744,-366,18
2,117,195,3745,-366,18
2,117,195,3746,-366,18
2,117,195,3747,-366,18
2,117,195,3748,-366,18
2,117,195,3749,-366,18
2,117,195,3750,-366,0
2,117,195,3750,-366,18
2,117,195,3751,-366,0
2,117,195,3751,-366,18
2,117,195,3752,-366,18
2,117,195,3753,-366,18
2,117,195,3754,-366,18
2,117,195,3755,-366,18
2,117,195,3756,-366,18
2,117,195,3757,-366,18
2,117,195,3758,-366,18
2,117,195,3759,-366,18
2,117,195,3760,-366,18
2,117,195,3761,-366,18
2,117,195,3762,-366,18
2,117,195,3763,-366,18
2,117,195,3764,-366,18
2,117,195,3765,-366,18
2,117,195,3766,-366,18
2,117,195,3767,-366,18
2,117,195,3768,-366,0
2,117,195,3768,-366,18
2,117,195,3769,-366,18
2,117,195,3770,-366,18
2,117,195,3771,-366,0
2,117,195,3771,-366,18
2,117,195,3772,-366,0
2,117,195,3772,-366,18
2,117,195,3773,-366,18
2,117,195,3774,-366,0
2,117,195,3774,-366,18
2,117,195,3775,-366,0
2,117,195,3775,-366,18
2,117,195,3776,-366,0
2,117,195,3776,-366,18
2,117,195,3777,-366,18
2,117,195,3778,-366,18
2,117,195,3779,-366,0
2,117,195,3779,-366,18
2,117,195,3780,-366,18
2,117,195,3781,-366,18
2,117,195,3782,-366,18
2,117,195,3783,-366,18
2,117,195,3784,-366,18
2,117,196,3731,-340,0
2,117,196,3746,-366,8
2,117,196,3748,-340,0
2,117,197,3731,-340,0
2,117,197,3732,-340,0
2,117,197,3733,-340,0
2,117,197,3735,-340,0
2,117,197,3738,-340,0
2,117,197,3739,-340,0
2,117,197,3740,-340,0
2,117,197,3741,-340,0
2,117,197,3742,-340,0
2,117,197,3743,-340,0
2,117,197,3745,-340,0
2,117,197,3746,-369,8
2,117,197,3747,-500,0
2,117,197,3750,-340,0
2,117,197,3752,-340,0
2,117,197,3755,-340,0
2,117,197,3757,-340,0
2,117,197,3760,-340,0
2,117,197,3761,-340,0
2,117,197,3764,-340,0
2,117,197,3780,-340,0
2,117,197,3784,-340,0
2,117,198,3727,-369,0
2,117,198,3731,-500,0
2,117,198,3789,-366,0
2,118,28,3766,291,339
2,118,135,3828,23,-12
2,118,136,3821,-70,169
2,118,136,3828,23,312
2,118,137,3821,-70,169
2,118,139,3703,0,500
2,118,139,3707,0,500
2,118,139,3753,-26,-2
2,118,139,3762,-74,-138
2,118,139,3820,0,52
2,118,139,3831,-16,-20
2,118,140,3772,186,348
2,118,140,3774,179,335
2,118,140,3819,-205,40
2,118,140,3819,63,-77
2,118,140,3819,145,-44
2,118,144,3774,350,233
2,118,147,3720,-85,492
2,118,147,3742,-85,492
2,118,147,3743,-85,492
2,118,147,3756,-74,494
2,118,147,3771,-85,492
2,118,148,3709,-121,484
2,118,148,3740,-108,433
2,118,150,3764,-121,484
2,118,151,3747,-441,236
2,118,153,3766,-156,474
2,118,155,3750,-441,236
2,118,156,3797,-200,71
2,118,156,3800,-212,0
2,118,157,3809,-157,0
2,118,157,3810,-157,0
2,118,158,3757,-500,0
2,118,158,3768,-210,270
2,118,158,3800,-238,0
2,118,158,3804,-154,-27
2,118,158,3809,-157,0
2,118,161,3801,-316,0
2,118,165,3782,-310,61
2,118,166,3804,-418,0
2,118,166,3809,-392,0
2,118,167,3717,-335,371
2,118,168,3749,-500,25
2,118,170,3811,-421,0
2,118,172,3805,-418,0
2,118,173,3763,-495,36
2,118,173,3798,-392,0
2,118,173,3803,-495,36
2,118,174,3809,-340,0
2,118,176,3771,-471,0
2,118,176,3784,-471,0
2,118,176,3793,-471,0
2,118,176,3799,-471,0
2,118,176,3807,-471,0
2,118,176,3808,-471,0
2,118,176,3810,-471,0
2,118,177,3809,-366,0
2,118,178,3768,-471,23
2,118,178,3773,-471,23
2,118,178,3775,-471,23
2,118,178,3776,-471,23
2,118,178,3779,-471,23
2,118,178,3789,-471,23
2,118,178,3791,-471,23
2,118,178,3797,-471,23
2,118,178,3802,-471,23
2,118,178,3806,-471,23
2,118,179,3804,-444,0
2,118,180,3747,-345,361
2,118,181,3747,-353,353
2,118,181,3809,-444,22
2,118,182,3811,-498,-37
2,118,182,3812,-498,-37
2,118,183,3762,-444,10
2,118,183,3763,-444,22
2,118,183,3811,-500,0
2,118,183,3812,-494,-74
2,118,184,3743,-345,361
2,118,185,3812,-500,-25
2,118,185,3812,-496,-60
2,118,186,3747,-344,358
2,118,186,3759,-344,358
2,118,186,3760,-334,368
2,118,186,3812,-500,-25
2,118,187,3739,-345,361
2,118,187,3764,-417,30
2,118,187,3765,-418,0
2,118,187,3765,-417,30
2,118,187,3766,-417,30
2,118,187,3767,-417,30
2,118,187,3768,-417,30
2,118,187,3769,-417,30
2,118,187,3770,-417,30
2,118,187,3771,-417,30
2,118,187,3772,-417,30
2,118,187,3773,-417,30
2,118,187,3774,-417,30
2,118,187,3775,-417,30
2,118,187,3776,-417,30
2,118,187,3777,-417,30
2,118,187,3778,-417,30
2,118,187,3779,-417,30
2,118,187,3780,-417,30
2,118,187,3781,-417,30
2,118,187,3782,-417,30
2,118,187,3783,-417,30
2,118,187,3784,-417,30
2,118,187,3785,-417,30
2,118,187,3786,-417,30
2,118,187,3787,-417,30
2,118,187,3788,-417,30
2,118,187,3789,-417,30
2,118,187,3790,-417,30
2,118,187,3791,-417,30
2,118,187,3792,-417,30
2,118,187,3793,-417,30
2,118,187,3794,-417,30
2,118,187,3795,-417,30
2,118,187,3796,-417,30
2,118,187,3797,-417,30
2,118,187,3798,-417,30
2,118,187,3799,-417,30
2,118,187,3800,-417,30
2,118,187,3801,-417,30
2,118,187,3802,-417,30
2,118,187,3803,-417,30
2,118,187,3804,-417,30
2,118,187,3806,-417,30
2,118,187,3807,-417,30
2,118,187,3808,-417,30
2,118,187,3809,-417,30
2,118,187,3811,-418,-21
2,118,188,3804,-490,97
2,118,189,3809,-392,0
2,118,190,3801,-392,0
2,118,190,3808,-392,0
2,118,190,3809,-392,8
2,118,190,3813,-392,0
2,118,191,3766,-392,19
2,118,191,3785,-392,19
2,118,191,3787,-392,19
2,118,191,3789,-392,19
2,118,191,3808,-392,0
2,118,191,3809,-392,8
2,118,191,3809,-392,19
2,118,191,3810,-392,0
2,118,192,3803,-490,97
2,118,193,3809,-366,0
2,118,194,3779,-366,0
2,118,194,3798,-366,0
2,118,194,3801,-366,0
2,118,194,3802,-366,0
2,118,194,3804,-366,0
2,118,194,3808,-366,0
2,118,194,3809,-366,8
2,118,194,3809,-366,18
2,118,194,3811,-444,0
2,118,194,3813,-366,0
2,118,194,3815,-417,-31
2,118,195,3761,-366,18
2,118,195,3762,-366,18
2,118,195,3763,-366,0
2,118,195,3763,-366,18
2,118,195,3764,-366,0
2,118,195,3764,-366,18
2,118,195,3765,-366,0
2,118,195,3765,-366,18
2,118,195,3766,-366,18
2,118,195,3767,-366,18
2,118,195,3768,-366,18
2,118,195,3769,-366,18
2,118,195,3770,-366,18
2,118,195,3771,-366,18
2,118,195,3772,-366,18
2,118,195,3773,-366,18
2,118,195,3774,-366,0
2,118,195,3774,-366,18
2,118,195,3775,-366,18
2,118,195,3776,-366,18
2,118,195,3777,-366,18
2,118,195,3778,-366,18
2,118,195,3779,-366,18
2,118,195,3780,-366,18
2,118,195,3781,-366,18
2,118,195,3782,-366,18
2,118,195,3783,-366,0
2,118,195,3783,-366,18
2,118,195,3784,-366,18
2,118,195,3785,-366,18
2,118,195,3786,-366,18
2,118,195,3787,-366,18
2,118,195,3788,-366,18
2,118,195,3789,-366,18
2,118,195,3790,-366,18
2,118,195,3791,-366,18
2,118,195,3792,-366,18
2,118,195,3793,-366,18
2,118,195,3794,-366,18
2,118,195,3795,-366,18
2,118,195,3796,-366,18
2,118,195,3797,-366,18
2,118,195,3798,-366,18
2,118,195,3799,-366,0
2,118,195,3799,-366,18
2,118,195,3800,-366,18
2,118,195,3801,-366,18
2,118,195,3802,-366,18
2,118,195,3803,-366,18
2,118,195,3804,-366,18
2,118,195,3805,-366,18
2,118,195,3806,-366,-18
2,118,195,3806,-366,18
2,118,195,3807,-366,18
2,118,195,3808,-366,18
2,118,195,3810,-366,0
2,118,195,3811,-366,-8
2,118,195,3814,-391,-29
2,118,196,3804,-340,0
2,118,196,3814,-391,-29
2,118,197,3763,-340,0
2,118,197,3771,-340,0
2,118,197,3784,-340,0
2,118,197,3788,-340,0
2,118,197,3790,-340,0
2,118,197,3791,-340,0
2,118,197,3793,-340,0
2,118,197,3795,-340,0
2,118,197,3796,-340,0
2,118,197,3798,-340,0
2,118,197,3799,-340,0
2,118,197,3801,-340,0
2,118,197,3802,-490,97
2,118,197,3803,-492,85
2,118,197,3803,-340,0
2,118,197,3804,-340,0
2,118,197,3805,-500,0
2,118,197,3805,-340,0
2,118,197,3806,-340,0
2,118,197,3807,-340,0
2,118,197,3808,-340,0
2,118,197,3810,-340,0
2,118,197,3814,-366,-18
2,118,198,3802,-490,97
2,118,198,3814,-366,-18
2,120,127,3820,-234,-318
2,120,128,3819,-23,11
2,120,128,3819,0,0
2,120,128,3819,26,-1
2,120,128,3819,217,-362
2,120,129,3819,0,0
2,120,129,3819,77,-99
2,120,129,3820,-16,-20
2,120,129,3820,0,0
2,120,130,3819,95,-42
2,120,130,3819,134,-81
2,120,131,3825,-141,-223
2,120,132,3819,22,12
2,120,132,3819,130,0
2,120,132,3821,-107,-325
2,120,132,3827,128,-25
2,120,133,3819,22,13
2,120,133,3820,-58,-337
2,120,133,3826,-113,-108
2,120,133,3827,115,-62
2,120,134,3811,339,-203
2,120,134,3821,-8,-342
2,120,134,3825,-57,-174
2,120,136,3819,130,0
2,120,137,3825,0,-130
2,120,138,3827,-117,-63
2,120,139,3769,0,500
2,120,139,3787,0,500
2,120,139,3799,0,380
2,120,139,3819,73,-34
2,120,141,3776,-60,496
2,120,145,3804,-98,355
2,120,145,3810,-106,298
2,120,147,3798,-112,406
2,120,148,3795,-129,428
2,120,149,3799,-141,396
2,120,151,3771,-144,478
2,120,151,3787,-137,453
2,120,154,3788,-181,438
2,120,155,3834,-82,105
2,120,155,3856,-142,157
2,120,156,3853,-183,191
2,120,157,3795,-494,-74
2,120,159,3789,-335,371
2,120,159,3800,-500,0
2,120,162,3797,-498,-37
2,120,166,3799,-500,0
2,120,167,3798,-500,0
2,120,167,3799,-500,-25
2,120,167,3800,-500,-25
2,120,168,3799,-500,25
2,120,169,3800,-500,0
2,120,169,3815,-393,151
2,120,170,3814,-409,181
2,120,171,3800,-500,11
2,120,171,3801,-497,0
2,120,171,3802,-497,0
2,120,172,3800,-497,0
2,120,173,3821,-439,87
2,120,175,3818,-433,108
2,120,176,3785,-335,371
2,120,176,3805,-471,0
2,120,176,3820,-439,87
2,120,177,3805,-500,0
2,120,177,3816,-494,74
2,120,178,3804,-471,10
2,120,178,3805,-471,10
2,120,179,3804,-444,0
2,120,180,3816,-500,0
2,120,180,3817,-459,114
2,120,181,3808,-444,0
2,120,181,3809,-444,0
2,120,181,3816,-498,-37
2,120,181,3816,-498,37
2,120,181,3820,-466,81
2,120,182,3805,-490,97
2,120,182,3809,-353,353
2,120,182,3810,-500,0
2,120,182,3810,-444,0
2,120,183,3787,-335,371
2,120,183,3790,-335,371
2,120,183,3806,-444,10
2,120,183,3811,-497,0
2,120,184,3810,-418,0
2,120,184,3814,-469,-35
2,120,185,3799,-359,343
2,120,185,3799,-351,351
2,120,185,3801,-359,343
2,120,185,3801,-351,351
2,120,185,3802,-359,343
2,120,185,3802,-351,351
2,120,185,3803,-359,343
2,120,185,3803,-351,351
2,120,185,3804,-359,343
2,120,185,3804,-351,351
2,120,185,3805,-359,343
2,120,185,3805,-351,351
2,120,185,3806,-359,343
2,120,185,3806,-351,351
2,120,185,3807,-359,343
2,120,185,3807,-351,351
2,120,185,3808,-359,343
2,120,185,3808,-351,351
2,120,185,3809,-418,0
2,120,185,3809,-359,343
2,120,185,3809,-351,351
2,120,185,3810,-418,0
2,120,185,3810,-351,351
2,120,185,3811,-359,343
2,120,185,3811,-351,351
2,120,185,3813,-359,343
2,120,185,3813,-351,351
2,120,185,3814,-469,-35
2,120,185,3814,-359,343
2,120,185,3814,-351,351
2,120,185,3815,-359,343
2,120,185,3815,-351,351
2,120,185,3816,-359,343
2,120,185,3816,-351,351
2,120,185,3818,-359,343
2,120,185,3818,-351,351
2,120,185,3819,-359,343
2,120,185,3819,-351,351
2,120,185,3820,-359,343
2,120,185,3820,-351,351
2,120,185,3821,-359,343
2,120,185,3821,-351,351
2,120,185,3822,-351,351
2,120,185,3823,-359,343
2,120,185,3823,-351,351
2,120,185,3824,-351,351
2,120,185,3826,-351,351
2,120,186,3791,-344,358
2,120,186,3802,-344,358
2,120,186,3804,-344,358
2,120,186,3809,-418,21
2,120,186,3811,-444,0
2,120,186,3813,-418,0
2,120,186,3814,-344,358
2,120,186,3821,-359,343
2,120,187,3804,-490,97
2,120,187,3808,-446,43
2,120,187,3809,-418,21
2,120,187,3813,-418,0
2,120,187,3814,-418,0
2,120,188,3804,-340,325
2,120,188,3805,-492,85
2,120,188,3805,-340,325
2,120,188,3806,-340,325
2,120,188,3807,-340,325
2,120,188,3808,-340,325
2,120,188,3810,-340,325
2,120,188,3811,-500,0
2,120,188,3811,-340,325
2,120,188,3812,-340,325
2,120,188,3813,-340,325
2,120,188,3814,-443,-33
2,120,188,3814,-418,0
2,120,188,3815,-340,325
2,120,188,3816,-340,325
2,120,188,3817,-340,325
2,120,188,3818,-340,325
2,120,188,3819,-340,325
2,120,188,3821,-340,325
2,120,188,3823,-340,325
2,120,189,3804,-488,109
2,120,189,3805,-492,85
2,120,189,3806,-470,57
2,120,189,3807,-444,53
2,120,189,3809,-392,8
2,120,189,3810,-392,0
2,120,189,3811,-418,0
2,120,189,3814,-418,-10
2,120,190,3804,-492,85
2,120,190,3810,-371,335
2,120,190,3814,-418,-10
2,120,191,3804,-494,74
2,120,191,3805,-494,74
2,121,20,3851,0,500
2,121,26,3864,224,447
2,121,107,3834,0,380
2,121,110,3843,-110,149
2,121,131,3850,-190,-404
2,121,139,3798,0,500
2,121,139,3802,0,500
2,121,139,3807,0,500
2,121,139,3810,-85,492
2,121,139,3843,-13,22
2,121,139,3846,-24,9
2,121,139,3849,-26,-1
2,121,139,3854,0,0
2,121,139,3856,0,0
2,121,139,3857,-74,-138
2,121,139,3859,-74,-138
2,121,139,3859,-43,-29
2,121,140,3808,-109,488
2,121,144,3875,350,233
2,121,144,3878,307,204
2,121,145,3801,-167,470
2,121,145,3811,-132,482
2,121,145,3841,-60,496
2,121,145,3892,20,15
2,121,148,3802,-121,484
2,121,148,3836,-108,433
2,121,148,3850,-262,394
2,121,148,3854,-108,433
2,121,149,3804,-121,484
2,121,150,3803,-132,482
2,121,151,3840,-326,378
2,121,153,3802,-121,484
2,121,154,3830,-316,386
2,121,156,3866,-242,343
2,121,156,3870,-234,317
2,121,156,3871,-132,126
2,121,156,3871,-96,123
2,121,157,3858,-248,372
2,121,157,3859,-255,266
2,121,157,3866,-242,343
2,121,157,3870,-258,299
2,121,158,3853,-172,200
2,121,158,3867,-266,325
2,121,158,3877,-219,228
2,121,159,3864,-266,360
2,121,159,3865,-258,332
2,121,159,3865,-250,339
2,121,159,3868,-158,174
2,121,160,3839,0,500
2,121,160,3851,-195,215
2,121,160,3854,-279,279
2,121,160,3855,-194,249
2,121,160,3866,-266,325
2,121,161,3861,-272,386
2,121,161,3861,-266,360
2,121,161,3865,-292,339
2,121,161,3866,-300,332
2,121,162,3849,-212,234
2,121,162,3862,-274,353
2,121,163,3849,-326,378
2,121,163,3851,-326,378
2,121,163,3855,-345,361
2,121,163,3856,-345,361
2,121,163,3857,-345,361
2,121,163,3860,-306,394
2,121,163,3860,-291,304
2,121,163,3863,-309,358
2,121,163,3863,-292,339
2,121,164,3853,-277,416
2,121,164,3862,-318,351
2,121,164,3883,-392,-48
2,121,165,3851,-309,323
2,121,165,3854,-287,408
2,121,167,3850,-361,345
2,121,167,3863,-316,316
2,121,167,3881,-395,-9
2,121,168,3847,-318,351
2,121,168,3849,-345,361
2,121,168,3856,-361,345
2,121,168,3856,-345,361
2,121,168,3857,-345,361
2,121,168,3859,-345,361
2,121,169,3856,-335,371
2,121,170,3881,-421,0
2,121,170,3886,-416,62
2,121,171,3844,-335,371
2,121,171,3849,-345,361
2,121,171,3850,-378,326
2,121,171,3850,-345,361
2,121,171,3855,-345,361
2,121,171,3881,-457,125
2,121,171,3882,-419,-31
2,121,172,3851,-287,408
2,121,172,3892,-500,0
2,121,173,3885,-439,87
2,121,174,3842,-353,353
2,121,174,3845,-353,353
2,121,174,3851,-353,353
2,121,175,3840,-335,371
2,121,175,3842,-353,353
2,121,175,3843,-353,353
2,121,175,3844,-371,335
2,121,175,3846,-371,335
2,121,175,3846,-353,353
2,121,175,3849,-353,353
2,121,175,3852,-353,353
2,121,176,3855,-361,345
2,121,176,3880,-148,449
2,121,178,3836,-335,371
2,121,178,3838,-353,353
2,121,178,3839,-353,353
2,121,178,3840,-371,335
2,121,178,3840,-353,353
2,121,178,3841,-361,345
2,121,178,3841,-353,353
2,121,178,3842,-371,335
2,121,178,3842,-353,353
2,121,178,3843,-371,335
2,121,178,3844,-353,353
2,121,178,3846,-353,353
2,121,178,3847,-335,371
2,121,178,3867,-345,361
2,121,179,3840,-287,408
2,121,179,3846,-335,371
2,121,180,3843,-361,345
2,121,180,3875,-361,345
2,121,180,3875,-335,371
2,121,180,3883,-361,345
2,121,181,3837,-353,353
2,121,181,3838,-353,353
2,121,181,3839,-353,353
2,121,181,3839,-287,408
2,121,181,3841,-353,353
2,121,181,3842,-353,353
2,121,181,3843,-353,353
2,121,181,3843,-345,361
2,121,181,3853,-345,361
2,121,181,3861,-345,361
2,121,181,3874,-335,371
2,121,181,3875,-361,345
2,121,181,3876,-473,0
2,121,182,3836,-287,408
2,121,182,3837,-378,326
2,121,182,3856,-353,353
2,121,182,3863,-335,371
2,121,182,3869,-361,345
2,121,182,3872,-326,378
2,121,182,3873,-326,378
2,121,182,3874,-361,345
2,121,184,3839,-351,351
2,121,184,3849,-353,353
2,121,184,3859,-353,353
2,121,185,3830,-359,343
2,121,185,3830,-351,351
2,121,185,3831,-359,343
2,121,185,3831,-351,351
2,121,185,3832,-359,343
2,121,185,3832,-351,351
2,121,185,3833,-359,343
2,121,185,3833,-351,351
2,121,185,3834,-359,343
2,121,185,3834,-351,351
2,121,185,3835,-359,343
2,121,185,3835,-351,351
2,121,185,3836,-359,343
2,121,185,3836,-351,351
2,121,185,3837,-359,343
2,121,185,3837,-351,351
2,121,185,3838,-359,343
2,121,185,3838,-351,351
2,121,185,3838,-335,371
2,121,185,3839,-359,343
2,121,185,3839,-351,351
2,121,185,3840,-359,343
2,121,185,3840,-351,351
2,121,185,3840,-344,358
2,121,185,3841,-359,343
2,121,185,3841,-351,351
2,121,185,3842,-359,343
2,121,185,3842,-351,351
2,121,185,3842,-334,368
2,121,185,3843,-359,343
2,121,185,3843,-351,351
2,121,185,3844,-359,343
2,121,185,3844,-351,351
2,121,185,3845,-359,343
2,121,185,3845,-351,351
2,121,185,3853,-353,353
2,121,186,3830,-359,343
2,121,186,3831,-344,358
2,121,186,3834,-344,358
2,121,186,3836,-344,358
2,121,186,3837,-344,358
2,121,186,3838,-359,343
2,121,186,3838,-344,358
2,121,186,3839,-344,358
2,121,186,3843,-351,351
2,121,186,3845,-359,343
2,121,186,3848,-361,345
2,121,187,3829,-361,345
2,121,187,3838,-359,343
2,121,187,3845,-369,333
2,121,187,3845,-359,343
2,121,187,3850,-394,306
2,121,188,3831,-340,325
2,121,188,3832,-340,325
2,121,188,3834,-340,325
2,121,188,3835,-340,325
2,121,188,3835,-333,332
2,121,188,3836,-340,325
2,121,188,3838,-340,325
2,121,188,3839,-340,325
2,121,188,3840,-340,325
2,121,188,3841,-340,325
2,121,188,3842,-340,325
2,121,188,3844,-386,316
2,121,188,3850,-394,306
2,121,188,3852,-408,287
2,121,189,3848,-394,306
2,121,189,3851,-408,287
2,121,190,3829,-371,335
2,121,190,3830,-371,335
2,121,190,3832,-371,335
2,121,190,3833,-371,335
2,121,190,3834,-371,335
2,121,190,3835,-371,335
2,121,190,3836,-371,335
2,121,190,3843,-378,326
2,121,190,3844,-378,326
2,121,190,3845,-378,326
2,121,190,3847,-402,296
2,121,190,3848,-402,296
2,121,190,3848,-394,306
2,121,190,3849,-402,296
2,121,190,3850,-408,287
2,121,190,3891,-500,11
2,121,190,3892,-500,0
2,121,190,3899,-474,-156
2,121,191,3847,-394,306
2,121,192,3849,-408,287
2,121,198,3872,-500,0
2,121,199,3868,-500,0
3,13,100,501,0,-473
3,13,124,483,0,-369
3,13,136,359,94,380
3,13,139,344,0,500
3,13,139,365,0,380
3,13,139,366,0,447
3,13,139,370,0,447
3,13,139,375,0,407
3,13,139,380,0,369
3,13,139,389,-5,25
3,13,139,391,-9,24
3,13,139,393,-24,9
3,13,139,394,-24,10
3,13,139,394,-23,12
3,13,139,395,0,223
3,13,139,396,0,26
3,13,140,373,-31,419
3,13,140,373,-21,421
3,13,140,392,-16,20
3,13,140,394,-23,237
3,13,140,396,124,233
3,13,140,397,-25,207
3,13,140,398,-266,-118
3,13,141,369,-33,445
3,13,141,370,-33,445
3,13,141,383,-41,181
3,13,141,396,-262,-19
3,13,142,382,-57,230
3,13,142,395,-262,-19
3,13,142,397,-466,-81
3,13,143,385,-84,278
3,13,144,381,-83,332
3,13,144,393,-154,306
3,13,145,393,-190,317
3,13,147,392,-225,355
3,13,148,371,-119,431
3,13,148,399,-31,-207
3,13,148,480,-319,-275
3,13,149,365,-361,345
3,13,151,401,31,-180
3,13,152,501,0,-473
3,13,154,364,-181,438
3,13,156,491,0,-421
3,13,156,496,0,-447
3,13,156,501,0,-473
3,13,157,392,-159,-446
3,13,158,360,-345,361
3,13,158,394,-103,-269
3,13,159,485,71,-32
3,13,160,399,22,-234
3,13,160,401,-319,-275
3,13,161,392,-67,-336
3,13,161,401,-299,-258
3,13,162,393,-118,-266
3,13,163,399,93,-187
3,13,163,403,92,-49
3,13,164,359,-335,371
3,13,164,402,88,-133
3,13,164,491,0,-421
3,13,165,387,-153,178
3,13,165,391,-106,-323
3,13,165,397,-6,-261
3,13,166,361,-335,371
3,13,166,362,-335,371
3,13,167,358,-316,386
3,13,167,362,-345,361
3,13,167,363,-345,361
3,13,167,364,-345,361
3,13,167,368,-345,361
3,13,167,399,22,-234
3,13,167,402,117,-176
3,13,167,403,-170,-75
3,13,168,360,-353,353
3,13,168,362,-345,361
3,13,168,365,-353,353
3,13,168,384,-377,239
3,13,168,397,-260,-223
3,13,168,402,-253,63
3,13,168,403,138,-74
3,13,169,362,-335,371
3,13,169,366,-345,361
3,13,170,386,-361,345
3,13,170,497,8,-369
3,13,170,499,7,-316
3,13,170,500,7,-342
3,13,171,361,-361,345
3,13,171,362,-361,345
3,13,171,364,-361,345
3,13,171,366,-345,361
3,13,171,386,-361,345
3,13,171,403,-131,-26
3,13,172,363,-353,353
3,13,172,385,-255,266
3,13,172,387,-148,449
3,13,172,458,184,-99
3,13,173,360,-353,353
3,13,173,360,-335,371
3,13,173,360,-277,416
3,13,173,361,-335,371
3,13,173,362,-335,371
3,13,173,379,-345,361
3,13,173,500,-16,-314
3,13,174,366,-371,335
3,13,174,372,-345,361
3,13,174,375,-345,361
3,13,174,376,-345,361
3,13,174,379,-345,361
3,13,175,359,-287,408
3,13,175,360,-335,371
3,13,175,361,-353,353
3,13,175,363,-345,361
3,13,175,372,-345,361
3,13,175,375,-345,361
3,13,175,376,-345,361
3,13,175,379,-345,361
3,13,176,359,-335,371
3,13,176,360,-296,402
3,13,176,361,-353,353
3,13,176,362,-353,353
3,13,176,363,-335,371
3,13,176,368,-353,353
3,13,176,372,-345,361
3,13,176,375,-345,361
3,13,176,493,-47,-313
3,13,177,360,-353,353
3,13,177,361,-353,353
3,13,177,364,-345,361
3,13,177,368,-353,353
3,13,177,369,-353,353
3,13,177,369,-345,361
3,13,177,372,-345,361
3,13,177,490,-41,-205
3,13,178,361,-335,371
3,13,178,362,-335,371
3,13,178,363,-345,361
3,13,178,363,-335,371
3,13,178,364,-345,361
3,13,178,365,-353,353
3,13,178,367,-353,353
3,13,178,368,-353,353
3,13,178,368,-345,361
3,13,178,371,-345,361
3,13,178,372,-345,361
3,13,178,379,-345,361
3,13,179,364,-345,361
3,13,179,365,-361,345
3,13,179,365,-353,353
3,13,179,368,-345,361
3,13,179,371,-345,361
3,13,179,371,-335,371
3,13,179,372,-345,361
3,13,179,378,-361,345
3,13,179,378,-345,361
3,13,179,379,-345,361
3,13,179,388,-151,144
3,13,179,388,-116,141
3,13,179,389,-132,161
3,13,180,364,-361,345
3,13,180,365,-361,345
3,13,180,365,-353,353
3,13,180,371,-353,353
3,13,180,387,-136,158
3,13,180,388,-151,144
3,13,180,388,-136,158
3,13,185,382,-227,216
3,13,185,382,-217,226
3,13,185,382,-205,237
3,13,187,480,-312,-283
3,13,187,481,-304,-291
3,13,188,480,-326,-266
3,13,191,484,-332,-300
3,13,192,386,-299,257
3,13,193,455,-342,7
3,13,193,484,-339,-292
3,13,194,380,-298,297
3,13,195,386,-339,250
3,13,195,424,-342,0
3,13,196,378,-304,291
3,13,196,382,-326,266
3,13,196,383,-326,266
3,13,196,395,-317,273
3,13,196,456,-369,8
3,13,196,460,-395,-9
3,13,197,395,-378,114
3,13,197,469,-372,-132
3,13,197,478,-418,-224
3,13,197,488,-359,-309
3,13,197,489,-371,-335
3,13,198,390,-377,189
3,13,198,486,-323,-309
3,13,199,388,-446,158
3,13,199,415,-395,-9
3,13,199,457,-395,0
3,13,199,488,-323,-309
3,13,199,488,-316,-316
3,13,200,394,-403,121
3,13,200,452,-407,0
3,13,201,395,-403,121
3,13,201,396,-408,101
3,13,201,474,-478,-144
3,13,202,384,-377,239
3,13,202,443,-421,21
3,13,202,452,-421,0
3,13,202,457,-421,0
3,13,203,393,-428,129
3,13,203,416,-421,0
3,13,203,440,-183,0
3,13,203,456,-421,0
3,13,204,361,-353,353
3,13,204,380,-500,0
3,13,204,466,-439,-87
3,13,205,362,-378,326
3,13,205,388,-500,0
3,13,205,390,-421,150
3,13,205,396,-439,87
3,13,205,398,-442,66
3,13,205,452,-447,0
3,13,205,455,-447,0
3,13,206,389,-438,181
3,13,206,457,-314,0
3,13,207,358,-340,325
3,13,207,395,-437,97
3,13,208,384,-500,0
3,13,208,474,-478,-144
3,13,208,484,-361,-345
3,13,209,364,-345,361
3,13,209,365,-345,361
3,13,209,366,-361,345
3,13,209,366,-353,353
3,13,209,366,-345,361
3,13,209,397,-336,50
3,13,209,412,-473,0
3,13,209,416,-473,0
3,13,209,417,-473,-24
3,13,209,420,-473,0
3,13,209,421,-473,0
3,13,209,424,-473,0
3,13,209,448,-473,0
3,13,209,460,-473,-11
3,13,209,462,-473,-24
3,13,210,363,-345,361
3,13,210,366,-361,345
3,13,210,366,-353,353
3,13,210,373,-353,353
3,13,210,474,-442,-170
3,13,211,366,-361,345
3,13,211,380,-500,0
3,13,211,380,-345,361
3,13,211,389,-386,316
3,13,212,365,-361,345
3,13,212,378,-326,378
3,13,213,394,-464,92
3,13,213,420,-473,0
3,13,213,424,-473,0
3,13,213,436,-473,0
3,13,213,438,-473,0
3,13,213,452,-473,0
3,13,215,469,-282,-56
3,13,216,369,-361,345
3,13,216,482,-353,-353
3,13,217,465,-345,-361
3,13,218,387,-500,0
3,13,218,477,-478,-144
3,13,219,387,-500,0
3,13,219,474,-361,-345
3,13,220,388,-500,0
3,13,220,474,-361,-345
3,13,222,451,-500,0
3,13,223,393,-500,0
3,13,223,394,-500,-11
3,13,224,395,-498,-37
3,13,224,404,-441,236
3,13,225,452,-500,0
3,13,230,452,-500,0
3,59,139,1866,-16,19
3,59,140,1845,-31,419
3,59,141,1859,-83,166
3,59,143,1857,-117,207
3,59,151,1820,-156,474
3,59,152,1815,-144,478
3,59,155,1819,-191,462
3,59,156,1828,-25,500
3,59,165,1867,-80,-224
3,59,166,1873,117,-176
3,59,170,1833,-345,361
3,59,173,1832,-277,416
3,59,177,1832,-353,353
3,59,178,1833,-335,371
3,59,178,1834,-335,371
3,59,178,1835,-335,371
3,59,200,1865,-393,151
3,59,205,1860,-433,192
3,59,205,1876,-447,0
3,59,206,1860,-433,192
3,59,206,1861,-438,181
3,59,212,1876,-500,0
3,87,171,2828,-5,223
3,87,171,2828,0,104
3,87,171,2830,0,104
3,87,171,2830,0,130
3,87,171,2831,-5,223
3,87,171,2888,0,-500
3,87,172,2836,130,243
3,87,174,2838,251,167
3,87,175,2834,208,20
3,87,177,2830,217,-90
3,87,177,2886,-167,-470
3,87,177,2887,-167,-470
3,87,178,2846,-108,-433
3,87,178,2887,-167,-470
3,87,179,2829,165,-202
3,87,179,2831,165,-202
3,87,179,2840,-114,-378
3,87,180,2840,-123,-375
3,87,181,2834,-126,-457
3,87,181,2836,-114,-459
3,87,182,2829,-140,-425
3,87,182,2836,-132,-482
3,87,182,2848,-140,-425
3,87,182,2853,-137,-453
3,87,182,2859,-121,-484
3,87,182,2860,-121,-484
3,87,184,2828,-171,-414
3,87,184,2830,79,-399
3,87,184,2840,-144,-478
3,87,184,2853,-156,-474
3,87,184,2857,-144,-478
3,87,184,2869,-277,-416
3,87,185,2836,-167,-470
3,87,185,2857,-156,-474
3,87,185,2857,-144,-478
3,87,185,2862,-144,-478
3,87,185,2863,-132,-482
3,87,187,2867,-156,-474
3,87,187,2873,-441,-236
3,87,188,2816,-113,-108
3,87,188,2865,-287,-408
3,87,189,2820,-242,-344
3,87,189,2829,-137,-453
3,87,190,2795,-392,0
3,87,190,2868,-361,-345
3,87,191,2819,-266,-326
3,87,191,2826,-248,-372
3,87,193,2822,-292,-339
3,87,194,2824,-274,-353
3,87,194,2825,-266,-360
3,87,194,2858,-335,-371
3,87,194,2862,-335,-371
3,87,195,2836,-241,-280
3,87,198,2795,-287,0
3,87,199,2836,-361,-345
3,87,203,2795,0,236
3,87,203,2835,-361,-345
3,87,203,2838,-361,-345
3,87,203,2841,-361,-345
3,87,203,2842,-361,-345
3,87,205,2818,-261,5
3,87,206,2840,-361,-345
3,87,206,2843,-361,-345
3,87,208,2809,-446,43
3,87,209,2844,-287,-408
3,87,210,2845,-361,-345
3,87,210,2846,-361,-345
3,87,210,2847,-361,-345
3,87,210,2848,-361,-345
3,87,210,2849,-361,-345
3,87,212,2848,-287,-408
3,87,213,2841,-361,-345
3,87,214,2850,-361,-345
3,87,214,2852,-361,-345
3,87,215,2839,-361,-345
3,87,215,2852,-287,-408
3,87,217,2842,-359,-344
3,87,217,2842,-345,-361
3,87,217,2843,-359,-344
3,87,217,2844,-359,-344
3,87,217,2845,-334,-369
3,87,217,2846,-359,-344
3,87,217,2847,-359,-344
3,87,217,2847,-344,-359
3,87,217,2849,-359,-344
3,87,217,2849,-351,-351
3,87,217,2850,-359,-344
3,87,217,2851,-359,-344
3,87,217,2852,-359,-344
3,87,217,2853,-359,-344
3,87,217,2854,-359,-344
3,87,217,2855,-359,-344
3,87,217,2855,-351,-351
3,87,217,2856,-359,-344
3,87,217,2858,-344,-359
3,87,218,2842,-369,-334
3,87,218,2842,-359,-344
3,87,219,2842,-369,-334
3,87,219,2842,-359,-344
3,87,221,2810,-498,37
3,87,221,2812,-500,0
3,87,221,2843,-402,-296
3,87,222,2811,-500,0
3,87,222,2811,-500,25
3,87,223,2841,-408,-287
3,87,224,2839,-408,-287
3,87,225,2839,-416,-277
3,87,226,2812,-500,0
3,87,226,2820,-500,0
3,87,231,2809,-500,25
3,87,231,2812,-500,0
3,87,232,2810,-500,11
3,88,159,2860,-179,35
3,88,161,2860,-130,-12
3,88,164,2864,-162,302
3,88,164,2864,-123,319
3,88,164,2868,22,-13
3,88,165,2861,123,136
3,88,165,2868,46,62
3,88,166,2861,-273,97
3,88,166,2868,25,-2
3,88,168,2868,130,0
3,88,171,2860,7,78
3,88,171,2862,-162,132
3,88,171,2873,0,0
3,88,171,2875,0,-26
3,88,172,2885,-419,41
3,88,172,2921,-10,-433
3,88,181,2892,-129,-428
3,88,182,2821,-137,453
3,88,182,2896,-137,-453
3,88,189,2840,103,-155
3,88,197,2805,-153,305
3,88,208,2876,-353,-353
3,88,211,2896,-386,-316
3,88,213,2874,-361,-345
3,88,213,2879,-444,0
3,88,213,2890,-361,-345
3,88,215,2892,-405,-242
3,88,215,2892,-353,-353
3,88,215,2894,-397,-252
3,88,216,2874,-478,-144
3,88,216,2882,-492,-85
3,88,216,2894,-405,-242
3,88,217,2853,-359,-344
3,88,217,2856,-359,-344
3,88,217,2860,-359,-344
3,88,217,2863,-359,-344
3,88,217,2864,-359,-344
3,88,217,2865,-359,-344
3,88,217,2868,-359,-344
3,88,217,2871,-359,-344
3,88,217,2871,-351,-351
3,88,217,2872,-359,-344
3,88,217,2873,-359,-344
3,88,217,2875,-359,-344
3,88,217,2876,-440,0
3,88,217,2877,-359,-344
3,88,217,2878,-418,0
3,88,217,2878,-359,-344
3,88,217,2878,-351,-351
3,88,217,2879,-359,-344
3,88,217,2880,-359,-344
3,88,217,2882,-494,-74
3,88,217,2882,-359,-344
3,88,217,2883,-359,-344
3,88,217,2883,-351,-351
3,88,217,2884,-359,-344
3,88,217,2886,-359,-344
3,88,217,2887,-359,-344
3,88,217,2887,-351,-351
3,88,217,2888,-359,-344
3,88,217,2897,-392,-261
3,88,218,2855,-359,-344
3,88,218,2862,-351,-351
3,88,218,2866,-351,-351
3,88,218,2875,-351,-351
3,88,218,2876,-500,0
3,88,218,2876,-418,0
3,88,218,2878,-418,-21
3,88,218,2878,-418,0
3,88,218,2879,-418,0
3,88,218,2885,-351,-351
3,88,218,2892,-401,-189
3,88,219,2874,-418,0
3,88,219,2875,-418,0
3,88,219,2876,-418,0
3,88,219,2893,-392,-210
3,88,220,2873,-418,0
3,88,220,2876,-414,0
3,88,220,2877,-500,0
3,88,221,2871,-340,-325
3,88,221,2876,-500,0
3,88,221,2876,-414,0
3,88,221,2877,-500,0
3,88,221,2883,-494,-74
3,88,221,2883,-492,-85
3,88,222,2883,-494,-74
3,88,230,2820,-500,0
3,90,168,2924,-210,112
3,90,169,2924,-132,198
3,90,169,2924,-115,61
3,90,171,2924,0,52
3,90,171,2925,0,157
3,90,171,2958,0,-314
3,90,172,2912,43,28
3,90,173,2915,-38,311
3,90,191,2936,-335,371
3,90,192,2917,-183,0
3,90,192,2937,-335,371
3,90,196,2909,-314,0
3,90,196,2934,-361,345
3,90,198,2929,-345,361
3,90,199,2900,-418,0
3,90,199,2914,-418,0
3,90,199,2918,-418,0
3,90,200,2883,-471,0
3,90,200,2927,-345,361
3,90,200,2930,-345,361
3,90,200,2931,-345,361
3,90,202,2925,-361,345
3,90,203,2923,-361,345
3,90,204,2921,-345,361
3,90,204,2953,-359,-309
3,90,205,2915,-495,48
3,90,208,2913,-471,0
3,90,208,2914,-471,0
3,90,208,2920,-471,0
3,90,208,2921,-471,0
3,90,210,2889,-471,23
3,90,210,2906,-471,23
3,90,210,2910,-471,23
3,90,210,2913,-471,23
3,90,210,2914,-469,34
3,90,210,2915,-471,23
3,90,210,2918,-471,23
3,90,210,2919,-471,10
3,90,210,2930,-471,23
3,90,213,2941,-353,-353
3,90,216,2944,-353,-353
3,90,216,2945,-353,-353
3,90,217,2944,-353,-353
3,90,217,2945,-353,-353
3,90,218,2947,-353,-353
3,90,219,2879,-417,30
3,90,219,2880,-417,30
3,90,219,2882,-417,30
3,90,219,2884,-417,30
3,90,219,2885,-417,30
3,90,219,2886,-417,30
3,90,219,2888,-417,30
3,90,219,2889,-417,30
3,90,219,2890,-417,30
3,90,219,2891,-417,30
3,90,219,2892,-417,30
3,90,219,2893,-417,30
3,90,219,2894,-417,30
3,90,219,2895,-417,30
3,90,219,2895,-382,229
3,90,219,2896,-417,30
3,90,219,2897,-417,30
3,90,219,2898,-417,30
3,90,219,2899,-417,30
3,90,219,2900,-417,30
3,90,219,2901,-417,30
3,90,219,2902,-417,30
3,90,219,2903,-417,30
3,90,219,2904,-417,30
3,90,219,2905,-417,30
3,90,219,2906,-417,30
3,90,219,2907,-417,30
3,90,219,2908,-417,30
3,90,219,2910,-417,30
3,90,219,2911,-417,30
3,90,219,2912,-418,0
3,90,219,2912,-417,30
3,90,219,2913,-417,30
3,90,219,2914,-417,30
3,90,219,2915,-417,30
3,90,219,2916,-417,30
3,90,219,2917,-417,30
3,90,219,2918,-417,30
3,90,219,2919,-418,0
3,90,219,2919,-417,30
3,90,219,2920,-417,30
3,90,219,2921,-417,30
3,90,219,2928,-418,0
3,90,219,2948,-345,-361
3,90,220,2948,-361,-345
3,90,220,2948,-353,-353
3,90,221,2877,-500,0
3,90,221,2915,-392,0
3,90,221,2931,-392,0
3,90,223,2882,-392,-9
3,90,223,2893,-353,223
3,90,223,2894,-353,223
3,90,223,2917,-392,0
3,90,223,2929,-392,19
3,90,224,2931,-500,0
3,90,225,2915,-366,0
3,90,225,2931,-366,0
3,90,226,2882,-366,-8
3,90,226,2916,-366,0
3,90,226,2928,-394,29
3,90,227,2877,-366,18
3,90,227,2878,-366,18
3,90,227,2879,-366,18
3,90,227,2881,-366,18
3,90,227,2882,-366,18
3,90,227,2883,-366,18
3,90,227,2884,-366,18
3,90,227,2885,-366,0
3,90,227,2885,-366,18
3,90,227,2887,-366,0
3,90,227,2887,-366,18
3,90,227,2888,-366,18
3,90,227,2889,-366,18
3,90,227,2890,-366,18
3,90,227,2891,-366,18
3,90,227,2892,-366,18
3,90,227,2893,-366,18
3,90,227,2894,-366,18
3,90,227,2895,-366,18
3,90,227,2896,-366,18
3,90,227,2897,-366,18
3,90,227,2898,-366,18
3,90,227,2899,-366,18
3,90,227,2900,-366,18
3,90,227,2901,-366,18
3,90,227,2902,-366,18
3,90,227,2903,-366,18
3,90,227,2904,-366,18
3,90,227,2905,-366,18
3,90,227,2906,-366,0
3,90,227,2906,-366,18
3,90,227,2907,-366,18
3,90,227,2908,-366,18
3,90,227,2909,-366,18
3,90,227,2910,-366,18
3,90,227,2911,-366,18
3,90,227,2912,-366,0
3,90,227,2912,-366,18
3,90,227,2913,-366,18
3,90,227,2914,-366,18
3,90,227,2915,-366,0
3,90,227,2915,-366,18
3,90,227,2916,-369,0
3,90,227,2916,-366,18
3,90,227,2917,-366,0
3,90,227,2917,-366,18
3,90,227,2918,-366,0
3,90,227,2918,-366,18
3,90,227,2919,-366,0
3,90,227,2919,-366,18
3,90,227,2920,-366,0
3,90,227,2920,-366,18
3,90,227,2923,-366,-8
3,90,227,2924,-366,-8
3,90,227,2928,-366,0
3,90,228,2914,-366,8
3,90,229,2885,-340,0
3,90,229,2900,-340,0
3,90,229,2903,-340,0
3,90,229,2905,-340,0
3,90,229,2908,-340,0
3,90,229,2910,-340,0
3,90,229,2913,-340,0
3,90,229,2914,-500,0
3,90,229,2914,-340,0
3,90,229,2916,-379,0
3,90,229,2918,-340,0
3,90,229,2919,-340,0
3,90,229,2920,-340,0
3,90,229,2921,-340,0
3,90,229,2922,-500,0
3,90,229,2922,-340,0
3,90,230,2911,-391,38
3,90,231,2877,-500,0
3,92,139,2927,-101,25
3,92,140,2925,0,0
3,92,150,2923,-26,-3
3,92,155,2930,-87,-130
3,92,155,2931,-154,-30
3,92,156,2923,4,25
3,92,157,2929,101,-82
3,92,159,2923,-23,12
3,92,159,2923,25,2
3,92,159,2923,170,-198
3,92,160,2923,-23,11
3,92,161,2923,12,23
3,92,161,2923,21,14
3,92,161,2923,24,-10
3,92,161,2923,25,1
3,92,161,2923,25,2
3,92,161,2923,82,-413
3,92,162,2923,0,0
3,92,162,2923,22,13
3,92,162,2930,-141,-155
3,92,162,2930,-74,-111
3,92,163,2923,-108,-433
3,92,163,2923,21,13
3,92,163,2923,26,0
3,92,163,2923,26,1
3,92,163,2923,70,-468
3,92,163,2923,96,-40
3,92,163,2923,130,0
3,92,163,2923,155,-210
3,92,163,2929,-53,-175
3,92,164,2923,22,12
3,92,164,2923,26,0
3,92,164,2923,44,-298
3,92,164,2923,76,136
3,92,164,2923,119,-53
3,92,164,2923,130,0
3,92,164,2925,-70,-281
3,92,164,2927,66,-201
3,92,164,2929,-112,-144
3,92,164,2929,-44,-177
3,92,164,2930,-143,-64
3,92,164,2931,151,-81
3,92,165,2923,23,12
3,92,165,2923,94,-44
3,92,165,2926,-43,-446
3,92,165,2929,170,-163
3,92,165,2930,234,22
3,92,165,2931,-162,-86
3,92,165,2931,-135,-81
3,92,166,2923,0,0
3,92,166,2923,22,12
3,92,166,2923,93,-47
3,92,166,2923,94,-44
3,92,166,2923,104,0
3,92,166,2923,130,0
3,92,166,2923,138,-208
3,92,166,2923,204,-167
3,92,166,2931,-23,-12
3,92,167,2923,0,0
3,92,167,2923,130,0
3,92,167,2929,-61,-172
3,92,167,2930,-372,-132
3,92,167,2930,-303,-162
3,92,167,2931,-153,33
3,92,168,2923,0,-328
3,92,168,2923,105,-158
3,92,168,2925,-27,-275
3,92,168,2930,-176,-48
3,92,169,2923,13,-262
3,92,169,2923,14,-287
3,92,169,2931,-366,151
3,92,169,2931,108,72
3,92,170,2928,2,-130
3,92,170,2928,22,-128
3,92,170,2929,2,-104
3,92,170,2931,-153,33
3,92,170,2931,-29,-43
3,92,170,2931,-23,-12
3,92,171,2913,0,104
3,92,171,2922,-16,19
3,92,172,2923,-24,10
3,92,172,2931,217,-90
3,92,173,2927,-118,265
3,92,173,2931,217,-90
3,92,173,2933,235,23
3,92,174,2931,260,25
3,92,175,2927,84,-35
3,92,183,2920,66,-333
3,92,184,2917,-418,223
3,92,188,2911,-500,0
3,92,188,2928,-235,0
3,92,193,2906,-498,-37
3,92,194,2901,-498,-37
3,92,194,2902,-498,-37
3,92,195,2900,-500,0
3,92,195,2979,-342,0
3,92,200,2903,-500,25
3,92,202,2979,-421,0
3,92,202,2979,-395,0
3,92,203,2979,-421,0
3,92,205,2976,-446,-33
3,92,205,2978,-447,0
3,92,206,2975,-446,-33
3,92,207,2994,-464,-81
3,92,209,2910,-471,-11
3,92,209,2911,-471,-11
3,92,210,2934,-471,23
3,92,211,2972,-444,0
3,92,214,2915,-444,-22
3,92,214,2979,-498,-37
3,92,214,2980,-498,-37
3,92,214,2980,-492,-85
3,92,215,2979,-500,0
3,92,215,2980,-494,-74
3,92,217,2912,-351,351
3,92,217,2916,-418,0
3,92,217,2920,-359,343
3,92,217,2920,-351,351
3,92,217,2922,-351,351
3,92,217,2932,-351,351
3,92,217,2980,-500,-25
3,92,217,2980,-496,-60
3,92,218,2916,-418,0
3,92,218,2917,-334,368
3,92,218,2919,-334,368
3,92,218,2922,-490,-97
3,92,218,2980,-500,-25
3,92,218,2980,-496,-60
3,92,218,3003,-371,-335
3,92,219,2914,-417,30
3,92,219,2915,-418,0
3,92,219,2916,-421,0
3,92,219,2917,-418,-21
3,92,219,2917,-418,0
3,92,219,2932,-417,30
3,92,219,2934,-417,30
3,92,219,2936,-417,30
3,92,219,2939,-417,30
3,92,219,2941,-417,30
3,92,220,2917,-340,325
3,92,220,2929,-340,325
3,92,221,2916,-392,0
3,92,222,2916,-392,0
3,92,223,2919,-392,0
3,92,223,2920,-392,0
3,92,223,2979,-500,0
3,92,224,2979,-500,0
3,92,225,2979,-500,0
3,92,227,2928,-366,0
3,92,227,2929,-366,8
3,92,227,2929,-366,18
3,92,227,2930,-366,18
3,92,227,2931,-366,18
3,92,227,2933,-366,18
3,92,227,2935,-366,18
3,92,227,2936,-366,18
3,92,227,2938,-366,18
3,92,227,2940,-366,18
3,92,227,2979,-485,0
3,92,228,2972,-340,0
3,92,229,2931,-340,0
3,92,229,2937,-340,0
3,92,229,2976,-340,0
3,92,229,2979,-485,0
3,92,230,2979,-500,0
3,92,231,2980,-500,0
3,92,232,2931,-447,0
3,92,232,2979,-500,0
3,122,44,3900,224,447
3,122,86,3950,210,392
3,122,139,3833,0,500
3,122,139,3851,0,500
3,122,139,3854,0,380
3,122,139,3858,-148,449
3,122,139,3861,0,421
3,122,139,3863,-260,155
3,122,139,3863,0,395
3,122,139,3868,0,369
3,122,139,3869,-311,197
3,122,139,3874,0,26
3,122,139,3874,0,238
3,122,139,3875,0,26
3,122,139,3876,0,26
3,122,139,3878,-287,14
3,122,139,3885,-21,-14
3,122,139,3888,0,0
3,122,139,3889,-108,-65
3,122,140,3861,-31,419
3,122,140,3861,-21,421
3,122,140,3869,-389,67
3,122,141,3857,-33,445
3,122,141,3858,-33,445
3,122,141,3880,-47,312
3,122,142,3846,-121,484
3,122,142,3866,-393,-151
3,122,142,3873,-64,255
3,122,142,3879,-107,325
3,122,142,3885,-466,-81
3,122,143,3880,-107,325
3,122,145,3840,-132,482
3,122,146,3868,-433,-108
3,122,146,3877,-166,330
3,122,147,3877,-151,144
3,122,148,3837,-121,484
3,122,149,3860,-132,400
3,122,149,3878,-199,207
3,122,150,3860,-160,417
3,122,152,3835,-156,474
3,122,154,3852,-181,438
3,122,154,3857,-192,432
3,122,159,3853,-335,371
3,122,160,3879,-131,-317
3,122,161,3881,-191,-462
3,122,164,3847,-335,371
3,122,166,3849,-335,371
3,122,166,3873,-176,194
3,122,167,3846,-316,386
3,122,167,3850,-345,361
3,122,167,3851,-361,345
3,122,167,3851,-345,361
3,122,167,3852,-345,361
3,122,167,3856,-345,361
3,122,168,3888,-378,-326
3,122,169,3854,-345,361
3,122,170,3884,-411,92
3,122,171,3849,-361,345
3,122,171,3850,-361,345
3,122,171,3851,-361,345
3,122,171,3854,-277,416
3,122,171,3866,-340,325
3,122,171,3874,-361,345
3,122,171,3885,-439,87
3,122,173,3848,-335,371
3,122,173,3848,-277,416
3,122,173,3849,-335,371
3,122,173,3849,-287,408
3,122,173,3850,-335,371
3,122,173,3864,-369,333
3,122,173,3867,-345,361
3,122,174,3860,-345,361
3,122,174,3863,-345,361
3,122,174,3886,-442,66
3,122,175,3845,-277,416
3,122,175,3846,-277,416
3,122,175,3847,-287,408
3,122,175,3850,-345,361
3,122,175,3850,-335,371
3,122,175,3851,-353,353
3,122,175,3851,-345,361
3,122,175,3860,-345,361
3,122,175,3863,-345,361
3,122,175,3882,-433,108
3,122,175,3883,-437,97
3,122,175,3883,-407,111
3,122,176,3847,-335,371
3,122,176,3848,-335,371
3,122,176,3850,-361,345
3,122,176,3850,-353,353
3,122,176,3850,-335,371
3,122,176,3863,-345,361
3,122,176,3880,-287,408
3,122,176,3880,-148,449
3,122,177,3848,-353,353
3,122,177,3869,-375,237
3,122,177,3883,-462,103
3,122,178,3849,-335,371
3,122,178,3850,-353,353
3,122,178,3850,-335,371
3,122,178,3851,-353,353
3,122,178,3851,-345,361
3,122,178,3852,-345,361
3,122,178,3853,-353,353
3,122,178,3878,-361,345
3,122,178,3884,-464,92
3,122,179,3853,-361,345
3,122,179,3853,-353,353
3,122,179,3878,-361,345
3,122,180,3852,-361,345
3,122,180,3875,-361,345
3,122,180,3875,-335,371
3,122,180,3875,-148,449
3,122,180,3881,-457,125
3,122,180,3883,-466,81
3,122,180,3883,-361,345
3,122,181,3852,-361,345
3,122,181,3874,-361,345
3,122,181,3874,-335,371
3,122,181,3874,-316,386
3,122,181,3875,-335,371
3,122,182,3850,-361,345
3,122,182,3873,-326,378
3,122,182,3874,-361,345
3,122,183,3950,-447,-10
3,122,184,3880,-287,408
3,122,186,3885,-494,74
3,122,187,3868,-345,361
3,122,188,3887,-444,53
3,122,190,3863,-366,299
3,122,195,3886,-442,66
3,122,196,3887,-444,53
3,122,198,3877,-446,158
3,122,199,3884,-464,92
3,122,199,3949,-394,-29
3,122,201,3883,-462,103
3,122,201,3892,-261,0
3,122,201,3893,-261,0
3,122,202,3948,-421,0
3,122,205,3883,-464,92
3,122,205,3891,-447,0
3,122,205,3892,-447,0
3,122,206,3892,-447,0
3,122,208,3891,-472,46
3,122,209,3854,-345,361
3,122,209,3955,-457,-203
3,122,210,3892,-209,0
3,122,210,3948,-473,0
3,122,213,3953,-470,-57
3,122,217,3947,-354,0
3,122,218,3947,-500,0
3,122,219,3866,-371,335
3,122,220,3948,-500,0
3,122,223,3947,-302,0
3,122,224,3892,-478,144
3,122,225,3947,-500,0
3,122,225,3947,-451,-212
3,122,225,3948,-500,0
3,122,226,3878,-484,121
3,122,227,3878,-484,121
3,122,227,3881,-484,121
3,122,227,3947,-249,-117
3,122,230,3890,-500,11
3,122,230,3947,-500,0
3,122,230,3947,-494,74
3,122,230,3948,-478,-144
3,122,231,3959,-478,-144
3,122,232,3959,-474,-156
4,86,171,2799,0,52
4,86,171,2801,-15,21
4,86,171,2802,-25,-5
4,86,171,2802,0,0
4,86,171,2802,0,78
4,86,171,2803,0,0
4,86,171,2805,0,-157
4,86,171,2806,0,-130
4,86,171,2806,0,0
4,86,171,2827,0,-421
4,86,171,2829,0,-447
4,86,171,2830,0,-314
4,86,172,2816,136,255
4,86,174,2816,-70,-281
4,86,176,2821,-83,-332
4,86,176,2822,-96,-387
4,86,179,2812,-150,-337
4,86,181,2824,-141,-396
4,86,181,2832,-126,-457
4,86,181,2854,-121,-484
4,86,182,2824,-161,-390
4,86,182,2832,-137,-453
4,86,182,2847,-156,-474
4,86,183,2798,144,151
4,86,183,2830,-150,-421
4,86,183,2835,-137,-453
4,86,184,2852,-156,-474
4,86,188,2844,0,-500
4,86,192,2800,22,234
4,86,192,2803,-94,244
4,86,192,2803,-84,219
4,86,192,2810,-141,341
4,86,194,2802,-100,242
4,86,195,2796,128,25
4,86,195,2822,-345,-361
4,86,195,2823,-277,-416
4,86,196,2806,-75,334
4,86,196,2823,-345,-361
4,86,197,2799,-130,259
4,86,197,2807,-189,282
4,86,197,2823,-345,-361
4,86,197,2823,-326,-378
4,86,198,2796,161,86
4,86,198,2841,-335,-371
4,86,199,2798,15,156
4,86,199,2799,-101,82
4,86,200,2796,-103,80
4,86,200,2835,-345,-361
4,86,200,2837,-345,-361
4,86,203,2833,-345,-361
4,86,207,2818,-335,-371
4,86,208,2832,-345,-361
4,86,210,2836,-353,-353
4,86,210,2840,-345,-361
4,86,211,2825,-335,-371
4,86,211,2832,-345,-361
4,86,212,2832,-345,-361
4,86,212,2834,-353,-353
4,86,213,2835,-361,-345
4,86,217,2829,-345,-361
4,86,223,2835,-353,-353
4,86,224,2836,-353,-353
4,86,224,2836,-345,-361
4,86,227,2804,-437,-98
4,86,230,2804,-367,-207
4,86,235,2793,-209,10
4,86,236,2788,-421,0
4,86,237,2788,-447,0
4,86,237,2791,-208,20
4,86,237,2807,-484,-121
4,86,238,2792,-234,22
4,86,238,2793,-209,4
4,86,239,2788,-459,0
4,86,240,2792,-209,10
4,86,241,2785,-472,35
4,86,241,2795,-473,0
4,86,242,2806,-488,-109
4,86,242,2808,-488,-109
4,86,244,2795,-500,0
4,86,245,2786,-473,10
4,86,245,2788,-478,-144
4,86,245,2788,-473,0
4,86,245,2795,-473,0
4,86,246,2810,-484,-121
4,86,247,2808,-482,-132
4,86,247,2809,-488,-109
4,86,247,2810,-484,-121
4,86,249,2812,-416,-277
4,86,250,2788,-500,0
4,86,250,2813,-416,-277
4,86,251,2809,-408,-287
4,86,251,2811,-482,-132
4,86,252,2809,-361,-345
4,86,252,2810,-457,-203
4,86,255,2798,-470,-167
4,86,257,2801,-466,-179
5,122,160,3834,0,500
5,122,164,3832,0,500
5,122,166,3888,175,-194
5,122,173,3885,-40,-232
5,122,174,3884,-45,-257
5,122,175,3891,100,30
5,122,178,3887,22,-234
5,122,178,3889,116,-174
5,122,180,3890,101,-152
5,122,186,3877,-132,126
5,122,188,3875,-170,162
5,122,188,3875,-153,178
5,122,189,3874,-176,194
5,122,189,3874,-158,174
5,122,189,3874,-153,178
5,122,189,3875,-170,162
5,122,189,3875,-153,178
5,122,190,3873,-176,194
5,122,190,3874,-176,194
5,122,191,3872,-193,213
5,122,192,3889,-77,13
5,122,196,3875,-170,162
5,122,197,3874,-176,194
5,122,197,3877,-151,144
5,122,198,3891,138,-74
5,122,202,3875,0,133
5,122,202,3891,138,-74
5,122,203,3890,101,-152
5,122,204,3875,-170,162
5,122,205,3874,-176,194
5,122,205,3875,-153,178
5,122,205,3887,198,-171
5,122,206,3849,-353,353
5,122,207,3834,156,474
5,122,207,3849,-353,353
5,122,208,3838,132,482
5,122,208,3849,-353,353
5,122,208,3891,138,-74
5,122,209,3837,144,478
5,122,209,3842,97,490
5,122,209,3849,-353,353
5,122,210,3833,0,500
5,122,210,3886,-125,37
5,122,210,3887,20,-208
5,122,211,3889,144,-151
5,122,212,3849,-353,353
5,122,213,3849,-353,353
5,122,214,3849,-353,353
5,122,214,3851,23,312
5,122,214,3886,-90,-218
5,122,214,3888,-129,-129
5,122,214,3890,-77,15
5,122,214,3891,138,-74
5,122,215,3849,-353,353
5,122,216,3834,40,416
5,122,216,3835,19,392
5,122,216,3836,40,416
5,122,216,3836,50,415
5,122,216,3837,40,416
5,122,216,3841,43,442
5,122,216,3891,72,-108
5,122,217,3835,53,441
5,122,217,3836,53,441
5,122,217,3837,45,469
5,122,217,3838,19,392
5,122,217,3838,45,469
5,122,217,3839,45,469
5,122,217,3888,-70,-169
5,122,218,3835,26,364
5,122,218,3839,60,493
5,122,218,3840,60,493
5,122,218,3841,48,498
5,122,218,3841,60,493
5,122,218,3842,48,498
5,122,218,3842,60,493
5,122,218,3843,48,498
5,122,218,3891,138,-74
5,122,219,3835,26,364
5,122,219,3838,0,418
5,122,219,3838,0,444
5,122,219,3839,0,444
5,122,219,3840,0,444
5,122,219,3840,0,471
5,122,219,3841,0,471
5,122,219,3842,0,471
5,122,219,3843,0,500
5,122,219,3844,60,496
5,122,219,3858,0,447
5,122,220,3833,0,444
5,122,220,3834,0,340
5,122,220,3834,0,418
5,122,220,3835,0,340
5,122,220,3835,0,392
5,122,220,3836,0,366
5,122,220,3836,74,494
5,122,220,3837,-8,366
5,122,220,3837,0,366
5,122,220,3837,0,500
5,122,220,3838,0,500
5,122,220,3839,0,418
5,122,220,3843,0,500
5,122,220,3868,0,369
5,122,220,3872,-74,494
5,122,220,3876,0,78
5,122,221,3834,-8,340
5,122,221,3834,0,340
5,122,221,3835,-8,366
5,122,221,3835,37,498
5,122,221,3836,-18,366
5,122,221,3836,-8,366
5,122,221,3837,-8,366
5,122,221,3837,0,366
5,122,221,3875,0,104
5,122,222,3834,0,340
5,122,222,3836,-18,366
5,122,222,3837,-18,366
5,122,223,3834,0,340
5,122,223,3838,18,366
5,122,224,3833,-41,419
5,122,224,3834,0,340
5,122,224,3835,0,340
5,122,224,3836,0,366
5,122,224,3838,0,366
5,122,225,3831,-70,467
5,122,225,3832,-70,467
5,122,225,3834,0,340
5,122,225,3890,116,-174
5,122,226,3834,0,340
5,122,227,3834,0,340
5,122,227,3886,-152,37
5,122,228,3834,0,340
5,122,229,3834,0,340
5,122,229,3835,0,340
5,122,230,3834,0,340
5,122,230,3835,0,340
5,122,231,3834,0,340
5,122,231,3835,0,340
5,122,231,3876,-153,146
5,122,232,3834,0,340
5,122,233,3834,0,340
5,122,234,3834,0,340
5,122,234,3835,0,340
5,122,234,3835,26,364
5,122,235,3834,0,340
5,122,235,3872,-195,215
5,122,236,3834,0,340
5,122,236,3946,184,-99
5,122,237,3834,0,340
5,122,238,3834,0,340
5,122,239,3838,0,366
5,122,240,3874,0,209
5,122,240,3875,0,183
5,122,240,3875,0,209
5,122,240,3876,0,157
5,122,240,3877,0,183
5,122,241,3838,0,366
5,122,241,3871,28,43
5,122,242,3838,0,366
5,122,243,3838,0,366
5,122,243,3839,0,366
5,122,243,3858,25,497
5,122,244,3838,0,366
5,122,244,3839,0,366
5,122,245,3838,-20,392
5,122,245,3840,-41,416
5,122,248,3849,-353,353
5,122,249,3851,-378,326
5,122,251,3992,-345,-361
5,122,252,3846,-345,361
5,122,252,3847,-326,378
5,122,252,3849,-353,353
5,122,257,3845,-344,358
5,122,260,3998,-353,-353
5,122,261,3912,-300,366
5,122,263,3945,-395,0
5,122,264,3845,-351,351
5,122,264,3846,-351,351
5,122,264,3921,-339,291
5,122,265,3845,-351,351
5,122,265,3884,-408,101
5,122,266,3879,-414,171
5,122,266,3927,-377,239
5,122,268,3905,-326,378
5,122,268,3960,-450,-148
5,122,269,3904,-446,-33
5,122,269,3921,-345,361
5,122,271,3945,-447,0
5,122,273,3852,-345,361
5,122,273,3853,-345,361
5,122,273,3854,-353,353
5,122,273,3854,-345,361
5,122,273,3905,-472,-35
5,122,274,3854,-353,353
5,122,275,3854,-361,345
5,122,276,3939,-473,0
5,122,276,3972,-444,0
5,122,277,3912,-473,0
5,122,277,3933,-473,0
5,122,284,3876,-500,0
5,122,286,3876,-500,0
5,122,289,3910,-500,-25
5,122,294,3910,-500,-11
6,60,171,1897,0,-261
6,60,197,1879,444,0
6,60,199,1877,21,421
6,60,205,1907,57,-87
6,60,210,1880,29,393
6,60,211,1877,21,421
6,60,212,1877,0,421
6,60,216,1860,-121,484
6,60,217,1875,-488,109
6,60,218,1867,-287,408
6,60,218,1874,-484,121
6,60,218,1876,-500,0
6,60,222,1876,-500,0
6,60,222,1876,-478,144
6,60,225,1873,-490,97
6,60,227,1865,-408,287
6,60,293,1937,-338,225
6,60,299,1916,0,500
6,60,299,1917,0,500
6,60,301,1958,-446,-33
6,60,301,1959,-446,-33
6,60,305,1959,-472,-35
6,60,305,1960,-472,-35
6,60,306,1932,-326,378
6,60,308,1915,-267,421
6,60,309,1931,-473,0
6,60,313,1922,-421,267
7,59,200,1878,-231,123
7,59,205,1870,-273,-154
7,59,209,1874,-165,-78
7,59,212,1825,156,474
7,59,216,1819,40,416
7,59,217,1819,38,391
7,59,217,1821,50,415
7,59,220,1823,0,392
7,59,224,1820,0,387
7,59,224,1822,0,366
7,59,224,1823,0,390
7,59,225,1821,-20,392
7,59,225,1822,-18,366
7,59,229,1852,353,274
7,59,231,1818,0,340
7,59,235,1835,0,444
7,59,236,1818,0,340
7,59,239,1818,0,340
7,59,240,1819,0,340
7,59,240,1855,0,261
7,59,240,1859,0,183
7,59,241,1818,0,340
7,59,242,1818,0,340
7,59,243,1818,0,340
7,59,245,1818,0,340
7,59,248,1818,0,340
7,59,252,1818,0,340
7,59,253,1818,0,340
7,59,254,1818,0,340
7,59,254,1859,273,247
7,59,255,1818,0,340
7,59,256,1818,0,340
7,59,257,1818,0,340
7,59,258,1818,0,340
7,59,259,1818,0,340
7,59,260,1818,0,340
7,59,261,1818,0,340
7,59,262,1818,0,340
7,59,263,1818,0,340
7,59,264,1818,0,340
7,59,265,1818,0,340
7,59,266,1818,0,340
7,59,268,1818,0,340
7,59,269,1818,0,340
7,59,270,1818,0,340
7,59,271,1818,0,340
7,59,274,1818,0,340
7,59,275,1818,0,340
7,59,275,1819,26,364
7,59,276,1818,0,340
7,59,277,1818,0,340
7,59,278,1818,0,340
7,59,278,1819,0,340
7,59,279,1818,0,340
7,59,280,1818,0,340
7,59,281,1818,0,340
7,59,282,1818,0,340
7,59,282,1819,26,364
7,59,283,1818,0,340
7,59,284,1818,0,340
7,59,284,1819,26,364
7,59,285,1818,0,340
7,59,286,1818,0,340
7,59,286,1819,26,364
7,59,286,1820,0,366
7,59,288,1818,0,340
7,59,288,1819,0,340
7,59,288,1820,0,361
7,59,288,1822,0,366
7,59,289,1818,-8,340
7,59,289,1818,0,340
7,59,290,1818,0,340
7,59,290,1859,0,104
7,59,291,1818,0,340
7,59,292,1818,0,340
7,59,293,1818,0,340
7,59,294,1818,0,340
7,59,296,1819,0,340
7,59,297,1818,0,340
7,59,297,1819,0,340
7,59,299,1818,0,340
7,59,317,1833,-361,345
7,59,319,1875,-342,0
7,59,320,1828,-345,361
7,59,320,1829,-345,361
7,59,323,1876,-316,0
7,59,333,1876,-447,0
7,59,340,1884,-500,0
7,59,341,1896,-473,0
17,32,619,1091,0,-26
17,32,623,1095,-48,-498
17,32,624,1090,156,-474
17,32,624,1100,-144,-478
17,32,624,1111,-121,-484
17,32,625,1082,-102,-408
17,32,625,1116,-132,-482
17,32,626,1080,-108,-433
17,32,626,1081,-92,-411
17,32,626,1116,-132,-482
17,32,626,1121,-132,-482
17,32,628,1081,-108,-433
17,32,628,1126,-132,-482
17,32,628,1126,-121,-484
17,32,629,1091,-114,-459
17,32,631,1074,-137,-453
17,32,631,1104,-121,-484
17,32,632,1064,-182,-409
17,32,632,1073,-115,-323
17,32,632,1109,-277,-416
17,32,632,1124,-156,-474
17,32,633,1035,-20,-16
17,32,633,1047,361,-160
17,32,633,1097,-144,-478
17,32,633,1103,-132,-482
17,32,635,1035,-26,0
17,32,635,1113,-441,-236
17,32,636,1085,-287,-408
17,32,636,1122,-257,-429
17,32,637,1035,-25,-5
17,32,639,1049,291,-226
17,32,639,1059,-266,-326
17,32,639,1061,-189,-181
17,32,639,1066,-248,-372
17,32,640,1068,-262,-394
17,32,641,1035,-52,0
17,32,641,1036,-76,18
17,32,642,1064,-274,-353
17,32,645,1064,-309,-323
17,32,647,1053,-395,0
17,32,647,1057,-360,-266
17,32,647,1077,-361,-345
17,32,647,1079,-361,-345
17,32,650,1036,-86,161
17,32,651,1078,-361,-345
17,32,651,1082,-361,-345
17,32,651,1082,-345,-361
17,32,653,1030,-415,50
17,32,654,1080,-361,-345
17,32,657,1084,-287,-408
17,32,658,1085,-361,-345
17,32,658,1087,-361,-345
17,32,658,1089,-361,-345
17,32,660,1035,-500,0
17,32,660,1088,-287,-408
17,32,661,1052,-421,0
17,32,662,1088,-361,-345
17,32,663,1079,-361,-345
17,32,663,1092,-287,-408
17,32,665,1067,-371,-335
17,32,665,1082,-359,-344
17,32,665,1084,-359,-344
17,32,665,1085,-334,-369
17,32,665,1087,-359,-344
17,32,665,1089,-359,-344
17,32,665,1089,-351,-351
17,32,665,1090,-359,-344
17,32,665,1091,-359,-344
17,32,665,1091,-351,-351
17,32,665,1092,-359,-344
17,32,665,1093,-359,-344
17,32,665,1094,-359,-344
17,32,665,1095,-351,-351
17,32,665,1096,-359,-344
17,32,666,1082,-369,-334
17,32,666,1082,-359,-344
17,32,667,1082,-359,-344
17,32,667,1083,-369,-334
17,32,669,1050,-500,25
17,32,669,1052,-500,0
17,32,669,1058,-498,37
17,32,669,1059,-500,0
17,32,669,1095,-340,-325
17,32,670,1051,-500,0
17,32,670,1051,-500,25
17,32,671,1079,-408,-287
17,32,675,1044,-488,-109
17,32,676,1056,-498,48
17,32,677,1059,-500,0
17,32,678,1047,-482,-132
17,32,679,1050,-500,11
17,32,679,1051,-500,0
17,32,679,1052,-500,0
17,32,679,1057,-500,25
17,32,679,1059,-500,0
17,32,679,1060,-500,0
17,32,679,1061,-500,0
17,32,680,1035,-500,0
17,32,680,1048,-498,48
17,32,680,1050,-500,11
17,32,680,1059,-500,0
17,33,583,1121,-237,-248
17,33,589,1114,-132,83
17,33,600,1123,-339,-292
17,33,600,1126,-323,-309
17,33,606,1129,-378,-326
17,33,616,1138,-378,-326
17,33,617,1138,-378,-326
17,33,620,1141,-378,-326
17,33,620,1142,-378,-326
17,33,621,1074,123,135
17,33,625,1064,259,122
17,33,626,1068,283,49
17,33,626,1094,293,-265
17,33,629,1132,-129,-428
17,33,630,1126,-74,-167
17,33,634,1134,-192,-433
17,33,636,1059,-181,438
17,33,637,1055,-191,462
17,33,639,1050,-203,457
17,33,640,1059,-421,9
17,33,641,1046,-203,457
17,33,641,1119,-114,-320
17,33,643,1130,-498,37
17,33,643,1131,-498,37
17,33,644,1116,-321,0
17,33,645,1123,-421,-267
17,33,647,1133,-120,-291
17,33,648,1050,-215,-95
17,33,648,1119,-497,0
17,33,648,1127,-500,25
17,33,650,1100,-421,0
17,33,652,1116,-497,0
17,33,652,1126,-500,0
17,33,654,1117,-361,-345
17,33,656,1116,-314,0
17,33,657,1060,-473,0
17,33,659,1130,-278,-195
17,33,660,1074,-312,23
17,33,660,1136,-392,-305
17,33,661,1073,-473,0
17,33,661,1134,-406,-285
17,33,662,1127,-345,-361
17,33,663,1132,-405,-242
17,33,664,1132,-410,-232
17,33,665,1101,-359,-344
17,33,665,1102,-359,-344
17,33,665,1105,-359,-344
17,33,665,1106,-359,-344
17,33,665,1108,-359,-344
17,33,665,1110,-359,-344
17,33,665,1111,-359,-344
17,33,665,1112,-351,-351
17,33,665,1113,-359,-344
17,33,665,1116,-418,0
17,33,665,1117,-359,-344
17,33,665,1118,-418,0
17,33,665,1119,-359,-344
17,33,665,1120,-359,-344
17,33,665,1121,-359,-344
17,33,665,1123,-359,-344
17,33,665,1124,-359,-344
17,33,665,1125,-359,-344
17,33,665,1126,-359,-344
17,33,665,1127,-359,-344
17,33,665,1127,-351,-351
17,33,665,1128,-359,-344
17,33,665,1131,-334,-369
17,33,665,1137,-392,-261
17,33,666,1116,-483,0
17,33,666,1116,-447,0
17,33,666,1116,-418,0
17,33,666,1118,-418,0
17,33,667,1113,-418,0
17,33,667,1115,-418,21
17,33,667,1115,-417,30
17,33,667,1116,-418,0
17,33,667,1117,-444,0
17,33,667,1117,-418,-10
17,33,667,1118,-418,-21
17,33,668,1053,-466,179
17,33,668,1116,-414,0
17,33,668,1117,-500,0
17,33,668,1117,-418,-10
17,33,668,1117,-418,0
17,33,668,1120,-446,-33
17,33,669,1116,-500,0
17,33,669,1116,-414,0
17,33,669,1117,-444,0
17,33,669,1124,-340,-325
17,33,670,1117,-500,0
17,33,679,1058,-500,11
17,33,679,1059,-500,0
17,33,681,1101,-500,0
18,31,619,1038,-79,67
18,31,619,1038,-52,-92
18,31,619,1040,0,0
18,31,619,1042,-325,-107
18,31,619,1043,-20,16
18,31,619,1067,0,-421
18,31,619,1075,0,-314
18,31,620,1053,-25,-210
18,31,621,1037,-237,-17
18,31,621,1066,-31,-419
18,31,628,1068,-119,-432
18,31,629,1072,-126,-457
18,31,630,1087,-156,-474
18,31,630,1093,-144,-478
18,31,630,1095,-121,-484
18,31,631,1070,-96,-271
18,31,632,1092,-156,-474
18,31,636,1046,-362,-217
18,31,636,1084,0,-500
18,31,643,1061,-345,-361
18,31,643,1063,-277,-416
18,31,644,1046,-165,-202
18,31,644,1062,-345,-361
18,31,644,1062,-326,-378
18,31,645,1081,-345,-361
18,31,648,1075,-345,-361
18,31,648,1077,-345,-361
18,31,648,1078,-345,-361
18,31,650,1037,-75,141
18,31,650,1074,-287,-408
18,31,652,1077,-353,-353
18,31,654,1037,138,119
18,31,654,1075,-345,-361
18,31,655,1058,-335,-371
18,31,655,1072,-345,-361
18,31,655,1074,-335,-371
18,31,657,1030,-202,-121
18,31,657,1072,-345,-361
18,31,657,1079,-353,-353
18,31,658,1059,-361,-345
18,31,658,1061,-345,-361
18,31,658,1072,-345,-361
18,31,658,1076,-353,-353
18,31,658,1078,-335,-371
18,31,659,1072,-345,-361
18,31,660,1065,-335,-371
18,31,660,1072,-345,-361
18,31,662,1065,-335,-371
18,31,668,1072,-353,-353
18,31,669,1072,-345,-361
18,31,671,1039,-253,-76
18,31,671,1066,-418,-224
18,31,671,1075,-353,-353
18,31,672,1035,-238,0
18,31,672,1076,-345,-361
18,31,676,1044,-439,-87
18,31,677,1065,-300,-332
18,31,677,1068,-500,0
18,31,679,1035,-395,0
18,31,680,1045,-464,-92
18,31,680,1048,-478,-144
18,31,682,1051,-408,-192
18,31,685,1035,-447,0
18,31,685,1047,-484,-121
18,31,685,1079,-345,-361
18,31,685,1080,-345,-361
18,31,689,1035,-473,0
18,31,689,1057,-361,-345
18,31,690,1051,-442,-170
18,31,692,1035,-500,0
18,31,692,1035,-478,-144
18,31,692,1051,-482,-132
18,31,692,1067,-371,-335
18,31,692,1074,-353,-353
18,31,693,1035,-500,0
18,31,693,1035,-473,0
18,31,694,1050,-484,-121
18,31,694,1056,-470,-167
18,31,695,1049,-488,-109
18,31,695,1050,-484,-121
18,31,695,1054,-474,-156
18,31,697,1052,-416,-277
18,31,698,1053,-416,-277
18,31,699,1051,-482,-132
18,31,699,1058,-482,-132
18,31,699,1058,-466,-179
18,31,700,1048,-361,-345
18,31,700,1050,-457,-203
18,31,702,1035,-500,0
18,31,712,1035,-500,0
21,31,659,1032,-22,-14
21,31,662,1070,43,-446
21,31,664,1038,151,144
21,31,674,1081,11,-497
21,31,687,1051,0,0
21,31,687,1059,0,-314
21,31,689,1054,-23,-46
21,31,696,1093,8,-366
21,31,697,1044,0,0
21,31,697,1087,40,-417
21,31,697,1090,50,-415
21,31,697,1092,38,-391
21,31,700,1055,0,-183
21,31,700,1074,0,-500
21,31,700,1081,0,-500
21,31,700,1082,0,-500
21,31,700,1082,0,-471
21,31,700,1084,0,-471
21,31,700,1086,0,-500
21,31,700,1087,0,-500
21,31,700,1093,0,-500
21,31,700,1093,0,-418
21,31,700,1095,0,-392
21,31,700,1096,0,-471
21,31,700,1097,0,-500
21,31,703,1093,0,-340
21,31,704,1052,12,-23
21,31,704,1080,0,-444
21,31,704,1084,-21,-418
21,31,704,1086,0,-392
21,31,704,1090,0,-366
21,31,704,1091,0,-500
21,31,704,1093,0,-361
21,31,705,1084,-22,-444
21,31,705,1084,-21,-418
21,31,705,1090,-20,-392
21,31,705,1091,-29,-391
21,31,705,1092,-27,-365
21,31,705,1092,-18,-366
21,31,705,1092,-8,-366
21,31,706,1084,-31,-417
21,31,706,1084,-21,-418
21,31,706,1088,-29,-391
21,31,706,1092,-27,-365
21,31,706,1092,-18,-366
21,31,706,1093,-29,-391
21,31,706,1093,0,-340
21,31,707,1084,-50,-415
21,31,707,1084,-41,-417
21,31,707,1084,-21,-418
21,31,707,1087,-47,-313
21,31,707,1088,-29,-391
21,31,707,1092,-35,-365
21,31,707,1092,-27,-365
21,31,707,1092,-18,-366
21,31,708,1084,-21,-418
21,31,708,1092,-44,-363
21,31,708,1092,-35,-365
21,31,708,1092,-18,-366
21,31,708,1094,-33,-339
21,31,709,1084,-72,-412
21,31,709,1084,-21,-418
21,31,709,1085,-72,-412
21,31,709,1092,-44,-363
21,31,709,1092,-18,-366
21,31,710,1084,-21,-418
21,31,710,1092,-63,-360
21,31,710,1092,-18,-366
21,31,711,1060,0,-104
21,31,711,1075,-67,-386
21,31,711,1080,-22,-444
21,31,711,1092,-18,-366
21,31,711,1093,-71,-359
21,31,712,1059,-140,-425
21,31,712,1081,-139,-422
21,31,712,1092,-18,-366
21,31,712,1092,8,-366
21,31,712,1093,-80,-358
21,31,712,1093,-71,-359
21,31,713,1080,-22,-444
21,31,713,1092,-18,-366
21,31,714,1084,-21,-418
21,31,714,1092,-18,-366
21,31,715,1072,-139,-422
21,31,715,1080,-22,-444
21,31,715,1084,-21,-418
21,31,715,1092,-18,-366
21,31,715,1093,-97,-353
21,31,716,1073,-267,-421
21,31,716,1074,-371,-335
21,31,716,1092,-18,-366
21,31,716,1093,-106,-350
21,31,717,1056,-210,-331
21,31,717,1061,0,-444
21,31,717,1092,-18,-366
21,31,718,1056,-264,-253
21,31,718,1079,-353,-353
21,31,718,1080,-22,-444
21,31,719,1060,0,-500
21,31,719,1061,0,-444
21,31,719,1079,-345,-361
21,31,719,1084,-21,-418
21,31,719,1088,-150,-363
21,31,719,1092,-18,-366
21,31,720,1058,-155,-210
21,31,720,1068,-378,-326
21,31,720,1087,-188,-374
21,31,720,1092,-18,-366
21,31,721,1055,-248,-274
21,31,721,1061,0,-444
21,31,721,1070,-361,-345
21,31,721,1079,-345,-361
21,31,721,1084,-219,-387
21,31,721,1091,-159,-358
21,31,721,1092,-18,-366
21,31,722,1079,-345,-361
21,31,722,1083,-344,-359
21,31,722,1088,-198,-369
21,31,722,1092,-18,-366
21,31,722,1092,18,-366
21,31,723,1079,-353,-353
21,31,723,1079,-345,-361
21,31,723,1080,-371,-335
21,31,723,1083,-238,-375
21,31,723,1088,-206,-364
21,31,723,1091,-176,-351
21,31,723,1092,-18,-366
21,31,724,1079,-353,-353
21,31,724,1079,-345,-361
21,31,724,1083,-344,-359
21,31,724,1084,-21,-418
21,31,724,1085,-238,-375
21,31,725,1067,-189,-283
21,31,725,1079,-345,-361
21,31,725,1083,-344,-359
21,31,725,1092,-18,-366
21,31,726,1079,-345,-361
21,31,726,1083,-344,-359
21,31,726,1084,-21,-418
21,31,726,1086,-277,-416
21,31,726,1090,-202,-337
21,31,726,1092,-18,-366
21,31,727,1079,-345,-361
21,31,727,1082,-351,-351
21,31,727,1083,-344,-359
21,31,727,1092,-18,-366
21,31,728,1082,-334,-369
21,31,728,1083,-344,-359
21,31,728,1084,-21,-418
21,31,728,1092,-18,-366
21,31,729,1078,-361,-345
21,31,729,1083,-344,-359
21,31,729,1087,-273,-351
21,31,729,1092,-18,-366
21,31,729,1093,0,-340
21,31,730,1078,-361,-345
21,31,730,1083,-344,-359
21,31,730,1087,-273,-351
21,31,731,1076,-378,-326
21,31,731,1079,-361,-345
21,31,732,1081,-361,-345
21,31,732,1088,-29,-391
21,31,732,1092,-18,-366
21,31,733,1081,-361,-345
21,31,733,1082,-359,-344
21,31,733,1084,-21,-418
21,31,734,1057,0,-418
21,31,734,1082,-351,-351
21,31,734,1084,-21,-418
21,31,734,1092,-18,-366
21,31,735,1084,-359,-344
21,31,735,1084,-353,-353
21,31,735,1084,-351,-351
21,31,735,1092,-18,-366
21,31,735,1092,18,-366
21,31,736,1061,0,-444
21,31,736,1084,-21,-418
21,31,736,1092,-18,-366
21,31,736,1092,18,-366
21,31,737,1070,25,-497
21,31,737,1092,-18,-366
21,31,738,1080,-22,-444
21,31,738,1084,-21,-418
21,31,738,1092,-18,-366
21,31,738,1092,18,-366
21,31,739,1070,25,-497
21,31,739,1092,-18,-366
21,31,740,1084,-21,-418
21,31,741,1084,-21,-418
21,31,741,1092,-18,-366
21,31,742,1084,-21,-418
21,31,742,1092,-18,-366
21,31,743,1092,-18,-366
21,31,743,1092,18,-366
21,31,744,1070,25,-497
21,31,744,1084,-21,-418
21,31,744,1092,-18,-366
21,31,745,1084,-21,-418
21,31,745,1092,-18,-366
21,31,746,1080,0,-471
21,31,746,1084,-21,-418
21,31,746,1084,30,-417
21,31,746,1092,-18,-366
21,31,746,1092,18,-366
21,31,747,1073,0,-471
21,31,747,1092,-18,-366
21,31,747,1093,0,-340
21,31,748,1058,-205,-116
21,31,748,1084,-21,-418
21,31,748,1092,18,-366
21,31,749,1092,-18,-366
21,31,751,1065,37,-498
21,31,753,1059,-107,-431
21,31,753,1079,-57,-467
21,31,753,1088,28,-391
21,31,754,1088,-29,-391
21,31,754,1088,28,-391
21,31,756,1029,-1,25
21,31,756,1082,0,-418
21,31,756,1090,0,-366
21,31,757,1084,-21,-418
21,31,757,1088,-29,-391
21,31,778,1035,-421,0
21,31,798,1035,-500,0
21,31,798,1036,-500,-11
21,31,798,1036,-498,-37
22,30,729,1040,484,-121
22,30,730,1039,484,-121
22,30,731,1038,492,-85
22,30,731,1040,482,-132
22,30,731,1045,416,-277
22,30,732,1040,482,-132
22,30,734,1035,500,0
22,30,737,1039,466,-179
22,30,746,1043,-97,-490
22,30,747,1005,-60,-85
22,30,747,1006,-114,-64
22,30,747,1007,-104,2
22,30,747,1014,-26,-2
22,30,747,1015,0,-261
22,30,747,1034,0,-421
22,30,749,1026,10,-447
22,30,750,1045,-35,-472
22,30,752,1034,-72,-415
22,30,754,1030,-137,-453
22,30,756,1019,0,-78
22,30,756,1034,-134,-72
22,30,756,1035,-261,0
22,30,756,1035,-235,0
22,30,757,1035,-380,0
22,30,758,1053,0,-500
22,30,759,1035,-209,0
22,30,760,1038,-337,-248
22,30,765,1048,-236,-441
22,30,766,1047,-316,-386
22,30,766,1048,-236,-441
22,30,767,1035,-500,0
22,30,768,1035,-500,0
22,30,768,1052,0,-500
22,30,769,1035,-500,0
22,30,769,1042,-451,-212
22,30,769,1051,0,-500
22,30,773,1044,-409,-182
24,31,723,1053,461,91
24,31,725,1069,317,-122
24,31,726,1035,314,0
24,31,732,1052,0,-157
24,31,733,1081,378,-326
24,31,734,1084,345,-361
24,31,735,1039,-203,304
24,31,735,1082,361,-345
24,31,737,1084,353,-353
24,31,739,1036,26,-1
24,31,739,1041,195,-130
24,31,739,1081,361,-345
24,31,740,1035,52,0
24,31,741,1043,103,-269
24,31,742,1035,19,-16
24,31,742,1036,20,-16
24,31,742,1039,-82,-271
24,31,742,1045,-41,419
24,31,744,1035,20,-15
24,31,744,1035,266,-110
24,31,745,1041,80,193
24,31,745,1043,-211,-94
24,31,746,1035,10,-24
24,31,746,1071,371,-335
24,31,747,1025,13,22
24,31,747,1028,12,23
24,31,747,1029,11,23
24,31,747,1030,11,23
24,31,747,1030,13,-22
24,31,747,1031,-340,17
24,31,747,1031,-314,15
24,31,747,1031,-148,247
24,31,747,1031,-1,26
24,31,747,1031,0,0
24,31,747,1032,-1,26
24,31,747,1032,0,0
24,31,747,1032,0,130
24,31,747,1032,10,23
24,31,747,1032,11,23
24,31,747,1032,286,21
24,31,747,1035,0,0
24,31,747,1067,75,-250
24,31,748,1032,-93,126
24,31,748,1035,-183,0
24,31,748,1035,130,0
24,31,749,1028,92,49
24,31,749,1035,-209,0
24,31,749,1088,0,-392
24,31,749,1091,0,-340
24,31,750,1028,183,0
24,31,750,1031,-287,-28
24,31,750,1033,-157,0
24,31,750,1035,-209,0
24,31,750,1035,-157,0
24,31,750,1035,-130,0
24,31,750,1037,97,125
24,31,751,1033,-218,-187
24,31,751,1033,-209,4
24,31,752,1032,-182,-17
24,31,752,1039,-191,84
24,31,753,1020,-144,-151
24,31,753,1028,-172,-61
24,31,753,1032,-154,-98
24,31,753,1033,-169,-70
24,31,753,1033,-155,-210
24,31,753,1034,-212,-64
24,31,753,1035,-248,0
24,31,753,1040,-108,179
24,31,754,1031,-128,-165
24,31,754,1032,-169,-70
24,31,754,1033,-110,-150
24,31,754,1034,-182,-17
24,31,754,1034,-104,0
24,31,754,1034,-91,-162
24,31,754,1035,-35,-232
24,31,754,1040,-5,235
24,31,755,1014,35,98
24,31,755,1022,25,101
24,31,755,1030,-32,126
24,31,755,1031,-45,180
24,31,755,1033,-111,-208
24,31,755,1033,-77,-137
24,31,755,1033,-62,-115
24,31,755,1033,-51,-91
24,31,755,1034,-12,-23
24,31,755,1035,-157,0
24,31,755,1035,-52,0
24,31,755,1035,-49,18
24,31,755,1035,-43,-29
24,31,756,1036,-32,99
24,31,756,1036,-25,-123
24,31,756,1093,0,-340
24,31,756,1094,0,-447
24,31,757,1066,0,-418
24,31,757,1084,-21,-418
24,31,757,1088,-29,-391
24,31,757,1092,0,-366
24,31,758,1049,207,-199
24,31,758,1084,-21,-418
24,31,758,1084,0,-418
24,31,758,1092,-18,-366
24,31,758,1092,0,-366
24,31,758,1093,0,-340
24,31,758,1093,97,-353
24,31,759,1084,-21,-418
24,31,759,1088,-29,-391
24,31,759,1092,-18,-366
24,31,760,1084,0,-418
24,31,760,1092,-18,-366
24,31,760,1092,0,-366
24,31,761,1067,371,-335
24,31,761,1070,0,-497
24,31,761,1084,-21,-418
24,31,761,1084,0,-418
24,31,761,1092,0,-366
24,31,761,1093,0,-340
24,31,762,1084,-21,-418
24,31,762,1092,-18,-366
24,31,762,1092,8,-366
24,31,763,1084,-21,-418
24,31,763,1089,67,-386
24,31,763,1092,-18,-366
24,31,764,1061,0,-444
24,31,764,1084,-21,-418
24,31,764,1092,-18,-366
24,31,765,1092,-18,-366
24,31,765,1093,50,-418
24,31,766,1084,57,-470
24,31,766,1092,-18,-366
24,31,767,1074,60,-496
24,31,767,1092,20,-414
24,31,768,1086,0,-414
24,31,768,1086,0,-392
24,31,768,1089,0,-387
24,31,768,1090,0,-433
24,31,768,1090,0,-387
24,31,768,1090,0,-366
24,31,769,1084,-21,-418
24,31,769,1092,-18,-366
24,31,770,1061,0,-444
24,31,770,1084,-21,-418
24,31,770,1092,-18,-366
24,31,771,1092,-18,-366
24,31,772,1073,0,-471
24,31,772,1080,-22,-444
24,31,772,1092,-18,-366
24,31,772,1093,0,-340
24,31,773,1084,-21,-418
24,31,774,1092,-18,-366
24,31,776,1084,-21,-418
24,31,776,1084,358,-344
24,31,777,1092,-18,-366
24,31,778,1092,-18,-366
24,31,779,1073,0,-471
24,31,779,1074,-24,-471
24,31,779,1084,-21,-418
24,31,779,1092,-18,-366
24,31,779,1093,0,-340
24,31,780,1084,-21,-418
24,31,780,1092,-18,-366
24,31,781,1092,-18,-366
24,31,782,1083,343,-359
24,31,782,1083,351,-351
24,31,782,1084,345,-361
24,31,783,1092,-18,-366
24,31,785,1084,-21,-418
24,31,786,1079,361,-345
24,31,786,1092,-18,-366
24,31,787,1061,0,-444
24,31,787,1092,-18,-366
24,31,788,1092,18,-366
24,31,789,1092,-18,-366
24,31,790,1093,0,-340
24,31,791,1061,0,-444
24,31,791,1084,-21,-418
24,31,791,1092,-18,-366
24,31,792,1092,-18,-366
24,31,793,1084,-21,-418
24,31,793,1092,-18,-366
24,31,794,1092,-18,-366
24,31,795,1061,0,-444
24,31,797,1092,-18,-366
24,31,799,1093,0,-340
24,31,800,1084,-21,-418
24,31,800,1092,-18,-366
24,31,801,1092,-18,-366
24,31,807,1092,-18,-366
24,31,808,1084,-21,-418
24,31,808,1092,-18,-366
24,31,809,1092,-18,-366
24,31,812,1084,-21,-418
24,31,813,1092,-18,-366
24,31,817,1092,-18,-366
24,31,819,1092,-18,-366
24,31,820,1092,-18,-366
24,31,824,1092,-18,-366
24,31,832,1070,0,-497
24,31,832,1086,0,-392
24,31,832,1090,0,-387
24,31,832,1090,0,-366
24,31,833,1084,-21,-418
24,31,833,1092,-27,-365
24,31,834,1067,-31,-419
24,31,834,1072,22,-447
24,31,834,1073,-17,-340
24,31,834,1092,-18,-366
24,31,835,1067,21,-421
24,31,835,1069,22,-447
24,31,836,1062,0,-447
24,31,836,1067,0,-421
24,31,836,1082,0,-500
24,31,836,1090,-74,-494
24,31,836,1093,0,-392
24,31,836,1097,0,-500
24,31,855,1056,-312,-283
24,31,864,1036,-238,0
24,31,869,1048,-357,-168
24,31,874,1030,-421,0
24,31,877,1003,-447,0
24,31,885,1025,-473,0
24,31,902,1008,-500,0
29,103,992,3241,-70,467
29,103,996,3269,-134,128
29,103,1003,3264,-195,215
29,103,1023,3276,-407,111
29,103,1026,3293,-52,0
29,103,1028,3275,-437,97
29,103,1030,3276,-378,114
29,103,1033,3315,-151,-283
29,103,1034,3268,-404,190
29,103,1034,3297,-421,21
29,103,1035,3289,-418,50
29,103,1035,3330,0,-500
29,103,1037,3284,-447,0
29,103,1037,3291,-447,0
29,103,1037,3292,-447,0
29,103,1037,3293,-447,0
29,103,1037,3293,-446,33
29,103,1037,3294,-446,33
29,103,1037,3295,-447,0
29,103,1037,3296,-447,0
29,103,1037,3296,-382,229
29,103,1037,3297,-447,10
29,103,1037,3298,-447,0
29,103,1037,3299,-447,0
29,103,1037,3316,-447,0
29,103,1038,3284,-447,0
29,103,1038,3290,-447,22
29,103,1038,3316,-447,0
29,103,1046,3330,-441,-236
29,103,1051,3322,-470,-167
29,103,1052,3324,-451,-212
29,103,1052,3324,-402,-296
29,103,1052,3324,-361,-345
29,105,1035,3360,0,500
29,105,1035,3380,-224,417
29,105,1035,3393,0,-497
29,105,1037,3356,-85,492
29,105,1037,3378,-447,10
29,105,1038,3359,-277,416
29,105,1038,3369,-441,236
29,105,1039,3357,-167,470
29,105,1050,3366,-474,156
29,105,1051,3364,-470,167
29,105,1051,3365,-478,144
29,105,1051,3365,-470,167
29,105,1051,3366,-478,144
29,105,1051,3388,-144,-478
29,105,1052,3363,-500,0
29,105,1052,3363,-381,281
29,105,1052,3364,-253,399
29,105,1052,3365,-470,167
29,105,1053,3367,-490,97
29,105,1055,3366,-492,85
30,104,1000,3265,85,492
30,104,1018,3289,-207,366
30,104,1020,3285,-220,389
30,104,1025,3279,-224,417
30,104,1026,3295,-194,175
30,104,1027,3314,101,-152
30,104,1033,3372,-121,99
30,104,1034,3372,-58,86
30,104,1035,3372,0,52
30,104,1035,3372,0,78
30,104,1038,3282,-54,444
30,104,1039,3364,-159,239
30,104,1041,3285,-92,411
30,104,1044,3287,-132,400
30,104,1045,3283,-140,424
30,104,1045,3287,-141,396
30,104,1050,3275,-192,432
30,104,1052,3276,-181,438
30,104,1052,3352,-212,0
30,104,1055,3360,-209,0
30,104,1062,3324,-418,0
30,104,1063,3323,-235,0
30,104,1065,3361,-418,0
30,104,1066,3363,-421,0
30,104,1068,3346,-438,-76
30,104,1069,3361,-392,0
30,104,1074,3334,-471,23
30,104,1074,3337,-471,23
30,104,1074,3338,-471,23
30,104,1074,3340,-471,23
30,104,1074,3341,-471,23
30,104,1074,3348,-471,23
30,104,1074,3351,-471,23
30,104,1074,3359,-471,10
30,104,1077,3300,-361,345
30,104,1078,3363,-498,-37
30,104,1078,3364,-498,-37
30,104,1079,3294,-444,10
30,104,1080,3361,-444,22
30,104,1081,3364,-500,-25
30,104,1082,3311,-344,358
30,104,1082,3361,-440,22
30,104,1082,3364,-496,-60
30,104,1083,3295,-361,345
30,104,1083,3318,-417,30
30,104,1083,3319,-417,30
30,104,1083,3323,-417,30
30,104,1083,3326,-417,30
30,104,1083,3327,-417,30
30,104,1083,3329,-417,30
30,104,1083,3330,-417,30
30,104,1083,3331,-417,30
30,104,1083,3332,-417,30
30,104,1083,3333,-417,30
30,104,1083,3334,-417,30
30,104,1083,3335,-417,30
30,104,1083,3336,-417,30
30,104,1083,3337,-417,30
30,104,1083,3338,-417,30
30,104,1083,3339,-417,30
30,104,1083,3350,-417,30
30,104,1083,3352,-417,30
30,104,1083,3356,-417,30
30,104,1083,3358,-417,30
30,104,1083,3359,-418,0
30,104,1083,3359,-417,30
30,104,1083,3360,-417,30
30,104,1083,3361,-418,21
30,104,1083,3361,-417,30
30,104,1084,3361,-418,21
30,104,1084,3363,-418,0
30,104,1086,3361,-392,8
30,104,1087,3349,-392,19
30,104,1087,3360,-392,19
30,104,1087,3361,-392,8
30,104,1087,3361,-392,19
30,104,1088,3324,-366,0
30,104,1089,3363,-500,0
30,104,1090,3360,-366,0
30,104,1090,3361,-366,8
30,104,1090,3361,-366,18
30,104,1090,3363,-366,0
30,104,1091,3313,-366,18
30,104,1091,3315,-366,18
30,104,1091,3317,-366,18
30,104,1091,3318,-366,18
30,104,1091,3321,-366,18
30,104,1091,3322,-366,18
30,104,1091,3323,-366,18
30,104,1091,3324,-366,18
30,104,1091,3325,-366,18
30,104,1091,3326,-366,18
30,104,1091,3327,-366,18
30,104,1091,3328,-366,18
30,104,1091,3329,-366,18
30,104,1091,3330,-366,18
30,104,1091,3331,-366,18
30,104,1091,3332,-366,18
30,104,1091,3333,-366,18
30,104,1091,3334,-366,18
30,104,1091,3335,-366,18
30,104,1091,3336,-366,18
30,104,1091,3337,-366,18
30,104,1091,3338,-366,18
30,104,1091,3339,-366,18
30,104,1091,3340,-366,18
30,104,1091,3341,-366,18
30,104,1091,3342,-366,18
30,104,1091,3348,-366,18
30,104,1091,3349,-366,18
30,104,1091,3350,-366,18
30,104,1091,3351,-366,18
30,104,1091,3353,-366,18
30,104,1091,3355,-366,18
30,104,1091,3356,-366,18
30,104,1091,3357,-366,18
30,104,1091,3358,-366,18
30,104,1091,3359,-366,0
30,104,1091,3359,-366,18
30,104,1091,3360,-366,18
30,104,1091,3361,-366,8
30,104,1091,3364,-431,0
30,104,1091,3373,-478,-144
30,104,1092,3324,-340,0
30,104,1092,3361,-366,8
30,104,1092,3362,-421,0
30,104,1092,3364,-340,0
30,104,1093,3315,-340,0
30,104,1093,3320,-340,0
30,104,1093,3332,-340,0
30,104,1093,3334,-340,0
30,104,1093,3340,-340,0
30,104,1093,3361,-340,0
30,104,1093,3363,-366,0
30,104,1093,3366,-366,-18
30,104,1094,3360,-361,18
30,104,1094,3363,-500,0
30,104,1094,3364,-418,0
30,106,1014,3379,-167,-74
30,106,1024,3371,22,12
30,106,1024,3371,26,-1
30,106,1024,3371,217,-362
30,106,1025,3371,24,-10
30,106,1025,3371,25,1
30,106,1025,3371,82,-95
30,106,1025,3371,250,-305
30,106,1026,3371,0,0
30,106,1026,3371,49,-60
30,106,1027,3371,96,-40
30,106,1028,3371,22,13
30,106,1031,3377,-61,-172
30,106,1032,3371,161,-91
30,106,1032,3379,-116,-105
30,106,1033,3379,108,72
30,106,1034,3374,7,-314
30,106,1035,3349,0,421
30,106,1035,3364,-362,54
30,106,1035,3368,-16,19
30,106,1035,3369,0,52
30,106,1035,3371,0,0
30,106,1035,3374,242,-100
30,106,1036,3360,-3,51
30,106,1036,3365,-27,183
30,106,1037,3381,-48,392
30,106,1038,3364,-155,180
30,106,1042,3366,-158,174
30,106,1047,3322,-156,474
30,106,1047,3339,-137,453
30,106,1050,3400,123,347
30,106,1055,3352,-500,0
30,106,1055,3363,-182,148
30,106,1065,3352,-500,0
30,106,1076,3345,-361,345
30,106,1076,3361,-444,0
30,106,1077,3360,-444,0
30,106,1077,3361,-444,0
30,106,1078,3348,-416,277
30,106,1078,3348,-384,270
30,106,1078,3357,-490,97
30,106,1079,3347,-384,270
30,106,1079,3348,-419,266
30,106,1079,3348,-397,251
30,106,1079,3350,-410,231
30,106,1081,3351,-359,343
30,106,1081,3351,-351,351
30,106,1081,3352,-359,343
30,106,1081,3352,-351,351
30,106,1081,3355,-359,343
30,106,1081,3356,-359,343
30,106,1081,3356,-351,351
30,106,1081,3357,-359,343
30,106,1081,3357,-351,351
30,106,1081,3358,-359,343
30,106,1081,3360,-465,69
30,106,1081,3360,-359,343
30,106,1081,3360,-351,351
30,106,1081,3361,-351,351
30,106,1081,3362,-418,21
30,106,1081,3363,-418,9
30,106,1081,3365,-351,351
30,106,1081,3373,-359,343
30,106,1081,3373,-351,351
30,106,1081,3374,-359,343
30,106,1082,3343,-344,358
30,106,1082,3360,-454,55
30,106,1082,3361,-418,21
30,106,1082,3363,-444,0
30,106,1082,3364,-418,0
30,106,1083,3357,-488,109
30,106,1083,3361,-417,30
30,106,1083,3363,-483,11
30,106,1083,3363,-444,0
30,106,1083,3368,-500,0
30,106,1084,3357,-492,85
30,106,1084,3357,-340,325
30,106,1084,3358,-340,325
30,106,1084,3362,-418,21
30,106,1084,3363,-500,0
30,106,1084,3363,-500,11
30,106,1084,3364,-392,0
30,106,1084,3370,-340,325
30,106,1085,3356,-488,109
30,106,1085,3361,-392,8
30,106,1086,3369,-371,335
30,106,1087,3357,-494,74
30,106,1096,3421,-500,0
31,108,1023,3435,22,12
31,108,1023,3435,241,-344
31,108,1027,3435,130,0
31,108,1032,3436,-80,208
31,108,1032,3440,-290,14
31,108,1034,3435,-26,-2
31,108,1034,3435,-24,9
31,108,1035,3410,0,447
31,108,1035,3419,0,367
31,108,1035,3420,0,369
31,108,1035,3426,0,238
31,108,1035,3431,-6,25
31,108,1039,3504,-248,372
31,108,1040,3402,-257,429
31,108,1042,3435,-362,71
31,108,1044,3411,-129,428
31,108,1045,3385,-121,484
31,108,1045,3429,-253,-76
31,108,1047,3387,-144,478
31,108,1047,3428,-245,155
31,108,1048,3403,-159,445
31,108,1048,3441,31,-180
31,108,1049,3428,-229,-219
31,108,1049,3431,-210,-201
31,108,1050,3434,-84,-278
31,108,1050,3438,117,-176
31,108,1051,3385,85,492
31,108,1051,3429,-219,-229
31,108,1051,3434,-91,-276
31,108,1051,3435,13,-264
31,108,1051,3443,89,-128
31,108,1052,3432,-107,-325
31,108,1052,3436,0,-238
31,108,1053,3437,25,-263
31,108,1053,3439,74,-226
31,108,1053,3440,-66,-201
31,108,1054,3440,80,-196
31,108,1055,3427,-230,-254
31,108,1055,3443,115,-62
31,108,1055,3504,-233,350
31,108,1056,3517,-397,-187
31,108,1057,3500,-349,186
31,108,1062,3428,-309,-323
31,108,1062,3434,-118,-266
31,108,1064,3435,136,194
31,108,1065,3402,-335,371
31,108,1067,3426,-361,345
31,108,1068,3415,-321,307
31,108,1069,3400,-277,416
31,108,1070,3412,-345,361
31,108,1071,3403,-345,361
31,108,1071,3415,-345,361
31,108,1072,3432,-148,449
31,108,1074,3401,-335,371
31,108,1074,3402,-335,371
31,108,1074,3403,-345,361
31,108,1074,3403,-335,371
31,108,1075,3404,-361,345
31,108,1076,3404,-361,345
31,108,1076,3435,-462,103
31,108,1076,3435,-361,345
31,108,1087,3435,-407,111
31,108,1090,3433,-428,129
31,108,1091,3434,-433,108
31,108,1092,3431,-446,158
31,108,1092,3435,-462,103
31,108,1093,3431,-450,148
31,108,1097,3435,-462,103
31,108,1100,3430,-361,345
31,108,1100,3432,-482,132
31,108,1103,3430,-442,169
31,108,1114,3444,-500,0
31,108,1116,3499,-500,0
31,108,1124,3435,-404,110
31,108,1126,3499,-500,0
31,108,1131,3499,-478,144
33,108,1053,3387,48,498
33,108,1056,3413,0,421
33,108,1056,3415,0,395
33,108,1099,3413,0,421
33,108,1103,3443,138,-74
33,108,1105,3394,97,490
33,108,1105,3401,-353,353
33,108,1106,3401,-353,353
33,108,1106,3443,138,-74
33,108,1107,3401,-353,353
33,108,1112,3387,19,392
33,108,1112,3387,40,416
33,108,1112,3388,50,415
33,108,1112,3389,40,416
33,108,1113,3401,-353,353
33,108,1113,3442,101,-152
33,108,1113,3443,138,-74
33,108,1114,3401,-353,353
33,108,1118,3401,-353,353
33,108,1119,3401,-353,353
33,108,1120,3386,0,340
33,108,1120,3388,0,387
33,108,1120,3388,0,500
33,108,1120,3389,0,366
33,108,1120,3390,0,366
33,108,1120,3390,0,392
33,108,1120,3391,0,366
33,108,1120,3391,0,390
33,108,1120,3393,-21,418
33,108,1120,3401,-353,353
33,108,1120,3403,0,346
33,108,1120,3410,0,302
33,108,1120,3411,0,302
33,108,1120,3431,-35,69
33,108,1121,3389,-20,392
33,108,1121,3390,-22,431
33,108,1121,3390,-18,366
33,108,1121,3401,-353,353
33,108,1121,3427,-27,180
33,108,1122,3386,0,340
33,108,1122,3390,-27,364
33,108,1123,3386,0,340
33,108,1123,3390,-35,364
33,108,1123,3401,-353,353
33,108,1123,3422,-90,273
33,108,1123,3423,-96,270
33,108,1123,3428,-94,90
33,108,1124,3401,-353,353
33,108,1124,3427,-170,162
33,108,1124,3427,-113,108
33,108,1125,3386,0,340
33,108,1125,3389,-71,358
33,108,1125,3401,-353,353
33,108,1125,3442,101,-152
33,108,1126,3386,0,340
33,108,1126,3387,26,364
33,108,1126,3397,-344,358
33,108,1126,3401,-353,353
33,108,1127,3386,0,340
33,108,1127,3387,26,364
33,108,1127,3389,-89,354
33,108,1127,3401,-353,353
33,108,1128,3401,-353,353
33,108,1129,3386,0,340
33,108,1129,3401,-353,353
33,108,1130,3386,0,340
33,108,1130,3397,-344,358
33,108,1130,3401,-353,353
33,108,1130,3424,-191,182
33,108,1131,3386,0,340
33,108,1131,3401,-353,353
33,108,1132,3386,0,340
33,108,1132,3401,-353,353
33,108,1134,3401,-353,353
33,108,1136,3390,0,366
33,108,1136,3401,-353,353
33,108,1136,3427,0,209
33,108,1137,3395,-333,332
33,108,1138,3401,-353,353
33,108,1139,3401,-353,353
33,108,1140,3401,-353,353
33,108,1141,3401,-353,353
33,108,1142,3392,-232,348
33,108,1142,3401,-353,353
33,108,1143,3392,-232,348
33,108,1143,3397,-344,358
33,108,1143,3401,-353,353
33,108,1144,3401,-353,353
33,108,1145,3401,-353,353
33,108,1151,3397,-369,333
33,108,1152,3396,-356,340
33,108,1152,3397,-369,333
33,108,1152,3397,-359,343
33,108,1152,3398,-359,343
33,108,1152,3400,-386,316
33,108,1153,3398,-378,326
33,108,1156,3412,-500,0
33,108,1156,3436,-411,92
33,108,1161,3436,-408,101
33,108,1165,3429,-414,171
35,6,1087,277,361,-345
35,6,1091,274,371,-335
35,6,1120,261,0,-395
35,6,1120,269,0,-447
35,6,1120,275,0,-500
35,6,1120,277,0,-473
35,6,1120,289,0,-500
35,6,1120,294,0,-500
35,6,1123,274,371,-335
35,6,1124,267,0,-421
35,6,1124,269,0,-447
35,6,1124,270,-23,-447
35,6,1124,270,0,-447
35,6,1131,269,0,-447
35,6,1133,264,323,-309
35,6,1140,265,0,-421
35,6,1140,269,0,-447
35,6,1152,294,0,-500
35,6,1167,279,-345,-361
35,6,1169,279,-345,-361
35,6,1170,279,-345,-361
35,6,1170,280,-345,-361
35,6,1170,283,-344,-359
35,6,1171,280,-371,-335
35,6,1171,280,-361,-345
35,6,1172,294,144,-478
35,6,1173,279,-345,-361
35,6,1173,283,-344,-359
35,6,1174,279,-345,-361
35,6,1174,283,-359,-344
35,6,1175,285,144,-478
35,6,1176,283,-344,-359
35,6,1177,279,-345,-361
35,6,1177,283,-344,-359
35,6,1178,275,23,-312
35,6,1178,279,-345,-361
35,6,1179,279,-345,-361
35,6,1180,267,0,-421
35,6,1180,277,0,-473
35,6,1180,279,-361,-345
35,6,1180,279,-345,-361
35,6,1180,282,0,-500
35,6,1180,283,-344,-359
35,6,1180,297,0,-500
35,6,1181,279,-345,-361
35,6,1181,283,-344,-359
35,6,1181,283,-21,-418
35,6,1181,291,-8,-366
35,6,1182,279,-345,-361
35,6,1182,283,-344,-359
35,6,1182,292,18,-366
35,6,1183,270,25,-497
35,6,1183,283,-344,-359
35,6,1183,296,-30,-405
35,6,1184,279,-345,-361
35,6,1184,283,-344,-359
35,6,1184,284,0,-447
35,6,1184,286,0,-414
35,6,1184,286,0,-392
35,6,1184,289,0,-392
35,6,1184,290,0,-419
35,6,1184,290,0,-387
35,6,1184,290,0,-366
35,6,1184,293,0,-395
35,6,1184,293,0,-340
35,6,1185,279,-345,-361
35,6,1185,283,-344,-359
35,6,1185,284,-21,-418
35,6,1185,288,-29,-391
35,6,1185,292,18,-366
35,6,1186,279,-345,-361
35,6,1186,292,-18,-366
35,6,1186,292,18,-366
35,6,1187,270,25,-497
35,6,1187,279,-345,-361
35,6,1187,284,-21,-418
35,6,1187,292,-18,-366
35,6,1187,292,18,-366
35,6,1187,293,0,-340
35,6,1188,279,-345,-361
35,6,1188,280,-22,-444
35,6,1188,283,-344,-359
35,6,1188,284,-21,-418
35,6,1188,292,-18,-366
35,6,1189,279,-345,-361
35,6,1189,280,-22,-444
35,6,1189,283,-344,-359
35,6,1189,284,-21,-418
35,6,1189,288,-29,-391
35,6,1189,292,-18,-366
35,6,1189,293,0,-340
35,6,1190,280,-22,-444
35,6,1190,283,-344,-359
35,6,1190,284,-21,-418
35,6,1190,292,-18,-366
35,6,1190,293,0,-340
35,6,1191,283,-344,-359
35,6,1191,284,-21,-418
35,6,1191,292,-18,-366
35,6,1192,277,0,-444
35,6,1192,279,-345,-361
35,6,1192,283,-344,-359
35,6,1192,284,-21,-418
35,6,1192,292,-18,-366
35,6,1192,293,0,-340
35,6,1193,279,-345,-361
35,6,1193,280,-345,-361
35,6,1193,284,-21,-418
35,6,1193,284,30,-417
35,6,1193,292,-18,-366
35,6,1193,292,18,-366
35,6,1194,270,25,-497
35,6,1194,279,-345,-361
35,6,1194,284,-21,-418
35,6,1194,292,-18,-366
35,6,1194,292,18,-366
35,6,1195,273,0,-471
35,6,1195,279,-345,-361
35,6,1195,283,-344,-359
35,6,1195,292,-18,-366
35,6,1195,293,0,-340
35,6,1196,223,78,-7
35,6,1196,233,121,-47
35,6,1196,234,74,-167
35,6,1196,235,78,-7
35,6,1196,235,99,121
35,6,1196,236,56,146
35,6,1196,236,97,-65
35,6,1196,236,99,121
35,6,1196,238,11,156
35,6,1196,283,-344,-359
35,6,1196,284,-21,-418
35,6,1197,230,92,-126
35,6,1197,233,170,-66
35,6,1197,237,69,180
35,6,1197,238,59,167
35,6,1197,283,-344,-359
35,6,1197,292,-18,-366
35,6,1198,231,-132,83
35,6,1198,279,-353,-353
35,6,1198,283,-344,-359
35,6,1199,233,182,-17
35,6,1199,242,222,182
35,6,1199,279,-345,-361
35,6,1200,229,306,-144
35,6,1200,235,-15,156
35,6,1200,279,-345,-361
35,6,1201,233,235,5
35,6,1201,279,-353,-353
35,6,1201,282,-351,-351
35,6,1201,288,28,-391
35,6,1202,236,51,59
35,6,1202,279,-345,-361
35,6,1202,283,-344,-359
35,6,1203,231,-58,86
35,6,1203,231,314,15
35,6,1203,233,261,5
35,6,1203,283,-344,-359
35,6,1204,229,78,5
35,6,1204,230,0,0
35,6,1204,231,-254,135
35,6,1204,231,1,26
35,6,1204,231,269,161
35,6,1204,232,-10,-24
35,6,1204,233,2,-26
35,6,1204,233,184,-99
35,6,1204,233,227,128
35,6,1204,234,-10,-24
35,6,1204,279,-345,-361
35,6,1204,282,0,-418
35,6,1204,290,0,-366
35,6,1205,279,-345,-361
35,6,1205,283,-344,-359
35,6,1205,284,-21,-418
35,6,1205,288,-29,-391
35,6,1206,235,-10,-24
35,6,1206,279,-361,-345
35,6,1206,279,-345,-361
35,6,1207,279,-345,-361
35,6,1207,283,-344,-359
35,6,1208,235,144,-217
35,6,1208,283,-344,-359
35,6,1209,235,-21,-15
35,6,1209,235,-20,-16
35,6,1209,283,-344,-359
35,6,1210,283,-344,-359
35,6,1212,282,-359,-344
35,6,1213,235,-25,-5
35,6,1213,244,230,-231
35,6,1213,282,-351,-351
35,6,1214,245,-403,-121
35,6,1217,241,105,-350
35,6,1225,244,-464,-92
35,6,1241,252,-416,-277
35,6,1243,250,-482,-132
36,5,1108,190,0,-500
36,5,1108,195,0,-500
36,5,1180,239,335,-371
36,5,1182,248,236,-441
36,5,1182,250,335,-371
36,5,1183,251,306,-394
36,5,1183,256,37,-498
36,5,1184,227,0,-183
36,5,1184,235,500,0
36,5,1184,245,0,-473
36,5,1185,249,296,-402
36,5,1185,251,277,-416
36,5,1186,253,0,-500
36,5,1188,240,326,-217
36,5,1188,243,361,-345
36,5,1188,250,212,-451
36,5,1188,250,224,-447
36,5,1188,251,212,-451
36,5,1189,235,500,0
36,5,1189,253,0,-500
36,5,1191,252,121,-484
36,5,1193,254,43,-443
36,5,1194,235,435,-246
36,5,1195,233,207,-111
36,5,1195,234,0,-421
36,5,1195,235,183,0
36,5,1195,235,235,0
36,5,1196,204,-87,130
36,5,1196,234,-21,-421
36,5,1197,233,276,-148
36,5,1199,204,-90,-218
36,5,1199,208,228,-152
36,5,1199,212,144,151
36,5,1199,217,-107,-353
36,5,1200,234,-72,-415
36,5,1200,245,-257,-429
36,5,1201,207,71,31
36,5,1202,230,-137,-453
36,5,1203,206,196,80
36,5,1203,212,205,-36
36,5,1204,211,0,78
36,5,1204,227,0,-183
36,5,1204,229,0,-104
36,5,1206,253,0,-500
36,5,1209,238,-451,-212
36,5,1210,235,-208,-208
36,5,1213,235,-75,-250
36,5,1216,235,-500,0
36,5,1216,235,-485,0
36,5,1217,245,-416,-277
36,5,1218,248,-236,-441
36,5,1219,240,-474,-156
36,5,1219,241,-466,-179
36,5,1219,242,-457,-203
36,5,1220,241,-470,-167
36,5,1220,241,-466,-179
36,5,1223,240,-482,-132
38,6,1171,270,345,-361
38,6,1172,270,345,-361
38,6,1175,264,316,-316
38,6,1176,278,361,-345
38,6,1180,274,361,-345
38,6,1182,276,74,-494
38,6,1182,277,48,-498
38,6,1183,277,25,-500
38,6,1184,277,0,-466
38,6,1184,277,0,-444
38,6,1184,278,22,-444
38,6,1184,280,0,-473
38,6,1186,232,130,-7
38,6,1190,253,283,-346
38,6,1203,233,-62,-115
38,6,1203,233,59,-119
38,6,1203,234,-174,-116
38,6,1203,234,-160,-112
38,6,1203,235,-78,0
38,6,1203,235,-52,0
38,6,1204,264,0,-418
38,6,1204,273,0,-471
38,6,1204,293,0,-340
38,6,1205,259,266,-255
38,6,1205,272,361,-345
38,6,1205,274,361,-345
38,6,1205,283,-21,-418
38,6,1205,284,-21,-418
38,6,1205,288,-29,-391
38,6,1205,291,-8,-366
38,6,1206,284,-21,-418
38,6,1206,284,0,-418
38,6,1206,292,-18,-366
38,6,1206,292,0,-366
38,6,1207,280,-22,-444
38,6,1207,284,-21,-418
38,6,1207,292,-18,-366
38,6,1208,292,-18,-366
38,6,1208,294,-51,-418
38,6,1209,280,-22,-444
38,6,1209,284,-21,-418
38,6,1210,284,-21,-418
38,6,1210,292,-18,-366
38,6,1211,284,-21,-418
38,6,1211,292,-18,-366
38,6,1212,292,-18,-366
38,6,1213,275,-24,-471
38,6,1213,284,-21,-418
38,6,1214,280,-22,-444
38,6,1214,292,-18,-366
38,6,1215,264,316,-316
38,6,1215,281,361,-345
38,6,1215,292,-18,-366
38,6,1216,262,323,-309
38,6,1216,263,323,-309
38,6,1216,280,-22,-444
38,6,1216,284,-21,-418
38,6,1217,280,-22,-444
38,6,1217,292,-18,-366
38,6,1218,275,-24,-471
38,6,1218,278,361,-345
38,6,1218,292,-18,-366
38,6,1219,275,-24,-471
38,6,1219,292,-18,-366
38,6,1220,284,-21,-418
38,6,1220,292,-18,-366
38,6,1220,292,0,-366
38,6,1221,284,-21,-418
38,6,1221,292,-18,-366
38,6,1222,292,-18,-366
38,6,1223,280,-22,-444
38,6,1223,284,-21,-418
38,6,1223,293,0,-340
38,6,1224,284,-21,-418
38,6,1224,292,-18,-366
38,6,1224,292,0,-366
38,6,1225,280,-22,-444
38,6,1225,284,-21,-418
38,6,1225,292,-18,-366
38,6,1226,280,-22,-444
38,6,1226,284,-21,-418
38,6,1226,292,-18,-366
38,6,1227,284,-21,-418
38,6,1227,292,-18,-366
38,6,1228,284,-21,-418
38,6,1228,292,-18,-366
38,6,1228,293,0,-340
38,6,1229,292,-18,-366
38,6,1230,261,0,-444
38,6,1230,280,-22,-444
38,6,1231,292,-18,-366
38,6,1232,284,-21,-418
38,6,1232,292,-18,-366
38,6,1233,280,-22,-444
38,6,1233,292,-18,-366
38,6,1234,292,-18,-366
38,6,1234,293,0,-340
38,6,1235,280,-22,-444
38,6,1235,284,-21,-418
38,6,1235,292,-18,-366
38,6,1235,292,18,-366
38,6,1236,270,25,-497
38,6,1236,280,-22,-444
38,6,1236,292,-18,-366
38,6,1237,292,-18,-366
38,6,1238,260,314,-314
38,6,1238,261,0,-444
38,6,1238,284,-21,-418
38,6,1238,292,-18,-366
38,6,1238,292,18,-366
38,6,1239,261,0,-444
38,6,1239,270,25,-497
38,6,1239,292,-18,-366
38,6,1239,292,18,-366
38,6,1239,293,0,-340
38,6,1240,270,25,-497
38,6,1240,280,-22,-444
38,6,1240,292,-18,-366
38,6,1241,238,39,96
38,6,1241,284,-21,-418
38,6,1241,284,0,-418
38,6,1241,292,-18,-366
38,6,1241,292,0,-366
38,6,1241,293,0,-340
38,6,1242,270,0,-497
38,6,1242,280,-22,-444
38,6,1242,284,-21,-418
38,6,1242,292,-18,-366
38,6,1242,292,0,-366
38,6,1243,261,0,-444
38,6,1243,292,-18,-366
38,6,1243,295,0,-500
38,6,1244,280,-22,-444
38,6,1244,292,-18,-366
38,6,1245,284,-21,-418
38,6,1245,292,-18,-366
38,6,1246,280,-22,-444
38,6,1246,290,0,-366
38,6,1246,292,-18,-366
38,6,1247,284,-21,-418
38,6,1247,292,-18,-366
38,6,1248,283,-21,-418
38,6,1248,283,0,-440
38,6,1248,284,-21,-418
38,6,1248,286,0,-414
38,6,1248,286,0,-392
38,6,1248,287,0,-414
38,6,1248,287,0,-392
38,6,1248,290,0,-387
38,6,1248,290,0,-366
38,6,1248,291,0,-387
38,6,1248,292,-18,-366
38,6,1248,292,0,-387
38,6,1249,284,-22,-446
38,6,1249,284,-21,-418
38,6,1249,289,-20,-392
38,6,1249,292,-27,-365
38,6,1249,292,-18,-366
38,6,1250,293,-29,-392
38,6,1251,284,-21,-418
38,6,1251,292,-18,-366
38,6,1252,252,-94,-90
38,6,1252,284,-21,-418
38,6,1252,292,-18,-366
38,6,1252,292,0,-366
38,6,1252,293,0,-340
38,6,1253,270,-25,-497
38,6,1253,284,-21,-418
38,6,1253,292,-18,-366
38,6,1254,284,-21,-418
38,6,1254,284,0,-418
38,6,1254,292,-18,-366
38,6,1254,292,0,-366
38,6,1255,264,0,-418
38,6,1255,284,-21,-418
38,6,1255,284,0,-418
38,6,1255,292,-18,-366
38,6,1255,292,0,-366
38,6,1255,293,0,-340
38,6,1256,270,-25,-497
38,6,1256,284,-21,-418
38,6,1256,292,-18,-366
38,6,1256,293,0,-340
38,6,1257,258,-117,-263
38,6,1257,280,-22,-444
38,6,1257,284,-21,-418
38,6,1257,291,-89,-355
38,6,1257,292,-18,-366
38,6,1258,261,0,-444
38,6,1258,284,-21,-418
38,6,1258,286,-130,-397
38,6,1258,292,-18,-366
38,6,1259,292,-18,-366
38,6,1260,280,-22,-444
38,6,1260,284,-21,-418
38,6,1260,290,-123,-372
38,6,1260,292,-18,-366
38,6,1260,293,-106,-350
38,6,1260,293,0,-340
38,6,1261,284,-21,-418
38,6,1261,290,-132,-369
38,6,1261,292,-18,-366
38,6,1261,293,0,-340
38,6,1262,284,-21,-418
38,6,1262,288,0,-392
38,6,1262,292,-18,-366
38,6,1262,293,0,-340
38,6,1263,292,-18,-366
38,6,1263,293,0,-340
38,6,1264,284,-21,-418
38,6,1264,288,-29,-391
38,6,1264,292,-18,-366
38,6,1265,270,-353,-353
38,6,1265,281,-252,-397
38,6,1265,291,-159,-358
38,6,1265,292,-18,-366
38,6,1265,293,0,-340
38,6,1266,292,-18,-366
38,6,1267,280,-22,-444
38,6,1267,292,-18,-366
38,6,1268,284,-21,-418
38,6,1268,292,-18,-366
38,6,1269,292,-18,-366
38,6,1270,280,-22,-444
38,6,1270,289,-232,-348
38,6,1271,283,-280,-379
38,6,1271,292,-18,-366
38,6,1272,277,-361,-345
38,6,1272,284,-21,-418
38,6,1273,287,-273,-351
38,6,1273,292,-18,-366
38,6,1274,278,-361,-345
38,6,1274,279,-361,-345
38,6,1274,292,-18,-366
38,6,1275,279,-361,-345
38,6,1275,284,-21,-418
38,6,1276,278,-361,-345
38,6,1276,281,-353,-353
38,6,1276,292,-18,-366
38,6,1277,263,-369,-334
38,6,1277,280,-22,-444
38,6,1277,284,-21,-418
38,6,1277,292,-18,-366
38,6,1278,280,-22,-444
38,6,1278,282,-361,-345
38,6,1278,292,-18,-366
38,6,1279,277,-378,-326
38,6,1279,284,-353,-353
38,6,1279,292,-18,-366
38,6,1280,281,-353,-353
38,6,1281,281,-361,-345
38,6,1281,292,-18,-366
38,6,1281,292,0,-366
38,6,1282,292,-18,-366
38,6,1283,280,-378,-326
38,6,1283,284,-21,-418
38,6,1284,284,-21,-418
38,6,1284,292,-18,-366
38,6,1285,292,-18,-366
38,6,1286,284,-21,-418
38,6,1286,293,0,-340
38,6,1287,292,-18,-366
38,6,1288,284,-21,-418
38,6,1288,292,-18,-366
38,6,1289,284,-21,-418
38,6,1289,292,-18,-366
38,6,1290,284,-21,-418
38,6,1290,292,-18,-366
38,6,1291,273,0,-471
38,6,1291,284,-21,-418
38,6,1291,292,-18,-366
38,6,1291,293,0,-340
38,6,1291,294,0,-340
38,6,1291,295,0,-395
38,6,1292,218,86,57
38,6,1292,232,61,115
38,6,1292,232,89,-218
38,6,1292,233,108,-113
38,6,1292,235,-87,130
38,6,1292,236,99,121
38,6,1292,237,26,154
38,6,1292,284,-21,-418
38,6,1292,292,-18,-366
38,6,1293,241,100,242
38,6,1293,242,100,242
38,6,1293,284,0,-418
38,6,1293,288,0,-392
38,6,1293,292,-18,-366
38,6,1293,292,0,-366
38,6,1294,228,-135,80
38,6,1295,242,222,182
38,6,1297,233,261,5
38,6,1300,230,312,23
38,6,1300,231,0,0
38,6,1300,231,22,13
38,6,1300,231,78,3
38,6,1300,231,269,161
38,6,1300,232,94,-44
38,6,1300,233,130,6
38,6,1301,235,91,51
38,6,1302,235,-10,-24
38,6,1308,235,139,-189
38,6,1323,239,-466,-179
40,5,1219,230,378,-326
40,5,1226,217,361,-345
40,5,1231,201,457,-126
40,5,1253,238,192,-433
40,5,1255,235,181,-409
40,5,1255,239,169,-442
40,5,1268,234,0,-421
40,5,1273,240,484,-121
40,5,1273,242,466,-179
40,5,1274,241,478,-144
40,5,1274,245,435,-246
40,5,1278,235,500,0
40,5,1279,235,418,0
40,5,1279,235,500,0
40,5,1280,238,478,-144
40,5,1281,239,478,-144
40,5,1281,240,457,-203
40,5,1281,243,394,-306
40,5,1283,244,326,-378
40,5,1285,232,198,-372
40,5,1285,244,287,-408
40,5,1291,207,-21,-14
40,5,1291,234,0,-421
40,5,1291,238,0,-447
40,5,1292,231,34,-126
40,5,1294,234,0,-421
40,5,1294,234,82,-413
40,5,1295,230,-217,-326
40,5,1296,250,107,-431
40,5,1297,220,86,-386
40,5,1300,231,41,-419
40,5,1300,234,0,-421
40,5,1302,235,-341,0
40,5,1304,234,0,-421
40,5,1304,235,-209,0
40,5,1304,239,-378,-326
40,5,1305,235,-314,-30
40,5,1305,253,-132,-482
40,5,1307,235,-500,0
40,5,1308,253,0,-500
40,5,1311,253,0,-500
40,5,1312,245,0,-473
40,5,1313,246,-236,-441
40,5,1313,248,-236,-441
40,5,1314,249,-345,-361
40,5,1332,241,0,-473
40,5,1371,251,-212,-451
41,6,1242,235,340,0
41,6,1251,235,500,0
41,6,1257,247,488,-109
41,6,1259,235,500,0
41,6,1262,235,447,0
41,6,1263,235,471,0
41,6,1266,244,462,-103
41,6,1269,280,353,-353
41,6,1277,282,358,-344
41,6,1281,283,368,-334
41,6,1281,284,358,-344
41,6,1281,285,332,-333
41,6,1282,282,361,-345
41,6,1282,283,358,-344
41,6,1283,281,361,-345
41,6,1283,281,371,-335
41,6,1283,283,343,-359
41,6,1283,286,325,-340
41,6,1284,280,353,-353
41,6,1284,281,353,-353
41,6,1285,283,343,-359
41,6,1286,283,343,-359
41,6,1287,282,351,-351
41,6,1287,283,343,-359
41,6,1287,283,351,-351
41,6,1288,283,343,-359
41,6,1289,283,343,-359
41,6,1290,283,343,-359
41,6,1291,231,-340,17
41,6,1291,231,-314,15
41,6,1291,231,0,0
41,6,1291,235,-104,0
41,6,1291,283,343,-359
41,6,1292,283,343,-359
41,6,1293,226,-500,0
41,6,1293,233,-94,90
41,6,1293,283,343,-359
41,6,1293,288,0,-392
41,6,1294,231,-287,-28
41,6,1294,235,-130,0
41,6,1294,283,343,-359
41,6,1294,288,-20,-392
41,6,1295,233,-209,4
41,6,1295,282,351,-351
41,6,1295,283,343,-359
41,6,1296,232,-221,-141
41,6,1296,279,353,-353
41,6,1296,288,-20,-392
41,6,1297,253,0,-314
41,6,1297,283,343,-359
41,6,1297,288,197,-369
41,6,1298,231,-174,-116
41,6,1298,272,353,-353
41,6,1298,283,343,-359
41,6,1299,233,-111,-208
41,6,1299,233,-99,-121
41,6,1299,234,-195,-19
41,6,1299,234,-11,-23
41,6,1299,235,-78,0
41,6,1299,235,-52,0
41,6,1299,236,-260,-25
41,6,1299,282,351,-351
41,6,1299,283,343,-359
41,6,1300,282,351,-351
41,6,1300,283,343,-359
41,6,1300,291,114,-348
41,6,1301,273,0,-471
41,6,1301,284,-21,-418
41,6,1301,288,-29,-391
41,6,1301,293,0,-340
41,6,1302,280,-22,-444
41,6,1302,283,343,-359
41,6,1302,284,-21,-418
41,6,1302,290,131,-369
41,6,1302,292,-18,-366
41,6,1302,293,0,-340
41,6,1303,283,343,-359
41,6,1303,284,-21,-418
41,6,1303,288,122,-372
41,6,1303,292,-18,-366
41,6,1303,293,0,-340
41,6,1304,264,0,-418
41,6,1304,273,0,-471
41,6,1304,279,353,-353
41,6,1304,280,-22,-444
41,6,1304,283,343,-359
41,6,1304,284,-21,-418
41,6,1304,286,140,-394
41,6,1304,292,-18,-366
41,6,1304,293,0,-340
41,6,1305,284,-21,-418
41,6,1305,292,-18,-366
41,6,1305,293,0,-340
41,6,1306,283,343,-359
41,6,1306,283,351,-351
41,6,1306,284,-21,-418
41,6,1306,292,-18,-366
41,6,1307,272,353,-353
41,6,1307,280,-22,-444
41,6,1307,283,343,-359
41,6,1307,284,-21,-418
41,6,1307,289,67,-386
41,6,1307,292,-18,-366
41,6,1307,293,0,-340
41,6,1308,272,353,-353
41,6,1308,284,-21,-418
41,6,1308,289,67,-386
41,6,1308,290,44,-363
41,6,1308,292,-18,-366
41,6,1308,292,54,-362
41,6,1309,280,-22,-444
41,6,1309,283,343,-359
41,6,1309,284,-21,-418
41,6,1309,284,50,-415
41,6,1309,284,62,-414
41,6,1309,286,58,-388
41,6,1309,288,38,-391
41,6,1309,292,-18,-366
41,6,1310,280,-22,-444
41,6,1310,283,343,-359
41,6,1310,284,-21,-418
41,6,1310,288,28,-391
41,6,1310,288,38,-391
41,6,1310,290,35,-365
41,6,1310,292,-18,-366
41,6,1310,292,26,-365
41,6,1311,283,343,-359
41,6,1311,284,-21,-418
41,6,1311,284,21,-418
41,6,1311,292,-18,-366
41,6,1311,292,18,-366
41,6,1311,292,19,-387
41,6,1311,292,25,-500
41,6,1312,269,0,-328
41,6,1312,280,-22,-444
41,6,1312,282,0,-440
41,6,1312,284,-21,-418
41,6,1312,284,0,-418
41,6,1312,284,22,-440
41,6,1312,286,0,-414
41,6,1312,286,0,-392
41,6,1312,289,0,-387
41,6,1312,290,0,-387
41,6,1312,290,0,-366
41,6,1312,291,0,-500
41,6,1312,292,-18,-366
41,6,1312,292,0,-366
41,6,1312,292,18,-366
41,6,1313,275,-24,-471
41,6,1313,283,343,-359
41,6,1313,284,-21,-418
41,6,1313,292,-18,-366
41,6,1314,283,343,-359
41,6,1314,284,-21,-418
41,6,1314,292,-18,-366
41,6,1315,257,0,-209
41,6,1315,282,351,-351
41,6,1315,283,343,-359
41,6,1315,292,-18,-366
41,6,1316,260,0,-287
41,6,1316,267,0,-473
41,6,1316,267,0,-421
41,6,1316,277,0,-473
41,6,1316,282,0,-500
41,6,1316,283,0,-500
41,6,1316,283,343,-359
41,6,1316,286,0,-471
41,6,1316,289,0,-500
41,6,1316,290,0,-392
41,6,1316,291,0,-366
41,6,1316,294,0,-500
41,6,1316,297,0,-500
41,6,1317,273,353,-353
41,6,1317,283,343,-359
41,6,1318,279,353,-353
41,6,1318,287,-31,-417
41,6,1319,287,-31,-417
41,6,1319,291,-20,-392
41,6,1320,287,0,-418
41,6,1320,291,0,-392
41,6,1324,295,-144,-478
41,6,1325,283,343,-359
41,6,1326,283,343,-359
41,6,1326,283,351,-351
41,6,1351,254,193,-213
41,6,1376,269,0,-447
41,6,1376,277,0,-473
41,6,1402,267,-341,0
43,6,1300,235,471,0
43,6,1301,235,500,0
43,6,1304,235,500,0
43,6,1305,235,497,0
43,6,1306,235,500,0
43,6,1306,236,482,-132
43,6,1306,245,484,-121
43,6,1307,247,484,-121
43,6,1308,242,484,-121
43,6,1308,248,488,-109
43,6,1309,247,484,-121
43,6,1311,237,488,-109
43,6,1315,248,361,-345
43,6,1318,235,500,0
43,6,1318,240,482,-132
43,6,1325,246,490,-97
43,6,1325,247,488,-109
43,6,1325,253,432,-192
43,6,1325,253,474,-156
43,6,1329,245,433,-108
43,6,1329,251,474,-156
43,6,1330,246,488,-109
43,6,1334,244,462,-103
43,6,1334,250,470,-167
43,6,1335,235,340,7
43,6,1335,245,462,-103
43,6,1335,246,393,-151
43,6,1335,246,457,-126
43,6,1335,246,458,-114
43,6,1337,247,453,-137
43,6,1338,244,378,-114
43,6,1339,256,500,-25
43,6,1340,242,355,-98
43,6,1340,242,357,-89
43,6,1340,245,433,-108
43,6,1341,243,347,-124
43,6,1341,246,431,-119
43,6,1342,255,335,-371
43,6,1343,243,411,-92
43,6,1343,247,424,-140
43,6,1344,248,421,-150
43,6,1345,245,403,-121
43,6,1346,245,403,-121
43,6,1347,245,433,-108
43,6,1348,243,381,-105
43,6,1348,245,433,-108
43,6,1348,257,335,-371
43,6,1353,242,355,-98
43,6,1353,245,433,-108
43,6,1354,245,433,-108
43,6,1355,241,390,-58
43,6,1356,274,353,-353
43,6,1356,274,361,-345
43,6,1357,240,306,-76
43,6,1357,258,297,-298
43,6,1357,262,361,-345
43,6,1357,269,335,-371
43,6,1357,270,361,-345
43,6,1357,277,345,-361
43,6,1357,278,335,-371
43,6,1357,278,345,-361
43,6,1358,240,366,-44
43,6,1358,241,306,-76
43,6,1358,272,353,-353
43,6,1358,276,353,-353
43,6,1358,277,345,-361
43,6,1358,277,353,-353
43,6,1359,243,438,-87
43,6,1359,271,353,-353
43,6,1359,281,296,-402
43,6,1360,281,296,-402
43,6,1361,250,423,-212
43,6,1361,273,345,-361
43,6,1361,274,345,-361
43,6,1361,274,353,-353
43,6,1361,280,296,-402
43,6,1365,274,296,-402
43,6,1366,272,345,-361
43,6,1366,273,296,-402
43,6,1366,273,345,-361
43,6,1367,263,345,-361
43,6,1368,268,345,-361
43,6,1376,261,0,-395
43,6,1376,269,0,-447
43,6,1376,270,335,-371
43,6,1376,277,0,-473
43,6,1376,297,0,-500
43,6,1379,242,337,-150
43,6,1380,268,361,-345
43,6,1384,292,144,-478
43,6,1385,245,353,-274
43,6,1385,293,144,-478
43,6,1389,290,132,-482
43,6,1392,265,-371,-198
43,6,1396,243,21,14
43,6,1396,267,0,-421
43,6,1396,269,0,-447
43,6,1398,267,-222,0
43,6,1402,269,-470,-167
43,6,1402,285,-167,-470
43,6,1404,282,-246,-435
43,6,1409,277,-306,-394
44,7,1336,250,500,11
44,7,1336,252,500,0
44,7,1337,260,500,0
44,7,1340,248,498,37
44,7,1340,249,498,37
44,7,1341,250,498,48
44,7,1341,257,500,25
44,7,1344,279,408,-287
44,7,1345,235,500,0
44,7,1345,279,408,-287
44,7,1345,281,408,-287
44,7,1348,289,340,-325
44,7,1348,291,340,-325
44,7,1348,292,340,-325
44,7,1348,294,340,-325
44,7,1348,295,340,-325
44,7,1348,297,340,-325
44,7,1348,298,340,-325
44,7,1348,299,340,-325
44,7,1348,300,340,-325
44,7,1349,282,358,-344
44,7,1349,282,368,-334
44,7,1350,273,353,-353
44,7,1350,282,358,-344
44,7,1350,282,368,-334
44,7,1350,283,368,-334
44,7,1350,285,343,-359
44,7,1350,296,358,-344
44,7,1350,297,358,-344
44,7,1351,266,345,-361
44,7,1351,287,351,-351
44,7,1351,288,351,-351
44,7,1351,290,351,-351
44,7,1351,291,351,-351
44,7,1351,293,351,-351
44,7,1351,294,351,-351
44,7,1351,296,351,-351
44,7,1352,296,351,-351
44,7,1353,266,345,-361
44,7,1354,293,361,-345
44,7,1355,235,500,0
44,7,1355,281,361,-345
44,7,1355,282,361,-345
44,7,1355,283,361,-345
44,7,1355,284,361,-345
44,7,1355,285,361,-345
44,7,1355,287,361,-345
44,7,1355,288,361,-345
44,7,1355,290,361,-345
44,7,1355,291,361,-345
44,7,1355,292,361,-345
44,7,1355,293,353,-353
44,7,1355,293,361,-345
44,7,1357,253,287,-408
44,7,1357,285,296,-402
44,7,1358,253,447,0
44,7,1358,268,345,-361
44,7,1359,291,407,-244
44,7,1370,235,235,0
44,7,1372,290,312,-283
44,7,1373,242,52,1
44,7,1375,250,338,50
44,7,1376,247,247,-237
44,7,1376,316,500,0
44,7,1379,289,11,-500
44,7,1379,304,48,-498
44,7,1380,252,107,0
44,7,1380,252,158,19
44,7,1380,253,159,0
44,7,1381,253,159,0
44,7,1382,267,-367,207
44,7,1382,302,181,-438
44,7,1383,303,169,-442
44,7,1383,309,277,-416
44,7,1384,295,160,-387
44,7,1384,299,160,-417
44,7,1385,299,160,-417
44,7,1386,254,-276,-91
44,7,1386,300,129,-428
44,7,1386,300,139,-425
44,7,1388,254,-263,19
44,7,1389,271,-294,-176
44,7,1389,308,0,-302
44,7,1390,299,82,-413
44,7,1391,254,-223,73
44,7,1391,257,-238,112
44,7,1393,250,-179,35
44,7,1394,252,-126,92
44,7,1394,255,64,-146
44,7,1395,300,211,-395
44,7,1396,298,0,-314
44,7,1396,299,0,-287
44,7,1396,322,194,-387
44,7,1397,296,198,-372
44,7,1397,322,204,-382
44,7,1398,295,189,-377
44,7,1398,300,-15,-208
44,7,1398,319,224,-447
44,7,1398,322,184,-391
44,7,1399,305,-20,-208
44,7,1399,317,206,-410
44,7,1399,322,203,-457
44,7,1400,321,203,-457
44,7,1401,301,160,-417
44,7,1401,317,203,-457
44,7,1402,297,141,-396
44,7,1405,306,224,-447
44,7,1405,317,212,-451
44,7,1406,296,30,-154
44,7,1410,326,37,-498
44,7,1412,298,0,-421
44,7,1412,301,0,-447
44,7,1412,305,0,-473
44,7,1412,308,0,-500
44,7,1412,308,224,-447
44,7,1412,308,361,-345
44,7,1412,309,0,-473
44,7,1413,298,-21,-421
44,7,1426,277,375,-123
44,7,1435,282,339,-203
44,7,1446,283,0,0
53,124,1629,3956,500,0
53,124,1647,3956,447,0
53,124,1648,3946,425,128
53,124,1654,3940,380,179
53,124,1655,3947,397,130
53,124,1655,3956,395,0
53,124,1659,3932,362,217
53,124,1664,3906,332,332
53,124,1664,3907,355,340
53,124,1664,3908,345,361
53,124,1664,3908,355,340
53,124,1664,3908,358,343
53,124,1664,3908,368,333
53,124,1664,3909,368,333
53,124,1665,3909,368,333
53,124,1666,3908,353,353
53,124,1666,3909,361,345
53,124,1667,3909,358,343
53,124,1667,3910,345,361
53,124,1669,3909,358,343
53,124,1669,3909,378,326
53,124,1669,3934,343,281
53,124,1670,3909,358,343
53,124,1671,3909,358,343
53,124,1671,3913,353,353
53,124,1671,3920,411,170
53,124,1672,3909,351,351
53,124,1672,3909,358,343
53,124,1673,3908,351,351
53,124,1673,3909,345,361
53,124,1673,3909,351,351
53,124,1673,3909,358,343
53,124,1674,3904,232,348
53,124,1674,3909,358,343
53,124,1675,3908,351,351
53,124,1675,3909,358,343
53,124,1676,3902,0,366
53,124,1676,3903,28,391
53,124,1676,3909,358,343
53,124,1676,3911,371,335
53,124,1677,3902,0,366
53,124,1677,3903,0,366
53,124,1677,3909,358,343
53,124,1678,3902,0,366
53,124,1678,3903,0,366
53,124,1678,3908,351,351
53,124,1678,3909,358,343
53,124,1678,3913,353,353
53,124,1678,3939,293,265
53,124,1679,3902,0,366
53,124,1679,3908,351,351
53,124,1679,3909,358,343
53,124,1680,3902,0,366
53,124,1680,3908,343,358
53,124,1680,3909,358,343
53,124,1681,3898,0,340
53,124,1681,3903,28,391
53,124,1681,3909,351,351
53,124,1681,3909,358,343
53,124,1682,3898,0,340
53,124,1682,3909,351,351
53,124,1682,3909,358,343
53,124,1683,3898,0,340
53,124,1683,3908,351,351
53,124,1683,3909,358,343
53,124,1683,3938,158,174
53,124,1683,3941,252,228
53,124,1684,3898,0,340
53,124,1684,3899,26,364
53,124,1684,3909,358,343
53,124,1685,3909,358,343
53,124,1686,3899,26,364
53,124,1686,3908,351,351
53,124,1686,3909,358,343
53,124,1687,3898,0,340
53,124,1687,3908,351,351
53,124,1687,3909,358,343
53,124,1688,3898,0,340
53,124,1688,3908,351,351
53,124,1688,3909,358,343
53,124,1689,3898,0,340
53,124,1689,3908,351,351
53,124,1689,3909,358,343
53,124,1689,3913,353,353
53,124,1690,3898,0,340
53,124,1690,3904,80,357
53,124,1690,3908,351,351
53,124,1690,3909,351,351
53,124,1690,3909,358,343
53,124,1690,3937,189,180
53,124,1690,3938,0,264
53,124,1691,3898,0,340
53,124,1691,3908,351,351
53,124,1691,3909,358,343
53,124,1691,3930,130,314
53,124,1692,3898,0,340
53,124,1692,3899,26,364
53,124,1692,3907,74,494
53,124,1692,3908,351,351
53,124,1692,3909,358,343
53,124,1692,3910,351,351
53,124,1692,3934,103,268
53,124,1692,3936,111,235
53,124,1692,3938,169,162
53,124,1692,3939,153,178
53,124,1692,3939,169,162
53,124,1693,3898,0,340
53,124,1693,3909,358,343
53,124,1694,3898,0,340
53,124,1694,3902,30,412
53,124,1694,3908,351,351
53,124,1695,3898,0,340
53,124,1695,3899,0,340
53,124,1695,3900,19,387
53,124,1695,3900,25,500
53,124,1695,3901,19,395
53,124,1695,3905,30,416
53,124,1695,3908,351,351
53,124,1695,3909,358,343
53,124,1695,3928,368,333
53,124,1695,3942,43,123
53,124,1696,3898,0,340
53,124,1696,3898,7,340
53,124,1696,3900,0,366
53,124,1696,3900,0,500
53,124,1696,3902,0,366
53,124,1696,3902,0,387
53,124,1696,3903,0,366
53,124,1696,3909,358,343
53,124,1696,3943,0,78
53,124,1696,3952,-207,-240
53,124,1697,3908,351,351
53,124,1697,3909,358,343
53,124,1698,3900,18,366
53,124,1698,3908,351,351
53,124,1698,3909,358,343
53,124,1698,3911,371,335
53,124,1699,3900,8,366
53,124,1699,3908,351,351
53,124,1699,3909,358,343
53,124,1699,3923,21,421
53,124,1699,3939,0,130
53,124,1699,3940,0,104
53,124,1700,3894,0,447
53,124,1700,3898,0,340
53,124,1700,3899,0,366
53,124,1700,3900,0,366
53,124,1700,3900,0,392
53,124,1700,3901,0,418
53,124,1700,3902,0,418
53,124,1700,3905,0,471
53,124,1700,3908,351,351
53,124,1700,3909,358,343
53,124,1700,3918,0,447
53,124,1700,3927,0,395
53,124,1700,3939,169,162
53,124,1700,3940,0,78
53,124,1700,3940,0,104
53,124,1701,3898,-8,366
53,124,1701,3904,0,471
53,124,1701,3908,351,351
53,124,1701,3909,358,343
53,124,1702,3908,351,351
53,124,1702,3909,358,343
53,124,1702,3953,-151,-144
53,124,1703,3900,-20,392
53,124,1703,3908,351,351
53,124,1703,3909,358,343
53,124,1704,3898,-29,391
53,124,1704,3908,351,351
53,124,1704,3909,358,343
53,124,1704,3954,-132,-126
53,124,1705,3908,351,351
53,124,1705,3909,358,343
53,124,1705,3953,-134,-128
53,124,1706,3908,351,351
53,124,1706,3909,351,351
53,124,1706,3909,358,343
53,124,1706,3938,191,182
53,124,1707,3908,351,351
53,124,1707,3909,358,343
53,124,1708,3908,351,351
53,124,1708,3909,358,343
53,124,1709,3908,351,351
53,124,1709,3909,358,343
53,124,1710,3908,351,351
53,124,1710,3909,358,343
53,124,1710,3951,147,-148
53,124,1714,3938,191,182
53,124,1716,3925,0,421
53,124,1716,3937,0,287
53,124,1716,3939,169,162
53,124,1725,3951,-150,-213
53,124,1727,3948,244,-101
53,124,1732,3952,-90,-218
53,124,1739,3953,-116,-174
53,124,1749,3939,-400,200
53,124,1760,3922,0,447
53,124,1760,3927,0,395
53,124,1760,3932,0,369
53,124,1770,3952,80,-66
55,124,1687,3956,500,0
55,124,1688,3956,500,0
55,124,1689,3956,500,0
55,124,1693,3949,492,85
55,124,1694,3955,300,0
55,124,1695,3956,500,0
55,124,1697,3956,435,246
55,124,1702,3956,500,0
55,124,1704,3924,298,210
55,124,1704,3935,345,361
55,124,1722,3941,418,149
55,124,1723,3948,411,92
55,124,1724,3942,445,158
55,124,1727,3944,421,150
55,124,1728,3943,421,150
55,124,1728,3947,408,101
55,124,1728,3950,414,72
55,124,1729,3946,403,121
55,124,1730,3946,433,108
55,124,1730,3947,408,101
55,124,1731,3947,492,85
55,124,1731,3949,385,86
55,124,1732,3946,433,108
55,124,1734,3947,408,101
55,124,1739,3916,353,353
55,124,1739,3917,353,353
55,124,1739,3943,453,136
55,124,1740,3914,353,353
55,124,1740,3917,353,353
55,124,1741,3914,335,371
55,124,1741,3915,353,353
55,124,1741,3916,361,345
55,124,1741,3917,353,353
55,124,1741,3917,361,345
55,124,1741,3923,345,361
55,124,1741,3956,0,0
55,124,1742,3915,335,371
55,124,1742,3915,353,353
55,124,1742,3916,345,361
55,124,1742,3916,353,353
55,124,1742,3920,353,353
55,124,1743,3949,442,66
55,124,1744,3950,414,72
55,124,1745,3915,345,361
55,124,1746,3915,353,353
55,124,1746,3917,353,353
55,124,1746,3918,353,353
55,124,1747,3949,412,82
55,124,1748,3947,408,101
55,124,1749,3916,345,361
55,124,1749,3917,345,361
55,124,1750,3938,247,237
55,124,1750,3950,332,-83
55,124,1751,3914,345,361
55,124,1752,3949,385,86
55,124,1753,3915,345,361
55,124,1756,3916,361,345
55,124,1756,3946,-31,-315
55,124,1758,3935,285,273
55,124,1758,3950,234,-212
55,124,1763,3951,-74,-226
55,124,1764,3951,-23,-237
55,124,1764,3952,-123,-205
55,124,1765,3949,69,-255
55,124,1765,3951,-107,-213
55,124,1765,3952,200,-172
55,124,1767,3899,156,474
55,124,1770,3931,-339,140
55,124,1771,3923,129,428
55,124,1772,3928,-366,-35
55,124,1773,3944,193,-80
55,124,1779,3938,-149,-278
55,124,1780,3915,224,447
55,124,1780,3922,0,447
55,124,1780,3932,0,369
55,124,1780,3936,0,52
55,124,1780,3938,0,238
55,124,1780,3944,19,17
55,124,1780,3946,0,0
55,124,1780,3946,19,16
55,124,1780,3946,64,214
55,124,1780,3947,0,130
55,124,1780,3947,25,-4
55,124,1780,3948,0,-104
55,124,1780,3949,2,-104
55,124,1780,3950,0,0
55,124,1780,3950,24,7
55,124,1780,3951,85,115
55,124,1780,3952,92,126
55,124,1780,3954,78,-61
55,124,1780,3954,87,-49
55,124,1874,3964,-212,451
56,118,1721,3777,405,-30
56,118,1722,3773,500,0
56,118,1723,3774,361,0
56,118,1723,3775,340,0
56,118,1723,3776,340,0
56,118,1723,3776,360,26
56,118,1723,3777,340,0
56,118,1723,3777,340,17
56,118,1723,3779,340,0
56,118,1723,3780,340,0
56,118,1723,3780,361,0
56,118,1723,3781,340,0
56,118,1723,3782,340,0
56,118,1723,3783,340,0
56,118,1723,3784,340,0
56,118,1723,3785,340,0
56,118,1723,3787,340,0
56,118,1723,3789,340,0
56,118,1723,3792,340,0
56,118,1723,3793,340,0
56,118,1723,3795,340,0
56,118,1723,3796,340,0
56,118,1723,3798,340,0
56,118,1723,3799,340,0
56,118,1723,3800,340,0
56,118,1723,3801,340,0
56,118,1723,3802,340,0
56,118,1723,3803,340,0
56,118,1723,3804,340,0
56,118,1723,3805,340,0
56,118,1723,3806,340,0
56,118,1723,3807,340,0
56,118,1724,3773,366,0
56,118,1724,3774,366,0
56,118,1724,3775,364,35
56,118,1724,3775,496,60
56,118,1724,3780,340,0
56,118,1725,3774,366,0
56,118,1725,3775,366,0
56,118,1726,3778,366,8
56,118,1727,3780,366,0
56,118,1727,3780,387,0
56,118,1728,3780,366,0
56,118,1730,3773,500,0
56,118,1731,3836,392,0
56,118,1731,3836,419,0
56,118,1732,3748,378,326
56,118,1733,3748,371,335
56,118,1733,3838,418,-21
56,118,1733,3839,469,-46
56,118,1734,3772,500,25
56,118,1734,3852,387,-219
56,118,1735,3836,418,0
56,118,1735,3838,418,-21
56,118,1735,3849,397,-200
56,118,1736,3847,406,-180
56,118,1736,3852,391,-261
56,118,1737,3787,335,-371
56,118,1737,3788,345,-361
56,118,1737,3851,397,-252
56,118,1737,3851,421,-267
56,118,1738,3782,361,-345
56,118,1738,3851,416,-277
56,118,1739,3781,361,-345
56,118,1739,3790,361,-345
56,118,1739,3796,361,-345
56,118,1739,3826,361,-345
56,118,1739,3829,361,-345
56,118,1739,3833,361,-345
56,118,1742,3769,361,-345
56,118,1742,3775,444,53
56,118,1743,3800,340,-8
56,118,1747,3776,335,-371
56,118,1750,3770,345,-361
56,118,1750,3819,345,-361
56,118,1753,3759,386,67
56,118,1753,3763,345,-361
56,118,1757,3757,361,-345
56,118,1760,3751,335,-371
56,118,1760,3752,335,-371
56,118,1760,3753,325,174
56,118,1764,3744,148,-450
56,118,1764,3747,361,-345
56,118,1764,3799,75,-72
56,118,1765,3744,148,-450
56,118,1765,3745,148,-450
56,118,1772,3738,114,378
56,118,1772,3850,121,-403
56,118,1774,3830,-212,-100
56,118,1776,3821,-195,75
56,118,1778,3820,-134,71
56,118,1779,3819,-208,-20
56,118,1780,3820,-121,-33
56,118,1782,3726,0,447
56,118,1782,3821,-94,-90
56,118,1784,3828,-130,0
56,118,1786,3828,-46,62
56,118,1786,3828,-45,64
56,118,1787,3726,0,447
56,118,1787,3730,0,447
56,118,1787,3828,-330,165
56,118,1787,3828,-26,0
56,118,1787,3828,-23,-12
56,118,1787,3828,-22,-14
56,118,1787,3828,-11,77
56,118,1787,3828,0,0
56,118,1787,3828,18,48
56,118,1788,3828,-48,61
56,118,1789,3828,-60,85
56,118,1791,3755,494,74
56,118,1795,3730,0,447
56,118,1795,3743,0,342
56,118,1804,3712,0,500
56,118,1841,3722,0,500
56,118,1844,3724,0,500
56,118,1844,3735,0,395
56,118,1852,3710,0,500
56,118,1852,3711,0,500
56,118,1857,3762,-235,5
56,118,1859,3761,-261,13
56,118,1860,3762,-235,5
56,118,1861,3760,-260,-25
56,118,1861,3762,-260,-25
56,118,1864,3763,-162,-86
56,118,1871,3779,194,-123
56,120,1719,3875,447,0
56,120,1720,3874,500,0
56,120,1720,3875,500,0
56,120,1721,3875,500,0
56,120,1721,3876,500,0
56,120,1722,3841,366,-18
56,120,1722,3863,500,0
56,120,1722,3875,340,0
56,120,1722,3875,366,0
56,120,1722,3875,500,0
56,120,1722,3876,361,0
56,120,1722,3876,392,0
56,120,1723,3828,340,0
56,120,1723,3830,340,0
56,120,1723,3831,340,0
56,120,1723,3832,340,0
56,120,1723,3833,340,0
56,120,1723,3834,340,0
56,120,1723,3835,340,0
56,120,1723,3836,340,0
56,120,1723,3837,340,0
56,120,1723,3838,340,0
56,120,1723,3839,340,0
56,120,1723,3840,340,0
56,120,1723,3842,340,0
56,120,1723,3843,340,0
56,120,1723,3844,340,0
56,120,1723,3845,340,0
56,120,1723,3846,340,0
56,120,1723,3847,340,0
56,120,1723,3848,340,0
56,120,1723,3849,340,0
56,120,1723,3850,340,0
56,120,1723,3851,340,0
56,120,1723,3854,340,0
56,120,1723,3855,340,0
56,120,1723,3856,340,0
56,120,1723,3857,340,0
56,120,1723,3858,340,0
56,120,1723,3859,340,0
56,120,1723,3860,340,0
56,120,1723,3861,340,0
56,120,1723,3863,340,0
56,120,1723,3864,340,0
56,120,1723,3865,340,0
56,120,1723,3867,340,0
56,120,1723,3868,340,0
56,120,1723,3869,340,0
56,120,1723,3871,340,0
56,120,1723,3872,340,0
56,120,1723,3873,340,0
56,120,1723,3874,340,0
56,120,1723,3875,340,0
56,120,1723,3875,366,0
56,120,1723,3875,392,0
56,120,1723,3876,361,0
56,120,1723,3877,366,-18
56,120,1723,3878,366,-18
56,120,1724,3821,366,-8
56,120,1724,3836,340,0
56,120,1724,3838,366,-8
56,120,1724,3839,366,-18
56,120,1724,3842,418,-10
56,120,1724,3874,500,0
56,120,1724,3876,361,0
56,120,1724,3877,366,-8
56,120,1724,3877,366,0
56,120,1724,3878,366,0
56,120,1725,3839,366,-18
56,120,1725,3840,366,0
56,120,1726,3873,366,8
56,120,1726,3878,392,-20
56,120,1727,3819,366,0
56,120,1727,3836,366,0
56,120,1727,3839,366,0
56,120,1728,3821,392,-9
56,120,1728,3822,392,0
56,120,1728,3877,392,0
56,120,1729,3821,392,-20
56,120,1729,3822,392,0
56,120,1729,3875,500,0
56,120,1730,3873,392,8
56,120,1730,3875,500,0
56,120,1731,3836,392,0
56,120,1731,3875,500,0
56,120,1731,3876,414,0
56,120,1731,3876,500,0
56,120,1732,3805,361,345
56,120,1732,3876,414,0
56,120,1732,3877,418,-21
56,120,1734,3806,358,343
56,120,1734,3808,351,351
56,120,1735,3807,345,361
56,120,1735,3811,358,343
56,120,1736,3875,498,37
56,120,1737,3875,500,0
56,120,1740,3872,444,0
56,120,1740,3873,444,0
56,120,1740,3874,444,0
56,120,1740,3875,444,0
56,120,1740,3875,444,10
56,120,1742,3875,447,0
56,120,1747,3820,495,-37
56,120,1753,3872,418,0
56,120,1761,3835,171,164
56,120,1761,3840,261,0
56,120,1764,3872,104,0
56,120,1764,3873,104,0
56,120,1768,3915,160,-417
56,120,1770,3795,139,424
56,120,1776,3769,74,494
56,120,1779,3782,9,433
56,120,1779,3826,33,-341
56,120,1780,3770,0,500
56,120,1780,3788,0,500
56,120,1780,3797,0,421
56,120,1780,3819,192,-85
56,120,1780,3819,196,-75
56,120,1780,3821,-107,-213
56,120,1780,3827,0,-130
56,120,1780,3827,46,-25
56,120,1781,3825,74,-138
56,120,1782,3825,28,-289
56,120,1783,3823,152,-101
56,120,1784,3819,25,-5
56,120,1784,3821,208,-20
56,120,1784,3823,175,-263
56,120,1784,3827,93,-50
56,120,1785,3819,65,-43
56,120,1785,3826,73,-110
56,120,1786,3820,-25,-5
56,120,1793,3826,86,-130
56,120,1796,3825,310,46
56,120,1801,3827,57,-87
56,120,1812,3819,0,0
56,120,1812,3820,45,25
56,123,1720,3932,500,0
56,123,1720,3933,500,0
56,123,1720,3934,500,-25
56,123,1720,3940,500,0
56,123,1721,3932,500,0
56,123,1721,3956,500,0
56,123,1722,3956,500,0
56,123,1723,3956,366,0
56,123,1725,3947,484,121
56,123,1729,3910,386,316
56,123,1730,3908,371,335
56,123,1730,3908,378,326
56,123,1730,3911,402,296
56,123,1730,3913,402,296
56,123,1731,3914,416,277
56,123,1732,3891,332,332
56,123,1732,3892,332,332
56,123,1733,3907,351,351
56,123,1733,3909,358,343
56,123,1733,3909,368,333
56,123,1733,3922,371,335
56,123,1734,3906,343,358
56,123,1734,3907,351,351
56,123,1734,3909,358,343
56,123,1734,3910,358,343
56,123,1734,3916,345,361
56,123,1734,3916,353,353
56,123,1735,3894,358,343
56,123,1735,3895,358,343
56,123,1735,3896,358,343
56,123,1735,3897,358,343
56,123,1735,3898,358,343
56,123,1735,3899,358,343
56,123,1735,3900,358,343
56,123,1735,3901,358,343
56,123,1735,3902,358,343
56,123,1735,3903,358,343
56,123,1735,3904,358,343
56,123,1735,3905,358,343
56,123,1735,3906,358,343
56,123,1735,3907,358,343
56,123,1735,3909,351,351
56,123,1735,3909,358,343
56,123,1735,3909,361,345
56,123,1735,3910,358,343
56,123,1735,3913,353,353
56,123,1735,3917,353,353
56,123,1736,3922,335,371
56,123,1737,3913,353,353
56,123,1737,3940,473,0
56,123,1739,3901,353,353
56,123,1741,3916,361,345
56,123,1741,3947,437,97
56,123,1742,3880,371,335
56,123,1744,3882,353,353
56,123,1745,3940,447,0
56,123,1748,3884,361,345
56,123,1748,3947,408,101
56,123,1749,3884,345,361
56,123,1749,3940,421,0
56,123,1755,3940,369,-8
56,123,1759,3926,273,285
56,123,1760,3907,80,66
56,123,1761,3939,185,0
56,123,1762,3939,238,0
56,123,1763,3927,121,403
56,123,1764,3884,181,438
56,123,1764,3935,75,72
56,123,1765,3888,171,414
56,123,1765,3888,181,408
56,123,1765,3889,181,408
56,123,1766,3888,171,414
56,123,1767,3867,156,474
56,123,1767,3892,181,408
56,123,1768,3880,371,335
56,123,1769,3920,-364,150
56,123,1770,3891,139,424
56,123,1771,3869,121,484
56,123,1772,3870,132,482
56,123,1779,3919,10,-209
56,123,1780,3883,0,500
56,123,1780,3922,0,-104
56,123,1782,3909,-25,-500
56,123,1782,3923,0,-52
56,123,1783,3917,253,135
56,123,1786,3916,-45,-257
56,123,1788,3898,285,-273
56,123,1788,3916,-63,-253
56,123,1790,3919,75,-107
56,123,1790,3922,39,-97
56,123,1790,3923,89,-128
56,123,1792,3911,226,-176
56,123,1795,3922,101,-152
56,123,1796,3899,382,95
56,123,1861,3923,-117,-63
56,123,1862,3923,-164,-87
56,123,1899,3901,0,500
57,119,1764,3834,466,-179
57,119,1764,3836,361,-345
57,119,1764,3836,402,-296
57,119,1764,3836,500,0
57,119,1768,3843,441,-236
57,119,1771,3802,224,447
57,119,1774,3805,203,457
57,119,1777,3840,378,-326
57,119,1777,3841,109,-488
57,119,1777,3845,121,-484
57,119,1778,3819,447,0
57,119,1778,3835,167,-470
57,119,1779,3834,132,-482
57,119,1780,3831,0,-276
57,119,1782,3822,414,72
57,119,1782,3822,416,62
57,119,1782,3825,416,-62
57,119,1784,3826,283,-189
57,119,1785,3825,283,-189
57,119,1785,3826,283,-189
57,119,1786,3823,389,67
57,119,1800,3828,9,24
57,119,1800,3828,26,-1
57,119,1801,3828,23,-12
57,119,1801,3828,26,0
57,119,1804,3828,0,0
57,119,1805,3828,104,0
57,119,1806,3824,108,-147
57,119,1808,3819,0,0
57,119,1810,3823,-77,11
57,119,1811,3820,-301,-212
57,119,1852,3753,408,287
57,119,1856,3748,457,203
57,119,1857,3751,306,394
57,119,1859,3764,500,0
57,119,1860,3747,361,345
57,119,1860,3747,451,212
57,121,1762,3876,394,140
57,121,1764,3875,500,0
57,121,1764,3876,361,345
57,121,1764,3876,451,212
57,121,1764,3876,500,0
57,121,1764,3877,474,156
57,121,1764,3930,466,-179
57,121,1767,3873,394,306
57,121,1771,3869,287,408
57,121,1771,3899,335,371
57,121,1774,3867,179,466
57,121,1775,3869,167,470
57,121,1777,3887,447,-10
57,121,1777,3903,447,-10
57,121,1778,3876,447,0
57,121,1778,3884,447,0
57,121,1778,3901,447,0
57,121,1778,3902,447,-10
57,121,1780,3874,0,500
57,121,1780,3883,152,304
57,121,1780,3884,98,184
57,121,1786,3901,395,-9
57,121,1802,3897,-247,-148
57,121,1810,3901,-91,-51
57,121,1810,3902,-124,-168
57,121,1811,3903,-86,-162
57,121,1811,3905,-86,-162
57,121,1811,3906,-44,-177
57,121,1813,3858,176,-48
57,121,1814,3859,130,-7
57,121,1892,3859,73,34
57,121,1893,3859,107,-5
57,121,1894,3859,130,-26
57,121,1896,3919,-236,441
57,121,1896,3919,-235,438
57,121,1899,3824,-23,447
57,121,1899,3829,0,421
69,5,2196,237,0,-447
69,5,2281,204,-141,75
69,5,2281,204,-121,99
69,5,2281,204,-74,110
69,5,2281,205,-84,103
69,5,2281,206,-15,158
69,5,2282,205,-74,110
69,5,2282,208,50,121
69,5,2283,204,-157,30
69,5,2291,172,-4,-25
69,5,2294,217,-266,-118
69,5,2296,171,-20,-16
69,5,2299,219,-320,-123
69,5,2306,232,-283,-346
69,5,2306,233,-283,-346
69,5,2313,209,-416,-62
69,5,2314,187,-421,0
69,5,2314,188,-421,0
69,5,2314,209,-415,-72
69,5,2317,186,-447,10
69,5,2317,187,-447,0
69,5,2317,188,-447,0
69,5,2317,189,-447,0
69,5,2317,192,-447,0
69,5,2317,193,-447,0
69,5,2317,195,-447,0
69,5,2317,197,-447,0
69,5,2317,198,-447,0
69,5,2317,199,-447,0
69,5,2317,202,-447,0
69,5,2317,203,-447,0
69,5,2317,207,-446,-43
69,5,2318,188,-447,0
69,5,2318,197,-447,0
69,5,2318,203,-447,0
69,5,2321,188,-473,0
69,5,2325,189,-473,0
69,5,2327,223,-441,-236
69,5,2328,157,-335,371
69,5,2328,223,-378,-326
69,5,2328,223,-361,-345
69,5,2328,224,-378,-326
69,7,2227,308,-109,-488
69,7,2233,301,-482,-132
69,7,2233,301,-408,-287
69,7,2280,203,3,-26
69,7,2281,207,-21,-211
69,7,2282,203,-26,-2
69,7,2283,211,115,-62
69,7,2289,204,182,-223
69,7,2309,225,-395,0
69,7,2310,225,-395,19
69,7,2310,236,-383,95
69,7,2311,223,-394,38
69,7,2314,219,-419,41
69,7,2314,224,-419,41
69,7,2314,225,-421,21
69,7,2314,226,-421,0
69,7,2315,223,-418,50
69,7,2315,247,0,-287
69,7,2317,209,-447,22
69,7,2317,212,-447,0
69,7,2317,214,-447,0
69,7,2317,216,-447,0
69,7,2317,217,-447,0
69,7,2317,218,-447,0
69,7,2317,219,-447,0
69,7,2317,220,-447,0
69,7,2317,221,-447,0
69,7,2317,223,-447,0
69,7,2317,224,-447,0
69,7,2317,225,-447,0
69,7,2317,225,-447,10
69,7,2317,226,-447,0
69,7,2317,227,-447,0
69,7,2317,228,-447,0
69,7,2317,241,-447,22
69,7,2317,244,-447,0
69,7,2318,212,-447,0
69,7,2318,214,-447,0
69,7,2318,221,-447,0
69,7,2318,222,-447,0
69,7,2318,224,-447,0
69,7,2318,225,-447,0
69,7,2318,226,-447,0
69,7,2318,244,-447,0
69,7,2319,254,-203,-457
69,7,2319,254,-191,-462
69,7,2319,255,-191,-462
69,7,2320,257,-191,-462
69,7,2321,228,-473,0
69,7,2323,262,-203,-457
69,7,2326,190,-441,236
69,7,2327,191,-441,236
69,7,2327,259,-441,-236
69,7,2328,192,-394,306
69,7,2330,190,-500,0
69,7,2330,230,-361,-345
69,7,2332,200,-500,0
69,7,2332,245,-500,0
70,3,2304,171,500,-25
70,3,2315,140,-16,222
70,3,2315,140,-5,223
70,3,2315,141,-60,201
70,3,2315,141,0,104
70,3,2315,142,0,104
70,3,2315,142,0,130
70,3,2315,143,0,130
70,3,2315,145,0,-26
70,3,2315,163,0,-26
70,3,2315,173,0,-447
70,3,2316,132,61,115
70,3,2316,148,130,243
70,3,2317,144,152,101
70,3,2317,145,152,101
70,3,2317,146,152,101
70,3,2319,142,208,20
70,3,2321,154,-102,-408
70,3,2321,162,-44,-363
70,3,2322,132,258,-39
70,3,2322,153,-92,-411
70,3,2322,158,-108,-433
70,3,2323,152,-114,-378
70,3,2324,140,55,-282
70,3,2324,149,-109,-488
70,3,2324,162,-114,-459
70,3,2325,166,-121,-484
70,3,2325,167,-121,-484
70,3,2325,195,-121,-484
70,3,2327,141,-150,-421
70,3,2327,159,-121,-484
70,3,2328,107,-20,-16
70,3,2328,136,-182,-409
70,3,2328,141,79,-399
70,3,2328,142,79,-399
70,3,2328,169,-144,-478
70,3,2329,169,-144,-478
70,3,2330,108,392,0
70,3,2332,150,-148,-450
70,3,2335,135,-258,-332
70,3,2335,138,-248,-372
70,3,2336,188,-361,-345
70,3,2337,134,-292,-339
70,3,2338,174,-335,-371
70,3,2339,191,-246,-435
70,3,2340,140,-345,-361
70,3,2340,144,-287,-408
70,3,2342,140,-300,-366
70,3,2343,145,-361,-345
70,3,2343,148,-361,-345
70,3,2344,149,-345,-361
70,3,2344,158,-345,-361
70,3,2346,122,-419,41
70,3,2346,124,-421,0
70,3,2347,107,-128,-228
70,3,2347,145,-361,-345
70,3,2347,151,-361,-345
70,3,2347,153,-361,-345
70,3,2347,154,-361,-345
70,3,2347,154,-345,-361
70,3,2349,120,-444,53
70,3,2350,152,-361,-345
70,3,2350,153,-361,-345
70,3,2350,153,-353,-353
70,3,2350,155,-361,-345
70,3,2350,158,-361,-345
70,3,2352,150,-361,-345
70,3,2352,156,-353,-353
70,3,2352,165,-353,-353
70,3,2353,156,-287,-408
70,3,2354,153,-361,-345
70,3,2354,154,-361,-345
70,3,2354,155,-361,-345
70,3,2354,157,-361,-345
70,3,2354,158,-361,-345
70,3,2354,159,-361,-345
70,3,2354,161,-361,-345
70,3,2355,153,-361,-345
70,3,2355,169,-361,-345
70,3,2357,151,-361,-345
70,3,2358,156,-361,-345
70,3,2358,157,-361,-345
70,3,2358,158,-361,-345
70,3,2359,151,-361,-345
70,3,2361,147,-345,-361
70,3,2361,154,-359,-344
70,3,2361,155,-359,-344
70,3,2361,156,-359,-344
70,3,2361,157,-334,-369
70,3,2361,158,-359,-344
70,3,2361,159,-359,-344
70,3,2361,160,-359,-344
70,3,2361,161,-359,-344
70,3,2361,161,-351,-351
70,3,2361,162,-359,-344
70,3,2361,163,-359,-344
70,3,2361,163,-351,-351
70,3,2361,164,-359,-344
70,3,2361,165,-359,-344
70,3,2361,165,-351,-351
70,3,2361,166,-359,-344
70,3,2361,167,-359,-344
70,3,2361,167,-351,-351
70,3,2361,168,-359,-344
70,3,2361,168,-351,-351
70,3,2362,122,-498,48
70,3,2362,154,-369,-334
70,3,2362,154,-359,-344
70,3,2362,161,-351,-351
70,3,2362,162,-351,-351
70,3,2362,167,-351,-351
70,3,2363,154,-369,-334
70,3,2363,154,-359,-344
70,3,2363,155,-369,-334
70,3,2365,124,-500,0
70,3,2365,156,-402,-296
70,3,2365,163,-340,-325
70,3,2365,164,-340,-325
70,3,2365,165,-340,-325
70,3,2366,123,-500,25
70,3,2366,149,-416,-277
70,3,2367,119,-466,-179
70,3,2367,151,-408,-287
70,3,2368,151,-408,-287
70,3,2371,121,-466,-179
70,3,2375,107,-500,0
70,3,2375,123,-500,0
70,3,2375,124,-500,0
70,3,2375,131,-500,0
70,3,2376,122,-500,11
70,3,2377,120,-498,37
70,4,2283,173,-150,-45
70,4,2283,173,-51,10
70,4,2283,174,-77,11
70,4,2283,174,-26,3
70,4,2283,174,-5,-52
70,4,2283,176,-28,44
70,4,2283,180,-115,-110
70,4,2283,181,0,0
70,4,2285,185,-64,-322
70,4,2289,175,45,-231
70,4,2292,178,-223,-141
70,4,2295,206,-177,-353
70,4,2303,176,22,234
70,4,2303,180,-133,210
70,4,2305,179,-212,301
70,4,2306,176,-265,293
70,4,2306,226,-224,-447
70,4,2308,172,128,68
70,4,2308,176,-162,302
70,4,2309,173,-263,175
70,4,2313,173,-303,161
70,4,2315,205,0,-447
70,4,2315,210,0,-473
70,4,2323,196,-123,-375
70,4,2325,204,-129,-428
70,4,2326,208,-137,-453
70,4,2331,183,-254,-208
70,4,2333,180,-314,15
70,4,2334,200,-500,0
70,4,2335,157,-41,-124
70,4,2336,179,-261,-261
70,4,2343,189,-327,-24
70,4,2344,129,-156,-15
70,4,2344,182,-393,-151
70,4,2344,200,-500,25
70,4,2345,159,-418,0
70,4,2348,200,-497,0
70,4,2349,197,-497,11
70,4,2350,179,-436,-87
70,4,2350,189,-361,-345
70,4,2354,193,-471,10
70,4,2354,194,-471,10
70,4,2355,169,-497,0
70,4,2356,189,-500,0
70,4,2357,184,-361,-345
70,4,2357,189,-500,0
70,4,2358,189,-500,0
70,4,2358,204,-417,-250
70,4,2359,184,-353,-353
70,4,2359,204,-410,-232
70,4,2359,204,-405,-242
70,4,2359,204,-353,-353
70,4,2361,172,-359,-344
70,4,2361,174,-359,-344
70,4,2361,176,-359,-344
70,4,2361,180,-359,-344
70,4,2361,183,-359,-344
70,4,2361,184,-359,-344
70,4,2361,185,-359,-344
70,4,2361,186,-359,-344
70,4,2361,186,-351,-351
70,4,2361,187,-359,-344
70,4,2361,188,-440,0
70,4,2361,188,-359,-344
70,4,2361,189,-359,-344
70,4,2361,190,-418,0
70,4,2361,191,-359,-344
70,4,2361,192,-359,-344
70,4,2361,193,-359,-344
70,4,2361,195,-359,-344
70,4,2361,195,-351,-351
70,4,2361,196,-359,-344
70,4,2361,197,-359,-344
70,4,2361,197,-351,-351
70,4,2361,198,-359,-344
70,4,2361,199,-359,-344
70,4,2361,199,-351,-351
70,4,2361,200,-412,-170
70,4,2361,200,-359,-344
70,4,2362,176,-351,-351
70,4,2362,178,-351,-351
70,4,2362,188,-418,0
70,4,2362,189,-351,-351
70,4,2362,190,-418,0
70,4,2362,190,-351,-351
70,4,2362,191,-351,-351
70,4,2362,194,-494,-74
70,4,2362,194,-433,-108
70,4,2363,185,-418,0
70,4,2363,188,-500,0
70,4,2363,188,-418,0
70,4,2363,194,-496,-60
70,4,2363,194,-494,-74
70,4,2363,205,-392,-210
70,4,2364,188,-500,0
70,4,2364,188,-418,0
70,4,2364,189,-444,0
70,4,2364,190,-498,-37
70,4,2364,199,-400,-121
70,4,2365,188,-500,0
70,4,2365,188,-414,0
70,4,2366,188,-500,0
70,4,2367,195,-494,-74
70,4,2375,131,-500,0
70,8,2251,321,0,-290
70,8,2277,212,203,203
70,8,2279,212,275,83
70,8,2283,215,249,249
70,8,2283,218,0,104
70,8,2283,220,-18,366
70,8,2283,233,-24,9
70,8,2283,236,-21,-14
70,8,2283,240,0,0
70,8,2285,234,-63,253
70,8,2286,237,-101,244
70,8,2287,234,-104,271
70,8,2289,243,105,-116
70,8,2295,240,73,-223
70,8,2295,242,192,-135
70,8,2296,230,-201,-210
70,8,2297,232,-135,-285
70,8,2297,234,-99,-328
70,8,2297,237,136,-227
70,8,2297,241,31,-180
70,8,2297,243,187,-100
70,8,2298,215,-390,161
70,8,2298,229,-263,-26
70,8,2300,231,-183,-289
70,8,2301,239,101,-244
70,8,2302,241,179,-108
70,8,2303,214,-408,-102
70,8,2304,233,-197,-280
70,8,2305,241,-266,-255
70,8,2305,242,-54,-90
70,8,2307,234,-190,-404
70,8,2308,220,-170,-442
70,8,2308,234,-122,-260
70,8,2308,238,-250,-339
70,8,2309,238,-250,-339
70,8,2309,238,-233,-350
70,8,2312,239,22,-234
70,8,2313,236,-12,-235
70,8,2313,243,138,-74
70,8,2316,323,0,-316
70,8,2316,326,0,-342
70,8,2317,251,211,301
70,8,2328,250,344,-194
70,8,2335,248,-158,174
70,8,2335,287,-339,-51
70,8,2342,284,-418,0
70,8,2343,290,-418,0
70,8,2344,214,-500,25
70,8,2344,215,-500,25
70,8,2344,255,-471,0
70,8,2346,284,-444,0
70,8,2347,291,-473,0
70,8,2349,216,-497,11
70,8,2349,217,-497,11
70,8,2349,286,-495,36
70,8,2352,288,-471,0
70,8,2353,293,-340,7
70,8,2354,219,-471,10
70,8,2354,220,-471,10
70,8,2354,221,-471,10
70,8,2354,249,-471,23
70,8,2354,250,-471,23
70,8,2354,253,-471,23
70,8,2354,259,-471,23
70,8,2354,262,-471,23
70,8,2354,265,-471,23
70,8,2354,267,-471,23
70,8,2354,269,-471,23
70,8,2354,271,-471,23
70,8,2354,272,-471,23
70,8,2354,273,-471,23
70,8,2354,274,-471,23
70,8,2354,278,-471,23
70,8,2354,280,-471,23
70,8,2354,282,-471,23
70,8,2354,284,-471,23
70,8,2354,289,-471,23
70,8,2355,284,-444,0
70,8,2356,227,-345,361
70,8,2357,217,-473,10
70,8,2358,223,-444,10
70,8,2358,291,-498,-37
70,8,2358,292,-498,-37
70,8,2358,292,-492,-85
70,8,2359,222,-444,10
70,8,2359,291,-500,0
70,8,2360,223,-345,361
70,8,2361,221,-351,351
70,8,2361,228,-418,0
70,8,2361,292,-500,-25
70,8,2361,292,-496,-60
70,8,2362,216,-344,358
70,8,2362,226,-344,358
70,8,2362,230,-344,358
70,8,2362,239,-344,358
70,8,2363,219,-345,361
70,8,2363,226,-418,21
70,8,2363,226,-417,30
70,8,2363,228,-418,0
70,8,2363,244,-417,30
70,8,2363,248,-417,30
70,8,2363,250,-417,30
70,8,2363,252,-417,30
70,8,2363,254,-417,30
70,8,2363,256,-417,30
70,8,2363,258,-417,30
70,8,2363,259,-417,30
70,8,2363,260,-417,30
70,8,2363,262,-417,30
70,8,2363,264,-417,30
70,8,2363,266,-417,30
70,8,2363,267,-417,30
70,8,2363,268,-417,30
70,8,2363,269,-417,30
70,8,2363,270,-417,30
70,8,2363,271,-417,30
70,8,2363,272,-417,30
70,8,2363,274,-417,30
70,8,2363,276,-417,30
70,8,2363,278,-417,30
70,8,2363,280,-417,30
70,8,2363,282,-417,30
70,8,2363,284,-417,30
70,8,2363,286,-417,30
70,8,2363,287,-417,30
70,8,2363,288,-417,30
70,8,2363,289,-417,30
70,8,2365,228,-392,0
70,8,2365,291,-500,0
70,8,2366,224,-441,53
70,8,2366,286,-391,-29
70,8,2366,289,-392,8
70,8,2367,231,-392,0
70,8,2367,232,-392,0
70,8,2368,234,-500,0
70,8,2368,283,-490,97
70,8,2368,308,-366,0
70,8,2369,232,-366,0
70,8,2370,287,-366,-18
70,8,2370,289,-366,8
70,8,2371,240,-366,0
70,8,2371,241,-366,18
70,8,2371,243,-366,18
70,8,2371,247,-366,18
70,8,2371,248,-366,18
70,8,2371,249,-366,18
70,8,2371,250,-366,18
70,8,2371,251,-366,18
70,8,2371,252,-366,18
70,8,2371,253,-366,18
70,8,2371,254,-366,18
70,8,2371,255,-366,18
70,8,2371,257,-366,18
70,8,2371,258,-366,18
70,8,2371,259,-366,18
70,8,2371,261,-366,18
70,8,2371,262,-366,18
70,8,2371,263,-366,18
70,8,2371,264,-366,18
70,8,2371,265,-366,18
70,8,2371,266,-366,18
70,8,2371,267,-366,18
70,8,2371,268,-366,18
70,8,2371,269,-366,18
70,8,2371,270,-366,18
70,8,2371,271,-366,18
70,8,2371,272,-366,18
70,8,2371,273,-366,18
70,8,2371,275,-366,18
70,8,2371,277,-366,18
70,8,2371,279,-366,18
70,8,2371,281,-366,18
70,8,2371,283,-366,18
70,8,2371,284,-366,18
70,8,2371,285,-366,18
70,8,2371,286,-366,-8
70,8,2371,286,-366,18
70,8,2371,287,-366,18
70,8,2371,288,-366,18
70,8,2371,291,-485,0
70,8,2372,284,-361,0
70,8,2372,284,-340,0
70,8,2373,243,-340,0
70,8,2373,247,-340,0
70,8,2373,257,-340,0
70,8,2373,277,-340,0
70,8,2373,282,-490,97
70,8,2373,286,-340,0
70,8,2373,287,-340,0
70,8,2373,288,-340,0
70,8,2373,290,-340,0
70,8,2375,291,-500,0
71,2,2315,110,-77,15
71,2,2315,110,-25,5
71,2,2315,110,0,0
71,2,2315,111,-118,-55
71,2,2315,112,-104,7
71,2,2315,113,-138,-74
71,2,2315,113,0,183
71,2,2315,113,0,261
71,2,2315,115,-20,16
71,2,2315,115,0,0
71,2,2315,118,-26,-3
71,2,2315,123,0,-26
71,2,2315,125,0,-26
71,2,2315,127,0,-26
71,2,2315,129,0,-290
71,2,2315,129,0,-26
71,2,2315,130,0,-78
71,2,2315,130,0,-52
71,2,2315,132,0,-316
71,2,2315,133,0,-78
71,2,2315,139,0,-421
71,2,2315,141,0,-447
71,2,2315,142,0,-314
71,2,2315,157,0,-500
71,2,2315,162,0,-500
71,2,2315,167,0,-500
71,2,2317,109,-233,46
71,2,2322,113,-339,-292
71,2,2323,129,367,35
71,2,2325,144,-126,-457
71,2,2325,148,-126,-457
71,2,2326,165,-132,-482
71,2,2327,139,-408,101
71,2,2329,129,-205,-307
71,2,2336,126,-183,-191
71,2,2337,118,-150,337
71,2,2339,134,-345,-361
71,2,2339,135,-277,-416
71,2,2340,134,-345,-361
71,2,2340,134,-326,-378
71,2,2340,135,-345,-361
71,2,2341,126,-350,-233
71,2,2342,113,-263,175
71,2,2344,147,-345,-361
71,2,2344,148,-345,-361
71,2,2344,149,-345,-361
71,2,2348,149,-353,-353
71,2,2348,150,-353,-353
71,2,2350,147,-345,-361
71,2,2351,144,-353,-353
71,2,2351,146,-335,-371
71,2,2351,148,-353,-353
71,2,2351,149,-353,-353
71,2,2352,144,-353,-353
71,2,2353,112,-305,-84
71,2,2353,128,-196,-177
71,2,2353,129,-361,-345
71,2,2353,151,-353,-353
71,2,2354,137,-335,-371
71,2,2354,141,-345,-361
71,2,2354,144,-345,-361
71,2,2354,150,-335,-371
71,2,2355,146,-353,-353
71,2,2355,148,-361,-345
71,2,2355,150,-361,-345
71,2,2356,114,-331,-91
71,2,2356,144,-345,-361
71,2,2357,139,-371,-335
71,2,2359,115,-381,-105
71,2,2359,138,-345,-361
71,2,2363,115,-381,-105
71,2,2366,117,-403,-121
71,2,2368,109,-484,-121
71,2,2368,148,-353,-353
71,2,2369,148,-353,-353
71,2,2370,118,-428,-129
71,2,2371,117,-433,-108
71,2,2372,118,-459,-114
71,2,2372,121,-442,-170
71,2,2375,119,-457,-126
71,2,2376,117,-462,-103
71,2,2376,117,-459,-114
71,2,2376,118,-459,-114
71,2,2379,120,-478,-144
71,2,2380,119,-482,-132
71,2,2381,118,-484,-121
71,2,2381,131,-335,-371
71,2,2384,122,-482,-132
71,2,2392,107,-433,0
71,2,2392,116,-482,-132
71,2,2393,107,-354,0
71,2,2394,107,-500,0
71,2,2395,107,-266,-73
71,2,2396,107,-500,0
71,2,2396,107,-482,-132
71,2,2399,107,-302,0
71,2,2405,107,-500,0
71,2,2406,107,-500,0
71,2,2406,108,-482,-132
71,2,2408,107,-498,48
73,2,2315,107,-14,21
73,2,2315,109,-131,196
73,2,2336,149,0,-473
73,2,2349,136,323,-309
73,2,2355,145,0,-473
73,2,2359,110,162,169
73,2,2370,142,-150,-421
73,2,2371,124,209,-201
73,2,2372,111,-126,132
73,2,2373,114,-177,-44
73,2,2381,151,-353,-353
73,2,2383,151,-345,-361
73,2,2386,140,-345,-361
73,2,2386,151,-345,-361
73,2,2386,155,-344,-359
73,2,2388,144,-345,-361
73,2,2388,151,-345,-361
73,2,2388,157,0,-500
73,2,2389,155,-344,-359
73,2,2390,151,-345,-361
73,2,2391,155,-344,-359
73,2,2392,151,-345,-361
73,2,2392,159,30,-417
73,2,2392,163,19,-392
73,2,2392,165,28,-391
73,2,2393,151,-345,-361
73,2,2393,155,-344,-359
73,2,2395,151,-345,-361
73,2,2395,155,-344,-359
73,2,2395,158,0,-471
73,2,2396,127,0,-183
73,2,2396,138,0,-421
73,2,2396,139,0,-421
73,2,2396,140,0,-473
73,2,2396,141,0,-447
73,2,2396,149,0,-500
73,2,2396,151,-345,-361
73,2,2396,152,0,-500
73,2,2396,158,0,-471
73,2,2396,161,0,-444
73,2,2396,161,0,-418
73,2,2396,163,0,-444
73,2,2396,163,0,-366
73,2,2397,128,0,-183
73,2,2397,151,-345,-361
73,2,2398,151,-345,-361
73,2,2398,155,-344,-359
73,2,2398,164,18,-366
73,2,2399,145,0,-471
73,2,2399,151,-345,-361
73,2,2399,155,-344,-359
73,2,2399,165,0,-340
73,2,2400,142,0,-242
73,2,2400,151,-345,-361
73,2,2400,155,-344,-359
73,2,2400,156,-21,-418
73,2,2400,158,0,-392
73,2,2400,161,0,-387
73,2,2400,162,0,-366
73,2,2400,163,-25,-500
73,2,2400,164,-18,-366
73,2,2401,147,-37,-495
73,2,2401,151,-345,-361
73,2,2401,154,-351,-351
73,2,2401,155,-344,-359
73,2,2401,156,-22,-444
73,2,2401,156,-21,-418
73,2,2401,162,-22,-431
73,2,2401,163,-29,-391
73,2,2401,164,-27,-365
73,2,2401,164,-18,-366
73,2,2402,147,-57,-467
73,2,2402,151,-345,-361
73,2,2402,155,-344,-359
73,2,2402,156,-31,-417
73,2,2402,160,-38,-391
73,2,2402,164,-33,-443
73,2,2402,164,-27,-365
73,2,2402,164,-18,-366
73,2,2402,165,-29,-391
73,2,2403,151,-345,-361
73,2,2403,155,-344,-359
73,2,2403,156,-21,-418
73,2,2403,160,-58,-388
73,2,2403,164,-35,-365
73,2,2403,164,-18,-366
73,2,2403,165,0,-340
73,2,2404,151,-345,-361
73,2,2404,155,-344,-359
73,2,2404,156,-21,-418
73,2,2404,164,-18,-366
73,2,2405,151,-353,-353
73,2,2405,151,-345,-361
73,2,2405,155,-344,-359
73,2,2405,156,-21,-418
73,2,2405,162,-54,-362
73,2,2405,164,-18,-366
73,2,2406,133,0,-444
73,2,2406,151,-345,-361
73,2,2406,155,-344,-359
73,2,2406,156,-21,-418
73,2,2406,164,-18,-366
73,2,2406,164,18,-366
73,2,2407,151,-345,-361
73,2,2407,155,-344,-359
73,2,2407,164,-18,-366
73,2,2408,141,-236,-441
73,2,2408,151,-353,-353
73,2,2408,151,-345,-361
73,2,2408,155,-344,-359
73,2,2408,164,-18,-366
73,2,2409,151,-345,-361
73,2,2409,155,-344,-359
73,2,2409,156,-21,-418
73,2,2410,151,-345,-361
73,2,2410,155,-344,-359
73,2,2410,164,-18,-366
73,2,2410,164,18,-366
73,2,2411,136,0,-418
73,2,2411,140,-345,-361
73,2,2411,142,-25,-497
73,2,2411,151,-353,-353
73,2,2411,151,-345,-361
73,2,2411,155,-344,-359
73,2,2411,156,-21,-418
73,2,2411,163,0,-366
73,2,2411,165,0,-340
73,2,2412,144,-277,-416
73,2,2412,151,-353,-353
73,2,2412,151,-345,-361
73,2,2412,155,-344,-359
73,2,2412,156,-21,-418
73,2,2412,164,-18,-366
73,2,2413,141,-408,-287
73,2,2413,151,-353,-353
73,2,2413,151,-345,-361
73,2,2413,151,-211,-421
73,2,2413,155,-344,-359
73,2,2413,164,-18,-366
73,2,2414,151,-345,-361
73,2,2414,154,-351,-351
73,2,2414,155,-344,-359
73,2,2415,151,-345,-361
73,2,2415,154,-219,-387
73,2,2415,155,-344,-359
73,2,2416,151,-353,-353
73,2,2416,151,-345,-361
73,2,2416,155,-344,-359
73,2,2417,142,-361,-345
73,2,2417,151,-345,-361
73,2,2417,155,-344,-359
73,2,2418,143,-361,-345
73,2,2418,151,-345,-361
73,2,2418,155,-344,-359
73,2,2418,160,28,-391
73,2,2419,151,-353,-353
73,2,2419,155,-344,-359
73,2,2419,163,-176,-351
73,2,2420,151,-345,-361
73,2,2420,155,-344,-359
73,2,2420,162,-193,-342
73,2,2421,151,-353,-353
73,2,2421,151,-345,-361
73,2,2421,155,-344,-359
73,2,2421,161,-216,-360
73,2,2422,151,-345,-361
73,2,2422,154,-351,-351
73,2,2422,155,-344,-359
73,2,2423,151,-345,-361
73,2,2423,155,-344,-359
73,2,2424,155,-344,-359
73,2,2425,155,-344,-359
73,2,2426,155,-344,-359
73,2,2427,151,-361,-345
73,2,2428,153,-361,-345
73,2,2428,153,-345,-361
73,2,2429,153,-361,-345
73,2,2429,157,-316,-350
73,2,2430,116,-263,-117
73,2,2431,157,-345,-361
73,2,2437,108,-344,-132
73,2,2437,115,-381,-105
73,2,2440,107,-407,0
73,2,2441,120,-394,-141
73,2,2444,106,-340,0
73,2,2449,100,-473,0
73,2,2449,101,-473,-11
73,2,2449,107,-473,0
73,2,2449,107,-287,0
73,2,2449,119,-484,-121
73,2,2453,100,-473,0
73,2,2453,105,-473,10
73,2,2458,123,-500,0
73,2,2459,122,-484,-121
73,2,2460,125,-361,-345
82,121,2634,3827,20,210
82,121,2639,3833,0,235
82,121,2659,3838,6,130
82,121,2682,3829,41,419
82,121,2683,3826,22,447
82,121,2684,3821,0,485
82,121,2684,3822,0,447
82,121,2684,3826,0,447
82,121,2684,3829,0,407
82,121,2684,3829,0,421
82,121,2684,3831,0,395
82,121,2686,3802,-37,498
82,121,2686,3816,-167,470
82,121,2690,3831,-164,87
82,121,2696,3825,20,208
82,121,2698,3808,-224,447
82,121,2698,3814,-316,386
82,121,2699,3807,-183,364
82,121,2699,3827,0,418
82,121,2699,3828,0,287
82,121,2700,3863,100,187
82,121,2703,3863,209,-31
82,121,2704,3863,238,-112
82,121,2705,3858,-200,71
82,121,2705,3858,233,-125
82,121,2707,3806,-132,482
82,121,2707,3842,-259,258
82,121,2708,3828,-121,403
82,121,2708,3834,-141,366
82,121,2708,3869,315,-23
82,121,2709,3827,-140,424
82,121,2709,3832,-141,396
82,121,2710,3828,-150,421
82,121,2710,3828,-140,424
82,121,2710,3833,-151,365
82,121,2711,3828,-160,417
82,121,2711,3853,438,87
82,121,2713,3865,337,149
82,121,2713,3892,130,0
82,121,2714,3819,-170,442
82,121,2715,3820,-181,438
82,121,2716,3820,-192,432
82,121,2716,3820,-181,438
82,121,2716,3821,-192,432
82,121,2716,3892,-369,0
82,121,2717,3824,-48,498
82,121,2718,3876,-211,-16
82,121,2719,3814,-353,353
82,121,2720,3812,-500,0
82,121,2720,3815,-441,236
82,121,2720,3876,-237,-17
82,121,2721,3876,-211,-16
82,121,2726,3817,-335,371
82,121,2729,3818,-345,361
82,121,2730,3875,-421,0
82,121,2730,3878,-419,-41
82,121,2730,3881,-421,0
82,121,2730,3883,-407,111
82,121,2730,3886,-416,62
82,121,2731,3820,-361,345
82,121,2731,3821,-345,361
82,121,2733,3875,-447,0
82,121,2733,3879,-446,-33
82,121,2735,3882,-433,108
82,121,2735,3883,-439,87
82,121,2736,3879,-457,125
82,121,2736,3880,-148,449
82,121,2739,3840,-287,408
82,121,2739,3878,-361,345
82,121,2741,3858,-353,353
82,121,2741,3875,-473,0
82,121,2742,3836,-287,408
82,121,2743,3867,-345,361
82,121,2744,3831,-351,351
82,121,2745,3830,-359,343
82,121,2745,3831,-351,351
82,121,2745,3832,-351,351
82,121,2745,3833,-359,343
82,121,2745,3833,-351,351
82,121,2745,3834,-359,343
82,121,2745,3834,-351,351
82,121,2745,3835,-359,343
82,121,2745,3835,-351,351
82,121,2745,3836,-351,351
82,121,2745,3838,-351,351
82,121,2745,3839,-359,343
82,121,2745,3839,-351,351
82,121,2745,3840,-359,343
82,121,2745,3840,-351,351
82,121,2745,3841,-359,343
82,121,2745,3841,-351,351
82,121,2745,3842,-334,368
82,121,2745,3845,-359,343
82,121,2745,3845,-351,351
82,121,2745,3855,-345,361
82,121,2745,3877,-498,-37
82,121,2746,3830,-359,343
82,121,2746,3843,-359,343
82,121,2746,3845,-359,343
82,121,2747,3845,-369,333
82,121,2748,3836,-340,325
82,121,2748,3837,-340,325
82,121,2748,3838,-340,325
82,121,2748,3842,-340,325
82,121,2748,3851,-345,361
82,121,2749,3876,-500,0
82,121,2750,3832,-371,335
82,121,2750,3833,-371,335
82,121,2750,3835,-371,335
82,121,2750,3839,-371,335
82,121,2750,3840,-371,335
82,121,2750,3845,-378,326
82,121,2750,3849,-402,296
82,121,2751,3849,-408,287
82,121,2753,3879,-500,0
82,121,2754,3883,-488,109
82,121,2758,3875,-500,0
82,121,2758,3878,-500,-25
82,121,2758,3879,-500,0
82,121,2759,3868,-500,0
82,121,2759,3870,-500,-11
82,121,2759,3876,-500,0
82,121,2760,3878,-498,-37
83,122,2689,3843,267,421
83,122,2693,3860,201,201
83,122,2693,3860,203,203
83,122,2699,3866,0,104
83,122,2699,3868,0,369
83,122,2705,3839,-132,482
83,122,2705,3868,35,366
83,122,2706,3832,-85,492
83,122,2709,3833,-121,484
83,122,2710,3834,-144,478
83,122,2710,3834,-132,482
83,122,2711,3851,-137,453
83,122,2715,3849,-37,498
83,122,2716,3852,-181,438
83,122,2720,3836,0,500
83,122,2720,3863,0,395
83,122,2724,3852,-345,361
83,122,2725,3852,-345,361
83,122,2726,3852,-306,394
83,122,2731,3874,-361,345
83,122,2732,3897,87,164
83,122,2733,3848,-277,416
83,122,2734,3860,-345,361
83,122,2735,3848,-296,402
83,122,2735,3851,-353,353
83,122,2735,3889,124,168
83,122,2736,3900,328,219
83,122,2738,3849,-335,371
83,122,2738,3850,-345,361
83,122,2738,3850,-335,371
83,122,2738,3851,-345,361
83,122,2738,3851,-335,371
83,122,2738,3852,-345,361
83,122,2738,3869,-285,273
83,122,2738,3892,-212,0
83,122,2739,3866,-345,361
83,122,2740,3895,1,-26
83,122,2740,3901,0,395
83,122,2740,3901,23,-46
83,122,2741,3872,-23,46
83,122,2742,3853,-353,353
83,122,2743,3849,-353,353
83,122,2745,3870,-217,226
83,122,2749,3898,-250,339
83,122,2751,3885,-325,107
83,122,2751,3908,-237,-17
83,122,2752,3892,-290,0
83,122,2753,3888,-253,76
83,122,2757,3883,-378,114
83,122,2758,3883,-378,114
83,122,2758,3884,-383,95
83,122,2760,3881,-393,151
83,122,2760,3882,-403,121
83,122,2761,3883,-464,92
83,122,2761,3884,-408,101
83,122,2762,3879,-417,160
83,122,2762,3879,-414,171
83,122,2762,3883,-407,111
83,122,2763,3892,-421,0
83,122,2764,3879,-421,150
83,122,2765,3849,-353,353
83,122,2765,3876,-433,192
83,122,2765,3884,-437,97
83,122,2766,3848,-353,353
83,122,2766,3876,-433,192
83,122,2766,3877,-438,181
83,122,2768,3892,-447,0
83,122,2769,3854,-353,353
83,122,2769,3892,-473,0
83,122,2769,3892,-457,125
83,122,2773,3885,-468,70
83,122,2773,3892,-473,0
83,122,2774,3881,-462,103
83,122,2776,3889,-478,144
83,122,2777,3887,-482,132
83,122,2778,3888,-488,109
83,122,2779,3888,-488,109
83,122,2782,3892,-500,0
83,122,2784,3885,-490,97
83,122,2789,3884,-490,97
85,123,2705,3903,58,334
85,123,2720,3892,287,408
85,123,2725,3879,191,462
85,123,2726,3881,212,451
85,123,2728,3880,144,478
85,123,2731,3891,31,419
85,123,2731,3918,-26,0
85,123,2732,3921,-218,-90
85,123,2734,3898,68,274
85,123,2735,3893,21,421
85,123,2735,3893,31,419
85,123,2736,3880,-148,449
85,123,2736,3895,47,392
85,123,2740,3891,0,314
85,123,2740,3892,-418,0
85,123,2740,3893,0,421
85,123,2740,3913,0,-157
85,123,2740,3918,24,-9
85,123,2740,3918,37,-36
85,123,2740,3919,0,-78
85,123,2740,3919,168,29
85,123,2740,3919,181,31
85,123,2740,3921,105,-110
85,123,2740,3921,208,20
85,123,2740,3922,86,-130
85,123,2741,3892,-435,246
85,123,2743,3875,-148,449
85,123,2744,3879,-361,345
85,123,2744,3892,-478,144
85,123,2744,3892,-466,179
85,123,2745,3878,-361,345
85,123,2745,3883,-267,421
85,123,2745,3890,-482,132
85,123,2745,3890,-466,179
85,123,2745,3892,-478,144
85,123,2746,3877,-361,345
85,123,2746,3890,-492,85
85,123,2746,3890,-482,132
85,123,2746,3892,-500,0
85,123,2747,3892,-500,0
85,123,2748,3892,-500,0
85,123,2749,3886,-416,277
85,123,2749,3892,-500,0
85,123,2750,3875,-267,421
85,123,2750,3892,-500,0
85,123,2751,3877,-287,408
85,123,2751,3887,-462,191
85,123,2751,3888,-470,167
85,123,2751,3889,-492,85
85,123,2752,3880,-148,449
85,123,2752,3887,-474,156
85,123,2752,3888,-470,167
85,123,2752,3890,-494,74
85,123,2753,3886,-462,191
85,123,2753,3888,-484,121
85,123,2753,3888,-482,132
85,123,2754,3878,-371,335
85,123,2754,3886,-466,179
85,123,2754,3887,-478,144
85,123,2754,3887,-470,167
85,123,2754,3888,-484,121
85,123,2755,3886,-466,179
85,123,2755,3893,31,419
85,123,2756,3882,-421,267
85,123,2757,3885,-466,179
85,123,2757,3907,0,104
85,123,2759,3886,-482,132
85,123,2759,3887,-488,109
85,123,2760,3887,-482,132
85,123,2769,3893,21,421
85,123,2770,3893,0,421
85,123,2770,3893,31,419
85,123,2771,3893,21,421
85,123,2772,3893,0,421
85,123,2777,3903,90,275
85,123,2779,3893,21,421
85,123,2780,3893,0,421
85,123,2783,3893,0,421
85,123,2795,3893,0,421
85,123,2795,3901,0,369
85,123,2799,3896,-67,389
85,123,2805,3929,286,-28
85,123,2816,3906,-299,257
85,123,2818,3887,-253,399
85,123,2820,3898,-298,297
85,123,2825,3897,-378,326
85,123,2829,3979,-447,0
85,123,2833,3928,-246,435
85,123,2836,3924,-500,0
86,122,2720,3851,0,500
86,122,2772,3841,156,474
86,122,2775,3876,0,81
86,122,2777,3835,38,391
86,122,2779,3839,23,471
86,122,2780,3830,0,500
86,122,2780,3831,0,500
86,122,2780,3833,0,444
86,122,2780,3840,0,471
86,122,2780,3868,0,369
86,122,2780,3871,0,342
86,122,2780,3875,0,130
86,122,2780,3876,0,104
86,122,2783,3834,-8,366
86,122,2784,3834,0,340
86,122,2784,3836,0,387
86,122,2784,3836,0,500
86,122,2784,3837,0,405
86,122,2784,3837,0,500
86,122,2784,3838,0,366
86,122,2784,3842,0,294
86,122,2784,3877,-32,126
86,122,2784,3878,-32,126
86,122,2784,3878,0,104
86,122,2785,3834,0,340
86,122,2785,3837,-20,392
86,122,2785,3838,-18,366
86,122,2785,3871,-41,205
86,122,2785,3875,-53,175
86,122,2785,3875,-27,180
86,122,2785,3877,-34,153
86,122,2785,3878,-46,204
86,122,2786,3834,-29,393
86,122,2786,3834,0,340
86,122,2786,3838,-27,364
86,122,2786,3842,-47,389
86,122,2786,3860,-345,361
86,122,2786,3871,-55,201
86,122,2786,3877,-132,126
86,122,2787,3834,-60,496
86,122,2787,3834,0,340
86,122,2787,3838,-44,363
86,122,2787,3838,-35,364
86,122,2787,3870,-96,270
86,122,2787,3870,-90,273
86,122,2787,3870,-69,278
86,122,2787,3871,-96,270
86,122,2787,3872,-103,268
86,122,2787,3891,86,-130
86,122,2788,3834,0,340
86,122,2788,3836,-54,362
86,122,2788,3838,-54,362
86,122,2788,3875,-153,178
86,122,2788,3875,-113,108
86,122,2788,3876,-170,162
86,122,2789,3834,0,340
86,122,2789,3838,-54,362
86,122,2789,3841,-67,386
86,122,2789,3849,-353,353
86,122,2789,3866,-130,314
86,122,2789,3866,-114,319
86,122,2789,3874,-176,194
86,122,2790,3834,0,340
86,122,2790,3837,-80,357
86,122,2790,3849,-353,353
86,122,2790,3874,-176,194
86,122,2791,3834,0,340
86,122,2791,3837,-89,354
86,122,2791,3841,-85,383
86,122,2791,3849,-353,353
86,122,2791,3873,-172,164
86,122,2792,3834,0,340
86,122,2792,3849,-353,353
86,122,2792,3877,-134,128
86,122,2793,3834,0,340
86,122,2793,3837,-89,354
86,122,2793,3849,-353,353
86,122,2794,3834,0,340
86,122,2794,3837,-89,354
86,122,2794,3849,-353,353
86,122,2794,3872,-191,182
86,122,2794,3876,0,157
86,122,2795,3834,0,340
86,122,2795,3836,-106,350
86,122,2795,3837,-106,350
86,122,2795,3849,-353,353
86,122,2796,3834,0,340
86,122,2796,3837,-114,347
86,122,2796,3849,-353,353
86,122,2796,3855,-257,429
86,122,2797,3834,0,340
86,122,2797,3836,-123,344
86,122,2797,3849,-353,353
86,122,2798,3834,0,340
86,122,2798,3849,-353,353
86,122,2799,3834,0,340
86,122,2799,3836,-132,341
86,122,2799,3843,-333,332
86,122,2799,3846,-359,343
86,122,2799,3849,-353,353
86,122,2800,3834,0,340
86,122,2800,3835,0,340
86,122,2800,3839,-167,353
86,122,2800,3849,-353,353
86,122,2800,3870,0,261
86,122,2800,3871,0,261
86,122,2800,3872,0,235
86,122,2800,3873,0,235
86,122,2800,3875,0,183
86,122,2800,3877,0,130
86,122,2800,3888,20,-208
86,122,2801,3834,0,340
86,122,2801,3835,0,340
86,122,2801,3849,-353,353
86,122,2802,3834,0,340
86,122,2802,3843,-333,332
86,122,2802,3845,-344,358
86,122,2802,3849,-353,353
86,122,2803,3834,0,340
86,122,2803,3845,-344,358
86,122,2803,3846,-351,351
86,122,2803,3849,-353,353
86,122,2803,3883,-437,97
86,122,2804,3834,0,340
86,122,2804,3835,0,340
86,122,2804,3843,-333,332
86,122,2804,3849,-353,353
86,122,2804,3883,-437,97
86,122,2805,3834,0,340
86,122,2805,3838,-193,341
86,122,2805,3849,-353,353
86,122,2805,3883,-437,97
86,122,2806,3834,0,340
86,122,2806,3843,-333,332
86,122,2806,3849,-353,353
86,122,2807,3834,0,340
86,122,2807,3845,-344,358
86,122,2807,3890,101,-152
86,122,2808,3834,0,340
86,122,2808,3849,-353,353
86,122,2808,3877,-246,235
86,122,2808,3878,0,78
86,122,2809,3834,0,340
86,122,2809,3845,-344,358
86,122,2809,3849,-353,353
86,122,2810,3834,0,340
86,122,2810,3835,26,364
86,122,2811,3834,0,340
86,122,2811,3841,-281,343
86,122,2811,3845,-344,358
86,122,2811,3849,-353,353
86,122,2811,3885,-389,47
86,122,2812,3834,0,340
86,122,2812,3835,26,364
86,122,2812,3847,-361,345
86,122,2812,3849,-353,353
86,122,2812,3885,-389,47
86,122,2813,3834,0,340
86,122,2813,3835,0,340
86,122,2813,3849,-353,353
86,122,2813,3885,-389,47
86,122,2814,3834,0,340
86,122,2814,3885,-389,47
86,122,2815,3834,0,340
86,122,2815,3844,-353,353
86,122,2815,3845,-369,333
86,122,2816,3834,0,340
86,122,2816,3835,0,340
86,122,2816,3844,-356,340
86,122,2816,3845,-369,333
86,122,2816,3846,-359,343
86,122,2816,3871,0,261
86,122,2817,3834,0,340
86,122,2817,3864,-283,231
86,122,2818,3834,0,340
86,122,2819,3834,0,340
86,122,2820,3834,0,340
86,122,2821,3834,0,340
86,122,2822,3834,0,340
86,122,2823,3834,0,340
86,122,2823,3844,-359,343
86,122,2824,3834,0,340
86,122,2824,3875,0,183
86,122,2825,3834,0,340
86,122,2826,3834,0,340
86,122,2826,3844,-369,333
86,122,2827,3834,0,340
86,122,2829,3844,-353,353
86,122,2829,3883,-462,103
86,122,2829,3892,104,0
86,122,2830,3848,32,442
86,122,2831,3846,19,392
86,122,2832,3848,32,442
86,122,2833,3881,-488,109
86,122,2843,3879,-482,132
86,122,2852,3849,-353,353
86,122,2856,3845,-351,351
86,122,2862,3863,-345,361
86,122,2882,3879,-474,156
86,122,2886,3880,-482,132
88,122,2780,3851,0,500
88,122,2780,3875,109,488
88,122,2782,3881,236,441
88,122,2795,3883,492,85
88,122,2796,3883,492,85
88,122,2802,3883,464,92
88,122,2804,3867,0,366
88,122,2810,3885,412,82
88,122,2811,3883,0,209
88,122,2816,3887,224,-337
88,122,2818,3846,361,345
88,122,2819,3846,353,353
88,122,2827,3838,192,341
88,122,2830,3838,176,351
88,122,2830,3845,358,343
88,122,2831,3839,176,351
88,122,2833,3836,131,341
88,122,2835,3836,123,344
88,122,2836,3837,114,347
88,122,2838,3837,97,353
88,122,2839,3845,358,343
88,122,2842,3832,121,484
88,122,2842,3845,358,343
88,122,2845,3845,358,343
88,122,2846,3837,41,419
88,122,2847,3879,35,69
88,122,2848,3834,0,340
88,122,2848,3835,0,340
88,122,2848,3836,0,361
88,122,2848,3836,0,369
88,122,2848,3838,0,366
88,122,2848,3838,0,387
88,122,2848,3868,18,366
88,122,2849,3834,0,340
88,122,2849,3872,0,290
88,122,2850,3834,0,340
88,122,2850,3837,0,366
88,122,2850,3875,0,104
88,122,2850,3876,0,78
88,122,2850,3876,0,104
88,122,2851,3834,0,340
88,122,2852,3834,0,340
88,122,2852,3868,0,290
88,122,2853,3834,0,340
88,122,2854,3834,0,340
88,122,2855,3834,0,340
88,122,2856,3834,0,340
88,122,2856,3888,20,-208
88,122,2857,3834,0,340
88,122,2858,3834,0,340
88,122,2859,3834,0,340
88,122,2859,3871,498,48
88,122,2860,3834,0,340
88,122,2860,3875,169,162
88,122,2861,3834,0,340
88,122,2861,3877,132,126
88,122,2862,3834,0,340
88,122,2863,3834,0,340
88,122,2864,3834,0,340
88,122,2865,3834,0,340
88,122,2865,3835,0,340
88,122,2865,3835,0,366
88,122,2866,3834,0,340
88,122,2866,3849,353,353
88,122,2866,3873,189,180
88,122,2867,3834,0,340
88,122,2867,3849,353,353
88,122,2868,3834,0,340
88,122,2868,3835,0,340
88,122,2868,3849,353,353
88,122,2868,3859,345,361
88,122,2868,3875,169,162
88,122,2869,3834,0,340
88,122,2870,3834,0,340
88,122,2870,3835,0,340
88,122,2871,3834,0,340
88,122,2872,3834,0,340
88,122,2872,3849,353,353
88,122,2873,3834,0,340
88,122,2874,3834,0,340
88,122,2874,3835,0,340
88,122,2874,3847,361,345
88,122,2875,3834,0,340
88,122,2875,3874,158,174
88,122,2876,3834,0,340
88,122,2876,3835,0,340
88,122,2876,3835,26,364
88,122,2876,3875,169,162
88,122,2877,3834,0,340
88,122,2877,3849,-361,345
88,122,2878,3834,0,340
88,122,2878,3852,353,353
88,122,2878,3890,101,-152
88,122,2879,3834,0,340
88,122,2879,3835,0,340
88,122,2880,3834,0,340
88,122,2880,3835,0,340
88,122,2880,3852,353,353
88,122,2881,3834,0,340
88,122,2881,3835,0,340
88,122,2881,3852,353,353
88,122,2881,3859,345,361
88,122,2882,3834,0,340
88,122,2882,3856,345,361
88,122,2883,3834,0,340
88,122,2883,3875,169,162
88,122,2884,3834,0,340
88,122,2884,3835,0,340
88,122,2884,3875,153,178
88,122,2884,3875,169,162
88,122,2885,3834,0,340
88,122,2885,3835,0,340
88,122,2885,3838,0,366
88,122,2886,3834,0,340
88,122,2887,3834,0,340
88,122,2887,3835,0,340
88,122,2888,3834,0,340
88,122,2888,3835,0,340
88,122,2888,3835,0,366
88,122,2888,3836,8,366
88,122,2888,3838,0,366
88,122,2888,3854,353,353
88,122,2888,3856,353,353
88,122,2889,3834,0,340
88,122,2889,3835,0,366
88,122,2890,3833,0,500
88,122,2890,3834,0,340
88,122,2890,3835,0,340
88,122,2891,3833,0,500
88,122,2891,3834,0,340
88,122,2891,3835,0,340
88,122,2892,3835,0,366
88,122,2892,3859,345,361
88,122,2892,3875,153,178
88,122,2892,3892,27,183
88,122,2892,3892,78,7
88,122,2892,3893,74,167
88,122,2892,3893,99,121
88,122,2892,3894,61,115
88,122,2892,3894,62,117
88,122,2892,3894,263,175
88,122,2892,3895,62,117
88,122,2893,3835,0,366
88,122,2893,3859,345,361
88,122,2893,3877,132,161
88,122,2893,3890,305,250
88,122,2893,3893,130,86
88,122,2893,3893,176,117
88,122,2893,3894,130,86
88,122,2893,3895,130,86
88,122,2894,3859,345,361
88,122,2895,3878,132,126
88,122,2896,3880,56,53
88,122,2896,3883,-31,180
88,122,2896,3894,180,31
88,122,2897,3891,43,-65
88,122,2898,3896,290,6
88,122,2899,3891,37,-125
88,122,2900,3863,345,361
88,122,2900,3895,0,0
88,122,2900,3895,5,-25
88,122,2900,3896,0,0
88,122,2912,3851,0,466
88,122,2913,3850,-25,500
88,122,2916,3851,0,500
88,122,2916,3860,-306,394
88,122,2927,3859,-326,378
88,122,2927,3878,-446,158
88,122,2929,3857,-326,378
89,123,2805,3921,419,41
89,123,2852,3893,0,421
89,123,2859,3893,0,421
89,123,2861,3893,21,421
89,123,2862,3893,0,421
89,123,2862,3900,0,183
89,123,2874,3885,466,179
89,123,2874,3889,496,60
89,123,2875,3880,402,296
89,123,2875,3886,466,179
89,123,2875,3886,478,144
89,123,2875,3888,482,132
89,123,2876,3884,447,224
89,123,2876,3886,466,179
89,123,2877,3885,457,203
89,123,2877,3886,451,212
89,123,2877,3889,490,97
89,123,2878,3888,484,121
89,123,2878,3889,490,97
89,123,2878,3893,0,421
89,123,2880,3880,361,345
89,123,2882,3875,0,500
89,123,2883,3892,74,248
89,123,2883,3893,21,421
89,123,2884,3875,361,345
89,123,2884,3880,-148,449
89,123,2885,3883,287,408
89,123,2885,3890,484,121
89,123,2885,3892,201,201
89,123,2885,3892,500,0
89,123,2886,3877,361,345
89,123,2886,3888,336,248
89,123,2887,3878,361,345
89,123,2887,3879,316,386
89,123,2888,3875,0,500
89,123,2888,3880,361,345
89,123,2889,3875,0,500
89,123,2890,3875,0,500
89,123,2890,3892,435,246
89,123,2890,3893,21,421
89,123,2891,3893,0,421
89,123,2891,3898,0,104
89,123,2891,3904,0,78
89,123,2891,3914,-15,20
89,123,2892,3893,-21,421
89,123,2894,3893,-51,417
89,123,2894,3893,-41,419
89,123,2894,3897,-58,390
89,123,2895,3893,-51,417
89,123,2895,3896,-67,389
89,123,2897,3893,21,421
89,123,2898,3893,0,421
89,123,2898,3921,26,-181
89,123,2899,3893,-21,421
89,123,2899,3893,21,421
89,123,2900,3893,0,421
89,123,2900,3919,5,-25
89,123,2900,3920,25,2
89,123,2902,3879,-97,490
89,123,2904,3880,224,447
89,123,2904,3888,-287,408
89,123,2905,3879,-212,451
89,123,2905,3881,-203,457
89,123,2905,3882,-212,451
89,123,2907,3879,-236,441
89,123,2908,3879,-276,413
89,123,2908,3884,-85,492
89,123,2908,3893,21,421
89,123,2909,3893,0,421
89,123,2910,3882,-361,345
89,123,2910,3893,0,421
89,123,2912,3892,-361,345
89,123,2913,3887,-416,277
89,123,2916,3893,0,421
89,123,2918,3883,-451,212
89,123,2927,3901,-234,317
89,123,2931,3898,-114,378
91,122,2860,3875,478,144
91,122,2861,3863,345,361
91,122,2862,3859,345,361
91,122,2863,3867,345,361
91,122,2864,3870,361,345
91,122,2870,3872,500,25
91,122,2871,3876,466,179
91,122,2873,3892,0,-421
91,122,2879,3845,358,343
91,122,2881,3882,403,121
91,122,2881,3892,26,0
91,122,2883,3891,-298,297
91,122,2884,3845,358,343
91,122,2884,3854,421,267
91,122,2885,3845,358,343
91,122,2885,3883,378,114
91,122,2886,3845,358,343
91,122,2887,3845,358,343
91,122,2887,3890,-45,257
91,122,2887,3892,25,5
91,122,2888,3845,358,343
91,122,2889,3845,351,351
91,122,2889,3845,358,343
91,122,2889,3849,353,353
91,122,2889,3884,-249,-24
91,122,2890,3844,351,351
91,122,2890,3845,358,343
91,122,2890,3874,254,230
91,122,2890,3886,-226,68
91,122,2890,3892,19,16
91,122,2891,3845,358,343
91,122,2891,3849,353,353
91,122,2891,3893,-2,25
91,122,2891,3893,9,24
91,122,2891,3895,9,24
91,122,2891,3897,10,-23
91,122,2891,3898,-47,-93
91,122,2891,3901,0,340
91,122,2891,3902,0,26
91,122,2892,3838,0,366
91,122,2892,3845,358,343
91,122,2892,3890,63,-143
91,122,2892,3891,229,94
91,122,2892,3898,-446,43
91,122,2893,3845,358,343
91,122,2893,3892,-128,-38
91,122,2893,3895,-260,19
91,122,2894,3838,0,366
91,122,2894,3845,358,343
91,122,2894,3890,-261,0
91,122,2894,3901,-362,217
91,122,2895,3838,0,366
91,122,2895,3844,351,351
91,122,2895,3845,358,343
91,122,2895,3896,-263,175
91,122,2896,3886,-223,-183
91,122,2897,3845,351,351
91,122,2897,3845,358,343
91,122,2897,3890,-218,-90
91,122,2897,3890,-165,-78
91,122,2897,3899,-203,339
91,122,2898,3835,26,364
91,122,2898,3845,351,351
91,122,2898,3845,358,343
91,122,2898,3886,-126,-198
91,122,2898,3890,-71,-172
91,122,2898,3891,53,-119
91,122,2899,3842,0,392
91,122,2899,3844,351,351
91,122,2899,3845,358,343
91,122,2899,3889,-90,-219
91,122,2899,3891,-93,-126
91,122,2899,3891,3,-157
91,122,2899,3893,-45,180
91,122,2899,3895,-350,233
91,122,2900,3834,0,340
91,122,2900,3835,0,340
91,122,2900,3845,358,343
91,122,2900,3891,0,-78
91,122,2901,3834,0,340
91,122,2901,3844,351,351
91,122,2901,3845,351,351
91,122,2901,3845,358,343
91,122,2901,3849,353,353
91,122,2901,3888,-31,-180
91,122,2901,3891,72,-108
91,122,2902,3834,0,340
91,122,2902,3835,0,340
91,122,2902,3844,351,351
91,122,2902,3845,358,343
91,122,2903,3834,0,340
91,122,2903,3835,0,340
91,122,2903,3844,351,351
91,122,2903,3845,358,343
91,122,2904,3834,0,340
91,122,2904,3835,0,340
91,122,2904,3845,358,343
91,122,2904,3870,0,261
91,122,2905,3834,0,340
91,122,2905,3835,0,340
91,122,2905,3835,18,366
91,122,2905,3844,351,351
91,122,2905,3845,358,343
91,122,2905,3849,353,353
91,122,2906,3834,0,340
91,122,2906,3835,0,340
91,122,2906,3835,18,366
91,122,2906,3845,358,343
91,122,2906,3849,353,353
91,122,2906,3876,0,209
91,122,2907,3834,0,340
91,122,2907,3835,0,340
91,122,2907,3845,358,343
91,122,2907,3849,353,353
91,122,2908,3834,0,340
91,122,2908,3835,0,340
91,122,2908,3845,358,343
91,122,2909,3834,0,340
91,122,2909,3845,358,343
91,122,2909,3871,142,157
91,122,2910,3834,0,340
91,122,2910,3836,-18,366
91,122,2910,3838,0,366
91,122,2910,3845,358,343
91,122,2910,3872,151,144
91,122,2911,3834,0,340
91,122,2911,3845,358,343
91,122,2911,3879,94,90
91,122,2912,3834,0,340
91,122,2912,3835,0,340
91,122,2912,3837,0,366
91,122,2912,3838,0,366
91,122,2912,3838,0,387
91,122,2912,3839,0,340
91,122,2912,3842,0,392
91,122,2912,3845,358,343
91,122,2912,3875,113,108
91,122,2912,3890,101,-152
91,122,2913,3845,358,343
91,122,2914,3835,-37,498
91,122,2914,3844,351,351
91,122,2914,3845,358,343
91,122,2914,3873,189,180
91,122,2915,3845,358,343
91,122,2916,3833,0,500
91,122,2916,3835,0,366
91,122,2916,3841,0,500
91,122,2916,3845,358,343
91,122,2916,3849,353,353
91,122,2916,3868,0,369
91,122,2916,3875,153,178
91,122,2916,3875,169,162
91,122,2917,3837,-20,392
91,122,2917,3845,358,343
91,122,2917,3849,353,353
91,122,2918,3844,351,351
91,122,2918,3845,358,343
91,122,2919,3845,358,343
91,122,2920,3844,351,351
91,122,2920,3845,358,343
91,122,2920,3871,0,261
91,122,2921,3844,351,351
91,122,2921,3845,358,343
91,122,2921,3846,351,351
91,122,2922,3844,351,351
91,122,2922,3845,358,343
91,122,2923,3842,332,332
91,122,2923,3844,351,351
91,122,2923,3845,358,343
91,122,2923,3875,153,178
91,122,2924,3844,351,351
91,122,2924,3844,353,353
91,122,2924,3845,358,343
91,122,2924,3849,353,353
91,122,2925,3844,351,351
91,122,2925,3845,358,343
91,122,2925,3849,353,353
91,122,2926,3844,343,358
91,122,2926,3844,351,351
91,122,2926,3845,343,358
91,122,2926,3845,351,351
91,122,2926,3845,358,343
91,122,2926,3846,351,351
91,122,2927,3834,0,340
91,122,2928,3849,361,345
91,122,2930,3849,353,353
91,122,2930,3849,361,345
91,122,2931,3849,353,353
91,122,2962,3850,-353,353
91,122,2964,3841,0,500
91,122,2971,3852,-361,345
91,122,2972,3833,0,500
91,122,2972,3841,0,500
91,122,2972,3843,0,500
91,122,2972,3848,0,500
91,122,2972,3851,0,500
91,122,2972,3857,0,447
91,122,2972,3868,0,369
91,122,2976,3861,0,421
91,122,2976,3867,0,369
91,122,2985,3845,-326,378
95,19,2980,644,482,-132
95,19,2981,669,500,0
95,19,2989,676,500,0
95,19,2998,661,400,-132
95,19,2999,662,393,-151
95,19,3000,667,184,-99
95,19,3002,681,300,-332
95,19,3005,658,350,-115
95,19,3008,651,264,0
95,19,3008,660,344,-132
95,19,3010,651,238,0
95,19,3014,659,185,0
95,19,3020,690,361,-345
95,19,3021,690,353,-353
95,19,3021,691,361,-345
95,19,3021,692,361,-345
95,19,3021,694,335,-371
95,19,3021,694,345,-361
95,19,3022,692,345,-361
95,19,3022,693,345,-361
95,19,3022,693,353,-353
95,19,3023,689,353,-353
95,19,3023,697,296,-402
95,19,3024,688,353,-353
95,19,3024,688,361,-345
95,19,3025,690,345,-361
95,19,3025,697,287,-408
95,19,3029,690,296,-402
95,19,3030,688,345,-361
95,19,3030,689,345,-361
95,19,3035,693,361,-345
95,19,3040,654,-236,118
95,19,3044,684,361,-345
95,19,3047,708,156,-474
95,19,3048,708,144,-478
95,19,3051,709,88,-355
95,19,3060,679,0,-395
95,19,3060,680,0,-395
95,19,3060,683,0,-421
95,19,3060,689,0,-473
95,19,3060,692,0,-500
95,19,3062,683,-313,-94
96,20,3001,676,500,0
96,20,3006,671,362,54
96,20,3009,695,408,-287
96,20,3009,696,408,-287
96,20,3012,706,340,-325
96,20,3012,710,340,-325
96,20,3012,711,340,-325
96,20,3012,712,340,-325
96,20,3012,713,340,-325
96,20,3012,714,340,-325
96,20,3012,716,340,-325
96,20,3013,698,368,-334
96,20,3013,699,368,-334
96,20,3014,698,358,-344
96,20,3014,698,368,-334
96,20,3014,701,343,-359
96,20,3015,708,351,-351
96,20,3015,712,351,-351
96,20,3017,695,361,-345
96,20,3017,720,353,-353
96,20,3017,724,335,-371
96,20,3018,726,335,-371
96,20,3019,651,500,0
96,20,3019,697,361,-345
96,20,3019,698,361,-345
96,20,3019,699,361,-345
96,20,3019,700,361,-345
96,20,3019,703,361,-345
96,20,3019,704,361,-345
96,20,3019,706,361,-345
96,20,3019,707,361,-345
96,20,3019,709,361,-345
96,20,3019,718,361,-345
96,20,3020,717,353,-353
96,20,3020,719,335,-371
96,20,3021,701,296,-402
96,20,3022,701,353,-353
96,20,3022,705,353,-353
96,20,3024,717,345,-361
96,20,3033,665,390,58
96,20,3033,719,345,-361
96,20,3035,692,316,-316
96,20,3036,707,304,-291
96,20,3043,720,48,-498
96,20,3044,671,94,-90
96,20,3044,706,234,-318
96,20,3046,718,181,-438
96,20,3048,715,160,-417
96,20,3049,715,160,-417
96,20,3050,704,44,-94
96,20,3050,716,139,-425
96,20,3051,725,114,-459
96,20,3052,714,111,-407
96,20,3053,737,132,-482
96,20,3054,672,-329,-219
96,20,3056,676,-198,-132
96,20,3057,703,82,-251
96,20,3058,681,-130,-87
96,20,3060,693,176,117
96,20,3060,696,-253,399
96,20,3060,714,0,-421
96,20,3060,720,0,-366
96,20,3060,725,0,-473
96,20,3060,740,0,-500
96,20,3060,741,0,-500
96,20,3060,743,0,-500
96,20,3060,744,0,-500
96,20,3063,691,203,339
96,20,3063,692,-37,498
96,20,3064,684,226,136
96,20,3064,692,-141,223
96,20,3064,692,-78,0
96,20,3065,692,-26,0
96,20,3065,692,-25,6
96,20,3066,686,149,249
96,20,3067,692,-22,-13
96,20,3075,692,-14,50
96,22,3001,733,366,0
96,22,3002,732,340,0
96,22,3003,732,340,0
96,22,3003,734,340,0
96,22,3003,734,361,-8
96,22,3003,734,361,0
96,22,3003,735,340,0
96,22,3003,736,340,0
96,22,3003,737,340,0
96,22,3003,738,340,0
96,22,3003,739,340,0
96,22,3003,740,340,0
96,22,3003,741,340,0
96,22,3003,742,340,0
96,22,3003,743,340,0
96,22,3003,744,340,0
96,22,3003,745,340,0
96,22,3003,746,340,0
96,22,3003,747,340,0
96,22,3004,730,366,18
96,22,3004,733,421,0
96,22,3004,734,366,-18
96,22,3004,734,366,0
96,22,3004,735,366,-18
96,22,3004,735,366,-8
96,22,3005,732,366,0
96,22,3005,733,366,0
96,22,3005,734,366,-8
96,22,3005,734,366,0
96,22,3005,735,366,-18
96,22,3005,735,366,-8
96,22,3005,735,387,-19
96,22,3005,746,344,-123
96,22,3006,734,366,-8
96,22,3006,734,366,0
96,22,3006,735,366,-8
96,22,3006,739,358,-71
96,22,3006,740,357,-80
96,22,3007,732,392,0
96,22,3007,733,366,0
96,22,3007,734,366,-8
96,22,3007,734,387,-9
96,22,3007,735,364,-27
96,22,3007,736,363,-44
96,22,3007,736,364,-35
96,22,3007,737,362,-54
96,22,3007,738,360,-63
96,22,3007,739,360,-63
96,22,3007,747,366,0
96,22,3007,756,366,0
96,22,3007,759,419,-31
96,22,3008,758,392,-9
96,22,3008,759,392,0
96,22,3009,758,392,-9
96,22,3010,753,364,-206
96,22,3011,732,392,0
96,22,3011,747,392,0
96,22,3011,756,392,0
96,22,3012,780,340,-325
96,22,3013,779,361,-345
96,22,3014,783,343,-359
96,22,3015,741,418,0
96,22,3017,779,335,-371
96,22,3019,773,361,-345
96,22,3020,736,444,0
96,22,3020,737,444,0
96,22,3020,738,444,0
96,22,3020,739,444,0
96,22,3020,740,444,0
96,22,3020,741,444,0
96,22,3020,743,444,0
96,22,3020,744,444,0
96,22,3020,745,444,0
96,22,3020,746,444,0
96,22,3020,772,444,0
96,22,3020,775,335,-371
96,22,3022,772,500,0
96,22,3029,777,497,0
96,22,3033,740,418,0
96,22,3033,744,418,0
96,22,3033,782,345,-361
96,22,3039,766,293,-265
96,22,3042,734,157,0
96,22,3043,734,130,0
96,22,3044,766,317,-190
96,22,3045,734,78,0
96,22,3047,755,-248,303
96,22,3052,759,106,353
96,22,3052,769,151,-393
96,22,3053,794,85,-492
96,22,3056,756,-164,-82
96,22,3057,740,230,123
96,22,3057,746,-155,-103
96,22,3057,749,13,261
96,22,3057,779,41,-419
96,22,3059,746,-50,-94
96,22,3059,748,-123,-44
96,22,3059,748,-121,99
96,22,3059,782,22,-447
96,22,3060,762,4,-25
96,22,3060,767,290,-120
96,22,3060,781,0,-447
96,22,3062,748,14,50
96,22,3062,749,65,170
96,22,3062,751,20,208
96,22,3064,756,0,0
96,22,3065,750,57,173
96,22,3065,756,-26,0
96,22,3066,752,139,313
96,22,3066,756,-46,62
96,22,3066,756,-26,0
96,24,3002,811,500,0
96,24,3003,756,340,0
96,24,3003,757,340,0
96,24,3003,758,340,0
96,24,3003,759,340,0
96,24,3003,760,340,0
96,24,3003,762,340,0
96,24,3003,763,340,0
96,24,3003,766,340,0
96,24,3003,768,340,0
96,24,3003,769,340,0
96,24,3003,770,340,0
96,24,3003,771,340,0
96,24,3003,774,340,0
96,24,3003,775,340,0
96,24,3003,776,340,0
96,24,3003,777,340,0
96,24,3003,778,340,0
96,24,3003,779,340,0
96,24,3003,780,340,0
96,24,3003,781,340,0
96,24,3003,783,340,0
96,24,3003,785,340,0
96,24,3003,786,340,0
96,24,3003,787,340,0
96,24,3003,789,340,0
96,24,3003,790,340,0
96,24,3003,791,340,0
96,24,3003,792,340,0
96,24,3003,793,340,0
96,24,3003,794,340,0
96,24,3003,796,340,0
96,24,3003,797,340,0
96,24,3003,798,340,0
96,24,3003,799,340,0
96,24,3003,800,340,0
96,24,3003,801,340,0
96,24,3003,804,340,0
96,24,3003,805,340,0
96,24,3003,806,340,0
96,24,3003,807,340,0
96,24,3003,808,340,0
96,24,3003,809,340,0
96,24,3003,810,340,0
96,24,3003,811,340,0
96,24,3004,759,366,-18
96,24,3004,759,366,0
96,24,3004,811,340,0
96,24,3004,813,366,-8
96,24,3004,814,366,0
96,24,3005,758,366,-8
96,24,3005,759,366,-18
96,24,3005,760,366,0
96,24,3005,813,366,-18
96,24,3005,813,366,-8
96,24,3006,748,359,215
96,24,3006,755,366,0
96,24,3006,762,354,88
96,24,3007,747,366,0
96,24,3007,772,366,0
96,24,3008,813,392,-9
96,24,3008,814,392,0
96,24,3009,813,392,-9
96,24,3011,740,392,0
96,24,3011,741,500,0
96,24,3012,828,392,0
96,24,3013,830,418,-21
96,24,3015,800,418,0
96,24,3015,801,418,0
96,24,3015,808,418,0
96,24,3015,829,418,-10
96,24,3018,734,444,0
96,24,3020,732,471,10
96,24,3020,800,444,0
96,24,3020,801,444,0
96,24,3020,804,444,0
96,24,3020,805,444,0
96,24,3020,806,444,0
96,24,3020,807,444,0
96,24,3020,811,444,0
96,24,3020,835,497,0
96,24,3020,835,500,0
96,24,3022,732,500,0
96,24,3023,733,500,0
96,24,3027,730,497,0
96,24,3027,845,361,-345
96,24,3027,846,316,-386
96,24,3033,801,418,0
96,24,3033,807,418,0
96,24,3033,810,418,0
96,24,3033,811,418,0
96,24,3034,725,291,339
96,24,3036,834,304,-291
96,24,3054,752,-183,-223
96,24,3060,745,182,149
96,24,3060,753,0,-183
96,24,3060,755,0,-130
96,24,3061,754,74,-138
96,24,3062,747,173,-93
96,24,3062,753,28,-289
96,24,3063,754,144,-64
96,24,3063,755,152,-42
96,24,3064,751,175,-263
96,24,3064,754,133,-127
96,24,3064,755,93,-50
96,24,3065,747,-130,0
96,24,3065,748,200,60
96,24,3065,750,28,-289
96,24,3065,751,190,-285
96,24,3065,754,73,-110
96,24,3066,748,43,-446
96,24,3069,751,257,44
96,24,3085,747,-25,-207
96,24,3085,747,0,0
96,24,3087,747,122,-317
96,24,3089,747,-25,-5
96,24,3089,755,28,-43
96,24,3092,852,0,-500
97,23,3044,739,500,0
97,23,3044,742,500,0
97,23,3044,758,500,0
97,23,3044,762,500,0
97,23,3047,767,361,-345
97,23,3048,735,441,236
97,23,3048,747,432,-192
97,23,3048,769,441,-236
97,23,3053,755,473,0
97,23,3055,769,191,-462
97,23,3057,769,109,-488
97,23,3057,770,109,-488
97,23,3058,753,442,-66
97,23,3058,755,447,0
97,23,3059,756,378,-280
97,23,3059,762,48,-498
97,23,3059,766,74,-494
97,23,3060,762,0,-500
97,23,3060,764,0,-500
97,23,3060,764,121,-484
97,23,3060,766,0,-500
97,23,3062,750,414,72
97,23,3062,751,417,-51
97,23,3062,753,416,-62
97,23,3081,756,23,-12
97,23,3086,747,0,0
97,23,3086,753,169,-162
97,25,3044,804,500,0
97,25,3047,800,378,326
97,25,3048,799,441,236
97,25,3051,798,296,402
97,25,3054,828,447,0
97,25,3057,795,91,408
97,25,3057,805,224,447
97,25,3058,811,447,0
97,25,3058,812,447,0
97,25,3058,821,447,0
97,25,3058,823,447,0
97,25,3058,835,447,0
97,25,3061,835,421,0
97,25,3062,811,173,323
97,25,3063,835,395,0
97,25,3064,873,309,-323
97,25,3068,867,304,-291
97,25,3080,811,22,-12
97,25,3083,811,-104,0
97,25,3086,839,-219,-229
97,25,3087,824,-208,111
97,25,3087,836,-233,124
97,25,3088,836,-185,17
97,25,3088,881,46,-472
97,25,3089,834,-160,138
97,25,3089,835,-155,103
97,25,3090,840,-108,147
97,25,3091,834,-63,117
97,25,3091,840,-74,138
97,25,3092,877,0,-447
97,25,3092,881,0,-473
101,96,3158,3100,500,0
101,96,3167,3112,498,37
101,96,3172,3100,498,37
101,96,3177,3101,498,48
101,96,3191,3089,316,-316
101,96,3191,3111,395,0
101,96,3194,3029,291,339
101,96,3203,3118,264,0
101,96,3204,3011,0,500
101,96,3207,3028,181,408
101,96,3210,3051,238,0
101,96,3210,3118,133,0
101,96,3235,3011,326,378
101,96,3235,3011,335,371
101,96,3235,3012,335,371
101,96,3242,3008,220,389
101,96,3246,3013,233,412
101,96,3259,3006,85,492
101,96,3260,2999,0,500
101,96,3261,3003,53,441
101,96,3261,3039,42,284
101,96,3263,3029,30,416
101,96,3264,3002,0,340
101,96,3264,3003,0,340
101,96,3264,3006,0,366
101,96,3264,3006,0,387
101,96,3264,3018,0,416
101,96,3266,3002,0,340
101,96,3269,3002,0,340
101,96,3272,3031,19,395
101,96,3276,3002,0,340
101,96,3277,3002,0,340
101,96,3280,3039,0,261
101,96,3281,3003,0,340
101,96,3281,3003,8,366
101,96,3282,3003,26,364
101,96,3283,3002,0,340
101,96,3283,3017,-353,353
101,96,3284,3002,0,340
101,96,3284,3003,0,340
101,96,3285,3017,-353,353
101,96,3286,3002,0,340
101,96,3287,3002,0,340
101,96,3288,3032,0,340
101,96,3289,3002,0,340
101,96,3290,3002,0,340
101,96,3291,3002,0,340
101,96,3292,3002,0,340
101,96,3293,3002,0,340
101,96,3294,3002,0,340
101,96,3295,3002,0,340
101,96,3296,3002,0,340
101,96,3297,3002,0,340
101,96,3298,3002,0,340
101,96,3299,3002,0,340
101,96,3300,3002,0,340
101,96,3300,3003,0,340
101,96,3300,3003,26,364
101,96,3301,3002,0,340
101,96,3302,3002,0,340
101,96,3303,3002,0,340
101,96,3304,3002,0,340
101,96,3304,3003,0,340
101,96,3305,3002,0,340
101,96,3305,3003,18,366
101,96,3306,3002,0,340
101,96,3306,3003,0,340
101,96,3307,3002,0,340
101,96,3308,3060,78,7
101,96,3308,3063,186,348
101,96,3309,3017,-353,353
101,96,3309,3061,130,-12
101,96,3310,3064,172,61
101,96,3310,3078,182,17
101,96,3312,3013,-359,343
101,96,3312,3013,-351,351
101,96,3312,3047,0,130
101,96,3312,3092,27,44
101,96,3313,3013,-351,351
101,96,3313,3073,182,128
101,96,3314,3012,-353,353
101,96,3314,3017,-353,353
101,96,3314,3073,244,-155
101,96,3315,3068,308,-69
101,96,3315,3068,360,265
101,96,3317,3073,315,-23
101,96,3322,3066,228,-219
101,96,3324,3064,83,-305
101,96,3324,3072,132,371
101,96,3326,3076,339,250
101,96,3328,3017,0,444
101,96,3328,3017,0,466
101,96,3328,3018,0,444
101,96,3328,3019,0,444
101,96,3328,3019,0,466
101,96,3328,3036,-167,467
101,96,3328,3064,364,-55
101,96,3330,3055,27,-367
101,96,3331,3062,275,-203
101,96,3332,3059,134,-285
101,96,3333,3021,-158,443
101,96,3333,3021,-136,450
101,96,3334,3052,21,-421
101,96,3335,3020,-189,401
101,96,3335,3050,-187,-349
101,96,3335,3069,41,419
101,96,3337,3054,0,-421
101,96,3337,3058,211,-395
101,96,3338,3022,-296,402
101,96,3340,3017,-353,353
101,96,3341,3049,-405,-39
101,96,3343,3032,-345,361
101,96,3346,3028,-345,361
102,97,3199,3116,500,-11
102,97,3201,3107,462,191
102,97,3201,3124,500,0
102,97,3208,3101,441,236
102,97,3249,3121,-154,97
102,97,3290,3050,416,277
102,97,3290,3052,457,203
102,97,3291,3053,457,203
102,97,3292,3052,447,224
102,97,3295,3045,316,386
102,97,3296,3047,236,441
102,97,3301,3058,484,121
102,97,3301,3060,500,0
102,97,3306,3043,0,500
102,97,3306,3060,435,246
102,97,3307,3060,-39,173
102,97,3307,3061,0,421
102,97,3310,3061,-41,419
102,97,3310,3091,-7,-78
102,97,3312,3058,-76,440
102,97,3313,3056,-61,307
102,97,3314,3049,262,394
102,97,3316,3066,-132,371
102,97,3318,3061,-141,394
102,97,3319,3056,-140,424
102,97,3319,3067,-177,353
102,97,3320,3055,-335,371
102,97,3320,3056,-160,417
102,97,3320,3060,-182,408
102,97,3320,3061,-182,408
102,97,3320,3064,-171,385
102,97,3325,3061,-21,421
102,97,3327,3067,-210,-331
102,97,3332,3062,-292,339
102,97,3333,3071,-332,258
102,97,3348,3092,0,0
104,97,3315,3065,373,290
104,97,3321,3070,332,258
104,97,3321,3071,332,258
104,97,3322,3061,291,339
104,97,3322,3070,332,258
104,97,3326,3066,282,312
104,97,3328,3063,0,395
104,97,3330,3049,-148,449
104,97,3330,3054,10,447
104,97,3331,3054,10,447
104,97,3331,3061,21,421
104,97,3332,3088,-21,-211
104,97,3332,3090,-103,-155
104,97,3332,3090,117,-144
104,97,3333,3056,192,432
104,97,3334,3060,190,403
104,97,3336,3067,177,353
104,97,3342,3087,166,166
104,97,3342,3087,189,139
104,97,3346,3061,31,419
104,97,3346,3061,41,419
104,97,3347,3061,21,421
104,97,3348,3061,0,421
104,97,3348,3083,265,117
104,97,3348,3086,159,89
104,97,3348,3087,80,134
104,97,3349,3059,-21,421
104,97,3352,3047,0,500
104,97,3353,3043,-95,380
104,97,3354,3058,-484,121
104,97,3359,3055,-470,167
104,97,3363,3069,0,209
104,97,3365,3050,-416,277
105,96,3289,3048,482,132
105,96,3309,3028,345,361
105,96,3309,3028,361,345
105,96,3317,3060,421,0
105,96,3325,3059,-139,-313
105,96,3327,3061,-169,-298
105,96,3328,3063,-280,-241
105,96,3331,3076,-110,266
105,96,3332,3061,-311,-197
105,96,3332,3067,-238,204
105,96,3332,3086,-69,278
105,96,3334,3060,316,0
105,96,3339,3007,28,391
105,96,3339,3043,153,178
105,96,3339,3075,-312,-23
105,96,3339,3080,-314,15
105,96,3340,3019,0,444
105,96,3340,3043,153,178
105,96,3340,3092,0,0
105,96,3340,3092,12,22
105,96,3340,3092,130,0
105,96,3341,3006,0,366
105,96,3341,3013,351,351
105,96,3342,3006,0,366
105,96,3342,3013,358,343
105,96,3342,3069,-269,-111
105,96,3343,3092,-28,44
105,96,3344,3069,-130,-230
105,96,3345,3002,0,340
105,96,3345,3003,26,364
105,96,3345,3067,-158,-175
105,96,3346,3003,18,366
105,96,3346,3004,18,366
105,96,3346,3004,26,364
105,96,3346,3067,-102,20
105,96,3346,3069,-124,-168
105,96,3346,3070,-123,-136
105,96,3347,3002,0,340
105,96,3347,3003,0,340
105,96,3347,3088,-52,3
105,96,3348,3002,0,340
105,96,3348,3003,0,340
105,96,3349,3002,0,340
105,96,3349,3055,22,-234
105,96,3350,3002,0,340
105,96,3350,3003,0,340
105,96,3351,3002,0,340
105,96,3351,3003,0,340
105,96,3351,3022,353,353
105,96,3352,3002,0,340
105,96,3352,3003,0,340
105,96,3352,3038,0,261
105,96,3352,3039,0,261
105,96,3353,3002,0,340
105,96,3353,3003,26,364
105,96,3354,3002,0,340
105,96,3355,3002,0,340
105,96,3355,3003,0,340
105,96,3356,3002,0,340
105,96,3357,3002,0,340
105,96,3357,3003,0,340
105,96,3358,3002,0,340
105,96,3359,3002,0,340
105,96,3360,3002,0,340
105,96,3360,3010,332,332
105,96,3360,3011,355,340
105,96,3360,3012,348,348
105,96,3360,3039,0,261
105,96,3361,3003,0,340
105,96,3362,3003,0,340
105,96,3362,3013,358,343
105,96,3362,3014,353,353
105,96,3363,3002,0,340
105,96,3363,3013,351,351
105,96,3363,3013,358,343
105,96,3364,3002,0,340
105,96,3364,3013,358,343
105,96,3365,3002,0,340
105,96,3365,3012,351,351
105,96,3365,3013,358,343
105,96,3366,3002,0,340
105,96,3366,3003,18,366
105,96,3367,3002,0,340
105,96,3367,3013,358,343
105,96,3367,3017,353,353
105,96,3368,3008,240,341
105,96,3368,3012,351,351
105,96,3368,3013,358,343
105,96,3369,3002,0,340
105,96,3369,3012,351,351
105,96,3369,3013,358,343
105,96,3370,3002,0,340
105,96,3370,3003,0,340
105,96,3370,3012,351,351
105,96,3370,3013,358,343
105,96,3371,3002,0,340
105,96,3371,3012,351,351
105,96,3371,3013,358,343
105,96,3371,3017,353,353
105,96,3372,3002,0,340
105,96,3372,3012,351,351
105,96,3372,3013,358,343
105,96,3372,3017,353,353
105,96,3373,3002,0,340
105,96,3373,3012,351,351
105,96,3373,3013,358,343
105,96,3374,3002,0,340
105,96,3375,3002,0,340
105,96,3375,3003,0,340
105,96,3375,3007,176,351
105,96,3376,3002,0,340
105,96,3376,3003,0,340
105,96,3376,3043,0,183
105,96,3377,3002,0,340
105,96,3377,3004,131,341
105,96,3378,3002,0,340
105,96,3379,3002,0,340
105,96,3380,3002,0,340
105,96,3380,3005,114,347
105,96,3381,3002,0,340
105,96,3381,3045,115,141
105,96,3382,3002,0,340
105,96,3382,3005,97,353
105,96,3383,3002,0,340
105,96,3383,3003,88,354
105,96,3384,3002,0,340
105,96,3385,3019,0,444
105,96,3386,3002,0,340
105,96,3386,3042,189,180
105,96,3387,3002,0,340
105,96,3387,3042,158,174
105,96,3388,3002,0,340
105,96,3388,3043,169,162
105,96,3389,3002,0,340
105,96,3389,3002,25,338
105,96,3389,3002,33,338
105,96,3390,3002,0,340
105,96,3391,3002,0,340
105,96,3391,3002,7,340
105,96,3391,3004,19,387
105,96,3392,3002,0,340
105,96,3392,3006,0,366
105,96,3393,3027,-21,421
105,96,3393,3059,86,-130
105,96,3394,3041,189,180
105,96,3395,3058,101,-152
105,96,3396,2998,0,447
105,96,3396,2998,0,500
105,96,3396,2999,0,500
105,96,3396,3000,0,366
105,96,3396,3000,0,473
105,96,3396,3002,0,340
105,96,3396,3002,0,366
105,96,3396,3002,0,447
105,96,3396,3002,0,500
105,96,3396,3005,-21,418
105,96,3396,3044,0,104
105,96,3396,3058,101,-152
105,96,3398,3014,-97,490
105,96,3399,3004,-29,391
105,96,3440,3062,212,100
108,96,3388,3060,500,0
108,96,3392,3060,500,0
108,96,3393,3060,500,0
108,96,3401,3032,345,361
108,96,3402,3060,500,0
108,96,3404,3060,500,0
108,96,3406,3017,353,353
108,96,3407,3038,361,345
108,96,3407,3059,494,74
108,96,3408,3038,361,345
108,96,3410,3017,353,353
108,96,3411,3017,353,353
108,96,3415,3049,393,151
108,96,3415,3054,387,76
108,96,3415,3060,395,0
108,96,3417,3048,457,125
108,96,3417,3054,386,67
108,96,3418,3051,378,114
108,96,3423,3052,411,92
108,96,3424,3051,408,101
108,96,3425,3050,403,121
108,96,3434,3020,353,353
108,96,3434,3050,-228,68
108,96,3434,3055,334,75
108,96,3435,3020,353,353
108,96,3435,3021,361,345
108,96,3436,3021,353,353
108,96,3436,3027,345,361
108,96,3437,3018,335,371
108,96,3437,3019,345,361
108,96,3437,3019,353,353
108,96,3437,3020,353,353
108,96,3437,3021,353,353
108,96,3438,3019,335,371
108,96,3438,3019,345,361
108,96,3438,3019,353,353
108,96,3438,3020,353,353
108,96,3438,3027,345,361
108,96,3439,3024,353,353
108,96,3439,3035,345,361
108,96,3440,3038,361,345
108,96,3442,3021,353,353
108,96,3443,3065,-121,292
108,96,3445,3018,361,345
108,96,3445,3019,345,361
108,96,3445,3021,345,361
108,96,3446,3016,345,361
108,96,3452,3020,361,345
108,96,3465,3023,129,428
108,96,3467,3029,83,275
109,95,3416,3037,500,0
109,95,3416,3044,500,0
109,95,3417,3033,500,0
109,95,3420,3051,490,97
109,95,3425,3019,416,277
109,95,3426,3017,402,296
109,95,3426,3019,416,277
109,95,3427,3017,402,296
109,95,3428,3013,368,333
109,95,3428,3016,386,316
109,95,3429,3013,358,343
109,95,3429,3013,368,333
109,95,3430,2998,358,343
109,95,3430,3010,343,358
109,95,3430,3013,358,343
109,95,3431,2998,351,351
109,95,3431,2998,358,343
109,95,3431,2999,351,351
109,95,3431,2999,358,343
109,95,3431,3001,358,343
109,95,3431,3004,358,343
109,95,3431,3005,358,343
109,95,3431,3006,358,343
109,95,3431,3007,358,343
109,95,3431,3008,358,343
109,95,3431,3009,358,343
109,95,3431,3010,358,343
109,95,3431,3011,358,343
109,95,3431,3013,351,351
109,95,3431,3013,358,343
109,95,3431,3013,361,345
109,95,3431,3021,353,353
109,95,3433,3017,361,345
109,95,3433,3020,353,353
109,95,3433,3031,345,361
109,95,3433,3032,345,361
109,95,3435,2986,358,343
109,95,3435,3010,353,353
109,95,3435,3060,500,0
109,95,3436,3038,361,345
109,95,3437,2988,361,345
109,95,3437,2990,361,345
109,95,3438,2989,353,353
109,95,3438,3005,500,0
109,95,3439,2986,353,353
109,95,3444,3051,408,101
109,95,3444,3066,203,-203
109,95,3445,2979,345,361
109,95,3445,2988,345,361
109,95,3445,2989,345,361
109,95,3445,2990,345,361
109,95,3445,3044,421,0
109,95,3445,3060,421,0
109,95,3447,3060,395,0
109,95,3448,3005,365,257
109,95,3451,3044,369,-8
109,95,3452,3060,369,0
109,95,3454,3060,342,0
109,95,3455,3030,273,285
109,95,3455,3060,50,-15
109,95,3456,3050,-144,306
109,95,3458,3038,115,141
109,95,3458,3047,-294,217
109,95,3459,3060,25,-5
109,95,3460,3003,302,289
109,95,3460,3013,153,178
109,95,3461,3049,-238,204
109,95,3463,2986,0,500
109,95,3463,3047,-339,25
109,95,3465,2996,141,396
109,95,3465,3045,-353,-97
109,95,3466,2995,139,424
109,95,3466,3046,-309,-54
109,95,3467,3043,-275,83
109,95,3468,3002,114,378
109,95,3469,3033,-230,57
109,95,3469,3038,-385,171
109,95,3469,3048,-267,-169
109,95,3470,3036,-242,-198
109,95,3470,3060,0,0
109,95,3472,3037,-223,-73
109,95,3472,3045,-231,-46
109,95,3473,2973,0,369
109,95,3473,3000,330,298
109,95,3473,3047,-182,-17
109,95,3474,3035,-152,-101
109,95,3475,3028,-23,157
109,95,3476,2985,0,238
109,95,3476,3001,0,235
109,95,3490,2983,361,345
109,95,3496,3008,216,226
109,95,3502,2983,353,353
109,95,3502,3012,153,178
109,95,3516,2967,0,500
120,68,3774,2203,500,0
120,68,3779,2210,498,37
120,68,3785,2212,473,10
120,68,3786,2239,361,-345
120,68,3789,2231,361,-345
120,68,3790,2241,494,74
120,68,3793,2248,345,-361
120,68,3793,2248,361,-345
120,68,3794,2212,500,0
120,68,3800,2134,316,316
120,68,3802,2242,319,-275
120,68,3821,2272,-29,-391
120,68,3821,2272,-20,-392
120,68,3822,2272,-29,-391
120,68,3823,2272,-29,-391
120,68,3823,2272,-20,-392
120,68,3824,2272,-20,-392
120,68,3825,2258,-24,-471
120,68,3825,2272,-29,-391
120,68,3829,2268,-21,-418
120,68,3829,2276,-18,-366
120,68,3830,2276,-18,-366
120,68,3830,2276,0,-366
120,68,3831,2264,-22,-444
120,68,3831,2268,-21,-418
120,68,3832,2276,-18,-366
120,68,3833,2244,0,-287
120,68,3833,2248,0,-418
120,68,3833,2264,-22,-444
120,68,3833,2268,-21,-418
120,68,3833,2276,-18,-366
120,68,3833,2277,-57,-470
120,68,3833,2277,0,-340
120,68,3834,2264,-22,-444
120,68,3834,2268,-21,-418
120,68,3834,2276,-18,-366
120,68,3835,2264,-22,-444
120,68,3835,2276,-18,-366
120,68,3836,2276,-18,-366
120,68,3837,2264,-22,-444
120,68,3837,2268,-21,-418
120,68,3837,2277,30,-417
120,68,3838,2276,-18,-366
120,68,3839,2264,-22,-444
120,68,3839,2276,-18,-366
120,68,3840,2267,368,-334
120,68,3840,2268,355,-340
120,68,3840,2276,-18,-366
120,68,3840,2277,0,-340
120,68,3841,2268,-21,-418
120,68,3841,2268,351,-351
120,68,3841,2268,353,-353
120,68,3841,2268,358,-344
120,68,3841,2276,-18,-366
120,68,3842,2266,361,-345
120,68,3842,2267,358,-344
120,68,3842,2276,-18,-366
120,68,3843,2264,-22,-444
120,68,3843,2265,361,-345
120,68,3843,2265,371,-335
120,68,3843,2276,-18,-366
120,68,3844,2264,353,-353
120,68,3844,2268,-21,-418
120,68,3844,2276,-18,-366
120,68,3844,2277,0,-340
120,68,3845,2267,343,-359
120,68,3845,2268,-21,-418
120,68,3845,2276,-18,-366
120,68,3846,2241,325,-266
120,68,3846,2267,343,-359
120,68,3846,2276,-18,-366
120,68,3847,2261,361,-345
120,68,3847,2262,361,-345
120,68,3847,2264,-22,-444
120,68,3847,2267,343,-359
120,68,3848,2261,361,-345
120,68,3848,2267,343,-359
120,68,3848,2267,351,-351
120,68,3848,2268,-21,-418
120,68,3848,2272,240,-342
120,68,3848,2273,232,-348
120,68,3848,2276,-18,-366
120,68,3849,2264,-22,-444
120,68,3849,2267,343,-359
120,68,3849,2268,-21,-418
120,68,3849,2276,-18,-366
120,68,3850,2264,-22,-444
120,68,3850,2276,-18,-366
120,68,3851,2267,343,-359
120,68,3851,2273,215,-360
120,68,3851,2276,-18,-366
120,68,3851,2277,0,-340
120,68,3852,2264,-22,-444
120,68,3853,2264,-22,-444
120,68,3853,2266,260,-392
120,68,3853,2267,343,-359
120,68,3853,2268,0,-418
120,68,3853,2276,-18,-366
120,68,3853,2276,0,-366
120,68,3854,2267,343,-359
120,68,3854,2268,-21,-418
120,68,3854,2275,166,-354
120,68,3854,2276,-18,-366
120,68,3855,2264,-22,-444
120,68,3855,2276,-18,-366
120,68,3856,2264,-22,-444
120,68,3856,2265,242,-405
120,68,3856,2276,-18,-366
120,68,3857,2276,-18,-366
120,68,3858,2264,-22,-444
120,68,3859,2256,353,-353
120,68,3859,2276,-18,-366
120,68,3860,2257,267,-421
120,68,3860,2264,-22,-444
120,68,3860,2276,18,-366
120,68,3861,2254,25,-497
120,68,3861,2263,32,-443
120,68,3861,2276,-18,-366
120,68,3861,2276,18,-366
120,68,3862,2254,25,-497
120,68,3862,2263,32,-443
120,68,3862,2268,0,-418
120,68,3862,2276,0,-366
120,68,3862,2276,18,-366
120,68,3862,2277,0,-340
120,68,3862,2277,97,-353
120,68,3863,2254,25,-497
120,68,3863,2268,-21,-418
120,68,3863,2276,-18,-366
120,68,3863,2277,0,-340
120,68,3864,2264,-22,-444
120,68,3864,2268,-21,-418
120,68,3864,2272,-29,-391
120,68,3864,2276,-18,-366
120,68,3864,2277,80,-358
120,68,3865,2264,-22,-444
120,68,3865,2265,107,-431
120,68,3865,2268,-21,-418
120,68,3865,2276,-18,-366
120,68,3865,2277,0,-340
120,68,3866,2264,-22,-444
120,68,3866,2272,-29,-391
120,68,3866,2276,-18,-366
120,68,3867,2264,-22,-444
120,68,3867,2276,-18,-366
120,68,3868,2276,-18,-366
120,68,3868,2277,0,-340
120,68,3869,2264,-22,-444
120,68,3869,2272,58,-388
120,68,3869,2276,-18,-366
120,68,3870,2251,30,-417
120,68,3870,2264,-22,-444
120,68,3870,2268,30,-417
120,68,3870,2272,38,-391
120,68,3870,2276,-18,-366
120,68,3870,2276,26,-365
120,68,3871,2268,22,-440
120,68,3871,2275,19,-387
120,68,3871,2276,-18,-366
120,68,3871,2276,18,-366
120,68,3871,2276,19,-387
120,68,3872,2264,-22,-444
120,68,3872,2267,0,-440
120,68,3872,2268,22,-440
120,68,3872,2269,0,-418
120,68,3872,2270,0,-414
120,68,3872,2270,0,-392
120,68,3872,2274,0,-387
120,68,3872,2274,0,-366
120,68,3872,2274,19,-392
120,68,3872,2275,0,-500
120,68,3872,2276,-18,-366
120,68,3873,2268,-21,-418
120,68,3873,2276,-18,-366
120,68,3874,2264,-22,-444
120,68,3874,2276,-18,-366
120,68,3875,2238,0,-157
120,68,3875,2241,0,-209
120,68,3875,2267,0,-418
120,68,3875,2276,-18,-366
120,68,3875,2276,0,-366
120,68,3876,2245,0,-314
120,68,3876,2266,0,-500
120,68,3876,2272,0,-444
120,68,3876,2277,0,-418
120,68,3876,2279,0,-418
120,68,3876,2281,0,-500
120,68,3878,2269,-43,-443
120,68,3878,2271,-41,-417
120,68,3878,2274,-29,-391
120,68,3879,2275,-29,-391
120,68,3879,2277,-29,-391
120,68,3879,2278,-38,-391
120,68,3883,2272,-109,-488
120,68,3884,2276,-109,-488
120,68,3884,2279,-144,-478
120,68,3889,2267,0,-444
120,68,3898,2223,246,271
120,68,3901,2261,0,-471
122,42,3837,1322,484,121
122,42,3843,1305,343,281
122,42,3847,1303,371,335
122,42,3848,1297,361,345
122,42,3848,1302,345,361
122,42,3848,1329,470,167
122,42,3848,1332,451,212
122,42,3849,1303,353,353
122,42,3849,1304,345,361
122,42,3849,1304,361,345
122,42,3850,1297,353,353
122,42,3850,1297,361,345
122,42,3851,1332,500,0
122,42,3853,1323,437,97
122,42,3854,1332,444,0
122,42,3854,1332,447,0
122,42,3857,1329,234,17
122,42,3857,1333,157,0
122,42,3857,1335,208,-15
122,42,3858,1332,447,0
122,42,3858,1334,260,-19
122,42,3859,1326,414,72
122,42,3860,1318,445,158
122,42,3861,1332,421,0
122,42,3862,1401,389,-161
122,42,3863,1322,403,121
122,42,3863,1326,387,76
122,42,3863,1326,389,67
122,42,3863,1332,395,0
122,42,3863,1333,395,0
122,42,3864,1321,175,62
122,42,3864,1323,408,101
122,42,3865,1307,312,282
122,42,3865,1333,287,-14
122,42,3866,1323,378,114
122,42,3867,1318,445,158
122,42,3868,1318,445,158
122,42,3868,1323,408,101
122,42,3868,1332,369,0
122,42,3871,1320,421,150
122,42,3871,1320,424,139
122,42,3871,1324,411,92
122,42,3872,1319,421,150
122,42,3872,1323,408,101
122,42,3873,1322,403,121
122,42,3876,1323,408,101
122,42,3876,1325,381,104
122,42,3884,1292,361,345
122,42,3884,1296,353,353
122,42,3884,1299,345,361
122,42,3885,1290,335,371
122,42,3885,1291,345,361
122,42,3885,1291,353,353
122,42,3885,1292,353,353
122,42,3885,1293,353,353
122,42,3885,1296,353,353
122,42,3885,1299,345,361
122,42,3885,1299,353,353
122,42,3885,1303,345,361
122,42,3885,1307,345,361
122,42,3886,1288,345,361
122,42,3886,1289,353,353
122,42,3886,1290,353,353
122,42,3886,1291,345,361
122,42,3886,1291,353,353
122,42,3886,1292,353,353
122,42,3886,1296,353,353
122,42,3886,1299,345,361
122,42,3886,1303,345,361
122,42,3886,1307,345,361
122,42,3887,1296,353,353
122,42,3887,1303,345,361
122,42,3887,1307,345,361
122,42,3888,1296,353,353
122,42,3888,1310,361,345
122,42,3889,1291,345,361
122,42,3890,1293,353,353
122,42,3890,1333,130,25
122,42,3893,1291,345,361
122,42,3894,1330,-116,-174
122,42,3895,1289,345,361
122,42,3895,1290,345,361
122,42,3895,1321,113,-296
122,42,3895,1323,6,-290
122,42,3895,1324,5,-264
122,42,3895,1324,101,-244
122,42,3895,1327,-82,-251
122,42,3895,1327,314,-38
122,42,3895,1330,-103,-155
122,42,3895,1331,164,-87
122,42,3896,1317,217,-362
122,42,3896,1324,101,-244
122,42,3898,1329,-205,-123
122,42,3900,1292,361,345
122,42,3900,1325,100,-242
122,42,3901,1284,316,386
122,42,3901,1320,107,-325
122,42,3902,1318,179,-380
122,42,3902,1319,160,-361
122,42,3903,1320,106,-323
122,42,3904,1295,361,345
122,42,3905,1295,-97,487
122,42,3905,1319,122,-317
122,42,3907,1294,-295,360
122,42,3907,1295,-295,360
122,42,3907,1329,-18,-185
122,42,3908,1319,106,-323
122,42,3909,1291,158,445
122,42,3909,1322,30,-315
122,42,3909,1325,69,-255
122,42,3910,1323,0,-314
122,42,3911,1275,156,474
122,42,3912,1330,-132,-162
122,42,3914,1273,121,484
122,42,3914,1305,151,365
122,42,3915,1299,129,428
122,42,3915,1306,132,371
122,42,3916,1323,389,67
122,42,3920,1283,121,484
122,42,3920,1308,-262,-175
122,42,3920,1316,-239,-159
122,42,3921,1313,57,230
122,42,3922,1314,56,204
122,42,3922,1326,118,236
122,42,3924,1298,0,447
122,42,3924,1307,0,104
122,42,3924,1308,0,369
122,42,3924,1319,0,473
122,42,3924,1320,16,19
122,42,3924,1321,0,-257
122,42,3924,1322,0,-104
122,42,3924,1322,19,16
122,42,3924,1323,25,-4
122,42,3924,1324,0,-262
122,42,3924,1324,0,-261
122,42,3924,1324,0,-104
122,42,3924,1324,0,26
122,42,3924,1324,16,76
122,42,3924,1324,19,-17
122,42,3924,1324,146,132
122,42,3924,1325,25,-6
122,42,3924,1326,0,0
122,42,3924,1326,21,-14
122,42,3924,1327,0,0
122,42,3924,1327,0,157
122,42,3924,1327,168,29
122,42,3924,1328,149,26
122,42,3924,1330,0,-52
122,42,3924,1330,0,-26
122,42,3924,1330,55,-83
122,42,3924,1330,78,-61
122,67,3833,2161,500,0
122,67,3843,2146,498,37
122,67,3849,2157,467,70
122,67,3867,2161,367,27
122,67,3868,2162,369,18
122,67,3896,2225,474,-156
122,67,3896,2226,474,-156
122,67,3897,2229,441,-236
122,67,3898,2224,484,-121
122,67,3898,2229,441,-236
122,67,3899,2225,457,-203
122,67,3899,2225,466,-179
122,67,3899,2225,470,-167
122,67,3899,2225,478,-144
122,67,3899,2226,457,-203
122,67,3899,2230,394,-306
122,67,3902,2219,444,0
122,67,3902,2224,470,-167
122,67,3902,2230,394,-306
122,67,3903,2219,500,0
122,67,3904,2219,500,0
122,67,3904,2223,466,-179
122,67,3905,2223,462,-191
122,67,3905,2227,394,-306
122,67,3910,2222,451,-212
122,67,3915,2214,-20,-395
122,67,3915,2218,0,-421
122,67,3915,2222,0,-447
122,67,3915,2231,306,-394
122,67,3916,2218,-21,-421
122,67,3918,2228,287,-408
122,67,3919,2229,148,-450
122,67,3922,2230,262,-394
122,67,3924,2190,49,92
122,67,3924,2191,37,69
122,67,3924,2194,21,14
122,67,3924,2213,0,-104
122,67,3924,2215,234,-23
122,67,3925,2237,306,-394
122,67,3931,2237,287,-408
122,67,3933,2219,-75,-250
123,12,3867,361,500,0
123,12,3873,356,500,0
123,12,3876,356,500,0
123,12,3879,344,361,345
123,12,3880,342,345,361
123,12,3880,343,345,361
123,12,3880,352,500,0
123,12,3881,343,353,353
123,12,3881,344,345,361
123,12,3881,362,464,92
123,12,3881,421,471,35
123,12,3881,432,471,-46
123,12,3881,448,500,0
123,12,3882,335,353,353
123,12,3882,438,457,-126
123,12,3882,445,361,-345
123,12,3883,337,353,353
123,12,3883,360,498,-37
123,12,3883,360,500,0
123,12,3883,361,498,-37
123,12,3883,445,353,-353
123,12,3884,348,345,361
123,12,3884,352,500,0
123,12,3884,356,445,158
123,12,3884,379,335,371
123,12,3885,339,335,371
123,12,3885,363,437,97
123,12,3885,383,316,386
123,12,3885,389,372,248
123,12,3885,444,438,-181
123,12,3885,458,267,-421
123,12,3886,328,345,361
123,12,3886,364,438,87
123,12,3886,365,440,76
123,12,3886,402,445,43
123,12,3886,452,500,0
123,12,3887,328,345,361
123,12,3887,328,353,353
123,12,3887,333,353,353
123,12,3888,329,353,353
123,12,3889,357,414,171
123,12,3889,374,314,-7
123,12,3890,364,411,92
123,12,3890,367,442,66
123,12,3890,388,447,0
123,12,3890,392,447,0
123,12,3890,395,447,0
123,12,3890,454,500,0
123,12,3891,377,421,0
123,12,3891,410,421,0
123,12,3892,359,417,160
123,12,3892,362,403,121
123,12,3893,424,421,0
123,12,3893,442,356,-168
123,12,3894,366,412,82
123,12,3894,443,400,-201
123,12,3895,362,403,121
123,12,3895,384,395,0
123,12,3895,388,395,0
123,12,3895,389,395,0
123,12,3895,392,395,0
123,12,3895,414,395,0
123,12,3895,424,395,0
123,12,3897,441,376,-189
123,12,3898,362,371,132
123,12,3898,435,381,-105
123,12,3898,437,371,-132
123,12,3898,456,309,-323
123,12,3899,359,453,136
123,12,3899,442,339,-203
123,12,3900,359,421,150
123,12,3900,363,408,101
123,12,3900,364,411,92
123,12,3901,344,339,291
123,12,3901,435,353,-107
123,12,3901,448,500,0
123,12,3901,456,500,0
123,12,3902,455,378,-326
123,12,3907,382,133,0
123,12,3908,356,333,211
123,12,3908,363,408,101
123,12,3909,344,339,291
123,12,3909,345,386,316
123,12,3909,422,91,-130
123,12,3910,325,358,343
123,12,3910,348,302,289
123,12,3910,365,238,0
123,12,3911,324,343,358
123,12,3911,324,351,351
123,12,3911,325,358,343
123,12,3912,454,323,-309
123,12,3915,328,353,353
123,12,3915,332,353,353
123,12,3915,348,319,274
123,12,3915,349,353,274
123,12,3915,353,255,266
123,12,3915,456,141,-396
123,12,3916,328,353,353
123,12,3916,328,361,345
123,12,3916,331,353,353
123,12,3916,333,353,353
123,12,3916,333,361,345
123,12,3916,336,353,353
123,12,3916,339,345,361
123,12,3916,455,323,-309
123,12,3916,464,97,-437
123,12,3917,327,345,361
123,12,3917,328,353,353
123,12,3917,330,335,371
123,12,3917,330,345,361
123,12,3917,330,353,353
123,12,3917,331,353,353
123,12,3917,332,353,353
123,12,3917,333,353,353
123,12,3917,336,353,353
123,12,3917,339,345,361
123,12,3917,339,353,353
123,12,3917,343,345,361
123,12,3917,352,350,233
123,12,3918,329,345,361
123,12,3918,329,353,353
123,12,3918,329,361,345
123,12,3918,330,361,345
123,12,3918,331,335,371
123,12,3918,331,345,361
123,12,3918,331,353,353
123,12,3918,332,345,361
123,12,3918,332,353,353
123,12,3918,333,345,361
123,12,3918,336,353,353
123,12,3918,339,345,361
123,12,3918,343,345,361
123,12,3918,347,345,361
123,12,3918,359,325,174
123,12,3918,459,82,-413
123,12,3919,330,361,345
123,12,3919,336,353,353
123,12,3919,343,345,361
123,12,3919,347,345,361
123,12,3919,349,335,371
123,12,3919,349,361,345
123,12,3919,350,335,371
123,12,3919,465,49,-283
123,12,3920,330,353,353
123,12,3920,336,353,353
123,12,3920,350,361,345
123,12,3920,454,67,-389
123,12,3921,331,345,361
123,12,3921,354,317,234
123,12,3921,354,322,226
123,12,3921,355,322,226
123,12,3922,329,353,353
123,12,3922,331,353,353
123,12,3922,332,353,353
123,12,3922,333,353,353
123,12,3922,359,273,201
123,12,3923,328,353,353
123,12,3923,444,283,-271
123,12,3923,465,8,-369
123,12,3923,466,7,-342
123,12,3924,331,353,353
123,12,3924,357,301,211
123,12,3924,469,0,-473
123,12,3924,480,0,-500
123,12,3924,486,0,-500
123,12,3925,331,345,361
123,12,3925,331,361,345
123,12,3925,332,345,361
123,12,3925,356,291,226
123,12,3925,361,57,176
123,12,3925,456,22,-234
123,12,3926,356,247,237
123,12,3927,330,345,361
123,12,3927,358,265,216
123,12,3927,362,-16,-316
123,12,3927,369,-134,-128
123,12,3927,371,164,-87
123,12,3927,371,191,-90
123,12,3928,359,-317,-122
123,12,3928,363,6,-290
123,12,3928,367,-82,-251
123,12,3928,480,-17,-237
123,12,3929,332,345,361
123,12,3929,333,345,361
123,12,3929,334,345,361
123,12,3929,352,255,266
123,12,3929,354,237,247
123,12,3929,369,-194,-137
123,12,3930,364,-14,-290
123,12,3930,366,-91,-220
123,12,3930,366,80,-196
123,12,3930,454,321,-307
123,12,3931,364,14,-290
123,12,3931,370,-160,-96
123,12,3931,371,-117,-63
123,12,3932,332,361,345
123,12,3932,334,345,361
123,12,3932,362,229,178
123,12,3932,449,0,-316
123,12,3932,455,378,-326
123,12,3932,459,0,-421
123,12,3932,468,0,-473
123,12,3934,363,0,-316
123,12,3935,366,87,-246
123,12,3935,367,-21,-211
123,12,3936,333,361,345
123,12,3936,335,361,345
123,12,3936,367,70,-197
123,12,3936,370,-103,-155
123,12,3937,366,88,-249
123,12,3938,362,-28,-289
123,12,3939,368,-158,-175
123,12,3940,360,106,-323
123,12,3940,361,98,-298
123,12,3940,365,-54,-312
123,12,3940,459,0,-421
123,12,3940,465,0,-473
123,12,3940,469,0,-473
123,12,3940,480,0,-500
123,12,3941,360,98,-325
123,12,3941,363,-16,-314
123,12,3941,364,25,-263
123,12,3942,324,244,432
123,12,3943,357,221,-222
123,12,3943,366,57,-230
123,12,3944,370,-132,-162
123,12,3945,335,129,428
123,12,3945,343,161,389
123,12,3945,356,257,365
123,12,3946,347,-339,140
123,12,3947,346,132,371
123,12,3947,365,-46,230
123,12,3947,370,-142,-157
123,12,3947,465,0,-473
123,12,3948,339,101,408
123,12,3948,366,45,-260
123,12,3948,371,-103,-28
123,12,3949,362,42,-287
123,12,3950,351,98,328
123,12,3952,352,-284,-189
123,12,3952,356,-307,-205
123,12,3952,356,-239,-159
123,12,3952,371,5,-52
123,12,3952,371,23,-12
123,12,3953,371,166,64
123,12,3954,354,56,204
123,12,3954,358,40,181
123,12,3954,358,212,156
123,12,3955,353,28,130
123,12,3955,354,46,152
123,12,3955,356,-148,-277
123,12,3955,361,-136,-254
123,12,3955,361,255,69
123,12,3955,362,-87,-58
123,12,3955,370,202,-25
123,12,3955,465,13,-261
123,12,3956,312,0,500
123,12,3956,334,0,447
123,12,3956,338,0,261
123,12,3956,338,0,447
123,12,3956,341,0,421
123,12,3956,343,0,392
123,12,3956,343,0,395
123,12,3956,345,0,209
123,12,3956,348,0,369
123,12,3956,352,0,78
123,12,3956,353,0,26
123,12,3956,360,0,-130
123,12,3956,360,0,0
123,12,3956,360,0,26
123,12,3956,360,16,19
123,12,3956,361,0,-157
123,12,3956,361,0,0
123,12,3956,361,23,10
123,12,3956,362,19,16
123,12,3956,363,0,-104
123,12,3956,363,0,210
123,12,3956,363,25,-4
123,12,3956,363,25,5
123,12,3956,363,117,207
123,12,3956,363,408,101
123,12,3956,364,0,-104
123,12,3956,364,19,-17
123,12,3956,364,22,-13
123,12,3956,365,0,-104
123,12,3956,365,2,-104
123,12,3956,365,18,-18
123,12,3956,366,0,-26
123,12,3956,366,0,0
123,12,3956,366,0,130
123,12,3956,366,25,-4
123,12,3956,367,0,-157
123,12,3956,367,0,0
123,12,3956,367,168,29
123,12,3956,368,0,0
123,12,3956,368,144,-47
123,12,3956,369,102,17
123,12,3956,370,0,-52
123,12,3956,370,51,-9
123,12,3956,370,78,-61
123,12,3956,370,83,-55
123,12,3956,370,84,-53
123,12,3972,459,0,-421
123,12,3972,464,0,-447
123,12,3988,468,-7,-314
123,12,3996,459,0,-421
123,12,3996,471,0,-471
123,12,3996,475,-361,-345
123,12,4027,470,-361,-345
123,36,3863,1150,498,48
123,36,3864,1149,500,0
123,36,3865,1153,405,-30
123,36,3866,1149,500,0
123,36,3867,1150,361,0
123,36,3867,1153,340,0
123,36,3867,1156,340,0
123,36,3867,1156,361,0
123,36,3867,1157,340,0
123,36,3867,1159,340,0
123,36,3867,1160,340,0
123,36,3867,1161,340,0
123,36,3867,1162,340,0
123,36,3867,1163,340,0
123,36,3867,1164,340,0
123,36,3867,1165,340,0
123,36,3867,1167,340,0
123,36,3867,1168,340,0
123,36,3867,1169,340,0
123,36,3867,1171,340,0
123,36,3867,1172,340,0
123,36,3867,1175,340,0
123,36,3867,1176,340,0
123,36,3867,1177,340,0
123,36,3867,1178,340,0
123,36,3867,1179,340,0
123,36,3867,1180,340,0
123,36,3867,1187,340,0
123,36,3867,1188,340,0
123,36,3867,1190,340,0
123,36,3867,1191,340,0
123,36,3867,1193,340,0
123,36,3867,1194,340,0
123,36,3867,1195,340,0
123,36,3867,1195,369,0
123,36,3868,1149,366,0
123,36,3868,1149,500,0
123,36,3868,1156,340,0
123,36,3868,1197,366,0
123,36,3868,1198,366,0
123,36,3869,1139,385,86
123,36,3869,1150,366,0
123,36,3869,1152,366,0
123,36,3869,1156,366,0
123,36,3869,1195,369,0
123,36,3870,1136,447,224
123,36,3871,1153,366,0
123,36,3871,1156,366,0
123,36,3871,1156,387,0
123,36,3871,1207,366,0
123,36,3871,1208,366,0
123,36,3872,1197,392,0
123,36,3872,1198,392,0
123,36,3873,1124,500,0
123,36,3873,1149,500,0
123,36,3875,1207,392,0
123,36,3875,1208,392,0
123,36,3875,1210,392,0
123,36,3875,1212,392,0
123,36,3875,1213,392,0
123,36,3876,1137,417,160
123,36,3877,1124,371,335
123,36,3877,1214,418,-21
123,36,3877,1215,469,-46
123,36,3878,1206,361,-345
123,36,3878,1207,361,-345
123,36,3878,1218,361,-345
123,36,3878,1226,447,-224
123,36,3879,1127,353,353
123,36,3879,1149,500,0
123,36,3879,1187,418,0
123,36,3879,1188,418,0
123,36,3879,1212,418,0
123,36,3879,1215,418,0
123,36,3879,1216,358,-344
123,36,3879,1216,418,0
123,36,3879,1225,397,-200
123,36,3881,1228,391,-261
123,36,3882,1227,416,-277
123,36,3882,1227,429,-257
123,36,3883,1193,361,-345
123,36,3883,1198,361,-345
123,36,3883,1201,361,-345
123,36,3883,1202,361,-345
123,36,3883,1205,361,-345
123,36,3883,1210,361,-345
123,36,3883,1213,353,-353
123,36,3884,1190,444,0
123,36,3884,1191,444,0
123,36,3884,1193,444,0
123,36,3884,1194,444,0
123,36,3884,1195,444,0
123,36,3884,1218,444,0
123,36,3884,1221,444,0
123,36,3886,1150,444,53
123,36,3887,1105,306,394
123,36,3887,1106,306,394
123,36,3888,1223,471,0
123,36,3893,1150,421,0
123,36,3893,1225,497,0
123,36,3893,1226,497,0
123,36,3897,1153,392,47
123,36,3898,1212,229,0
123,36,3898,1227,500,0
123,36,3901,1225,176,-227
123,36,3902,1121,299,257
123,36,3903,1155,260,19
123,36,3904,1155,234,17
123,36,3906,1134,-99,85
123,36,3906,1187,115,-141
123,36,3909,1162,175,194
123,36,3911,1156,104,0
123,36,3913,1199,-215,262
123,36,3914,1156,107,0
123,36,3915,1206,183,183
123,36,3916,1226,121,-403
123,36,3919,1195,-218,89
123,36,3919,1216,82,-332
123,36,3920,1195,-202,30
123,36,3920,1197,-195,75
123,36,3920,1198,-182,102
123,36,3920,1202,-143,-64
123,36,3920,1214,122,259
123,36,3921,1200,414,-72
123,36,3922,1196,-121,99
123,36,3922,1196,-115,61
123,36,3922,1197,-183,3
123,36,3923,1195,-208,-20
123,36,3923,1198,-230,94
123,36,3923,1215,323,173
123,36,3924,1197,207,25
123,36,3924,1201,-8,366
123,36,3924,1204,0,0
123,36,3924,1206,23,-10
123,36,3924,1210,4,-25
123,36,3924,1223,165,-202
123,36,3924,1229,0,-447
123,36,3926,1196,-150,-45
123,36,3926,1197,116,173
123,36,3926,1199,20,208
123,36,3926,1202,-13,261
123,36,3927,1196,138,74
123,36,3927,1204,-26,0
123,36,3927,1204,-23,12
123,36,3927,1204,-14,21
123,36,3927,1204,-2,52
123,36,3927,1204,0,0
123,36,3928,1198,109,-141
123,36,3928,1204,0,0
123,36,3929,1204,-23,-12
123,36,3929,1204,-12,-23
123,36,3929,1204,0,0
123,36,3930,1196,110,110
123,36,3930,1204,-46,62
123,36,3930,1204,-45,64
123,36,3931,1204,-330,165
123,36,3931,1204,-26,0
123,36,3931,1204,-23,-12
123,36,3931,1204,-7,51
123,36,3931,1204,0,0
123,36,3933,1199,107,179
123,36,3933,1204,-50,60
123,36,3934,1204,-15,76
123,36,3939,1197,108,147
123,36,3956,1200,23,10
123,36,3958,1124,191,182
123,36,3960,1136,171,164
123,36,3961,1139,138,-74
123,38,3863,1251,447,0
123,38,3864,1251,500,0
123,38,3865,1217,419,-41
123,38,3865,1251,500,0
123,38,3866,1251,444,0
123,38,3866,1251,500,0
123,38,3866,1252,366,0
123,38,3866,1252,379,0
123,38,3867,1204,340,0
123,38,3867,1206,340,0
123,38,3867,1207,340,0
123,38,3867,1208,340,0
123,38,3867,1209,340,0
123,38,3867,1210,340,0
123,38,3867,1211,340,0
123,38,3867,1212,340,0
123,38,3867,1213,340,0
123,38,3867,1214,340,0
123,38,3867,1215,340,0
123,38,3867,1216,340,0
123,38,3867,1217,340,0
123,38,3867,1218,340,0
123,38,3867,1219,340,0
123,38,3867,1220,340,0
123,38,3867,1221,340,0
123,38,3867,1222,340,0
123,38,3867,1223,340,0
123,38,3867,1224,340,0
123,38,3867,1225,340,0
123,38,3867,1226,340,0
123,38,3867,1227,340,0
123,38,3867,1228,340,0
123,38,3867,1230,340,0
123,38,3867,1231,340,0
123,38,3867,1232,340,0
123,38,3867,1233,340,0
123,38,3867,1234,340,0
123,38,3867,1235,340,0
123,38,3867,1236,340,0
123,38,3867,1237,340,0
123,38,3867,1238,340,0
123,38,3867,1239,340,0
123,38,3867,1240,340,0
123,38,3867,1241,340,0
123,38,3867,1242,340,0
123,38,3867,1243,340,0
123,38,3867,1244,340,0
123,38,3867,1245,340,0
123,38,3867,1246,340,0
123,38,3867,1247,340,0
123,38,3867,1248,340,0
123,38,3867,1249,340,0
123,38,3867,1250,340,0
123,38,3867,1251,340,0
123,38,3867,1251,447,0
123,38,3867,1252,361,0
123,38,3867,1254,366,-18
123,38,3867,1263,482,-132
123,38,3868,1214,366,-8
123,38,3868,1251,340,0
123,38,3868,1251,418,0
123,38,3868,1251,473,0
123,38,3868,1252,361,0
123,38,3868,1253,366,-8
123,38,3868,1253,366,0
123,38,3869,1214,366,-18
123,38,3869,1214,366,-8
123,38,3869,1215,366,-18
123,38,3869,1216,366,0
123,38,3869,1249,366,8
123,38,3869,1251,418,0
123,38,3869,1253,366,0
123,38,3870,1212,392,0
123,38,3870,1215,393,-29
123,38,3870,1249,366,0
123,38,3870,1249,366,8
123,38,3870,1250,366,0
123,38,3870,1251,444,0
123,38,3870,1252,366,0
123,38,3871,1195,366,0
123,38,3871,1195,500,0
123,38,3871,1212,366,0
123,38,3871,1233,366,0
123,38,3871,1249,366,0
123,38,3871,1251,473,0
123,38,3871,1251,500,0
123,38,3872,1197,392,-20
123,38,3872,1197,392,-9
123,38,3872,1198,392,0
123,38,3872,1251,471,0
123,38,3872,1253,392,0
123,38,3872,1262,482,-132
123,38,3873,1197,392,-20
123,38,3873,1197,392,-9
123,38,3873,1249,392,8
123,38,3873,1251,500,0
123,38,3874,1249,392,8
123,38,3874,1252,431,0
123,38,3875,1212,392,0
123,38,3875,1251,500,0
123,38,3875,1252,414,0
123,38,3876,1252,414,0
123,38,3876,1253,418,-21
123,38,3878,1184,358,343
123,38,3879,1183,345,361
123,38,3879,1184,353,353
123,38,3879,1234,418,0
123,38,3879,1250,418,0
123,38,3879,1251,418,0
123,38,3883,1251,444,0
123,38,3884,1248,444,0
123,38,3884,1249,444,0
123,38,3884,1250,444,0
123,38,3884,1251,444,0
123,38,3886,1165,353,353
123,38,3886,1251,447,0
123,38,3893,1239,161,132
123,38,3897,1248,340,0
123,38,3897,1248,418,0
123,38,3897,1249,392,0
123,38,3897,1249,418,0
123,38,3903,1256,261,0
123,38,3906,1180,497,11
123,38,3907,1249,130,0
123,38,3908,1146,179,466
123,38,3908,1244,104,0
123,38,3908,1248,104,0
123,38,3908,1250,104,0
123,38,3909,1169,181,408
123,38,3911,1234,97,125
123,38,3914,1171,139,424
123,38,3914,1175,151,393
123,38,3916,1251,447,0
123,38,3917,1177,167,470
123,38,3918,1251,235,0
123,38,3920,1179,121,484
123,38,3920,1252,348,186
123,38,3921,1252,230,123
123,38,3921,1254,173,260
123,38,3923,1236,-86,-162
123,38,3923,1260,-121,99
123,38,3924,1180,0,369
123,38,3924,1203,0,-104
123,38,3924,1203,0,-78
123,38,3924,1265,0,183
123,38,3924,1270,23,-10
123,38,3924,1270,24,-10
123,38,3924,1270,25,2
123,38,3924,1272,5,-25
123,38,3925,1197,98,-185
123,38,3925,1201,74,-138
123,38,3925,1202,0,-78
123,38,3927,1264,-15,208
123,38,3928,1196,171,47
123,38,3928,1199,175,-263
123,38,3928,1203,155,-31
123,38,3930,1196,151,41
123,38,3931,1199,181,-258
123,38,3931,1203,139,-75
123,38,3931,1268,-165,77
123,38,3947,1195,25,3
123,38,3948,1195,25,5
123,38,3949,1196,-105,-149
123,38,3951,1195,25,7
123,38,3956,1195,-26,-2
123,38,3956,1195,0,0
123,38,3956,1201,94,-157
123,38,3956,1203,115,-62
123,40,3872,1308,500,0
123,40,3873,1251,500,0
123,40,3874,1252,500,0
123,40,3875,1250,392,0
123,40,3875,1251,392,0
123,40,3875,1251,418,0
123,40,3875,1251,500,0
123,40,3875,1252,414,0
123,40,3875,1252,418,0
123,40,3875,1252,419,0
123,40,3875,1252,431,0
123,40,3875,1252,500,0
123,40,3876,1243,332,332
123,40,3876,1251,392,0
123,40,3876,1251,483,11
123,40,3876,1251,500,0
123,40,3876,1252,414,0
123,40,3876,1252,438,0
123,40,3876,1253,418,-21
123,40,3876,1253,418,0
123,40,3876,1254,418,0
123,40,3877,1249,418,21
123,40,3877,1250,418,21
123,40,3877,1251,500,0
123,40,3877,1252,444,0
123,40,3877,1252,500,0
123,40,3878,1233,382,229
123,40,3878,1247,358,343
123,40,3878,1247,371,335
123,40,3878,1248,351,351
123,40,3878,1249,418,21
123,40,3878,1250,418,0
123,40,3878,1252,440,0
123,40,3878,1252,444,0
123,40,3879,1238,358,343
123,40,3879,1240,358,343
123,40,3879,1241,358,343
123,40,3879,1242,358,343
123,40,3879,1244,358,343
123,40,3879,1245,358,343
123,40,3879,1246,358,343
123,40,3879,1247,351,351
123,40,3879,1247,358,343
123,40,3879,1247,418,0
123,40,3879,1248,358,343
123,40,3879,1249,358,343
123,40,3879,1250,358,343
123,40,3879,1250,418,0
123,40,3879,1251,418,0
123,40,3879,1252,358,343
123,40,3879,1252,440,0
123,40,3879,1253,358,343
123,40,3879,1254,358,343
123,40,3879,1255,358,343
123,40,3879,1257,358,343
123,40,3879,1258,358,343
123,40,3879,1260,358,343
123,40,3879,1261,358,343
123,40,3879,1263,358,343
123,40,3879,1264,358,343
123,40,3879,1265,358,343
123,40,3879,1267,358,343
123,40,3880,1236,435,246
123,40,3880,1252,340,0
123,40,3881,1233,361,345
123,40,3881,1234,353,353
123,40,3882,1235,397,251
123,40,3882,1248,444,0
123,40,3883,1233,353,353
123,40,3883,1249,444,0
123,40,3883,1259,353,353
123,40,3883,1268,353,353
123,40,3884,1243,444,0
123,40,3884,1246,444,0
123,40,3885,1258,437,97
123,40,3891,1240,500,0
123,40,3893,1239,497,0
123,40,3894,1331,135,-254
123,40,3895,1262,387,76
123,40,3896,1252,354,0
123,40,3898,1236,500,0
123,40,3898,1237,500,0
123,40,3898,1259,378,114
123,40,3903,1235,500,0
123,40,3904,1265,198,207
123,40,3907,1259,277,416
123,40,3908,1239,500,0
123,40,3912,1261,-446,43
123,40,3913,1231,129,428
123,40,3915,1256,185,0
123,40,3924,1218,0,500
123,40,3924,1234,0,447
123,40,3924,1259,-229,-219
123,40,3924,1264,396,141
123,40,3924,1267,46,-22
123,40,3924,1267,49,-17
123,40,3924,1267,50,-14
123,40,3924,1267,50,-12
123,40,3925,1259,-114,-64
123,40,3925,1264,74,-138
123,40,3926,1261,154,-98
123,40,3926,1263,152,-101
123,40,3926,1267,121,-99
123,40,3927,1259,0,0
123,40,3927,1260,151,37
123,40,3927,1260,221,-16
123,40,3927,1261,152,-101
123,40,3927,1262,152,-101
123,40,3928,1259,13,-276
123,40,3928,1267,23,-12
123,40,3928,1267,229,-63
123,40,3929,1260,-26,0
123,40,3929,1266,198,-132
123,40,3930,1259,-3,25
123,40,3930,1265,163,-134
123,40,3931,1266,348,-187
123,40,3932,1259,-25,-500
123,40,3933,1252,148,276
123,40,3934,1262,255,57
123,40,3942,1259,-26,1
123,40,3952,1264,132,126
123,40,3956,1266,2,25
123,41,3864,1308,500,0
123,41,3864,1309,500,0
123,41,3864,1310,500,0
123,41,3864,1314,496,-60
123,41,3864,1316,500,0
123,41,3865,1308,500,0
123,41,3865,1310,500,0
123,41,3866,1332,500,0
123,41,3870,1310,500,0
123,41,3871,1332,500,0
123,41,3874,1289,402,296
123,41,3875,1284,386,316
123,41,3877,1285,358,343
123,41,3877,1285,368,333
123,41,3877,1286,351,351
123,41,3877,1286,358,343
123,41,3878,1282,343,358
123,41,3878,1285,358,343
123,41,3878,1292,345,361
123,41,3879,1270,358,343
123,41,3879,1271,358,343
123,41,3879,1272,358,343
123,41,3879,1273,358,343
123,41,3879,1274,358,343
123,41,3879,1275,358,343
123,41,3879,1276,358,343
123,41,3879,1277,358,343
123,41,3879,1278,358,343
123,41,3879,1279,358,343
123,41,3879,1280,358,343
123,41,3879,1281,358,343
123,41,3879,1282,358,343
123,41,3879,1283,358,343
123,41,3879,1284,358,343
123,41,3879,1285,351,351
123,41,3879,1285,358,343
123,41,3879,1285,361,345
123,41,3879,1289,353,353
123,41,3879,1293,353,353
123,41,3879,1294,353,353
123,41,3879,1296,353,353
123,41,3880,1289,353,353
123,41,3881,1299,345,361
123,41,3881,1304,345,361
123,41,3881,1316,473,0
123,41,3883,1281,353,353
123,41,3890,1316,447,0
123,41,3890,1333,497,-11
123,41,3892,1347,0,-500
123,41,3898,1275,298,330
123,41,3898,1290,300,332
123,41,3900,1332,369,0
123,41,3901,1294,282,312
123,41,3903,1286,281,343
123,41,3903,1302,273,285
123,41,3904,1252,500,0
123,41,3904,1254,358,192
123,41,3906,1299,136,453
123,41,3906,1310,132,126
123,41,3908,1311,75,72
123,41,3908,1332,169,0
123,41,3909,1270,156,474
123,41,3909,1298,-87,437
123,41,3909,1301,-87,437
123,41,3910,1244,121,484
123,41,3910,1292,-266,324
123,41,3910,1297,-266,324
123,41,3910,1304,121,401
123,41,3911,1258,277,416
123,41,3911,1275,148,449
123,41,3912,1245,132,482
123,41,3912,1275,148,449
123,41,3912,1285,121,484
123,41,3912,1294,148,449
123,41,3912,1298,150,421
123,41,3913,1243,121,484
123,41,3913,1268,121,484
123,41,3913,1294,136,453
123,41,3913,1296,-364,150
123,41,3913,1296,-71,358
123,41,3914,1244,121,484
123,41,3914,1245,121,484
123,41,3915,1241,121,484
123,41,3915,1242,121,484
123,41,3915,1279,107,430
123,41,3915,1301,121,403
123,41,3915,1301,131,400
123,41,3916,1274,101,408
123,41,3916,1280,101,408
123,41,3916,1287,-366,-35
123,41,3916,1291,101,408
123,41,3916,1293,101,408
123,41,3916,1294,-366,-35
123,41,3916,1297,-165,202
123,41,3916,1298,-165,202
123,41,3916,1299,-56,282
123,41,3916,1300,-165,202
123,41,3917,1294,-218,89
123,41,3917,1297,-218,89
123,41,3919,1286,48,498
123,41,3922,1293,-152,-101
123,41,3922,1296,-152,-101
123,41,3924,1240,0,500
123,41,3924,1282,15,20
123,41,3924,1294,0,-289
123,41,3924,1295,0,-289
123,41,3924,1298,0,-289
123,41,3924,1299,0,-104
123,41,3956,1291,0,369
123,68,3872,2219,500,0
123,68,3876,2233,457,-203
123,68,3885,2237,432,-192
123,68,3885,2247,361,-345
123,68,3886,2219,447,0
123,68,3886,2234,464,-178
123,68,3887,2261,361,-345
123,68,3888,2264,353,-353
123,68,3890,2263,353,-353
123,68,3890,2264,353,-353
123,68,3890,2264,361,-345
123,68,3893,2260,345,-361
123,68,3894,2260,353,-353
123,68,3895,2219,395,0
123,68,3895,2230,393,-151
123,68,3896,2230,393,-151
123,68,3897,2228,378,-114
123,68,3898,2228,378,-114
123,68,3900,2226,355,-98
123,68,3900,2235,333,-211
123,68,3901,2226,355,-98
123,68,3901,2227,347,-124
123,68,3901,2227,353,-107
123,68,3901,2230,365,-151
123,68,3901,2252,345,-361
123,68,3902,2228,234,-212
123,68,3906,2219,212,0
123,68,3906,2256,353,-353
123,68,3908,2219,0,0
123,68,3913,2249,345,-361
123,68,3915,2258,361,-345
123,68,3916,2245,345,-361
123,68,3916,2258,353,-353
123,68,3916,2258,361,-345
123,68,3916,2261,353,-353
123,68,3916,2263,345,-361
123,68,3917,2216,-98,125
123,68,3917,2253,345,-361
123,68,3917,2257,353,-353
123,68,3917,2261,345,-361
123,68,3917,2262,335,-371
123,68,3917,2262,345,-361
123,68,3918,2221,181,-41
123,68,3918,2249,345,-361
123,68,3918,2253,345,-361
123,68,3918,2257,353,-353
123,68,3918,2260,345,-361
123,68,3918,2260,353,-353
123,68,3918,2261,345,-361
123,68,3918,2261,353,-353
123,68,3918,2264,353,-353
123,68,3919,2257,353,-353
123,68,3919,2265,296,-402
123,68,3920,2257,353,-353
123,68,3921,2257,345,-361
123,68,3921,2258,345,-361
123,68,3921,2258,353,-353
123,68,3921,2260,345,-361
123,68,3921,2263,326,-378
123,68,3924,2237,148,-450
123,68,3925,2224,-119,236
123,68,3925,2258,296,-402
123,68,3925,2260,335,-371
123,68,3927,2221,-164,121
123,68,3929,2266,345,-361
123,68,3930,2232,117,233
123,68,3934,2222,-132,198
123,68,3940,2252,361,-345
123,68,3943,2247,134,-285
123,68,3943,2276,156,-474
123,68,3945,2239,200,-210
123,68,3948,2220,-23,12
123,68,3948,2224,294,-176
123,68,3952,2268,121,-484
123,68,3954,2222,316,-16
123,68,3955,2231,247,-68
123,68,3956,2232,16,-20
123,68,3956,2251,0,-421
123,68,3962,2251,-199,-199
123,123,3865,3973,500,0
123,123,3866,3940,500,0
123,123,3867,3923,457,203
123,123,3867,3924,462,191
123,123,3869,3913,500,0
123,123,3869,3914,500,-11
123,123,3869,3980,500,0
123,123,3870,3973,500,0
123,123,3874,3908,500,0
123,123,3874,3944,500,0
123,123,3875,3907,500,0
123,123,3875,3995,500,-11
123,123,3877,3908,500,0
123,123,3878,3929,500,-25
123,123,3880,3894,345,361
123,123,3880,3896,361,345
123,123,3880,3968,471,0
123,123,3881,3896,345,361
123,123,3881,3914,464,92
123,123,3882,3912,223,417
123,123,3882,3935,353,353
123,123,3883,3912,498,-37
123,123,3883,3912,500,0
123,123,3883,3913,498,-37
123,123,3884,3899,345,361
123,123,3884,3900,345,361
123,123,3884,3900,361,345
123,123,3884,3935,361,345
123,123,3885,3915,437,97
123,123,3885,3938,353,353
123,123,3885,3996,438,-181
123,123,3886,3916,438,87
123,123,3886,3943,447,-23
123,123,3888,3911,421,150
123,123,3888,3918,284,42
123,123,3890,3916,411,92
123,123,3890,3936,421,0
123,123,3890,3944,447,0
123,123,3890,3968,447,0
123,123,3891,3904,384,230
123,123,3893,3941,421,0
123,123,3893,3972,421,0
123,123,3894,3897,339,291
123,123,3894,3950,339,-292
123,123,3894,3952,332,-300
123,123,3895,3911,453,136
123,123,3895,3913,393,151
123,123,3895,3925,395,0
123,123,3895,3935,395,0
123,123,3895,3936,395,-9
123,123,3895,3936,395,0
123,123,3895,3938,345,361
123,123,3895,3940,395,0
123,123,3895,3944,395,0
123,123,3895,3961,395,0
123,123,3895,3967,395,0
123,123,3897,3913,448,100
123,123,3897,3958,299,-366
123,123,3898,3989,371,-132
123,123,3899,3911,453,136
123,123,3899,3918,360,80
123,123,3900,3911,421,150
123,123,3900,3915,408,101
123,123,3900,3916,347,123
123,123,3900,3917,355,98
123,123,3901,3916,353,106
123,123,3903,3912,393,151
123,123,3903,3912,428,129
123,123,3903,3942,341,25
123,123,3903,3949,283,346
123,123,3904,3901,257,299
123,123,3905,3896,339,291
123,123,3905,3903,332,258
123,123,3907,3904,332,258
123,123,3908,3915,408,101
123,123,3913,3908,291,226
123,123,3916,3880,361,345
123,123,3916,3885,353,353
123,123,3916,3888,353,353
123,123,3916,3891,345,361
123,123,3917,3879,335,371
123,123,3917,3880,353,353
123,123,3917,3881,361,345
123,123,3917,3882,335,371
123,123,3917,3883,345,361
123,123,3917,3883,353,353
123,123,3917,3884,353,353
123,123,3917,3884,361,345
123,123,3917,3885,353,353
123,123,3917,3887,345,361
123,123,3917,3888,353,353
123,123,3917,3891,345,361
123,123,3917,3895,345,361
123,123,3917,3904,350,233
123,123,3917,3913,332,157
123,123,3918,3880,345,361
123,123,3918,3881,345,361
123,123,3918,3881,353,353
123,123,3918,3881,361,345
123,123,3918,3883,335,371
123,123,3918,3883,345,361
123,123,3918,3883,353,353
123,123,3918,3884,345,361
123,123,3918,3884,353,353
123,123,3918,3887,353,353
123,123,3918,3888,353,353
123,123,3918,3895,345,361
123,123,3918,3899,345,361
123,123,3918,3913,254,187
123,123,3919,3888,353,353
123,123,3919,3895,345,361
123,123,3919,3899,345,361
123,123,3919,3901,335,371
123,123,3919,3902,335,371
123,123,3920,3881,353,353
123,123,3920,3882,353,353
123,123,3920,3888,353,353
123,123,3920,3902,335,371
123,123,3920,3902,361,345
123,123,3921,3883,345,361
123,123,3921,3906,322,226
123,123,3922,3884,353,353
123,123,3922,3885,353,353
123,123,3922,3886,353,353
123,123,3924,3882,353,353
123,123,3924,3909,301,211
123,123,3924,3919,-23,-234
123,123,3925,3883,345,361
123,123,3925,3883,353,353
123,123,3925,3884,345,361
123,123,3925,3885,345,361
123,123,3925,3908,291,226
123,123,3925,3917,182,-149
123,123,3927,3882,345,361
123,123,3927,3917,5,-261
123,123,3927,3919,408,-182
123,123,3927,3920,-227,-136
123,123,3927,3923,164,-87
123,123,3927,3923,191,-90
123,123,3928,3880,353,353
123,123,3928,3915,6,-290
123,123,3928,3919,-82,-251
123,123,3928,3920,-23,-234
123,123,3929,3880,353,353
123,123,3929,3880,361,345
123,123,3929,3881,345,361
123,123,3929,3883,345,361
123,123,3929,3884,345,361
123,123,3929,3916,-14,-290
123,123,3929,3916,63,-283
123,123,3929,3921,-205,-123
123,123,3929,3922,-172,-164
123,123,3930,3917,13,-264
123,123,3930,3918,80,-196
123,123,3931,3915,42,-287
123,123,3931,3916,57,-258
123,123,3931,3923,-117,-63
123,123,3932,3884,361,345
123,123,3932,3885,345,361
123,123,3934,3915,-16,-314
123,123,3934,3919,-23,-234
123,123,3941,3922,-90,-128
123,123,3941,3923,151,-81
123,123,3942,3915,76,-280
123,123,3945,3914,393,38
123,123,3946,3868,121,484
123,123,3946,3874,224,447
123,123,3946,3892,131,400
123,123,3946,3897,151,365
123,123,3947,3891,129,428
123,123,3947,3905,-367,-36
123,123,3950,3871,132,482
123,123,3950,3917,175,194
123,123,3952,3905,-283,-189
123,123,3952,3908,-307,-205
123,123,3954,3906,56,204
123,123,3954,3908,56,204
123,123,3955,3906,-149,-278
123,123,3955,3906,46,152
123,123,3955,3914,-87,-58
123,123,3956,3886,0,447
123,123,3956,3890,0,447
123,123,3956,3893,0,421
123,123,3956,3900,0,369
123,123,3956,3905,0,26
123,123,3956,3905,0,104
123,123,3956,3909,0,26
123,123,3956,3912,0,0
123,123,3956,3912,0,26
123,123,3956,3913,23,10
123,123,3956,3915,0,78
123,123,3956,3915,24,8
123,123,3956,3915,25,-4
123,123,3956,3916,0,-104
123,123,3956,3916,19,-17
123,123,3956,3916,22,-12
123,123,3956,3917,0,185
123,123,3956,3918,0,0
123,123,3956,3919,0,0
123,123,3956,3919,5,-78
123,123,3956,3919,168,29
123,123,3956,3922,0,-52
123,123,3956,3922,0,-26
123,123,3956,3922,19,-17
123,123,3956,3922,78,-61
123,123,3956,3922,84,-53
123,123,3956,3922,357,89
123,123,3956,3923,121,-99
124,4,3896,160,500,0
124,4,3896,164,500,0
124,4,3897,110,500,0
124,4,3897,112,500,0
124,4,3897,132,500,0
124,4,3898,123,500,0
124,4,3898,128,500,0
124,4,3898,140,500,0
124,4,3898,160,500,0
124,4,3898,164,500,0
124,4,3900,107,500,0
124,4,3901,109,500,0
124,4,3902,113,447,224
124,4,3902,114,500,0
124,4,3903,104,500,0
124,4,3903,106,366,0
124,4,3903,123,500,0
124,4,3905,156,500,0
124,4,3905,192,457,-34
124,4,3906,100,500,0
124,4,3906,160,500,0
124,4,3906,164,500,0
124,4,3906,188,500,0
124,4,3906,190,392,0
124,4,3906,191,419,-10
124,4,3906,192,431,-32
124,4,3906,192,444,-33
124,4,3907,100,500,0
124,4,3907,188,392,0
124,4,3907,188,500,0
124,4,3907,189,500,0
124,4,3907,190,414,-21
124,4,3907,190,414,0
124,4,3907,192,457,-34
124,4,3907,195,492,-85
124,4,3908,121,444,223
124,4,3908,189,500,0
124,4,3908,190,416,-31
124,4,3908,190,418,-21
124,4,3908,191,416,-31
124,4,3908,193,340,-325
124,4,3908,195,492,-85
124,4,3908,196,340,-325
124,4,3908,197,340,-325
124,4,3908,198,340,-325
124,4,3908,199,340,-325
124,4,3908,200,340,-325
124,4,3908,201,340,-325
124,4,3908,203,340,-325
124,4,3908,204,340,-325
124,4,3909,189,500,-11
124,4,3909,190,416,-31
124,4,3909,190,418,-21
124,4,3909,190,418,0
124,4,3909,190,438,-32
124,4,3909,191,416,-31
124,4,3909,191,418,-21
124,4,3909,191,418,0
124,4,3909,192,457,-34
124,4,3909,192,470,-46
124,4,3909,192,470,-35
124,4,3909,194,494,-74
124,4,3910,186,351,-351
124,4,3910,188,418,0
124,4,3910,189,418,-10
124,4,3910,190,418,-21
124,4,3910,190,418,0
124,4,3910,190,438,-32
124,4,3910,191,418,-21
124,4,3910,200,358,-344
124,4,3910,207,343,-359
124,4,3911,180,358,-344
124,4,3911,188,418,0
124,4,3911,189,418,-10
124,4,3911,190,440,0
124,4,3911,191,418,0
124,4,3911,192,418,0
124,4,3911,192,470,-35
124,4,3911,193,351,-351
124,4,3911,193,485,0
124,4,3911,195,351,-351
124,4,3912,189,471,0
124,4,3912,194,492,-85
124,4,3912,204,394,-262
124,4,3912,205,384,-270
124,4,3912,205,391,-261
124,4,3913,188,444,22
124,4,3913,189,497,0
124,4,3913,191,444,-10
124,4,3913,203,397,-252
124,4,3913,211,353,-353
124,4,3914,191,444,0
124,4,3915,168,361,-345
124,4,3915,169,361,-345
124,4,3915,172,361,-345
124,4,3915,175,361,-345
124,4,3915,176,361,-345
124,4,3915,177,361,-345
124,4,3915,178,361,-345
124,4,3915,181,361,-345
124,4,3915,182,361,-345
124,4,3915,183,361,-345
124,4,3915,184,361,-345
124,4,3915,185,361,-345
124,4,3915,189,361,-345
124,4,3915,190,361,-345
124,4,3915,191,361,-345
124,4,3915,192,361,-345
124,4,3915,193,361,-345
124,4,3915,194,361,-345
124,4,3915,196,361,-345
124,4,3915,197,361,-345
124,4,3915,205,392,-305
124,4,3915,209,361,-345
124,4,3916,199,335,-371
124,4,3917,188,494,74
124,4,3918,123,447,0
124,4,3918,168,447,0
124,4,3918,173,353,-353
124,4,3918,182,353,-353
124,4,3919,190,471,-24
124,4,3920,198,471,0
124,4,3922,123,447,0
124,4,3922,156,447,0
124,4,3922,160,421,0
124,4,3922,164,447,0
124,4,3922,208,361,-345
124,4,3924,182,424,-140
124,4,3924,188,474,-156
124,4,3925,154,419,41
124,4,3925,164,421,0
124,4,3925,189,500,0
124,4,3927,123,395,0
124,4,3927,164,395,0
124,4,3928,183,389,-161
124,4,3932,132,369,0
124,4,3933,123,369,0
124,4,3933,181,341,-141
124,4,3936,107,408,101
124,4,3936,176,335,-67
124,4,3937,123,290,0
124,4,3940,106,234,17
124,4,3940,146,169,-162
124,4,3942,106,155,-23
124,4,3942,107,181,21
124,4,3943,179,-248,303
124,4,3943,206,169,-442
124,4,3944,107,212,0
124,4,3945,183,-41,340
124,4,3945,208,136,-453
124,4,3947,201,121,-403
124,4,3947,202,121,-403
124,4,3948,183,-263,-117
124,4,3951,171,-273,-26
124,4,3952,169,-159,-15
124,4,3953,179,108,113
124,4,3953,185,-212,301
124,4,3954,170,-111,-74
124,4,3955,170,-50,-94
124,4,3955,171,-208,-20
124,4,3955,172,-234,-23
124,4,3955,193,350,-273
124,4,3956,172,0,52
124,4,3956,173,259,-223
124,4,3956,186,5,-25
124,4,3956,188,0,-26
124,4,3956,193,0,-290
124,4,3956,194,340,7
124,4,3956,203,0,-241
124,4,3956,205,0,-447
124,4,3956,206,0,-447
124,4,3956,209,267,-421
124,4,3956,218,0,-500
124,4,3956,222,0,-500
124,4,3956,234,0,-500
124,4,3957,172,-175,34
124,4,3957,173,138,-160
124,4,3957,173,155,140
124,4,3957,178,-6,261
124,4,3957,180,-70,110
124,4,3957,186,-307,153
124,4,3958,173,65,170
124,4,3958,180,-15,-156
124,4,3958,180,0,314
124,4,3959,179,203,339
124,4,3959,180,-206,116
124,4,3959,180,-162,86
124,4,3960,172,201,66
124,4,3960,172,226,136
124,4,3960,175,403,121
124,4,3960,180,-210,112
124,4,3960,180,-26,0
124,4,3960,180,-23,12
124,4,3960,180,-14,21
124,4,3960,180,0,0
124,4,3961,172,176,48
124,4,3961,178,-32,262
124,4,3961,178,190,317
124,4,3961,180,-260,130
124,4,3961,180,-210,112
124,4,3961,180,-78,0
124,4,3961,180,-45,64
124,4,3961,180,-23,-12
124,4,3961,180,-5,51
124,4,3962,174,52,175
124,4,3962,174,149,249
124,4,3962,174,242,242
124,4,3962,174,266,255
124,4,3962,179,-48,392
124,4,3962,179,-41,340
124,4,3962,180,-46,62
124,4,3962,180,-45,64
124,4,3962,180,-26,0
124,4,3962,180,212,156
124,4,3963,177,128,289
124,4,3963,178,123,375
124,4,3963,180,-227,322
124,4,3963,180,-52,0
124,4,3963,180,-48,21
124,4,3963,180,-26,-1
124,4,3963,180,-26,0
124,4,3963,180,-23,-12
124,4,3963,180,-23,11
124,4,3963,180,-15,21
124,4,3963,180,-15,76
124,4,3963,180,-11,77
124,4,3963,180,-7,51
124,4,3963,180,0,0
124,4,3963,180,18,48
124,4,3963,198,411,92
124,4,3964,180,-313,139
124,4,3964,180,-48,61
124,4,3964,180,-26,-1
124,4,3964,180,-22,13
124,4,3964,180,-12,22
124,4,3964,180,-11,77
124,4,3964,184,187,-94
124,4,3964,189,170,-120
124,4,3970,180,-54,56
124,4,3976,173,-162,-208
124,4,3986,178,279,-150
124,4,3988,174,90,-94
124,4,3988,180,0,0
124,4,3988,200,0,-395
124,4,3988,212,0,-500
124,4,4041,112,-185,-346
124,4,4041,113,-198,-369
124,4,4075,163,0,-500
124,6,3896,189,500,0
124,6,3896,194,417,-41
124,6,3897,193,405,-30
124,6,3897,194,417,-31
124,6,3898,189,500,0
124,6,3898,228,500,0
124,6,3898,235,500,0
124,6,3898,236,366,-18
124,6,3899,183,340,0
124,6,3899,186,500,25
124,6,3899,188,340,0
124,6,3899,189,340,0
124,6,3899,189,500,0
124,6,3899,190,340,0
124,6,3899,190,361,0
124,6,3899,191,340,0
124,6,3899,192,340,0
124,6,3899,193,340,0
124,6,3899,194,340,0
124,6,3899,195,340,0
124,6,3899,196,340,0
124,6,3899,197,340,0
124,6,3899,198,340,0
124,6,3899,199,340,0
124,6,3899,200,340,0
124,6,3899,201,340,0
124,6,3899,202,340,0
124,6,3899,203,340,0
124,6,3899,204,340,0
124,6,3899,205,340,0
124,6,3899,206,340,0
124,6,3899,207,340,0
124,6,3899,208,340,0
124,6,3899,209,340,0
124,6,3899,210,340,0
124,6,3899,211,340,0
124,6,3899,212,340,0
124,6,3899,213,340,0
124,6,3899,214,340,0
124,6,3899,215,340,0
124,6,3899,216,340,0
124,6,3899,217,340,0
124,6,3899,218,340,0
124,6,3899,219,340,0
124,6,3899,219,418,0
124,6,3899,220,340,0
124,6,3899,221,340,0
124,6,3899,222,340,0
124,6,3899,223,340,0
124,6,3899,224,340,0
124,6,3899,225,340,0
124,6,3899,226,340,0
124,6,3899,227,340,0
124,6,3899,228,340,0
124,6,3899,228,361,0
124,6,3899,228,366,0
124,6,3899,229,340,0
124,6,3899,230,340,0
124,6,3899,231,340,0
124,6,3899,232,340,0
124,6,3899,233,340,0
124,6,3899,234,340,0
124,6,3899,235,340,0
124,6,3900,189,366,0
124,6,3900,190,366,0
124,6,3900,191,366,-8
124,6,3900,191,366,0
124,6,3900,192,366,0
124,6,3900,228,340,0
124,6,3900,228,361,0
124,6,3900,237,366,0
124,6,3900,238,366,0
124,6,3901,189,366,0
124,6,3901,190,366,-8
124,6,3901,190,366,0
124,6,3901,191,366,-8
124,6,3901,191,366,0
124,6,3901,192,366,0
124,6,3901,228,366,0
124,6,3901,228,392,0
124,6,3901,238,366,0
124,6,3902,190,366,-8
124,6,3902,191,366,-8
124,6,3902,228,366,0
124,6,3903,188,366,0
124,6,3903,189,366,0
124,6,3903,189,444,0
124,6,3903,190,366,-8
124,6,3903,190,387,0
124,6,3903,191,364,-27
124,6,3903,192,366,0
124,6,3903,193,366,0
124,6,3903,228,366,0
124,6,3903,246,366,0
124,6,3903,247,366,0
124,6,3903,247,500,0
124,6,3903,248,366,0
124,6,3904,238,392,0
124,6,3905,189,471,0
124,6,3905,228,392,0
124,6,3906,228,392,0
124,6,3906,246,392,0
124,6,3906,247,392,0
124,6,3907,187,496,60
124,6,3907,228,392,0
124,6,3907,228,414,0
124,6,3907,247,392,0
124,6,3907,250,392,0
124,6,3907,251,392,0
124,6,3907,252,392,0
124,6,3907,253,392,0
124,6,3908,228,414,0
124,6,3908,257,340,-325
124,6,3908,260,340,-325
124,6,3908,260,353,-353
124,6,3908,260,361,-345
124,6,3909,262,343,-359
124,6,3910,237,361,-345
124,6,3910,247,361,-345
124,6,3910,258,343,-359
124,6,3911,233,418,0
124,6,3911,255,418,0
124,6,3911,256,353,-353
124,6,3911,256,418,0
124,6,3911,257,418,0
124,6,3912,228,440,0
124,6,3913,242,453,136
124,6,3915,232,361,-345
124,6,3915,233,361,-345
124,6,3915,238,361,-345
124,6,3915,240,361,-345
124,6,3915,242,361,-345
124,6,3915,245,361,-345
124,6,3915,246,361,-345
124,6,3915,248,361,-345
124,6,3915,250,361,-345
124,6,3915,251,361,-345
124,6,3915,253,353,-353
124,6,3915,253,361,-345
124,6,3915,255,335,-371
124,6,3916,224,444,0
124,6,3916,225,444,0
124,6,3916,226,444,0
124,6,3916,227,444,0
124,6,3916,228,444,0
124,6,3916,229,444,0
124,6,3916,230,444,0
124,6,3916,231,444,0
124,6,3916,232,444,0
124,6,3916,233,444,0
124,6,3916,234,444,0
124,6,3916,235,444,0
124,6,3916,253,335,-371
124,6,3916,261,444,0
124,6,3917,189,473,0
124,6,3918,189,447,0
124,6,3920,230,471,0
124,6,3920,263,471,0
124,6,3924,192,261,0
124,6,3925,235,444,0
124,6,3925,265,497,0
124,6,3929,224,418,0
124,6,3929,232,418,0
124,6,3929,234,418,0
124,6,3929,235,418,0
124,6,3929,237,391,-29
124,6,3930,267,500,0
124,6,3932,189,369,0
124,6,3933,268,500,0
124,6,3935,189,342,0
124,6,3935,192,222,-21
124,6,3935,230,261,0
124,6,3935,262,500,0
124,6,3935,269,500,0
124,6,3936,233,306,-76
124,6,3937,192,197,0
124,6,3938,227,115,-141
124,6,3938,269,500,0
124,6,3939,192,171,0
124,6,3939,245,-16,314
124,6,3940,140,181,438
124,6,3940,227,0,0
124,6,3940,264,500,0
124,6,3943,242,-123,-231
124,6,3944,265,110,-266
124,6,3945,262,417,-224
124,6,3946,268,139,-425
124,6,3947,283,224,-447
124,6,3953,182,-174,-116
124,6,3953,228,-20,102
124,6,3953,230,230,123
124,6,3953,235,184,98
124,6,3953,238,33,338
124,6,3953,240,-90,217
124,6,3953,244,-164,-82
124,6,3954,235,-208,-20
124,6,3954,236,-153,33
124,6,3954,238,-162,132
124,6,3955,235,-208,-20
124,6,3955,235,-121,-33
124,6,3955,236,-121,99
124,6,3955,237,-151,10
124,6,3956,179,0,-130
124,6,3956,236,0,361
124,6,3956,237,0,104
124,6,3956,241,-8,366
124,6,3956,243,52,147
124,6,3956,245,108,72
124,6,3956,248,16,-20
124,6,3956,250,4,-25
124,6,3956,254,0,-26
124,6,3956,256,148,-182
124,6,3956,260,0,-354
124,6,3956,268,0,-407
124,6,3956,277,0,-473
124,6,3957,174,111,-208
124,6,3957,177,74,-138
124,6,3957,178,74,-138
124,6,3957,179,24,-46
124,6,3957,179,121,-99
124,6,3957,238,-5,235
124,6,3957,239,49,92
124,6,3957,242,-7,287
124,6,3957,244,0,0
124,6,3958,237,65,170
124,6,3958,237,101,152
124,6,3958,239,20,208
124,6,3958,240,25,260
124,6,3958,241,-12,235
124,6,3958,243,-14,287
124,6,3959,241,89,217
124,6,3959,244,-154,242
124,6,3960,244,-197,311
124,6,3960,244,-43,65
124,6,3960,244,-14,21
124,6,3960,244,0,0
124,6,3961,236,113,108
124,6,3962,244,-46,62
124,6,3963,237,144,151
124,6,3963,244,-119,53
124,6,3963,244,-71,33
124,6,3965,236,105,116
124,6,3967,238,226,62
124,6,3968,244,-17,76
124,6,3988,175,94,90
124,8,3895,291,447,0
124,8,3896,291,500,0
124,8,3897,291,392,0
124,8,3897,291,473,0
124,8,3897,291,500,0
124,8,3897,294,500,-25
124,8,3898,247,500,0
124,8,3898,255,500,0
124,8,3898,280,500,0
124,8,3898,284,500,0
124,8,3898,288,442,-43
124,8,3898,291,340,0
124,8,3898,291,500,0
124,8,3899,244,340,0
124,8,3899,245,340,0
124,8,3899,246,340,0
124,8,3899,247,340,0
124,8,3899,248,340,0
124,8,3899,249,340,0
124,8,3899,250,340,0
124,8,3899,251,340,0
124,8,3899,252,340,0
124,8,3899,253,340,0
124,8,3899,254,340,0
124,8,3899,255,340,0
124,8,3899,256,340,0
124,8,3899,257,340,0
124,8,3899,258,340,0
124,8,3899,259,340,0
124,8,3899,260,340,0
124,8,3899,261,340,0
124,8,3899,262,340,0
124,8,3899,263,340,0
124,8,3899,264,340,0
124,8,3899,265,340,0
124,8,3899,266,340,0
124,8,3899,267,340,0
124,8,3899,268,340,0
124,8,3899,269,340,0
124,8,3899,271,340,0
124,8,3899,272,340,0
124,8,3899,273,340,0
124,8,3899,274,340,0
124,8,3899,275,340,0
124,8,3899,276,340,0
124,8,3899,277,340,0
124,8,3899,278,340,0
124,8,3899,279,340,0
124,8,3899,280,340,0
124,8,3899,281,340,0
124,8,3899,282,340,0
124,8,3899,283,340,0
124,8,3899,284,340,0
124,8,3899,285,340,0
124,8,3899,286,340,0
124,8,3899,287,340,0
124,8,3899,288,340,0
124,8,3899,289,340,0
124,8,3899,289,340,17
124,8,3899,290,340,0
124,8,3899,290,340,7
124,8,3899,291,340,0
124,8,3899,291,392,0
124,8,3899,291,447,0
124,8,3899,292,361,0
124,8,3899,302,482,-132
124,8,3899,303,482,-132
124,8,3900,286,366,-18
124,8,3900,286,366,-8
124,8,3900,287,366,-18
124,8,3900,288,471,-46
124,8,3900,291,340,0
124,8,3900,291,473,0
124,8,3900,292,366,0
124,8,3900,293,366,-8
124,8,3900,293,366,0
124,8,3901,287,366,-18
124,8,3901,288,366,0
124,8,3901,289,366,8
124,8,3902,235,395,0
124,8,3902,236,366,0
124,8,3902,284,366,0
124,8,3902,288,364,-35
124,8,3902,289,366,8
124,8,3902,293,498,-37
124,8,3903,234,366,0
124,8,3903,235,366,0
124,8,3903,246,366,0
124,8,3903,250,366,0
124,8,3903,255,366,0
124,8,3903,275,366,0
124,8,3903,280,366,0
124,8,3903,283,366,0
124,8,3903,284,366,0
124,8,3903,285,366,0
124,8,3903,286,366,0
124,8,3903,288,364,-35
124,8,3903,291,366,0
124,8,3903,291,473,0
124,8,3904,237,392,-20
124,8,3904,237,392,-9
124,8,3904,238,392,0
124,8,3904,291,471,0
124,8,3904,293,392,0
124,8,3904,301,482,-132
124,8,3904,302,482,-132
124,8,3905,237,392,-20
124,8,3905,237,392,-9
124,8,3905,289,392,8
124,8,3905,291,500,0
124,8,3906,289,392,8
124,8,3907,271,392,0
124,8,3907,291,500,0
124,8,3907,292,414,0
124,8,3908,292,418,0
124,8,3908,293,418,-21
124,8,3909,228,418,0
124,8,3910,209,429,257
124,8,3910,228,418,0
124,8,3911,223,345,361
124,8,3911,223,361,345
124,8,3911,224,353,353
124,8,3911,228,418,0
124,8,3911,291,418,0
124,8,3913,212,404,242
124,8,3915,290,444,10
124,8,3915,291,444,0
124,8,3916,288,444,0
124,8,3916,289,444,0
124,8,3916,290,444,0
124,8,3916,290,444,22
124,8,3916,291,444,0
124,8,3916,291,444,22
124,8,3918,291,447,0
124,8,3922,289,392,0
124,8,3924,324,267,-421
124,8,3925,228,497,0
124,8,3925,291,444,0
124,8,3929,286,122,-372
124,8,3932,291,369,0
124,8,3933,314,339,-203
124,8,3934,317,311,-242
124,8,3935,220,500,0
124,8,3935,296,261,0
124,8,3937,251,171,164
124,8,3938,292,204,0
124,8,3939,289,130,0
124,8,3940,288,104,0
124,8,3941,277,23,46
124,8,3944,305,-250,305
124,8,3944,311,254,-230
124,8,3948,325,142,-283
124,8,3950,240,-183,-223
124,8,3952,301,210,20
124,8,3952,303,-119,198
124,8,3953,299,-208,-20
124,8,3953,299,-155,-19
124,8,3954,299,-155,-19
124,8,3954,300,150,-45
124,8,3956,241,0,-235
124,8,3956,242,0,-78
124,8,3956,243,0,-130
124,8,3956,243,46,-25
124,8,3956,243,46,-22
124,8,3956,301,0,104
124,8,3956,302,0,104
124,8,3956,309,25,2
124,8,3956,325,0,-157
124,8,3957,242,74,-138
124,8,3957,308,182,17
124,8,3958,235,-23,11
124,8,3958,235,173,-93
124,8,3959,238,152,-101
124,8,3959,243,152,-42
124,8,3959,300,-139,-119
124,8,3959,300,116,105
124,8,3959,308,-56,88
124,8,3959,308,12,23
124,8,3960,239,175,-263
124,8,3960,308,-43,65
124,8,3961,235,-93,-47
124,8,3961,238,28,-289
124,8,3961,242,73,-110
124,8,3962,235,-26,-2
124,8,3962,236,-25,-5
124,8,3962,236,43,-446
124,8,3962,302,57,173
124,8,3963,241,400,-201
124,8,3963,242,348,-187
124,8,3963,308,-46,62
124,8,3964,235,56,-54
124,8,3964,302,48,176
124,8,3965,308,-26,-1
124,8,3975,242,101,-152
124,8,3977,241,230,51
124,8,4075,286,0,-500
124,10,3896,356,500,0
124,10,3898,352,500,0
124,10,3900,303,423,212
124,10,3902,296,500,0
124,10,3902,302,369,131
124,10,3903,296,500,0
124,10,3903,300,429,257
124,10,3903,303,417,223
124,10,3903,304,346,185
124,10,3904,302,359,215
124,10,3904,305,351,176
124,10,3905,291,500,0
124,10,3905,303,364,205
124,10,3906,291,392,0
124,10,3906,294,418,0
124,10,3906,302,359,215
124,10,3906,317,498,37
124,10,3907,290,392,0
124,10,3907,291,392,0
124,10,3907,291,418,0
124,10,3907,291,444,0
124,10,3907,292,414,0
124,10,3907,294,418,0
124,10,3907,307,482,-132
124,10,3908,291,418,0
124,10,3908,291,444,0
124,10,3908,291,500,0
124,10,3908,292,414,0
124,10,3908,292,418,0
124,10,3908,293,418,0
124,10,3908,294,418,0
124,10,3908,296,444,-22
124,10,3909,279,390,150
124,10,3909,280,394,140
124,10,3909,289,418,21
124,10,3909,290,418,21
124,10,3909,292,418,0
124,10,3909,293,418,0
124,10,3910,276,397,199
124,10,3910,289,418,21
124,10,3910,290,418,0
124,10,3910,290,418,21
124,10,3910,291,444,0
124,10,3911,279,358,343
124,10,3911,280,358,343
124,10,3911,281,358,343
124,10,3911,282,358,343
124,10,3911,283,358,343
124,10,3911,284,358,343
124,10,3911,285,358,343
124,10,3911,286,358,343
124,10,3911,287,358,343
124,10,3911,287,418,0
124,10,3911,288,418,0
124,10,3911,289,358,343
124,10,3911,290,358,343
124,10,3911,290,418,0
124,10,3911,291,358,343
124,10,3911,292,358,343
124,10,3911,293,358,343
124,10,3911,294,358,343
124,10,3911,295,358,343
124,10,3911,296,358,343
124,10,3911,297,358,343
124,10,3911,298,358,343
124,10,3911,299,358,343
124,10,3911,300,358,343
124,10,3911,301,358,343
124,10,3911,302,358,343
124,10,3911,303,358,343
124,10,3911,304,358,343
124,10,3911,305,358,343
124,10,3911,307,358,343
124,10,3911,308,358,343
124,10,3911,322,498,48
124,10,3912,271,353,353
124,10,3912,271,378,279
124,10,3912,272,353,353
124,10,3912,272,384,270
124,10,3912,278,401,189
124,10,3913,273,361,345
124,10,3913,274,397,251
124,10,3913,288,444,-10
124,10,3914,288,444,0
124,10,3914,289,444,0
124,10,3914,291,500,0
124,10,3915,269,353,353
124,10,3915,271,353,353
124,10,3915,273,353,353
124,10,3915,273,400,294
124,10,3915,289,444,0
124,10,3915,293,353,353
124,10,3915,299,353,353
124,10,3915,300,353,353
124,10,3915,302,353,353
124,10,3915,305,353,353
124,10,3915,307,353,353
124,10,3915,309,353,353
124,10,3915,310,353,353
124,10,3915,356,361,-345
124,10,3916,270,378,326
124,10,3916,283,444,0
124,10,3916,284,444,0
124,10,3916,285,444,0
124,10,3916,316,500,0
124,10,3918,284,500,0
124,10,3918,286,471,-24
124,10,3919,286,471,-11
124,10,3919,287,471,-11
124,10,3920,281,471,0
124,10,3920,296,428,129
124,10,3922,292,438,181
124,10,3923,280,500,0
124,10,3924,294,414,171
124,10,3925,267,345,361
124,10,3925,278,497,0
124,10,3925,279,497,0
124,10,3925,284,345,361
124,10,3927,298,403,121
124,10,3928,279,500,0
124,10,3929,292,500,-25
124,10,3930,276,500,0
124,10,3930,277,500,0
124,10,3930,284,500,0
124,10,3932,301,355,98
124,10,3933,354,236,-441
124,10,3935,275,500,0
124,10,3935,316,316,0
124,10,3935,324,316,0
124,10,3936,349,224,-447
124,10,3937,345,223,-418
124,10,3937,351,203,-457
124,10,3939,308,62,83
124,10,3940,329,278,-84
124,10,3943,295,183,0
124,10,3944,251,144,478
124,10,3945,271,129,428
124,10,3946,304,-242,-161
124,10,3947,296,185,0
124,10,3948,286,151,393
124,10,3949,296,159,0
124,10,3949,311,-314,-30
124,10,3956,295,9,24
124,10,3956,297,-4,-169
124,10,3956,298,-226,-121
124,10,3956,302,0,-500
124,10,3956,304,30,-207
124,10,3956,372,0,159
124,10,3957,299,-65,-108
124,10,3957,305,74,-138
124,10,3958,303,-10,-209
124,10,3958,303,152,-101
124,10,3958,304,8,-395
124,10,3958,304,124,-232
124,10,3958,307,0,-52
124,10,3959,299,-130,0
124,10,3959,300,223,11
124,10,3959,307,5,-25
124,10,3960,299,378,-326
124,10,3960,300,0,0
124,10,3960,302,250,-305
124,10,3960,307,130,-26
124,10,3961,296,145,59
124,10,3961,301,254,-188
124,10,3961,305,141,-191
124,10,3961,306,198,-132
124,10,3962,299,123,-262
124,10,3962,299,212,-157
124,10,3962,302,0,-238
124,10,3962,304,172,-233
124,10,3962,305,163,-134
124,10,3963,301,-39,-261
124,10,3964,298,-16,-316
124,10,3966,299,-21,14
124,10,3966,302,198,-372
124,10,3966,303,257,44
124,10,3966,307,-176,-58
124,10,3967,295,273,154
124,10,3968,299,0,0
124,10,3970,296,134,-285
124,10,3972,302,-150,-250
124,10,3972,306,310,46
124,10,3973,296,98,-328
124,10,3976,299,0,0
124,10,3976,300,-118,196
124,10,3981,299,200,-60
124,10,3983,299,-71,-359
124,10,3983,300,74,-332
124,10,3986,299,-83,275
124,10,3988,296,0,235
124,10,4035,424,156,-474
124,10,4039,397,451,-212
124,10,4041,396,482,-132
124,10,4052,387,-108,-433
124,10,4058,420,-179,-466
124,11,3897,348,500,0
124,11,3898,352,500,0
124,11,3898,355,500,0
124,11,3902,329,416,277
124,11,3904,368,498,37
124,11,3905,324,500,0
124,11,3905,330,408,287
124,11,3906,327,402,296
124,11,3906,329,402,296
124,11,3906,330,408,287
124,11,3906,331,416,277
124,11,3906,366,492,85
124,11,3906,375,494,-74
124,11,3906,377,482,-132
124,11,3906,381,457,-203
124,11,3907,321,392,0
124,11,3907,367,492,85
124,11,3908,312,332,332
124,11,3908,376,488,-109
124,11,3908,379,408,-182
124,11,3908,380,451,-212
124,11,3908,382,421,-267
124,11,3908,382,441,-236
124,11,3909,316,351,351
124,11,3909,317,353,353
124,11,3909,325,358,343
124,11,3909,325,368,333
124,11,3909,326,351,351
124,11,3909,326,358,343
124,11,3909,377,474,-156
124,11,3910,307,387,218
124,11,3910,311,358,343
124,11,3910,318,358,343
124,11,3910,319,343,358
124,11,3910,319,358,343
124,11,3910,319,371,335
124,11,3910,320,343,358
124,11,3910,321,333,368
124,11,3910,322,343,358
124,11,3910,323,343,358
124,11,3910,324,353,353
124,11,3910,325,351,351
124,11,3910,325,358,343
124,11,3910,332,345,361
124,11,3910,333,345,361
124,11,3910,337,345,361
124,11,3911,309,392,210
124,11,3911,309,397,199
124,11,3911,310,358,343
124,11,3911,311,358,343
124,11,3911,312,358,343
124,11,3911,313,358,343
124,11,3911,314,358,343
124,11,3911,315,358,343
124,11,3911,316,358,343
124,11,3911,317,358,343
124,11,3911,318,351,351
124,11,3911,318,358,343
124,11,3911,319,358,343
124,11,3911,320,358,343
124,11,3911,321,358,343
124,11,3911,322,358,343
124,11,3911,323,358,343
124,11,3911,324,343,358
124,11,3911,324,358,343
124,11,3911,325,351,351
124,11,3911,325,358,343
124,11,3911,325,361,345
124,11,3911,326,345,361
124,11,3911,329,353,353
124,11,3911,332,353,353
124,11,3911,333,353,353
124,11,3911,385,361,-345
124,11,3912,329,353,353
124,11,3912,336,353,353
124,11,3913,305,353,353
124,11,3913,308,404,242
124,11,3913,329,361,345
124,11,3913,336,353,353
124,11,3913,342,345,361
124,11,3913,343,345,361
124,11,3913,343,361,345
124,11,3913,347,471,35
124,11,3913,386,326,-378
124,11,3914,307,397,251
124,11,3914,307,404,242
124,11,3914,323,361,345
124,11,3915,356,361,-345
124,11,3916,316,500,0
124,11,3916,355,335,371
124,11,3917,363,437,97
124,11,3918,310,419,266
124,11,3918,330,353,353
124,11,3918,358,447,-23
124,11,3920,374,462,-191
124,11,3922,356,447,0
124,11,3923,314,429,257
124,11,3924,374,0,-257
124,11,3924,378,0,-500
124,11,3924,379,0,-500
124,11,3924,382,287,-408
124,11,3925,361,421,0
124,11,3926,315,421,267
124,11,3926,368,204,-382
124,11,3927,348,395,0
124,11,3927,356,395,0
124,11,3927,357,395,0
124,11,3932,319,429,257
124,11,3933,339,291,304
124,11,3933,347,291,304
124,11,3935,342,273,285
124,11,3935,346,213,223
124,11,3935,346,223,213
124,11,3936,321,429,257
124,11,3936,333,361,345
124,11,3936,333,417,223
124,11,3937,336,-97,490
124,11,3937,348,193,213
124,11,3937,349,177,196
124,11,3937,366,170,125
124,11,3938,343,198,207
124,11,3938,350,132,126
124,11,3938,350,185,177
124,11,3938,355,238,0
124,11,3939,350,169,162
124,11,3939,351,116,135
124,11,3939,351,150,174
124,11,3940,291,361,345
124,11,3940,327,361,345
124,11,3940,327,421,150
124,11,3940,328,500,0
124,11,3940,334,361,345
124,11,3940,335,361,345
124,11,3940,351,75,72
124,11,3940,351,153,178
124,11,3940,351,166,159
124,11,3940,351,171,164
124,11,3941,337,181,438
124,11,3941,338,-87,437
124,11,3941,341,-87,437
124,11,3941,355,159,0
124,11,3942,284,121,484
124,11,3942,328,296,402
124,11,3942,331,158,445
124,11,3942,332,-266,324
124,11,3942,332,143,475
124,11,3942,337,-266,324
124,11,3942,344,121,401
124,11,3943,316,144,478
124,11,3943,325,132,482
124,11,3943,339,171,414
124,11,3944,318,441,236
124,11,3944,334,148,449
124,11,3944,342,151,393
124,11,3945,285,121,484
124,11,3945,328,114,458
124,11,3945,334,136,453
124,11,3945,336,-364,150
124,11,3945,338,139,424
124,11,3945,342,141,396
124,11,3946,313,122,317
124,11,3946,325,139,424
124,11,3946,337,139,424
124,11,3946,338,129,428
124,11,3946,345,151,365
124,11,3946,349,156,331
124,11,3947,281,121,484
124,11,3947,282,121,484
124,11,3947,285,121,484
124,11,3947,330,262,394
124,11,3947,337,108,433
124,11,3947,339,-56,282
124,11,3947,344,123,375
124,11,3947,345,123,375
124,11,3948,285,121,484
124,11,3948,309,101,408
124,11,3948,310,101,408
124,11,3948,315,101,408
124,11,3948,321,101,408
124,11,3948,324,101,408
124,11,3948,326,441,236
124,11,3948,327,97,490
124,11,3948,330,-366,-35
124,11,3948,331,-366,-35
124,11,3948,331,101,408
124,11,3948,332,108,433
124,11,3948,333,101,408
124,11,3948,334,101,408
124,11,3948,335,75,303
124,11,3948,336,-165,202
124,11,3948,339,-56,282
124,11,3949,337,-218,89
124,11,3950,281,167,470
124,11,3951,369,-22,-182
124,11,3952,336,-208,-20
124,11,3953,290,179,466
124,11,3954,335,-152,-101
124,11,3954,337,-152,-101
124,11,3955,288,109,488
124,11,3955,289,121,484
124,11,3956,317,0,209
124,11,3956,324,14,21
124,11,3956,324,19,17
124,11,3956,328,23,10
124,11,3956,329,26,-1
124,11,3956,333,0,-289
124,11,3956,334,0,-289
124,11,3956,335,0,-289
124,11,3956,337,0,-130
124,11,3956,337,0,-104
124,11,3956,338,0,-104
124,11,3956,339,0,-104
124,11,3956,339,5,-262
124,11,3958,337,-132,-126
124,11,3961,329,198,-372
124,11,3963,330,190,-404
124,11,3968,319,184,184
124,11,3978,323,278,-84
124,11,3986,322,56,204
124,11,3988,306,0,447
124,11,3995,438,421,-267
124,11,3996,432,446,-147
124,11,3996,436,429,-257
124,11,3996,436,435,-246
124,11,3996,438,148,-450
124,11,3999,430,361,-345
124,11,3999,441,335,-371
124,11,4002,442,277,-416
124,11,4004,435,361,-345
124,11,4005,436,306,-394
124,11,4005,442,191,-462
124,11,4005,445,156,-474
124,11,4006,446,144,-478
124,11,4009,433,179,-466
124,11,4009,444,74,-494
124,11,4010,444,25,-500
124,11,4011,427,183,0
124,11,4011,445,0,-500
124,11,4011,455,0,-500
124,11,4013,425,276,-148
124,11,4015,435,306,-394
124,11,4016,444,-121,-484
124,11,4016,455,-60,-496
124,11,4017,427,0,-421
124,11,4023,430,-150,-421
124,11,4028,416,0,-369
124,11,4028,423,0,-395
124,11,4028,427,0,-421
124,11,4028,433,0,-473
124,11,4060,445,0,-500
124,37,3904,1196,500,0
124,37,3908,1187,361,345
124,37,3908,1189,224,447
124,37,3908,1205,500,0
124,37,3908,1210,466,-179
124,37,3908,1212,253,-400
124,37,3908,1212,361,-345
124,37,3908,1212,402,-296
124,37,3908,1212,500,0
124,37,3911,1184,408,287
124,37,3913,1208,470,-167
124,37,3915,1178,224,447
124,37,3915,1182,296,402
124,37,3917,1215,402,-296
124,37,3918,1180,203,457
124,37,3918,1181,203,457
124,37,3918,1221,179,-466
124,37,3919,1183,203,457
124,37,3920,1183,167,470
124,37,3921,1156,408,181
124,37,3921,1217,109,-488
124,37,3921,1218,109,-488
124,37,3921,1219,109,-488
124,37,3922,1175,447,0
124,37,3922,1190,447,0
124,37,3922,1194,447,0
124,37,3922,1195,447,0
124,37,3922,1196,447,0
124,37,3922,1198,447,0
124,37,3922,1205,447,0
124,37,3922,1211,167,-470
124,37,3922,1213,447,0
124,37,3923,1189,132,482
124,37,3923,1210,132,-482
124,37,3924,1187,121,484
124,37,3926,1195,421,0
124,37,3926,1198,414,72
124,37,3926,1198,416,62
124,37,3926,1201,416,-62
124,37,3930,1204,104,0
124,37,3932,1201,364,35
124,37,3943,1204,25,5
124,37,3945,1204,23,-12
124,37,3945,1204,26,0
124,37,3948,1204,22,46
124,37,3952,1204,0,0
124,37,4014,1129,-35,471
124,39,3908,1250,500,0
124,39,3908,1251,500,0
124,39,3908,1252,361,345
124,39,3908,1252,451,212
124,39,3908,1252,500,0
124,39,3908,1253,474,156
124,39,3908,1253,500,0
124,39,3909,1246,317,273
124,39,3909,1249,500,0
124,39,3909,1254,474,156
124,39,3914,1248,500,0
124,39,3915,1245,287,408
124,39,3915,1246,296,402
124,39,3917,1244,236,441
124,39,3918,1242,179,466
124,39,3918,1243,179,466
124,39,3918,1248,246,435
124,39,3919,1242,144,478
124,39,3919,1244,179,466
124,39,3919,1245,167,470
124,39,3919,1247,203,457
124,39,3920,1282,156,-474
124,39,3921,1242,121,484
124,39,3921,1246,85,492
124,39,3921,1246,109,488
124,39,3921,1253,224,447
124,39,3922,1237,447,0
124,39,3922,1251,447,0
124,39,3922,1253,179,466
124,39,3923,1253,132,482
124,39,3924,1250,0,500
124,39,3924,1251,0,500
124,39,3924,1251,121,484
124,39,3924,1268,197,-105
124,39,3925,1264,417,50
124,39,3926,1262,414,72
124,39,3935,1187,316,386
124,39,3939,1263,389,-67
124,39,3943,1259,25,5
124,39,3943,1268,25,5
124,39,3944,1268,9,24
124,39,3947,1268,9,24
124,39,3948,1268,-12,23
124,39,3950,1267,-235,-12
124,39,3950,1267,-75,-23
124,39,3952,1264,-32,71
124,39,3952,1268,-162,302
124,39,3952,1268,-43,65
124,39,3952,1268,0,0
124,39,3952,1268,83,62
124,39,4037,1235,156,-31
124,39,4038,1235,128,-35
124,39,4043,1205,0,421
124,69,3896,2234,500,11
124,69,3900,2228,488,-109
124,69,3900,2233,498,37
124,69,3902,2244,500,0
124,69,3904,2263,408,-287
124,69,3905,2260,500,0
124,69,3905,2261,416,-277
124,69,3905,2263,408,-287
124,69,3906,2261,416,-277
124,69,3906,2265,394,-306
124,69,3907,2262,408,-287
124,69,3908,2267,368,-334
124,69,3908,2270,392,0
124,69,3908,2273,340,-325
124,69,3908,2274,340,-325
124,69,3908,2275,340,-325
124,69,3908,2276,340,-325
124,69,3908,2277,340,-325
124,69,3908,2278,340,-325
124,69,3908,2280,340,-325
124,69,3908,2282,340,-325
124,69,3908,2283,340,-325
124,69,3908,2284,340,-325
124,69,3909,2266,358,-344
124,69,3909,2266,368,-334
124,69,3909,2267,358,-344
124,69,3909,2267,368,-334
124,69,3910,2252,371,-335
124,69,3910,2266,358,-344
124,69,3910,2266,368,-334
124,69,3910,2267,368,-334
124,69,3910,2269,343,-359
124,69,3910,2271,343,-359
124,69,3911,2251,371,-335
124,69,3911,2267,358,-344
124,69,3911,2271,351,-351
124,69,3911,2272,351,-351
124,69,3911,2274,351,-351
124,69,3911,2278,351,-351
124,69,3913,2263,361,-345
124,69,3913,2263,371,-335
124,69,3914,2264,361,-345
124,69,3915,2219,500,0
124,69,3915,2265,361,-345
124,69,3915,2266,361,-345
124,69,3915,2267,361,-345
124,69,3915,2268,361,-345
124,69,3915,2269,361,-345
124,69,3915,2270,361,-345
124,69,3915,2271,361,-345
124,69,3915,2273,361,-345
124,69,3915,2275,361,-345
124,69,3915,2276,361,-345
124,69,3915,2277,361,-345
124,69,3917,2269,296,-402
124,69,3918,2252,345,-361
124,69,3921,2238,361,-345
124,69,3922,2219,447,0
124,69,3925,2219,421,0
124,69,3932,2251,369,0
124,69,3939,2236,133,0
124,69,3939,2239,155,-180
124,69,3940,2239,94,-90
124,69,3940,2240,94,-90
124,69,3940,2242,77,-74
124,69,3940,2284,361,-345
124,69,3942,2251,-367,207
124,69,3945,2293,125,-457
124,69,3946,2277,159,-358
124,69,3946,2284,139,-425
124,69,3947,2222,128,89
124,69,3948,2276,141,-369
124,69,3949,2305,132,-482
124,69,3950,2277,98,-356
124,69,3951,2219,11,-23
124,69,3951,2219,181,-22
124,69,3951,2238,-258,57
124,69,3951,2238,-210,112
124,69,3952,2238,-201,127
124,69,3954,2254,97,-126
124,69,3955,2239,-62,115
124,69,3955,2246,-42,153
124,69,3955,2252,-121,99
124,69,3956,2282,0,-421
124,69,3956,2292,224,-447
124,69,3961,2261,-41,340
124,72,3896,2301,500,0
124,72,3897,2300,500,0
124,72,3897,2305,405,-30
124,72,3897,2306,417,-31
124,72,3898,2300,500,0
124,72,3898,2301,500,0
124,72,3899,2300,340,0
124,72,3899,2301,340,0
124,72,3899,2301,500,0
124,72,3899,2302,340,0
124,72,3899,2302,361,0
124,72,3899,2302,497,0
124,72,3899,2303,340,0
124,72,3899,2304,340,0
124,72,3899,2305,340,0
124,72,3899,2306,340,0
124,72,3899,2307,340,0
124,72,3899,2308,340,0
124,72,3899,2310,340,0
124,72,3899,2311,340,0
124,72,3899,2312,340,0
124,72,3899,2314,340,0
124,72,3899,2315,340,0
124,72,3899,2316,340,0
124,72,3899,2317,340,0
124,72,3899,2318,340,0
124,72,3899,2319,340,0
124,72,3899,2320,340,0
124,72,3899,2322,340,0
124,72,3899,2323,340,0
124,72,3899,2324,340,0
124,72,3899,2325,340,0
124,72,3899,2326,340,0
124,72,3899,2329,340,0
124,72,3899,2333,340,0
124,72,3899,2334,340,0
124,72,3899,2335,340,0
124,72,3899,2336,340,0
124,72,3899,2338,340,0
124,72,3899,2339,340,0
124,72,3899,2340,340,0
124,72,3899,2341,340,0
124,72,3899,2343,340,0
124,72,3899,2344,340,0
124,72,3899,2347,340,0
124,72,3900,2298,366,18
124,72,3900,2301,366,0
124,72,3900,2302,366,0
124,72,3900,2303,366,-8
124,72,3901,2301,366,0
124,72,3901,2302,366,-8
124,72,3901,2302,366,0
124,72,3901,2303,366,-8
124,72,3901,2303,366,0
124,72,3902,2303,366,-8
124,72,3902,2340,366,0
124,72,3903,2300,392,0
124,72,3903,2301,392,0
124,72,3903,2301,444,0
124,72,3903,2302,387,0
124,72,3904,2300,471,10
124,72,3904,2303,392,-9
124,72,3908,2371,353,-353
124,72,3913,2302,457,125
124,72,3913,2368,444,-10
124,72,3915,2301,500,0
124,72,3916,2336,444,0
124,72,3916,2340,444,0
124,72,3916,2343,444,0
124,72,3916,2344,444,0
124,72,3916,2347,444,0
124,72,3922,2301,447,0
124,72,3923,2336,335,-371
124,72,3923,2376,497,0
124,72,3925,2378,497,0
124,72,3928,2376,500,0
124,72,3929,2336,418,0
124,72,3929,2338,418,0
124,72,3929,2339,418,0
124,72,3929,2340,418,0
124,72,3929,2347,418,0
124,72,3933,2301,209,0
124,72,3933,2323,130,0
124,72,3933,2379,500,0
124,72,3935,2308,290,0
124,72,3935,2381,500,0
124,72,3937,2304,197,0
124,72,3937,2321,8,51
124,72,3937,2334,277,-277
124,72,3938,2381,500,0
124,72,3939,2302,130,0
124,72,3939,2326,193,-213
124,72,3944,2376,417,-224
124,72,3944,2378,417,-224
124,72,3946,2380,139,-425
124,72,3950,2378,92,-411
124,72,3953,2292,-171,-66
124,72,3956,2283,-23,-447
124,72,3956,2289,0,-261
124,72,3956,2291,-37,-36
124,72,3956,2291,0,-130
124,72,3957,2281,-21,-287
124,72,3957,2287,86,-162
124,72,3957,2288,74,-138
124,72,3957,2289,61,-115
124,72,3957,2289,74,-138
124,72,3957,2290,74,-138
124,72,3957,2291,24,-46
124,72,3958,2287,152,-101
124,72,3959,2279,217,-145
124,72,3959,2286,152,-101
124,72,3964,2289,35,-179
124,72,3968,2285,-13,-261
124,72,3974,2286,134,-225
124,72,3977,2282,96,-271
124,72,3979,2279,195,278
124,72,3983,2284,-145,59
124,72,3985,2290,12,-130
124,72,3986,2278,-136,-254
124,72,3987,2276,-148,-277
124,72,3988,2280,78,221
124,72,3988,2281,0,-314
124,72,3988,2283,-38,-311
124,72,3988,2290,15,-156
124,72,3994,2379,-201,-201
124,115,3895,3717,500,0
124,115,3895,3719,500,-25
124,115,3896,3684,500,0
124,115,3896,3716,500,0
124,115,3897,3684,500,0
124,115,3898,3675,500,0
124,115,3898,3680,500,0
124,115,3898,3684,500,0
124,115,3898,3716,500,0
124,115,3902,3665,441,236
124,115,3902,3674,500,11
124,115,3902,3734,442,32
124,115,3903,3709,500,0
124,115,3903,3716,500,0
124,115,3905,3658,444,10
124,115,3905,3717,500,0
124,115,3905,3723,500,0
124,115,3906,3652,500,0
124,115,3906,3740,500,0
124,115,3906,3741,418,0
124,115,3906,3743,419,-10
124,115,3906,3744,431,-32
124,115,3906,3744,444,-33
124,115,3907,3740,392,0
124,115,3907,3740,500,0
124,115,3907,3741,392,0
124,115,3907,3741,444,0
124,115,3907,3741,500,0
124,115,3907,3742,414,-21
124,115,3907,3742,414,0
124,115,3907,3744,457,-44
124,115,3907,3744,457,-34
124,115,3907,3747,492,-85
124,115,3908,3741,500,0
124,115,3908,3742,416,-31
124,115,3908,3742,418,-21
124,115,3908,3744,444,-33
124,115,3908,3746,340,-325
124,115,3908,3749,340,-325
124,115,3908,3750,340,-325
124,115,3908,3752,340,-325
124,115,3908,3753,340,-325
124,115,3908,3755,340,-325
124,115,3908,3756,340,-325
124,115,3909,3741,418,0
124,115,3909,3741,500,-25
124,115,3909,3742,416,-31
124,115,3909,3742,418,-21
124,115,3909,3742,418,0
124,115,3909,3742,438,-32
124,115,3909,3743,416,-31
124,115,3909,3743,418,-21
124,115,3909,3743,418,0
124,115,3909,3744,457,-34
124,115,3909,3744,470,-46
124,115,3909,3744,470,-35
124,115,3909,3746,494,-74
124,115,3909,3755,361,-345
124,115,3910,3678,361,345
124,115,3910,3693,345,361
124,115,3910,3718,500,-25
124,115,3910,3740,418,0
124,115,3910,3741,500,0
124,115,3910,3742,418,-21
124,115,3910,3742,418,0
124,115,3910,3742,438,-32
124,115,3910,3743,418,-21
124,115,3910,3743,481,-58
124,115,3910,3752,358,-344
124,115,3910,3753,361,-345
124,115,3910,3754,361,-345
124,115,3910,3759,343,-359
124,115,3911,3740,418,0
124,115,3911,3741,418,-10
124,115,3911,3741,473,0
124,115,3911,3742,418,0
124,115,3911,3742,440,0
124,115,3911,3743,418,0
124,115,3911,3744,418,0
124,115,3911,3744,457,-34
124,115,3911,3744,470,-35
124,115,3911,3745,351,-351
124,115,3911,3745,418,0
124,115,3911,3745,485,0
124,115,3911,3746,351,-351
124,115,3911,3749,351,-351
124,115,3912,3757,384,-270
124,115,3912,3757,391,-261
124,115,3912,3759,326,-378
124,115,3913,3741,444,0
124,115,3913,3741,447,0
124,115,3913,3741,497,0
124,115,3913,3751,353,-353
124,115,3913,3755,335,-371
124,115,3913,3755,397,-252
124,115,3913,3756,419,-266
124,115,3914,3743,444,0
124,115,3915,3691,287,408
124,115,3915,3721,361,-345
124,115,3915,3726,361,-345
124,115,3915,3732,361,-345
124,115,3915,3734,361,-345
124,115,3915,3739,361,-345
124,115,3915,3742,361,-345
124,115,3915,3743,361,-345
124,115,3915,3745,361,-345
124,115,3915,3746,361,-345
124,115,3915,3748,361,-345
124,115,3915,3749,353,-353
124,115,3915,3749,361,-345
124,115,3915,3757,392,-305
124,115,3915,3758,361,-345
124,115,3916,3739,442,-170
124,115,3916,3742,498,-37
124,115,3916,3751,335,-371
124,115,3916,3758,378,-326
124,115,3916,3763,335,-371
124,115,3917,3674,383,85
124,115,3917,3740,494,74
124,115,3918,3725,447,-10
124,115,3920,3751,471,0
124,115,3921,3727,345,361
124,115,3922,3675,421,0
124,115,3922,3708,447,0
124,115,3922,3716,447,0
124,115,3922,3724,447,0
124,115,3922,3762,361,-345
124,115,3923,3661,412,82
124,115,3923,3678,416,62
124,115,3924,3734,424,-140
124,115,3925,3753,497,0
124,115,3927,3675,395,0
124,115,3927,3725,393,-29
124,115,3930,3732,378,-114
124,115,3930,3756,500,0
124,115,3931,3724,369,-8
124,115,3932,3631,0,500
124,115,3932,3636,361,345
124,115,3932,3755,500,0
124,115,3933,3756,500,0
124,115,3938,3718,175,-194
124,115,3939,3728,290,0
124,115,3939,3729,264,0
124,115,3940,3646,258,332
124,115,3942,3727,-212,301
124,115,3943,3636,181,408
124,115,3943,3736,-48,392
124,115,3944,3629,155,471
124,115,3944,3726,55,0
124,115,3945,3760,136,-453
124,115,3946,3754,141,-396
124,115,3946,3755,139,-425
124,115,3947,3733,-46,233
124,115,3948,3642,114,378
124,115,3948,3760,97,-437
124,115,3949,3725,-255,105
124,115,3949,3741,-276,-6
124,115,3953,3722,-196,-130
124,115,3953,3724,-235,-23
124,115,3953,3725,-152,37
124,115,3953,3728,153,-307
124,115,3953,3728,411,-92
124,115,3953,3736,-185,98
124,115,3954,3732,150,45
124,115,3954,3738,-25,260
124,115,3954,3740,-173,246
124,115,3955,3731,196,-177
124,115,3955,3733,-244,130
124,115,3956,3626,0,238
124,115,3956,3726,-61,172
124,115,3956,3732,249,-194
124,115,3956,3736,16,-20
124,115,3956,3755,0,-419
124,115,3956,3757,0,-447
124,115,3957,3725,-3,145
124,115,3957,3732,-6,261
124,115,3958,3724,-153,-46
124,115,3958,3724,65,170
124,115,3958,3725,65,170
124,115,3958,3725,71,142
124,115,3959,3731,203,339
124,115,3959,3732,-23,12
124,115,3959,3732,0,0
124,115,3960,3724,115,61
124,115,3960,3724,223,141
124,115,3960,3724,226,136
124,115,3960,3726,80,103
124,115,3960,3727,403,121
124,115,3960,3732,-43,65
124,115,3960,3732,-26,0
124,115,3960,3732,-23,-12
124,115,3960,3732,-23,12
124,115,3960,3732,-14,21
124,115,3960,3732,0,0
124,115,3960,3732,148,449
124,115,3960,3741,355,-225
124,115,3961,3725,0,104
124,115,3961,3725,110,115
124,115,3961,3725,115,110
124,115,3961,3727,-121,202
124,115,3961,3727,63,229
124,115,3961,3730,190,317
124,115,3961,3730,254,187
124,115,3961,3732,-26,0
124,115,3961,3732,-23,-12
124,115,3961,3732,0,0
124,115,3961,3736,-212,301
124,115,3962,3630,0,290
124,115,3962,3724,110,110
124,115,3962,3725,182,191
124,115,3962,3726,48,176
124,115,3962,3726,149,249
124,115,3962,3726,242,242
124,115,3962,3726,266,255
124,115,3962,3732,-46,62
124,115,3962,3732,-45,64
124,115,3963,3729,128,289
124,115,3963,3732,-78,0
124,115,3963,3732,-48,21
124,115,3963,3732,-26,0
124,115,3963,3732,-23,-12
124,115,3963,3732,-22,-13
124,115,3963,3732,-15,76
124,115,3963,3732,0,0
124,115,3963,3732,18,48
124,115,3963,3750,411,92
124,115,3964,3724,105,116
124,115,3964,3724,108,113
124,115,3964,3725,144,151
124,115,3964,3732,-48,61
124,115,3964,3732,-26,-1
124,115,3964,3732,-22,-14
124,115,3964,3732,-22,13
124,115,3964,3732,-12,22
124,115,3964,3732,-11,77
124,115,3964,3732,-7,51
124,115,3964,3732,0,0
124,115,3964,3732,16,19
124,115,3964,3732,25,-5
124,115,3964,3733,21,289
124,115,3965,3732,-143,0
124,115,3965,3732,-26,-1
124,115,3965,3746,132,-126
124,115,3966,3733,83,305
124,115,3966,3736,157,332
124,115,3967,3732,-24,9
124,115,3968,3640,350,335
124,115,3968,3732,-51,59
124,115,3968,3735,123,319
124,115,3969,3728,-26,263
124,115,3969,3731,-14,290
124,115,3971,3732,-25,-5
124,115,3971,3735,104,318
124,115,3973,3641,339,291
124,115,3976,3727,-101,82
124,115,3988,3752,0,-395
124,115,3990,3649,191,182
124,115,3990,3650,191,182
124,115,3992,3637,22,234
124,115,3996,3630,0,447
124,115,4003,3630,43,445
124,115,4012,3637,-211,394
124,115,4052,3641,-123,375
124,117,3896,3741,500,0
124,117,3896,3745,405,-30
124,117,3896,3746,417,-41
124,117,3897,3744,361,-18
124,117,3897,3745,405,-30
124,117,3897,3746,417,-31
124,117,3898,3740,340,0
124,117,3898,3741,500,0
124,117,3899,3740,340,0
124,117,3899,3741,340,0
124,117,3899,3742,340,0
124,117,3899,3742,361,0
124,117,3899,3743,340,0
124,117,3899,3744,340,0
124,117,3899,3745,340,0
124,117,3899,3746,340,0
124,117,3899,3747,340,0
124,117,3899,3748,340,0
124,117,3899,3749,340,0
124,117,3899,3750,340,0
124,117,3899,3751,340,0
124,117,3899,3752,340,0
124,117,3899,3753,340,0
124,117,3899,3754,340,0
124,117,3899,3755,340,0
124,117,3899,3756,340,0
124,117,3899,3757,340,0
124,117,3899,3758,340,0
124,117,3899,3759,340,0
124,117,3899,3760,340,0
124,117,3899,3761,340,0
124,117,3899,3762,340,0
124,117,3899,3763,340,0
124,117,3899,3764,340,0
124,117,3899,3765,340,0
124,117,3899,3766,340,0
124,117,3899,3767,340,0
124,117,3899,3768,340,0
124,117,3899,3769,340,0
124,117,3899,3770,340,0
124,117,3899,3771,340,0
124,117,3899,3772,340,0
124,117,3899,3773,340,0
124,117,3899,3774,340,0
124,117,3899,3775,340,0
124,117,3899,3776,340,0
124,117,3899,3777,340,0
124,117,3899,3778,340,0
124,117,3899,3779,340,0
124,117,3899,3780,340,0
124,117,3899,3780,361,0
124,117,3899,3781,340,0
124,117,3899,3782,340,0
124,117,3899,3783,340,0
124,117,3899,3784,340,0
124,117,3899,3785,340,0
124,117,3899,3786,340,0
124,117,3899,3787,340,0
124,117,3900,3728,466,179
124,117,3900,3741,366,0
124,117,3900,3742,366,0
124,117,3900,3743,366,-8
124,117,3900,3743,366,0
124,117,3900,3744,366,0
124,117,3900,3745,407,-20
124,117,3900,3780,340,0
124,117,3900,3780,361,0
124,117,3900,3789,366,0
124,117,3900,3790,366,0
124,117,3901,3742,366,-8
124,117,3901,3742,366,0
124,117,3901,3743,366,-8
124,117,3901,3743,366,0
124,117,3901,3744,366,0
124,117,3901,3780,366,0
124,117,3902,3741,366,0
124,117,3902,3743,366,-8
124,117,3902,3780,366,0
124,117,3902,3780,369,0
124,117,3903,3740,444,10
124,117,3903,3741,392,0
124,117,3903,3741,444,0
124,117,3903,3741,500,0
124,117,3903,3742,366,0
124,117,3903,3762,366,0
124,117,3903,3772,366,0
124,117,3903,3774,366,0
124,117,3903,3780,366,0
124,117,3903,3787,366,0
124,117,3903,3796,366,0
124,117,3903,3797,366,0
124,117,3903,3799,366,0
124,117,3903,3799,500,0
124,117,3903,3800,366,0
124,117,3903,3801,366,0
124,117,3904,3790,392,0
124,117,3905,3743,392,0
124,117,3905,3744,392,0
124,117,3905,3780,392,0
124,117,3906,3780,392,0
124,117,3906,3798,392,0
124,117,3907,3780,414,0
124,117,3907,3799,392,0
124,117,3907,3802,392,0
124,117,3907,3803,392,0
124,117,3907,3804,392,0
124,117,3908,3780,414,0
124,117,3908,3812,353,-353
124,117,3910,3789,361,-345
124,117,3910,3799,361,-345
124,117,3910,3809,351,-351
124,117,3910,3810,361,-345
124,117,3911,3776,418,0
124,117,3911,3780,418,0
124,117,3911,3785,418,0
124,117,3911,3786,418,0
124,117,3911,3807,418,0
124,117,3911,3808,418,0
124,117,3911,3809,418,0
124,117,3912,3780,440,0
124,117,3915,3785,361,-345
124,117,3915,3793,361,-345
124,117,3915,3794,361,-345
124,117,3915,3797,361,-345
124,117,3915,3805,353,-353
124,117,3915,3807,335,-371
124,117,3916,3708,500,0
124,117,3916,3776,444,0
124,117,3916,3777,444,0
124,117,3916,3778,444,0
124,117,3916,3779,444,0
124,117,3916,3780,444,0
124,117,3916,3781,444,0
124,117,3916,3782,444,0
124,117,3916,3783,444,0
124,117,3916,3784,444,0
124,117,3916,3785,444,0
124,117,3916,3810,444,0
124,117,3916,3811,444,0
124,117,3916,3812,444,0
124,117,3916,3813,444,0
124,117,3918,3741,473,0
124,117,3920,3814,471,0
124,117,3920,3815,471,0
124,117,3925,3785,444,0
124,117,3925,3816,497,0
124,117,3925,3818,497,0
124,117,3928,3741,395,0
124,117,3929,3777,418,0
124,117,3929,3783,418,0
124,117,3929,3787,418,0
124,117,3930,3819,500,0
124,117,3931,3724,378,114
124,117,3932,3741,369,0
124,117,3933,3722,344,132
124,117,3935,3744,222,-21
124,117,3935,3748,263,-26
124,117,3937,3744,197,0
124,117,3937,3770,234,17
124,117,3938,3779,115,-141
124,117,3940,3773,75,-72
124,117,3940,3789,104,0
124,117,3941,3741,185,0
124,117,3941,3743,52,0
124,117,3941,3792,-175,275
124,117,3944,3817,161,-390
124,117,3946,3777,287,0
124,117,3948,3802,240,240
124,117,3950,3788,-258,38
124,117,3950,3797,-215,-95
124,117,3950,3818,92,-411
124,117,3951,3694,53,444
124,117,3951,3788,-247,-24
124,117,3952,3791,-121,202
124,117,3952,3796,-196,-98
124,117,3952,3797,40,416
124,117,3953,3734,-174,-116
124,117,3953,3782,230,123
124,117,3953,3784,33,338
124,117,3953,3787,184,98
124,117,3953,3788,-185,98
124,117,3953,3810,172,245
124,117,3954,3788,-157,3
124,117,3954,3798,15,314
124,117,3955,3731,-157,3
124,117,3955,3788,-121,99
124,117,3956,3701,0,421
124,117,3956,3728,0,-184
124,117,3956,3731,0,-130
124,117,3956,3788,163,44
124,117,3956,3796,25,2
124,117,3956,3797,25,2
124,117,3956,3799,16,-20
124,117,3956,3801,16,-20
124,117,3956,3803,0,-26
124,117,3956,3806,0,-26
124,117,3956,3809,0,-52
124,117,3957,3723,0,0
124,117,3957,3726,111,-208
124,117,3957,3728,74,-138
124,117,3957,3729,74,-138
124,117,3957,3730,0,-78
124,117,3957,3730,74,-138
124,117,3957,3731,24,-46
124,117,3957,3788,18,48
124,117,3957,3796,-8,366
124,117,3958,3727,152,-101
124,117,3958,3788,253,135
124,117,3958,3789,65,170
124,117,3958,3792,21,221
124,117,3958,3793,-10,209
124,117,3958,3794,-101,168
124,117,3958,3795,38,391
124,117,3958,3796,-2,52
124,117,3959,3792,-10,209
124,117,3959,3792,98,325
124,117,3960,3790,173,260
124,117,3960,3794,33,338
124,117,3960,3796,-29,391
124,117,3960,3796,-14,21
124,117,3960,3796,0,0
124,117,3961,3788,138,74
124,117,3961,3796,-164,82
124,117,3962,3791,-15,156
124,117,3962,3792,241,343
124,117,3962,3796,-78,0
124,117,3963,3724,151,41
124,117,3964,3796,224,289
124,117,3965,3796,-13,76
124,117,3965,3796,24,8
124,117,3966,3796,-21,75
124,117,3967,3796,25,6
124,117,3969,3788,96,123
124,117,3971,3788,72,108
124,117,3977,3789,25,-128
124,117,3982,3804,105,-295
124,117,3984,3729,123,96
124,117,3985,3797,96,-271
124,117,3988,3731,115,-62
124,117,3988,3790,94,-90
124,119,3895,3843,447,0
124,119,3896,3843,500,0
124,119,3897,3843,500,0
124,119,3897,3846,500,-25
124,119,3898,3800,500,0
124,119,3898,3818,500,0
124,119,3898,3831,500,0
124,119,3898,3832,500,0
124,119,3898,3836,500,0
124,119,3898,3840,442,-43
124,119,3898,3843,447,0
124,119,3898,3843,500,0
124,119,3899,3796,340,0
124,119,3899,3797,340,0
124,119,3899,3798,340,0
124,119,3899,3799,340,0
124,119,3899,3800,340,0
124,119,3899,3801,340,0
124,119,3899,3802,340,0
124,119,3899,3803,340,0
124,119,3899,3804,340,0
124,119,3899,3805,340,0
124,119,3899,3806,340,0
124,119,3899,3807,340,0
124,119,3899,3808,340,0
124,119,3899,3809,340,0
124,119,3899,3810,340,0
124,119,3899,3811,340,0
124,119,3899,3812,340,0
124,119,3899,3813,340,0
124,119,3899,3814,340,0
124,119,3899,3815,340,0
124,119,3899,3816,340,0
124,119,3899,3817,340,0
124,119,3899,3818,340,0
124,119,3899,3819,340,0
124,119,3899,3820,340,0
124,119,3899,3821,340,0
124,119,3899,3822,340,0
124,119,3899,3823,340,0
124,119,3899,3824,340,0
124,119,3899,3825,340,0
124,119,3899,3826,340,0
124,119,3899,3827,340,0
124,119,3899,3828,340,0
124,119,3899,3829,340,0
124,119,3899,3829,340,17
124,119,3899,3830,340,0
124,119,3899,3830,340,7
124,119,3899,3831,340,0
124,119,3899,3832,340,0
124,119,3899,3833,340,0
124,119,3899,3834,340,0
124,119,3899,3835,340,0
124,119,3899,3836,340,0
124,119,3899,3837,340,0
124,119,3899,3838,340,0
124,119,3899,3839,340,0
124,119,3899,3840,340,0
124,119,3899,3840,391,-38
124,119,3899,3841,340,0
124,119,3899,3841,340,17
124,119,3899,3842,340,0
124,119,3899,3842,340,7
124,119,3899,3843,340,0
124,119,3899,3844,361,0
124,119,3899,3845,366,-18
124,119,3899,3846,366,-18
124,119,3899,3854,482,-132
124,119,3899,3855,482,-132
124,119,3900,3829,338,25
124,119,3900,3837,366,-8
124,119,3900,3838,366,-8
124,119,3900,3839,366,-18
124,119,3900,3840,471,-46
124,119,3900,3843,340,0
124,119,3900,3844,366,0
124,119,3900,3845,366,-8
124,119,3900,3845,366,0
124,119,3901,3838,366,-8
124,119,3901,3839,366,-18
124,119,3901,3840,366,0
124,119,3901,3841,366,8
124,119,3902,3789,366,0
124,119,3902,3841,366,8
124,119,3902,3843,418,0
124,119,3902,3843,444,0
124,119,3902,3845,498,-37
124,119,3903,3787,366,0
124,119,3903,3787,395,0
124,119,3903,3788,395,0
124,119,3903,3810,366,0
124,119,3903,3816,366,0
124,119,3903,3821,366,0
124,119,3903,3832,366,0
124,119,3903,3836,366,0
124,119,3903,3840,364,-35
124,119,3903,3843,366,0
124,119,3903,3843,500,0
124,119,3904,3787,366,0
124,119,3904,3789,392,-20
124,119,3904,3789,392,-9
124,119,3904,3790,392,0
124,119,3904,3838,391,-29
124,119,3904,3843,471,0
124,119,3904,3845,392,0
124,119,3904,3853,482,-132
124,119,3904,3854,482,-132
124,119,3905,3789,392,-20
124,119,3905,3789,392,-9
124,119,3905,3841,392,8
124,119,3905,3843,500,0
124,119,3906,3841,392,8
124,119,3906,3842,392,8
124,119,3906,3843,500,0
124,119,3907,3836,392,0
124,119,3907,3843,392,0
124,119,3907,3843,500,0
124,119,3907,3844,414,0
124,119,3908,3845,418,-21
124,119,3910,3776,351,351
124,119,3910,3780,418,0
124,119,3910,3843,500,0
124,119,3911,3775,345,361
124,119,3911,3775,361,345
124,119,3911,3780,418,0
124,119,3912,3863,361,-345
124,119,3914,3841,444,22
124,119,3915,3779,361,345
124,119,3915,3842,444,0
124,119,3916,3840,444,0
124,119,3916,3841,444,0
124,119,3916,3842,444,0
124,119,3916,3842,444,22
124,119,3918,3843,447,0
124,119,3918,3876,500,0
124,119,3922,3842,392,0
124,119,3922,3843,340,0
124,119,3927,3843,395,0
124,119,3928,3843,340,0
124,119,3929,3832,340,0
124,119,3929,3840,418,0
124,119,3929,3842,418,0
124,119,3929,3843,418,0
124,119,3930,3862,368,-142
124,119,3933,3782,321,307
124,119,3937,3803,171,164
124,119,3937,3840,157,0
124,119,3937,3848,235,0
124,119,3938,3795,94,-90
124,119,3939,3841,130,0
124,119,3940,3804,104,0
124,119,3940,3835,104,0
124,119,3940,3840,104,0
124,119,3940,3842,104,0
124,119,3941,3832,133,0
124,119,3943,3832,81,0
124,119,3948,3853,-266,110
124,119,3948,3877,142,-283
124,119,3950,3792,-183,-223
124,119,3952,3835,-82,101
124,119,3953,3831,-174,-116
124,119,3953,3849,17,234
124,119,3953,3852,-131,78
124,119,3953,3865,26,364
124,119,3954,3850,-200,39
124,119,3954,3863,-198,125
124,119,3955,3852,-121,99
124,119,3956,3795,0,-78
124,119,3956,3854,0,104
124,119,3956,3867,0,-26
124,119,3957,3792,74,-138
124,119,3957,3794,74,-138
124,119,3957,3795,24,-46
124,119,3957,3795,25,-262
124,119,3957,3853,0,78
124,119,3957,3854,103,154
124,119,3957,3860,0,0
124,119,3958,3787,173,-93
124,119,3958,3788,-21,-421
124,119,3958,3791,152,-101
124,119,3958,3792,124,-232
124,119,3958,3853,65,170
124,119,3958,3860,-159,89
124,119,3959,3795,233,-350
124,119,3959,3860,-162,86
124,119,3960,3791,175,-263
124,119,3960,3860,-23,-12
124,119,3960,3860,0,0
124,119,3961,3787,-26,-2
124,119,3961,3790,28,-289
124,119,3962,3787,-26,-2
124,119,3962,3788,-25,-5
124,119,3962,3788,0,0
124,119,3962,3788,43,-446
124,119,3962,3788,225,67
124,119,3963,3791,181,-258
124,119,3963,3794,348,-187
124,119,3964,3788,35,-288
124,119,3979,3794,101,-152
124,121,3896,3908,500,0
124,121,3898,3876,500,0
124,121,3900,3855,423,212
124,121,3900,3855,466,179
124,121,3900,3857,358,159
124,121,3901,3858,358,159
124,121,3902,3848,500,0
124,121,3903,3847,340,0
124,121,3903,3848,340,0
124,121,3903,3848,500,0
124,121,3903,3855,346,185
124,121,3903,3856,346,185
124,121,3904,3857,351,176
124,121,3905,3843,500,0
124,121,3905,3851,341,240
124,121,3905,3855,364,205
124,121,3906,3843,392,0
124,121,3906,3843,418,0
124,121,3906,3854,359,215
124,121,3906,3857,369,197
124,121,3907,3843,392,0
124,121,3907,3844,414,0
124,121,3908,3830,382,169
124,121,3908,3833,332,332
124,121,3908,3843,340,325
124,121,3908,3843,392,0
124,121,3908,3843,418,0
124,121,3908,3843,500,0
124,121,3908,3844,414,0
124,121,3908,3845,418,-21
124,121,3908,3845,418,0
124,121,3908,3846,332,332
124,121,3908,3846,418,0
124,121,3909,3831,390,150
124,121,3909,3832,394,140
124,121,3909,3841,418,21
124,121,3909,3842,418,21
124,121,3909,3843,418,0
124,121,3909,3843,444,0
124,121,3910,3838,410,81
124,121,3910,3841,418,21
124,121,3910,3842,418,0
124,121,3910,3842,418,21
124,121,3911,3827,382,229
124,121,3911,3829,392,210
124,121,3911,3831,358,343
124,121,3911,3832,358,343
124,121,3911,3833,358,343
124,121,3911,3834,358,343
124,121,3911,3835,358,343
124,121,3911,3836,358,343
124,121,3911,3837,358,343
124,121,3911,3838,358,343
124,121,3911,3839,358,343
124,121,3911,3839,418,0
124,121,3911,3840,358,343
124,121,3911,3840,418,0
124,121,3911,3841,358,343
124,121,3911,3842,358,343
124,121,3911,3843,358,343
124,121,3911,3844,358,343
124,121,3911,3845,358,343
124,121,3911,3846,358,343
124,121,3911,3847,358,343
124,121,3911,3848,358,343
124,121,3911,3849,358,343
124,121,3911,3850,358,343
124,121,3911,3851,358,343
124,121,3911,3852,358,343
124,121,3911,3853,358,343
124,121,3911,3856,358,343
124,121,3911,3857,358,343
124,121,3911,3859,358,343
124,121,3911,3860,358,343
124,121,3912,3822,378,279
124,121,3912,3823,353,353
124,121,3912,3824,384,270
124,121,3912,3830,401,189
124,121,3912,3842,418,0
124,121,3913,3825,361,345
124,121,3913,3826,391,260
124,121,3913,3840,444,-10
124,121,3913,3871,471,35
124,121,3914,3840,444,0
124,121,3914,3843,500,0
124,121,3915,3825,353,353
124,121,3915,3825,361,345
124,121,3915,3825,400,294
124,121,3915,3841,353,353
124,121,3915,3842,353,353
124,121,3915,3849,353,353
124,121,3915,3853,353,353
124,121,3915,3857,353,353
124,121,3915,3860,353,353
124,121,3916,3835,444,0
124,121,3916,3836,444,0
124,121,3916,3839,496,-60
124,121,3917,3862,426,256
124,121,3918,3837,471,-24
124,121,3918,3838,471,-24
124,121,3918,3838,471,-11
124,121,3919,3836,471,0
124,121,3920,3832,471,0
124,121,3920,3834,471,0
124,121,3922,3825,464,178
124,121,3923,3822,441,236
124,121,3923,3827,481,120
124,121,3923,3832,500,0
124,121,3924,3821,416,277
124,121,3924,3822,441,236
124,121,3924,3832,497,0
124,121,3925,3820,402,296
124,121,3925,3825,447,224
124,121,3925,3831,497,0
124,121,3925,3835,345,361
124,121,3925,3848,500,0
124,121,3927,3868,395,0
124,121,3929,3841,488,109
124,121,3930,3828,500,0
124,121,3930,3829,500,0
124,121,3930,3836,500,0
124,121,3932,3832,345,361
124,121,3932,3841,189,139
124,121,3932,3853,355,98
124,121,3933,3842,498,37
124,121,3935,3827,500,0
124,121,3935,3832,500,0
124,121,3935,3868,316,0
124,121,3935,3876,316,0
124,121,3939,3861,169,162
124,121,3940,3831,500,0
124,121,3940,3839,129,-428
124,121,3940,3893,211,-395
124,121,3944,3803,144,478
124,121,3945,3823,129,428
124,121,3946,3801,121,484
124,121,3946,3843,-419,-41
124,121,3947,3848,185,0
124,121,3950,3856,-183,-225
124,121,3952,3836,399,253
124,121,3953,3853,408,181
124,121,3956,3826,0,261
124,121,3956,3839,377,239
124,121,3956,3858,0,-262
124,121,3956,3859,50,-11
124,121,3957,3857,74,-138
124,121,3957,3858,74,-138
124,121,3958,3856,8,-395
124,121,3958,3856,124,-232
124,121,3959,3852,221,-16
124,121,3959,3855,-10,-209
124,121,3960,3851,-45,-64
124,121,3960,3859,130,-26
124,121,3961,3851,-24,10
124,121,3961,3858,198,-132
124,121,3961,3859,71,-38
124,121,3961,3859,271,-104
124,121,3962,3851,-26,-1
124,121,3962,3852,151,41
124,121,3962,3857,163,-134
124,121,3964,3851,-121,-50
124,121,3964,3851,-25,-500
124,121,3965,3855,255,57
124,121,3966,3846,198,125
124,121,3966,3851,-171,-66
124,121,3966,3851,-78,0
124,121,3966,3851,-21,14
124,121,3966,3854,198,-372
124,121,3968,3851,-21,15
124,121,3969,3848,247,148
124,121,3970,3851,-14,-50
124,121,3973,3851,264,167
124,121,3974,3851,-23,-188
124,121,3980,3851,25,5
124,121,3981,3852,96,-271
124,121,3984,3839,-285,-190
124,121,3984,3851,-256,-51
124,121,3988,3856,90,94
124,122,3896,3908,500,0
124,122,3897,3905,500,25
124,122,3898,3904,500,0
124,122,3898,3907,500,0
124,122,3898,3908,500,0
124,122,3902,3914,478,144
124,122,3902,3916,482,132
124,122,3905,3882,408,287
124,122,3905,3915,500,0
124,122,3905,3931,474,-156
124,122,3906,3881,402,296
124,122,3906,3883,416,277
124,122,3907,3876,386,316
124,122,3907,3919,492,85
124,122,3907,3927,500,0
124,122,3908,3859,332,332
124,122,3908,3880,386,316
124,122,3909,3871,351,351
124,122,3909,3877,358,343
124,122,3909,3877,368,333
124,122,3909,3878,351,351
124,122,3909,3932,441,-236
124,122,3910,3859,387,218
124,122,3910,3861,401,189
124,122,3910,3862,358,343
124,122,3910,3863,358,343
124,122,3910,3864,358,343
124,122,3910,3871,358,343
124,122,3910,3871,371,335
124,122,3910,3874,343,358
124,122,3910,3876,353,353
124,122,3910,3877,351,351
124,122,3910,3877,358,343
124,122,3910,3878,358,343
124,122,3910,3884,345,361
124,122,3910,3884,353,353
124,122,3911,3861,397,199
124,122,3911,3862,358,343
124,122,3911,3863,351,351
124,122,3911,3863,358,343
124,122,3911,3864,358,343
124,122,3911,3865,358,343
124,122,3911,3866,358,343
124,122,3911,3867,358,343
124,122,3911,3868,358,343
124,122,3911,3869,358,343
124,122,3911,3870,351,351
124,122,3911,3870,358,343
124,122,3911,3871,358,343
124,122,3911,3872,358,343
124,122,3911,3873,358,343
124,122,3911,3874,358,343
124,122,3911,3875,358,343
124,122,3911,3876,358,343
124,122,3911,3877,351,351
124,122,3911,3877,353,353
124,122,3911,3877,358,343
124,122,3911,3877,361,345
124,122,3911,3878,358,343
124,122,3911,3885,353,353
124,122,3911,3891,345,361
124,122,3911,3933,353,-353
124,122,3912,3888,361,345
124,122,3913,3895,345,361
124,122,3913,3913,473,23
124,122,3913,3914,464,92
124,122,3914,3857,405,285
124,122,3914,3874,361,345
124,122,3915,3857,392,304
124,122,3915,3857,400,294
124,122,3915,3858,353,353
124,122,3915,3873,353,353
124,122,3915,3876,500,0
124,122,3917,3915,437,97
124,122,3918,3877,353,353
124,122,3918,3893,353,353
124,122,3922,3868,500,0
124,122,3923,3876,500,0
124,122,3925,3867,345,361
124,122,3925,3876,500,0
124,122,3927,3904,395,0
124,122,3927,3909,395,0
124,122,3931,3848,361,345
124,122,3932,3855,464,92
124,122,3932,3891,500,0
124,122,3932,3898,291,304
124,122,3934,3909,342,-8
124,122,3934,3919,278,83
124,122,3935,3894,273,285
124,122,3935,3897,266,325
124,122,3935,3898,213,223
124,122,3936,3878,441,236
124,122,3936,3885,361,345
124,122,3936,3904,194,215
124,122,3937,3900,193,213
124,122,3937,3901,177,196
124,122,3937,3918,170,125
124,122,3937,3922,177,53
124,122,3937,3922,255,69
124,122,3938,3891,136,453
124,122,3939,3890,169,162
124,122,3939,3891,153,178
124,122,3939,3891,169,162
124,122,3939,3903,153,178
124,122,3939,3923,210,25
124,122,3940,3863,361,345
124,122,3940,3891,150,174
124,122,3940,3891,166,159
124,122,3940,3903,75,72
124,122,3940,3903,153,178
124,122,3940,3903,166,159
124,122,3940,3903,171,164
124,122,3940,3905,113,108
124,122,3941,3889,181,438
124,122,3941,3893,-87,437
124,122,3941,3894,189,376
124,122,3942,3884,-266,324
124,122,3942,3889,-266,324
124,122,3942,3890,-266,324
124,122,3942,3896,121,401
124,122,3943,3888,160,417
124,122,3944,3868,312,282
124,122,3944,3888,139,424
124,122,3944,3890,150,421
124,122,3944,3894,171,385
124,122,3944,3924,0,0
124,122,3945,3876,156,474
124,122,3945,3888,-364,150
124,122,3946,3873,139,424
124,122,3946,3877,139,424
124,122,3946,3897,151,365
124,122,3947,3833,121,484
124,122,3947,3834,121,484
124,122,3947,3835,121,484
124,122,3947,3837,121,484
124,122,3947,3872,153,306
124,122,3947,3891,-56,282
124,122,3947,3892,131,400
124,122,3947,3897,123,375
124,122,3947,3924,209,0
124,122,3948,3864,101,408
124,122,3948,3876,101,408
124,122,3948,3883,101,408
124,122,3948,3886,61,307
124,122,3948,3889,-165,202
124,122,3948,3890,-165,202
124,122,3948,3891,-56,282
124,122,3948,3892,121,403
124,122,3949,3864,95,382
124,122,3949,3889,-218,89
124,122,3949,3892,-149,182
124,122,3950,3889,-218,89
124,122,3954,3885,-152,-101
124,122,3955,3840,109,488
124,122,3955,3841,121,484
124,122,3956,3867,0,26
124,122,3956,3869,0,209
124,122,3956,3870,0,26
124,122,3956,3872,12,50
124,122,3956,3878,0,0
124,122,3956,3888,5,-262
124,122,3956,3889,0,-104
124,122,3956,3890,0,-289
124,122,3956,3890,0,-235
124,122,3956,3891,0,-104
124,122,3956,3891,0,-78
124,122,3956,3891,5,-262
124,122,3957,3887,-23,-234
124,122,3958,3885,-13,-261
124,122,3960,3840,-51,256
124,122,3961,3881,198,-372
124,122,3963,3877,211,-395
124,122,3963,3887,-151,-216
124,122,3966,3877,86,57
124,122,3967,3867,140,155
124,122,3969,3881,160,-417
124,122,3970,3844,296,402
124,122,3988,3859,21,421
125,5,3936,165,482,132
125,5,3936,168,498,48
125,5,3936,169,482,132
125,5,3937,168,494,74
125,5,3938,166,482,132
125,5,3938,168,494,74
125,5,3939,163,144,478
125,5,3939,168,496,60
125,5,3940,164,361,345
125,5,3940,164,500,0
125,5,3940,166,482,132
125,5,3940,176,488,109
125,5,3940,186,457,-203
125,5,3940,186,466,-179
125,5,3940,188,361,-345
125,5,3940,189,492,-85
125,5,3940,189,500,0
125,5,3940,190,500,0
125,5,3940,191,500,0
125,5,3941,162,353,353
125,5,3941,182,361,-345
125,5,3941,185,474,-156
125,5,3941,225,287,-408
125,5,3942,159,371,335
125,5,3942,165,335,371
125,5,3944,171,432,-192
125,5,3944,186,441,-236
125,5,3944,192,441,-236
125,5,3944,193,441,-236
125,5,3944,196,361,-345
125,5,3945,182,482,-132
125,5,3945,184,470,-167
125,5,3946,195,316,-386
125,5,3947,186,224,289
125,5,3948,156,224,447
125,5,3948,173,361,345
125,5,3948,187,386,-316
125,5,3948,194,267,-421
125,5,3948,197,224,-447
125,5,3949,198,191,-462
125,5,3950,188,447,0
125,5,3950,193,212,-451
125,5,3950,196,212,-451
125,5,3951,194,167,-470
125,5,3951,196,167,-470
125,5,3952,193,144,-478
125,5,3953,191,121,-484
125,5,3953,197,121,-484
125,5,3954,186,179,-466
125,5,3954,188,447,0
125,5,3954,189,447,0
125,5,3954,194,85,-492
125,5,3954,198,447,0
125,5,3954,203,447,0
125,5,3956,170,112,223
125,5,3956,181,267,-421
125,5,3956,182,0,-350
125,5,3956,189,0,-500
125,5,3956,225,377,-239
125,5,3957,180,421,0
125,5,3957,185,419,31
125,5,3957,197,284,-42
125,5,3958,209,414,-72
125,5,3958,209,416,-62
125,5,3960,176,390,58
125,5,3960,178,213,-142
125,5,3960,195,375,-113
125,5,3961,176,390,58
125,5,3962,179,362,-109
125,5,3962,180,104,0
125,5,3962,223,144,-112
125,5,3965,150,209,0
125,5,3965,171,209,0
125,5,3966,234,265,-360
125,5,3971,176,389,67
125,5,3973,178,262,31
125,5,3974,177,261,39
125,5,3976,180,9,24
125,5,3977,180,23,-12
125,5,3978,171,-73,28
125,5,3978,171,0,0
125,5,3979,180,0,0
125,5,3979,217,230,-123
125,5,3980,180,-14,21
125,5,3980,180,0,0
125,5,3980,180,22,46
125,5,3980,180,23,12
125,5,3980,215,197,-76
125,5,3981,179,182,-103
125,5,3981,180,0,0
125,5,3983,178,169,-70
125,5,3984,180,83,62
125,5,3985,175,1,-52
125,5,3985,180,43,65
125,5,3986,175,1,-78
125,5,3986,177,-78,5
125,5,3986,217,14,287
125,5,3988,225,0,-290
125,5,3988,233,0,-130
125,5,3988,241,0,-471
125,5,3989,206,15,158
125,5,3990,211,-14,290
125,5,3990,232,-9,-130
125,5,3997,105,-8,369
125,5,4075,225,0,-290
125,5,4075,228,0,-316
125,5,4075,237,0,-447
125,5,4078,217,269,161
125,7,3937,249,490,-97
125,7,3938,264,500,-11
125,7,3940,224,500,0
125,7,3940,228,361,345
125,7,3940,228,402,296
125,7,3940,228,421,267
125,7,3940,229,474,156
125,7,3940,246,500,0
125,7,3940,248,500,0
125,7,3940,252,306,-394
125,7,3940,256,500,0
125,7,3940,282,466,-179
125,7,3940,286,441,-236
125,7,3944,255,441,-236
125,7,3944,256,441,-236
125,7,3944,258,441,-236
125,7,3944,258,500,0
125,7,3944,259,441,-236
125,7,3944,260,441,-236
125,7,3947,222,296,402
125,7,3947,305,402,-296
125,7,3948,251,386,-316
125,7,3948,260,224,-447
125,7,3948,285,361,-345
125,7,3950,228,447,0
125,7,3950,256,191,-462
125,7,3951,259,144,-478
125,7,3952,257,167,-470
125,7,3952,258,132,-482
125,7,3952,258,167,-470
125,7,3952,259,121,-484
125,7,3953,222,121,484
125,7,3953,237,438,87
125,7,3953,257,109,-488
125,7,3953,257,121,-484
125,7,3953,258,109,-488
125,7,3953,259,109,-488
125,7,3954,213,447,0
125,7,3954,215,447,0
125,7,3954,222,447,0
125,7,3954,228,447,0
125,7,3954,230,447,0
125,7,3954,233,447,0
125,7,3954,235,447,0
125,7,3954,237,447,0
125,7,3954,244,447,0
125,7,3954,249,144,-478
125,7,3954,249,191,-462
125,7,3954,250,132,-482
125,7,3954,250,179,-466
125,7,3954,251,447,0
125,7,3954,258,85,-492
125,7,3954,262,447,0
125,7,3954,263,447,0
125,7,3954,267,447,0
125,7,3955,229,132,482
125,7,3955,249,109,-488
125,7,3955,250,132,-482
125,7,3956,228,0,500
125,7,3956,244,131,-369
125,7,3956,247,0,-354
125,7,3956,251,0,-500
125,7,3956,253,0,-500
125,7,3956,253,248,-75
125,7,3957,196,403,190
125,7,3957,282,403,-190
125,7,3958,229,421,0
125,7,3958,238,414,72
125,7,3958,238,416,62
125,7,3958,239,416,62
125,7,3958,243,173,-323
125,7,3958,273,414,-72
125,7,3958,274,412,-82
125,7,3958,282,380,-179
125,7,3960,232,157,3
125,7,3961,281,376,-189
125,7,3962,233,183,0
125,7,3962,243,362,-109
125,7,3962,244,104,0
125,7,3962,276,378,-114
125,7,3963,236,104,-2
125,7,3964,238,355,88
125,7,3964,238,366,35
125,7,3964,265,183,0
125,7,3964,297,283,-346
125,7,3965,213,209,0
125,7,3965,225,209,0
125,7,3968,286,158,-136
125,7,3973,244,25,5
125,7,3973,301,178,-378
125,7,3975,238,364,-55
125,7,3975,244,25,5
125,7,3976,235,11,-23
125,7,3976,235,21,-15
125,7,3976,244,9,24
125,7,3976,244,26,-1
125,7,3977,244,22,12
125,7,3977,244,26,0
125,7,3978,296,186,-349
125,7,3979,238,-278,69
125,7,3979,244,9,24
125,7,3980,244,-78,7
125,7,3980,279,197,-76
125,7,3980,292,165,-330
125,7,3982,235,0,0
125,7,3982,243,-75,-23
125,7,3982,243,250,-75
125,7,3983,235,83,-62
125,7,3983,235,128,-90
125,7,3983,235,181,-22
125,7,3983,244,-252,69
125,7,3983,244,-78,165
125,7,3984,244,-162,302
125,7,3984,244,0,0
125,7,3985,242,-176,48
125,7,3985,244,-4,25
125,7,3985,244,56,53
125,7,3986,241,-130,12
125,7,3987,235,101,-30
125,7,3992,276,-26,0
125,7,4075,301,0,-447
125,7,4075,302,-23,-447
125,7,4077,298,-31,-419
125,9,3931,300,340,0
125,9,3937,310,498,-48
125,9,3938,291,500,0
125,9,3939,292,500,0
125,9,3939,313,484,-121
125,9,3939,315,466,-179
125,9,3940,287,500,0
125,9,3940,288,361,345
125,9,3940,288,500,0
125,9,3940,290,500,0
125,9,3940,291,500,0
125,9,3940,292,361,345
125,9,3940,292,500,0
125,9,3940,293,500,0
125,9,3940,295,361,345
125,9,3940,296,361,345
125,9,3940,298,361,345
125,9,3940,316,500,0
125,9,3941,287,500,0
125,9,3941,288,500,0
125,9,3941,289,500,0
125,9,3941,292,361,345
125,9,3941,294,474,156
125,9,3941,294,482,132
125,9,3941,322,371,-335
125,9,3941,354,378,-326
125,9,3942,292,500,0
125,9,3942,311,484,-121
125,9,3942,321,378,-326
125,9,3943,283,326,378
125,9,3943,288,378,326
125,9,3943,323,361,-345
125,9,3944,285,441,236
125,9,3944,285,474,156
125,9,3944,285,482,132
125,9,3944,286,441,236
125,9,3944,286,474,156
125,9,3944,287,441,236
125,9,3944,293,451,212
125,9,3944,319,378,-326
125,9,3944,322,326,-378
125,9,3945,282,287,408
125,9,3945,351,332,-300
125,9,3947,257,326,378
125,9,3947,285,287,408
125,9,3947,292,361,-345
125,9,3948,257,432,192
125,9,3949,288,287,408
125,9,3949,323,224,-447
125,9,3949,324,203,-457
125,9,3950,282,179,466
125,9,3950,283,179,466
125,9,3950,284,447,0
125,9,3950,289,447,0
125,9,3950,322,224,-447
125,9,3951,282,144,478
125,9,3951,285,167,470
125,9,3951,314,418,-21
125,9,3952,286,167,470
125,9,3953,255,496,60
125,9,3953,284,109,488
125,9,3953,285,109,488
125,9,3953,286,85,492
125,9,3953,298,447,-10
125,9,3953,304,445,43
125,9,3953,314,212,-451
125,9,3953,314,224,-447
125,9,3953,321,109,-488
125,9,3954,276,447,0
125,9,3954,277,447,0
125,9,3954,281,447,0
125,9,3954,282,447,0
125,9,3954,286,447,0
125,9,3954,289,447,0
125,9,3954,291,447,0
125,9,3954,292,85,492
125,9,3954,292,447,0
125,9,3954,293,132,482
125,9,3954,293,179,466
125,9,3954,293,191,462
125,9,3954,294,191,462
125,9,3955,332,340,0
125,9,3955,338,412,-82
125,9,3956,290,0,500
125,9,3956,292,0,500
125,9,3956,292,121,484
125,9,3956,296,26,275
125,9,3956,316,248,-75
125,9,3956,340,0,-459
125,9,3957,304,419,41
125,9,3957,316,421,0
125,9,3958,270,414,72
125,9,3958,302,414,72
125,9,3958,357,262,-215
125,9,3959,291,395,0
125,9,3959,327,156,15
125,9,3959,328,395,0
125,9,3961,268,382,95
125,9,3961,289,209,0
125,9,3962,252,319,274
125,9,3962,253,319,274
125,9,3962,308,104,0
125,9,3963,263,180,31
125,9,3964,284,183,0
125,9,3965,308,209,0
125,9,3965,324,209,0
125,9,3967,291,316,0
125,9,3972,308,0,0
125,9,3973,254,378,279
125,9,3973,291,212,0
125,9,3975,233,345,361
125,9,3976,259,328,219
125,9,3976,299,16,-19
125,9,3977,300,-122,46
125,9,3977,308,25,-1
125,9,3978,250,141,368
125,9,3978,299,-104,0
125,9,3979,301,-253,63
125,9,3979,308,9,24
125,9,3980,273,-165,202
125,9,3980,299,-261,0
125,9,3980,299,140,-172
125,9,3981,260,291,226
125,9,3981,299,-1,-26
125,9,3981,308,0,0
125,9,3983,299,0,0
125,9,3983,299,128,-90
125,9,3984,299,-100,-242
125,9,3984,308,-162,302
125,9,3984,308,-43,65
125,9,3984,308,0,0
125,9,3984,308,85,59
125,9,3985,308,-4,25
125,9,3985,308,0,26
125,9,3988,236,0,130
125,9,3988,247,0,395
125,9,3988,253,0,78
125,9,4007,273,340,17
125,9,4011,273,364,26
125,9,4043,362,-21,-421
125,9,4043,363,0,-421
125,9,4043,365,0,-447
125,9,4043,366,-23,-447
125,9,4043,366,0,-447
125,9,4043,373,0,-473
125,9,4044,362,-21,-421
125,9,4045,362,-31,-419
125,9,4048,268,-500,0
125,9,4049,268,-500,0
125,9,4050,386,-132,-482
125,9,4059,378,-277,-416
125,9,4062,382,-267,-421
125,9,4081,362,-92,-411
125,71,3931,2288,496,60
125,71,3939,2298,366,-141
125,71,3939,2301,500,0
125,71,3940,2245,474,156
125,71,3940,2298,457,-203
125,71,3940,2298,466,-179
125,71,3940,2300,361,-345
125,71,3940,2300,402,-296
125,71,3940,2300,451,-212
125,71,3940,2301,492,-85
125,71,3940,2301,500,0
125,71,3941,2243,451,212
125,71,3941,2297,474,-156
125,71,3941,2298,466,-179
125,71,3941,2302,500,0
125,71,3944,2298,441,-236
125,71,3945,2296,470,-167
125,71,3945,2308,287,-408
125,71,3946,2294,484,-121
125,71,3947,2268,500,0
125,71,3951,2306,156,-474
125,71,3951,2306,167,-470
125,71,3954,2298,179,-466
125,71,3956,2277,0,-500
125,71,3956,2298,0,-500
125,71,3956,2301,0,-500
125,71,3956,2302,37,-498
125,71,3960,2279,393,38
125,71,3971,2270,-239,-277
125,71,3978,2277,235,35
125,71,3980,2272,-250,75
125,71,3980,2292,0,0
125,71,3981,2259,-126,198
125,71,3983,2261,-197,-70
125,71,3983,2292,0,0
125,71,3993,2253,-71,-200
125,73,3936,2396,500,0
125,73,3940,2336,500,0
125,73,3940,2340,500,0
125,73,3940,2341,474,156
125,73,3940,2394,466,-179
125,73,3944,2366,478,-144
125,73,3945,2368,423,212
125,73,3945,2394,490,-97
125,73,3947,2367,326,-378
125,73,3948,2397,361,-345
125,73,3949,2365,191,-462
125,73,3949,2365,224,-447
125,73,3951,2362,179,-336
125,73,3953,2368,447,-10
125,73,3954,2347,447,0
125,73,3954,2365,447,0
125,73,3954,2366,276,0
125,73,3954,2366,447,0
125,73,3954,2368,447,0
125,73,3954,2369,447,0
125,73,3954,2370,447,0
125,73,3954,2371,447,0
125,73,3954,2372,447,0
125,73,3954,2373,447,0
125,73,3954,2374,447,0
125,73,3954,2375,447,0
125,73,3954,2376,447,0
125,73,3954,2377,447,0
125,73,3954,2378,447,0
125,73,3954,2379,447,0
125,73,3954,2380,447,0
125,73,3955,2341,132,482
125,73,3955,2363,254,-25
125,73,3956,2341,0,444
125,73,3956,2392,0,-249
125,73,3957,2367,419,-31
125,73,3958,2385,416,-62
125,73,3960,2393,483,47
125,73,3961,2372,382,-96
125,73,3962,2372,395,0
125,73,3962,2379,395,0
125,73,3965,2359,343,85
125,73,3965,2425,101,-405
125,73,3966,2348,-208,111
125,73,3967,2420,114,-456
125,73,3970,2400,26,-181
125,73,3972,2427,0,-500
125,73,3974,2347,235,0
125,73,3974,2359,-210,155
125,73,3977,2347,23,-12
125,73,3981,2347,-1,-26
125,73,3981,2347,162,-24
125,73,3982,2347,-57,-54
125,73,3982,2359,-220,-91
125,73,3983,2374,-208,20
125,73,3984,2357,-221,78
125,73,3984,2359,-211,20
125,73,3984,2365,-182,17
125,73,3985,2358,-103,154
125,73,3986,2374,9,-78
125,73,3987,2365,-130,86
125,73,3987,2373,-74,138
125,73,3992,2382,115,110
125,73,3995,2381,0,0
125,116,3926,3726,498,48
125,116,3936,3717,482,132
125,116,3936,3720,498,48
125,116,3937,3718,488,109
125,116,3938,3736,490,-97
125,116,3939,3720,496,60
125,116,3939,3735,492,-85
125,116,3940,3716,500,0
125,116,3940,3720,496,60
125,116,3940,3737,148,-450
125,116,3940,3738,457,-203
125,116,3940,3738,466,-179
125,116,3940,3740,361,-345
125,116,3940,3741,492,-85
125,116,3940,3741,500,0
125,116,3940,3742,500,0
125,116,3940,3743,500,0
125,116,3940,3744,148,-450
125,116,3940,3768,148,-450
125,116,3941,3718,474,156
125,116,3941,3736,488,-109
125,116,3941,3741,488,-109
125,116,3943,3724,500,0
125,116,3943,3746,335,-371
125,116,3944,3738,441,-236
125,116,3944,3743,441,-236
125,116,3944,3745,441,-236
125,116,3945,3736,470,-167
125,116,3945,3740,473,-11
125,116,3945,3744,473,10
125,116,3946,3734,484,-121
125,116,3946,3745,306,-394
125,116,3946,3746,326,-378
125,116,3946,3749,246,-435
125,116,3947,3707,267,421
125,116,3947,3747,257,-429
125,116,3948,3739,386,-316
125,116,3948,3746,267,-421
125,116,3948,3749,224,-447
125,116,3949,3750,191,-462
125,116,3950,3709,203,457
125,116,3950,3740,447,0
125,116,3950,3741,447,0
125,116,3950,3748,179,-466
125,116,3951,3744,203,-457
125,116,3951,3745,191,-462
125,116,3951,3746,156,-474
125,116,3951,3746,167,-470
125,116,3951,3748,167,-470
125,116,3952,3709,132,482
125,116,3952,3745,144,-478
125,116,3953,3745,109,-488
125,116,3954,3740,80,-464
125,116,3954,3740,447,0
125,116,3954,3741,447,0
125,116,3954,3747,447,0
125,116,3954,3749,447,0
125,116,3954,3750,447,0
125,116,3954,3752,447,0
125,116,3954,3753,447,0
125,116,3954,3754,447,0
125,116,3954,3755,447,0
125,116,3955,3715,85,492
125,116,3956,3714,0,500
125,116,3956,3715,0,444
125,116,3956,3716,0,500
125,116,3956,3717,0,341
125,116,3956,3717,0,444
125,116,3956,3719,0,341
125,116,3956,3722,112,223
125,116,3956,3732,283,-133
125,116,3956,3738,198,-199
125,116,3956,3739,0,-444
125,116,3956,3740,0,-500
125,116,3956,3741,0,-500
125,116,3956,3777,377,-239
125,116,3957,3723,421,0
125,116,3957,3737,419,31
125,116,3957,3752,419,41
125,116,3958,3726,414,72
125,116,3958,3761,416,-62
125,116,3959,3724,274,-319
125,116,3960,3726,393,-29
125,116,3960,3728,390,58
125,116,3962,3729,234,22
125,116,3962,3731,362,-109
125,116,3962,3732,104,0
125,116,3965,3723,209,0
125,116,3965,3802,306,-394
125,116,3968,3802,335,-371
125,116,3970,3779,224,-289
125,116,3971,3727,302,83
125,116,3972,3801,353,-353
125,116,3976,3732,9,24
125,116,3976,3732,21,14
125,116,3980,3723,238,0
125,116,3980,3732,0,0
125,116,3981,3732,0,0
125,116,3982,3728,94,-157
125,116,3984,3732,2,104
125,116,3984,3732,22,46
125,116,3984,3732,83,62
125,116,3984,3732,85,59
125,116,3984,3813,0,-418
125,116,3985,3727,-174,-57
125,116,3986,3726,25,-45
125,116,3988,3771,0,0
125,116,3988,3777,0,-290
125,116,3988,3787,0,-421
125,116,3988,3796,167,-470
125,116,3988,3797,0,-500
125,116,3988,3797,0,-473
125,116,3988,3816,0,-500
125,116,3989,3758,15,158
125,116,3989,3759,-4,185
125,116,3990,3757,65,170
125,116,3990,3763,-14,290
125,116,3995,3764,22,-13
125,116,3995,3776,310,137
125,116,4027,3656,416,277
125,116,4028,3654,378,326
125,116,4029,3652,335,371
125,116,4029,3664,484,121
125,116,4031,3653,326,378
125,116,4033,3668,500,0
125,116,4034,3653,277,416
125,116,4034,3668,500,0
125,116,4035,3656,287,408
125,116,4035,3668,500,0
125,116,4036,3668,500,0
125,116,4037,3668,500,0
125,116,4038,3653,167,470
125,116,4053,3644,-121,484
125,116,4060,3640,0,500
125,118,3939,3780,500,0
125,118,3940,3777,500,0
125,118,3940,3779,500,0
125,118,3940,3780,361,345
125,118,3940,3780,402,296
125,118,3940,3780,435,246
125,118,3940,3780,451,212
125,118,3940,3781,474,156
125,118,3940,3785,500,0
125,118,3940,3800,500,0
125,118,3940,3804,500,0
125,118,3940,3808,500,0
125,118,3940,3829,500,0
125,118,3940,3830,500,0
125,118,3943,3772,326,378
125,118,3944,3776,441,236
125,118,3944,3802,441,-236
125,118,3944,3809,441,-236
125,118,3944,3810,441,-236
125,118,3944,3812,441,-236
125,118,3947,3772,277,416
125,118,3947,3810,287,-408
125,118,3947,3811,277,-416
125,118,3947,3812,277,-416
125,118,3948,3803,386,-316
125,118,3948,3837,361,-345
125,118,3950,3780,447,0
125,118,3951,3773,156,474
125,118,3951,3809,277,-416
125,118,3951,3811,144,-478
125,118,3952,3772,121,484
125,118,3952,3810,132,-482
125,118,3952,3811,121,-484
125,118,3953,3772,109,488
125,118,3953,3809,109,-488
125,118,3953,3810,109,-488
125,118,3954,3764,447,0
125,118,3954,3765,447,0
125,118,3954,3771,447,0
125,118,3954,3773,447,0
125,118,3954,3778,447,0
125,118,3954,3780,447,0
125,118,3954,3781,447,0
125,118,3954,3782,447,0
125,118,3954,3784,447,0
125,118,3954,3787,447,0
125,118,3954,3794,447,0
125,118,3954,3798,447,0
125,118,3954,3801,191,-462
125,118,3954,3802,179,-466
125,118,3954,3805,447,0
125,118,3954,3806,447,0
125,118,3954,3808,447,0
125,118,3954,3812,447,0
125,118,3954,3814,447,0
125,118,3954,3816,447,0
125,118,3954,3819,447,0
125,118,3954,3820,447,0
125,118,3955,3781,132,482
125,118,3955,3795,344,194
125,118,3955,3802,132,-482
125,118,3955,3806,74,-494
125,118,3956,3778,0,500
125,118,3956,3797,267,-421
125,118,3956,3801,0,-444
125,118,3956,3803,0,-500
125,118,3956,3804,0,-500
125,118,3956,3805,0,-500
125,118,3957,3834,403,-190
125,118,3958,3758,414,72
125,118,3958,3790,414,72
125,118,3958,3790,416,62
125,118,3958,3793,416,-62
125,118,3958,3825,414,-72
125,118,3960,3774,421,0
125,118,3960,3791,282,-189
125,118,3960,3833,385,-171
125,118,3960,3835,369,-198
125,118,3961,3833,376,-189
125,118,3962,3795,362,-109
125,118,3962,3796,104,0
125,118,3962,3828,378,-114
125,118,3964,3737,122,259
125,118,3964,3849,283,-346
125,118,3965,3743,312,282
125,118,3965,3760,363,63
125,118,3965,3781,209,0
125,118,3965,3795,209,4
125,118,3965,3867,326,-378
125,118,3968,3793,419,41
125,118,3969,3842,138,-74
125,118,3970,3796,25,-5
125,118,3973,3796,25,-7
125,118,3973,3796,26,0
125,118,3975,3796,26,0
125,118,3976,3796,9,24
125,118,3977,3796,26,0
125,118,3978,3787,0,0
125,118,3979,3796,9,24
125,118,3980,3796,-14,21
125,118,3980,3845,134,-285
125,118,3980,3845,142,-283
125,118,3981,3767,200,60
125,118,3981,3787,-1,-26
125,118,3982,3793,250,-82
125,118,3983,3787,83,-62
125,118,3983,3787,128,-90
125,118,3983,3787,181,-22
125,118,3984,3761,-158,-136
125,118,3984,3796,-162,302
125,118,3984,3796,-27,44
125,118,3984,3796,0,0
125,118,3985,3787,58,-53
125,118,3985,3791,74,-167
125,118,3985,3793,-154,97
125,118,3985,3796,-4,25
125,118,3987,3787,101,-30
125,118,3988,3820,258,51
125,118,3988,3839,0,-52
125,118,3989,3822,15,158
125,118,3990,3763,117,-63
125,118,3991,3821,153,42
125,118,3992,3828,0,0
125,118,4016,3755,25,3
125,118,4075,3733,0,421
125,118,4076,3719,-11,500
125,120,3932,3829,366,0
125,120,3937,3844,474,156
125,120,3937,3854,488,109
125,120,3937,3865,490,-97
125,120,3939,3843,500,0
125,120,3939,3848,500,0
125,120,3939,3867,466,-179
125,120,3940,3811,444,10
125,120,3940,3840,500,0
125,120,3940,3841,500,0
125,120,3940,3842,500,0
125,120,3940,3843,500,0
125,120,3940,3844,361,345
125,120,3940,3844,466,179
125,120,3940,3844,500,0
125,120,3940,3845,500,0
125,120,3940,3870,421,-267
125,120,3941,3840,500,0
125,120,3941,3841,500,0
125,120,3941,3845,466,179
125,120,3941,3846,474,156
125,120,3941,3863,492,-85
125,120,3941,3899,457,-203
125,120,3941,3905,441,-236
125,120,3942,3873,378,-326
125,120,3943,3808,378,326
125,120,3943,3835,326,378
125,120,3943,3841,394,306
125,120,3944,3836,441,236
125,120,3944,3837,441,236
125,120,3944,3838,441,236
125,120,3944,3839,441,236
125,120,3944,3840,441,236
125,120,3944,3845,451,212
125,120,3944,3861,498,37
125,120,3944,3873,441,-236
125,120,3947,3836,277,416
125,120,3949,3837,224,447
125,120,3949,3875,224,-447
125,120,3949,3876,212,-451
125,120,3950,3835,179,466
125,120,3950,3836,447,0
125,120,3950,3841,447,0
125,120,3950,3874,224,-447
125,120,3951,3836,179,466
125,120,3951,3837,167,470
125,120,3951,3838,191,462
125,120,3951,3839,203,457
125,120,3951,3874,167,-470
125,120,3952,3838,144,478
125,120,3952,3838,167,470
125,120,3953,3836,109,488
125,120,3953,3866,212,-451
125,120,3953,3877,121,-484
125,120,3954,3828,447,0
125,120,3954,3829,447,0
125,120,3954,3831,447,0
125,120,3954,3832,447,0
125,120,3954,3833,447,0
125,120,3954,3836,447,0
125,120,3954,3838,447,0
125,120,3954,3839,447,0
125,120,3954,3841,447,0
125,120,3954,3842,447,0
125,120,3954,3843,447,0
125,120,3954,3844,85,492
125,120,3954,3844,121,484
125,120,3954,3845,132,482
125,120,3954,3845,179,466
125,120,3954,3848,447,0
125,120,3954,3851,311,54
125,120,3955,3843,290,0
125,120,3955,3870,74,-494
125,120,3956,3840,417,50
125,120,3956,3842,0,500
125,120,3956,3844,0,500
125,120,3956,3844,121,484
125,120,3956,3844,224,447
125,120,3956,3846,182,149
125,120,3956,3848,26,275
125,120,3956,3866,203,-203
125,120,3956,3868,248,-75
125,120,3956,3892,138,-422
125,120,3956,3895,0,-340
125,120,3957,3832,421,0
125,120,3957,3856,419,41
125,120,3958,3799,361,345
125,120,3958,3822,414,72
125,120,3958,3823,416,62
125,120,3958,3854,414,72
125,120,3958,3858,130,-87
125,120,3958,3858,371,198
125,120,3959,3843,395,0
125,120,3959,3854,217,144
125,120,3960,3853,213,142
125,120,3961,3839,189,78
125,120,3961,3846,8,-183
125,120,3962,3804,319,274
125,120,3962,3819,378,114
125,120,3962,3893,371,-132
125,120,3964,3826,183,8
125,120,3966,3860,52,0
125,120,3968,3817,428,129
125,120,3968,3851,48,19
125,120,3970,3860,26,0
125,120,3972,3776,187,374
125,120,3972,3851,23,12
125,120,3973,3851,25,-4
125,120,3975,3859,-122,-47
125,120,3975,3860,25,5
125,120,3976,3851,24,9
125,120,3977,3852,-98,37
125,120,3979,3851,0,0
125,120,3979,3860,-130,0
125,120,3979,3860,9,24
125,120,3980,3860,-12,23
125,120,3980,3892,0,0
125,120,3981,3851,-84,-132
125,120,3981,3851,-1,-26
125,120,3981,3860,151,215
125,120,3982,3779,335,371
125,120,3982,3859,-75,-23
125,120,3983,3851,21,-15
125,120,3984,3851,-25,6
125,120,3984,3860,-162,302
125,120,3984,3860,0,0
125,120,3985,3851,-129,-129
125,120,3985,3851,-26,0
125,120,3985,3855,-174,-57
125,120,3987,3921,8,-369
125,120,3988,3787,224,447
125,120,3992,3799,-13,182
125,120,3996,3925,0,-473
125,120,4004,3820,494,74
125,120,4007,3825,340,17
125,120,4011,3824,364,35
125,120,4028,3819,0,0
125,120,4043,3917,0,-447
125,120,4075,3764,0,500
125,120,4078,3800,-58,390
