1,61,107,1996,0,78
1,61,107,1997,-7,78
1,61,107,2012,0,0
1,61,109,1983,-146,219
1,61,110,1981,156,-15
1,61,111,1976,-283,-63
1,61,111,1998,-18,102
1,61,116,2001,290,-120
1,61,119,1967,387,58
1,61,120,1970,332,74
1,61,129,1994,-266,-360
1,61,129,1996,-369,-8
1,61,130,1993,-283,-346
1,61,134,1984,-333,-66
1,61,136,1986,-353,-274
1,61,136,1999,-236,-441
1,61,137,1979,-421,21
1,61,137,1980,-421,0
1,61,138,1980,-421,0
1,61,138,1995,-419,-41
1,61,139,1989,-374,-290
1,61,139,1993,-407,111
1,61,139,2004,-466,-179
1,61,139,2004,-361,-345
1,61,139,2006,0,-500
1,61,139,2007,0,-500
1,61,139,2009,0,-500
1,61,139,2011,0,-500
1,61,139,2012,-167,-470
1,61,139,2012,-121,-484
1,61,139,2012,0,-500
1,61,139,2014,0,-500
1,61,140,1992,-359,-309
1,61,140,1993,-359,-309
1,61,141,1978,-447,10
1,61,141,1980,-447,0
1,61,141,1981,-447,0
1,61,142,1980,-447,0
1,61,143,1949,-167,470
1,61,143,1953,-203,457
1,61,143,1995,-378,-326
1,61,144,2009,-378,-326
1,61,145,1980,-473,0
1,61,145,1991,-473,0
1,61,145,1996,-473,0
1,61,145,2009,-394,-306
1,61,145,2009,-361,-345
1,61,147,1998,-386,-316
1,61,147,2009,-394,-306
1,61,148,1999,-378,-326
1,61,148,2012,-386,-316
1,61,148,2013,-371,-335
1,61,149,1982,-473,0
1,61,149,2012,-371,-335
1,61,150,1996,-482,132
1,61,151,2002,-474,-156
1,62,107,2068,-224,-447
1,62,110,2004,26,0
1,62,113,2004,227,128
1,62,115,2004,-137,159
1,62,127,1975,-293,265
1,62,128,1977,-258,332
1,62,129,1968,-98,154
1,62,131,2050,-304,-291
1,62,135,2052,-339,-292
1,62,136,1980,-421,0
1,62,138,1980,-418,0
1,62,138,1998,-415,72
1,62,139,2014,-144,-478
1,62,139,2016,-36,-483
1,62,139,2019,-224,-447
1,62,140,2014,-144,-478
1,62,140,2015,-121,-484
1,62,140,2016,-121,-484
1,62,141,1980,-447,0
1,62,141,1981,-447,0
1,62,141,1997,-441,76
1,62,141,2001,-447,22
1,62,141,2002,-447,10
1,62,141,2003,-447,0
1,62,141,2004,-447,0
1,62,142,1975,-469,-35
1,62,142,1992,-447,22
1,62,142,2004,-447,0
1,62,142,2015,-335,-371
1,62,143,2006,-117,-249
1,62,145,1980,-473,0
1,62,145,1996,-473,0
1,62,145,2020,-473,0
1,62,146,2020,-203,-457
1,62,148,2012,-386,-316
1,62,149,1980,-473,0
1,62,149,1982,-473,0
1,62,149,1988,-394,262
1,62,151,2017,-441,-236
1,62,151,2019,-490,-97
1,62,152,2016,-378,-326
1,62,152,2018,-345,-361
1,62,153,2014,-236,-441
1,62,154,2017,-361,-345
1,62,156,2006,-500,0
1,62,156,2007,-500,0
1,62,167,1981,-500,0
1,65,108,2109,130,86
1,65,108,2112,61,115
1,65,110,2091,0,0
1,65,110,2110,140,155
1,65,112,2033,-35,232
1,65,116,2092,0,0
1,65,118,2092,-26,1
1,65,121,2091,-20,-16
1,65,129,2113,-264,0
1,65,129,2130,-50,-15
1,65,131,2045,-304,291
1,65,131,2092,-314,-7
1,65,137,2094,-185,346
1,65,138,2106,-421,0
1,65,138,2130,-99,-185
1,65,139,2076,0,500
1,65,139,2078,0,500
1,65,139,2080,0,500
1,65,140,2080,-121,484
1,65,140,2080,-109,488
1,65,140,2081,-121,484
1,65,141,2089,-326,378
1,65,142,2079,-277,416
1,65,142,2086,-267,421
1,65,142,2099,-447,0
1,65,142,2111,-447,0
1,65,142,2115,-447,0
1,65,143,2077,-167,470
1,65,145,2072,-144,478
1,65,145,2076,-473,0
1,65,146,2073,-191,462
1,65,147,2084,-386,316
1,65,148,2124,-500,0
1,65,150,2077,-287,408
1,65,150,2079,-441,236
1,65,151,2075,-441,236
1,65,151,2076,-490,97
1,65,151,2078,-441,236
1,65,151,2080,-441,236
1,65,151,2082,-345,361
1,65,153,2115,-345,-361
1,65,153,2139,-447,-224
1,65,154,2139,-457,-203
1,65,155,2080,-500,0
1,65,155,2088,-492,85
1,65,155,2138,-470,-167
1,65,156,2080,-500,0
1,65,156,2083,-500,0
1,65,156,2083,-381,281
1,65,156,2085,-500,0
1,65,156,2087,-490,97
1,65,157,2083,-488,-109
1,65,157,2136,-500,0
2,6,52,294,0,-500
2,6,52,296,0,-500
2,6,52,296,25,-500
2,6,92,296,0,-500
2,6,117,271,0,-340
2,6,137,271,-156,-474
2,6,138,267,15,-208
2,6,139,237,0,78
2,6,139,262,0,-130
2,6,139,276,0,-314
2,6,139,292,0,-483
2,6,139,293,0,-500
2,6,140,232,-97,79
2,6,141,268,-17,-182
2,6,143,203,-128,-90
2,6,143,203,0,0
2,6,144,235,16,76
2,6,144,294,-155,-472
2,6,146,214,242,-100
2,6,153,253,-384,-230
2,6,156,256,-159,-358
2,6,159,228,-266,-326
2,6,161,234,-266,-360
2,6,162,232,-274,-353
2,6,167,223,-394,38
2,6,167,224,-394,38
2,6,168,190,-208,-111
2,6,168,226,-353,-274
2,6,168,239,-236,-441
2,6,169,203,-421,0
2,6,169,206,-198,370
2,6,169,209,-416,-62
2,6,169,209,-415,-72
2,6,169,211,-411,-92
2,6,170,207,-419,-41
2,6,170,224,-419,41
2,6,170,225,-421,21
2,6,171,223,-418,50
2,6,171,224,-418,50
2,6,171,229,-418,-51
2,6,171,229,-374,-290
2,6,171,242,0,-500
2,6,171,244,-361,-345
2,6,171,244,-287,-408
2,6,171,245,-191,-462
2,6,171,245,0,-500
2,6,171,246,0,-500
2,6,171,247,0,-500
2,6,171,247,0,-471
2,6,171,249,0,-500
2,6,171,250,0,-500
2,6,171,251,0,-500
2,6,171,251,0,-444
2,6,171,254,0,-500
2,6,172,232,-359,-309
2,6,173,188,-447,0
2,6,173,189,-447,0
2,6,173,203,-447,0
2,6,173,204,-447,0
2,6,173,205,-447,-10
2,6,173,206,-447,-23
2,6,173,206,-446,-33
2,6,173,207,-447,0
2,6,173,207,-446,-43
2,6,173,208,-446,-43
2,6,173,208,-442,-66
2,6,173,212,-447,0
2,6,173,212,-447,10
2,6,173,214,-447,0
2,6,173,215,-446,33
2,6,173,216,-447,0
2,6,173,217,-447,0
2,6,173,218,-447,0
2,6,173,218,-447,10
2,6,173,219,-447,0
2,6,173,220,-447,0
2,6,173,221,-447,0
2,6,173,222,-446,33
2,6,173,223,-447,0
2,6,173,224,-447,0
2,6,173,225,-447,0
2,6,173,225,-447,10
2,6,173,226,-447,0
2,6,173,227,-447,0
2,6,173,228,-447,0
2,6,173,231,-447,0
2,6,173,232,-447,0
2,6,173,235,-447,0
2,6,173,249,-191,-462
2,6,174,190,-132,482
2,6,174,203,-447,0
2,6,174,204,-447,0
2,6,174,214,-447,22
2,6,174,216,-447,0
2,6,174,217,-447,0
2,6,174,217,-447,22
2,6,174,218,-447,0
2,6,174,219,-447,22
2,6,174,221,-447,0
2,6,174,222,-447,22
2,6,174,223,-447,0
2,6,174,224,-447,0
2,6,174,225,-447,0
2,6,174,225,-447,22
2,6,174,226,-447,0
2,6,174,227,-447,0
2,6,174,232,-447,0
2,6,175,235,-378,-326
2,6,176,178,-287,14
2,6,177,196,-473,0
2,6,177,228,-473,0
2,6,177,232,-473,0
2,6,178,188,-236,441
2,6,179,153,-203,457
2,6,179,188,-224,447
2,6,179,196,-386,316
2,6,179,238,-386,-316
2,6,181,222,-424,-212
2,6,181,223,-424,-212
2,6,182,190,-441,236
2,6,183,188,-490,97
2,6,183,188,-441,236
2,6,183,189,-441,236
2,6,183,190,-441,236
2,6,183,191,-441,236
2,6,183,192,-441,236
2,6,184,191,-402,296
2,6,186,190,-500,0
2,6,186,191,-416,277
2,6,186,199,-482,132
2,6,187,191,-500,0
2,6,187,193,-435,246
2,6,188,193,-500,0
2,6,188,195,-500,0
2,6,188,196,-500,0
2,6,188,197,-500,0
2,6,188,200,-500,0
2,6,188,202,-500,0
2,6,190,234,-496,-60
2,7,51,266,-50,-94
2,7,51,302,22,-447
2,7,52,298,0,-421
2,7,52,301,0,-447
2,7,140,296,-20,-407
2,7,141,219,-26,-263
2,7,144,220,234,22
2,7,148,297,-159,-358
2,7,158,226,-242,343
2,7,159,217,-258,332
2,7,159,217,-250,339
2,7,161,213,-266,360
2,7,162,214,-274,353
2,7,163,280,-309,-323
2,7,164,224,-332,258
2,7,164,225,-339,250
2,7,165,223,-332,258
2,7,165,276,-378,-114
2,7,165,285,-350,-233
2,7,167,223,-394,38
2,7,167,224,-394,38
2,7,168,220,-353,274
2,7,169,227,-421,0
2,7,169,277,-403,-121
2,7,170,224,-419,41
2,7,170,225,-421,21
2,7,170,226,-421,0
2,7,171,203,-500,0
2,7,171,223,-418,50
2,7,171,224,-418,50
2,7,171,238,0,-500
2,7,171,244,0,-471
2,7,171,255,0,-500
2,7,171,256,0,-500
2,7,171,257,0,-500
2,7,171,258,0,-500
2,7,171,259,0,-500
2,7,173,212,-447,0
2,7,173,213,-447,0
2,7,173,214,-447,0
2,7,173,215,-447,0
2,7,173,216,-447,0
2,7,173,217,-447,0
2,7,173,218,-447,0
2,7,173,219,-447,0
2,7,173,219,-447,10
2,7,173,220,-447,0
2,7,173,221,-447,0
2,7,173,222,-447,0
2,7,173,222,-446,33
2,7,173,223,-447,0
2,7,173,224,-447,0
2,7,173,225,-447,0
2,7,173,225,-447,10
2,7,173,225,-447,22
2,7,173,226,-447,0
2,7,173,227,-447,0
2,7,173,227,-447,10
2,7,173,228,-447,0
2,7,173,232,-447,0
2,7,173,241,-447,22
2,7,173,243,-447,0
2,7,173,244,-447,0
2,7,173,247,-447,0
2,7,173,248,-447,0
2,7,173,251,-447,0
2,7,173,252,-447,0
2,7,173,257,-447,0
2,7,173,266,-447,0
2,7,173,267,-447,0
2,7,174,212,-447,0
2,7,174,214,-447,22
2,7,174,216,-447,0
2,7,174,218,-447,22
2,7,174,219,-447,0
2,7,174,220,-447,0
2,7,174,221,-447,0
2,7,174,222,-447,0
2,7,174,222,-447,22
2,7,174,223,-447,0
2,7,174,224,-447,0
2,7,174,225,-447,0
2,7,174,225,-447,22
2,7,174,226,-447,0
2,7,174,227,-447,0
2,7,174,236,-447,0
2,7,174,244,-447,0
2,7,174,248,-447,0
2,7,175,254,-191,-462
2,7,176,244,-500,0
2,7,176,255,-191,-462
2,7,176,261,-156,-474
2,7,177,228,-473,0
2,7,178,201,-488,109
2,7,178,245,-484,-121
2,7,179,260,-224,-447
2,7,181,223,-457,-126
2,7,183,200,-494,74
2,7,183,255,-441,-236
2,7,188,255,-500,0
2,9,68,379,0,-500
2,9,81,356,44,-366
2,9,81,359,39,-405
2,9,81,363,52,-430
2,9,82,358,29,-394
2,9,82,362,41,-419
2,9,83,366,22,-447
2,9,84,362,21,-421
2,9,84,365,0,-447
2,9,84,368,0,-366
2,9,84,372,0,-444
2,9,116,352,-319,-275
2,9,124,363,0,-421
2,9,136,267,23,11
2,9,139,264,-16,19
2,9,139,268,-21,-14
2,9,142,299,0,-26
2,9,142,302,-185,-99
2,9,142,303,-190,285
2,9,143,299,-85,-60
2,9,143,299,-35,-70
2,9,143,299,25,-45
2,9,147,299,0,0
2,9,148,312,315,23
2,9,149,299,0,-26
2,9,149,300,-14,-21
2,9,149,300,0,0
2,9,149,330,-287,-14
2,9,150,299,-25,7
2,9,152,309,259,31
2,9,153,299,-20,-16
2,9,154,252,-210,330
2,9,156,324,0,0
2,9,161,291,-369,0
2,9,161,291,-209,0
2,9,163,315,-342,7
2,9,164,328,-134,163
2,9,165,290,-157,0
2,9,165,295,-157,0
2,9,166,268,-383,95
2,9,166,318,-395,19
2,9,166,325,-208,-20
2,9,166,365,-300,-366
2,9,167,321,-395,0
2,9,169,270,-415,72
2,9,169,302,-198,370
2,9,169,333,-148,-277
2,9,169,336,-198,-371
2,9,169,337,-148,-277
2,9,170,264,-202,165
2,9,170,291,-421,0
2,9,170,314,-421,21
2,9,170,319,-86,-162
2,9,171,287,0,500
2,9,171,297,0,183
2,9,171,299,0,236
2,9,171,299,0,393
2,9,171,340,0,-393
2,9,171,342,0,-380
2,9,171,348,0,-418
2,9,171,351,0,-500
2,9,171,352,0,-500
2,9,171,352,0,-444
2,9,171,352,0,-418
2,9,171,353,0,-500
2,9,171,354,0,-500
2,9,171,355,0,-500
2,9,172,284,-37,498
2,9,172,288,-109,488
2,9,172,289,-121,484
2,9,172,298,-98,325
2,9,172,338,-233,285
2,9,173,276,-447,0
2,9,173,285,-447,0
2,9,173,290,-447,0
2,9,173,290,-421,267
2,9,173,291,-447,0
2,9,173,292,-447,0
2,9,173,329,-392,8
2,9,173,353,-92,-462
2,9,174,264,-425,139
2,9,174,285,-447,0
2,9,174,288,-167,470
2,9,174,297,-447,0
2,9,174,306,-447,0
2,9,174,313,-447,0
2,9,175,285,-167,470
2,9,176,282,-156,474
2,9,176,286,-191,462
2,9,177,282,-179,466
2,9,177,283,-212,451
2,9,177,284,-473,0
2,9,177,286,-212,451
2,9,177,358,-156,-474
2,9,178,259,-438,181
2,9,178,281,-191,462
2,9,178,284,-212,451
2,9,178,291,-447,0
2,9,179,283,-441,236
2,9,179,284,-277,416
2,9,181,328,-473,0
2,9,182,296,-492,85
2,9,183,283,-441,236
2,9,183,286,-441,236
2,9,183,287,-441,236
2,9,184,287,-378,326
2,9,184,353,-371,-335
2,9,185,353,-378,-326
2,9,186,289,-500,0
2,9,186,294,-474,156
2,9,186,296,-492,85
2,9,186,347,-457,-203
2,9,186,352,-394,-306
2,9,187,288,-500,0
2,9,187,290,-361,345
2,9,187,294,-482,132
2,9,187,296,-496,60
2,9,187,297,-496,60
2,9,187,346,-470,-167
2,9,188,288,-306,394
2,9,188,291,-500,0
2,9,188,291,-381,281
2,9,188,293,-500,0
2,9,188,294,-500,0
2,9,188,294,-478,144
2,9,188,295,-490,97
2,9,188,296,-496,60
2,9,188,297,-496,60
2,9,188,352,-500,0
2,9,189,295,-490,97
2,9,189,344,-490,-97
2,9,190,292,-500,0
2,9,190,348,-466,-179
2,9,191,295,-492,85
2,9,191,296,-498,48
2,9,191,296,-494,74
2,9,192,292,-500,0
2,9,195,292,-500,0
2,9,197,292,-500,0
2,9,198,324,-500,0
2,9,200,291,-500,0
2,9,200,326,-500,11
2,34,82,1039,33,338
2,34,86,1044,-262,0
2,34,90,1044,-500,0
2,34,92,1044,-500,0
2,34,92,1044,-466,81
2,34,93,1044,-482,132
2,34,166,1103,-389,67
2,34,169,1102,-415,72
2,34,169,1104,-416,-62
2,34,169,1105,-416,-62
2,34,169,1107,-173,-324
2,34,170,1100,-421,0
2,34,170,1102,-415,72
2,34,171,1087,0,500
2,34,171,1088,0,500
2,34,171,1108,0,-183
2,34,173,1103,-446,-43
2,34,174,1085,-109,488
2,34,174,1107,-447,0
2,34,174,1112,-267,-421
2,34,175,1089,-203,457
2,34,176,1089,-212,451
2,34,177,1100,-473,0
2,34,179,1081,-224,447
2,34,179,1092,-386,316
2,34,179,1115,-386,-316
2,34,180,1082,-224,447
2,34,180,1083,-277,416
2,34,181,1112,-500,0
2,34,182,1119,-441,-236
2,34,183,1086,-441,236
2,34,183,1120,-441,-236
2,34,184,1087,-378,326
2,34,184,1088,-361,345
2,34,187,1110,-500,0
2,34,187,1114,-478,-144
2,34,187,1114,-470,-167
2,34,187,1118,-435,-246
2,34,187,1121,-500,0
2,34,188,1096,-500,0
2,34,188,1109,-500,0
2,34,188,1112,-500,0
2,34,188,1114,-470,-167
2,34,188,1116,-488,-109
2,34,188,1116,-478,-144
2,34,189,1115,-466,-179
2,60,107,1966,-18,18
2,60,107,1969,0,0
2,60,107,1971,-25,6
2,60,107,1972,0,-130
2,60,107,1972,0,-78
2,60,107,1996,0,-183
2,60,112,1982,282,188
2,60,113,1971,-175,-213
2,60,118,1965,179,35
2,60,122,1964,115,61
2,60,125,1968,134,224
2,60,125,1974,-225,355
2,60,125,1984,-319,274
2,60,126,1973,-84,305
2,60,127,1988,-332,300
2,60,129,1976,57,469
2,60,129,1991,-346,283
2,60,130,1965,144,151
2,60,130,1970,31,262
2,60,131,1964,86,130
2,60,131,1967,73,26
2,60,131,1987,-159,445
2,60,132,1964,128,68
2,60,132,1966,-188,132
2,60,133,1965,94,142
2,60,133,1966,161,132
2,60,133,1967,35,207
2,60,133,1969,40,232
2,60,134,1967,33,194
2,60,134,1967,64,82
2,60,134,1969,33,221
2,60,134,1970,40,232
2,60,134,1978,47,389
2,60,135,1965,-61,172
2,60,135,1966,-171,163
2,60,135,1970,20,282
2,60,135,1970,33,280
2,60,135,1972,26,180
2,60,135,1975,23,313
2,60,135,1981,-167,353
2,60,135,1983,-372,-248
2,60,136,1978,313,139
2,60,137,1975,15,314
2,60,138,1966,-202,165
2,60,139,1966,-387,-77
2,60,139,1976,205,115
2,60,139,1997,0,-447
2,60,142,1972,-34,280
2,60,143,1965,200,113
2,60,143,1966,150,174
2,60,147,1895,-235,0
2,60,147,1989,-114,-378
2,60,149,1900,-261,0
2,60,149,1996,-129,-428
2,60,150,2000,-137,-453
2,60,154,1998,-192,-433
2,60,160,1977,-404,-216
2,60,161,1972,-344,-132
2,60,162,1901,-466,81
2,60,163,1994,-498,37
2,60,167,1932,-395,0
2,60,168,1991,-500,25
2,60,169,1981,-339,-25
2,60,171,1911,-421,150
2,60,171,1976,-421,-150
2,60,174,1896,-425,139
2,60,174,1927,-353,353
2,60,174,1977,-442,-170
2,60,176,1981,-500,0
2,60,176,2003,-353,-353
2,60,177,1924,-473,0
2,60,178,1896,-490,97
2,60,178,1985,-471,23
2,60,181,1920,-353,353
2,60,182,1976,-361,-345
2,60,182,1979,-482,-132
2,60,182,1981,-444,22
2,60,183,1993,-372,-123
2,60,183,1996,-405,-242
2,60,184,1986,-492,-85
2,60,184,1990,-422,-139
2,60,184,1993,-412,-170
2,60,185,1963,-359,-344
2,60,185,1964,-359,-344
2,60,185,1966,-359,-344
2,60,185,1968,-351,-351
2,60,185,1969,-359,-344
2,60,185,1974,-359,-344
2,60,185,1975,-359,-344
2,60,185,1979,-359,-344
2,60,185,1980,-440,0
2,60,185,1980,-418,0
2,60,185,1982,-418,0
2,60,185,1986,-494,-74
2,60,185,1990,-419,-149
2,60,185,1993,-407,-180
2,60,186,1968,-351,-351
2,60,186,1980,-418,0
2,60,186,1981,-500,-11
2,60,186,1982,-418,0
2,60,186,1987,-492,-85
2,60,187,1980,-418,0
2,60,187,1990,-428,-129
2,60,188,1980,-500,0
2,60,188,1980,-414,0
2,60,188,1981,-500,0
2,60,188,1985,-472,-46
2,60,188,1991,-400,-121
2,60,189,1980,-500,0
2,60,189,1980,-414,0
2,60,189,1982,-392,0
2,60,189,1987,-492,-85
2,60,190,1987,-494,-74
2,60,192,1928,-500,0
2,60,199,1923,-500,0
2,60,199,1924,-500,0
2,63,107,1971,0,183
2,63,107,1972,0,209
2,63,107,1995,-26,0
2,63,107,1998,0,0
2,63,109,1993,-39,261
2,63,116,1979,-333,-157
2,63,121,1989,-349,-187
2,63,123,1989,-380,-179
2,63,125,1994,16,-316
2,63,132,1990,0,130
2,63,132,1998,-250,-339
2,63,132,1999,-283,-312
2,63,132,2000,-165,-235
2,63,133,1997,-208,-268
2,63,133,1998,-250,-339
2,63,135,1998,-300,-366
2,63,135,2002,121,-99
2,63,136,2000,122,-205
2,63,136,2003,115,-62
2,63,137,1990,180,-256
2,63,137,2002,101,-152
2,63,139,2061,74,138
2,63,139,2063,0,0
2,63,140,1988,259,-122
2,63,140,1998,178,-229
2,63,141,2063,152,101
2,63,142,2067,195,130
2,63,144,2041,-62,-414
2,63,145,2053,-60,-496
2,63,145,2056,-74,-494
2,63,145,2075,-277,-416
2,63,146,2050,-54,-362
2,63,146,2053,-74,-494
2,63,146,2054,-58,-335
2,63,147,2054,-54,-309
2,63,147,2062,165,-202
2,63,147,2063,165,-202
2,63,147,2066,-85,-492
2,63,147,2070,-441,-236
2,63,148,2049,-109,-488
2,63,148,2051,-126,-457
2,63,148,2066,-97,-490
2,63,150,2052,-150,-421
2,63,150,2077,-441,-236
2,63,151,2064,-121,-484
2,63,151,2072,-441,-236
2,63,153,2048,-156,-474
2,63,153,2057,-144,-478
2,63,154,2072,-500,0
2,63,155,2062,-156,-474
2,63,156,2081,-500,0
2,63,157,2080,-500,0
2,63,159,1982,-110,115
2,63,159,2072,-500,0
2,63,160,1988,-84,62
2,63,161,2080,-500,0
2,63,162,2003,-52,1
2,63,166,2081,-500,0
2,63,167,2010,-418,0
2,63,167,2080,-500,0
2,63,168,1995,-404,110
2,63,169,2072,-500,0
2,63,170,2076,-497,0
2,63,170,2083,-500,0
2,63,171,2081,-497,0
2,63,172,2070,-497,0
2,63,173,2032,-495,36
2,63,174,2017,-482,120
2,63,176,2008,-471,0
2,63,176,2020,-471,0
2,63,177,2075,-353,-353
2,63,178,2008,-471,23
2,63,178,2013,-471,23
2,63,178,2025,-471,23
2,63,178,2026,-471,23
2,63,178,2028,-471,23
2,63,178,2029,-471,23
2,63,178,2030,-471,23
2,63,178,2031,-471,23
2,63,178,2033,-471,23
2,63,178,2044,-471,23
2,63,178,2051,-471,23
2,63,178,2057,-471,23
2,63,179,2091,-419,-266
2,63,180,1968,-345,361
2,63,180,1981,-500,0
2,63,180,1982,-500,-11
2,63,180,2019,-345,361
2,63,180,2020,-444,0
2,63,181,2079,-361,-345
2,63,184,2011,-429,117
2,63,184,2015,-345,361
2,63,187,2003,-417,30
2,63,187,2004,-417,30
2,63,187,2005,-417,30
2,63,187,2006,-417,30
2,63,187,2007,-417,30
2,63,187,2008,-417,30
2,63,187,2009,-417,30
2,63,187,2010,-417,30
2,63,187,2011,-417,30
2,63,187,2011,-345,361
2,63,187,2012,-417,30
2,63,187,2013,-417,30
2,63,187,2014,-417,30
2,63,187,2015,-417,30
2,63,187,2016,-417,30
2,63,187,2016,-415,50
2,63,187,2017,-417,30
2,63,187,2018,-417,30
2,63,187,2019,-417,30
2,63,187,2020,-417,30
2,63,187,2021,-417,30
2,63,187,2022,-417,30
2,63,187,2023,-417,30
2,63,187,2024,-417,30
2,63,187,2025,-417,30
2,63,187,2026,-417,30
2,63,187,2027,-417,30
2,63,187,2028,-417,30
2,63,187,2029,-417,30
2,63,187,2030,-417,30
2,63,187,2031,-417,30
2,63,187,2033,-417,30
2,63,187,2034,-417,30
2,63,187,2035,-417,30
2,63,187,2037,-417,30
2,63,187,2040,-417,30
2,63,187,2041,-417,30
2,63,187,2043,-417,30
2,63,187,2051,-417,30
2,63,187,2052,-417,30
2,63,187,2053,-417,30
2,63,187,2055,-417,30
2,63,187,2057,-417,30
2,63,188,2013,-410,81
2,63,188,2013,-408,91
2,63,189,2019,-392,0
2,63,190,2020,-392,0
2,63,191,2006,-392,19
2,63,193,1997,-340,0
2,63,193,2019,-366,0
2,63,194,2020,-366,0
2,63,195,2000,-366,0
2,63,195,2001,-366,0
2,63,195,2001,-366,18
2,63,195,2002,-366,18
2,63,195,2003,-366,18
2,63,195,2004,-366,18
2,63,195,2005,-366,18
2,63,195,2006,-366,18
2,63,195,2007,-366,18
2,63,195,2008,-366,18
2,63,195,2009,-366,18
2,63,195,2010,-366,18
2,63,195,2011,-366,18
2,63,195,2012,-366,18
2,63,195,2013,-366,18
2,63,195,2014,-366,18
2,63,195,2014,-362,54
2,63,195,2015,-366,18
2,63,195,2015,-365,35
2,63,195,2016,-366,18
2,63,195,2017,-366,18
2,63,195,2017,-365,26
2,63,195,2018,-366,8
2,63,195,2018,-366,18
2,63,195,2019,-366,18
2,63,195,2020,-366,18
2,63,195,2021,-366,18
2,63,195,2022,-366,18
2,63,195,2023,-366,18
2,63,195,2024,-366,18
2,63,195,2025,-366,18
2,63,195,2026,-366,18
2,63,195,2027,-366,18
2,63,195,2028,-366,18
2,63,195,2029,-366,18
2,63,195,2030,-366,18
2,63,195,2032,-366,0
2,63,195,2032,-366,18
2,63,195,2033,-366,18
2,63,195,2034,-366,18
2,63,195,2036,-366,18
2,63,195,2037,-366,18
2,63,195,2039,-366,18
2,63,195,2040,-366,18
2,63,195,2041,-366,18
2,63,195,2042,-366,18
2,63,195,2043,-366,18
2,63,195,2044,-366,18
2,63,195,2045,-366,18
2,63,195,2047,-366,18
2,63,195,2050,-366,18
2,63,195,2051,-366,18
2,63,195,2052,-366,18
2,63,195,2053,-366,18
2,63,195,2054,-366,18
2,63,195,2055,-366,18
2,63,195,2056,-366,18
2,63,196,2003,-340,0
2,63,196,2007,-350,105
2,63,196,2007,-348,114
2,63,196,2011,-358,80
2,63,196,2012,-358,80
2,63,196,2020,-340,0
2,63,197,2003,-500,0
2,63,197,2003,-340,0
2,63,197,2007,-340,0
2,63,197,2008,-340,0
2,63,197,2010,-340,0
2,63,197,2011,-340,0
2,63,197,2020,-340,0
2,63,197,2022,-340,0
2,63,197,2025,-340,0
2,63,197,2032,-340,0
2,63,198,1999,-369,0
2,63,198,2000,-367,27
2,63,200,1998,-444,53
2,64,107,2092,-65,-35
2,64,126,1994,273,201
2,64,137,2092,-121,99
2,64,137,2093,-70,169
2,64,137,2094,-70,169
2,64,137,2102,23,312
2,64,139,1976,0,500
2,64,139,2023,-24,9
2,64,139,2024,-24,9
2,64,139,2027,-21,-14
2,64,139,2029,-43,-29
2,64,139,2029,0,0
2,64,139,2032,0,0
2,64,139,2033,-130,-242
2,64,139,2034,-43,-29
2,64,139,2035,-12,-23
2,64,139,2092,0,52
2,64,139,2094,0,235
2,64,140,2094,-5,212
2,64,142,2093,66,-81
2,64,142,2102,-31,206
2,64,143,2045,282,188
2,64,146,2050,-92,464
2,64,147,1992,-85,492
2,64,147,2029,-85,492
2,64,148,2053,-130,397
2,64,151,2009,-121,484
2,64,151,2033,-441,236
2,64,151,2039,-170,382
2,64,151,2055,-123,344
2,64,153,1999,-156,474
2,64,153,2007,-75,250
2,64,153,2038,-156,474
2,64,153,2072,-159,0
2,64,154,2027,-179,466
2,64,155,1995,-361,345
2,64,156,2072,-212,0
2,64,158,2024,-156,474
2,64,158,2033,-500,0
2,64,158,2081,-157,0
2,64,159,1990,-335,371
2,64,160,2020,-500,0
2,64,160,2072,-290,0
2,64,163,2020,-498,48
2,64,164,2019,-490,97
2,64,165,2020,-500,0
2,64,165,2081,-392,0
2,64,166,2084,-404,-111
2,64,167,2065,-323,-309
2,64,167,2080,-418,0
2,64,169,2081,-418,0
2,64,170,2080,-182,-17
2,64,173,2035,-495,36
2,64,173,2048,-495,36
2,64,176,2076,-471,0
2,64,176,2080,-471,0
2,64,176,2081,-471,0
2,64,178,2038,-471,23
2,64,178,2040,-471,23
2,64,178,2041,-471,23
2,64,178,2042,-471,23
2,64,178,2043,-471,23
2,64,178,2050,-471,23
2,64,178,2052,-471,23
2,64,178,2053,-471,23
2,64,178,2060,-471,23
2,64,178,2062,-471,23
2,64,178,2064,-471,23
2,64,178,2066,-471,23
2,64,178,2069,-471,23
2,64,178,2070,-471,23
2,64,178,2074,-471,23
2,64,178,2080,-471,23
2,64,179,2076,-444,0
2,64,180,2019,-345,361
2,64,180,2068,-365,26
2,64,181,2083,-500,0
2,64,182,2083,-498,-37
2,64,182,2084,-498,-37
2,64,183,2035,-444,22
2,64,183,2035,-335,371
2,64,184,2015,-345,361
2,64,185,2013,-359,343
2,64,185,2013,-351,351
2,64,185,2031,-335,371
2,64,185,2084,-500,-25
2,64,186,2031,-344,358
2,64,186,2031,-334,368
2,64,186,2107,-371,-335
2,64,187,2011,-345,361
2,64,187,2036,-417,30
2,64,187,2037,-417,30
2,64,187,2038,-417,30
2,64,187,2039,-417,30
2,64,187,2040,-417,30
2,64,187,2041,-417,30
2,64,187,2042,-417,30
2,64,187,2043,-417,30
2,64,187,2044,-417,30
2,64,187,2046,-417,30
2,64,187,2048,-417,30
2,64,187,2050,-417,30
2,64,187,2053,-417,30
2,64,187,2054,-417,30
2,64,187,2055,-417,30
2,64,187,2056,-417,30
2,64,187,2058,-417,30
2,64,187,2059,-417,30
2,64,187,2060,-417,30
2,64,187,2061,-417,30
2,64,187,2062,-417,30
2,64,187,2063,-417,30
2,64,187,2064,-417,30
2,64,187,2065,-417,30
2,64,187,2066,-417,30
2,64,187,2067,-417,30
2,64,187,2068,-417,30
2,64,187,2069,-417,30
2,64,187,2070,-417,30
2,64,187,2071,-417,30
2,64,187,2072,-417,30
2,64,187,2073,-417,30
2,64,187,2074,-417,30
2,64,187,2075,-417,30
2,64,187,2076,-417,30
2,64,187,2078,-418,-21
2,64,187,2078,-417,30
2,64,187,2079,-417,30
2,64,187,2080,-417,30
2,64,187,2081,-418,21
2,64,187,2081,-417,30
2,64,190,2080,-392,0
2,64,190,2081,-392,8
2,64,190,2083,-471,0
2,64,191,2050,-392,19
2,64,191,2071,-392,0
2,64,191,2079,-391,-29
2,64,191,2081,-392,8
2,64,191,2081,-392,19
2,64,191,2083,-471,0
2,64,192,2075,-490,97
2,64,192,2077,-500,0
2,64,193,2083,-500,0
2,64,194,2073,-366,0
2,64,194,2074,-366,0
2,64,194,2079,-366,-18
2,64,194,2080,-366,0
2,64,194,2081,-366,8
2,64,194,2081,-366,18
2,64,194,2082,-366,0
2,64,195,2033,-366,18
2,64,195,2034,-366,18
2,64,195,2035,-366,18
2,64,195,2036,-366,18
2,64,195,2037,-366,18
2,64,195,2038,-366,18
2,64,195,2039,-366,18
2,64,195,2040,-366,18
2,64,195,2041,-366,18
2,64,195,2042,-366,18
2,64,195,2043,-366,18
2,64,195,2045,-366,18
2,64,195,2046,-366,0
2,64,195,2047,-366,18
2,64,195,2049,-366,18
2,64,195,2050,-366,18
2,64,195,2051,-366,18
2,64,195,2052,-366,0
2,64,195,2052,-366,18
2,64,195,2053,-366,18
2,64,195,2054,-366,18
2,64,195,2055,-366,18
2,64,195,2056,-366,18
2,64,195,2057,-366,18
2,64,195,2058,-366,18
2,64,195,2059,-366,18
2,64,195,2060,-366,18
2,64,195,2061,-366,18
2,64,195,2062,-366,18
2,64,195,2063,-366,18
2,64,195,2064,-366,18
2,64,195,2065,-366,18
2,64,195,2066,-366,18
2,64,195,2067,-366,18
2,64,195,2068,-366,18
2,64,195,2069,-366,18
2,64,195,2070,-366,18
2,64,195,2071,-366,0
2,64,195,2071,-366,18
2,64,195,2072,-366,18
2,64,195,2073,-366,18
2,64,195,2074,-366,18
2,64,195,2075,-366,18
2,64,195,2076,-366,18
2,64,195,2077,-366,18
2,64,195,2078,-366,-8
2,64,195,2078,-366,18
2,64,195,2079,-366,18
2,64,195,2080,-366,18
2,64,195,2081,-366,8
2,64,195,2089,-444,-54
2,64,196,2076,-340,0
2,64,196,2077,-340,0
2,64,196,2082,-340,0
2,64,196,2086,-366,0
2,64,196,2087,-366,0
2,64,197,2044,-340,0
2,64,197,2060,-340,0
2,64,197,2069,-340,0
2,64,197,2070,-340,0
2,64,197,2074,-490,97
2,64,197,2076,-340,0
2,64,197,2077,-500,0
2,64,197,2077,-340,0
2,64,197,2079,-340,0
2,64,197,2080,-340,0
2,64,197,2081,-495,-48
2,64,197,2081,-340,0
2,64,197,2082,-340,0
2,64,197,2083,-500,0
2,64,197,2084,-500,0
2,64,198,2074,-490,97
2,64,198,2078,-366,-8
2,64,198,2083,-500,0
2,67,104,2131,176,-48
2,67,105,2124,0,184
2,67,107,2106,0,380
2,67,107,2126,-40,-179
2,67,109,2130,73,-111
2,67,114,2131,154,26
2,67,116,2130,168,-124
2,67,119,2110,-261,260
2,67,119,2128,-256,63
2,67,124,2102,-439,87
2,67,126,2109,-407,-112
2,67,129,2104,-339,-292
2,67,129,2111,-305,-250
2,67,129,2129,-126,-170
2,67,130,2109,-394,-38
2,67,130,2110,-305,-250
2,67,131,2104,-353,-274
2,67,131,2105,-360,-266
2,67,131,2106,-279,-279
2,67,132,2126,-131,-317
2,67,133,2118,58,-391
2,67,133,2118,95,-383
2,67,134,2118,76,-387
2,67,135,2115,219,-297
2,67,135,2118,175,-263
2,67,137,2115,204,-307
2,67,137,2131,-23,-12
2,67,138,2116,161,-269
2,67,138,2129,2,-104
2,67,138,2130,-1,-78
2,67,138,2131,-22,-14
2,67,138,2131,0,-52
2,67,139,2091,-167,470
2,67,139,2091,0,459
2,67,139,2091,0,500
2,67,139,2098,0,447
2,67,139,2107,0,369
2,67,139,2116,0,-473
2,67,139,2124,22,-447
2,67,139,2131,25,-5
2,67,140,2116,-174,-261
2,67,140,2127,-10,-209
2,67,140,2132,126,34
2,67,141,2114,273,-154
2,67,141,2118,224,183
2,67,145,2082,-121,484
2,67,147,2078,-132,482
2,67,147,2078,-121,484
2,67,147,2100,-102,408
2,67,147,2116,294,176
2,67,148,2099,-119,431
2,67,150,2106,-180,31
2,67,151,2117,8,-369
2,67,153,2111,-75,106
2,67,155,2111,-62,83
2,67,156,2109,-115,110
2,67,157,2141,-116,141
2,67,158,2125,-172,200
2,67,160,2123,-195,215
2,67,162,2100,-498,37
2,67,162,2121,-212,234
2,67,167,2144,-326,378
2,67,167,2153,-395,-9
2,67,169,2164,-421,0
2,67,170,2136,-345,361
2,67,170,2153,-421,0
2,67,173,2164,-447,0
2,67,175,2123,-345,361
2,67,176,2152,-148,449
2,67,178,2114,-371,335
2,67,178,2139,-345,361
2,67,179,2090,-335,371
2,67,179,2118,-335,371
2,67,180,2147,-335,371
2,67,180,2155,-361,345
2,67,181,2114,-353,353
2,67,181,2133,-345,361
2,67,181,2147,-361,345
2,67,184,2111,-351,351
2,67,184,2115,-335,371
2,67,184,2125,-402,296
2,67,185,2102,-359,343
2,67,185,2103,-359,343
2,67,185,2103,-351,351
2,67,185,2104,-359,343
2,67,185,2104,-351,351
2,67,185,2105,-351,351
2,67,185,2106,-359,343
2,67,185,2106,-351,351
2,67,185,2108,-359,343
2,67,185,2108,-351,351
2,67,185,2109,-359,343
2,67,185,2109,-351,351
2,67,185,2110,-359,343
2,67,185,2110,-351,351
2,67,185,2111,-351,351
2,67,185,2112,-359,343
2,67,185,2112,-351,351
2,67,185,2112,-344,358
2,67,185,2113,-359,343
2,67,185,2113,-351,351
2,67,185,2114,-334,368
2,67,185,2115,-351,351
2,67,185,2117,-359,343
2,67,185,2117,-351,351
2,67,185,2122,-361,345
2,67,185,2122,-345,361
2,67,186,2098,-344,358
2,67,186,2102,-344,358
2,67,186,2107,-344,358
2,67,186,2110,-359,343
2,67,186,2111,-361,345
2,67,186,2112,-334,368
2,67,186,2115,-351,351
2,67,186,2117,-359,343
2,67,186,2118,-369,333
2,67,186,2118,-359,343
2,67,187,2117,-359,343
2,67,188,2107,-340,325
2,67,188,2107,-333,332
2,67,188,2108,-340,325
2,67,188,2109,-340,325
2,67,188,2110,-340,325
2,67,188,2112,-340,325
2,67,188,2114,-340,325
2,67,188,2119,-386,316
2,67,188,2123,-408,287
2,67,188,2123,-402,296
2,67,188,2124,-408,287
2,67,189,2120,-394,306
2,67,189,2121,-402,296
2,67,189,2122,-402,296
2,67,189,2144,-498,-37
2,67,190,2103,-371,335
2,67,190,2104,-371,335
2,67,190,2117,-378,326
2,67,191,2118,-378,326
2,67,191,2120,-402,296
2,67,192,2120,-402,296
2,67,192,2121,-408,287
2,67,195,2129,-392,-9
2,67,198,2144,-500,0
2,94,139,3059,0,0
2,94,140,3044,99,121
2,94,141,3037,130,86
2,94,141,3042,132,161
2,94,142,3043,170,-66
2,94,143,3019,0,0
2,94,144,3037,221,78
2,94,144,3047,209,-5
2,94,144,3047,212,100
2,94,145,3037,40,205
2,94,145,3049,-74,-494
2,94,146,3078,-114,-378
2,94,147,3035,221,221
2,94,147,3075,-85,-492
2,94,147,3080,-85,-492
2,94,148,3063,-109,-488
2,94,148,3065,-89,-355
2,94,149,3040,264,-253
2,94,149,3065,-89,-355
2,94,150,3051,353,-107
2,94,151,3077,-132,-482
2,94,151,3077,-121,-484
2,94,152,3019,-261,0
2,94,153,3057,-189,-377
2,94,153,3087,-296,-402
2,94,155,3020,-23,12
2,94,156,3092,-451,-212
2,94,156,3092,-381,-281
2,94,156,3092,-361,-345
2,94,157,3093,-494,-74
2,94,158,3020,-77,13
2,94,158,3020,-49,17
2,94,159,3044,-266,-326
2,94,160,3046,-257,-365
2,94,160,3049,-257,-365
2,94,160,3094,-462,-191
2,94,162,3074,-224,-447
2,94,163,3093,-494,-74
2,94,164,3054,-281,-381
2,94,164,3058,-292,-339
2,94,164,3078,-224,-447
2,94,165,3062,-149,-419
2,94,166,3045,-323,-309
2,94,166,3046,-323,-309
2,94,167,3039,-394,38
2,94,168,3043,-353,-274
2,94,169,3025,-416,-62
2,94,169,3071,-179,-466
2,94,170,3004,-421,0
2,94,170,3041,-421,21
2,94,171,3013,-257,-51
2,94,171,3039,-418,50
2,94,173,3004,-447,0
2,94,173,3005,-447,0
2,94,173,3019,-447,0
2,94,173,3022,-447,-23
2,94,173,3023,-446,-43
2,94,173,3024,-446,-43
2,94,173,3024,-442,-66
2,94,173,3034,-447,0
2,94,173,3036,-447,0
2,94,173,3037,-447,0
2,94,173,3038,-447,0
2,94,173,3039,-447,0
2,94,173,3040,-447,0
2,94,173,3041,-447,0
2,94,173,3041,-447,10
2,94,173,3042,-447,0
2,94,173,3043,-447,0
2,94,173,3044,-447,0
2,94,173,3045,-447,0
2,94,173,3046,-447,0
2,94,173,3049,-447,0
2,94,173,3050,-447,0
2,94,173,3051,-447,0
2,94,174,3019,-447,0
2,94,174,3038,-447,0
2,94,174,3040,-447,0
2,94,174,3041,-447,0
2,94,174,3041,-447,22
2,94,174,3042,-447,0
2,94,174,3044,-447,0
2,94,174,3046,-447,0
2,94,174,3049,-447,0
2,94,174,3064,-306,-394
2,94,177,3044,-473,0
2,94,177,3068,-306,-394
2,94,177,3069,-306,-394
2,94,180,3073,-306,-394
2,94,182,3006,-441,236
2,94,183,3004,-490,97
2,94,183,3007,-441,236
2,94,184,3006,-474,156
2,94,188,3018,-500,0
2,95,107,3020,0,-133
2,95,129,3084,-130,0
2,95,129,3088,-96,123
2,95,138,3085,0,157
2,95,140,3037,-28,-289
2,95,141,3037,130,86
2,95,141,3073,130,86
2,95,143,3041,-196,-81
2,95,143,3070,-210,112
2,95,147,3092,-35,-39
2,95,149,3092,-26,0
2,95,151,3077,-129,-257
2,95,155,3055,94,-90
2,95,156,3097,0,-104
2,95,156,3098,-239,-205
2,95,156,3098,0,-104
2,95,156,3098,0,-78
2,95,157,3039,-191,462
2,95,157,3119,0,-276
2,95,158,3042,-250,339
2,95,158,3125,-109,-488
2,95,159,3079,-104,-2
2,95,161,3077,-369,0
2,95,161,3083,-369,0
2,95,165,3067,-395,0
2,95,165,3088,-389,-67
2,95,166,3073,-336,-50
2,95,166,3088,-389,-67
2,95,167,3076,-311,-78
2,95,167,3091,-126,-32
2,95,167,3093,-130,-9
2,95,169,3082,-421,0
2,95,169,3083,-421,0
2,95,169,3089,-416,-62
2,95,170,3041,-421,21
2,95,170,3065,-444,-54
2,95,170,3073,-444,-54
2,95,170,3075,-360,-71
2,95,170,3083,-421,0
2,95,171,3072,-419,-41
2,95,171,3101,-267,-421
2,95,172,3075,-291,-44
2,95,173,3028,-447,0
2,95,173,3035,-447,0
2,95,173,3036,-447,0
2,95,173,3037,-447,0
2,95,173,3038,-447,0
2,95,173,3039,-447,0
2,95,173,3040,-447,0
2,95,173,3043,-447,0
2,95,173,3044,-447,0
2,95,173,3046,-447,0
2,95,173,3048,-447,0
2,95,173,3049,-447,0
2,95,173,3050,-447,0
2,95,173,3051,-447,0
2,95,173,3052,-447,0
2,95,173,3053,-447,0
2,95,173,3054,-447,0
2,95,173,3055,-447,0
2,95,173,3059,-447,0
2,95,173,3062,-447,0
2,95,173,3062,-372,-248
2,95,173,3063,-447,0
2,95,173,3064,-447,0
2,95,173,3065,-447,0
2,95,173,3066,-447,0
2,95,173,3067,-447,0
2,95,173,3068,-447,0
2,95,173,3069,-447,0
2,95,173,3070,-447,0
2,95,173,3070,-360,-240
2,95,173,3071,-447,0
2,95,173,3072,-447,0
2,95,173,3073,-447,0
2,95,173,3074,-447,0
2,95,173,3075,-447,0
2,95,173,3076,-447,0
2,95,173,3077,-447,0
2,95,173,3078,-447,0
2,95,173,3079,-447,0
2,95,173,3079,-342,-94
2,95,173,3080,-447,0
2,95,173,3081,-447,0
2,95,173,3082,-447,0
2,95,173,3083,-447,0
2,95,173,3084,-372,-248
2,95,173,3085,-447,-10
2,95,173,3086,-447,-23
2,95,174,3037,-447,0
2,95,174,3038,-447,0
2,95,174,3040,-447,0
2,95,174,3052,-447,0
2,95,174,3067,-447,0
2,95,174,3069,-447,0
2,95,174,3074,-447,0
2,95,174,3078,-447,0
2,95,174,3079,-447,0
2,95,174,3081,-447,0
2,95,174,3082,-447,0
2,95,174,3083,-447,0
2,95,174,3101,-457,-203
2,95,174,3104,-416,-277
2,95,175,3065,-318,-351
2,95,175,3068,-234,-23
2,95,175,3069,-234,-23
2,95,176,3066,-309,-359
2,95,176,3069,-267,-178
2,95,176,3076,-335,-335
2,95,176,3080,-317,-87
2,95,177,3044,-473,0
2,95,178,3073,-127,-237
2,95,179,3069,-224,-447
2,95,179,3069,-121,-484
2,95,182,3098,-490,-97
2,95,183,3071,-473,0
2,95,183,3104,-457,-203
2,95,183,3104,-441,-236
2,95,185,3106,-345,-361
2,95,186,3112,-416,-277
2,95,187,3099,-490,-97
2,95,188,3107,-500,0
2,95,189,3107,-500,0
2,95,189,3107,-494,74
2,95,189,3107,-402,-296
2,95,190,3080,-500,0
2,95,191,3107,-500,0
2,95,192,3100,-500,0
2,95,192,3100,-492,-85
2,95,192,3100,-488,-109
2,95,192,3100,-478,-144
2,95,192,3107,-500,0
2,95,193,3107,-500,0
2,116,45,3802,85,-492
2,116,68,3685,0,159
2,116,75,3641,0,500
2,116,82,3675,27,367
2,116,83,3669,21,421
2,116,139,3694,-63,-254
2,116,139,3771,0,-26
2,116,139,3777,0,-290
2,116,139,3788,0,-183
2,116,140,3755,-208,41
2,116,144,3720,262,-123
2,116,146,3773,289,28
2,116,147,3709,-256,137
2,116,150,3790,-205,-307
2,116,165,3736,-157,0
2,116,165,3755,-157,0
2,116,165,3805,-316,-386
2,116,165,3806,-306,-394
2,116,167,3691,-151,49
2,116,169,3761,-416,-62
2,116,170,3740,-421,0
2,116,170,3761,-415,-72
2,116,171,3688,0,261
2,116,171,3691,0,393
2,116,171,3746,0,-500
2,116,172,3744,-60,-496
2,116,173,3708,-447,0
2,116,173,3738,-447,10
2,116,173,3740,-447,0
2,116,173,3741,-447,0
2,116,173,3750,-447,0
2,116,173,3755,-447,0
2,116,174,3706,-447,22
2,116,174,3717,-447,22
2,116,174,3718,-447,22
2,116,174,3739,-447,22
2,116,174,3743,-167,-470
2,116,174,3743,-156,-474
2,116,175,3742,-167,-470
2,116,175,3743,-191,-462
2,116,175,3745,-167,-470
2,116,175,3746,-167,-470
2,116,175,3747,-121,-484
2,116,176,3745,-191,-462
2,116,176,3746,-179,-466
2,116,176,3749,-132,-482
2,116,177,3740,-473,0
2,116,177,3748,-212,-451
2,116,178,3748,-179,-466
2,116,178,3751,-167,-470
2,116,179,3749,-224,-447
2,116,180,3749,-246,-435
2,116,181,3716,-473,0
2,116,183,3677,-441,236
2,116,183,3747,-441,-236
2,116,184,3680,-394,306
2,116,184,3745,-361,-345
2,116,185,3683,-447,224
2,116,187,3683,-457,203
2,116,187,3685,-478,144
2,116,187,3686,-478,144
2,116,187,3738,-470,-167
2,116,187,3740,-500,0
2,116,187,3742,-287,-408
2,116,187,3743,-500,0
2,116,188,3687,-490,97
2,116,188,3735,-492,-85
2,116,188,3738,-500,0
2,116,188,3740,-500,0
2,116,188,3740,-361,-345
2,116,188,3741,-500,0
2,116,188,3742,-500,0
2,116,188,3742,-287,-408
2,116,188,3743,-500,0
2,116,191,3725,-498,-37
2,118,52,3733,0,421
2,118,137,3820,-74,110
2,118,137,3822,-15,158
2,118,142,3787,0,0
2,118,142,3790,80,66
2,118,142,3796,-88,132
2,118,145,3826,-328,-99
2,118,151,3787,-10,-24
2,118,154,3834,-248,-237
2,118,160,3833,-446,-159
2,118,161,3849,-274,-353
2,118,165,3787,-104,0
2,118,165,3828,-378,-114
2,118,166,3756,-383,95
2,118,167,3826,-128,-28
2,118,169,3748,-400,200
2,118,169,3792,-416,-62
2,118,169,3793,-416,-62
2,118,169,3825,-416,-62
2,118,169,3829,-403,-121
2,118,170,3748,-404,190
2,118,170,3788,-149,278
2,118,170,3793,-415,-72
2,118,171,3773,0,500
2,118,171,3783,-208,-111
2,118,171,3806,-37,-498
2,118,172,3786,-231,230
2,118,172,3834,-414,-171
2,118,173,3764,-447,0
2,118,173,3768,-447,0
2,118,173,3772,-447,0
2,118,173,3776,-447,0
2,118,173,3778,-447,0
2,118,173,3780,-447,0
2,118,173,3787,-447,0
2,118,173,3790,-447,0
2,118,173,3791,-446,-43
2,118,173,3792,-446,-43
2,118,173,3793,-442,-66
2,118,173,3795,-447,0
2,118,173,3807,-121,-484
2,118,173,3807,-97,-490
2,118,173,3808,-97,-490
2,118,173,3816,-447,0
2,118,173,3819,-447,0
2,118,173,3823,-446,-43
2,118,174,3770,-121,484
2,118,174,3773,-109,488
2,118,174,3776,-97,490
2,118,174,3807,-121,-484
2,118,174,3807,-97,-490
2,118,174,3809,-85,-492
2,118,174,3813,-121,-484
2,118,174,3814,-97,-490
2,118,174,3819,-447,0
2,118,175,3769,-121,484
2,118,175,3806,-203,-457
2,118,175,3806,-191,-462
2,118,175,3810,-167,-470
2,118,175,3812,-121,-484
2,118,175,3813,-121,-484
2,118,177,3780,-473,0
2,118,177,3810,-203,-457
2,118,177,3837,-433,-192
2,118,178,3769,-191,462
2,118,179,3812,-246,-435
2,118,179,3812,-224,-447
2,118,179,3814,-203,-457
2,118,180,3771,-277,416
2,118,182,3775,-347,-124
2,118,187,3781,-478,144
2,118,187,3804,-500,0
2,118,187,3807,-500,0
2,118,187,3834,-470,-167
2,118,188,3780,-500,0
2,118,188,3780,-402,296
2,118,188,3782,-500,0
2,118,188,3782,-478,144
2,118,188,3784,-500,0
2,118,188,3786,-500,0
2,120,52,3797,0,421
2,120,135,3819,0,0
2,120,135,3826,-114,-146
2,120,136,3826,-88,-133
2,120,138,3827,-94,-50
2,120,138,3917,29,-394
2,120,139,3815,0,26
2,120,140,3826,145,-65
2,120,143,3835,-31,-315
2,120,149,3851,-342,0
2,120,150,3827,-261,39
2,120,153,3777,-189,401
2,120,159,3801,-258,332
2,120,159,3843,-212,0
2,120,160,3801,-258,332
2,120,161,3843,-369,0
2,120,163,3805,-304,291
2,120,164,3853,-363,44
2,120,165,3849,-157,0
2,120,165,3869,-157,0
2,120,168,3891,-101,-25
2,120,169,3822,-415,72
2,120,169,3857,-148,-277
2,120,171,3837,0,500
2,120,171,3839,0,500
2,120,171,3869,-267,-421
2,120,171,3871,0,-500
2,120,171,3872,0,-500
2,120,172,3840,-109,488
2,120,172,3841,-121,484
2,120,173,3828,-447,0
2,120,173,3836,-447,0
2,120,173,3838,-447,0
2,120,173,3842,-447,0
2,120,173,3843,-447,0
2,120,174,3816,-425,139
2,120,174,3828,-447,0
2,120,174,3842,-447,0
2,120,174,3843,-447,0
2,120,174,3849,-441,236
2,120,174,3859,-447,0
2,120,174,3860,-208,-112
2,120,175,3837,-167,470
2,120,175,3840,-191,462
2,120,176,3833,-132,482
2,120,176,3835,-167,470
2,120,176,3838,-191,462
2,120,177,3832,-167,470
2,120,177,3835,-212,451
2,120,177,3835,-179,466
2,120,177,3836,-473,0
2,120,178,3835,-224,447
2,120,178,3843,-447,0
2,120,178,3849,-488,109
2,120,180,3792,-335,371
2,120,180,3835,-277,416
2,120,180,3837,-287,408
2,120,180,3849,-490,97
2,120,180,3863,-474,-156
2,120,181,3836,-490,97
2,120,182,3837,-441,236
2,120,182,3838,-441,236
2,120,182,3849,-492,85
2,120,183,3804,-441,236
2,120,183,3837,-482,132
2,120,183,3838,-441,236
2,120,183,3839,-441,236
2,120,183,3873,-441,-236
2,120,184,3871,-378,-326
2,120,185,3841,-482,-132
2,120,185,3868,-447,-224
2,120,186,3841,-500,0
2,120,186,3842,-500,0
2,120,186,3842,-488,109
2,120,186,3846,-474,156
2,120,186,3865,-474,-156
2,120,186,3872,-394,-306
2,120,187,3840,-500,0
2,120,187,3848,-492,85
2,120,187,3849,-496,60
2,120,188,3840,-500,0
2,120,188,3843,-500,0
2,120,188,3843,-381,281
2,120,188,3844,-488,109
2,120,188,3845,-500,0
2,120,188,3846,-484,121
2,120,188,3847,-490,97
2,120,188,3848,-496,60
2,120,188,3864,-490,-97
2,120,189,3843,-500,0
2,120,189,3846,-484,121
2,120,189,3847,-490,97
2,120,190,3847,-490,97
2,120,190,3866,-482,-132
2,120,191,3846,-492,85
2,120,191,3847,-492,85
2,120,191,3848,-498,48
3,3,82,161,74,138
3,3,153,195,306,-394
3,3,154,192,316,-386
3,3,164,200,121,-484
3,3,171,140,-146,218
3,3,171,140,-16,222
3,3,171,140,-5,223
3,3,171,141,-2,104
3,3,171,141,0,130
3,3,171,142,0,104
3,3,171,142,0,250
3,3,171,143,-5,223
3,3,171,143,0,130
3,3,171,149,0,-52
3,3,171,161,0,-26
3,3,171,163,0,-26
3,3,171,170,0,-52
3,3,171,171,0,-500
3,3,171,173,0,-447
3,3,171,195,0,-473
3,3,171,196,0,-500
3,3,171,199,0,-500
3,3,171,200,0,-500
3,3,171,202,0,-500
3,3,172,148,130,243
3,3,173,170,-31,-419
3,3,174,143,152,101
3,3,175,142,208,20
3,3,175,167,-48,-498
3,3,176,173,-121,-484
3,3,176,183,-121,-484
3,3,177,143,217,-90
3,3,177,169,-48,-498
3,3,177,185,-121,-484
3,3,177,188,-132,-482
3,3,177,189,-132,-482
3,3,178,129,-54,-362
3,3,178,153,-92,-411
3,3,178,186,-132,-482
3,3,178,188,-132,-482
3,3,178,193,-132,-482
3,3,178,194,-132,-482
3,3,179,142,165,-202
3,3,179,151,-85,-492
3,3,180,107,256,-137
3,3,180,155,-108,-433
3,3,180,191,-132,-482
3,3,180,197,-132,-482
3,3,180,198,-132,-482
3,3,180,198,-121,-484
3,3,180,199,-121,-484
3,3,180,203,-85,-492
3,3,181,145,328,-135
3,3,181,146,-126,-457
3,3,181,146,340,-141
3,3,181,195,-121,-484
3,3,182,107,-10,-24
3,3,182,147,-126,-457
3,3,182,148,-132,-482
3,3,182,171,-121,-484
3,3,182,172,-121,-484
3,3,182,195,-132,-482
3,3,182,195,-121,-484
3,3,182,197,-121,-484
3,3,182,200,-132,-482
3,3,183,173,-159,-446
3,3,183,176,-121,-484
3,3,184,141,-160,-417
3,3,184,169,-144,-478
3,3,184,181,-277,-416
3,3,184,198,-132,-482
3,3,185,107,-20,-16
3,3,185,125,-167,-470
3,3,185,169,-144,-478
3,3,185,174,-144,-478
3,3,186,115,-201,-400
3,3,186,138,-201,-400
3,3,186,147,89,-450
3,3,186,163,-78,-9
3,3,186,176,-179,-466
3,3,187,107,-26,0
3,3,188,128,-113,-108
3,3,188,140,-156,-474
3,3,188,157,-287,-408
3,3,188,159,-287,-408
3,3,189,107,-25,-5
3,3,189,133,-242,-344
3,3,190,139,-244,-407
3,3,190,141,-183,-191
3,3,191,135,-258,-332
3,3,191,150,97,-490
3,3,192,124,-185,17
3,3,192,188,-500,0
3,3,193,107,-290,0
3,3,193,132,-25,-8
3,3,193,136,-279,-279
3,3,194,148,-335,-371
3,3,194,183,-335,-371
3,3,196,107,-261,0
3,3,196,135,-25,-8
3,3,196,136,-309,-359
3,3,196,140,-345,-361
3,3,196,144,-345,-361
3,3,197,168,-345,-361
3,3,199,149,-361,-345
3,3,200,149,-345,-361
3,3,200,158,-345,-361
3,3,200,161,-345,-361
3,3,200,164,-500,0
3,3,202,107,-173,324
3,3,202,122,-419,41
3,3,202,153,-345,-361
3,3,203,107,0,236
3,3,203,151,-361,-345
3,3,203,153,-361,-345
3,3,203,154,-361,-345
3,3,203,154,-345,-361
3,3,206,146,-361,-345
3,3,206,151,-361,-345
3,3,206,152,-361,-345
3,3,206,153,-353,-353
3,3,206,154,-361,-345
3,3,206,157,-361,-345
3,3,206,158,-361,-345
3,3,208,121,-446,43
3,3,208,156,-353,-353
3,3,209,156,-287,-408
3,3,209,160,-353,-353
3,3,210,151,-361,-345
3,3,210,152,-361,-345
3,3,210,153,-361,-345
3,3,210,154,-361,-345
3,3,210,155,-361,-345
3,3,210,157,-361,-345
3,3,210,158,-361,-345
3,3,210,159,-361,-345
3,3,210,160,-361,-345
3,3,210,161,-361,-345
3,3,211,164,-361,-345
3,3,212,160,-287,-408
3,3,213,134,-353,-353
3,3,213,152,-345,-361
3,3,213,157,-361,-345
3,3,213,165,-361,-345
3,3,214,154,-361,-345
3,3,214,155,-361,-345
3,3,214,156,-361,-345
3,3,214,157,-361,-345
3,3,214,158,-361,-345
3,3,214,161,-361,-345
3,3,214,162,-361,-345
3,3,214,164,-361,-345
3,3,215,151,-361,-345
3,3,215,158,-353,-353
3,3,215,164,-287,-408
3,3,216,149,-353,-353
3,3,217,147,-345,-361
3,3,217,150,-353,-353
3,3,217,154,-359,-344
3,3,217,155,-359,-344
3,3,217,156,-500,0
3,3,217,156,-359,-344
3,3,217,156,-344,-359
3,3,217,157,-359,-344
3,3,217,157,-344,-359
3,3,217,157,-334,-369
3,3,217,158,-359,-344
3,3,217,159,-359,-344
3,3,217,159,-351,-351
3,3,217,160,-359,-344
3,3,217,161,-359,-344
3,3,217,161,-351,-351
3,3,217,162,-359,-344
3,3,217,163,-359,-344
3,3,217,163,-351,-351
3,3,217,164,-359,-344
3,3,217,164,-351,-351
3,3,217,165,-359,-344
3,3,217,165,-351,-351
3,3,217,166,-359,-344
3,3,217,166,-351,-351
3,3,217,167,-359,-344
3,3,217,167,-351,-351
3,3,217,168,-359,-344
3,3,218,147,-416,-277
3,3,218,153,-351,-351
3,3,218,154,-369,-334
3,3,218,154,-359,-344
3,3,218,154,-351,-351
3,3,218,156,-351,-351
3,3,218,160,-334,-369
3,3,218,163,-351,-351
3,3,218,164,-351,-351
3,3,218,167,-351,-351
3,3,218,170,-359,-344
3,3,219,148,-408,-287
3,3,219,154,-369,-334
3,3,219,155,-369,-334
3,3,219,157,-345,-361
3,3,220,104,-496,60
3,3,221,122,-498,37
3,3,221,124,-500,0
3,3,221,148,-416,-277
3,3,221,149,-416,-277
3,3,221,156,-402,-296
3,3,221,157,-340,-325
3,3,221,161,-340,-325
3,3,221,162,-340,-325
3,3,221,163,-340,-325
3,3,221,164,-340,-325
3,3,221,165,-340,-325
3,3,221,169,-340,-325
3,3,222,107,-500,0
3,3,222,123,-500,25
3,3,222,125,-500,0
3,3,222,149,-416,-277
3,3,223,149,-416,-277
3,3,223,152,-408,-287
3,3,223,153,-408,-287
3,3,223,154,-408,-287
3,3,224,151,-408,-287
3,3,230,125,-500,0
3,3,231,121,-500,25
3,3,231,123,-500,11
3,3,231,124,-500,0
3,3,231,131,-500,0
3,3,232,120,-498,48
3,3,232,122,-500,11
3,3,232,125,-500,0
3,4,74,148,-369,0
3,4,81,180,366,44
3,4,84,173,152,101
3,4,104,61,-345,361
3,4,139,205,0,-261
3,4,152,178,-260,45
3,4,156,173,101,153
3,4,160,205,0,-447
3,4,160,209,0,-473
3,4,161,183,-151,365
3,4,164,176,-162,302
3,4,166,189,-152,-101
3,4,171,107,-24,-10
3,4,171,107,-23,-11
3,4,171,107,-21,-14
3,4,171,107,0,0
3,4,171,107,23,-12
3,4,171,172,0,104
3,4,171,172,0,235
3,4,171,174,-5,223
3,4,171,175,-16,222
3,4,171,225,0,-500
3,4,172,107,16,19
3,4,172,107,17,-19
3,4,172,107,20,15
3,4,172,107,24,-8
3,4,172,107,25,-2
3,4,172,223,-144,-478
3,4,172,224,-121,-484
3,4,173,107,16,19
3,4,173,107,20,15
3,4,173,107,24,9
3,4,173,107,25,-2
3,4,173,107,470,-167
3,4,173,110,-7,130
3,4,173,128,-74,-494
3,4,173,155,-33,-446
3,4,173,158,-35,-472
3,4,173,168,-41,-419
3,4,173,174,152,101
3,4,173,198,296,-402
3,4,174,107,10,23
3,4,174,107,25,3
3,4,174,107,470,-167
3,4,174,134,-74,-494
3,4,174,144,-60,-496
3,4,174,148,-60,-496
3,4,174,156,-67,-389
3,4,175,107,-3,51
3,4,175,142,-74,-494
3,4,175,176,208,20
3,4,175,177,-25,-341
3,4,175,180,-76,-307
3,4,176,107,0,0
3,4,176,133,-121,-484
3,4,176,134,-109,-488
3,4,176,168,-60,-496
3,4,176,169,-81,-466
3,4,176,180,-83,-332
3,4,176,180,-36,-367
3,4,177,107,138,74
3,4,177,160,-74,-494
3,4,177,165,-74,-494
3,4,177,173,217,-90
3,4,177,176,-60,-496
3,4,177,182,-277,-416
3,4,178,176,-74,-494
3,4,178,177,326,32
3,4,178,178,326,32
3,4,178,181,-74,-494
3,4,179,149,-109,-488
3,4,179,157,-103,-462
3,4,179,166,-97,-490
3,4,179,172,165,-202
3,4,179,174,165,-202
3,4,179,175,165,-202
3,4,179,179,-85,-492
3,4,179,182,-85,-492
3,4,179,191,-85,-492
3,4,179,195,-108,-433
3,4,180,148,-132,-482
3,4,180,157,-108,-433
3,4,180,159,-103,-462
3,4,180,164,-103,-462
3,4,180,169,-109,-488
3,4,180,183,-277,-416
3,4,180,183,-108,-433
3,4,180,191,-108,-433
3,4,180,192,-108,-433
3,4,180,195,-108,-433
3,4,180,198,-108,-433
3,4,180,201,-108,-433
3,4,181,163,-137,-453
3,4,181,166,-121,-484
3,4,181,169,-121,-484
3,4,181,190,-114,-459
3,4,181,203,-126,-457
3,4,183,163,-132,-482
3,4,183,167,-132,-482
3,4,183,174,-109,-488
3,4,183,177,240,-294
3,4,183,183,-441,-236
3,4,183,186,-441,-236
3,4,183,197,-441,-236
3,4,183,199,-441,-236
3,4,183,200,-441,-236
3,4,183,208,-132,-482
3,4,184,173,-121,-484
3,4,184,177,-121,-484
3,4,185,148,-190,-404
3,4,185,173,-132,-482
3,4,185,187,-466,-179
3,4,185,205,-181,-438
3,4,186,162,-203,-276
3,4,188,132,-192,432
3,4,188,188,-500,0
3,4,188,194,-500,0
3,4,188,195,-500,0
3,4,188,196,-500,0
3,4,188,199,-500,0
3,4,188,200,-500,0
3,4,188,201,-500,0
3,4,188,202,-500,0
3,4,188,204,-500,0
3,4,188,205,-500,0
3,4,188,228,-267,-421
3,4,189,189,-500,0
3,4,189,190,-494,-74
3,4,190,189,-496,-60
3,4,190,194,-496,60
3,4,190,195,-496,60
3,4,190,198,-496,60
3,4,190,200,-500,0
3,4,190,201,-496,60
3,4,190,202,-496,60
3,4,190,204,-496,60
3,4,192,156,-261,-261
3,4,192,191,-441,-236
3,4,192,199,-500,0
3,4,193,165,-212,-451
3,4,194,187,-470,167
3,4,194,188,-498,37
3,4,195,153,-300,-332
3,4,195,162,-203,-457
3,4,195,163,-203,-457
3,4,195,164,-203,-457
3,4,195,167,-203,-457
3,4,195,168,-203,-457
3,4,195,188,-498,37
3,4,195,189,-498,37
3,4,195,190,-498,-37
3,4,195,191,-498,37
3,4,195,191,-494,-74
3,4,195,193,-498,37
3,4,195,194,-498,37
3,4,195,195,-498,37
3,4,195,197,-498,37
3,4,195,198,-500,0
3,4,195,200,-500,0
3,4,195,200,-498,37
3,4,195,201,-498,37
3,4,197,171,-203,-457
3,4,197,176,-203,-457
3,4,197,177,-203,-457
3,4,197,178,-203,-457
3,4,198,188,-360,-216
3,4,199,172,-361,-345
3,4,199,188,-478,144
3,4,200,185,-500,25
3,4,200,187,-500,25
3,4,200,188,-500,25
3,4,200,189,-500,25
3,4,200,191,-500,25
3,4,200,192,-500,25
3,4,200,193,-500,25
3,4,200,194,-500,25
3,4,200,196,-500,25
3,4,200,198,-500,25
3,4,200,200,-500,25
3,4,200,201,-500,25
3,4,200,202,-500,25
3,4,200,204,-500,25
3,4,201,188,-500,0
3,4,201,197,-429,-257
3,4,202,163,-345,-361
3,4,202,188,-500,0
3,4,203,107,-109,488
3,4,203,178,-361,-345
3,4,203,179,-361,-345
3,4,203,188,-500,0
3,4,203,190,-497,0
3,4,204,164,-326,-378
3,4,204,188,-497,0
3,4,204,190,-497,-11
3,4,205,93,-85,492
3,4,205,190,-497,-11
3,4,206,187,-361,-345
3,4,206,188,-492,0
3,4,206,188,-361,-345
3,4,206,189,-361,-345
3,4,206,200,-416,-277
3,4,207,189,-500,0
3,4,207,189,-471,0
3,4,208,165,-353,-353
3,4,208,171,-316,-386
3,4,208,188,-500,0
3,4,208,188,-492,0
3,4,208,190,-471,0
3,4,209,188,-471,0
3,4,209,190,-471,-11
3,4,210,189,-500,0
3,4,210,189,-497,0
3,4,210,190,-471,-24
3,4,211,188,-500,0
3,4,211,189,-471,0
3,4,211,208,-386,-316
3,4,212,188,-466,0
3,4,212,189,-500,0
3,4,213,125,-470,57
3,4,213,183,-361,-345
3,4,213,184,-361,-345
3,4,213,187,-444,22
3,4,213,190,-444,-10
3,4,214,187,-444,22
3,4,214,189,-500,0
3,4,214,191,-444,-22
3,4,214,191,-444,22
3,4,215,172,-353,-353
3,4,215,177,-353,-353
3,4,215,179,-326,-378
3,4,215,187,-444,22
3,4,215,188,-444,10
3,4,215,189,-471,0
3,4,215,191,-444,10
3,4,216,147,-353,-353
3,4,216,188,-440,0
3,4,217,154,-351,-351
3,4,217,163,-351,-351
3,4,217,164,-351,-351
3,4,217,170,-351,-351
3,4,217,171,-359,-344
3,4,217,172,-359,-344
3,4,217,173,-359,-344
3,4,217,174,-359,-344
3,4,217,175,-359,-344
3,4,217,176,-359,-344
3,4,217,177,-359,-344
3,4,217,177,-351,-351
3,4,217,178,-359,-344
3,4,217,178,-351,-351
3,4,217,179,-359,-344
3,4,217,180,-359,-344
3,4,217,181,-359,-344
3,4,217,182,-359,-344
3,4,217,182,-351,-351
3,4,217,183,-359,-344
3,4,217,183,-351,-351
3,4,217,184,-359,-344
3,4,217,185,-359,-344
3,4,217,186,-359,-344
3,4,217,187,-359,-344
3,4,217,187,-351,-351
3,4,217,188,-359,-344
3,4,217,189,-359,-344
3,4,217,189,-351,-351
3,4,217,190,-418,0
3,4,217,190,-359,-344
3,4,217,190,-351,-351
3,4,217,191,-359,-344
3,4,217,192,-359,-344
3,4,217,193,-359,-344
3,4,217,193,-351,-351
3,4,217,194,-359,-344
3,4,217,194,-351,-351
3,4,217,195,-359,-344
3,4,217,195,-351,-351
3,4,217,196,-359,-344
3,4,217,197,-359,-344
3,4,217,197,-351,-351
3,4,217,198,-359,-344
3,4,217,198,-351,-351
3,4,217,199,-359,-344
3,4,217,199,-351,-351
3,4,217,200,-359,-344
3,4,217,205,-382,-229
3,4,218,176,-351,-351
3,4,218,177,-351,-351
3,4,218,181,-351,-351
3,4,218,182,-351,-351
3,4,218,187,-351,-351
3,4,218,188,-418,0
3,4,218,188,-351,-351
3,4,218,189,-351,-351
3,4,218,190,-418,0
3,4,218,190,-351,-351
3,4,218,191,-351,-351
3,4,218,199,-351,-351
3,4,218,200,-351,-351
3,4,219,188,-418,0
3,4,219,191,-418,-21
3,4,220,151,-353,-353
3,4,220,189,-500,0
3,4,220,190,-361,-345
3,4,221,188,-500,0
3,4,221,200,-340,-325
3,4,221,203,-340,-325
3,4,223,195,-494,-74
3,4,227,128,-498,37
3,4,228,118,-470,167
3,4,232,130,-500,11
3,5,155,223,-233,-285
3,5,163,214,58,390
3,5,165,205,86,130
3,5,166,204,-108,113
3,5,167,208,-144,185
3,5,167,210,-222,257
3,5,168,209,22,299
3,5,168,209,29,299
3,5,168,221,-204,380
3,5,169,204,-121,99
3,5,169,214,28,391
3,5,169,215,-150,-279
3,5,169,218,-187,-349
3,5,171,235,0,-421
3,5,171,240,0,-447
3,5,171,241,0,-473
3,5,171,244,0,-500
3,5,171,245,0,-473
3,5,174,205,66,-81
3,5,175,232,-361,-345
3,5,177,249,-109,-488
3,5,187,189,-130,0
3,5,188,180,-250,305
3,5,189,190,-157,0
3,5,190,181,-203,-276
3,5,195,234,-498,37
3,5,196,199,-290,0
3,5,196,203,-353,-224
3,5,197,186,-447,0
3,5,199,189,-418,-10
3,5,199,189,-418,0
3,5,199,199,-418,0
3,5,199,200,-418,0
3,5,199,238,-345,-361
3,5,199,239,-345,-361
3,5,199,242,-335,-371
3,5,200,232,-500,25
3,5,200,233,-500,25
3,5,202,242,-345,-361
3,5,203,205,-392,-20
3,5,203,242,-345,-361
3,5,203,243,-353,-353
3,5,203,243,-345,-361
3,5,203,243,-335,-371
3,5,204,244,-353,-353
3,5,205,188,-495,36
3,5,205,230,-495,36
3,5,205,245,-353,-353
3,5,206,188,-500,11
3,5,207,245,-353,-353
3,5,208,195,-471,0
3,5,208,196,-471,0
3,5,208,197,-353,-353
3,5,208,199,-471,0
3,5,208,200,-471,0
3,5,208,201,-471,0
3,5,208,202,-471,0
3,5,210,187,-471,23
3,5,210,189,-471,-24
3,5,210,189,-471,-11
3,5,210,190,-471,23
3,5,210,197,-471,10
3,5,210,198,-471,23
3,5,210,226,-471,10
3,5,211,202,-433,-244
3,5,212,189,-444,-10
3,5,212,189,-444,0
3,5,212,196,-444,0
3,5,212,198,-444,0
3,5,213,245,-345,-361
3,5,214,223,-444,10
3,5,215,221,-444,10
3,5,215,222,-444,10
3,5,217,188,-440,0
3,5,217,221,-447,0
3,5,218,206,-382,-229
3,5,218,207,-382,-229
3,5,218,208,-351,-351
3,5,218,216,-351,-351
3,5,219,185,-418,0
3,5,219,187,-418,0
3,5,219,187,-417,30
3,5,219,188,-417,30
3,5,219,189,-418,0
3,5,219,190,-418,-21
3,5,219,190,-417,-31
3,5,219,190,-417,30
3,5,219,191,-418,-21
3,5,219,191,-417,30
3,5,219,192,-417,-41
3,5,219,192,-417,30
3,5,219,193,-417,30
3,5,219,194,-417,30
3,5,219,194,-412,-72
3,5,219,195,-417,30
3,5,219,196,-417,30
3,5,219,197,-417,30
3,5,219,198,-417,30
3,5,219,199,-418,0
3,5,219,199,-417,30
3,5,219,200,-417,30
3,5,219,201,-417,30
3,5,219,207,-387,-219
3,5,219,208,-418,0
3,5,219,214,-418,0
3,5,219,215,-418,0
3,5,219,217,-418,0
3,5,219,218,-418,0
3,5,219,219,-418,0
3,5,219,220,-418,0
3,5,219,221,-418,0
3,5,219,222,-418,0
3,5,220,185,-418,0
3,5,220,189,-444,0
3,5,222,188,-392,0
3,5,222,189,-500,0
3,5,222,189,-471,0
3,5,222,190,-392,-9
3,5,222,190,-392,0
3,5,222,191,-392,-9
3,5,222,214,-392,0
3,5,223,177,-478,144
3,5,223,178,-478,144
3,5,223,188,-392,0
3,5,223,190,-392,19
3,5,223,191,-392,-9
3,5,223,192,-391,-29
3,5,223,209,-364,-206
3,5,223,211,-353,-224
3,5,223,214,-392,0
3,5,223,215,-392,0
3,5,224,188,-387,0
3,5,224,214,-500,0
3,5,225,189,-500,0
3,5,225,195,-362,-54
3,5,225,197,-359,-71
3,5,225,211,-337,-202
3,5,226,188,-366,0
3,5,226,190,-366,0
3,5,226,191,-366,-8
3,5,226,191,-366,0
3,5,227,185,-366,0
3,5,227,186,-366,18
3,5,227,187,-366,0
3,5,227,187,-366,18
3,5,227,188,-366,0
3,5,227,188,-366,18
3,5,227,189,-366,0
3,5,227,189,-366,18
3,5,227,190,-366,-8
3,5,227,190,-366,18
3,5,227,191,-366,-18
3,5,227,191,-366,-8
3,5,227,191,-366,0
3,5,227,191,-366,18
3,5,227,192,-366,18
3,5,227,192,-365,-35
3,5,227,193,-366,0
3,5,227,193,-366,18
3,5,227,193,-365,-35
3,5,227,193,-363,-44
3,5,227,194,-366,0
3,5,227,194,-366,18
3,5,227,194,-362,-54
3,5,227,195,-366,18
3,5,227,195,-362,-54
3,5,227,195,-360,-63
3,5,227,196,-366,18
3,5,227,197,-366,0
3,5,227,197,-366,18
3,5,227,198,-366,18
3,5,227,199,-366,0
3,5,227,199,-366,18
3,5,227,200,-366,18
3,5,227,202,-366,0
3,5,227,207,-366,0
3,5,227,208,-366,0
3,5,228,176,-478,144
3,5,228,177,-478,144
3,5,228,178,-478,144
3,5,228,185,-366,0
3,5,228,189,-392,0
3,5,229,188,-500,0
3,5,229,188,-361,0
3,5,229,189,-340,0
3,5,229,190,-340,0
3,5,229,193,-340,0
3,5,229,194,-340,0
3,5,229,195,-340,0
3,5,229,196,-340,0
3,5,229,198,-340,0
3,5,229,199,-340,0
3,5,229,200,-340,0
3,5,229,201,-340,0
3,5,229,202,-340,0
3,5,229,205,-500,0
3,5,230,179,-478,144
3,5,230,189,-500,0
3,5,230,206,-369,0
3,5,231,189,-418,0
3,5,231,193,-462,91
3,5,231,197,-492,-85
3,5,232,189,-500,0
3,5,232,197,-492,-85
3,8,139,211,0,183
3,8,139,212,0,209
3,8,139,221,0,302
3,8,139,233,-24,9
3,8,139,235,-26,0
3,8,142,234,-114,295
3,8,143,320,285,190
3,8,146,227,-361,160
3,8,148,242,-101,-152
3,8,150,215,-304,291
3,8,150,242,-101,-152
3,8,154,238,136,-227
3,8,155,228,-310,-46
3,8,155,236,-100,-242
3,8,156,231,-107,-325
3,8,156,239,215,-195
3,8,157,221,-410,-82
3,8,158,232,-219,-329
3,8,158,241,-171,-120
3,8,159,218,-332,-300
3,8,159,240,-116,-205
3,8,160,237,-211,-333
3,8,161,241,-266,-255
3,8,161,306,-315,130
3,8,162,232,82,-413
3,8,163,230,242,-312
3,8,163,232,-106,-323
3,8,164,220,-170,-442
3,8,164,220,-159,-446
3,8,164,239,-283,-312
3,8,164,318,-340,17
3,8,165,238,-250,-339
3,8,165,310,-329,-219
3,8,166,242,133,-164
3,8,168,238,19,-260
3,8,169,242,-132,-162
3,8,169,243,138,-74
3,8,169,300,-121,99
3,8,169,300,-115,61
3,8,169,301,-70,169
3,8,169,302,-70,169
3,8,169,306,21,286
3,8,170,227,195,-309
3,8,170,241,16,-169
3,8,170,243,-29,-43
3,8,170,303,7,157
3,8,171,239,0,-209
3,8,171,300,0,52
3,8,171,303,0,157
3,8,171,304,0,209
3,8,171,326,0,-421
3,8,171,335,0,-473
3,8,171,340,0,-500
3,8,172,246,85,59
3,8,173,231,-16,-314
3,8,173,239,-118,265
3,8,173,242,141,-116
3,8,174,343,-408,-287
3,8,175,292,-183,0
3,8,177,213,-92,411
3,8,178,240,157,-94
3,8,179,212,-121,403
3,8,182,328,-161,-390
3,8,188,266,-151,144
3,8,191,269,-211,-21
3,8,191,281,-211,20
3,8,193,296,-238,0
3,8,194,284,-366,0
3,8,195,288,-363,-63
3,8,197,284,-395,0
3,8,198,286,-342,0
3,8,198,292,-392,0
3,8,199,287,-418,0
3,8,199,290,-418,0
3,8,199,328,-316,-316
3,8,200,215,-500,25
3,8,200,216,-500,25
3,8,200,311,-494,-74
3,8,201,290,-418,21
3,8,202,284,-444,0
3,8,202,284,-418,0
3,8,202,289,-418,-51
3,8,202,291,-421,0
3,8,202,292,-418,0
3,8,203,283,-444,0
3,8,203,291,-473,0
3,8,203,292,-418,0
3,8,204,221,-500,11
3,8,205,216,-497,11
3,8,205,276,-495,36
3,8,205,292,-447,0
3,8,206,256,-287,0
3,8,206,292,-444,0
3,8,207,310,-498,-37
3,8,208,248,-471,0
3,8,208,249,-471,0
3,8,208,266,-471,0
3,8,208,283,-471,0
3,8,208,284,-471,0
3,8,208,287,-471,0
3,8,209,296,-472,-35
3,8,210,219,-471,10
3,8,210,220,-471,10
3,8,210,221,-471,10
3,8,210,246,-471,23
3,8,210,247,-471,23
3,8,210,250,-471,23
3,8,210,252,-471,23
3,8,210,258,-471,23
3,8,210,259,-471,23
3,8,210,260,-471,23
3,8,210,261,-471,23
3,8,210,262,-471,23
3,8,210,263,-471,23
3,8,210,267,-471,23
3,8,210,269,-459,0
3,8,210,271,-471,23
3,8,210,272,-471,23
3,8,210,275,-471,23
3,8,210,276,-471,23
3,8,210,283,-471,23
3,8,210,284,-471,23
3,8,210,289,-471,10
3,8,211,284,-444,0
3,8,211,295,-471,-11
3,8,212,289,-444,0
3,8,212,291,-478,-144
3,8,212,292,-444,0
3,8,213,292,-473,0
3,8,214,291,-500,0
3,8,214,291,-498,-37
3,8,214,292,-498,-37
3,8,214,292,-492,-85
3,8,215,222,-444,10
3,8,215,223,-444,10
3,8,215,229,-335,371
3,8,215,291,-500,0
3,8,216,284,-418,0
3,8,217,224,-351,351
3,8,217,228,-418,0
3,8,217,292,-500,-25
3,8,217,292,-496,-60
3,8,218,217,-344,358
3,8,218,220,-344,358
3,8,218,223,-334,368
3,8,218,225,-446,33
3,8,218,230,-344,358
3,8,218,237,-359,343
3,8,218,239,-344,358
3,8,218,241,-334,368
3,8,218,292,-500,-25
3,8,218,292,-496,-60
3,8,219,225,-417,30
3,8,219,226,-418,21
3,8,219,226,-417,30
3,8,219,228,-418,0
3,8,219,229,-418,0
3,8,219,243,-417,30
3,8,219,244,-417,30
3,8,219,245,-417,30
3,8,219,246,-417,30
3,8,219,247,-417,30
3,8,219,248,-417,30
3,8,219,249,-417,30
3,8,219,250,-417,30
3,8,219,251,-417,30
3,8,219,252,-417,30
3,8,219,253,-417,30
3,8,219,254,-417,30
3,8,219,255,-417,30
3,8,219,256,-417,30
3,8,219,257,-417,30
3,8,219,258,-417,30
3,8,219,259,-417,30
3,8,219,260,-417,30
3,8,219,261,-417,30
3,8,219,262,-417,30
3,8,219,263,-417,30
3,8,219,264,-417,30
3,8,219,265,-417,30
3,8,219,266,-417,30
3,8,219,267,-417,30
3,8,219,268,-417,30
3,8,219,269,-417,30
3,8,219,270,-417,30
3,8,219,271,-417,30
3,8,219,272,-417,30
3,8,219,273,-417,30
3,8,219,274,-417,30
3,8,219,275,-417,30
3,8,219,276,-417,30
3,8,219,277,-417,30
3,8,219,278,-417,30
3,8,219,279,-417,30
3,8,219,280,-417,30
3,8,219,281,-417,30
3,8,219,282,-417,30
3,8,219,283,-417,30
3,8,219,284,-417,30
3,8,219,286,-417,30
3,8,219,287,-417,30
3,8,219,288,-418,0
3,8,219,288,-417,30
3,8,219,289,-418,21
3,8,219,289,-417,30
3,8,220,284,-418,0
3,8,220,293,-417,-31
3,8,220,294,-418,0
3,8,220,295,-418,0
3,8,221,228,-392,0
3,8,221,291,-500,0
3,8,222,224,-441,53
3,8,222,281,-392,0
3,8,222,288,-392,0
3,8,222,289,-392,8
3,8,223,231,-392,0
3,8,223,243,-392,19
3,8,223,279,-392,0
3,8,223,289,-392,8
3,8,223,289,-392,19
3,8,224,234,-500,0
3,8,224,283,-490,97
3,8,225,291,-500,0
3,8,226,280,-366,0
3,8,226,281,-366,0
3,8,226,282,-366,0
3,8,226,284,-366,0
3,8,226,288,-366,0
3,8,226,289,-366,8
3,8,226,289,-366,18
3,8,227,240,-366,0
3,8,227,241,-366,18
3,8,227,242,-366,18
3,8,227,243,-366,18
3,8,227,244,-366,18
3,8,227,245,-366,18
3,8,227,246,-366,18
3,8,227,247,-366,18
3,8,227,248,-366,18
3,8,227,249,-366,18
3,8,227,250,-366,18
3,8,227,251,-366,18
3,8,227,252,-366,18
3,8,227,253,-366,18
3,8,227,254,-366,18
3,8,227,255,-366,18
3,8,227,256,-366,18
3,8,227,257,-366,18
3,8,227,258,-366,18
3,8,227,259,-366,18
3,8,227,260,-366,18
3,8,227,261,-366,18
3,8,227,262,-366,18
3,8,227,263,-366,18
3,8,227,264,-366,18
3,8,227,265,-366,18
3,8,227,266,-366,18
3,8,227,267,-366,18
3,8,227,268,-366,18
3,8,227,269,-366,18
3,8,227,270,-366,18
3,8,227,271,-366,18
3,8,227,272,-366,18
3,8,227,273,-366,18
3,8,227,274,-366,18
3,8,227,275,-366,18
3,8,227,276,-366,18
3,8,227,277,-366,18
3,8,227,277,-362,54
3,8,227,277,-360,62
3,8,227,278,-366,18
3,8,227,279,-366,0
3,8,227,279,-366,18
3,8,227,280,-366,18
3,8,227,280,-365,26
3,8,227,281,-366,-8
3,8,227,281,-366,18
3,8,227,281,-365,26
3,8,227,282,-366,0
3,8,227,282,-366,18
3,8,227,283,-366,18
3,8,227,284,-366,0
3,8,227,284,-366,18
3,8,227,285,-366,18
3,8,227,286,-366,18
3,8,227,287,-366,18
3,8,227,288,-366,0
3,8,227,288,-366,18
3,8,227,294,-366,0
3,8,228,284,-366,0
3,8,228,284,-340,0
3,8,228,294,-366,0
3,8,228,295,-366,0
3,8,228,302,-478,-144
3,8,229,243,-340,0
3,8,229,244,-340,0
3,8,229,245,-340,0
3,8,229,247,-340,0
3,8,229,248,-340,0
3,8,229,249,-340,0
3,8,229,255,-340,0
3,8,229,256,-340,0
3,8,229,257,-340,0
3,8,229,258,-340,0
3,8,229,259,-340,0
3,8,229,260,-340,0
3,8,229,265,-340,0
3,8,229,266,-340,0
3,8,229,267,-340,0
3,8,229,273,-340,0
3,8,229,274,-340,0
3,8,229,276,-340,0
3,8,229,277,-340,0
3,8,229,279,-340,0
3,8,229,282,-490,97
3,8,229,283,-340,0
3,8,229,284,-340,0
3,8,229,285,-340,0
3,8,229,286,-340,0
3,8,229,287,-340,0
3,8,229,288,-340,0
3,8,229,289,-340,0
3,8,229,290,-340,0
3,8,229,294,-366,-18
3,8,230,239,-369,0
3,8,230,282,-490,97
3,8,230,284,-379,0
3,8,230,291,-500,0
3,8,231,291,-500,0
3,8,232,291,-500,0
3,8,232,291,-444,0
3,11,80,432,46,-472
3,11,84,430,0,-290
3,11,95,426,0,-369
3,11,96,428,378,-326
3,11,106,431,-10,-209
3,11,132,433,0,-473
3,11,135,339,141,66
3,11,136,339,176,-48
3,11,141,326,-76,108
3,11,141,332,-212,0
3,11,143,325,-233,285
3,11,145,338,-141,-116
3,11,147,324,-198,-171
3,11,147,416,-312,-283
3,11,149,304,-342,327
3,11,149,338,-101,-152
3,11,150,318,-266,255
3,11,150,335,-23,-234
3,11,150,338,-101,-152
3,11,151,313,-421,-21
3,11,151,325,-383,-96
3,11,152,332,-57,-255
3,11,152,437,-353,-353
3,11,152,437,0,-473
3,11,153,336,-155,-245
3,11,153,339,187,-100
3,11,154,335,-102,-20
3,11,154,337,133,-128
3,11,155,325,54,-364
3,11,155,333,69,-255
3,11,155,334,-90,-218
3,11,155,335,-23,-234
3,11,155,338,-101,-152
3,11,156,316,-408,-102
3,11,156,335,-23,-234
3,11,156,433,0,-473
3,11,156,434,0,-261
3,11,157,314,-250,339
3,11,157,335,-90,-218
3,11,158,317,-407,-112
3,11,158,318,-356,-98
3,11,158,331,30,-315
3,11,158,335,-105,-210
3,11,158,416,-332,-258
3,11,159,312,-155,210
3,11,159,318,-293,-265
3,11,159,335,-116,-205
3,11,160,313,-419,-41
3,11,160,313,-160,206
3,11,160,317,-299,-258
3,11,160,318,-332,-300
3,11,160,318,-299,-258
3,11,160,318,-293,-265
3,11,160,319,-280,-241
3,11,160,328,66,-442
3,11,160,335,-35,-235
3,11,160,336,20,-208
3,11,161,312,-419,-31
3,11,161,312,-339,-292
3,11,161,318,-299,-258
3,11,161,319,-326,-266
3,11,161,319,-305,-250
3,11,161,319,-299,-258
3,11,161,321,-293,121
3,11,161,326,89,-357
3,11,161,327,114,-320
3,11,161,327,123,-345
3,11,161,420,-353,-274
3,11,162,316,-170,-442
3,11,162,317,-299,-258
3,11,162,318,-305,-250
3,11,162,319,-326,-266
3,11,162,319,-305,-250
3,11,162,331,83,-275
3,11,162,334,62,-227
3,11,163,312,-353,-274
3,11,163,314,-279,-279
3,11,163,325,218,-229
3,11,163,326,88,-355
3,11,163,333,-171,-232
3,11,163,333,57,-258
3,11,163,333,63,-253
3,11,163,337,-108,-180
3,11,164,314,-365,-257
3,11,164,323,228,-252
3,11,164,326,97,-353
3,11,164,327,253,-264
3,11,164,328,-66,-333
3,11,164,332,50,-256
3,11,164,335,-155,-210
3,11,164,336,-80,-194
3,11,164,427,0,-421
3,11,165,322,-141,-341
3,11,165,326,95,-383
3,11,165,330,41,-337
3,11,165,330,61,-310
3,11,165,333,-28,-289
3,11,165,339,-202,-55
3,11,165,425,-359,-309
3,11,166,322,-123,-375
3,11,166,325,38,-394
3,11,166,325,210,-233
3,11,166,326,76,-387
3,11,166,327,33,-339
3,11,166,331,42,-287
3,11,166,332,27,-287
3,11,166,332,39,-261
3,11,166,333,25,-260
3,11,166,333,39,-261
3,11,166,337,-130,-167
3,11,166,337,-128,-165
3,11,166,338,-130,-167
3,11,167,323,219,-297
3,11,167,324,247,-274
3,11,167,326,33,-341
3,11,167,328,54,-312
3,11,167,329,34,-285
3,11,167,337,-114,-146
3,11,167,339,-167,-74
3,11,168,323,30,-417
3,11,168,323,211,-301
3,11,168,329,21,-287
3,11,168,335,15,-208
3,11,168,335,25,-207
3,11,168,337,-66,-171
3,11,168,337,-61,-172
3,11,168,337,-53,-175
3,11,168,432,27,-367
3,11,169,323,203,-305
3,11,169,323,204,-307
3,11,169,324,169,-267
3,11,169,327,141,-223
3,11,169,331,19,-260
3,11,169,332,13,-261
3,11,169,337,-66,-171
3,11,169,338,-5,-78
3,11,169,339,-23,-12
3,11,169,339,-19,-18
3,11,170,323,169,-267
3,11,170,323,219,-297
3,11,170,337,0,-104
3,11,170,338,-30,-73
3,11,170,338,-1,-78
3,11,170,338,2,-104
3,11,170,339,-37,-69
3,11,170,339,-30,-42
3,11,170,339,-25,-8
3,11,170,339,-25,-5
3,11,170,339,-22,-14
3,11,170,422,-323,-309
3,11,170,437,10,-473
3,11,171,299,-121,484
3,11,171,306,0,447
3,11,171,326,203,-339
3,11,171,339,-26,-2
3,11,171,453,0,-421
3,11,172,340,-123,-27
3,11,172,353,-70,-105
3,11,173,329,127,286
3,11,173,329,237,166
3,11,173,330,184,104
3,11,173,332,-27,-367
3,11,174,439,-361,-345
3,11,177,288,-109,488
3,11,177,322,-106,298
3,11,177,437,-70,-468
3,11,177,451,-18,-366
3,11,178,288,-121,484
3,11,178,316,-107,353
3,11,178,338,0,0
3,11,179,285,-132,482
3,11,179,325,285,134
3,11,179,326,-46,-310
3,11,180,284,-121,484
3,11,180,307,-129,428
3,11,180,313,-123,375
3,11,181,284,-121,484
3,11,183,424,-309,-323
3,11,187,346,-130,-29
3,11,187,408,-227,-136
3,11,187,430,-201,-427
3,11,188,304,-287,408
3,11,188,349,-99,121
3,11,188,436,-361,-345
3,11,189,313,-339,291
3,11,191,301,-335,371
3,11,191,399,-177,-196
3,11,191,425,-257,-365
3,11,192,327,-273,285
3,11,193,326,-285,273
3,11,193,326,-279,279
3,11,194,314,-283,312
3,11,194,315,-283,312
3,11,194,326,-285,273
3,11,194,414,-354,-167
3,11,194,420,-181,-189
3,11,195,314,-291,304
3,11,195,318,-326,266
3,11,196,317,-326,266
3,11,196,317,-319,274
3,11,196,318,-326,266
3,11,196,323,-298,297
3,11,196,373,-369,-8
3,11,196,426,-386,-316
3,11,197,310,-300,332
3,11,197,321,-335,334
3,11,197,321,-316,316
3,11,197,321,-291,304
3,11,197,322,-298,297
3,11,197,352,-307,68
3,11,198,309,-309,323
3,11,198,310,-335,371
3,11,198,310,-309,323
3,11,198,310,-300,332
3,11,198,322,-304,291
3,11,198,357,-447,-10
3,11,198,357,-395,-9
3,11,198,428,-300,-366
3,11,199,306,-345,361
3,11,199,361,-395,-9
3,11,199,424,-316,-316
3,11,200,315,-346,283
3,11,200,364,-407,111
3,11,200,367,-395,0
3,11,200,407,-390,-161
3,11,201,298,-335,371
3,11,201,313,-378,326
3,11,201,313,-339,291
3,11,201,314,-337,290
3,11,201,318,-327,342
3,11,202,314,-386,316
3,11,202,317,-342,327
3,11,202,358,-419,-31
3,11,202,361,-421,0
3,11,203,361,-457,125
3,11,203,362,-419,-31
3,11,203,424,-361,-345
3,11,204,311,-364,298
3,11,204,315,-335,334
3,11,204,330,-432,118
3,11,204,432,-371,-335
3,11,204,434,-345,-361
3,11,205,388,-447,0
3,11,207,312,-353,353
3,11,207,313,-361,345
3,11,207,322,-287,408
3,11,208,311,-353,353
3,11,208,313,-361,345
3,11,208,360,-148,449
3,11,209,350,-473,10
3,11,209,352,-473,0
3,11,209,388,-473,0
3,11,209,392,-473,0
3,11,209,412,-438,-181
3,11,209,431,-451,-212
3,11,210,302,-353,353
3,11,210,330,-335,371
3,11,210,341,-340,0
3,11,210,411,-442,-170
3,11,211,313,-448,211
3,11,212,354,-316,386
3,11,212,355,-361,345
3,11,212,355,-335,371
3,11,212,363,-361,345
3,11,213,305,-400,294
3,11,213,322,-353,353
3,11,213,333,-345,361
3,11,213,336,-345,361
3,11,213,352,-473,0
3,11,213,354,-335,371
3,11,213,355,-361,345
3,11,213,356,-473,0
3,11,213,388,-473,0
3,11,214,308,-405,242
3,11,214,319,-378,326
3,11,214,322,-316,386
3,11,214,333,-353,353
3,11,214,350,-361,345
3,11,214,354,-361,345
3,11,215,305,-416,277
3,11,215,307,-405,242
3,11,215,317,-335,371
3,11,215,318,-335,371
3,11,215,323,-335,371
3,11,216,319,-351,351
3,11,216,323,-335,371
3,11,216,330,-345,361
3,11,216,333,-402,296
3,11,217,307,-387,218
3,11,217,310,-359,343
3,11,217,311,-359,343
3,11,217,311,-351,351
3,11,217,312,-462,191
3,11,217,312,-359,343
3,11,217,312,-351,351
3,11,217,313,-359,343
3,11,217,313,-351,351
3,11,217,314,-351,351
3,11,217,315,-361,345
3,11,217,315,-351,351
3,11,217,316,-359,343
3,11,217,316,-351,351
3,11,217,317,-359,343
3,11,217,317,-351,351
3,11,217,318,-359,343
3,11,217,318,-351,351
3,11,217,318,-316,386
3,11,217,320,-359,343
3,11,217,320,-351,351
3,11,217,320,-344,358
3,11,217,321,-359,343
3,11,217,321,-351,351
3,11,217,322,-359,343
3,11,217,322,-351,351
3,11,217,322,-334,368
3,11,217,323,-359,343
3,11,217,323,-351,351
3,11,217,323,-344,358
3,11,217,323,-334,368
3,11,217,324,-351,351
3,11,217,324,-344,358
3,11,217,325,-359,343
3,11,217,325,-351,351
3,11,217,330,-361,345
3,11,217,420,-361,-345
3,11,218,306,-344,358
3,11,218,309,-401,189
3,11,218,309,-344,358
3,11,218,310,-359,343
3,11,218,311,-344,358
3,11,218,313,-344,358
3,11,218,314,-344,358
3,11,218,315,-344,358
3,11,218,318,-359,343
3,11,218,318,-344,358
3,11,218,319,-344,358
3,11,218,319,-334,368
3,11,218,320,-334,368
3,11,218,325,-359,343
3,11,218,326,-369,333
3,11,218,326,-359,343
3,11,218,328,-378,326
3,11,218,329,-378,326
3,11,218,390,-500,-11
3,11,219,309,-401,189
3,11,219,325,-369,333
3,11,219,325,-359,343
3,11,220,315,-340,325
3,11,220,315,-333,332
3,11,220,317,-340,325
3,11,220,319,-340,325
3,11,220,322,-340,325
3,11,220,323,-500,0
3,11,220,324,-386,316
3,11,220,325,-371,335
3,11,220,327,-386,316
3,11,220,330,-394,306
3,11,220,331,-408,287
3,11,220,331,-402,296
3,11,220,423,-361,-345
3,11,221,329,-402,296
3,11,221,329,-386,316
3,11,221,330,-402,296
3,11,221,331,-408,287
3,11,222,311,-371,335
3,11,222,312,-371,335
3,11,222,315,-371,335
3,11,222,325,-378,326
3,11,224,328,-402,296
3,11,224,329,-408,287
3,11,225,392,-500,0
3,11,230,352,-500,0
3,11,230,392,-500,0
3,11,230,399,-500,0
3,11,232,401,-500,11
3,33,105,1013,17,234
3,33,130,1020,27,286
3,33,139,1011,10,209
3,33,147,1042,101,-152
3,33,155,1015,15,314
3,33,156,1003,-306,394
3,33,156,1006,0,473
3,33,158,1029,-63,253
3,33,159,1024,-48,324
3,33,162,1108,24,9
3,33,163,1108,0,0
3,33,163,1108,26,-1
3,33,164,1104,-154,306
3,33,164,1108,-150,-279
3,33,164,1108,46,62
3,33,165,1108,-169,69
3,33,166,1101,-96,123
3,33,167,1010,20,208
3,33,168,1101,-66,170
3,33,168,1102,-98,256
3,33,168,1102,-48,176
3,33,168,1104,-21,221
3,33,168,1108,0,0
3,33,168,1108,26,0
3,33,169,1101,-80,207
3,33,169,1102,-92,239
3,33,169,1102,-92,258
3,33,169,1103,8,183
3,33,169,1107,15,300
3,33,169,1107,16,326
3,33,169,1107,18,366
3,33,170,1012,10,209
3,33,170,1100,6,51
3,33,170,1102,2,130
3,33,170,1104,5,248
3,33,170,1105,3,183
3,33,171,1003,-306,394
3,33,171,1100,0,52
3,33,171,1100,37,35
3,33,171,1111,-23,-11
3,33,171,1113,-16,-20
3,33,175,1108,222,182
3,33,177,990,-246,435
3,33,179,1007,0,407
3,33,179,1108,66,333
3,33,192,1026,-346,283
3,33,193,1028,-329,219
3,33,195,1014,-274,353
3,33,197,1026,-350,233
3,33,197,1117,-339,-33
3,33,199,1059,-418,9
3,33,203,1085,-444,0
3,33,205,1017,-497,11
3,33,205,1043,-340,0
3,33,205,1047,-495,36
3,33,207,1014,-408,287
3,33,208,1059,-471,10
3,33,208,1093,-471,0
3,33,208,1094,-471,0
3,33,208,1096,-471,0
3,33,208,1098,-471,0
3,33,209,1021,-500,0
3,33,210,1123,-473,0
3,33,211,1022,-500,-11
3,33,211,1110,-459,-114
3,33,211,1123,-500,0
3,33,211,1123,-471,0
3,33,212,1020,-466,0
3,33,212,1021,-500,0
3,33,212,1022,-444,-10
3,33,212,1098,-444,0
3,33,212,1122,-444,0
3,33,212,1123,-500,0
3,33,213,1121,-444,0
3,33,214,1024,-444,-10
3,33,216,1131,-398,-200
3,33,219,1043,-417,30
3,33,219,1044,-417,30
3,33,219,1045,-417,30
3,33,219,1046,-417,30
3,33,219,1047,-417,30
3,33,219,1048,-417,30
3,33,219,1049,-417,30
3,33,219,1050,-417,30
3,33,219,1051,-417,30
3,33,219,1052,-417,30
3,33,219,1053,-417,30
3,33,219,1054,-417,30
3,33,219,1055,-417,30
3,33,219,1056,-417,30
3,33,219,1057,-417,30
3,33,219,1058,-417,30
3,33,219,1059,-417,30
3,33,219,1060,-417,30
3,33,219,1061,-417,30
3,33,219,1062,-417,30
3,33,219,1063,-417,30
3,33,219,1064,-417,30
3,33,219,1065,-417,30
3,33,219,1066,-417,30
3,33,219,1067,-417,30
3,33,219,1068,-417,30
3,33,219,1069,-417,30
3,33,219,1070,-417,30
3,33,219,1071,-417,30
3,33,219,1072,-417,30
3,33,219,1073,-417,30
3,33,219,1074,-417,30
3,33,219,1075,-417,30
3,33,219,1076,-417,30
3,33,219,1077,-417,30
3,33,219,1078,-417,30
3,33,219,1079,-417,30
3,33,219,1080,-417,30
3,33,219,1082,-417,30
3,33,219,1084,-417,30
3,33,219,1086,-417,30
3,33,219,1087,-417,30
3,33,219,1088,-417,30
3,33,219,1089,-417,30
3,33,219,1090,-417,30
3,33,219,1091,-417,30
3,33,219,1092,-417,30
3,33,219,1093,-417,30
3,33,219,1094,-417,30
3,33,219,1095,-418,0
3,33,219,1095,-417,30
3,33,219,1096,-418,0
3,33,219,1096,-417,30
3,33,219,1097,-417,30
3,33,219,1104,-418,0
3,33,219,1114,-417,30
3,33,219,1119,-498,-48
3,33,220,1053,-410,81
3,33,220,1116,-392,0
3,33,221,1112,-500,0
3,33,223,1096,-392,19
3,33,223,1097,-392,19
3,33,223,1111,-392,0
3,33,226,1097,-366,18
3,33,226,1112,-500,0
3,33,227,1041,-366,18
3,33,227,1042,-366,18
3,33,227,1043,-366,18
3,33,227,1044,-366,18
3,33,227,1045,-366,18
3,33,227,1046,-366,18
3,33,227,1047,-366,18
3,33,227,1048,-366,18
3,33,227,1049,-366,18
3,33,227,1050,-366,18
3,33,227,1051,-366,18
3,33,227,1052,-366,18
3,33,227,1053,-366,18
3,33,227,1054,-366,18
3,33,227,1055,-366,18
3,33,227,1056,-366,18
3,33,227,1057,-366,18
3,33,227,1058,-366,8
3,33,227,1058,-366,18
3,33,227,1059,-366,18
3,33,227,1060,-366,18
3,33,227,1061,-366,18
3,33,227,1062,-366,18
3,33,227,1063,-366,18
3,33,227,1064,-366,18
3,33,227,1065,-366,18
3,33,227,1066,-366,18
3,33,227,1067,-366,18
3,33,227,1068,-366,18
3,33,227,1069,-366,18
3,33,227,1070,-366,18
3,33,227,1071,-366,18
3,33,227,1072,-366,18
3,33,227,1073,-366,18
3,33,227,1074,-366,18
3,33,227,1075,-366,18
3,33,227,1076,-366,18
3,33,227,1077,-366,18
3,33,227,1078,-366,18
3,33,227,1079,-366,18
3,33,227,1081,-366,18
3,33,227,1082,-366,18
3,33,227,1083,-366,18
3,33,227,1084,-366,18
3,33,227,1085,-366,18
3,33,227,1086,-366,18
3,33,227,1087,-366,18
3,33,227,1088,-366,18
3,33,227,1089,-366,18
3,33,227,1090,-366,18
3,33,227,1091,-366,18
3,33,227,1092,-366,18
3,33,227,1093,-366,18
3,33,227,1094,-366,18
3,33,227,1095,-366,0
3,33,227,1095,-366,18
3,33,227,1096,-366,0
3,33,227,1096,-366,8
3,33,227,1096,-366,18
3,33,227,1104,-366,0
3,33,228,1051,-358,80
3,33,228,1060,-340,0
3,33,229,1043,-340,0
3,33,229,1050,-340,0
3,33,229,1053,-340,0
3,33,229,1059,-340,0
3,33,229,1085,-340,0
3,33,229,1090,-340,0
3,33,229,1091,-340,0
3,33,229,1093,-340,0
3,33,229,1094,-340,0
3,33,229,1095,-340,0
3,33,229,1096,-340,0
3,33,229,1097,-340,0
3,33,229,1098,-340,0
3,35,139,1103,-101,25
3,35,163,1104,-141,-223
3,35,165,1106,-253,-143
3,35,165,1107,-276,-91
3,35,165,1107,-179,-35
3,35,167,1106,-303,-162
3,35,169,1107,-21,-14
3,35,170,1107,-23,-12
3,35,171,1080,-20,395
3,35,171,1096,-130,-87
3,35,172,1090,-26,263
3,35,172,1150,-369,0
3,35,173,1107,-130,-196
3,35,181,1075,-129,428
3,35,185,1056,-236,441
3,35,188,1068,-181,438
3,35,188,1112,-212,0
3,35,189,1099,-494,-74
3,35,190,1121,-157,0
3,35,192,1122,-209,0
3,35,198,1073,-345,361
3,35,199,1074,-345,361
3,35,200,1111,-418,0
3,35,201,1121,-418,0
3,35,203,1123,-421,0
3,35,204,1068,-353,353
3,35,205,1115,-495,36
3,35,207,1067,-353,353
3,35,208,1110,-471,0
3,35,210,1111,-471,23
3,35,210,1118,-471,23
3,35,211,1116,-444,0
3,35,211,1123,-471,0
3,35,212,1116,-444,0
3,35,216,1116,-418,0
3,35,217,1124,-500,-25
3,35,218,1072,-334,368
3,35,219,1091,-418,0
3,35,219,1107,-417,30
3,35,219,1108,-417,30
3,35,219,1109,-417,30
3,35,219,1110,-417,30
3,35,219,1111,-417,30
3,35,219,1112,-417,30
3,35,219,1113,-417,30
3,35,219,1114,-417,30
3,35,219,1115,-417,30
3,35,219,1116,-417,30
3,35,219,1117,-417,30
3,35,219,1118,-417,30
3,35,219,1119,-417,30
3,35,219,1120,-417,30
3,35,219,1121,-417,30
3,35,220,1123,-418,0
3,35,221,1123,-500,0
3,35,221,1123,-418,0
3,35,221,1180,-500,0
3,35,222,1121,-392,8
3,35,222,1123,-471,0
3,35,222,1166,-500,0
3,35,223,1095,-392,0
3,35,223,1096,-392,0
3,35,223,1096,-392,19
3,35,223,1097,-392,8
3,35,223,1097,-392,19
3,35,223,1111,-392,0
3,35,223,1115,-392,19
3,35,223,1121,-392,8
3,35,223,1121,-392,19
3,35,225,1098,-366,0
3,35,226,1097,-366,0
3,35,226,1100,-366,0
3,35,226,1112,-366,0
3,35,226,1113,-366,0
3,35,226,1114,-366,0
3,35,226,1116,-366,0
3,35,226,1121,-366,8
3,35,227,1104,-366,0
3,35,227,1105,-366,18
3,35,227,1106,-366,18
3,35,227,1107,-366,18
3,35,227,1108,-366,18
3,35,227,1109,-366,18
3,35,227,1110,-366,18
3,35,227,1111,-366,0
3,35,227,1111,-366,18
3,35,227,1112,-366,18
3,35,227,1113,-366,18
3,35,227,1114,-366,18
3,35,227,1115,-366,18
3,35,227,1116,-366,18
3,35,227,1117,-366,18
3,35,227,1118,-366,18
3,35,227,1119,-366,0
3,35,227,1119,-366,18
3,35,227,1120,-366,18
3,35,227,1123,-500,0
3,35,228,1093,-470,57
3,35,228,1116,-340,0
3,35,228,1122,-340,0
3,35,228,1123,-369,0
3,35,228,1123,-366,0
3,35,229,1107,-500,0
3,35,229,1107,-340,0
3,35,229,1108,-340,0
3,35,229,1109,-340,0
3,35,229,1110,-340,0
3,35,229,1111,-340,0
3,35,229,1117,-500,0
3,35,229,1118,-340,0
3,35,229,1120,-340,0
3,35,229,1121,-340,0
3,35,229,1122,-340,0
3,35,229,1123,-366,0
3,35,230,1123,-500,0
3,35,230,1160,-500,0
3,35,231,1123,-471,0
3,35,231,1123,-418,0
3,35,232,1166,-500,0
3,37,161,1167,-242,-312
3,37,162,1166,-221,-132
3,37,162,1168,-98,-154
3,37,163,1163,259,-130
3,37,163,1169,-344,-194
3,37,164,1163,22,13
3,37,164,1163,26,1
3,37,164,1163,219,-297
3,37,164,1165,-99,-328
3,37,165,1165,-75,-335
3,37,165,1166,-10,-447
3,37,166,1163,0,0
3,37,166,1163,23,12
3,37,166,1163,26,0
3,37,166,1163,138,-208
3,37,166,1164,-7,-290
3,37,168,1163,130,0
3,37,169,1163,16,-316
3,37,170,1170,-1,-78
3,37,170,1171,-22,-14
3,37,171,1138,0,447
3,37,171,1154,0,238
3,37,171,1163,-24,10
3,37,172,1173,110,73
3,37,172,1175,-169,-70
3,37,172,1194,91,-183
3,37,174,1171,177,-44
3,37,174,1183,42,95
3,37,174,1190,132,-180
3,37,175,1157,-172,164
3,37,175,1160,229,0
3,37,176,1165,86,-287
3,37,177,1174,263,-26
3,37,179,1117,-121,484
3,37,179,1118,-132,482
3,37,179,1159,-107,-353
3,37,179,1160,-107,-353
3,37,180,1114,-121,484
3,37,180,1116,-121,484
3,37,180,1149,-132,344
3,37,181,1117,-156,474
3,37,181,1160,-91,-303
3,37,182,1166,233,-285
3,37,184,1131,-159,445
3,37,184,1131,-148,449
3,37,188,1150,-241,309
3,37,189,1181,-116,141
3,37,190,1165,-172,200
3,37,192,1163,-195,215
3,37,192,1174,-279,279
3,37,192,1188,-264,-13
3,37,194,1161,-212,234
3,37,195,1172,-298,297
3,37,195,1172,-291,304
3,37,195,1188,-342,-8
3,37,197,1169,-309,323
3,37,199,1138,-345,361
3,37,201,1165,-327,342
3,37,204,1162,-345,361
3,37,208,1192,-287,408
3,37,208,1192,-148,449
3,37,211,1135,-335,371
3,37,212,1186,-316,386
3,37,212,1204,-500,0
3,37,212,1204,-451,212
3,37,212,1204,-421,267
3,37,213,1154,-353,353
3,37,213,1165,-345,361
3,37,214,1137,-353,353
3,37,215,1130,-335,371
3,37,215,1147,-335,371
3,37,216,1161,-353,353
3,37,216,1162,-345,361
3,37,217,1142,-359,343
3,37,217,1143,-359,343
3,37,217,1143,-351,351
3,37,217,1144,-359,343
3,37,217,1144,-351,351
3,37,217,1145,-351,351
3,37,217,1146,-359,343
3,37,217,1146,-351,351
3,37,217,1147,-359,343
3,37,217,1147,-351,351
3,37,217,1148,-359,343
3,37,217,1148,-351,351
3,37,217,1150,-351,351
3,37,217,1151,-359,343
3,37,217,1151,-351,351
3,37,217,1152,-359,343
3,37,217,1152,-351,351
3,37,217,1153,-359,343
3,37,217,1153,-351,351
3,37,217,1154,-351,351
3,37,217,1154,-334,368
3,37,217,1155,-359,343
3,37,217,1155,-351,351
3,37,217,1156,-344,358
3,37,217,1157,-359,343
3,37,217,1157,-351,351
3,37,218,1135,-344,358
3,37,218,1136,-334,368
3,37,218,1141,-353,353
3,37,218,1143,-344,358
3,37,218,1150,-359,343
3,37,218,1150,-344,358
3,37,218,1154,-335,371
3,37,218,1157,-359,343
3,37,218,1191,-482,132
3,37,219,1143,-371,335
3,37,219,1150,-359,343
3,37,220,1147,-340,325
3,37,220,1148,-340,325
3,37,220,1149,-340,325
3,37,220,1150,-340,325
3,37,220,1151,-340,325
3,37,220,1154,-340,325
3,37,222,1143,-371,335
3,37,222,1152,-371,335
3,37,222,1155,-378,326
3,37,225,1160,-500,0
3,37,232,1166,-500,0
3,37,232,1188,-500,0
3,68,133,2132,201,201
3,68,137,2132,-19,261
3,68,139,2123,0,500
3,68,139,2135,0,395
3,68,139,2136,0,395
3,68,139,2138,0,104
3,68,139,2140,0,369
3,68,139,2149,0,447
3,68,139,2151,-9,24
3,68,139,2151,-4,25
3,68,139,2154,-23,12
3,68,139,2156,0,130
3,68,139,2156,0,316
3,68,141,2158,-457,-126
3,68,142,2155,-57,230
3,68,142,2157,-466,-81
3,68,144,2147,-107,353
3,68,148,2108,-121,484
3,68,153,2158,28,-289
3,68,155,2152,-135,-285
3,68,159,2147,-116,141
3,68,161,2151,-130,-315
3,68,161,2153,-112,-293
3,68,163,2120,-353,353
3,68,164,2124,-345,361
3,68,164,2157,-33,101
3,68,167,2118,-316,386
3,68,167,2123,-345,361
3,68,167,2128,-345,361
3,68,169,2122,-335,371
3,68,169,2126,-345,361
3,68,170,2162,86,-130
3,68,171,2124,-361,345
3,68,171,2146,-361,345
3,68,172,2123,-353,353
3,68,172,2125,-345,361
3,68,173,2120,-277,416
3,68,173,2122,-335,371
3,68,174,2132,-345,361
3,68,174,2135,-345,361
3,68,175,2121,-353,353
3,68,175,2123,-345,361
3,68,175,2124,-353,353
3,68,175,2132,-345,361
3,68,175,2139,-345,361
3,68,176,2122,-353,353
3,68,176,2135,-345,361
3,68,177,2128,-353,353
3,68,177,2129,-345,361
3,68,178,2121,-335,371
3,68,178,2122,-335,371
3,68,178,2123,-345,361
3,68,178,2123,-335,371
3,68,178,2124,-345,361
3,68,178,2129,-345,361
3,68,179,2122,-345,361
3,68,179,2139,-345,361
3,68,179,2148,-151,144
3,68,179,2148,-116,141
3,68,179,2149,-151,144
3,68,179,2149,-132,161
3,68,180,2147,-136,158
3,68,180,2148,-136,158
3,68,182,2153,-184,-22
3,68,185,2138,-337,290
3,68,185,2142,-227,216
3,68,185,2142,-217,226
3,68,185,2142,-205,237
3,68,195,2163,-361,345
3,68,199,2144,-326,217
3,68,200,2154,-403,121
3,68,201,2155,-403,121
3,68,204,2121,-353,353
3,68,204,2147,-400,200
3,68,205,2158,-442,66
3,68,209,2124,-345,361
3,68,209,2125,-345,361
3,68,209,2126,-353,353
3,68,209,2126,-345,361
3,68,210,2123,-345,361
3,68,210,2123,-335,371
3,68,210,2133,-345,361
3,68,211,2126,-361,345
3,68,211,2139,-345,361
3,68,212,2125,-361,345
3,68,212,2140,-361,345
3,68,214,2128,-335,371
3,68,218,2147,-500,0
3,68,218,2148,-500,0
3,68,218,2156,-345,361
3,68,222,2228,-500,0
3,68,226,2177,-500,-25
3,91,60,2984,291,-339
3,91,153,3010,-212,-451
3,91,156,2977,0,-290
3,91,162,2964,-52,2
3,91,164,2960,-162,302
3,91,164,2960,-154,306
3,91,165,2962,-177,353
3,91,167,2964,24,326
3,91,170,2964,7,342
3,91,171,2964,-121,-141
3,91,171,2964,0,-130
3,91,171,2969,0,0
3,91,171,2977,0,-130
3,91,171,2978,0,-52
3,91,172,2952,123,-262
3,91,172,2953,81,-105
3,91,172,2954,9,-133
3,91,172,2986,-21,-421
3,91,175,2979,-91,-303
3,91,175,3010,-60,-496
3,91,176,2952,201,66
3,91,176,2953,234,40
3,91,176,2962,119,-171
3,91,176,2975,372,248
3,91,177,2952,233,124
3,91,177,2997,-70,-468
3,91,178,3009,-132,-482
3,91,179,3010,-132,-482
3,91,179,3011,0,-500
3,91,180,2942,-183,0
3,91,180,2984,-141,-396
3,91,180,2985,-121,-403
3,91,181,2945,319,-123
3,91,181,2967,419,41
3,91,181,2984,-141,-396
3,91,181,2988,-140,-425
3,91,181,2992,-126,-457
3,91,182,2992,-137,-453
3,91,182,2996,-126,-457
3,91,182,3007,-156,-474
3,91,183,2941,-271,-104
3,91,183,2987,-160,-417
3,91,184,3012,-156,-474
3,91,185,2945,317,-131
3,91,185,2945,319,-123
3,91,185,2960,467,-70
3,91,185,2990,-181,-438
3,91,186,2990,-192,-433
3,91,188,2947,311,-197
3,91,189,2938,-154,-307
3,91,189,2992,-48,-498
3,91,192,3002,-441,-236
3,91,193,2923,-290,0
3,91,198,2937,-391,58
3,91,200,2997,-345,-361
3,91,209,2973,-353,-353
3,91,213,2980,-361,-345
3,91,213,2989,-361,-345
3,91,214,2967,-361,-345
3,91,214,2989,-361,-345
3,91,215,2971,-353,-353
3,91,215,2979,-353,-353
3,91,217,2970,-359,-344
3,91,217,2971,-359,-344
3,91,217,2973,-359,-344
3,91,217,2973,-334,-369
3,91,217,2974,-359,-344
3,91,217,2978,-359,-344
3,91,217,2980,-359,-344
3,91,217,2981,-359,-344
3,91,217,2982,-359,-344
3,91,217,2983,-359,-344
3,91,217,2983,-351,-351
3,91,217,2984,-359,-344
3,91,218,2938,-500,11
3,91,218,2970,-359,-344
3,91,218,2981,-351,-351
3,91,218,2983,-351,-351
3,91,219,2970,-359,-344
3,91,219,2971,-369,-334
3,91,221,2987,-340,-325
3,91,222,2923,-500,0
3,91,223,2969,-408,-287
3,91,231,2937,-500,25
3,91,232,2923,-500,0
3,93,139,3024,0,78
3,93,141,3022,-113,-179
3,93,156,3028,-115,229
3,93,156,3028,-60,200
3,93,160,3032,-131,317
3,93,161,3049,-281,-381
3,93,165,2963,-198,-76
3,93,165,3059,-246,-435
3,93,166,3023,73,223
3,93,169,3061,-236,-441
3,93,171,3065,-246,-435
3,93,171,3065,-236,-441
3,93,172,3072,-246,-435
3,93,174,3002,182,17
3,93,175,3075,-224,-447
3,93,178,2936,-114,378
3,93,180,3009,-86,161
3,93,181,3074,-167,-470
3,93,184,3018,0,0
3,93,190,3004,-387,0
3,93,199,3006,-418,-21
3,93,199,3054,-345,-361
3,93,199,3055,-345,-361
3,93,200,3016,-345,-361
3,93,200,3048,-500,25
3,93,200,3049,-500,25
3,93,202,3058,-345,-361
3,93,203,3058,-345,-361
3,93,203,3059,-353,-353
3,93,203,3059,-345,-361
3,93,204,3061,-353,-353
3,93,205,3017,-495,36
3,93,205,3046,-497,11
3,93,205,3061,-353,-353
3,93,205,3061,-345,-361
3,93,208,3013,-256,-51
3,93,208,3014,-471,0
3,93,208,3016,-471,0
3,93,208,3018,-471,0
3,93,208,3022,-353,-353
3,93,209,3028,-353,-353
3,93,210,3003,-471,23
3,93,210,3008,-471,23
3,93,210,3009,-471,23
3,93,210,3044,-471,10
3,93,212,3005,-444,-10
3,93,212,3006,-443,-33
3,93,212,3016,-444,0
3,93,213,3041,-361,-345
3,93,214,3004,-444,0
3,93,214,3037,-444,22
3,93,215,3005,-444,-10
3,93,215,3017,-444,22
3,93,215,3026,-353,-353
3,93,215,3037,-444,10
3,93,215,3038,-444,10
3,93,215,3038,-353,-353
3,93,215,3040,-444,10
3,93,215,3042,-353,-353
3,93,215,3043,-353,-353
3,93,217,3046,-351,-351
3,93,218,3022,-382,-229
3,93,218,3023,-394,-237
3,93,218,3023,-382,-229
3,93,218,3046,-351,-351
3,93,218,3047,-351,-351
3,93,218,3048,-351,-351
3,93,219,3003,-417,30
3,93,219,3004,-417,30
3,93,219,3005,-418,0
3,93,219,3006,-418,-21
3,93,219,3006,-417,-31
3,93,219,3006,-417,30
3,93,219,3007,-418,-21
3,93,219,3007,-417,-41
3,93,219,3007,-417,-31
3,93,219,3007,-417,30
3,93,219,3008,-417,-41
3,93,219,3008,-417,30
3,93,219,3009,-417,30
3,93,219,3009,-415,-50
3,93,219,3010,-417,30
3,93,219,3010,-414,-62
3,93,219,3010,-412,-72
3,93,219,3011,-417,30
3,93,219,3012,-417,30
3,93,219,3013,-417,30
3,93,219,3014,-417,30
3,93,219,3015,-418,0
3,93,219,3015,-417,30
3,93,219,3016,-417,30
3,93,219,3017,-417,30
3,93,219,3021,-392,-210
3,93,219,3023,-387,-219
3,93,219,3033,-371,-335
3,93,219,3034,-418,0
3,93,219,3037,-418,0
3,93,219,3038,-418,0
3,93,220,3048,-361,-345
3,93,222,2948,-500,0
3,93,222,3004,-392,0
3,93,222,3025,-377,-213
3,93,222,3025,-360,-216
3,93,222,3026,-392,8
3,93,223,3004,-392,0
3,93,223,3008,-391,-29
3,93,223,3016,-392,0
3,93,223,3025,-364,-206
3,93,225,3013,-359,-71
3,93,225,3020,-363,-150
3,93,226,3004,-366,0
3,93,226,3006,-366,-8
3,93,226,3006,-366,0
3,93,226,3007,-366,-8
3,93,226,3025,-346,-185
3,93,226,3029,-395,0
3,93,227,3002,-366,18
3,93,227,3003,-366,18
3,93,227,3004,-366,0
3,93,227,3004,-366,18
3,93,227,3005,-366,0
3,93,227,3005,-366,18
3,93,227,3006,-366,-8
3,93,227,3006,-366,18
3,93,227,3007,-366,-18
3,93,227,3007,-366,-8
3,93,227,3007,-366,18
3,93,227,3007,-365,-27
3,93,227,3008,-366,18
3,93,227,3008,-365,-35
3,93,227,3008,-365,-27
3,93,227,3009,-366,18
3,93,227,3009,-365,-35
3,93,227,3009,-363,-44
3,93,227,3010,-366,18
3,93,227,3010,-362,-54
3,93,227,3011,-366,18
3,93,227,3011,-362,-54
3,93,227,3011,-360,-63
3,93,227,3012,-366,-8
3,93,227,3012,-366,18
3,93,227,3013,-366,18
3,93,227,3014,-366,18
3,93,227,3015,-366,0
3,93,227,3015,-366,18
3,93,227,3016,-366,0
3,93,227,3016,-366,18
3,93,228,2992,-478,144
3,93,228,3004,-431,0
3,93,228,3004,-361,0
3,93,229,3004,-361,0
3,93,229,3005,-340,0
3,93,229,3006,-340,0
3,93,229,3007,-339,-25
3,93,229,3009,-339,-33
3,93,229,3010,-340,0
3,93,229,3012,-340,0
3,93,229,3014,-340,0
3,93,229,3015,-340,0
3,93,229,3016,-340,0
3,93,229,3017,-340,0
3,93,229,3018,-340,0
3,93,230,2996,-478,144
3,93,232,3005,-500,0
3,114,94,3615,0,342
3,114,110,3695,0,0
3,114,112,3602,0,447
3,114,139,3698,-334,32
3,114,140,3692,-179,49
3,114,140,3692,-164,87
3,114,141,3720,-167,-470
3,114,145,3719,-306,-394
3,114,146,3695,-57,-148
3,114,147,3607,-47,389
3,114,148,3740,-212,-448
3,114,150,3585,-74,494
3,114,150,3586,-65,434
3,114,150,3604,-262,0
3,114,152,3594,-203,457
3,114,152,3693,-102,153
3,114,153,3602,-482,132
3,114,153,3692,139,74
3,114,154,3604,-500,0
3,114,156,3604,-478,144
3,114,157,3603,-494,74
3,114,157,3720,-145,-217
3,114,158,3596,-394,306
3,114,158,3604,-500,0
3,114,158,3696,-69,253
3,114,158,3705,-294,176
3,114,158,3715,-419,41
3,114,160,3704,-131,317
3,114,160,3714,-293,265
3,114,161,3601,-494,74
3,114,161,3602,-498,48
3,114,161,3703,-151,365
3,114,162,3601,-494,74
3,114,162,3601,-490,97
3,114,162,3714,-273,285
3,114,162,3715,-421,21
3,114,163,3601,-490,97
3,114,164,3592,-148,449
3,114,164,3696,-162,302
3,114,164,3696,-154,306
3,114,164,3696,-139,313
3,114,164,3700,0,369
3,114,164,3700,8,369
3,114,164,3700,27,367
3,114,164,3700,70,281
3,114,164,3704,58,390
3,114,164,3718,-365,257
3,114,165,3692,-303,91
3,114,165,3692,86,130
3,114,165,3704,58,390
3,114,165,3704,86,385
3,114,166,3701,35,367
3,114,168,3695,-258,-58
3,114,169,3692,84,126
3,114,169,3696,14,203
3,114,170,3704,-233,412
3,114,170,3704,14,283
3,114,171,3692,0,52
3,114,171,3719,0,-395
3,114,171,3732,-361,-345
3,114,171,3732,-121,-484
3,114,171,3732,0,-500
3,114,171,3733,0,-473
3,114,177,3737,-121,-484
3,114,177,3742,-121,-484
3,114,178,3740,-132,-482
3,114,178,3742,-121,-484
3,114,178,3745,-132,-482
3,114,178,3746,-121,-484
3,114,180,3714,393,29
3,114,180,3720,-141,-396
3,114,180,3721,-132,-400
3,114,180,3743,-132,-482
3,114,180,3747,-132,-482
3,114,180,3751,-121,-484
3,114,181,3720,-141,-396
3,114,181,3724,-140,-425
3,114,181,3747,-121,-484
3,114,183,3723,-160,-417
3,114,184,3722,-182,-409
3,114,184,3723,-182,-409
3,114,184,3727,-170,-442
3,114,185,3726,-181,-438
3,114,186,3726,-192,-433
3,114,188,3676,-369,8
3,114,188,3677,-133,0
3,114,188,3729,-287,-408
3,114,189,3728,-48,-498
3,114,198,3705,-377,-189
3,114,200,3674,-370,-186
3,114,200,3731,-345,-361
3,114,200,3732,-345,-361
3,114,201,3659,-421,0
3,114,202,3659,-421,0
3,114,202,3676,-421,0
3,114,202,3692,-327,-342
3,114,203,3676,-421,0
3,114,203,3676,-421,21
3,114,205,3672,-444,53
3,114,205,3676,-447,10
3,114,205,3682,-447,0
3,114,206,3660,-447,0
3,114,206,3675,-447,10
3,114,208,3732,-353,-353
3,114,209,3676,-473,10
3,114,210,3706,-442,-170
3,114,210,3716,-500,0
3,114,212,3662,-419,-21
3,114,212,3677,-361,-345
3,114,213,3675,-473,10
3,114,213,3680,-473,0
3,114,213,3688,-473,0
3,114,213,3704,-345,-361
3,114,214,3717,-361,-345
3,114,214,3726,-353,-353
3,114,215,3702,-353,-353
3,114,217,3699,-345,-361
3,114,217,3706,-359,-344
3,114,217,3707,-359,-344
3,114,217,3708,-359,-344
3,114,217,3709,-359,-344
3,114,217,3709,-334,-369
3,114,217,3710,-359,-344
3,114,217,3711,-359,-344
3,114,217,3711,-344,-359
3,114,217,3712,-359,-344
3,114,217,3714,-359,-344
3,114,217,3715,-359,-344
3,114,217,3716,-359,-344
3,114,217,3717,-359,-344
3,114,217,3717,-351,-351
3,114,217,3718,-359,-344
3,114,217,3719,-359,-344
3,114,217,3719,-351,-351
3,114,217,3720,-359,-344
3,114,217,3720,-351,-351
3,114,218,3674,-498,48
3,114,218,3676,-500,25
3,114,218,3703,-386,-316
3,114,218,3706,-369,-334
3,114,218,3706,-359,-344
3,114,218,3706,-351,-351
3,114,218,3712,-334,-369
3,114,218,3721,-359,-344
3,114,219,3706,-359,-344
3,114,220,3704,-386,-316
3,114,221,3676,-500,0
3,114,221,3684,-500,0
3,114,221,3701,-416,-277
3,114,221,3706,-386,-316
3,114,222,3675,-500,25
3,114,222,3704,-394,-306
3,114,222,3706,-378,-326
3,114,222,3708,-500,0
3,114,223,3705,-408,-287
3,114,224,3703,-408,-287
3,114,227,3668,-488,-109
3,114,227,3683,-500,0
3,114,229,3668,-494,74
3,114,231,3670,-488,-109
3,114,231,3675,-500,0
3,114,231,3676,-500,0
3,114,231,3682,-500,11
3,114,231,3684,-500,0
3,114,232,3674,-500,11
3,114,233,3672,-498,37
3,114,233,3675,-500,11
3,117,139,3796,0,0
3,117,159,3722,0,0
3,117,166,3794,-41,340
3,117,166,3796,26,0
3,117,168,3731,138,-74
3,117,168,3796,0,0
3,117,169,3788,-132,198
3,117,169,3788,-121,99
3,117,169,3790,-92,239
3,117,169,3792,10,209
3,117,169,3793,-92,258
3,117,169,3794,12,248
3,117,169,3795,16,326
3,117,169,3796,17,342
3,117,169,3796,18,369
3,117,170,3790,17,182
3,117,171,3788,0,52
3,117,171,3800,-16,-20
3,117,171,3800,0,-26
3,117,172,3797,185,346
3,117,177,3807,372,248
3,117,177,3818,-92,-411
3,117,179,3701,-132,161
3,117,179,3778,-261,0
3,117,180,3799,-107,353
3,117,180,3816,-141,-396
3,117,181,3816,-141,-396
3,117,183,3711,-237,247
3,117,183,3820,-150,-421
3,117,185,3741,-314,0
3,117,185,3767,-172,-200
3,117,187,3750,-159,0
3,117,187,3764,-126,-170
3,117,188,3774,-113,-108
3,117,190,3782,-189,-181
3,117,191,3783,-158,-175
3,117,193,3814,-500,0
3,117,198,3818,-500,0
3,117,199,3755,-418,0
3,117,200,3780,-335,-371
3,117,200,3817,-500,0
3,117,203,3741,-421,0
3,117,203,3817,-500,-11
3,117,204,3814,-497,0
3,117,205,3741,-447,0
3,117,207,3792,-345,-361
3,117,207,3795,-471,0
3,117,208,3751,-471,0
3,117,208,3784,-471,0
3,117,208,3785,-471,0
3,117,208,3786,-471,0
3,117,208,3811,-471,0
3,117,208,3812,-471,0
3,117,209,3741,-473,0
3,117,210,3747,-471,23
3,117,210,3754,-471,23
3,117,210,3756,-471,23
3,117,210,3763,-471,23
3,117,210,3765,-471,23
3,117,210,3774,-471,23
3,117,210,3778,-471,23
3,117,210,3778,-469,34
3,117,210,3782,-471,23
3,117,213,3741,-473,0
3,117,213,3805,-353,-353
3,117,213,3807,-444,0
3,117,213,3809,-444,0
3,117,213,3809,-335,-371
3,117,214,3806,-361,-345
3,117,214,3807,-444,-10
3,117,214,3808,-444,-10
3,117,215,3791,-353,-353
3,117,215,3807,-361,-345
3,117,216,3808,-353,-353
3,117,216,3808,-345,-361
3,117,217,3807,-351,-351
3,117,217,3807,-344,-359
3,117,217,3808,-353,-353
3,117,217,3808,-344,-359
3,117,217,3809,-361,-345
3,117,217,3809,-353,-353
3,117,217,3809,-344,-359
3,117,218,3742,-418,-21
3,117,218,3803,-418,0
3,117,218,3805,-418,0
3,117,218,3807,-418,0
3,117,218,3807,-351,-351
3,117,218,3811,-353,-353
3,117,219,3737,-418,0
3,117,219,3739,-418,0
3,117,219,3739,-417,30
3,117,219,3740,-417,30
3,117,219,3741,-417,30
3,117,219,3742,-417,30
3,117,219,3743,-418,-21
3,117,219,3743,-417,30
3,117,219,3744,-418,-21
3,117,219,3744,-418,0
3,117,219,3744,-417,30
3,117,219,3745,-417,30
3,117,219,3746,-417,30
3,117,219,3747,-417,30
3,117,219,3748,-417,30
3,117,219,3749,-418,0
3,117,219,3749,-417,30
3,117,219,3750,-417,30
3,117,219,3751,-418,0
3,117,219,3751,-417,30
3,117,219,3752,-417,30
3,117,219,3753,-417,30
3,117,219,3754,-417,30
3,117,219,3755,-417,30
3,117,219,3756,-417,30
3,117,219,3757,-417,30
3,117,219,3758,-417,30
3,117,219,3759,-417,30
3,117,219,3760,-417,30
3,117,219,3761,-417,30
3,117,219,3762,-417,30
3,117,219,3763,-417,30
3,117,219,3764,-417,30
3,117,219,3765,-417,30
3,117,219,3766,-417,30
3,117,219,3767,-417,30
3,117,219,3768,-417,30
3,117,219,3770,-417,30
3,117,219,3771,-417,30
3,117,219,3772,-417,30
3,117,219,3774,-417,30
3,117,219,3775,-417,30
3,117,219,3776,-418,0
3,117,219,3776,-417,30
3,117,219,3777,-417,30
3,117,219,3778,-417,30
3,117,219,3779,-417,30
3,117,219,3780,-417,30
3,117,219,3781,-417,30
3,117,219,3782,-417,30
3,117,219,3783,-417,30
3,117,219,3784,-417,30
3,117,219,3785,-417,30
3,117,219,3792,-418,0
3,117,219,3804,-418,0
3,117,219,3805,-418,0
3,117,219,3806,-418,0
3,117,219,3807,-418,0
3,117,219,3808,-418,0
3,117,219,3810,-353,-353
3,117,219,3812,-345,-361
3,117,220,3812,-361,-345
3,117,220,3812,-353,-353
3,117,221,3740,-500,0
3,117,221,3741,-500,0
3,117,221,3779,-392,0
3,117,221,3795,-392,0
3,117,221,3812,-353,-353
3,117,222,3740,-392,0
3,117,222,3741,-500,0
3,117,222,3742,-392,-9
3,117,222,3742,-392,0
3,117,222,3743,-392,-9
3,117,222,3743,-392,0
3,117,222,3801,-392,0
3,117,222,3802,-392,0
3,117,222,3803,-392,0
3,117,223,3730,-478,144
3,117,223,3740,-392,0
3,117,223,3742,-392,19
3,117,223,3743,-392,-9
3,117,223,3745,-392,-9
3,117,223,3746,-392,-9
3,117,223,3752,-392,0
3,117,223,3768,-392,19
3,117,223,3783,-392,19
3,117,223,3793,-392,8
3,117,223,3793,-392,19
3,117,225,3779,-366,0
3,117,225,3795,-366,0
3,117,226,3740,-366,0
3,117,226,3742,-366,-8
3,117,226,3742,-366,0
3,117,226,3743,-366,-8
3,117,226,3743,-366,0
3,117,226,3746,-366,-8
3,117,227,3737,-366,0
3,117,227,3738,-366,18
3,117,227,3739,-366,0
3,117,227,3739,-366,18
3,117,227,3740,-366,0
3,117,227,3740,-366,18
3,117,227,3741,-366,0
3,117,227,3741,-366,18
3,117,227,3742,-366,18
3,117,227,3743,-366,-8
3,117,227,3743,-366,18
3,117,227,3744,-366,-8
3,117,227,3744,-366,0
3,117,227,3744,-366,18
3,117,227,3745,-366,-8
3,117,227,3745,-366,18
3,117,227,3746,-366,18
3,117,227,3747,-366,18
3,117,227,3748,-366,18
3,117,227,3749,-366,0
3,117,227,3749,-366,18
3,117,227,3750,-366,18
3,117,227,3751,-366,0
3,117,227,3751,-366,18
3,117,227,3752,-366,0
3,117,227,3752,-366,18
3,117,227,3753,-366,18
3,117,227,3754,-366,18
3,117,227,3755,-366,18
3,117,227,3756,-366,18
3,117,227,3757,-366,18
3,117,227,3758,-366,18
3,117,227,3759,-366,18
3,117,227,3760,-366,18
3,117,227,3761,-366,18
3,117,227,3762,-366,18
3,117,227,3763,-366,18
3,117,227,3764,-366,18
3,117,227,3765,-366,18
3,117,227,3766,-366,18
3,117,227,3767,-366,18
3,117,227,3769,-366,18
3,117,227,3770,-366,18
3,117,227,3771,-366,18
3,117,227,3772,-366,18
3,117,227,3773,-366,18
3,117,227,3774,-366,18
3,117,227,3775,-366,18
3,117,227,3776,-366,0
3,117,227,3776,-366,18
3,117,227,3777,-366,18
3,117,227,3778,-366,18
3,117,227,3779,-366,18
3,117,227,3780,-366,18
3,117,227,3781,-366,18
3,117,227,3782,-366,18
3,117,227,3783,-366,18
3,117,227,3784,-366,18
3,117,227,3792,-366,0
3,117,228,3729,-478,144
3,117,228,3730,-478,144
3,117,228,3734,-442,66
3,117,229,3740,-361,0
3,117,229,3741,-340,0
3,117,229,3746,-340,0
3,117,229,3747,-340,0
3,117,229,3748,-340,0
3,117,229,3749,-492,-85
3,117,229,3751,-340,0
3,117,229,3752,-500,0
3,117,229,3753,-340,0
3,117,229,3754,-500,0
3,117,229,3755,-340,0
3,117,229,3759,-340,0
3,117,229,3764,-340,0
3,117,229,3766,-340,0
3,117,229,3769,-340,0
3,117,229,3774,-340,0
3,117,229,3775,-340,0
3,117,229,3776,-340,0
3,117,229,3777,-340,0
3,117,229,3778,-340,0
3,117,229,3780,-340,0
3,117,229,3782,-340,0
3,117,229,3784,-340,0
3,117,229,3785,-340,0
3,117,229,3786,-340,0
3,117,229,3787,-340,0
3,117,230,3731,-478,144
3,117,230,3741,-500,0
3,117,230,3791,-369,0
3,117,231,3740,-500,0
3,117,231,3741,-500,0
3,117,232,3741,-500,0
3,117,232,3744,-498,-37
3,119,160,3793,-44,-177
3,119,161,3787,242,-312
3,119,163,3787,26,1
3,119,164,3787,22,12
3,119,164,3795,-164,-87
3,119,164,3853,76,-137
3,119,165,3787,0,0
3,119,165,3787,22,13
3,119,165,3790,-233,-350
3,119,165,3790,-43,-446
3,119,165,3795,-179,-35
3,119,166,3787,94,-44
3,119,167,3794,-303,-162
3,119,168,3791,-28,-287
3,119,169,3789,13,-261
3,119,169,3791,-23,-234
3,119,169,3852,-121,99
3,119,169,3854,-70,169
3,119,169,3856,10,209
3,119,169,3860,26,1
3,119,170,3795,-29,-43
3,119,170,3852,-115,61
3,119,170,3852,-58,86
3,119,170,3853,-157,94
3,119,170,3858,5,264
3,119,171,3788,-22,-14
3,119,171,3852,0,52
3,119,171,3857,0,183
3,119,171,3869,0,-26
3,119,172,3851,-157,-8
3,119,173,3858,130,86
3,119,174,3781,-250,-75
3,119,174,3853,-208,20
3,119,177,3765,-92,411
3,119,177,3843,-212,0
3,119,186,3841,-78,0
3,119,188,3832,-212,0
3,119,188,3841,-130,0
3,119,189,3841,-157,0
3,119,190,3836,-154,-27
3,119,190,3841,-157,0
3,119,191,3837,-212,0
3,119,191,3839,-339,-51
3,119,192,3841,-183,0
3,119,192,3842,-183,0
3,119,194,3837,-208,-15
3,119,197,3834,-290,14
3,119,199,3829,-418,0
3,119,199,3831,-418,0
3,119,199,3832,-418,0
3,119,199,3839,-418,0
3,119,202,3841,-418,0
3,119,202,3843,-421,0
3,119,202,3844,-418,0
3,119,203,3835,-444,0
3,119,203,3841,-314,0
3,119,204,3838,-444,0
3,119,204,3841,-457,-126
3,119,205,3840,-495,36
3,119,205,3841,-392,0
3,119,205,3842,-392,0
3,119,206,3844,-444,0
3,119,208,3829,-471,0
3,119,208,3837,-471,0
3,119,208,3839,-471,0
3,119,208,3841,-471,0
3,119,208,3842,-471,0
3,119,209,3840,-471,0
3,119,209,3841,-471,0
3,119,209,3841,-366,0
3,119,209,3842,-366,0
3,119,210,3801,-471,23
3,119,210,3805,-471,23
3,119,210,3806,-471,23
3,119,210,3809,-471,23
3,119,210,3810,-471,23
3,119,210,3811,-471,23
3,119,210,3813,-471,23
3,119,210,3822,-471,23
3,119,210,3824,-471,23
3,119,210,3828,-471,23
3,119,210,3831,-471,23
3,119,210,3840,-471,23
3,119,210,3844,-471,0
3,119,211,3836,-444,0
3,119,212,3779,-345,361
3,119,212,3842,-444,0
3,119,212,3844,-444,0
3,119,213,3779,-353,353
3,119,214,3765,-416,277
3,119,214,3779,-353,353
3,119,214,3843,-498,-37
3,119,214,3844,-498,-37
3,119,214,3844,-492,-85
3,119,215,3843,-500,0
3,119,215,3844,-494,-74
3,119,216,3775,-345,361
3,119,216,3836,-418,0
3,119,217,3776,-351,351
3,119,217,3844,-500,-25
3,119,217,3844,-496,-60
3,119,218,3781,-334,368
3,119,218,3784,-353,353
3,119,218,3789,-359,343
3,119,218,3844,-500,-25
3,119,218,3844,-496,-60
3,119,219,3771,-345,361
3,119,219,3778,-417,30
3,119,219,3795,-417,30
3,119,219,3796,-417,30
3,119,219,3797,-417,30
3,119,219,3798,-417,30
3,119,219,3799,-417,30
3,119,219,3800,-417,30
3,119,219,3801,-417,30
3,119,219,3802,-417,30
3,119,219,3803,-417,30
3,119,219,3804,-417,30
3,119,219,3805,-417,30
3,119,219,3806,-417,30
3,119,219,3807,-417,30
3,119,219,3808,-417,30
3,119,219,3809,-417,30
3,119,219,3810,-417,30
3,119,219,3811,-417,30
3,119,219,3812,-417,30
3,119,219,3813,-417,30
3,119,219,3814,-417,30
3,119,219,3815,-417,30
3,119,219,3816,-417,30
3,119,219,3817,-417,30
3,119,219,3818,-417,30
3,119,219,3819,-417,30
3,119,219,3820,-417,30
3,119,219,3821,-417,30
3,119,219,3822,-417,30
3,119,219,3823,-417,30
3,119,219,3824,-417,30
3,119,219,3825,-417,30
3,119,219,3826,-417,30
3,119,219,3827,-417,30
3,119,219,3828,-417,30
3,119,219,3829,-417,30
3,119,219,3830,-417,30
3,119,219,3831,-417,30
3,119,219,3832,-417,30
3,119,219,3833,-417,30
3,119,219,3834,-417,30
3,119,219,3836,-417,30
3,119,219,3838,-418,-21
3,119,219,3838,-417,-31
3,119,219,3838,-417,30
3,119,219,3839,-417,30
3,119,219,3840,-417,30
3,119,219,3841,-418,21
3,119,219,3841,-417,30
3,119,220,3836,-490,97
3,119,221,3780,-392,0
3,119,221,3843,-500,0
3,119,222,3776,-441,53
3,119,222,3803,-392,0
3,119,222,3840,-392,0
3,119,222,3841,-392,8
3,119,223,3804,-392,0
3,119,223,3840,-392,19
3,119,223,3841,-392,8
3,119,223,3841,-392,19
3,119,224,3835,-490,97
3,119,224,3836,-366,0
3,119,225,3841,-363,-44
3,119,226,3803,-366,0
3,119,226,3805,-366,0
3,119,226,3809,-366,0
3,119,226,3811,-366,0
3,119,226,3812,-366,0
3,119,226,3814,-366,0
3,119,226,3834,-366,0
3,119,226,3840,-366,0
3,119,226,3841,-366,8
3,119,226,3841,-366,18
3,119,227,3792,-366,0
3,119,227,3793,-366,18
3,119,227,3794,-366,18
3,119,227,3795,-366,18
3,119,227,3796,-366,18
3,119,227,3797,-366,18
3,119,227,3798,-366,18
3,119,227,3799,-366,18
3,119,227,3800,-366,18
3,119,227,3801,-366,18
3,119,227,3802,-366,18
3,119,227,3803,-366,18
3,119,227,3804,-366,0
3,119,227,3804,-366,18
3,119,227,3805,-366,18
3,119,227,3806,-366,18
3,119,227,3807,-366,18
3,119,227,3808,-366,18
3,119,227,3809,-366,18
3,119,227,3810,-366,0
3,119,227,3810,-366,18
3,119,227,3811,-366,18
3,119,227,3812,-366,18
3,119,227,3813,-366,18
3,119,227,3814,-366,18
3,119,227,3815,-366,18
3,119,227,3816,-366,18
3,119,227,3817,-366,18
3,119,227,3818,-366,18
3,119,227,3819,-366,18
3,119,227,3820,-366,18
3,119,227,3821,-366,18
3,119,227,3822,-366,18
3,119,227,3823,-366,18
3,119,227,3824,-366,18
3,119,227,3825,-366,18
3,119,227,3826,-366,18
3,119,227,3827,-366,18
3,119,227,3828,-366,18
3,119,227,3829,-366,-8
3,119,227,3829,-366,18
3,119,227,3830,-366,18
3,119,227,3831,-366,0
3,119,227,3831,-366,18
3,119,227,3832,-366,18
3,119,227,3833,-366,18
3,119,227,3834,-366,18
3,119,227,3835,-366,18
3,119,227,3836,-366,0
3,119,227,3836,-366,18
3,119,227,3837,-366,18
3,119,227,3838,-366,-8
3,119,227,3838,-366,18
3,119,227,3839,-366,-18
3,119,227,3839,-366,18
3,119,227,3840,-366,18
3,119,228,3836,-340,0
3,119,228,3842,-340,0
3,119,229,3795,-340,0
3,119,229,3800,-340,0
3,119,229,3804,-340,0
3,119,229,3807,-340,0
3,119,229,3810,-340,0
3,119,229,3815,-340,0
3,119,229,3819,-340,0
3,119,229,3826,-340,0
3,119,229,3827,-340,0
3,119,229,3829,-340,0
3,119,229,3830,-340,0
3,119,229,3831,-340,0
3,119,229,3832,-340,0
3,119,229,3833,-340,0
3,119,229,3834,-490,97
3,119,229,3835,-492,85
3,119,229,3835,-340,0
3,119,229,3837,-340,0
3,119,229,3838,-340,0
3,119,229,3839,-340,0
3,119,229,3840,-340,0
3,119,229,3841,-340,0
3,119,229,3842,-340,0
3,119,230,3791,-369,0
3,119,230,3834,-490,97
3,119,230,3843,-500,0
3,119,231,3843,-500,0
3,119,232,3841,-498,-48
3,121,133,3828,218,187
3,121,139,3856,0,0
3,121,154,3859,92,-126
3,121,155,3858,-87,-130
3,121,156,3852,76,-280
3,121,160,3851,-26,0
3,121,160,3851,-23,11
3,121,160,3851,0,0
3,121,160,3851,22,-13
3,121,160,3851,26,-1
3,121,160,3851,217,-362
3,121,160,3854,-199,-372
3,121,161,3851,25,1
3,121,161,3851,47,-271
3,121,161,3851,225,-355
3,121,161,3859,182,-36
3,121,162,3851,80,-103
3,121,162,3851,96,-40
3,121,162,3851,97,-37
3,121,162,3851,119,-53
3,121,162,3851,134,-81
3,121,163,3844,-171,119
3,121,163,3852,-359,-309
3,121,163,3852,70,-468
3,121,164,3851,22,13
3,121,164,3851,26,1
3,121,164,3851,130,0
3,121,164,3853,-381,-281
3,121,164,3853,-107,-325
3,121,165,3851,22,13
3,121,165,3852,-58,-337
3,121,165,3853,-75,-335
3,121,165,3853,-67,-336
3,121,165,3858,-176,-48
3,121,165,3859,-143,-64
3,121,166,3851,26,0
3,121,166,3858,-144,-185
3,121,166,3858,-88,-133
3,121,167,3851,130,0
3,121,167,3855,204,-167
3,121,167,3857,-61,-172
3,121,168,3851,130,0
3,121,168,3855,15,-208
3,121,168,3858,-87,-130
3,121,168,3859,-232,-52
3,121,169,3851,18,-366
3,121,169,3851,130,0
3,121,169,3856,-17,-182
3,121,169,3859,-115,-62
3,121,170,3851,-26,-2
3,121,170,3857,2,-104
3,121,170,3859,-153,33
3,121,171,3849,-24,10
3,121,171,3850,0,0
3,121,171,3851,-26,-1
3,121,171,3851,-24,10
3,121,171,3854,-205,205
3,121,172,3844,-3,51
3,121,172,3854,-326,174
3,121,175,3832,-144,478
3,121,180,3847,-107,-353
3,121,183,3819,-137,453
3,121,184,3803,-156,474
3,121,187,3860,297,297
3,121,191,3871,-179,113
3,121,191,3873,-154,97
3,121,192,3854,-355,88
3,121,192,3873,-429,257
3,121,192,3876,-342,0
3,121,193,3853,-350,105
3,121,194,3839,-500,0
3,121,194,3876,-369,0
3,121,195,3818,-326,378
3,121,195,3828,-500,0
3,121,195,3877,-369,-8
3,121,197,3851,-431,107
3,121,198,3830,-500,0
3,121,198,3876,-395,0
3,121,199,3831,-500,-25
3,121,199,3832,-500,-25
3,121,200,3842,-500,25
3,121,202,3836,-497,0
3,121,202,3876,-421,0
3,121,202,3877,-421,0
3,121,203,3830,-497,-11
3,121,203,3832,-497,0
3,121,203,3851,-431,107
3,121,203,3851,-405,101
3,121,203,3877,-421,0
3,121,204,3842,-495,36
3,121,204,3850,-432,118
3,121,204,3850,-429,117
3,121,204,3851,-431,107
3,121,205,3834,-500,0
3,121,205,3853,-335,371
3,121,206,3864,-323,173
3,121,207,3850,-433,108
3,121,207,3851,-433,108
3,121,208,3835,-471,0
3,121,208,3836,-471,0
3,121,208,3837,-471,0
3,121,208,3838,-471,0
3,121,208,3849,-460,102
3,121,208,3875,-466,179
3,121,209,3848,-500,0
3,121,209,3848,-494,74
3,121,209,3876,-435,246
3,121,211,3820,-335,371
3,121,211,3836,-444,0
3,121,211,3837,-500,0
3,121,211,3848,-454,125
3,121,211,3849,-456,114
3,121,211,3849,-454,125
3,121,212,3841,-444,0
3,121,212,3848,-500,0
3,121,212,3848,-498,48
3,121,213,3839,-444,0
3,121,213,3840,-444,0
3,121,213,3841,-444,0
3,121,213,3847,-498,37
3,121,213,3848,-500,0
3,121,213,3848,-498,-37
3,121,213,3873,-451,212
3,121,213,3876,-473,0
3,121,214,3837,-490,97
3,121,214,3839,-444,10
3,121,214,3840,-444,0
3,121,214,3840,-444,10
3,121,214,3852,-353,353
3,121,214,3873,-457,203
3,121,214,3873,-451,212
3,121,214,3873,-441,236
3,121,214,3873,-435,246
3,121,214,3874,-492,85
3,121,215,3818,-335,371
3,121,215,3838,-444,10
3,121,215,3839,-444,10
3,121,215,3872,-451,212
3,121,216,3842,-418,0
3,121,216,3876,-473,10
3,121,217,3823,-335,371
3,121,217,3831,-359,343
3,121,217,3831,-351,351
3,121,217,3832,-351,351
3,121,217,3833,-359,343
3,121,217,3833,-351,351
3,121,217,3834,-359,343
3,121,217,3834,-351,351
3,121,217,3835,-359,343
3,121,217,3835,-351,351
3,121,217,3836,-359,343
3,121,217,3836,-351,351
3,121,217,3837,-359,343
3,121,217,3837,-351,351
3,121,217,3838,-359,343
3,121,217,3838,-351,351
3,121,217,3839,-359,343
3,121,217,3839,-351,351
3,121,217,3840,-351,351
3,121,217,3841,-359,343
3,121,217,3841,-351,351
3,121,217,3842,-418,0
3,121,217,3842,-359,343
3,121,217,3842,-351,351
3,121,217,3843,-418,0
3,121,217,3843,-359,343
3,121,217,3843,-351,351
3,121,217,3844,-359,343
3,121,217,3844,-351,351
3,121,217,3845,-359,343
3,121,217,3845,-351,351
3,121,217,3846,-359,343
3,121,217,3846,-351,351
3,121,217,3847,-359,343
3,121,217,3847,-351,351
3,121,217,3848,-351,351
3,121,217,3849,-351,351
3,121,217,3850,-359,343
3,121,217,3850,-351,351
3,121,217,3851,-351,351
3,121,217,3855,-359,343
3,121,217,3856,-351,351
3,121,217,3858,-359,343
3,121,217,3860,-351,351
3,121,217,3872,-457,203
3,121,218,3823,-344,358
3,121,218,3824,-344,358
3,121,218,3838,-378,326
3,121,218,3840,-378,326
3,121,218,3841,-418,21
3,121,218,3842,-378,326
3,121,218,3844,-500,0
3,121,218,3845,-418,0
3,121,218,3849,-378,326
3,121,218,3850,-378,326
3,121,218,3852,-344,358
3,121,218,3857,-375,237
3,121,218,3858,-387,218
3,121,219,3836,-490,97
3,121,219,3841,-418,21
3,121,219,3846,-418,0
3,121,219,3846,-340,325
3,121,219,3856,-382,229
3,121,219,3857,-382,229
3,121,219,3861,-401,189
3,121,219,3866,-474,156
3,121,220,3836,-490,97
3,121,220,3836,-340,325
3,121,220,3837,-340,325
3,121,220,3838,-340,325
3,121,220,3839,-340,325
3,121,220,3840,-340,325
3,121,220,3841,-340,325
3,121,220,3842,-340,325
3,121,220,3843,-500,0
3,121,220,3843,-340,325
3,121,220,3844,-340,325
3,121,220,3845,-350,316
3,121,220,3847,-340,325
3,121,220,3848,-340,325
3,121,220,3853,-340,325
3,121,220,3857,-340,325
3,121,221,3836,-488,109
3,121,221,3837,-492,85
3,121,221,3838,-470,57
3,121,221,3841,-392,8
3,121,221,3844,-500,0
3,121,221,3847,-386,316
3,121,221,3848,-386,316
3,121,221,3849,-344,281
3,121,221,3854,-353,223
3,121,221,3856,-364,205
3,121,221,3857,-369,197
3,121,221,3857,-364,205
3,121,222,3830,-371,335
3,121,222,3834,-371,335
3,121,222,3836,-492,85
3,121,222,3836,-371,335
3,121,222,3837,-371,335
3,121,222,3838,-371,335
3,121,222,3841,-392,8
3,121,222,3845,-371,335
3,121,222,3847,-418,-10
3,121,222,3847,-386,316
3,121,222,3854,-353,223
3,121,222,3855,-364,205
3,121,222,3856,-364,205
3,121,223,3837,-494,74
3,121,223,3838,-446,43
3,121,223,3854,-360,215
3,121,223,3855,-360,215
3,121,224,3855,-342,192
3,121,225,3851,-355,225
3,121,225,3853,-337,202
3,121,226,3848,-500,0
3,121,226,3857,-358,159
3,121,227,3857,-358,159
3,121,228,3862,-478,144
3,121,228,3863,-478,144
3,121,229,3862,-474,156
3,122,127,3885,-25,-6
3,122,139,3861,0,421
3,122,139,3866,0,380
3,122,139,3879,-23,315
3,122,148,3878,-249,-89
3,122,151,3877,-383,-96
3,122,154,3848,-296,402
3,122,163,3882,-190,-404
3,122,164,3873,-161,-390
3,122,170,3853,6,287
3,122,171,3832,0,500
3,122,171,3861,0,421
3,122,171,3880,-26,-2
3,122,171,3880,-24,9
3,122,171,3881,-26,-2
3,122,171,3883,-23,-12
3,122,171,3883,-22,-13
3,122,171,3884,-12,-23
3,122,171,3884,0,0
3,122,171,3885,-43,-29
3,122,171,3885,-12,-23
3,122,171,3885,0,0
3,122,171,3886,-12,-23
3,122,171,3888,-152,-101
3,122,171,3888,-74,-138
3,122,171,3888,0,0
3,122,171,3889,-74,-138
3,122,171,3890,-74,-138
3,122,171,3891,-162,-271
3,122,171,3891,-74,-138
3,122,171,3891,-43,-29
3,122,172,3840,-121,484
3,122,172,3840,-109,488
3,122,172,3841,-121,484
3,122,172,3883,-22,-13
3,122,172,3884,0,26
3,122,172,3891,0,26
3,122,172,3900,186,348
3,122,172,3933,75,141
3,122,174,3831,-109,488
3,122,174,3901,239,159
3,122,175,3832,-144,478
3,122,175,3880,-41,419
3,122,175,3882,-72,414
3,122,175,3882,-48,498
3,122,175,3882,-46,471
3,122,175,3885,-67,335
3,122,176,3856,-60,496
3,122,176,3867,-60,496
3,122,176,3870,-48,498
3,122,176,3880,-46,471
3,122,176,3884,-48,498
3,122,176,3886,-43,445
3,122,176,3895,-48,498
3,122,176,3900,328,219
3,122,176,3902,350,233
3,122,177,3843,-132,482
3,122,177,3857,-74,494
3,122,177,3904,312,30
3,122,177,3908,382,254
3,122,177,3915,350,233
3,122,178,3847,-277,416
3,122,178,3862,-102,408
3,122,178,3863,-81,466
3,122,178,3869,-87,438
3,122,178,3874,-92,411
3,122,178,3900,338,33
3,122,178,3919,416,277
3,122,179,3851,-74,494
3,122,179,3852,-85,492
3,122,179,3852,-74,494
3,122,179,3853,-85,492
3,122,179,3854,-85,492
3,122,179,3859,-74,494
3,122,179,3860,-85,492
3,122,179,3893,-85,492
3,122,179,3898,-108,433
3,122,179,3904,-103,462
3,122,179,3906,-108,433
3,122,179,3929,341,33
3,122,180,3834,-121,484
3,122,180,3836,-121,484
3,122,180,3849,-277,416
3,122,180,3855,-97,490
3,122,180,3887,-108,433
3,122,180,3904,-108,433
3,122,180,3909,-108,433
3,122,181,3848,-277,416
3,122,181,3849,-277,416
3,122,181,3850,-277,416
3,122,181,3855,-119,431
3,122,181,3855,-97,490
3,122,181,3856,-97,490
3,122,181,3872,-140,424
3,122,182,3835,-132,482
3,122,182,3842,-441,236
3,122,182,3851,-203,457
3,122,182,3860,-121,484
3,122,182,3911,-140,424
3,122,182,3917,-141,396
3,122,183,3844,-441,236
3,122,183,3845,-441,236
3,122,183,3855,-109,488
3,122,183,3879,-394,306
3,122,183,3901,-119,431
3,122,183,3902,-160,417
3,122,183,3921,-177,353
3,122,184,3845,-441,236
3,122,184,3846,-441,236
3,122,184,3846,-394,306
3,122,184,3876,-361,345
3,122,184,3876,-121,484
3,122,184,3899,-170,442
3,122,184,3900,-290,0
3,122,184,3910,-159,445
3,122,184,3914,-171,414
3,122,184,3918,-179,380
3,122,185,3832,-121,484
3,122,185,3891,-156,474
3,122,185,3898,-181,438
3,122,185,3901,-156,474
3,122,185,3913,-182,408
3,122,185,3918,-179,380
3,122,186,3881,-212,451
3,122,186,3894,-167,470
3,122,186,3917,-199,371
3,122,186,3918,-199,371
3,122,187,3840,-500,0
3,122,187,3880,-201,400
3,122,187,3884,-217,226
3,122,187,3904,-179,466
3,122,187,3912,-201,427
3,122,188,3843,-500,0
3,122,188,3843,-492,85
3,122,188,3857,-306,394
3,122,188,3875,-435,246
3,122,188,3876,-253,399
3,122,188,3889,-179,466
3,122,189,3843,-494,74
3,122,189,3883,-248,372
3,122,189,3885,-179,466
3,122,189,3886,-273,317
3,122,189,3897,-150,421
3,122,189,3918,-258,299
3,122,190,3877,-246,435
3,122,190,3888,-141,396
3,122,190,3888,-132,400
3,122,190,3892,-167,204
3,122,191,3872,-236,441
3,122,191,3874,-408,287
3,122,191,3917,-281,310
3,122,192,3879,-253,399
3,122,192,3880,-179,466
3,122,192,3884,-258,299
3,122,192,3887,-194,249
3,122,192,3898,-191,462
3,122,192,3925,-261,0
3,122,192,3961,-442,-170
3,122,192,3982,-500,0
3,122,193,3842,-498,37
3,122,193,3843,-500,0
3,122,193,3843,-498,37
3,122,193,3893,-203,457
3,122,193,3969,-360,-216
3,122,194,3881,-309,358
3,122,194,3914,-283,312
3,122,194,3975,-371,-335
3,122,195,3871,-435,246
3,122,195,3871,-408,287
3,122,195,3875,-262,394
3,122,195,3886,-291,304
3,122,195,3957,-381,-105
3,122,196,3869,-319,274
3,122,196,3870,-326,266
3,122,196,3871,-435,246
3,122,196,3871,-421,267
3,122,196,3878,-292,339
3,122,197,3871,-277,416
3,122,197,3877,-292,339
3,122,197,3885,-212,451
3,122,197,3888,-212,451
3,122,197,3891,-212,451
3,122,197,3893,-224,447
3,122,197,3897,-289,371
3,122,198,3858,-236,441
3,122,198,3858,-224,447
3,122,198,3859,-236,441
3,122,198,3893,-236,441
3,122,198,3900,-287,408
3,122,199,3860,-246,435
3,122,199,3875,-318,351
3,122,199,3881,-361,345
3,122,199,3890,-361,345
3,122,199,3891,-224,447
3,122,199,3893,-236,441
3,122,199,3966,-500,0
3,122,200,3852,-345,361
3,122,200,3868,-435,246
3,122,200,3868,-429,257
3,122,200,3869,-429,257
3,122,200,3872,-326,378
3,122,200,3879,-318,351
3,122,200,3911,-395,0
3,122,200,3961,-442,-170
3,122,201,3873,-326,378
3,122,201,3905,-335,371
3,122,201,3952,-362,-54
3,122,202,3900,-421,0
3,122,202,3901,-421,0
3,122,203,3854,-345,361
3,122,203,3881,-345,361
3,122,203,3882,-345,361
3,122,203,3884,-378,326
3,122,203,3884,-345,361
3,122,204,3866,-441,236
3,122,204,3876,-345,361
3,122,205,3865,-429,257
3,122,205,3866,-441,236
3,122,205,3962,-414,-171
3,122,206,3867,-335,371
3,122,206,3867,-326,378
3,122,206,3868,-335,371
3,122,206,3877,-353,353
3,122,206,3879,-353,353
3,122,206,3880,-353,353
3,122,206,3900,-447,0
3,122,207,3866,-335,371
3,122,207,3872,-335,371
3,122,207,3874,-353,353
3,122,207,3877,-353,353
3,122,207,3885,-371,335
3,122,207,3898,-335,371
3,122,207,3960,-450,-148
3,122,208,3861,-394,306
3,122,208,3880,-361,345
3,122,208,3882,-378,326
3,122,208,3882,-371,335
3,122,208,3898,-335,371
3,122,208,3900,-402,296
3,122,209,3878,-353,353
3,122,209,3880,-361,345
3,122,209,3882,-378,326
3,122,209,3882,-371,335
3,122,209,3932,-473,0
3,122,209,3964,-438,-181
3,122,210,3853,-353,353
3,122,210,3862,-429,257
3,122,210,3868,-335,371
3,122,210,3870,-353,353
3,122,210,3872,-353,353
3,122,210,3877,-353,353
3,122,210,3879,-353,353
3,122,210,3880,-353,353
3,122,210,3957,-307,-68
3,122,210,3965,-295,-105
3,122,211,3855,-378,326
3,122,211,3894,-335,371
3,122,211,3923,-314,0
3,122,212,3958,-459,-114
3,122,213,3857,-400,294
3,122,213,3861,-410,231
3,122,213,3869,-353,353
3,122,213,3871,-353,353
3,122,213,3873,-353,353
3,122,213,3904,-473,0
3,122,213,3908,-473,0
3,122,213,3923,-345,361
3,122,213,3940,-473,0
3,122,213,3966,-470,-167
3,122,214,3857,-361,345
3,122,214,3857,-353,353
3,122,214,3859,-405,242
3,122,214,3859,-400,253
3,122,214,3873,-353,353
3,122,214,3874,-378,326
3,122,214,3878,-378,326
3,122,214,3895,-394,306
3,122,215,3858,-416,277
3,122,215,3859,-405,242
3,122,215,3894,-361,345
3,122,215,3904,-500,0
3,122,216,3859,-433,244
3,122,216,3871,-359,343
3,122,216,3871,-351,351
3,122,217,3859,-387,218
3,122,217,3862,-359,343
3,122,217,3862,-351,351
3,122,217,3863,-359,343
3,122,217,3863,-351,351
3,122,217,3864,-359,343
3,122,217,3864,-351,351
3,122,217,3865,-359,343
3,122,217,3865,-351,351
3,122,217,3866,-359,343
3,122,217,3866,-351,351
3,122,217,3867,-359,343
3,122,217,3867,-351,351
3,122,217,3868,-351,351
3,122,217,3869,-351,351
3,122,217,3870,-359,343
3,122,217,3870,-351,351
3,122,217,3871,-359,343
3,122,217,3871,-351,351
3,122,217,3872,-351,351
3,122,217,3873,-359,343
3,122,217,3873,-351,351
3,122,218,3855,-344,358
3,122,218,3858,-387,218
3,122,218,3861,-344,358
3,122,218,3862,-359,343
3,122,218,3863,-344,358
3,122,218,3869,-344,358
3,122,218,3870,-359,343
3,122,218,3942,-500,-11
3,122,219,3869,-340,325
3,122,219,3870,-350,316
3,122,219,3870,-340,325
3,122,219,3872,-357,307
3,122,220,3862,-340,325
3,122,220,3869,-340,325
3,122,220,3872,-364,298
3,122,220,3872,-357,307
3,122,221,3871,-364,298
3,122,221,3872,-364,298
3,122,221,3872,-357,307
3,122,222,3861,-371,335
3,122,222,3862,-371,335
3,122,222,3864,-371,335
3,122,222,3866,-371,335
3,122,222,3867,-371,335
3,122,222,3869,-371,335
3,122,222,3870,-371,335
3,122,222,3871,-371,335
3,122,222,3872,-364,298
3,122,222,3875,-416,277
3,122,222,3876,-416,277
3,122,223,3908,-500,0
3,122,225,3904,-500,0
3,122,226,3908,-500,0
3,122,226,3910,-498,-37
3,122,226,3915,-498,-37
3,122,230,3904,-500,0
3,122,230,3923,-500,0
3,122,230,3944,-500,0
3,122,230,3951,-500,0
4,2,171,108,0,0
4,2,171,109,-20,-16
4,2,171,110,-29,-43
4,2,171,110,-16,-50
4,2,171,111,-280,-77
4,2,171,111,-16,-20
4,2,171,113,-25,-5
4,2,171,113,0,261
4,2,171,115,-19,16
4,2,171,115,0,0
4,2,171,120,0,130
4,2,171,139,0,-421
4,2,171,141,0,-447
4,2,171,142,0,-314
4,2,171,145,0,-473
4,2,171,148,-109,-488
4,2,171,149,0,-473
4,2,171,168,0,-500
4,2,172,118,149,279
4,2,172,150,-109,-488
4,2,180,117,-171,65
4,2,180,122,-309,-69
4,2,181,144,-126,-457
4,2,182,165,-144,-478
4,2,185,117,15,314
4,2,188,108,89,128
4,2,188,156,0,-500
4,2,189,119,-198,170
4,2,190,126,-219,-229
4,2,190,127,-326,-378
4,2,192,126,-274,247
4,2,193,109,-259,51
4,2,194,128,-217,-227
4,2,195,114,-101,244
4,2,195,134,-345,-361
4,2,195,135,-277,-416
4,2,196,109,117,176
4,2,196,118,-75,334
4,2,196,134,-326,-378
4,2,196,135,-345,-361
4,2,196,147,-345,-361
4,2,197,111,-130,259
4,2,197,115,-6,261
4,2,197,135,-326,-378
4,2,200,115,-100,242
4,2,200,147,-345,-361
4,2,200,149,-345,-361
4,2,204,148,-361,-345
4,2,204,149,-361,-345
4,2,204,149,-353,-353
4,2,204,150,-353,-353
4,2,206,129,-335,-371
4,2,206,145,-361,-345
4,2,206,147,-345,-361
4,2,207,130,-335,-371
4,2,207,142,-353,-353
4,2,207,144,-353,-353
4,2,207,147,-353,-353
4,2,207,148,-353,-353
4,2,207,149,-345,-361
4,2,208,143,-353,-353
4,2,208,144,-353,-353
4,2,208,149,-353,-353
4,2,208,150,-353,-353
4,2,209,141,-345,-361
4,2,209,142,-353,-353
4,2,209,151,-353,-353
4,2,210,141,-345,-361
4,2,210,144,-345,-361
4,2,210,148,-353,-353
4,2,211,137,-335,-371
4,2,211,144,-345,-361
4,2,211,146,-353,-353
4,2,211,147,-361,-345
4,2,211,148,-361,-345
4,2,211,150,-361,-345
4,2,212,144,-345,-361
4,2,213,146,-353,-353
4,2,214,137,-335,-371
4,2,215,149,-353,-353
4,2,217,141,-345,-361
4,2,218,115,-383,-96
4,2,222,148,-353,-353
4,2,223,147,-353,-353
4,2,224,105,-205,-116
4,2,224,148,-353,-353
4,2,224,148,-345,-361
4,2,225,106,-298,-106
4,2,225,107,-320,-123
4,2,227,38,-344,194
4,2,229,107,-344,-132
4,2,229,137,-300,-332
4,2,232,104,-260,19
4,2,232,105,-261,13
4,2,232,107,-407,0
4,2,232,117,-462,-103
4,2,232,118,-393,-151
4,2,233,49,-260,19
4,2,233,104,-260,19
4,2,233,116,-464,-92
4,2,234,104,-234,17
4,2,235,100,-421,0
4,2,236,99,-421,0
4,2,236,100,-421,0
4,2,236,104,-234,17
4,2,237,100,-447,0
4,2,237,106,-261,0
4,2,237,107,-447,0
4,2,237,119,-484,-121
4,2,237,122,-424,-212
4,2,240,98,-447,10
4,2,240,100,-447,0
4,2,241,98,-473,10
4,2,241,100,-473,0
4,2,241,103,-208,15
4,2,242,142,-353,-353
4,2,244,100,-500,0
4,2,245,98,-473,10
4,2,245,99,-473,0
4,2,245,100,-478,-144
4,2,245,100,-473,0
4,2,245,123,-478,-144
4,2,246,128,-470,-167
4,2,247,122,-484,-121
4,2,249,124,-416,-277
4,2,250,125,-416,-277
4,2,251,121,-408,-287
4,2,251,123,-482,-132
4,2,251,130,-466,-179
4,2,253,109,-462,-191
4,2,255,110,-470,-167
4,2,255,111,-470,-167
4,2,256,109,-466,-179
4,2,257,113,-466,-179
4,2,258,113,-369,-132
4,2,260,113,-470,-167
4,38,162,1172,74,248
4,38,165,1172,203,203
4,38,171,1163,0,500
4,38,171,1175,0,395
4,38,171,1178,0,104
4,38,171,1192,-16,19
4,38,171,1196,-25,-4
4,38,175,1185,-84,278
4,38,175,1192,-114,295
4,38,176,1192,-146,309
4,38,180,1171,-129,428
4,38,180,1178,-132,371
4,38,189,1199,25,-263
4,38,195,1199,-177,-196
4,38,196,1164,-345,361
4,38,198,1161,-335,371
4,38,199,1163,-345,361
4,38,200,1160,-353,353
4,38,200,1185,-235,245
4,38,201,1161,-335,371
4,38,201,1166,-345,361
4,38,203,1163,-361,345
4,38,203,1186,-361,345
4,38,205,1160,-277,416
4,38,205,1161,-287,408
4,38,205,1163,-353,353
4,38,205,1183,-335,371
4,38,206,1161,-287,408
4,38,206,1172,-345,361
4,38,207,1160,-296,402
4,38,207,1172,-345,361
4,38,207,1179,-345,361
4,38,208,1162,-353,353
4,38,208,1168,-353,353
4,38,209,1167,-353,353
4,38,209,1168,-353,353
4,38,209,1169,-345,361
4,38,210,1161,-335,371
4,38,210,1162,-353,353
4,38,210,1162,-345,361
4,38,210,1162,-335,371
4,38,210,1163,-345,361
4,38,210,1164,-345,361
4,38,211,1178,-345,361
4,38,211,1188,-116,141
4,38,211,1189,-132,161
4,38,212,1188,-136,158
4,38,213,1168,-106,322
4,38,217,1182,-217,226
4,38,225,1218,-312,242
4,38,226,1177,-283,312
4,38,234,1198,-416,62
4,38,235,1195,-408,101
4,38,235,1196,-411,92
4,38,236,1195,-323,309
4,38,237,1161,-353,353
4,38,241,1166,-353,353
4,38,241,1190,-361,345
4,38,241,1191,-316,386
4,38,242,1163,-371,335
4,38,242,1163,-345,361
4,38,242,1166,-353,353
4,38,242,1175,-361,345
4,38,242,1189,-361,345
4,38,242,1189,-326,378
4,38,243,1189,-326,378
4,38,244,1172,-345,361
4,38,244,1180,-345,361
4,38,245,1204,-473,0
4,38,245,1205,-500,0
4,38,250,1204,-500,0
4,38,253,1204,-500,0
4,38,256,1204,-500,0
4,38,256,1204,-478,144
4,38,256,1204,-451,212
4,38,258,1196,-484,121
4,38,259,1204,-500,0
4,38,261,1197,-490,97
5,90,171,2964,0,-500
5,90,188,2955,0,-421
5,90,189,2980,48,-498
5,90,190,2943,-361,-345
5,90,190,2955,41,-419
5,90,192,2957,0,-447
5,90,192,2965,0,-473
5,90,200,2942,423,-212
5,90,203,2969,-353,-353
5,90,204,2969,-361,-345
5,90,204,2969,-353,-353
5,90,206,2970,-361,-345
5,90,208,2970,-353,-353
5,90,211,2972,-361,-345
5,90,213,2968,-345,-361
5,90,213,2969,-345,-361
5,90,214,2925,86,130
5,90,214,2971,-306,-394
5,90,215,2967,-345,-361
5,90,215,2970,-353,-353
5,90,216,2967,-345,-361
5,90,216,2971,-344,-359
5,90,217,2967,-345,-361
5,90,217,2972,-344,-359
5,90,218,2936,-310,61
5,90,218,2971,-344,-359
5,90,219,2967,-345,-361
5,90,219,2971,-344,-359
5,90,220,2967,-353,-353
5,90,220,2971,-344,-359
5,90,221,2967,-345,-361
5,90,222,2967,-345,-361
5,90,222,2971,-344,-359
5,90,223,2967,-345,-361
5,90,223,2970,-351,-351
5,90,224,2967,-345,-361
5,90,224,2971,-344,-359
5,90,225,2971,-344,-359
5,90,226,2967,-345,-361
5,90,226,2971,-344,-359
5,90,227,2971,-344,-359
5,90,228,2967,-345,-361
5,90,229,2967,-345,-361
5,90,229,2971,-344,-359
5,90,230,2967,-345,-361
5,90,231,2967,-345,-361
5,90,231,2971,-344,-359
5,90,233,2924,-92,92
5,90,233,2967,-345,-361
5,90,233,2971,-344,-359
5,90,234,2967,-345,-361
5,90,234,2971,-344,-359
5,90,235,2967,-345,-361
5,90,236,2922,132,161
5,90,236,2936,-51,-418
5,90,236,2971,-344,-359
5,90,237,2903,130,86
5,90,237,2967,-345,-361
5,90,237,2971,-344,-359
5,90,238,2932,-106,-298
5,90,238,2967,-345,-361
5,90,238,2971,-344,-359
5,90,240,2917,209,-10
5,90,240,2919,238,11
5,90,240,2967,-353,-353
5,90,240,2967,-345,-361
5,90,240,2971,-344,-359
5,90,241,2967,-345,-361
5,90,241,2971,-344,-359
5,90,242,2967,-345,-361
5,90,243,2971,-344,-359
5,90,244,2923,287,-14
5,90,244,2967,-345,-361
5,90,244,2971,-344,-359
5,90,245,2952,-141,-396
5,90,245,2953,-141,-396
5,90,245,2955,-140,-425
5,90,245,2967,-345,-361
5,90,245,2971,-344,-359
5,90,246,2960,-137,-453
5,90,247,2958,-150,-421
5,90,247,2967,-345,-361
5,90,247,2971,-344,-359
5,90,248,2967,-345,-361
5,90,248,2971,-344,-359
5,90,249,2967,-345,-361
5,90,250,2967,-345,-361
5,90,250,2968,-167,-470
5,90,250,2971,-344,-359
5,90,251,2961,0,-500
5,90,251,2967,-345,-361
5,90,251,2971,-344,-359
5,90,251,2972,0,-500
5,90,252,2961,0,-500
5,90,252,2967,-345,-361
5,90,252,2968,-371,-335
5,90,252,2971,-344,-359
5,90,253,2971,-344,-359
5,90,254,2967,-345,-361
5,90,254,2971,-344,-359
5,90,255,2967,-353,-353
5,90,255,2967,-345,-361
5,90,255,2971,-344,-359
5,90,256,2950,0,-229
5,90,256,2952,0,-366
5,90,256,2964,0,-500
5,90,256,2964,0,-497
5,90,256,2965,0,-466
5,90,256,2965,0,-444
5,90,256,2966,0,-466
5,90,256,2966,0,-444
5,90,256,2967,-345,-361
5,90,256,2967,0,-466
5,90,256,2968,-345,-361
5,90,257,2965,-25,-500
5,90,257,2966,-25,-500
5,90,257,2966,-24,-471
5,90,257,2967,-345,-361
5,90,257,2967,-25,-498
5,90,257,2968,-345,-361
5,90,257,2968,-24,-471
5,90,257,2968,-22,-444
5,90,257,2971,-344,-359
5,90,258,2963,-81,-464
5,90,258,2965,-48,-498
5,90,258,2967,-353,-353
5,90,258,2967,-345,-361
5,90,258,2968,-345,-361
5,90,258,2971,-344,-359
5,90,259,2967,-353,-353
5,90,259,2967,-345,-361
5,90,259,2968,-345,-361
5,90,259,2971,-344,-359
5,90,260,2967,-345,-361
5,90,260,2968,-345,-361
5,90,260,2971,-344,-359
5,90,261,2971,-344,-359
5,90,262,2970,-351,-351
5,90,262,2971,-344,-359
5,90,263,2971,-344,-359
5,90,264,2956,-181,-438
5,90,265,2964,-266,-419
5,90,267,2902,-465,-70
5,90,268,2938,-417,-160
5,90,268,2962,-371,-335
5,90,271,2960,-371,-335
5,90,272,2944,-361,-345
5,90,273,2959,-378,-326
5,90,275,2963,-361,-345
5,90,275,2968,-371,-335
5,90,276,2963,-361,-345
5,90,277,2963,-378,-326
5,90,286,2923,-500,0
5,90,295,2923,-500,0
5,90,296,2923,-500,0
5,90,296,2931,-490,-97
5,90,299,2923,-500,0
5,113,156,3561,0,473
5,113,166,3573,-21,421
5,113,170,3568,0,316
5,113,171,3700,0,-500
5,113,180,3567,0,290
5,113,185,3686,0,-500
5,113,192,3693,0,-447
5,113,196,3580,13,261
5,113,196,3592,-148,449
5,113,215,3664,112,223
5,113,215,3673,-265,293
5,113,217,3570,53,444
5,113,218,3661,101,152
5,113,220,3564,0,440
5,113,221,3566,-353,353
5,113,223,3660,164,87
5,113,223,3661,143,117
5,113,223,3662,146,153
5,113,224,3661,163,133
5,113,226,3572,-148,449
5,113,226,3662,-77,-13
5,113,227,3662,-77,-15
5,113,227,3662,130,195
5,113,228,3589,0,159
5,113,228,3663,-75,-23
5,113,228,3692,-345,-361
5,113,229,3662,170,119
5,113,229,3681,-361,-345
5,113,230,3664,105,210
5,113,230,3665,-242,242
5,113,232,3563,-335,371
5,113,233,3675,0,52
5,113,234,3586,-177,196
5,113,234,3666,-304,-291
5,113,235,3660,-262,31
5,113,236,3560,-326,378
5,113,236,3689,-345,-361
5,113,237,3605,207,111
5,113,238,3660,-156,-35
5,113,241,3668,-182,-321
5,113,241,3681,0,-340
5,113,243,3685,-114,-378
5,113,244,3689,-121,-403
5,113,244,3692,-129,-428
5,113,246,3695,-137,-453
5,113,246,3696,-137,-453
5,113,246,3700,-126,-457
5,113,247,3694,-150,-421
5,113,248,3710,22,-444
5,113,248,3711,43,-443
5,113,248,3713,30,-417
5,113,249,3703,-345,-361
5,113,249,3706,45,-469
5,113,249,3709,43,-443
5,113,250,3595,-272,163
5,113,250,3703,-345,-361
5,113,250,3704,-167,-470
5,113,251,3581,-227,322
5,113,251,3696,-353,-353
5,113,251,3703,-353,-353
5,113,251,3703,-345,-361
5,113,251,3704,-345,-361
5,113,251,3705,0,-497
5,113,251,3709,0,-500
5,113,252,3703,-353,-353
5,113,252,3703,-345,-361
5,113,252,3703,0,-497
5,113,252,3704,0,-500
5,113,252,3705,0,-497
5,113,252,3705,0,-418
5,113,252,3706,0,-418
5,113,252,3707,-344,-359
5,113,252,3707,0,-471
5,113,252,3707,0,-418
5,113,252,3709,0,-444
5,113,252,3709,0,-392
5,113,252,3710,0,-392
5,113,253,3653,-173,-67
5,113,253,3703,-353,-353
5,113,253,3703,-345,-361
5,113,253,3704,-345,-361
5,113,253,3705,0,-418
5,113,253,3707,-344,-359
5,113,253,3708,-21,-418
5,113,254,3703,-353,-353
5,113,254,3703,-345,-361
5,113,254,3706,-351,-351
5,113,254,3707,-344,-359
5,113,255,3577,-258,332
5,113,255,3703,-353,-353
5,113,255,3703,-345,-361
5,113,255,3707,-344,-359
5,113,255,3708,-359,-344
5,113,256,3689,0,-407
5,113,256,3697,0,-500
5,113,256,3703,-361,-345
5,113,256,3703,-353,-353
5,113,256,3703,-345,-361
5,113,256,3704,-345,-361
5,113,256,3706,-351,-351
5,113,256,3707,-351,-351
5,113,256,3707,-344,-359
5,113,257,3665,-357,-89
5,113,257,3702,-24,-471
5,113,257,3703,-353,-353
5,113,257,3703,-345,-361
5,113,257,3704,-345,-361
5,113,257,3704,-24,-471
5,113,257,3706,-351,-351
5,113,257,3706,-344,-359
5,113,257,3707,-344,-359
5,113,258,3703,-345,-361
5,113,258,3706,-351,-351
5,113,258,3707,-351,-351
5,113,258,3707,-344,-359
5,113,259,3590,-349,186
5,113,259,3590,-344,194
5,113,259,3703,-353,-353
5,113,259,3703,-345,-361
5,113,259,3704,-345,-361
5,113,259,3706,-351,-351
5,113,259,3707,-344,-359
5,113,260,3583,0,500
5,113,260,3703,-345,-361
5,113,260,3704,-345,-361
5,113,260,3706,-351,-351
5,113,260,3707,-344,-359
5,113,261,3582,-332,258
5,113,261,3601,-287,21
5,113,261,3707,-344,-359
5,113,262,3666,-383,-96
5,113,262,3706,-351,-351
5,113,262,3707,-344,-359
5,113,263,3588,-372,198
5,113,263,3666,-386,-86
5,113,263,3668,-437,-98
5,113,263,3699,-223,-444
5,113,263,3707,-344,-359
5,113,263,3708,-344,-359
5,113,264,3668,-437,-98
5,113,264,3707,-344,-359
5,113,264,3708,-344,-359
5,113,265,3666,-411,-92
5,113,265,3669,-403,-121
5,113,265,3671,-396,-141
5,113,265,3700,-266,-419
5,113,266,3656,-235,11
5,113,266,3698,-296,-402
5,113,267,3583,-384,230
5,113,267,3651,-421,0
5,113,267,3659,-209,0
5,113,268,3667,-437,-98
5,113,268,3670,-372,-248
5,113,269,3679,0,-500
5,113,270,3650,-447,10
5,113,270,3650,-447,22
5,113,270,3670,-372,-248
5,113,270,3679,0,-500
5,113,271,3652,-459,0
5,113,271,3668,-439,-87
5,113,271,3668,-437,-98
5,113,271,3668,-358,-80
5,113,271,3670,-416,-277
5,113,272,3655,-208,15
5,113,273,3649,-472,35
5,113,273,3650,-473,10
5,113,273,3655,-208,15
5,113,273,3694,-361,-345
5,113,273,3694,-353,-353
5,113,274,3672,-224,-418
5,113,274,3695,-361,-345
5,113,274,3695,-353,-353
5,113,274,3696,-361,-345
5,113,274,3696,-345,-361
5,113,276,3659,-500,0
5,113,276,3669,-394,-262
5,113,276,3672,-224,-418
5,113,277,3650,-473,10
5,113,277,3652,-473,0
5,113,277,3672,-484,-121
5,113,277,3675,-345,-361
5,113,277,3698,-361,-345
5,113,277,3698,-345,-361
5,113,278,3653,-462,-191
5,113,280,3655,-466,-179
5,113,283,3664,-466,-179
5,113,283,3665,-466,-179
5,113,285,3665,-428,-165
5,113,286,3662,-470,-167
5,113,286,3663,-470,-167
5,113,287,3662,-470,-167
5,113,287,3663,-466,-179
5,113,289,3668,-404,-155
5,113,290,3660,-490,-97
5,113,290,3662,-474,-156
5,113,290,3668,-482,-132
5,113,291,3664,-474,-156
5,113,291,3664,-466,-179
5,113,291,3665,-470,-167
5,113,292,3665,-470,-167
5,113,292,3668,-470,-167
5,113,292,3668,-466,-179
5,113,293,3668,-466,-179
7,39,198,1190,167,470
7,39,220,1207,0,395
7,39,239,1205,31,419
7,39,240,1192,-148,449
7,39,240,1205,0,421
7,39,243,1194,402,296
7,39,244,1193,378,326
7,39,248,1205,0,421
7,39,251,1205,0,421
7,39,252,1179,0,500
7,39,252,1205,0,421
7,39,252,1212,0,369
7,39,254,1211,27,367
7,39,255,1205,21,421
7,39,256,1205,0,421
7,39,256,1207,0,395
7,39,256,1218,-255,-266
7,39,259,1234,115,-110
7,39,259,1235,-115,-62
7,39,260,1193,0,500
7,39,260,1205,0,421
7,39,264,1234,132,-126
7,39,267,1210,132,371
7,39,267,1234,101,-152
7,39,270,1235,138,-74
7,39,272,1205,0,421
7,39,274,1209,-211,316
7,39,275,1201,22,447
7,39,275,1205,0,421
7,39,275,1205,21,421
7,39,276,1205,0,421
7,39,276,1207,-25,261
7,39,277,1204,-435,246
7,39,280,1187,0,500
7,39,280,1191,0,500
7,39,284,1189,-256,426
7,39,284,1203,-500,25
7,39,284,1204,-500,0
7,39,286,1204,-500,0
7,39,287,1198,-447,224
7,39,288,1199,-369,131
7,39,290,1190,-371,335
7,39,290,1190,-361,345
7,39,291,1193,-408,287
7,39,291,1193,-386,316
7,39,327,1261,-394,-29
7,39,330,1261,-421,-21
7,39,333,1260,-447,0
7,39,337,1276,-473,0
8,89,221,2916,291,-304
8,89,225,2928,451,-212
8,89,230,2926,451,-212
8,89,235,2899,3,-26
8,89,248,2895,-220,-146
8,89,252,2922,0,-421
8,89,256,2924,0,-421
8,89,256,2933,0,-473
8,89,258,2922,0,-421
8,89,261,2922,0,-421
8,89,273,2922,0,-421
8,89,296,2922,0,-421
8,89,297,2926,33,-446
8,89,298,2922,0,-421
8,89,299,2923,21,-421
8,89,306,2922,31,-419
8,89,307,2919,19,-395
8,89,307,2922,21,-421
8,89,308,2914,0,-369
8,89,308,2922,0,-421
8,89,308,2923,-407,0
8,89,309,2923,-380,0
8,89,309,2924,-267,-421
8,89,312,2927,-361,-345
8,89,314,2923,-500,0
8,89,315,2923,-500,0
8,89,316,2931,-306,-394
8,89,316,2938,0,-500
8,89,316,2941,0,-500
8,89,316,2941,148,-450
8,89,317,2936,-236,-441
8,89,318,2936,-236,-441
8,89,318,2939,0,-500
8,89,319,2923,-500,0
8,89,320,2930,-85,-492
8,89,320,2933,0,-473
8,89,321,2937,-335,-371
8,89,324,2933,-416,-277
8,89,340,2816,-202,273
8,89,344,2912,-319,-275
8,89,365,2867,-447,0
8,89,371,2917,-421,-267
8,89,373,2861,-470,57
9,38,242,1199,220,-390
9,38,247,1197,355,-225
9,38,248,1196,9,-421
9,38,248,1200,0,-421
9,38,248,1212,21,-418
9,38,249,1162,191,462
9,38,249,1200,9,-421
9,38,249,1204,0,-421
9,38,250,1163,167,470
9,38,250,1208,0,-421
9,38,251,1211,-9,-395
9,38,251,1213,-33,338
9,38,252,1163,0,500
9,38,252,1189,0,500
9,38,253,1164,97,437
9,38,254,1163,41,419
9,38,255,1160,22,444
9,38,255,1160,43,442
9,38,255,1160,48,498
9,38,255,1161,48,498
9,38,255,1162,48,498
9,38,255,1194,-61,-308
9,38,255,1236,50,-15
9,38,256,1158,0,418
9,38,256,1160,0,471
9,38,256,1160,22,444
9,38,256,1162,0,444
9,38,256,1162,0,447
9,38,256,1163,0,444
9,38,256,1163,0,466
9,38,256,1236,46,-25
9,38,257,1211,-307,204
9,38,257,1215,-311,-197
9,38,257,1219,-156,275
9,38,257,1236,46,-25
9,38,258,1191,291,-226
9,38,258,1205,-142,-369
9,38,261,1207,-183,-289
9,38,261,1212,-255,-266
9,38,262,1207,-135,-285
9,38,263,1206,-261,-6
9,38,264,1209,-283,-142
9,38,264,1212,-339,33
9,38,265,1207,-314,-16
9,38,265,1211,-316,16
9,38,265,1212,-316,7
9,38,266,1225,-287,14
9,38,266,1228,-175,-158
9,38,268,1197,-227,-217
9,38,268,1215,-240,-240
9,38,269,1211,-290,14
9,38,270,1178,23,312
9,38,270,1215,-372,248
9,38,270,1218,-350,233
9,38,271,1203,-208,-111
9,38,271,1207,-211,-21
9,38,271,1218,-285,134
9,38,271,1221,-329,219
9,38,271,1236,-28,44
9,38,271,1236,0,0
9,38,272,1186,0,209
9,38,272,1187,0,209
9,38,272,1233,-220,146
9,38,273,1203,-179,35
9,38,273,1204,-104,0
9,38,273,1204,-99,-32
9,38,273,1211,-176,-117
9,38,273,1212,-198,-132
9,38,273,1220,-169,-70
9,38,274,1147,18,366
9,38,274,1147,26,364
9,38,274,1148,18,366
9,38,274,1148,26,364
9,38,274,1204,-77,13
9,38,275,1146,0,340
9,38,275,1154,0,392
9,38,275,1203,-99,-121
9,38,275,1204,-41,32
9,38,275,1204,-25,46
9,38,275,1204,-10,23
9,38,275,1205,-138,74
9,38,275,1205,-33,70
9,38,275,1210,-99,-121
9,38,276,1146,0,340
9,38,276,1146,0,342
9,38,276,1147,0,340
9,38,276,1187,0,500
9,38,277,1146,0,340
9,38,277,1147,0,340
9,38,278,1146,0,340
9,38,279,1146,0,340
9,38,280,1146,0,340
9,38,280,1147,0,340
9,38,280,1187,0,183
9,38,280,1190,0,104
9,38,281,1146,0,340
9,38,281,1161,408,287
9,38,282,1146,0,340
9,38,282,1147,0,340
9,38,282,1157,378,326
9,38,282,1194,394,262
9,38,283,1146,0,340
9,38,283,1200,187,-255
9,38,284,1159,378,326
9,38,285,1156,353,353
9,38,285,1156,361,345
9,38,286,1146,0,340
9,38,286,1155,353,353
9,38,286,1156,353,353
9,38,286,1158,361,345
9,38,287,1157,345,361
9,38,287,1157,353,353
9,38,288,1146,0,340
9,38,288,1147,0,340
9,38,288,1159,361,345
9,38,290,1157,351,351
9,38,291,1146,0,340
9,38,291,1157,343,358
9,38,291,1184,297,255
9,38,293,1146,0,340
9,38,294,1146,0,340
9,38,295,1146,0,340
9,38,296,1146,0,340
9,38,298,1146,0,340
9,38,298,1147,0,340
9,38,299,1146,0,340
9,38,300,1146,0,340
9,38,301,1146,0,340
9,38,302,1146,0,340
9,38,302,1157,358,343
9,38,303,1146,0,340
9,38,303,1147,0,340
9,38,303,1158,279,378
9,38,304,1146,0,340
9,38,304,1147,0,340
9,38,304,1158,0,418
9,38,304,1182,0,261
9,38,304,1183,0,261
9,38,304,1184,0,235
9,38,304,1187,0,183
9,38,304,1195,0,157
9,38,305,1146,0,340
9,38,305,1203,138,-74
9,38,306,1146,0,340
9,38,307,1146,0,340
9,38,308,1146,0,340
9,38,310,1146,0,340
9,38,311,1146,0,340
9,38,312,1146,0,340
9,38,312,1203,134,-81
9,38,313,1146,0,340
9,38,313,1195,-32,-41
9,38,313,1203,161,-86
9,38,314,1146,0,340
9,38,315,1146,0,340
9,38,316,1146,0,340
9,38,316,1179,182,286
9,38,316,1182,180,256
9,38,318,1203,138,-74
9,38,319,1186,144,185
9,38,320,1146,60,496
9,38,320,1148,0,366
9,38,320,1150,0,366
9,38,320,1150,0,387
9,38,320,1151,0,340
9,38,320,1184,0,238
9,38,321,1149,-17,340
9,38,321,1150,-27,364
9,38,321,1180,44,366
9,38,321,1188,115,141
9,38,322,1146,0,340
9,38,322,1148,18,366
9,38,322,1150,-42,431
9,38,322,1150,-27,364
9,38,322,1164,-155,471
9,38,322,1189,97,154
9,38,323,1146,0,340
9,38,323,1173,31,419
9,38,323,1185,21,181
9,38,323,1188,28,127
9,38,323,1189,28,127
9,38,324,1146,0,340
9,38,324,1147,0,340
9,38,324,1150,0,366
9,38,326,1202,101,-152
9,38,327,1146,0,340
9,38,328,1146,0,340
9,38,328,1183,0,261
9,38,328,1187,0,209
9,38,328,1187,361,345
9,38,331,1146,0,340
9,38,334,1146,0,340
9,38,335,1146,0,340
9,38,336,1183,0,261
9,38,340,1173,-150,390
9,38,349,1161,-361,345
9,38,361,1146,0,340
9,38,363,1146,0,340
9,38,372,1183,-235,245
9,38,380,1155,0,405
9,38,380,1156,0,418
9,38,380,1158,0,418
9,38,380,1159,0,418
9,38,383,1165,-66,333
9,38,385,1157,-97,490
9,38,387,1212,-316,-7
9,38,394,1212,-421,0
9,38,396,1187,-400,200
9,38,412,1215,-361,345
9,38,414,1212,-500,0
9,38,416,1211,-361,345
9,38,421,1213,-500,0
9,38,424,1212,-500,0
10,90,285,2973,353,-353
10,90,286,2973,353,-353
10,90,287,2969,361,-345
10,90,287,2970,361,-345
10,90,289,2922,-300,366
10,90,289,2972,353,-353
10,90,290,2930,167,296
10,90,290,2966,361,-345
10,90,290,2969,361,-345
10,90,290,2971,361,-345
10,90,291,2928,271,163
10,90,291,2969,353,-353
10,90,291,2970,361,-345
10,90,292,2969,361,-345
10,90,293,2929,-49,283
10,90,293,2937,151,365
10,90,296,2921,-339,25
10,90,301,2920,-282,20
10,90,304,2922,-183,0
10,90,305,2918,-162,-132
10,90,306,2921,-169,-70
10,90,306,2921,-96,-92
10,90,307,2923,-49,18
10,90,308,2924,-25,-123
10,90,310,2972,0,-418
10,90,310,2980,-18,-366
10,90,310,2980,0,-366
10,90,311,2943,13,21
10,90,312,2972,368,-334
10,90,315,2972,368,-334
10,90,318,2947,0,-290
10,90,319,2980,19,-392
10,90,320,2941,0,-212
10,90,320,2941,148,-450
10,90,320,2970,0,-440
10,90,320,2974,0,-414
10,90,320,2974,0,-392
10,90,320,2977,0,-340
10,90,320,2978,0,-433
10,90,320,2978,0,-387
10,90,320,2978,0,-366
10,90,321,2963,-24,-471
10,90,321,2972,-21,-418
10,90,322,2980,-18,-366
10,90,323,2963,-24,-471
10,90,323,2972,-21,-418
10,90,323,2972,353,-353
10,90,323,2972,368,-334
10,90,323,2980,-18,-366
10,90,324,2952,0,-418
10,90,324,2961,0,-471
10,90,324,2972,-21,-418
10,90,324,2980,-18,-366
10,90,324,2981,0,-340
10,90,325,2972,-21,-418
10,90,325,2980,-18,-366
10,90,326,2963,-24,-471
10,90,326,2972,-21,-418
10,90,326,2980,-18,-366
10,90,327,2945,0,-418
10,90,327,2972,-21,-418
10,90,327,2972,368,-334
10,90,327,2980,-18,-366
10,90,327,2981,0,-340
10,90,328,2949,0,-444
10,90,328,2980,-18,-366
10,90,329,2980,-18,-366
10,90,330,2980,-18,-366
10,90,331,2946,0,-104
10,90,331,2968,371,-335
10,90,331,2972,-21,-418
10,90,331,2981,0,-340
10,90,332,2958,-25,-497
10,90,332,2958,371,-335
10,90,332,2972,-21,-418
10,90,332,2972,353,-353
10,90,332,2980,-18,-366
10,90,333,2972,-21,-418
10,90,333,2980,-18,-366
10,90,334,2972,-21,-418
10,90,334,2980,-18,-366
10,90,335,2972,-21,-418
10,90,335,2980,-18,-366
10,90,336,2980,-18,-366
10,90,337,2972,-21,-418
10,90,338,2972,-21,-418
10,90,338,2980,-18,-366
10,90,339,2972,-21,-418
10,90,339,2980,-18,-366
10,90,339,2980,18,-366
10,90,340,2958,25,-497
10,90,340,2972,-21,-418
10,90,340,2980,-18,-366
10,90,340,2980,18,-366
10,90,341,2963,23,-471
10,90,341,2972,-21,-418
10,90,341,2980,-18,-366
10,90,341,2980,18,-366
10,90,342,2958,25,-497
10,90,342,2972,-21,-418
10,90,342,2980,-18,-366
10,90,343,2972,-21,-418
10,90,343,2980,-18,-366
10,90,344,2972,-21,-418
10,90,344,2980,-18,-366
10,90,344,2980,18,-366
10,90,345,2958,25,-497
10,90,345,2980,-18,-366
10,90,345,2980,18,-366
10,90,346,2980,-18,-366
10,90,346,2981,0,-340
10,90,347,2972,-21,-418
10,90,347,2980,-18,-366
10,90,348,2972,-21,-418
10,90,348,2980,-18,-366
10,90,349,2972,-21,-418
10,90,349,2980,-18,-366
10,90,350,2972,-21,-418
10,90,350,2980,-18,-366
10,90,351,2972,-21,-418
10,90,351,2980,-18,-366
10,90,352,2972,-21,-418
10,90,352,2980,-18,-366
10,90,353,2949,0,-444
10,90,353,2972,-21,-418
10,90,353,2980,-18,-366
10,90,354,2980,-18,-366
10,90,355,2972,-21,-418
10,90,355,2980,-18,-366
10,90,355,2981,0,-340
10,90,356,2972,-21,-418
10,90,356,2980,-18,-366
10,90,356,2981,0,-340
10,90,357,2972,-21,-418
10,90,357,2980,-18,-366
10,90,358,2980,-18,-366
10,90,359,2949,0,-444
10,90,359,2972,-21,-418
10,90,359,2980,-18,-366
10,90,360,2980,-18,-366
10,90,360,2981,0,-340
10,90,361,2972,-21,-418
10,90,361,2980,-18,-366
10,90,362,2972,-21,-418
10,90,362,2980,-18,-366
10,90,363,2972,-21,-418
10,90,363,2980,-18,-366
10,90,364,2972,-21,-418
10,90,364,2980,-18,-366
10,90,365,2972,-21,-418
10,90,365,2980,-18,-366
10,90,366,2972,-21,-418
10,90,366,2980,-18,-366
10,90,367,2972,-21,-418
10,90,367,2980,-18,-366
10,90,368,2972,-21,-418
10,90,368,2980,-18,-366
10,90,369,2961,0,-471
10,90,369,2972,-21,-418
10,90,369,2980,-18,-366
10,90,369,2980,8,-366
10,90,369,2981,0,-340
10,90,370,2972,-21,-418
10,90,370,2980,-18,-366
10,90,370,2980,18,-366
10,90,371,2958,25,-497
10,90,371,2961,0,-471
10,90,371,2972,-21,-418
10,90,371,2980,-18,-366
10,90,371,2980,18,-366
10,90,371,2981,0,-340
10,90,372,2958,25,-497
10,90,372,2961,0,-471
10,90,372,2972,-21,-418
10,90,372,2980,-18,-366
10,90,372,2980,18,-366
10,90,372,2981,0,-340
10,90,373,2958,25,-497
10,90,373,2972,-21,-418
10,90,373,2978,0,-366
10,90,373,2980,-18,-366
10,90,374,2972,-21,-418
10,90,374,2980,-18,-366
10,90,375,2972,-21,-418
10,90,375,2980,-18,-366
10,90,375,2980,18,-366
10,90,376,2972,-21,-418
10,90,376,2980,-18,-366
10,90,376,2980,18,-366
10,90,377,2958,25,-497
10,90,377,2972,-21,-418
10,90,377,2980,-18,-366
10,90,377,2980,18,-366
10,90,378,2958,25,-497
10,90,378,2972,-21,-418
10,90,378,2980,-18,-366
10,90,378,2980,18,-366
10,90,379,2958,25,-497
10,90,379,2972,-21,-418
10,90,379,2980,-18,-366
10,90,379,2980,18,-366
10,90,380,2958,25,-497
10,90,380,2972,-21,-418
10,90,380,2980,-18,-366
10,90,380,2980,18,-366
10,90,380,2981,0,-340
10,90,381,2958,25,-497
10,90,381,2972,-21,-418
10,90,381,2980,-18,-366
10,90,381,2981,0,-340
10,90,382,2980,-18,-366
10,90,383,2972,-21,-418
10,90,384,2966,0,-351
10,90,384,2980,-18,-366
10,90,385,2972,-21,-418
10,90,385,2980,-27,-365
10,90,386,2955,-31,-419
10,90,388,2955,0,-421
10,90,388,2965,0,-473
10,90,388,2976,0,-500
10,90,389,2982,-85,-492
10,90,418,2937,-442,-170
10,90,423,2956,-378,-326
10,90,424,2934,-393,-151
10,90,429,2923,-447,0
10,90,432,2931,-464,-92
10,90,433,2959,-378,-326
56,6,1784,277,-11,-473
56,6,1826,257,-255,-266
56,6,1851,286,0,-500
56,6,1851,296,0,-500
56,6,1860,269,0,-447
56,6,1871,215,83,-132
56,6,1871,223,212,100
56,6,1877,173,-84,219
56,6,1877,204,-261,-39
56,6,1886,262,-339,-292
56,6,1887,265,-359,-309
56,6,1893,203,-104,0
56,6,1895,223,-394,38
56,6,1898,225,-421,21
56,6,1899,223,-418,50
56,6,1900,196,-137,453
56,6,1901,203,-447,0
56,6,1901,204,-447,0
56,6,1901,208,-442,-66
56,6,1901,218,-447,0
56,6,1901,221,-447,0
56,6,1901,224,-447,0
56,6,1901,225,-447,0
56,6,1901,225,-447,10
56,6,1901,226,-447,0
56,6,1901,227,-447,0
56,6,1901,228,-447,0
56,6,1901,229,-447,0
56,6,1901,230,-447,0
56,6,1901,231,-447,0
56,6,1901,232,-447,0
56,6,1901,233,-447,0
56,6,1901,234,-447,0
56,6,1901,235,-447,0
56,6,1902,218,-447,0
56,6,1902,221,-447,0
56,6,1902,225,-447,0
56,6,1902,227,-447,0
56,6,1902,232,-447,0
56,6,1902,233,-447,0
56,6,1902,234,-447,0
56,6,1902,235,-447,0
56,6,1905,219,-261,5
56,6,1911,188,-490,97
56,6,1911,190,-441,236
56,6,1911,191,-441,236
56,6,1914,190,-500,0
56,6,1916,196,-500,0
56,6,1916,197,-500,0
56,6,1916,200,-500,0
56,120,1888,3808,-285,273
56,120,1891,3805,-312,282
56,120,1891,3805,-304,291
56,120,1894,3823,-389,67
56,120,1895,3825,-394,29
56,120,1895,3840,-394,-29
56,120,1895,3864,-421,0
56,120,1897,3850,-418,0
56,120,1898,3824,-419,41
56,120,1898,3847,-419,-31
56,120,1899,3840,-419,-41
56,120,1900,3815,-269,103
56,120,1901,3828,-447,0
56,120,1901,3834,-447,0
56,120,1901,3835,-447,0
56,120,1901,3837,-447,0
56,120,1901,3839,-447,0
56,120,1901,3843,-447,0
56,120,1901,3845,-447,0
56,120,1901,3848,-447,0
56,120,1901,3859,-447,0
56,120,1901,3860,-447,0
56,120,1901,3864,-447,0
56,120,1901,3872,-447,0
56,120,1901,3873,-447,0
56,120,1901,3875,-447,0
56,120,1902,3828,-447,0
56,120,1902,3845,-447,0
56,120,1902,3848,-447,0
56,120,1902,3875,-447,0
56,120,1905,3836,-473,0
56,120,1905,3839,-473,0
56,120,1905,3859,-473,0
56,120,1905,3872,-473,0
56,120,1909,3873,-473,0
57,3,1788,168,291,-339
57,3,1892,144,-162,302
57,3,1892,144,-154,306
57,3,1892,144,-139,313
57,3,1892,148,-150,-279
57,3,1898,144,26,154
57,3,1899,143,0,209
57,3,1899,148,0,0
57,3,1899,153,0,0
57,3,1899,174,0,-447
57,3,1899,175,0,-366
57,3,1901,162,123,230
57,3,1902,192,-60,-496
57,3,1904,188,-121,-484
57,3,1905,188,-179,-466
57,3,1906,193,-132,-482
57,3,1907,193,-132,-482
57,3,1908,168,-141,-396
57,3,1909,168,-141,-396
57,3,1909,172,-140,-425
57,3,1911,171,-160,-417
57,3,1913,174,-181,-438
57,3,1914,174,-192,-433
57,3,1916,128,-113,-108
57,3,1920,186,-365,-196
57,3,1926,121,-391,58
57,3,1928,181,-345,-361
57,3,1930,114,-415,-72
57,3,1936,121,-446,43
57,3,1937,123,-473,10
57,3,1937,123,-395,8
57,3,1941,155,-361,-345
57,3,1941,173,-361,-345
57,3,1942,173,-361,-345
57,3,1943,163,-353,-353
57,3,1943,176,-345,-361
57,3,1945,147,-345,-361
57,3,1945,154,-359,-344
57,3,1945,155,-359,-344
57,3,1945,157,-359,-344
57,3,1945,157,-334,-369
57,3,1945,159,-359,-344
57,3,1945,164,-359,-344
57,3,1945,166,-359,-344
57,3,1945,167,-359,-344
57,3,1945,167,-351,-351
57,3,1945,168,-359,-344
57,3,1945,176,-351,-351
57,3,1946,155,-351,-351
57,3,1946,167,-351,-351
57,3,1947,153,-345,-361
57,3,1949,104,-494,74
57,3,1949,122,-498,37
57,3,1949,124,-500,0
57,3,1949,157,-340,-325
57,3,1950,123,-500,25
57,3,1959,121,-500,25
57,3,1959,124,-500,0
57,3,1960,120,-498,48
57,3,1960,122,-500,11
57,5,1854,248,345,-361
57,5,1899,147,115,-62
57,5,1900,147,123,-41
57,5,1906,227,-107,-353
57,5,1906,233,-112,-407
57,5,1910,238,-140,-425
57,5,1911,229,-418,-224
57,5,1915,189,-314,-7
57,5,1916,251,0,-500
57,5,1918,227,-283,-346
57,5,1924,239,0,-500
57,5,1927,197,-418,0
57,5,1927,239,-345,-361
57,5,1930,242,-345,-361
57,5,1931,243,-353,-353
57,5,1932,245,-353,-353
57,5,1933,190,-392,0
57,5,1933,230,-497,11
57,5,1933,245,-353,-353
57,5,1936,190,-471,-11
57,5,1936,198,-471,0
57,5,1936,202,-471,0
57,5,1938,187,-471,23
57,5,1938,188,-471,23
57,5,1938,190,-471,23
57,5,1938,241,-353,-353
57,5,1942,190,-444,-22
57,5,1943,217,-434,-97
57,5,1947,187,-417,30
57,5,1947,188,-417,30
57,5,1947,189,-418,0
57,5,1947,190,-418,-21
57,5,1947,190,-417,-31
57,5,1947,190,-417,30
57,5,1947,191,-418,-21
57,5,1947,191,-417,-41
57,5,1947,191,-417,-31
57,5,1947,191,-417,30
57,5,1947,192,-417,-41
57,5,1947,192,-417,30
57,5,1947,193,-417,30
57,5,1947,193,-415,-50
57,5,1947,194,-417,30
57,5,1947,194,-412,-72
57,5,1947,195,-417,30
57,5,1947,196,-417,30
57,5,1947,197,-417,30
57,5,1947,198,-417,30
57,5,1947,199,-418,0
57,5,1947,199,-417,30
57,5,1947,200,-417,30
57,5,1947,201,-417,30
57,5,1951,188,-392,0
57,5,1951,191,-392,-9
57,5,1951,192,-391,-29
57,5,1951,197,-392,19
57,5,1951,208,-364,-206
57,5,1951,212,-392,0
57,5,1952,211,-353,-224
57,5,1952,214,-348,-232
57,5,1953,195,-362,-54
57,5,1954,188,-366,0
57,5,1954,190,-366,-8
57,5,1954,191,-366,-8
57,5,1955,185,-366,0
57,5,1955,186,-366,18
57,5,1955,187,-366,18
57,5,1955,188,-395,0
57,5,1955,188,-366,0
57,5,1955,188,-366,18
57,5,1955,189,-366,0
57,5,1955,189,-366,18
57,5,1955,190,-366,-8
57,5,1955,190,-366,18
57,5,1955,191,-366,-18
57,5,1955,191,-366,-8
57,5,1955,191,-366,18
57,5,1955,191,-365,-27
57,5,1955,192,-366,18
57,5,1955,192,-365,-35
57,5,1955,192,-365,-27
57,5,1955,193,-366,18
57,5,1955,193,-365,-35
57,5,1955,194,-366,18
57,5,1955,194,-362,-54
57,5,1955,195,-366,18
57,5,1955,195,-360,-63
57,5,1955,196,-366,18
57,5,1955,197,-366,18
57,5,1955,198,-366,18
57,5,1955,199,-366,0
57,5,1955,199,-366,18
57,5,1955,200,-366,18
57,5,1956,177,-478,144
57,5,1956,178,-478,144
57,5,1956,188,-361,0
57,5,1956,190,-340,-8
57,5,1957,189,-340,0
57,5,1957,190,-340,0
57,5,1957,196,-340,0
57,5,1957,197,-340,0
57,5,1957,198,-340,0
57,5,1957,200,-340,0
57,5,1957,202,-500,0
57,5,1957,202,-340,0
57,122,1869,3880,-85,134
57,122,1871,3886,-176,-112
57,122,1872,3875,-151,183
57,122,1876,3891,138,-74
57,122,1916,3852,-181,438
57,122,1924,3876,-354,0
57,122,1929,3864,-500,0
57,122,1931,3863,-497,-11
57,122,1938,3869,-471,10
57,122,1940,3880,-500,0
57,122,1941,3873,-444,0
57,122,1942,3860,-384,270
57,122,1945,3863,-359,343
57,122,1945,3865,-359,343
57,122,1945,3865,-351,351
57,122,1945,3866,-359,343
57,122,1945,3867,-359,343
57,122,1945,3867,-351,351
57,122,1945,3868,-351,351
57,122,1945,3869,-359,343
57,122,1945,3869,-351,351
57,122,1945,3870,-351,351
57,122,1945,3871,-359,343
57,122,1945,3871,-351,351
57,122,1945,3872,-465,69
57,122,1945,3872,-359,343
57,122,1945,3872,-351,351
57,122,1945,3873,-359,343
57,122,1945,3873,-351,351
57,122,1945,3875,-351,351
57,122,1945,3879,-351,351
57,122,1945,3880,-351,351
57,122,1945,3881,-359,343
57,122,1945,3881,-351,351
57,122,1945,3882,-359,343
57,122,1945,3882,-351,351
57,122,1945,3885,-359,343
57,122,1945,3885,-351,351
57,122,1945,3887,-359,343
57,122,1945,3889,-359,343
57,122,1945,3889,-351,351
57,122,1945,3890,-359,343
57,122,1945,3890,-351,351
57,122,1945,3891,-359,343
57,122,1945,3891,-351,351
57,122,1946,3855,-344,358
57,122,1946,3868,-344,358
57,122,1946,3873,-418,21
57,122,1946,3874,-418,0
57,122,1946,3874,-418,21
57,122,1946,3875,-344,358
57,122,1946,3876,-418,0
57,122,1947,3870,-470,57
57,122,1947,3873,-418,21
57,122,1947,3873,-417,30
57,122,1947,3874,-418,21
57,122,1948,3868,-340,325
57,122,1948,3869,-340,325
57,122,1948,3870,-340,325
57,122,1948,3872,-340,325
57,122,1948,3874,-418,21
57,122,1948,3876,-392,0
57,122,1948,3877,-340,325
57,122,1948,3878,-340,325
57,122,1948,3879,-340,325
57,122,1948,3882,-340,325
57,122,1948,3886,-340,325
57,122,1949,3868,-488,109
57,122,1949,3873,-392,8
57,122,1949,3874,-392,0
57,122,1949,3875,-418,0
57,122,1950,3867,-371,335
57,122,1950,3871,-446,43
57,122,1950,3872,-371,335
57,122,1950,3873,-392,8
57,123,1899,3908,0,0
57,123,1899,3913,-26,0
57,123,1899,3922,-74,-138
57,123,1899,3923,-74,-138
57,123,1905,3914,-102,408
57,123,1906,3915,-92,464
57,123,1907,3906,-108,433
57,123,1908,3866,-224,447
57,123,1908,3912,-109,488
57,123,1908,3917,-108,433
57,123,1908,3921,-129,428
57,123,1910,3892,-121,484
57,123,1910,3902,-121,484
57,123,1911,3902,-148,449
57,123,1911,3922,-150,421
57,123,1912,3882,-277,416
57,123,1912,3888,-121,484
57,123,1913,3883,-277,416
57,123,1913,3887,-121,484
57,123,1915,3883,-148,449
57,123,1916,3879,-441,236
57,123,1916,3884,-148,449
57,123,1916,3929,-242,343
57,123,1916,3930,-242,343
57,123,1917,3933,-116,141
57,123,1918,3917,-326,378
57,123,1918,3917,-172,200
57,123,1919,3925,-248,372
57,123,1919,3940,-211,-16
57,123,1922,3913,-212,234
57,123,1923,3919,-345,361
57,123,1924,3921,-281,381
57,123,1927,3913,-361,345
57,123,1927,3914,-361,345
57,123,1927,3915,-361,345
57,123,1927,3916,-361,345
57,123,1930,3932,-128,35
57,123,1931,3910,-345,361
57,123,1931,3918,-345,361
57,123,1934,3906,-353,353
57,123,1938,3902,-353,353
57,123,1938,3903,-353,353
57,123,1938,3904,-353,353
57,123,1938,3905,-353,353
57,123,1938,3910,-353,353
57,123,1939,3904,-287,408
57,123,1939,3927,-345,361
57,123,1941,3899,-353,353
57,123,1941,3902,-353,353
57,123,1941,3903,-287,408
57,123,1941,3907,-353,353
57,123,1941,3920,-345,361
57,123,1942,3900,-287,408
57,123,1945,3894,-359,343
57,123,1945,3894,-351,351
57,123,1945,3895,-359,343
57,123,1945,3895,-351,351
57,123,1945,3896,-351,351
57,123,1945,3897,-351,351
57,123,1945,3898,-351,351
57,123,1945,3899,-351,351
57,123,1945,3902,-351,351
57,123,1945,3903,-359,343
57,123,1945,3903,-351,351
57,123,1945,3905,-359,343
57,123,1945,3905,-351,351
57,123,1945,3906,-351,351
57,123,1945,3906,-334,368
57,123,1945,3907,-359,343
57,123,1945,3907,-351,351
57,123,1945,3908,-359,343
57,123,1945,3908,-351,351
57,123,1945,3909,-359,343
57,123,1945,3909,-351,351
57,123,1946,3902,-344,358
57,123,1946,3909,-359,343
57,123,1947,3909,-369,333
57,123,1947,3909,-359,343
57,123,1948,3903,-340,325
57,123,1948,3904,-340,325
57,123,1948,3905,-340,325
57,123,1948,3906,-340,325
57,123,1949,3933,-500,0
57,123,1949,3940,-500,0
57,123,1950,3893,-371,335
57,123,1950,3894,-371,335
57,123,1950,3909,-378,326
57,123,1950,3913,-402,296
57,123,1959,3933,-500,0
57,123,1959,3937,-496,-60
57,123,1959,3940,-500,0
58,2,1899,109,-25,7
58,2,1899,109,0,26
58,2,1899,116,-25,5
58,2,1899,129,0,-290
58,2,1899,133,0,-340
58,2,1899,139,0,-421
58,2,1899,140,0,-392
58,2,1899,148,0,-500
58,2,1899,158,0,-500
58,2,1901,131,-33,-341
58,2,1907,155,-144,-478
58,2,1909,167,-121,-484
58,2,1910,165,-132,-482
58,2,1922,116,0,0
58,2,1923,135,-277,-416
58,2,1924,147,-345,-361
58,2,1925,135,-326,-378
58,2,1926,151,-277,-416
58,2,1928,147,-345,-361
58,2,1928,149,-345,-361
58,2,1928,150,-345,-361
58,2,1930,126,-361,-345
58,2,1931,153,-353,-353
58,2,1932,149,-353,-353
58,2,1936,149,-335,-371
58,2,1939,146,-353,-353
58,2,1940,144,-345,-361
58,2,1945,141,-345,-361
58,2,1952,148,-353,-353
58,2,1961,112,-167,-74
58,2,1965,119,-484,-121
58,2,1969,100,-473,0
58,2,1969,107,-473,0
58,2,1973,100,-473,0
58,2,1973,104,-473,0
58,2,1973,123,-478,-144
58,2,1974,122,-484,-121
58,2,1975,122,-484,-121
58,2,1977,124,-416,-277
58,2,1978,125,-416,-277
58,2,1979,121,-408,-287
58,2,1979,123,-482,-132
58,124,1899,3922,0,447
58,124,1899,3943,-9,24
58,124,1900,3925,-21,421
58,124,1900,3940,-45,180
58,124,1900,3947,-61,202
58,124,1901,3921,-33,445
58,124,1901,3922,-33,445
58,124,1901,3939,-41,207
58,124,1902,3935,-64,255
58,124,1902,3935,-58,258
58,124,1902,3947,-260,-32
58,124,1906,3953,48,-176
58,124,1907,3951,-31,-207
58,124,1913,3955,92,-126
58,124,1916,3948,-115,110
58,124,1917,3939,-104,0
58,124,1917,3947,-107,151
58,124,1918,3940,-83,67
58,124,1921,3941,-66,41
58,124,1926,3914,-335,371
58,124,1926,3954,-146,-114
58,124,1927,3914,-345,361
58,124,1927,3915,-345,361
58,124,1929,3953,-205,-123
58,124,1931,3913,-361,345
58,124,1931,3938,-361,345
58,124,1933,3912,-277,416
58,124,1934,3927,-345,361
58,124,1935,3931,-345,361
58,124,1937,3912,-353,353
58,124,1938,3913,-335,371
58,124,1938,3914,-345,361
58,124,1938,3916,-345,361
58,124,1939,3941,-151,144
58,124,1939,3941,-132,161
58,124,1940,3916,-361,345
58,124,1940,3940,-151,144
58,124,1940,3943,-203,60
58,124,1945,3934,-217,226
58,124,1946,3948,130,0
58,124,1948,3950,-300,98
58,124,1952,3947,-337,149
58,124,1953,3947,-411,92
58,124,1954,3945,-357,167
58,124,1955,3941,-339,203
58,124,1957,3947,-378,114
58,124,1958,3947,-378,114
58,124,1960,3945,-393,151
58,124,1962,3943,-417,160
58,124,1964,3913,-353,353
58,124,1965,3940,-433,192
58,124,1966,3924,-345,361
58,124,1970,3940,-446,158
67,2,2075,104,391,-38
67,2,2075,112,470,-167
67,2,2076,102,500,-25
67,2,2076,104,415,-50
67,2,2077,103,364,-27
67,2,2078,104,441,-53
67,2,2078,105,415,-50
67,2,2081,102,500,-25
67,2,2081,103,391,-29
67,2,2082,104,439,-66
67,2,2085,117,301,-212
67,2,2093,143,353,-353
67,2,2100,155,368,-334
67,2,2102,152,353,-353
67,2,2102,154,351,-351
67,2,2103,155,343,-359
67,2,2103,155,351,-351
67,2,2104,154,351,-351
67,2,2104,155,343,-359
67,2,2105,155,343,-359
67,2,2106,154,351,-351
67,2,2106,155,343,-359
67,2,2107,151,353,-353
67,2,2107,152,353,-353
67,2,2107,155,343,-359
67,2,2108,152,353,-353
67,2,2108,155,343,-359
67,2,2109,155,343,-359
67,2,2110,152,353,-353
67,2,2110,155,343,-359
67,2,2111,152,353,-353
67,2,2111,155,343,-359
67,2,2112,97,-183,-289
67,2,2112,151,353,-353
67,2,2112,155,343,-359
67,2,2112,155,368,-334
67,2,2113,155,343,-359
67,2,2114,155,343,-359
67,2,2115,155,343,-359
67,2,2116,97,-169,-267
67,2,2116,102,-240,-207
67,2,2116,108,12,-23
67,2,2116,154,351,-351
67,2,2116,155,343,-359
67,2,2117,155,343,-359
67,2,2118,155,343,-359
67,2,2119,147,158,-446
67,2,2119,151,353,-353
67,2,2119,155,343,-359
67,2,2120,155,343,-359
67,2,2121,151,353,-353
67,2,2123,95,-80,-194
67,2,2123,103,-287,-7
67,2,2124,154,-97,-490
67,2,2124,155,343,-359
67,2,2125,155,343,-359
67,2,2126,155,343,-359
67,2,2127,155,343,-359
67,2,2127,157,351,-351
67,2,2128,155,343,-359
67,2,2128,160,-97,-490
67,2,2129,155,343,-359
67,2,2130,155,343,-359
67,2,2131,155,343,-359
67,2,2132,155,343,-359
67,2,2134,156,351,-351
67,2,2135,155,343,-359
67,2,2136,109,100,30
67,2,2136,155,343,-359
67,2,2138,151,353,-353
67,2,2138,155,343,-359
67,2,2138,155,351,-351
67,2,2139,155,343,-359
67,2,2139,157,330,-365
67,2,2140,151,353,-353
67,2,2140,155,343,-359
67,2,2142,155,343,-359
67,2,2142,155,351,-351
67,2,2143,155,343,-359
67,2,2143,155,351,-351
67,2,2144,155,343,-359
67,2,2144,155,351,-351
67,2,2145,136,394,-306
67,2,2146,155,343,-359
67,2,2146,155,351,-351
67,2,2147,155,343,-359
67,2,2147,155,351,-351
67,2,2148,153,353,-353
67,2,2150,155,343,-359
67,2,2150,156,343,-359
67,2,2150,157,343,-359
67,2,2151,155,343,-359
67,2,2151,155,351,-351
67,2,2151,156,343,-359
67,2,2151,156,351,-351
67,2,2153,157,345,-361
67,2,2153,159,306,-394
67,2,2154,153,345,-361
67,2,2154,154,345,-361
67,2,2154,161,287,-408
67,2,2154,161,296,-402
67,2,2156,153,335,-371
67,2,2156,157,361,-345
67,2,2158,152,345,-361
67,2,2158,152,361,-345
67,2,2158,154,353,-353
67,2,2158,155,353,-353
67,2,2158,156,353,-353
67,2,2159,154,353,-353
67,2,2161,114,-108,262
67,2,2162,151,361,-345
67,2,2165,116,90,-301
67,2,2172,139,0,-421
67,2,2172,145,0,-473
67,2,2174,128,158,-175
67,2,2176,161,0,-500
67,2,2176,166,0,-500
67,2,2177,124,96,-124
67,2,2180,139,0,-421
67,2,2186,121,80,360
67,2,2196,110,0,0
67,2,2196,112,119,-53
67,2,2196,112,128,-134
67,2,2196,118,0,-264
67,2,2196,139,0,-421
67,2,2196,145,239,-159
67,124,2078,3956,366,0
67,124,2079,3956,387,0
67,124,2091,3916,361,345
67,124,2091,3917,353,353
67,124,2092,3916,353,353
67,124,2093,3927,345,361
67,124,2099,3909,368,333
67,124,2103,3909,358,343
67,124,2104,3909,358,343
67,124,2105,3909,358,343
67,124,2106,3909,358,343
67,124,2107,3909,358,343
67,124,2108,3909,358,343
67,124,2109,3909,358,343
67,124,2109,3949,-7,-316
67,124,2109,3966,-36,367
67,124,2110,3909,358,343
67,124,2111,3909,358,343
67,124,2111,3954,0,-342
67,124,2112,3909,358,343
67,124,2112,3939,369,185
67,124,2112,3960,52,0
67,124,2113,3957,-156,-276
67,124,2114,3909,358,343
67,124,2115,3909,358,343
67,124,2116,3907,0,500
67,124,2117,3909,358,343
67,124,2117,3914,0,500
67,124,2118,3909,358,343
67,124,2118,3964,-350,-115
67,124,2119,3904,150,363
67,124,2120,3909,351,351
67,124,2120,3909,358,343
67,124,2121,3908,351,351
67,124,2121,3909,351,351
67,124,2121,3919,129,428
67,124,2122,3909,358,343
67,124,2122,3929,151,365
67,124,2124,3909,358,343
67,124,2125,3909,358,343
67,124,2125,3962,-248,-82
67,124,2125,3966,-372,132
67,124,2126,3935,98,328
67,124,2127,3909,358,343
67,124,2127,3941,-26,-3
67,124,2128,3909,351,351
67,124,2128,3909,358,343
67,124,2130,3908,351,351
67,124,2130,3909,351,351
67,124,2130,3909,358,343
67,124,2132,3908,351,351
67,124,2132,3909,358,343
67,124,2133,3909,358,343
67,124,2135,3909,358,343
67,124,2136,3908,351,351
67,124,2136,3909,358,343
67,124,2136,3910,351,351
67,124,2139,3909,351,351
67,124,2139,3909,358,343
67,124,2140,3913,353,353
67,124,2141,3909,358,343
67,124,2142,3909,358,343
67,124,2143,3908,351,351
67,124,2143,3909,358,343
67,124,2144,3909,358,343
67,124,2145,3908,351,351
67,124,2145,3909,351,351
67,124,2145,3909,358,343
67,124,2147,3953,-132,-198
67,124,2150,3907,343,358
67,124,2150,3909,358,343
67,124,2150,3911,371,335
67,124,2151,3908,343,358
67,124,2151,3908,351,351
67,124,2151,3909,343,358
67,124,2151,3909,358,343
67,124,2153,3906,316,386
67,124,2154,3910,353,353
67,124,2155,3909,353,353
67,124,2160,3909,353,353
67,124,2175,3937,151,144
67,124,2176,3936,151,144
69,3,2144,150,421,-267
69,3,2145,151,408,-287
69,3,2148,155,368,-334
69,3,2148,161,340,-325
69,3,2148,162,340,-325
69,3,2148,165,340,-325
69,3,2149,154,358,-344
69,3,2149,154,368,-334
69,3,2150,154,368,-334
69,3,2150,157,343,-359
69,3,2151,148,353,-353
69,3,2151,152,353,-353
69,3,2151,154,358,-344
69,3,2151,162,351,-351
69,3,2153,122,473,10
69,3,2153,123,473,10
69,3,2153,161,306,-394
69,3,2155,146,353,-353
69,3,2155,154,361,-345
69,3,2155,155,361,-345
69,3,2155,158,361,-345
69,3,2155,159,361,-345
69,3,2155,162,361,-345
69,3,2155,163,361,-345
69,3,2156,125,287,-408
69,3,2157,157,296,-402
69,3,2158,139,345,-361
69,3,2158,140,345,-361
69,3,2158,154,353,-353
69,3,2159,121,423,-212
69,3,2166,147,361,-345
69,3,2171,137,291,-339
69,3,2173,141,361,-345
69,3,2177,132,258,-332
69,3,2177,133,258,-332
69,3,2178,136,248,-372
69,3,2178,141,129,428
69,3,2179,149,191,-462
69,3,2180,134,225,-355
69,3,2183,140,171,-414
69,3,2183,153,132,-482
69,3,2184,137,161,-390
69,3,2186,132,141,-369
69,3,2187,198,132,-482
69,3,2188,159,-48,-498
69,3,2190,164,-203,-457
69,3,2191,131,-326,-217
69,3,2192,136,-30,153
69,3,2196,140,223,417
69,3,2196,141,211,394
69,3,2196,145,0,0
69,3,2196,149,21,14
69,3,2196,157,16,-20
69,3,2199,171,-380,0
69,3,2207,194,-224,-447
69,3,2209,195,-236,-441
69,3,2210,198,-221,-441
69,4,2144,185,392,0
69,4,2146,185,418,21
69,4,2147,188,500,0
69,4,2147,190,414,0
69,4,2147,200,361,-345
69,4,2148,185,418,0
69,4,2148,189,500,0
69,4,2148,193,340,-325
69,4,2148,196,340,-325
69,4,2148,201,340,-325
69,4,2148,204,340,-325
69,4,2149,190,418,0
69,4,2149,201,340,-356
69,4,2150,191,418,-21
69,4,2150,207,343,-359
69,4,2151,174,351,-351
69,4,2151,192,351,-351
69,4,2151,197,351,-351
69,4,2151,197,361,-345
69,4,2152,198,345,-361
69,4,2153,189,497,0
69,4,2155,175,361,-345
69,4,2155,177,361,-345
69,4,2155,179,361,-345
69,4,2155,180,361,-345
69,4,2155,181,361,-345
69,4,2155,184,361,-345
69,4,2155,185,361,-345
69,4,2155,186,361,-345
69,4,2155,189,361,-345
69,4,2155,193,361,-345
69,4,2155,194,361,-345
69,4,2155,197,361,-345
69,4,2156,188,500,0
69,4,2156,194,345,-361
69,4,2156,196,444,0
69,4,2156,196,466,0
69,4,2156,199,335,-371
69,4,2157,196,466,0
69,4,2159,196,500,0
69,4,2170,203,500,0
69,4,2175,184,245,-235
69,4,2176,177,223,-214
69,4,2184,154,169,-162
69,4,2185,208,136,-453
69,4,2187,197,500,0
69,4,2189,192,114,-348
69,4,2193,172,101,-408
69,4,2195,211,8,-392
69,4,2201,221,316,-386
69,4,2201,221,335,-371
69,4,2203,172,176,48
69,4,2204,217,326,-378
69,4,2205,218,306,-394
69,4,2209,174,252,69
69,4,2227,204,22,-440
69,4,2228,203,0,-421
69,4,2228,205,0,-447
69,121,2136,3875,500,0
69,121,2139,3860,340,0
69,121,2139,3862,340,0
69,121,2139,3863,340,0
69,121,2139,3864,340,0
69,121,2139,3866,340,0
69,121,2139,3867,340,0
69,121,2139,3870,340,0
69,121,2139,3872,340,0
69,121,2139,3874,340,0
69,121,2139,3874,447,-10
69,121,2139,3875,340,0
69,121,2139,3887,482,-132
69,121,2140,3862,366,-8
69,121,2140,3863,366,0
69,121,2140,3874,366,-18
69,121,2140,3875,364,-27
69,121,2140,3877,366,-8
69,121,2141,3863,366,-18
69,121,2141,3874,364,-27
69,121,2141,3874,366,-18
69,121,2141,3874,497,-25
69,121,2141,3874,500,-25
69,121,2143,3868,366,0
69,121,2143,3872,366,0
69,121,2149,3847,418,0
69,121,2153,3840,444,-10
69,121,2156,3838,444,0
69,121,2165,3822,345,361
69,121,2165,3822,361,345
69,121,2172,3818,312,167
69,121,2180,3832,500,0
69,121,2180,3862,104,0
69,121,2184,3833,167,356
69,121,2185,3837,165,330
69,121,2186,3841,168,298
69,121,2195,3828,345,361
69,123,2139,3956,340,0
69,123,2141,3947,484,121
69,123,2148,3902,340,325
69,123,2149,3895,351,351
69,123,2149,3909,358,343
69,123,2150,3906,358,343
69,123,2150,3907,358,343
69,123,2150,3907,361,345
69,123,2150,3909,358,343
69,123,2151,3894,358,343
69,123,2151,3895,358,343
69,123,2151,3897,358,343
69,123,2151,3906,351,351
69,123,2151,3906,358,343
69,123,2151,3907,351,351
69,123,2151,3916,353,353
69,123,2152,3883,353,353
69,123,2153,3885,353,353
69,123,2153,3888,361,345
69,123,2153,3923,345,361
69,123,2153,3940,473,0
69,123,2155,3889,353,353
69,123,2156,3939,361,345
69,123,2175,3926,273,285
69,123,2187,3870,121,484
69,123,2188,3870,121,484
69,123,2188,3870,132,482
69,123,2190,3920,-218,89
69,123,2191,3867,167,470
69,123,2191,3867,191,462
69,123,2196,3908,121,292
69,123,2196,3922,1,-78
69,123,2196,3923,46,-22
69,123,2197,3919,-14,-276
69,123,2198,3922,289,-183
69,123,2199,3921,65,-171
69,123,2200,3915,-26,0
69,123,2200,3915,-23,11
69,123,2200,3915,0,0
69,123,2200,3919,155,-276
69,123,2203,3922,348,-187
70,6,2185,226,366,44
70,6,2190,188,447,0
70,6,2190,196,447,0
70,6,2194,189,447,0
70,6,2194,196,447,0
70,6,2194,199,447,0
70,6,2194,221,447,0
70,6,2194,222,447,0
70,6,2194,224,447,0
70,6,2194,225,447,0
70,6,2194,227,447,0
70,6,2194,235,447,0
70,6,2197,226,416,62
70,6,2198,276,435,-246
70,6,2199,232,395,0
70,6,2199,271,361,-345
70,6,2200,223,393,38
70,6,2200,253,362,-217
70,6,2201,278,361,-345
70,6,2202,244,378,-114
70,6,2203,260,304,-291
70,6,2204,258,304,-291
70,6,2205,242,350,-115
70,6,2205,274,361,-345
70,6,2206,253,305,-250
70,6,2206,264,316,-316
70,6,2212,268,342,-327
70,6,2214,260,346,-283
70,6,2214,262,339,-292
70,6,2221,218,-150,-279
70,6,2227,182,-135,80
70,6,2241,263,58,-391
70,6,2241,266,-72,-415
70,120,2180,3870,500,0
70,120,2181,3867,457,-203
70,120,2184,3872,441,-236
70,120,2194,3820,411,92
70,120,2194,3820,437,97
70,120,2194,3828,447,0
70,120,2194,3829,447,0
70,120,2194,3836,447,0
70,120,2194,3837,447,0
70,120,2194,3838,447,0
70,120,2194,3844,447,0
70,120,2194,3846,447,0
70,120,2194,3860,447,0
70,120,2196,3860,0,-418
70,120,2203,3797,291,339
70,120,2204,3840,366,-44
70,120,2205,3801,339,291
70,120,2209,3823,237,247
70,120,2217,3859,261,39
70,120,2217,3860,23,12
70,120,2221,3848,-244,101
70,120,2222,3828,215,194
70,120,2224,3808,237,247
70,120,2225,3840,-174,-116
70,120,2230,3812,191,182
70,120,2241,3793,-23,447
116,90,3662,2923,447,0
116,90,3666,2923,447,0
116,90,3669,2923,421,0
116,90,3676,2930,357,-89
116,90,3685,2972,353,-353
116,90,3694,2940,317,-234
116,90,3708,2947,0,-369
116,90,3708,2955,0,-421
116,90,3708,2960,0,-447
116,90,3708,2965,0,-473
116,90,3708,2965,287,-408
116,90,3708,2970,0,-500
116,90,3708,2976,0,-500
116,90,3708,2985,0,-500
116,90,3710,2955,41,-419
116,90,3711,2952,0,-418
116,90,3711,2981,0,-340
116,90,3712,2972,-21,-418
116,90,3712,2974,0,-414
116,90,3712,2974,0,-392
116,90,3712,2978,0,-387
116,90,3712,2978,0,-366
116,90,3713,2980,-18,-366
116,90,3716,2972,-21,-418
116,90,3717,2968,-22,-444
116,90,3717,2980,-18,-366
116,90,3718,2980,-18,-366
116,90,3721,2980,-18,-366
116,90,3723,2972,-21,-418
116,90,3724,2980,-18,-366
116,90,3725,2968,-22,-444
116,90,3726,2968,-22,-444
116,90,3726,2980,-18,-366
116,90,3727,2968,-22,-444
116,90,3727,2980,-18,-366
116,90,3728,2980,-18,-366
116,90,3729,2980,-18,-366
116,90,3730,2980,-18,-366
116,90,3731,2968,-22,-444
116,90,3732,2980,-18,-366
116,90,3733,2968,-22,-444
116,90,3734,2980,-18,-366
116,90,3734,2981,-18,-366
116,90,3739,2972,-21,-418
116,90,3740,2980,-18,-366
116,90,3743,2981,0,-340
116,90,3745,2980,-18,-366
116,90,3746,2980,-18,-366
116,90,3747,2968,-22,-444
116,90,3747,2972,-21,-418
116,90,3748,2980,-18,-366
116,90,3753,2972,-21,-418
116,90,3754,2980,-18,-366
116,90,3762,2980,18,-366
116,90,3763,2958,25,-497
116,90,3763,2967,32,-443
116,90,3763,2981,0,-340
116,90,3763,2983,0,-500
116,90,3764,2958,-25,-497
116,90,3764,2968,-22,-444
116,90,3764,2980,-18,-366
116,90,3764,2981,0,-340
116,90,3765,2972,-21,-418
116,90,3765,2980,-18,-366
116,90,3765,2980,18,-366
116,90,3766,2958,25,-497
116,90,3766,2980,-18,-366
116,90,3766,2980,18,-366
116,90,3767,2958,-25,-497
116,90,3767,2963,23,-471
116,90,3767,2981,0,-340
116,90,3768,2972,-21,-418
116,90,3768,2980,-18,-366
116,90,3768,2981,0,-340
116,90,3769,2980,-18,-366
116,90,3770,2980,18,-366
116,90,3771,2958,25,-497
116,90,3771,2967,32,-443
116,90,3771,2968,-22,-444
116,90,3771,2980,-18,-366
116,90,3771,2981,0,-340
116,90,3772,2956,0,-444
116,90,3772,2961,0,-471
116,90,3772,2980,-18,-366
116,90,3772,2981,0,-340
116,90,3773,2968,-22,-444
116,90,3773,2972,-21,-418
116,90,3773,2980,-18,-366
116,90,3774,2968,-22,-444
116,90,3774,2972,-21,-418
116,90,3774,2980,-18,-366
116,90,3775,2980,-18,-366
116,90,3776,2974,0,-392
116,90,3776,2975,0,-414
116,90,3776,2978,0,-366
116,90,3776,2980,0,-366
116,90,3776,2983,0,-500
116,90,3777,2968,-22,-444
116,90,3777,2972,-21,-418
116,90,3777,2980,-27,-365
116,90,3777,2980,-18,-366
116,90,3778,2968,-22,-444
116,90,3778,2980,-18,-366
116,90,3779,2968,-22,-444
116,90,3779,2976,-58,-388
116,90,3779,2980,-18,-366
116,90,3780,2961,0,-471
116,90,3780,2968,-22,-444
116,90,3780,2980,-18,-366
116,90,3780,2981,0,-340
116,90,3781,2968,-22,-444
116,90,3781,2972,-21,-418
116,90,3781,2980,-18,-366
116,90,3782,2972,-21,-418
116,90,3782,2980,-18,-366
116,90,3783,2968,-22,-444
116,90,3783,2972,-21,-418
116,90,3783,2980,-18,-366
116,90,3784,2968,-22,-444
116,90,3784,2972,-21,-418
116,90,3784,2980,-18,-366
116,90,3784,2981,0,-340
116,90,3785,2925,-72,108
116,90,3785,2972,-21,-418
116,90,3785,2980,-18,-366
116,90,3786,2926,-130,195
116,90,3786,2972,-21,-418
116,90,3786,2980,-18,-366
116,90,3787,2926,74,167
116,90,3787,2927,-15,156
116,90,3787,2928,15,208
116,90,3787,2929,-25,260
116,90,3787,2953,0,-261
116,90,3787,2957,0,-447
116,90,3787,2961,0,-471
116,90,3787,2973,0,-500
116,90,3787,2976,-29,-391
116,90,3787,2980,-18,-366
116,90,3787,2981,0,-340
116,90,3787,2983,0,-500
116,90,3788,2911,78,-7
116,90,3788,2919,-45,150
116,90,3788,2919,12,-23
116,90,3788,2921,99,121
116,90,3788,2922,12,-23
116,90,3788,2922,43,-29
116,90,3788,2922,61,-115
116,90,3788,2922,99,121
116,90,3788,2922,136,-77
116,90,3788,2923,12,-23
116,90,3788,2923,43,-29
116,90,3788,2923,130,86
116,90,3788,2963,-6,-261
116,90,3788,2972,-21,-418
116,90,3788,2976,-29,-391
116,90,3788,2980,-18,-366
116,90,3789,2919,123,-136
116,90,3789,2920,-40,-33
116,90,3789,2922,156,-15
116,90,3789,2923,78,-7
116,90,3789,2923,169,69
116,90,3789,2972,0,-418
116,90,3789,2980,-18,-366
116,90,3789,2980,0,-366
116,90,3790,2923,96,39
116,90,3790,2923,104,0
116,90,3790,2924,5,51
116,90,3790,2926,198,242
116,90,3790,2949,0,-314
116,90,3791,2919,217,-145
116,90,3791,2921,182,-17
116,90,3791,2923,130,0
116,90,3791,2925,158,136
116,90,3791,2925,166,166
116,90,3793,2918,282,-56
116,90,3794,2891,0,0
116,90,3794,2919,286,-28
116,90,3794,2923,257,44
116,90,3795,2919,314,15
116,90,3795,2920,338,-33
116,90,3796,2918,312,23
116,90,3796,2918,338,25
116,90,3796,2919,-254,135
116,90,3796,2919,-145,217
116,90,3796,2919,0,0
116,90,3796,2919,11,-77
116,90,3796,2919,138,-74
116,90,3796,2919,264,167
116,90,3796,2919,314,15
116,90,3796,2919,340,17
116,90,3796,2919,366,18
116,90,3796,2920,1,25
116,90,3796,2920,5,-52
116,90,3796,2921,1,25
116,90,3796,2921,310,-46
116,90,3796,2922,-10,-24
116,90,3796,2922,52,0
116,90,3796,2933,358,71
116,90,3796,2968,-371,-335
116,90,3798,2924,-250,-12
116,90,3798,2971,-359,-344
116,90,3799,2923,-20,-16
116,90,3800,2923,-25,-5
116,90,3800,2929,162,-221
116,90,3800,2934,262,-79
116,90,3800,2935,272,-33
116,90,3801,2923,-19,-17
116,90,3802,2968,-371,-335
116,90,3803,2927,83,-275
116,90,3805,2966,-361,-345
116,90,3805,2967,-353,-353
116,90,3805,2969,-361,-345
116,90,3805,2969,-353,-353
116,90,3806,2968,-361,-345
116,90,3806,2970,-361,-345
116,90,3807,2931,273,317
116,90,3807,2965,-378,-326
116,90,3807,2972,-359,-344
116,90,3808,2969,-361,-345
116,90,3808,2969,-353,-353
116,90,3808,2970,-353,-353
116,90,3810,2968,-371,-335
116,90,3823,2931,-439,-87
116,90,3824,2931,-441,-76
116,90,3828,2928,-311,-38
117,38,3699,1184,389,220
117,38,3708,1163,0,500
117,38,3711,1160,43,442
117,38,3711,1162,48,498
117,38,3712,1160,0,471
117,38,3712,1162,0,444
117,38,3712,1163,0,444
117,38,3712,1163,0,466
117,38,3725,1183,57,148
117,38,3728,1186,0,209
117,38,3728,1187,0,183
117,38,3728,1187,0,209
117,38,3728,1189,0,130
117,38,3728,1189,0,157
117,38,3728,1190,0,78
117,38,3732,1185,0,500
117,38,3733,1146,0,340
117,38,3736,1146,0,340
117,38,3736,1183,0,261
117,38,3738,1146,0,340
117,38,3739,1146,0,340
117,38,3740,1150,0,366
117,38,3740,1155,361,345
117,38,3741,1147,-21,414
117,38,3741,1148,-19,387
117,38,3742,1146,-19,387
117,38,3742,1146,0,340
117,38,3742,1147,-21,414
117,38,3742,1149,-29,391
117,38,3742,1158,361,345
117,38,3743,1146,0,340
117,38,3743,1158,353,353
117,38,3745,1149,-85,492
117,38,3746,1146,0,340
117,38,3747,1146,0,340
117,38,3747,1147,0,340
117,38,3748,1146,0,340
117,38,3749,1157,-353,353
117,38,3750,1146,0,340
117,38,3750,1177,-41,340
117,38,3751,1146,0,340
117,38,3752,1146,0,340
117,38,3754,1146,0,340
117,38,3754,1147,0,340
117,38,3756,1146,0,340
117,38,3757,1146,0,340
117,38,3758,1146,0,340
117,38,3758,1147,0,340
117,38,3759,1146,0,340
117,38,3760,1146,0,340
117,38,3760,1183,0,261
117,38,3762,1146,0,340
117,38,3764,1146,0,340
117,38,3764,1154,332,332
117,38,3765,1146,0,340
117,38,3766,1146,0,340
117,38,3767,1146,0,340
117,38,3767,1157,358,343
117,38,3768,1146,0,340
117,38,3768,1183,0,261
117,38,3768,1184,0,235
117,38,3769,1146,0,340
117,38,3770,1146,0,340
117,38,3771,1146,0,340
117,38,3771,1161,353,353
117,38,3772,1146,0,340
117,38,3773,1146,0,340
117,38,3774,1146,0,340
117,38,3774,1149,0,366
117,38,3774,1187,0,104
117,38,3775,1146,0,340
117,38,3775,1188,0,104
117,38,3776,1146,0,340
117,38,3776,1148,0,361
117,38,3776,1150,0,366
117,38,3776,1150,0,387
117,38,3776,1151,0,340
117,38,3776,1154,0,392
117,38,3777,1146,0,340
117,38,3777,1148,-29,391
117,38,3777,1148,-22,444
117,38,3777,1149,-25,338
117,38,3778,1146,0,340
117,38,3779,1146,0,340
117,38,3779,1150,-35,364
117,38,3779,1188,-94,90
117,38,3780,1146,0,340
117,38,3780,1150,-74,494
117,38,3780,1188,-93,46
117,38,3781,1146,0,340
117,38,3781,1187,-113,108
117,38,3781,1188,-94,90
117,38,3782,1146,0,340
117,38,3782,1186,-132,126
117,38,3782,1186,-116,141
117,38,3783,1146,0,340
117,38,3784,1146,0,340
117,38,3784,1183,-208,198
117,38,3785,1146,0,340
117,38,3786,1146,0,340
117,38,3786,1149,-97,353
117,38,3786,1172,-345,361
117,38,3787,1146,0,340
117,38,3787,1149,-106,350
117,38,3788,1146,0,340
117,38,3788,1148,-123,344
117,38,3789,1146,0,340
117,38,3789,1148,-123,344
117,38,3790,1146,0,340
117,38,3790,1173,-335,371
117,38,3791,1146,0,340
117,38,3791,1148,-132,341
117,38,3792,1146,0,340
117,38,3792,1148,-140,339
117,38,3792,1151,-159,358
117,38,3792,1169,-345,361
117,38,3793,1146,0,340
117,38,3793,1147,0,340
117,38,3794,1146,0,340
117,38,3794,1150,-176,351
117,38,3794,1156,-229,382
117,38,3794,1157,-229,382
117,38,3794,1161,-353,353
117,38,3795,1146,0,340
117,38,3795,1147,0,340
117,38,3795,1150,-185,346
117,38,3795,1158,0,418
117,38,3795,1161,-353,353
117,38,3796,1146,0,340
117,38,3796,1161,-353,353
117,38,3797,1146,0,340
117,38,3797,1150,-193,341
117,38,3798,1146,0,340
117,38,3798,1152,-232,348
117,38,3798,1156,-369,333
117,38,3799,1146,0,340
117,38,3799,1150,-224,353
117,38,3799,1152,-232,348
117,38,3800,1146,0,340
117,38,3800,1161,-353,353
117,38,3801,1146,0,340
117,38,3801,1150,-240,341
117,38,3802,1146,0,340
117,38,3803,1146,0,340
117,38,3803,1147,0,340
117,38,3804,1146,0,340
117,38,3804,1150,0,366
117,38,3804,1159,-353,353
117,38,3805,1146,0,340
117,38,3805,1161,-361,345
117,38,3805,1161,-353,353
117,38,3806,1146,0,340
117,38,3807,1146,0,340
117,38,3808,1146,0,340
117,38,3808,1203,-94,44
117,38,3809,1146,0,340
117,38,3809,1157,-361,345
117,38,3809,1157,-353,353
117,38,3809,1158,-353,353
117,38,3810,1146,0,340
117,38,3810,1156,-353,353
117,38,3810,1156,-351,351
117,38,3810,1177,-378,326
117,38,3811,1146,0,340
117,38,3811,1155,-361,345
117,38,3811,1155,-353,353
117,38,3812,1146,0,340
117,38,3812,1147,0,340
117,38,3812,1155,-353,353
117,38,3812,1158,-371,335
117,38,3813,1146,0,340
117,38,3814,1146,0,340
117,38,3814,1147,0,340
117,38,3815,1146,0,340
117,38,3815,1147,0,340
117,38,3816,1146,0,340
117,38,3816,1147,0,340
117,38,3817,1146,0,340
117,38,3817,1147,0,340
117,38,3817,1147,0,366
117,38,3817,1147,18,366
117,38,3818,1146,0,340
117,38,3818,1147,0,340
117,38,3819,1146,0,340
117,38,3819,1147,0,340
117,38,3819,1203,-45,150
117,38,3820,1204,78,7
117,38,3820,1206,52,-1
117,38,3820,1207,48,176
117,38,3820,1207,186,348
117,38,3820,1236,-75,22
117,38,3821,1146,0,340
117,38,3821,1148,0,366
117,38,3821,1206,169,69
117,38,3821,1206,296,219
117,38,3821,1212,140,-155
117,38,3821,1222,-52,-232
117,38,3822,1145,0,500
117,38,3822,1209,169,69
117,38,3822,1209,173,57
117,38,3823,1205,198,-49
117,38,3823,1206,209,-5
117,38,3823,1215,207,111
117,38,3823,1224,198,125
117,38,3824,1204,148,247
117,38,3824,1207,445,43
117,38,3824,1209,206,-31
117,38,3824,1209,207,-25
117,38,3825,1208,317,234
117,38,3827,1204,246,235
117,38,3827,1212,360,265
117,38,3828,1150,0,366
117,38,3828,1151,0,392
117,38,3828,1204,209,0
117,38,3829,1204,235,0
117,38,3829,1208,287,-14
117,38,3830,1201,312,23
117,38,3830,1204,235,0
117,38,3832,1194,41,-419
117,38,3833,1215,347,-124
117,38,3834,1216,252,186
117,38,3835,1202,264,-168
117,38,3836,1203,137,-256
117,38,3836,1204,227,-128
117,38,3836,1204,316,-386
117,38,3836,1209,384,-76
117,38,3836,1215,353,274
117,38,3836,1219,270,210
117,38,3836,1219,326,217
117,38,3837,1199,203,-305
117,38,3838,1199,-7,-309
117,38,3838,1220,339,250
117,38,3840,1188,-305,-250
117,38,3840,1196,21,-421
117,38,3840,1196,31,-419
117,38,3840,1200,230,-384
117,38,3840,1202,161,-303
117,38,3840,1204,250,-141
117,38,3840,1208,364,-55
117,38,3841,1169,-277,416
117,38,3841,1196,21,-421
117,38,3841,1200,230,-384
117,38,3841,1206,399,-253
117,38,3843,1172,-402,296
117,38,3843,1191,87,-439
117,38,3843,1198,9,-421
117,38,3843,1202,220,-390
117,38,3843,1206,275,-203
117,38,3844,1203,134,-285
117,38,3846,1196,-314,-270
117,38,3847,1194,-187,-349
117,38,3849,1198,0,-421
117,38,3849,1202,211,-395
117,38,3851,1201,148,-335
117,38,3852,1197,-53,-441
117,38,3853,1192,-283,-232
117,38,3853,1194,-156,-330
117,38,3853,1197,-23,-447
117,38,3855,1188,-344,-281
117,38,3855,1195,-197,-280
117,38,3855,1195,-153,-304
117,38,3855,1198,7,-314
117,38,3858,1187,-371,-289
117,89,3688,2883,335,-371
117,89,3689,2884,287,-408
117,89,3697,2872,306,-394
117,89,3700,2875,0,-500
117,89,3700,2876,0,-500
117,89,3700,2877,0,-500
117,89,3770,2933,416,-277
117,89,3772,2923,435,-246
117,89,3772,2923,451,-212
117,89,3772,2923,473,-11
117,89,3772,2923,478,-144
117,89,3772,2931,451,-212
117,89,3773,2925,494,-74
117,89,3774,2933,402,-296
117,89,3775,2936,236,-441
117,89,3775,2937,326,-378
117,89,3776,2923,466,-179
117,89,3776,2940,0,-500
117,89,3777,2937,132,-482
117,89,3778,2936,-156,-474
117,89,3778,2936,236,-441
117,89,3780,2922,0,-421
117,89,3781,2932,287,-408
117,89,3783,2923,302,0
117,89,3786,2939,30,-417
117,89,3787,2896,-129,-19
117,89,3787,2896,-124,-96
117,89,3787,2896,-21,75
117,89,3787,2920,0,-130
117,89,3787,2922,0,-421
117,89,3787,2923,235,0
117,89,3787,2923,261,0
117,89,3787,2941,-266,-419
117,89,3788,2922,-21,-421
117,89,3789,2911,-51,-339
117,89,3789,2921,276,-148
117,89,3789,2922,0,-421
117,89,3789,2941,0,-497
117,89,3791,2895,67,79
117,89,3791,2911,-237,-248
117,89,3792,2922,-72,-415
117,89,3794,2918,-137,-453
117,89,3796,2894,86,161
117,89,3796,2895,0,26
117,89,3796,2895,55,-88
117,89,3796,2895,69,-35
117,89,3796,2895,244,101
117,89,3796,2896,104,2
117,89,3796,2896,292,121
117,89,3796,2914,0,-157
117,89,3796,2923,-444,0
117,89,3796,2923,-136,-255
117,89,3798,2923,-353,0
117,89,3804,2923,-418,0
117,89,3807,2927,-478,-144
117,89,3809,2915,-346,-283
117,89,3811,2934,-408,-287
117,89,3813,2927,-484,-121
117,89,3813,2930,-462,-191
117,89,3814,2928,-484,-121
117,89,3817,2922,0,-421
117,89,3819,2922,0,-421
117,89,3829,2935,-361,-345
117,89,3835,2924,-201,-400
117,89,3841,2921,-224,-418
117,89,3861,2861,-470,57
118,39,3717,1246,386,316
118,39,3718,1245,371,335
118,39,3719,1243,316,386
118,39,3732,1249,0,500
118,39,3732,1250,0,500
118,39,3740,1265,364,35
118,39,3757,1259,-1,-26
118,39,3776,1207,0,395
118,39,3780,1205,0,421
118,39,3801,1197,466,179
118,39,3802,1194,416,277
118,39,3802,1196,236,441
118,39,3803,1191,236,441
118,39,3803,1191,394,306
118,39,3803,1194,416,277
118,39,3803,1198,457,203
118,39,3804,1191,236,441
118,39,3804,1192,224,447
118,39,3804,1192,361,345
118,39,3804,1192,394,306
118,39,3804,1194,416,277
118,39,3804,1198,470,167
118,39,3804,1199,482,132
118,39,3805,1194,408,287
118,39,3805,1198,451,212
118,39,3805,1198,462,191
118,39,3805,1198,466,179
118,39,3806,1194,402,296
118,39,3808,1192,345,361
118,39,3809,1191,361,345
118,39,3811,1191,316,386
118,39,3812,1204,500,0
118,39,3814,1187,0,500
118,39,3815,1205,21,421
118,39,3816,1205,0,421
118,39,3817,1187,0,500
118,39,3818,1187,0,500
118,39,3818,1191,37,498
118,39,3818,1204,435,246
118,39,3818,1205,21,421
118,39,3819,1201,0,447
118,39,3819,1205,0,421
118,39,3820,1205,-21,421
118,39,3822,1205,21,421
118,39,3823,1205,0,421
118,39,3823,1234,-40,-97
118,39,3824,1205,0,421
118,39,3824,1212,0,369
118,39,3825,1233,102,-18
118,39,3831,1180,-179,466
118,39,3831,1204,-171,414
118,39,3831,1211,-177,353
118,39,3833,1180,-179,466
118,39,3834,1205,-211,394
118,39,3835,1205,-211,394
118,39,3838,1198,0,447
118,39,3839,1193,148,449
118,39,3839,1201,-23,447
118,39,3840,1193,148,449
118,39,3840,1205,0,421
118,39,3841,1201,-23,447
118,39,3841,1205,-21,421
118,39,3843,1212,-302,289
118,39,3844,1198,0,447
118,39,3847,1225,139,-221
118,39,3848,1212,-346,283
119,90,3732,2936,478,-144
119,90,3752,2931,478,-144
119,90,3757,2956,361,-345
119,90,3759,2949,494,74
119,90,3761,2952,345,-361
119,90,3761,2952,361,-345
119,90,3772,2952,488,109
119,90,3773,2923,78,0
119,90,3773,2923,290,0
119,90,3776,2923,264,0
119,90,3789,2976,0,-392
119,90,3792,2972,368,-334
119,90,3795,2915,-74,138
119,90,3795,2923,-138,-138
119,90,3795,2923,-78,0
119,90,3795,2923,-74,138
119,90,3795,2923,-52,5
119,90,3796,2961,0,-471
119,90,3796,2981,0,-340
119,90,3797,2968,-22,-444
119,90,3797,2972,-21,-418
119,90,3797,2972,353,-353
119,90,3798,2961,361,-345
119,90,3798,2968,-22,-444
119,90,3798,2980,-18,-366
119,90,3799,2972,-21,-418
119,90,3799,2980,-18,-366
119,90,3800,2948,0,-392
119,90,3800,2968,353,-353
119,90,3800,2972,-21,-418
119,90,3800,2980,-18,-366
119,90,3800,2981,0,-340
119,90,3801,2940,-94,90
119,90,3801,2972,-21,-418
119,90,3801,2980,-18,-366
119,90,3802,2958,361,-345
119,90,3802,2968,-22,-444
119,90,3802,2972,-21,-418
119,90,3802,2980,-18,-366
119,90,3803,2972,-21,-418
119,90,3803,2980,-18,-366
119,90,3804,2961,0,-471
119,90,3804,2972,-21,-418
119,90,3804,2980,-18,-366
119,90,3804,2981,0,-340
119,90,3805,2955,334,-335
119,90,3805,2972,-21,-418
119,90,3805,2980,-18,-366
119,90,3806,2963,-24,-471
119,90,3806,2972,-21,-418
119,90,3806,2980,-18,-366
119,90,3807,2963,-24,-471
119,90,3807,2968,-22,-444
119,90,3807,2980,-18,-366
119,90,3807,2981,0,-340
119,90,3808,2968,-22,-444
119,90,3808,2970,353,-353
119,90,3808,2972,-21,-418
119,90,3808,2972,358,-344
119,90,3808,2980,-18,-366
119,90,3809,2963,-24,-471
119,90,3809,2968,-22,-444
119,90,3809,2980,-18,-366
119,90,3810,2972,-21,-418
119,90,3810,2972,353,-353
119,90,3810,2980,-18,-366
119,90,3810,2981,0,-340
119,90,3811,2967,353,-353
119,90,3811,2968,-22,-444
119,90,3811,2971,343,-359
119,90,3811,2972,-21,-418
119,90,3811,2980,-18,-366
119,90,3811,2981,0,-340
119,90,3812,2963,-24,-471
119,90,3812,2969,353,-353
119,90,3812,2972,-21,-418
119,90,3812,2976,281,-344
119,90,3812,2980,-18,-366
119,90,3813,2949,0,-444
119,90,3813,2963,-24,-471
119,90,3813,2972,-21,-418
119,90,3813,2980,-18,-366
119,90,3814,2963,-24,-471
119,90,3814,2972,-21,-418
119,90,3814,2980,-18,-366
119,90,3815,2949,0,-444
119,90,3815,2968,353,-353
119,90,3815,2980,-18,-366
119,90,3816,2968,-22,-444
119,90,3816,2977,232,-348
119,90,3816,2980,-18,-366
119,90,3817,2972,-21,-418
119,90,3817,2980,-18,-366
119,90,3818,2972,-21,-418
119,90,3818,2980,-18,-366
119,90,3818,2981,0,-340
119,90,3819,2968,-22,-444
119,90,3819,2968,314,-384
119,90,3819,2972,-21,-418
119,90,3819,2980,-18,-366
119,90,3820,2946,281,-310
119,90,3820,2949,0,-444
119,90,3820,2972,-21,-418
119,90,3820,2980,-18,-366
119,90,3821,2961,0,-471
119,90,3821,2970,260,-392
119,90,3821,2972,353,-353
119,90,3821,2980,-18,-366
119,90,3821,2981,0,-340
119,90,3822,2949,0,-444
119,90,3822,2970,351,-351
119,90,3822,2971,343,-359
119,90,3822,2972,-21,-418
119,90,3822,2972,345,-361
119,90,3822,2980,-18,-366
119,90,3823,2980,-18,-366
119,90,3824,2972,-21,-418
119,90,3824,2980,-18,-366
119,90,3825,2968,-22,-444
119,90,3825,2972,-21,-418
119,90,3825,2978,159,-358
119,90,3825,2980,-18,-366
119,90,3826,2958,-25,-497
119,90,3826,2972,-21,-418
119,90,3826,2978,150,-363
119,90,3826,2980,-18,-366
119,90,3827,2972,-21,-418
119,90,3827,2974,150,-391
119,90,3827,2980,-18,-366
119,90,3827,2980,18,-366
119,90,3828,2957,316,-386
119,90,3828,2958,25,-497
119,90,3828,2968,-22,-444
119,90,3828,2972,-21,-418
119,90,3828,2978,122,-372
119,90,3828,2980,-18,-366
119,90,3828,2980,18,-366
119,90,3828,2981,105,-350
119,90,3829,2958,25,-497
119,90,3829,2961,0,-471
119,90,3829,2972,-21,-418
119,90,3829,2980,-18,-366
119,90,3829,2981,0,-340
119,90,3829,2981,97,-353
119,90,3830,2968,-22,-444
119,90,3830,2972,-21,-418
119,90,3830,2974,130,-397
119,90,3830,2980,-18,-366
119,90,3830,2980,18,-366
119,90,3830,2981,97,-353
119,90,3831,2972,-21,-418
119,90,3831,2980,-18,-366
119,90,3831,2980,18,-366
119,90,3831,2981,88,-355
119,90,3832,2958,25,-497
119,90,3832,2968,-22,-444
119,90,3832,2980,-18,-366
119,90,3832,2980,18,-366
119,90,3832,2981,0,-340
119,90,3832,2981,71,-359
119,90,3832,2981,80,-358
119,90,3833,2967,32,-443
119,90,3833,2969,128,-426
119,90,3833,2972,-21,-418
119,90,3833,2980,-18,-366
119,90,3833,2980,18,-366
119,90,3833,2981,0,-340
119,90,3834,2958,25,-497
119,90,3834,2968,97,-434
119,90,3834,2972,-21,-418
119,90,3834,2973,81,-410
119,90,3834,2977,76,-385
119,90,3834,2978,71,-359
119,90,3834,2980,-18,-366
119,90,3835,2959,132,-480
119,90,3835,2968,86,-436
119,90,3835,2972,-21,-418
119,90,3835,2977,67,-386
119,90,3835,2977,76,-385
119,90,3835,2978,71,-359
119,90,3835,2980,-18,-366
119,90,3835,2985,109,-488
119,90,3836,2972,-21,-418
119,90,3836,2977,67,-386
119,90,3836,2978,44,-363
119,90,3836,2980,-18,-366
119,90,3836,2980,44,-363
119,90,3836,2980,54,-362
119,90,3836,2980,60,-496
119,90,3836,2982,97,-490
119,90,3837,2959,108,-485
119,90,3837,2972,-21,-418
119,90,3837,2972,50,-415
119,90,3837,2972,62,-414
119,90,3837,2974,58,-388
119,90,3837,2975,74,-494
119,90,3837,2977,38,-391
119,90,3837,2980,-18,-366
119,90,3837,2980,44,-363
119,90,3838,2961,0,-471
119,90,3838,2972,-21,-418
119,90,3838,2972,50,-415
119,90,3838,2976,28,-391
119,90,3838,2976,38,-391
119,90,3838,2978,35,-365
119,90,3838,2980,-18,-366
119,90,3838,2980,26,-365
119,90,3838,2981,0,-340
119,90,3838,2981,38,-391
119,90,3839,2961,0,-471
119,90,3839,2968,-22,-444
119,90,3839,2972,-21,-418
119,90,3839,2972,21,-418
119,90,3839,2974,20,-414
119,90,3839,2975,20,-414
119,90,3839,2976,20,-414
119,90,3839,2979,19,-387
119,90,3839,2979,20,-407
119,90,3839,2980,-18,-366
119,90,3839,2980,18,-366
119,90,3839,2980,19,-387
119,90,3839,2980,28,-391
119,90,3839,2981,0,-340
119,90,3840,2949,0,-444
119,90,3840,2965,0,-466
119,90,3840,2972,-21,-418
119,90,3840,2972,0,-418
119,90,3840,2972,22,-440
119,90,3840,2974,0,-500
119,90,3840,2974,0,-414
119,90,3840,2974,0,-392
119,90,3840,2974,0,-324
119,90,3840,2974,21,-433
119,90,3840,2977,0,-387
119,90,3840,2978,0,-387
119,90,3840,2978,0,-366
119,90,3840,2979,0,-500
119,90,3840,2980,-18,-366
119,90,3840,2980,0,-366
119,90,3840,2980,18,-366
119,90,3841,2980,-18,-366
119,90,3842,2972,-21,-418
119,90,3842,2972,30,-417
119,90,3842,2979,18,-366
119,90,3842,2980,-18,-366
119,90,3842,2980,18,-366
119,90,3843,2958,25,-497
119,90,3843,2967,32,-443
119,90,3843,2971,21,-418
119,90,3843,2971,30,-417
119,90,3843,2972,-21,-418
119,90,3843,2972,30,-417
119,90,3843,2979,18,-366
119,90,3843,2980,-18,-366
119,90,3843,2982,7,-340
119,90,3844,2961,0,-471
119,90,3844,2961,23,-471
119,90,3844,2962,0,-500
119,90,3844,2970,0,-500
119,90,3844,2972,-21,-418
119,90,3844,2972,0,-500
119,90,3844,2973,0,-500
119,90,3844,2974,0,-500
119,90,3844,2980,-18,-366
119,90,3844,2982,0,-500
119,90,3844,2982,0,-497
119,90,3844,2982,0,-444
119,90,3844,2983,0,-485
119,90,3844,2984,0,-471
119,90,3844,2985,0,-500
119,90,3845,2972,-21,-418
119,90,3845,2980,-18,-366
119,90,3846,2975,-41,-417
119,90,3846,2975,-31,-417
119,90,3846,2979,-29,-391
119,90,3846,2980,-18,-366
119,90,3847,2979,-29,-391
119,90,3852,2971,-144,-478
119,90,3853,2977,-156,-474
119,90,3855,2981,-144,-478
119,90,3904,2965,0,-500
120,39,3773,1292,500,0
120,39,3778,1292,500,0
120,39,3788,1292,473,0
120,39,3809,1292,447,0
120,39,3820,1208,114,378
120,39,3825,1211,386,271
120,39,3826,1236,-231,123
120,39,3828,1182,0,500
120,39,3828,1213,365,257
120,39,3833,1205,300,332
120,39,3833,1214,332,258
120,39,3833,1215,332,258
120,39,3834,1205,291,339
120,39,3834,1214,332,258
120,39,3839,1209,266,325
120,39,3840,1205,0,421
120,39,3840,1211,0,369
120,39,3842,1197,0,500
120,39,3844,1201,190,403
120,39,3844,1205,0,421
120,39,3845,1201,181,408
120,39,3845,1205,-21,421
120,39,3846,1204,190,403
120,39,3846,1215,211,301
120,39,3847,1200,150,421
120,39,3847,1204,181,408
120,39,3848,1211,177,353
120,39,3849,1199,129,428
120,39,3849,1204,141,396
120,39,3849,1207,151,393
120,39,3849,1207,161,389
120,39,3849,1218,-293,121
120,39,3850,1204,131,400
120,39,3851,1206,121,403
120,39,3851,1207,131,400
120,39,3851,1210,132,371
120,39,3852,1181,132,482
120,39,3852,1182,132,482
120,39,3852,1206,121,403
120,39,3852,1208,114,378
120,39,3852,1210,114,378
120,39,3852,1213,132,344
120,39,3852,1216,131,317
120,39,3854,1215,98,328
120,39,3855,1214,82,332
120,39,3856,1212,71,361
120,39,3857,1219,-192,-128
120,39,3857,1232,210,25
120,39,3858,1222,40,181
120,39,3859,1223,22,300
120,39,3859,1224,-148,-277
120,39,3860,1205,0,421
120,39,3860,1211,0,369
120,39,3860,1225,0,-257
120,39,3860,1225,0,-78
120,39,3860,1227,0,-78
120,39,3860,1228,0,-342
120,39,3860,1229,0,-287
120,39,3860,1230,0,-204
120,39,3860,1230,3,51
120,39,3860,1230,16,-19
120,39,3860,1230,166,-41
120,39,3860,1232,0,0
120,39,3860,1232,22,-13
120,39,3860,1232,46,22
120,39,3860,1232,130,-78
120,39,3860,1233,102,17
120,39,3860,1235,132,16
120,39,3861,1203,-21,421
120,39,3861,1204,-435,246
120,39,3861,1204,-135,192
120,39,3861,1205,-21,421
120,39,3863,1204,-350,0
120,39,3866,1205,0,421
120,39,3868,1191,0,500
120,39,3870,1191,-306,394
120,39,3875,1204,-500,0
120,39,3879,1184,0,500
121,38,3805,1195,482,132
121,38,3815,1200,474,156
121,38,3819,1166,361,345
121,38,3819,1167,361,345
121,38,3819,1167,371,335
121,38,3819,1168,361,345
121,38,3819,1204,488,109
121,38,3820,1167,361,345
121,38,3820,1168,361,345
121,38,3820,1169,378,326
121,38,3822,1168,353,353
121,38,3822,1168,361,345
121,38,3822,1169,353,353
121,38,3822,1196,438,87
121,38,3822,1197,440,76
121,38,3831,1157,358,343
121,38,3831,1193,393,151
121,38,3831,1195,406,111
121,38,3832,1157,358,343
121,38,3832,1163,199,397
121,38,3832,1165,256,426
121,38,3833,1157,351,351
121,38,3833,1157,358,343
121,38,3834,1157,358,343
121,38,3834,1163,146,446
121,38,3834,1164,158,443
121,38,3834,1164,169,442
121,38,3835,1157,358,343
121,38,3835,1165,158,445
121,38,3836,1157,358,343
121,38,3837,1157,358,343
121,38,3838,1157,358,343
121,38,3838,1161,353,353
121,38,3839,1157,351,351
121,38,3839,1157,358,343
121,38,3839,1161,48,490
121,38,3839,1162,23,471
121,38,3839,1196,176,-294
121,38,3839,1202,-169,-298
121,38,3840,1157,358,343
121,38,3840,1161,0,466
121,38,3840,1161,0,471
121,38,3840,1163,0,500
121,38,3840,1208,-190,317
121,38,3841,1157,358,343
121,38,3842,1157,358,343
121,38,3843,1157,358,343
121,38,3843,1161,353,353
121,38,3844,1157,358,343
121,38,3844,1158,351,351
121,38,3844,1218,-205,307
121,38,3845,1157,358,343
121,38,3845,1162,0,500
121,38,3846,1157,358,343
121,38,3846,1159,378,326
121,38,3846,1161,353,353
121,38,3847,1157,358,343
121,38,3847,1161,353,353
121,38,3848,1156,351,351
121,38,3848,1157,351,351
121,38,3848,1157,358,343
121,38,3848,1161,353,353
121,38,3848,1214,-298,106
121,38,3849,1156,351,351
121,38,3849,1157,351,351
121,38,3849,1157,358,343
121,38,3849,1161,353,353
121,38,3850,1154,332,332
121,38,3850,1156,351,351
121,38,3850,1157,358,343
121,38,3850,1158,351,351
121,38,3850,1158,368,333
121,38,3850,1161,353,353
121,38,3850,1211,-332,258
121,38,3851,1156,351,351
121,38,3851,1157,358,343
121,38,3851,1161,353,353
121,38,3851,1219,-176,111
121,38,3852,1156,351,351
121,38,3852,1156,353,353
121,38,3852,1157,358,343
121,38,3852,1158,351,351
121,38,3852,1158,358,343
121,38,3853,1156,351,351
121,38,3853,1157,351,351
121,38,3853,1157,353,353
121,38,3853,1157,358,343
121,38,3854,1156,351,351
121,38,3854,1157,343,358
121,38,3854,1157,351,351
121,38,3854,1157,358,343
121,38,3854,1183,98,328
121,38,3855,1156,351,351
121,38,3855,1157,358,343
121,38,3855,1213,-221,-79
121,38,3856,1157,358,343
121,38,3856,1159,361,345
121,38,3856,1161,353,353
121,38,3857,1156,351,351
121,38,3857,1157,351,351
121,38,3857,1157,358,343
121,38,3858,1156,351,351
121,38,3858,1157,351,351
121,38,3858,1157,358,343
121,38,3858,1161,353,353
121,38,3858,1168,353,353
121,38,3859,1157,358,343
121,38,3860,1156,351,351
121,38,3860,1157,358,343
121,38,3860,1161,353,353
121,38,3861,1156,351,351
121,38,3861,1157,358,343
121,38,3861,1164,353,353
121,38,3862,1156,351,351
121,38,3862,1157,358,343
121,38,3862,1161,361,345
121,38,3863,1156,351,351
121,38,3863,1157,358,343
121,38,3863,1184,151,144
121,38,3864,1157,358,343
121,38,3865,1156,351,351
121,38,3865,1157,358,343
121,38,3866,1157,358,343
121,38,3866,1161,353,353
121,38,3867,1157,358,343
121,38,3868,1143,0,500
121,38,3868,1156,351,351
121,38,3868,1157,351,351
121,38,3868,1157,358,343
121,38,3869,1156,351,351
121,38,3869,1157,358,343
121,38,3870,1156,351,351
121,38,3870,1157,358,343
121,38,3871,1157,358,343
121,38,3872,1157,351,351
121,38,3872,1157,358,343
121,38,3872,1161,353,353
121,38,3872,1201,-116,-174
121,38,3873,1157,351,351
121,38,3873,1157,358,343
121,38,3874,1156,351,351
121,38,3874,1157,358,343
121,38,3875,1156,351,351
121,38,3875,1157,351,351
121,38,3875,1157,358,343
121,38,3876,1157,358,343
121,38,3877,1157,358,343
121,38,3877,1161,353,353
121,38,3877,1178,386,316
121,38,3878,1147,-60,496
121,38,3878,1154,343,358
121,38,3878,1155,343,358
121,38,3878,1156,351,351
121,38,3878,1157,358,343
121,38,3878,1159,361,345
121,38,3879,1155,343,358
121,38,3879,1156,343,358
121,38,3879,1156,351,351
121,38,3879,1157,343,358
121,38,3879,1157,351,351
121,38,3879,1157,358,343
121,38,3879,1161,353,353
121,38,3880,1161,353,353
121,38,3881,1159,353,353
121,38,3882,1150,296,402
121,38,3882,1155,345,361
121,38,3883,1152,306,394
121,38,3883,1158,353,353
121,38,3883,1160,353,353
121,38,3884,1203,138,-74
121,38,3886,1157,353,353
121,38,3886,1158,353,353
121,38,3886,1159,353,353
121,38,3890,1160,353,353
121,38,3892,1190,259,223
121,38,3893,1159,345,361
121,38,3901,1187,330,-210
121,38,3903,1184,151,144
121,38,3903,1185,151,144
121,38,3904,1149,0,500
121,38,3904,1151,0,500
121,38,3904,1175,0,395
121,38,3904,1184,151,144
121,38,3905,1185,207,198
121,38,3907,1186,158,174
121,38,3908,1179,0,369
121,38,3908,1187,169,162
121,38,3911,1194,208,15
121,38,3916,1152,0,500
121,38,3917,1192,234,-23
121,38,3917,1193,234,-23
121,38,3918,1192,231,-40
121,38,3924,1173,0,421
121,38,3924,1194,0,-104
121,38,3924,1197,0,0
121,38,3924,1198,0,-78
122,3,3836,143,474,-156
122,3,3839,142,470,-167
122,3,3840,142,474,-156
122,3,3842,142,466,-179
122,3,3842,143,462,-191
122,3,3843,144,383,-181
122,3,3843,144,451,-212
122,3,3849,127,471,35
122,3,3849,132,473,0
122,3,3850,150,462,-103
122,3,3850,172,421,-267
122,3,3852,173,345,-361
122,3,3853,148,445,-159
122,3,3853,155,328,0
122,3,3854,129,447,22
122,3,3854,132,447,0
122,3,3854,139,447,0
122,3,3854,176,361,-345
122,3,3854,177,353,-353
122,3,3855,137,364,-35
122,3,3855,144,457,-126
122,3,3855,155,306,-394
122,3,3855,155,488,109
122,3,3855,184,353,-353
122,3,3857,132,447,0
122,3,3858,142,260,-19
122,3,3859,181,361,-345
122,3,3860,142,286,-21
122,3,3860,152,421,-150
122,3,3861,131,421,0
122,3,3861,132,418,0
122,3,3861,139,421,0
122,3,3861,153,414,-171
122,3,3862,147,408,-102
122,3,3863,131,395,0
122,3,3863,132,392,0
122,3,3863,132,395,0
122,3,3863,139,395,0
122,3,3863,141,261,-13
122,3,3863,148,403,-121
122,3,3863,150,393,-151
122,3,3864,150,393,-151
122,3,3864,169,309,-323
122,3,3865,148,371,-132
122,3,3865,148,378,-114
122,3,3866,67,403,190
122,3,3866,148,378,-114
122,3,3866,149,371,-132
122,3,3866,161,325,-266
122,3,3868,70,344,194
122,3,3868,117,314,-16
122,3,3868,141,314,-16
122,3,3868,146,355,-98
122,3,3868,146,357,-89
122,3,3868,163,304,-291
122,3,3869,146,355,-98
122,3,3869,147,347,-124
122,3,3870,180,345,-361
122,3,3872,180,345,-361
122,3,3873,146,344,-123
122,3,3873,180,345,-361
122,3,3874,164,250,-339
122,3,3874,176,353,-353
122,3,3881,169,345,-361
122,3,3882,168,371,-335
122,3,3882,171,139,-425
122,3,3883,169,345,-361
122,3,3884,165,345,-361
122,3,3884,166,345,-361
122,3,3884,166,361,-345
122,3,3884,169,345,-361
122,3,3884,173,335,-371
122,3,3884,173,345,-361
122,3,3884,176,353,-353
122,3,3884,177,353,-353
122,3,3884,178,361,-345
122,3,3884,180,345,-361
122,3,3884,180,353,-353
122,3,3884,181,353,-353
122,3,3885,165,345,-361
122,3,3885,169,345,-361
122,3,3885,170,345,-361
122,3,3885,173,335,-371
122,3,3885,173,345,-361
122,3,3885,176,353,-353
122,3,3885,177,353,-353
122,3,3885,181,345,-361
122,3,3885,182,335,-371
122,3,3885,182,345,-361
122,3,3886,169,345,-361
122,3,3886,172,345,-361
122,3,3886,173,335,-371
122,3,3886,173,345,-361
122,3,3886,176,353,-353
122,3,3886,180,345,-361
122,3,3886,180,353,-353
122,3,3886,181,353,-353
122,3,3886,183,345,-361
122,3,3887,185,296,-402
122,3,3888,176,353,-353
122,3,3888,177,353,-353
122,3,3888,185,296,-402
122,3,3889,178,345,-361
122,3,3889,178,353,-353
122,3,3889,185,287,-408
122,3,3890,178,361,-345
122,3,3890,183,361,-345
122,3,3891,177,345,-361
122,3,3891,181,287,-408
122,3,3891,181,296,-402
122,3,3893,178,296,-402
122,3,3894,176,345,-361
122,3,3894,177,296,-402
122,3,3894,177,345,-361
122,3,3895,141,-164,121
122,3,3895,142,-213,150
122,3,3896,156,179,-108
122,3,3897,174,345,-361
122,3,3897,176,345,-361
122,3,3899,157,191,-183
122,3,3901,175,361,-345
122,3,3901,176,361,-345
122,3,3901,181,345,-361
122,3,3903,147,208,162
122,3,3903,148,83,305
122,3,3904,173,335,-371
122,3,3906,140,-41,-124
122,3,3906,141,-214,128
122,3,3907,162,253,-264
122,3,3908,158,119,-139
122,3,3908,172,361,-345
122,3,3908,180,148,-450
122,3,3908,188,0,-500
122,3,3911,174,160,-417
122,3,3911,196,156,-474
122,3,3912,196,144,-478
122,3,3913,176,136,-453
122,3,3914,172,129,-428
122,3,3916,170,111,-407
122,3,3917,195,132,-482
122,3,3918,190,121,-484
122,3,3920,176,43,-446
122,3,3920,186,121,-484
122,3,3920,190,109,-488
122,3,3921,143,230,-46
122,3,3921,195,74,-494
122,3,3923,142,290,0
122,3,3924,143,0,0
122,3,3924,150,24,-10
122,3,3924,152,16,-20
122,3,3924,153,16,-20
122,3,3924,167,0,-395
122,3,3924,170,0,-421
122,3,3924,171,0,-421
122,3,3924,173,0,-447
122,3,3924,176,0,-447
122,3,3924,177,0,-473
122,3,3924,180,0,-500
122,3,3924,181,0,-500
122,3,3924,181,0,-473
122,3,3925,171,-156,-172
122,3,3929,171,-201,-201
122,3,3932,171,-73,-244
122,3,3938,185,-371,-335
122,90,3840,2923,500,0
122,90,3843,2932,451,-212
122,90,3844,2946,466,-179
122,90,3846,2923,500,0
122,90,3848,2925,488,-109
122,90,3851,2923,500,0
122,90,3851,2928,353,-353
122,90,3851,2929,361,-345
122,90,3852,2941,432,-192
122,90,3852,2941,438,-181
122,90,3853,2941,148,-450
122,90,3854,2923,447,0
122,90,3856,2923,314,0
122,90,3856,2934,428,-129
122,90,3856,2947,335,-371
122,90,3856,2951,361,-345
122,90,3858,2967,353,-353
122,90,3858,2968,353,-353
122,90,3860,2936,417,-160
122,90,3861,2937,414,-171
122,90,3863,2932,403,-121
122,90,3863,2934,393,-151
122,90,3863,2971,343,-359
122,90,3864,2934,393,-151
122,90,3864,2935,389,-161
122,90,3864,2970,351,-351
122,90,3865,2960,353,-353
122,90,3866,2931,381,-105
122,90,3866,2933,368,-142
122,90,3867,2967,353,-353
122,90,3867,2968,353,-353
122,90,3868,2930,357,-89
122,90,3869,2923,78,0
122,90,3870,2964,353,-353
122,90,3882,2953,345,-361
122,90,3882,2970,345,-361
122,90,3883,2919,5,-25
122,90,3884,2914,-272,-163
122,90,3884,2957,345,-361
122,90,3884,2959,371,-335
122,90,3884,2960,353,-353
122,90,3884,2964,361,-345
122,90,3884,2964,371,-335
122,90,3885,2953,345,-361
122,90,3885,2960,353,-353
122,90,3885,2965,345,-361
122,90,3885,2966,335,-371
122,90,3885,2966,345,-361
122,90,3886,2949,345,-361
122,90,3886,2951,361,-345
122,90,3886,2953,345,-361
122,90,3886,2961,353,-353
122,90,3886,2964,345,-361
122,90,3886,2964,353,-353
122,90,3886,2965,345,-361
122,90,3886,2965,361,-345
122,90,3887,2949,345,-361
122,90,3887,2969,296,-402
122,90,3888,2960,361,-345
122,90,3889,2922,-104,0
122,90,3889,2962,345,-361
122,90,3889,2962,353,-353
122,90,3889,2969,287,-408
122,90,3890,2922,-75,-21
122,90,3891,2922,-8,-25
122,90,3891,2923,-43,28
122,90,3893,2962,296,-402
122,90,3894,2925,103,154
122,90,3898,2932,-16,316
122,90,3900,2963,345,-361
122,90,3901,2929,141,341
122,90,3904,2963,361,-345
122,90,3906,2955,102,-182
122,90,3907,2960,316,-386
122,90,3908,2964,148,-450
122,90,3908,2972,0,-500
122,90,3909,2925,39,96
122,90,3911,2955,181,-409
122,90,3911,2980,156,-474
122,90,3912,2980,144,-478
122,90,3913,2960,136,-453
122,90,3913,2975,156,-474
122,90,3913,2981,144,-478
122,90,3914,2954,141,-396
122,90,3915,2956,118,-432
122,90,3915,2971,144,-478
122,90,3918,2974,121,-484
122,90,3919,2941,117,-207
122,90,3920,2972,121,-484
122,90,3922,2944,57,-230
122,90,3924,2951,0,-395
122,90,3924,2955,0,-421
122,90,3924,2957,0,-447
122,90,3924,2974,0,-500
122,90,3927,2932,0,0
122,90,3928,2932,-118,55
122,90,3928,2932,0,0
122,90,3930,2932,-15,-156
122,90,3931,2932,-26,0
122,90,3936,2932,25,2
122,113,3850,3670,462,-103
122,113,3850,3694,361,-345
122,113,3852,3677,432,-192
122,113,3852,3693,345,-361
122,113,3854,3652,418,0
122,113,3854,3656,447,0
122,113,3854,3666,440,-76
122,113,3854,3691,361,-345
122,113,3854,3697,353,-353
122,113,3855,3674,353,-353
122,113,3855,3677,361,-345
122,113,3856,3680,361,-345
122,113,3857,3662,234,-17
122,113,3858,3659,261,0
122,113,3858,3661,260,-19
122,113,3859,3651,421,0
122,113,3860,3657,286,21
122,113,3860,3661,287,-14
122,113,3860,3670,403,-121
122,113,3860,3672,421,-150
122,113,3862,3667,408,-102
122,113,3862,3673,389,-161
122,113,3863,3579,399,253
122,113,3863,3652,395,0
122,113,3863,3656,395,0
122,113,3863,3670,393,-151
122,113,3864,3689,309,-323
122,113,3865,3668,371,-132
122,113,3865,3668,378,-114
122,113,3866,3582,332,258
122,113,3866,3587,403,190
122,113,3866,3593,368,141
122,113,3866,3668,378,-114
122,113,3866,3669,371,-132
122,113,3866,3670,368,-142
122,113,3867,3670,368,-142
122,113,3867,3707,343,-359
122,113,3868,3590,344,194
122,113,3868,3644,314,-16
122,113,3868,3661,314,-16
122,113,3868,3666,355,-98
122,113,3868,3666,357,-89
122,113,3869,3567,394,306
122,113,3869,3666,355,-98
122,113,3869,3667,347,-124
122,113,3870,3566,378,326
122,113,3870,3589,380,179
122,113,3871,3704,353,-353
122,113,3872,3559,386,316
122,113,3872,3666,325,-107
122,113,3873,3568,290,373
122,113,3873,3700,345,-361
122,113,3873,3707,343,-359
122,113,3874,3575,253,399
122,113,3874,3696,353,-353
122,113,3874,3707,343,-359
122,113,3875,3588,333,211
122,113,3875,3592,356,167
122,113,3875,3682,295,-296
122,113,3875,3700,353,-353
122,113,3877,3559,386,316
122,113,3877,3592,330,165
122,113,3877,3697,353,-353
122,113,3878,3709,343,-359
122,113,3879,3572,101,244
122,113,3879,3707,343,-359
122,113,3880,3555,361,345
122,113,3880,3556,361,345
122,113,3882,3558,353,353
122,113,3882,3558,361,345
122,113,3882,3688,371,-335
122,113,3882,3697,353,-353
122,113,3882,3705,345,-361
122,113,3882,3706,345,-361
122,113,3883,3688,114,-348
122,113,3883,3698,353,-353
122,113,3884,3685,345,-361
122,113,3884,3686,361,-345
122,113,3884,3689,345,-361
122,113,3884,3694,345,-361
122,113,3884,3698,353,-353
122,113,3884,3698,361,-345
122,113,3884,3699,361,-345
122,113,3884,3700,371,-335
122,113,3884,3701,353,-353
122,113,3884,3703,335,-371
122,113,3884,3704,335,-371
122,113,3884,3711,296,-402
122,113,3885,3682,297,-298
122,113,3885,3685,345,-361
122,113,3885,3690,345,-361
122,113,3885,3693,335,-371
122,113,3885,3693,353,-353
122,113,3885,3698,353,-353
122,113,3885,3699,353,-353
122,113,3885,3700,345,-361
122,113,3885,3700,353,-353
122,113,3885,3701,345,-361
122,113,3885,3702,335,-371
122,113,3885,3702,345,-361
122,113,3885,3704,345,-361
122,113,3886,3549,0,395
122,113,3886,3563,421,267
122,113,3886,3685,345,-361
122,113,3886,3691,82,-413
122,113,3886,3692,345,-361
122,113,3886,3693,335,-371
122,113,3886,3696,353,-353
122,113,3886,3700,345,-361
122,113,3886,3701,345,-361
122,113,3886,3701,353,-353
122,113,3886,3702,353,-353
122,113,3887,3686,345,-361
122,113,3887,3696,353,-353
122,113,3887,3697,353,-353
122,113,3887,3701,326,-378
122,113,3887,3701,335,-371
122,113,3887,3705,296,-402
122,113,3888,3695,353,-353
122,113,3888,3696,353,-353
122,113,3888,3700,353,-353
122,113,3888,3704,345,-361
122,113,3888,3705,296,-402
122,113,3889,3685,345,-361
122,113,3889,3688,345,-361
122,113,3889,3689,345,-361
122,113,3889,3697,345,-361
122,113,3889,3698,345,-361
122,113,3889,3698,353,-353
122,113,3889,3700,345,-361
122,113,3889,3703,326,-378
122,113,3889,3704,296,-402
122,113,3889,3705,287,-408
122,113,3890,3697,361,-345
122,113,3890,3698,361,-345
122,113,3890,3699,361,-345
122,113,3891,3701,287,-408
122,113,3893,3698,296,-402
122,113,3893,3700,335,-371
122,113,3894,3585,191,182
122,113,3894,3588,191,182
122,113,3894,3696,345,-361
122,113,3894,3697,296,-402
122,113,3894,3697,345,-361
122,113,3894,3703,335,-371
122,113,3897,3695,345,-361
122,113,3898,3661,-235,11
122,113,3898,3702,361,-345
122,113,3898,3704,345,-361
122,113,3899,3687,327,-342
122,113,3899,3701,361,-345
122,113,3901,3680,312,-283
122,113,3901,3700,345,-361
122,113,3903,3663,-123,204
122,113,3904,3678,299,-258
122,113,3904,3693,335,-371
122,113,3904,3697,335,-371
122,113,3908,3572,0,421
122,113,3908,3692,361,-345
122,113,3908,3693,148,-450
122,113,3908,3693,361,-345
122,113,3908,3708,0,-500
122,113,3908,3708,25,-500
122,113,3911,3694,169,-442
122,113,3912,3574,-9,130
122,113,3912,3676,237,-248
122,113,3913,3669,353,-274
122,113,3913,3682,177,-353
122,113,3913,3696,136,-453
122,113,3914,3668,332,-300
122,113,3914,3695,118,-432
122,113,3916,3689,111,-407
122,113,3916,3716,114,-456
122,113,3917,3666,390,-58
122,113,3917,3667,387,-77
122,113,3920,3662,146,-114
122,113,3920,3666,406,-112
122,113,3920,3706,121,-484
122,113,3922,3587,403,190
122,113,3923,3662,290,0
122,113,3923,3667,437,97
122,113,3924,3663,190,285
122,113,3924,3665,12,23
122,113,3924,3674,0,-333
122,113,3924,3682,0,-157
122,113,3924,3685,0,-78
122,113,3924,3690,0,-421
122,113,3924,3691,0,-421
122,113,3924,3693,0,-447
122,113,3924,3700,0,-500
122,113,3924,3701,0,-500
122,113,3926,3587,81,105
122,113,3929,3691,-201,-201
122,113,3949,3585,-183,191
122,113,3956,3550,0,369
123,4,3864,154,500,11
123,4,3864,155,500,0
123,4,3864,155,500,11
123,4,3864,163,500,0
123,4,3866,156,500,0
123,4,3866,160,500,0
123,4,3868,152,498,37
123,4,3868,153,470,-167
123,4,3868,153,498,37
123,4,3869,154,500,25
123,4,3872,135,492,85
123,4,3873,136,494,74
123,4,3873,175,416,-277
123,4,3873,183,408,-287
123,4,3873,186,408,-287
123,4,3874,135,490,97
123,4,3874,190,386,-316
123,4,3875,136,496,60
123,4,3876,136,492,85
123,4,3876,187,368,-334
123,4,3876,193,340,-325
123,4,3876,194,340,-325
123,4,3876,195,340,-325
123,4,3876,196,340,-325
123,4,3876,197,340,-325
123,4,3876,198,340,-325
123,4,3876,199,340,-325
123,4,3876,200,340,-325
123,4,3876,201,340,-325
123,4,3876,202,340,-325
123,4,3876,203,340,-325
123,4,3876,204,340,-325
123,4,3877,186,358,-344
123,4,3877,186,368,-334
123,4,3877,187,368,-334
123,4,3878,177,353,-353
123,4,3878,186,358,-344
123,4,3878,186,368,-334
123,4,3878,187,368,-334
123,4,3878,189,343,-359
123,4,3878,200,358,-344
123,4,3878,201,358,-344
123,4,3878,202,343,-359
123,4,3878,204,343,-359
123,4,3878,205,343,-359
123,4,3878,207,343,-359
123,4,3879,186,358,-344
123,4,3879,192,351,-351
123,4,3879,193,351,-351
123,4,3879,194,351,-351
123,4,3879,195,351,-351
123,4,3879,196,351,-351
123,4,3879,198,351,-351
123,4,3879,200,351,-351
123,4,3879,209,351,-351
123,4,3881,172,345,-361
123,4,3881,183,361,-345
123,4,3881,192,500,0
123,4,3881,207,353,-353
123,4,3881,208,353,-353
123,4,3881,212,335,-371
123,4,3881,212,345,-361
123,4,3881,214,335,-371
123,4,3881,215,335,-371
123,4,3882,192,316,-386
123,4,3882,208,345,-361
123,4,3882,210,345,-361
123,4,3883,185,361,-345
123,4,3883,186,361,-345
123,4,3883,187,361,-345
123,4,3883,188,361,-345
123,4,3883,189,361,-345
123,4,3883,190,361,-345
123,4,3883,191,361,-345
123,4,3883,192,361,-345
123,4,3883,193,361,-345
123,4,3883,194,361,-345
123,4,3883,195,361,-345
123,4,3883,196,361,-345
123,4,3883,197,353,-353
123,4,3883,197,361,-345
123,4,3883,206,361,-345
123,4,3884,199,335,-371
123,4,3884,205,353,-353
123,4,3885,189,296,-402
123,4,3885,210,335,-371
123,4,3886,172,345,-361
123,4,3886,193,353,-353
123,4,3887,204,335,-371
123,4,3888,204,335,-371
123,4,3888,205,345,-361
123,4,3889,200,444,-10
123,4,3890,182,245,-235
123,4,3891,182,287,-408
123,4,3892,133,0,500
123,4,3892,140,98,184
123,4,3894,147,406,-112
123,4,3894,155,395,0
123,4,3895,139,298,44
123,4,3895,154,395,0
123,4,3895,216,361,-345
123,4,3897,139,104,0
123,4,3897,206,345,-361
123,4,3897,206,361,-345
123,4,3898,140,325,39
123,4,3899,155,369,18
123,4,3901,168,279,-279
123,4,3901,207,361,-345
123,4,3901,208,361,-345
123,4,3902,145,330,-91
123,4,3902,162,285,-273
123,4,3903,165,175,-194
123,4,3904,143,281,-70
123,4,3904,181,140,-155
123,4,3904,206,335,-371
123,4,3905,156,316,7
123,4,3906,139,157,0
123,4,3906,218,296,-402
123,4,3907,193,11,-500
123,4,3908,159,94,-90
123,4,3908,172,185,0
123,4,3909,206,181,-438
123,4,3910,179,98,328
123,4,3910,205,160,-417
123,4,3910,206,181,-438
123,4,3911,183,-67,335
123,4,3911,200,179,-380
123,4,3911,206,160,-417
123,4,3911,207,169,-442
123,4,3912,180,156,-474
123,4,3913,203,160,-417
123,4,3913,212,136,-453
123,4,3914,139,78,0
123,4,3914,174,-260,130
123,4,3914,204,129,-428
123,4,3914,204,139,-425
123,4,3914,207,118,-432
123,4,3914,226,156,-474
123,4,3914,227,121,-484
123,4,3915,190,194,-216
123,4,3915,223,132,-482
123,4,3915,230,132,-482
123,4,3916,201,121,-403
123,4,3916,202,111,-407
123,4,3918,175,-174,173
123,4,3918,220,121,-484
123,4,3919,199,91,-331
123,4,3919,205,66,-442
123,4,3920,153,-220,-146
123,4,3920,174,-130,195
123,4,3920,193,70,-281
123,4,3920,195,91,-303
123,4,3920,230,74,-494
123,4,3921,171,-208,-20
123,4,3921,193,69,-255
123,4,3921,194,69,-255
123,4,3921,220,74,-494
123,4,3922,172,-157,3
123,4,3922,172,-155,23
123,4,3922,172,-121,99
123,4,3922,192,40,-234
123,4,3922,192,57,-230
123,4,3922,194,46,-207
123,4,3923,171,157,-8
123,4,3924,172,146,-114
123,4,3924,174,406,-112
123,4,3924,178,390,58
123,4,3924,182,-190,317
123,4,3924,188,0,-26
123,4,3924,190,239,159
123,4,3924,194,0,-52
123,4,3924,196,212,-100
123,4,3924,197,210,4
123,4,3924,205,0,-447
123,4,3924,205,22,-447
123,4,3924,206,0,-447
123,4,3924,232,0,-500
123,4,3924,234,0,-500
123,4,3925,172,-29,43
123,4,3925,177,360,265
123,4,3925,178,-6,261
123,4,3925,180,-37,69
123,4,3926,172,-172,47
123,4,3926,172,-157,84
123,4,3926,173,65,170
123,4,3926,173,161,132
123,4,3926,178,-13,261
123,4,3927,172,-172,47
123,4,3927,172,-117,62
123,4,3927,172,126,41
123,4,3927,179,203,339
123,4,3927,180,-26,0
123,4,3927,180,0,0
123,4,3927,185,181,321
123,4,3927,217,345,-361
123,4,3928,172,202,60
123,4,3928,172,223,141
123,4,3928,172,226,136
123,4,3928,180,-78,0
123,4,3928,180,-26,0
123,4,3928,180,-23,-12
123,4,3928,180,0,0
123,4,3929,174,223,259
123,4,3929,180,-46,23
123,4,3929,180,-45,64
123,4,3929,180,-26,0
123,4,3929,180,-23,11
123,4,3929,180,0,0
123,4,3930,174,149,249
123,4,3930,176,101,214
123,4,3930,179,-41,340
123,4,3931,177,128,289
123,4,3931,180,-78,0
123,4,3931,180,-62,83
123,4,3931,180,-46,62
123,4,3931,180,421,9
123,4,3932,174,44,177
123,4,3932,179,149,337
123,4,3932,180,-162,208
123,4,3932,180,-26,-1
123,4,3933,172,-150,-110
123,4,3933,173,146,153
123,4,3933,178,-45,260
123,4,3933,180,186,186
123,4,3934,180,25,6
123,4,3935,223,306,-394
123,4,3936,180,25,-4
123,4,3939,172,86,130
123,4,3941,215,306,-394
123,4,3956,212,0,-500
123,6,3863,221,444,0
123,6,3863,221,500,0
123,6,3864,221,500,0
123,6,3864,227,445,-43
123,6,3865,217,469,34
123,6,3865,227,496,-60
123,6,3865,228,496,-60
123,6,3866,221,366,0
123,6,3867,220,340,0
123,6,3867,221,340,0
123,6,3867,221,392,0
123,6,3867,221,418,0
123,6,3867,221,500,0
123,6,3867,222,340,0
123,6,3867,222,361,-8
123,6,3867,222,361,0
123,6,3867,223,340,0
123,6,3867,224,340,0
123,6,3867,225,340,0
123,6,3867,226,340,0
123,6,3867,227,340,0
123,6,3867,228,340,0
123,6,3867,229,340,0
123,6,3867,230,340,0
123,6,3867,231,340,0
123,6,3867,232,340,0
123,6,3867,233,340,0
123,6,3867,234,340,0
123,6,3867,235,340,0
123,6,3868,184,418,9
123,6,3868,218,366,18
123,6,3868,221,366,0
123,6,3868,222,366,-18
123,6,3868,222,366,0
123,6,3868,223,366,-18
123,6,3868,223,366,-8
123,6,3868,233,347,-114
123,6,3868,234,347,-114
123,6,3868,237,366,-8
123,6,3869,221,366,0
123,6,3869,222,366,-8
123,6,3869,222,366,0
123,6,3869,223,366,-18
123,6,3869,223,366,-8
123,6,3869,234,344,-123
123,6,3869,237,366,-8
123,6,3869,249,419,-41
123,6,3870,221,366,0
123,6,3870,222,366,0
123,6,3870,228,357,-80
123,6,3871,222,366,-8
123,6,3871,222,366,0
123,6,3871,223,364,-27
123,6,3871,224,363,-44
123,6,3871,224,364,-35
123,6,3871,225,366,0
123,6,3871,226,360,-63
123,6,3871,226,362,-54
123,6,3871,227,360,-63
123,6,3871,227,366,0
123,6,3871,231,366,0
123,6,3871,232,375,-113
123,6,3871,235,366,0
123,6,3871,237,363,-150
123,6,3871,244,366,0
123,6,3871,246,366,0
123,6,3872,220,471,10
123,6,3872,221,471,0
123,6,3872,236,358,-159
123,6,3872,237,392,-9
123,6,3872,244,366,0
123,6,3872,245,392,0
123,6,3872,246,392,-20
123,6,3872,246,392,-9
123,6,3872,247,392,0
123,6,3873,237,392,-9
123,6,3873,245,392,-9
123,6,3873,246,392,-20
123,6,3873,246,392,-9
123,6,3873,246,392,0
123,6,3874,225,386,-67
123,6,3875,244,392,0
123,6,3875,246,392,0
123,6,3875,250,392,0
123,6,3876,244,392,0
123,6,3876,268,340,-325
123,6,3876,268,361,-345
123,6,3877,267,361,-345
123,6,3878,266,361,-345
123,6,3879,228,418,0
123,6,3879,233,418,0
123,6,3879,234,418,0
123,6,3879,264,351,-351
123,6,3880,249,351,-351
123,6,3880,266,335,-371
123,6,3881,262,353,-353
123,6,3881,267,335,-371
123,6,3882,262,353,-353
123,6,3882,275,345,-361
123,6,3883,237,361,-345
123,6,3883,251,361,-345
123,6,3883,261,361,-345
123,6,3884,224,444,0
123,6,3884,225,444,0
123,6,3884,226,444,0
123,6,3884,227,444,0
123,6,3884,228,444,0
123,6,3884,229,444,0
123,6,3884,230,444,0
123,6,3884,231,444,0
123,6,3884,232,444,0
123,6,3884,233,444,0
123,6,3884,234,444,0
123,6,3886,270,353,-353
123,6,3886,271,345,-361
123,6,3889,278,353,-353
123,6,3891,277,353,-353
123,6,3894,236,345,-361
123,6,3894,253,335,-371
123,6,3895,255,494,-74
123,6,3896,275,306,-394
123,6,3897,229,418,0
123,6,3897,230,418,0
123,6,3897,232,418,0
123,6,3897,233,418,0
123,6,3897,270,345,-361
123,6,3898,271,316,-386
123,6,3899,285,314,-384
123,6,3902,219,216,-227
123,6,3902,259,273,-317
123,6,3903,221,287,0
123,6,3903,228,290,0
123,6,3905,248,216,-227
123,6,3906,222,157,0
123,6,3907,222,130,0
123,6,3908,222,104,0
123,6,3913,276,136,-453
123,6,3914,294,121,-484
123,6,3916,247,106,353
123,6,3916,250,240,240
123,6,3916,253,212,212
123,6,3916,293,97,-490
123,6,3917,285,109,-488
123,6,3919,239,-191,114
123,6,3920,236,-207,30
123,6,3920,238,-158,136
123,6,3920,245,-189,-89
123,6,3921,238,-70,169
123,6,3921,251,303,91
123,6,3922,235,-200,39
123,6,3922,236,-121,99
123,6,3922,240,-84,219
123,6,3922,258,323,48
123,6,3923,236,-121,99
123,6,3923,243,-141,250
123,6,3924,237,-145,59
123,6,3924,245,25,2
123,6,3924,252,0,-104
123,6,3924,252,0,-26
123,6,3924,255,237,-248
123,6,3924,257,0,-52
123,6,3924,260,132,-162
123,6,3924,282,0,-500
123,6,3925,237,123,73
123,6,3925,237,155,140
123,6,3925,238,-5,235
123,6,3925,238,16,169
123,6,3925,244,0,0
123,6,3925,244,372,248
123,6,3926,236,134,80
123,6,3926,236,253,135
123,6,3926,237,141,135
123,6,3926,237,190,114
123,6,3926,238,145,131
123,6,3926,239,20,208
123,6,3926,239,52,160
123,6,3926,243,-14,274
123,6,3927,237,65,170
123,6,3927,239,-10,209
123,6,3927,244,0,0
123,6,3928,238,61,172
123,6,3928,238,173,260
123,6,3928,242,33,338
123,6,3928,244,-60,85
123,6,3928,244,-46,24
123,6,3928,244,-29,391
123,6,3928,244,-26,0
123,6,3928,244,-23,-12
123,6,3928,244,0,0
123,6,3928,244,48,498
123,6,3929,238,57,173
123,6,3929,244,-19,129
123,6,3930,240,139,313
123,6,3930,244,-48,392
123,6,3930,244,-26,0
123,6,3931,238,112,144
123,6,3931,244,-26,-1
123,6,3931,244,-23,10
123,6,3931,244,-15,20
123,6,3931,244,0,0
123,6,3932,241,-130,259
123,6,3932,244,224,289
123,6,3936,256,189,401
123,6,3938,244,-25,7
123,6,3939,236,72,108
123,6,3939,237,86,130
123,6,3956,238,125,-37
123,6,3956,243,157,-94
123,6,3956,266,0,-421
123,8,3863,294,495,-37
123,8,3864,253,442,-33
123,8,3865,292,496,-60
123,8,3865,299,421,0
123,8,3865,299,473,0
123,8,3866,244,447,0
123,8,3866,244,500,0
123,8,3866,277,500,0
123,8,3866,299,500,0
123,8,3866,308,392,-20
123,8,3867,244,340,0
123,8,3867,245,340,0
123,8,3867,246,340,0
123,8,3867,247,340,0
123,8,3867,248,340,0
123,8,3867,249,340,0
123,8,3867,250,340,0
123,8,3867,251,340,0
123,8,3867,252,340,0
123,8,3867,253,340,0
123,8,3867,254,335,50
123,8,3867,254,337,41
123,8,3867,254,340,0
123,8,3867,255,337,41
123,8,3867,255,340,0
123,8,3867,256,338,25
123,8,3867,256,338,33
123,8,3867,256,340,0
123,8,3867,257,340,0
123,8,3867,258,340,0
123,8,3867,259,340,0
123,8,3867,260,340,0
123,8,3867,260,361,0
123,8,3867,261,340,0
123,8,3867,262,340,0
123,8,3867,263,340,0
123,8,3867,264,340,0
123,8,3867,265,340,0
123,8,3867,266,340,0
123,8,3867,267,340,0
123,8,3867,268,340,0
123,8,3867,269,340,0
123,8,3867,270,340,0
123,8,3867,271,340,0
123,8,3867,272,340,0
123,8,3867,273,340,0
123,8,3867,274,340,0
123,8,3867,275,340,0
123,8,3867,276,340,0
123,8,3867,277,340,0
123,8,3867,278,340,0
123,8,3867,279,340,0
123,8,3867,280,340,0
123,8,3867,281,340,0
123,8,3867,282,340,0
123,8,3867,283,340,0
123,8,3867,284,340,0
123,8,3867,285,340,0
123,8,3867,286,340,0
123,8,3867,287,340,0
123,8,3867,288,340,0
123,8,3867,289,340,0
123,8,3867,290,340,0
123,8,3867,291,340,0
123,8,3867,292,340,0
123,8,3867,293,340,0
123,8,3867,294,340,0
123,8,3867,295,340,0
123,8,3867,296,340,0
123,8,3867,297,340,0
123,8,3867,298,340,0
123,8,3867,299,340,0
123,8,3868,246,366,-8
123,8,3868,247,366,-18
123,8,3868,247,366,0
123,8,3868,251,357,80
123,8,3868,251,358,71
123,8,3868,260,340,0
123,8,3868,299,340,0
123,8,3868,299,395,0
123,8,3868,300,366,-8
123,8,3868,301,366,-8
123,8,3868,301,366,0
123,8,3868,302,366,0
123,8,3868,303,395,-9
123,8,3869,236,429,257
123,8,3869,246,366,-8
123,8,3869,246,366,0
123,8,3869,247,366,-18
123,8,3869,247,366,0
123,8,3869,260,366,0
123,8,3869,301,366,-18
123,8,3869,301,366,-8
123,8,3869,302,366,0
123,8,3870,246,366,-8
123,8,3870,250,354,88
123,8,3870,250,357,80
123,8,3870,251,357,80
123,8,3870,252,358,71
123,8,3870,311,444,-22
123,8,3871,235,366,0
123,8,3871,244,366,0
123,8,3871,247,366,0
123,8,3871,253,360,62
123,8,3871,254,362,54
123,8,3871,260,366,0
123,8,3871,265,366,0
123,8,3871,272,366,0
123,8,3871,276,366,0
123,8,3871,291,366,0
123,8,3871,299,366,0
123,8,3871,299,500,0
123,8,3871,308,366,0
123,8,3871,311,366,0
123,8,3871,311,500,0
123,8,3871,312,366,0
123,8,3871,312,500,0
123,8,3871,313,366,0
123,8,3872,299,421,0
123,8,3872,300,392,0
123,8,3872,301,392,-9
123,8,3872,301,392,0
123,8,3872,302,392,0
123,8,3873,238,384,230
123,8,3873,301,392,-9
123,8,3873,302,392,0
123,8,3874,238,359,215
123,8,3874,309,392,0
123,8,3874,310,392,0
123,8,3874,320,471,-46
123,8,3875,298,392,0
123,8,3875,312,392,0
123,8,3875,315,392,0
123,8,3875,316,392,0
123,8,3875,316,433,0
123,8,3876,315,392,-9
123,8,3877,318,418,-21
123,8,3878,319,416,-31
123,8,3878,319,496,-60
123,8,3879,223,418,0
123,8,3879,291,418,0
123,8,3879,294,418,0
123,8,3879,298,418,0
123,8,3879,316,418,0
123,8,3879,318,418,0
123,8,3879,319,415,-50
123,8,3879,320,418,0
123,8,3879,321,463,-81
123,8,3880,223,418,0
123,8,3881,294,453,136
123,8,3882,222,444,0
123,8,3883,221,444,0
123,8,3883,221,500,0
123,8,3883,321,353,-353
123,8,3883,321,444,0
123,8,3883,322,444,0
123,8,3883,323,500,0
123,8,3884,221,500,0
123,8,3884,288,444,0
123,8,3884,289,444,0
123,8,3884,290,444,0
123,8,3884,291,444,0
123,8,3884,292,444,0
123,8,3884,293,444,0
123,8,3884,294,444,0
123,8,3884,295,444,0
123,8,3884,296,444,0
123,8,3884,297,444,0
123,8,3884,298,444,0
123,8,3884,322,444,0
123,8,3884,323,444,0
123,8,3884,323,500,0
123,8,3884,325,471,-24
123,8,3885,219,471,23
123,8,3886,221,500,0
123,8,3886,325,471,0
123,8,3887,221,471,0
123,8,3887,222,471,-11
123,8,3890,329,335,-371
123,8,3893,293,444,0
123,8,3895,346,361,-345
123,8,3897,289,418,0
123,8,3897,290,418,0
123,8,3897,293,418,0
123,8,3897,296,418,0
123,8,3897,297,418,0
123,8,3898,309,268,-103
123,8,3898,342,353,-353
123,8,3902,247,287,0
123,8,3902,314,-403,-121
123,8,3905,297,330,-91
123,8,3907,294,153,-146
123,8,3908,294,185,0
123,8,3914,252,289,28
123,8,3916,311,67,225
123,8,3917,308,-12,235
123,8,3917,314,242,242
123,8,3918,240,-183,-223
123,8,3918,242,125,170
123,8,3918,304,-33,-219
123,8,3919,300,-208,111
123,8,3919,303,65,-184
123,8,3920,244,-260,25
123,8,3921,280,-174,-116
123,8,3921,307,-153,-72
123,8,3922,303,-100,242
123,8,3923,261,-86,-162
123,8,3923,285,-86,-162
123,8,3923,299,-208,-20
123,8,3923,302,-194,80
123,8,3924,233,-120,-292
123,8,3924,238,54,-312
123,8,3924,243,46,-22
123,8,3924,300,-7,78
123,8,3924,300,0,183
123,8,3924,301,0,104
123,8,3924,301,207,25
123,8,3924,302,387,-77
123,8,3924,309,25,2
123,8,3924,314,0,-212
123,8,3924,323,0,-104
123,8,3924,336,0,-447
123,8,3926,235,173,-93
123,8,3926,236,-21,-421
123,8,3926,236,-14,-287
123,8,3926,239,204,-307
123,8,3926,300,253,135
123,8,3926,303,20,208
123,8,3926,303,69,210
123,8,3927,236,-19,-260
123,8,3927,237,152,-101
123,8,3927,240,152,-101
123,8,3927,242,371,-199
123,8,3927,300,138,74
123,8,3927,304,-15,208
123,8,3927,308,0,0
123,8,3928,231,382,169
123,8,3928,235,-26,0
123,8,3928,235,176,48
123,8,3928,237,208,-20
123,8,3928,239,175,-263
123,8,3928,243,128,-25
123,8,3928,243,155,-31
123,8,3928,301,-108,162
123,8,3928,302,173,260
123,8,3928,306,33,338
123,8,3928,306,41,340
123,8,3928,308,-29,391
123,8,3928,308,-27,364
123,8,3928,308,0,0
123,8,3929,238,28,-289
123,8,3929,239,190,-285
123,8,3929,242,73,-110
123,8,3929,242,142,-116
123,8,3929,300,-131,-131
123,8,3929,308,-23,-12
123,8,3930,235,-57,-470
123,8,3930,236,43,-446
123,8,3930,236,125,37
123,8,3930,243,101,-28
123,8,3930,300,110,110
123,8,3930,308,-46,62
123,8,3930,308,-26,0
123,8,3931,242,348,-187
123,8,3931,308,-26,0
123,8,3931,308,0,0
123,8,3932,308,0,0
123,8,3933,235,21,13
123,8,3933,304,-64,82
123,8,3933,308,-26,-1
123,8,3934,300,105,116
123,8,3934,302,35,179
123,8,3934,308,-130,0
123,8,3938,308,-49,18
123,8,3938,308,0,52
123,8,3939,301,25,-128
123,8,3940,301,119,170
123,8,3947,301,25,-128
123,8,3948,235,-55,-202
123,8,3948,235,39,-179
123,8,3951,235,-71,-359
123,8,3954,301,60,49
123,8,3956,235,0,0
123,8,3956,241,104,55
123,8,3956,303,121,-50
123,10,3863,323,500,0
123,10,3863,359,498,-48
123,10,3864,323,500,0
123,10,3865,326,500,-25
123,10,3865,335,482,-132
123,10,3865,348,500,0
123,10,3866,300,391,38
123,10,3866,308,500,0
123,10,3866,311,500,0
123,10,3866,312,500,0
123,10,3866,323,500,0
123,10,3866,326,392,-20
123,10,3867,308,340,0
123,10,3867,309,340,0
123,10,3867,310,340,0
123,10,3867,311,340,0
123,10,3867,312,340,0
123,10,3867,313,340,0
123,10,3867,314,340,0
123,10,3867,315,340,0
123,10,3867,316,340,0
123,10,3867,317,340,0
123,10,3867,318,337,41
123,10,3867,318,340,0
123,10,3867,319,340,0
123,10,3867,320,340,0
123,10,3867,321,340,0
123,10,3867,322,340,0
123,10,3867,323,340,0
123,10,3867,325,366,-18
123,10,3867,326,366,-18
123,10,3867,335,482,-132
123,10,3868,299,473,0
123,10,3868,309,418,-21
123,10,3868,318,366,-8
123,10,3868,318,366,0
123,10,3868,319,366,-18
123,10,3868,320,364,26
123,10,3868,325,366,-8
123,10,3868,325,366,0
123,10,3869,303,366,0
123,10,3869,318,366,-8
123,10,3869,319,366,-18
123,10,3869,320,366,0
123,10,3869,321,366,8
123,10,3870,299,395,0
123,10,3870,305,496,-60
123,10,3870,318,393,-29
123,10,3870,321,366,8
123,10,3870,325,416,-31
123,10,3870,332,384,76
123,10,3870,334,478,-144
123,10,3871,298,366,0
123,10,3871,299,366,0
123,10,3871,299,500,0
123,10,3871,315,366,0
123,10,3871,316,366,0
123,10,3871,319,366,0
123,10,3871,333,470,-167
123,10,3872,299,366,0
123,10,3872,301,392,-20
123,10,3872,301,392,-9
123,10,3872,302,392,0
123,10,3872,325,392,-9
123,10,3873,301,392,-20
123,10,3873,301,392,-9
123,10,3873,302,392,0
123,10,3875,290,392,0
123,10,3875,291,392,0
123,10,3877,279,351,351
123,10,3879,278,358,343
123,10,3881,329,466,-81
123,10,3881,383,500,11
123,10,3883,374,353,-353
123,10,3884,284,444,0
123,10,3884,285,444,0
123,10,3886,299,500,0
123,10,3886,301,471,-24
123,10,3886,328,447,0
123,10,3886,348,447,0
123,10,3886,351,445,33
123,10,3886,359,447,0
123,10,3887,388,500,0
123,10,3888,282,471,0
123,10,3889,266,353,353
123,10,3890,389,500,0
123,10,3891,336,340,17
123,10,3893,269,345,361
123,10,3893,269,353,353
123,10,3893,269,361,345
123,10,3894,323,314,0
123,10,3895,340,395,0
123,10,3896,340,421,0
123,10,3896,392,323,-309
123,10,3898,277,500,0
123,10,3900,330,369,-8
123,10,3903,328,316,0
123,10,3906,321,159,0
123,10,3907,272,48,498
123,10,3907,322,157,0
123,10,3908,268,181,438
123,10,3908,310,104,0
123,10,3908,312,104,0
123,10,3908,321,104,0
123,10,3910,272,171,414
123,10,3910,286,-241,294
123,10,3910,304,-300,-366
123,10,3912,282,417,223
123,10,3912,301,-446,43
123,10,3913,285,-316,130
123,10,3918,304,-183,-223
123,10,3918,405,81,-466
123,10,3920,289,-240,-160
123,10,3920,303,-149,-149
123,10,3921,296,-182,-17
123,10,3921,298,-180,-45
123,10,3923,307,153,33
123,10,3924,288,0,26
123,10,3924,290,0,26
123,10,3924,297,-116,-206
123,10,3924,299,-71,-125
123,10,3924,299,132,-84
123,10,3924,303,0,-183
123,10,3924,306,0,-262
123,10,3924,307,0,-209
123,10,3924,307,43,-29
123,10,3924,307,46,-25
123,10,3924,397,0,-447
123,10,3925,299,-26,-2
123,10,3925,301,98,-185
123,10,3925,304,74,-138
123,10,3925,305,74,-138
123,10,3925,306,0,-78
123,10,3925,306,74,-138
123,10,3925,307,0,-52
123,10,3925,307,24,-46
123,10,3926,299,-26,0
123,10,3926,299,173,-93
123,10,3926,303,152,-101
123,10,3926,304,124,-232
123,10,3926,305,28,-289
123,10,3926,307,0,-52
123,10,3927,299,-92,-49
123,10,3927,300,-100,-243
123,10,3927,301,152,-101
123,10,3927,302,152,-101
123,10,3927,303,152,-101
123,10,3927,304,15,-157
123,10,3927,307,233,-350
123,10,3928,299,-117,-58
123,10,3928,299,-115,-62
123,10,3928,299,-26,0
123,10,3928,299,-23,12
123,10,3928,300,-60,-146
123,10,3928,303,175,-263
123,10,3929,299,-164,-82
123,10,3929,301,28,-289
123,10,3929,302,28,-289
123,10,3929,303,190,-285
123,10,3929,304,190,-285
123,10,3929,306,73,-110
123,10,3930,299,-164,-109
123,10,3930,299,-26,-2
123,10,3930,299,0,0
123,10,3930,300,-144,-117
123,10,3930,300,-25,-5
123,10,3930,300,0,0
123,10,3930,300,43,-446
123,10,3930,300,225,67
123,10,3931,305,400,-201
123,10,3931,306,348,-187
123,10,3932,299,-26,1
123,10,3932,299,-22,13
123,10,3932,300,-95,-247
123,10,3932,306,22,-102
123,10,3933,299,153,-230
123,10,3933,300,43,-446
123,10,3934,301,271,-387
123,10,3935,300,-81,-466
123,10,3937,302,274,68
123,10,3940,299,-26,1
123,10,3942,307,138,-74
123,10,3947,306,101,-152
123,10,3949,299,25,-5
123,10,3949,307,23,-12
123,10,3950,299,74,-332
123,10,3956,299,-26,-2
123,10,3956,299,0,0
123,10,3956,299,9,24
123,10,3956,299,172,141
123,10,3956,303,0,0
123,10,3956,306,70,37
123,10,3956,307,25,-5
123,10,3956,307,115,-62
123,12,3863,423,500,11
123,12,3864,405,500,0
123,12,3865,388,500,0
123,12,3865,392,500,0
123,12,3865,393,500,0
123,12,3865,402,500,0
123,12,3866,384,500,0
123,12,3868,433,500,0
123,12,3869,364,500,0
123,12,3869,417,498,48
123,12,3871,361,416,277
123,12,3871,412,500,0
123,12,3871,424,500,0
123,12,3871,436,500,0
123,12,3873,360,402,296
123,12,3874,361,402,296
123,12,3875,357,332,332
123,12,3875,365,368,333
123,12,3875,392,500,-11
123,12,3876,339,332,332
123,12,3876,343,425,200
123,12,3876,343,430,191
123,12,3876,355,500,0
123,12,3877,341,401,189
123,12,3877,343,425,200
123,12,3877,343,430,191
123,12,3877,347,361,345
123,12,3877,347,474,156
123,12,3877,356,361,345
123,12,3877,357,351,351
123,12,3877,357,358,343
123,12,3877,357,368,333
123,12,3877,358,358,343
123,12,3878,334,358,343
123,12,3878,339,387,218
123,12,3878,339,392,210
123,12,3878,342,358,343
123,12,3878,343,358,343
123,12,3878,346,466,179
123,12,3878,350,358,343
123,12,3878,351,358,343
123,12,3878,351,371,335
123,12,3878,352,333,368
123,12,3878,352,351,351
123,12,3878,353,335,371
123,12,3878,354,343,358
123,12,3878,355,343,358
123,12,3878,357,358,343
123,12,3878,361,358,343
123,12,3878,364,345,361
123,12,3878,369,345,361
123,12,3878,433,345,-361
123,12,3878,433,371,-335
123,12,3879,334,351,351
123,12,3879,339,387,218
123,12,3879,341,392,210
123,12,3879,341,397,199
123,12,3879,342,351,351
123,12,3879,342,358,343
123,12,3879,343,351,351
123,12,3879,343,358,343
123,12,3879,344,358,343
123,12,3879,345,358,343
123,12,3879,346,358,343
123,12,3879,347,358,343
123,12,3879,348,358,343
123,12,3879,349,358,343
123,12,3879,350,351,351
123,12,3879,350,358,343
123,12,3879,351,358,343
123,12,3879,352,358,343
123,12,3879,353,358,343
123,12,3879,354,358,343
123,12,3879,355,343,358
123,12,3879,355,358,343
123,12,3879,356,343,358
123,12,3879,356,358,343
123,12,3879,357,358,343
123,12,3879,365,353,353
123,12,3880,334,378,279
123,12,3880,335,353,353
123,12,3880,336,353,353
123,12,3880,339,404,242
123,12,3880,341,397,199
123,12,3880,345,454,201
123,12,3880,345,466,179
123,12,3880,360,361,345
123,12,3880,368,361,345
123,12,3880,372,353,353
123,12,3881,335,353,353
123,12,3881,336,353,353
123,12,3881,337,353,353
123,12,3881,337,361,345
123,12,3881,337,419,266
123,12,3881,338,353,353
123,12,3881,345,454,201
123,12,3881,355,335,371
123,12,3881,393,473,0
123,12,3882,379,361,345
123,12,3883,337,353,353
123,12,3883,337,361,345
123,12,3883,337,392,304
123,12,3883,360,353,353
123,12,3883,420,500,0
123,12,3883,422,361,-345
123,12,3884,334,378,326
123,12,3884,335,378,326
123,12,3884,348,500,0
123,12,3884,387,361,345
123,12,3885,334,371,335
123,12,3885,348,500,0
123,12,3885,360,479,132
123,12,3885,445,432,-192
123,12,3886,348,500,11
123,12,3886,435,345,-361
123,12,3886,463,451,-212
123,12,3887,449,417,-224
123,12,3888,357,287,408
123,12,3889,413,148,-450
123,12,3889,441,372,248
123,12,3889,443,414,-171
123,12,3890,389,447,0
123,12,3890,401,447,0
123,12,3891,361,287,408
123,12,3891,362,431,118
123,12,3891,447,500,0
123,12,3891,452,361,-345
123,12,3892,376,286,-21
123,12,3893,393,421,0
123,12,3893,420,421,0
123,12,3893,456,500,0
123,12,3894,348,350,272
123,12,3894,352,423,212
123,12,3894,377,235,11
123,12,3894,440,389,-161
123,12,3894,441,389,-161
123,12,3895,355,364,205
123,12,3895,362,403,121
123,12,3895,388,395,0
123,12,3895,389,395,0
123,12,3895,412,395,0
123,12,3895,420,395,0
123,12,3895,424,395,0
123,12,3895,474,361,-345
123,12,3896,456,323,-309
123,12,3896,457,309,-323
123,12,3896,459,500,0
123,12,3897,338,492,85
123,12,3897,350,323,264
123,12,3897,441,376,-189
123,12,3898,416,367,27
123,12,3898,440,353,-177
123,12,3898,443,339,-203
123,12,3898,452,500,0
123,12,3898,470,353,-353
123,12,3899,336,462,191
123,12,3899,337,470,167
123,12,3899,348,500,0
123,12,3899,395,369,0
123,12,3899,409,62,360
123,12,3899,441,348,-187
123,12,3899,450,312,-283
123,12,3900,333,345,361
123,12,3900,334,402,296
123,12,3900,335,421,267
123,12,3900,337,470,167
123,12,3900,357,348,186
123,12,3900,358,344,194
123,12,3900,363,408,101
123,12,3900,405,0,500
123,12,3900,451,304,-291
123,12,3900,457,291,-339
123,12,3901,333,361,345
123,12,3901,335,429,257
123,12,3901,337,478,144
123,12,3902,352,293,265
123,12,3903,340,494,74
123,12,3903,374,273,285
123,12,3905,355,279,240
123,12,3906,382,207,198
123,12,3906,454,241,-344
123,12,3907,368,-292,-175
123,12,3907,381,132,126
123,12,3907,382,151,144
123,12,3908,383,113,108
123,12,3908,449,234,-318
123,12,3908,462,201,-427
123,12,3909,411,212,0
123,12,3909,461,181,-409
123,12,3910,437,234,-212
123,12,3910,475,0,-500
123,12,3912,365,-446,43
123,12,3912,463,158,-446
123,12,3913,367,185,-18
123,12,3913,468,136,-453
123,12,3914,470,371,-335
123,12,3915,313,121,484
123,12,3915,317,121,484
123,12,3916,318,132,482
123,12,3916,319,121,484
123,12,3916,341,101,408
123,12,3916,342,101,408
123,12,3916,348,-333,-32
123,12,3917,319,121,484
123,12,3917,339,92,411
123,12,3917,344,95,382
123,12,3919,350,95,382
123,12,3920,347,121,484
123,12,3920,353,-285,-190
123,12,3920,449,310,-281
123,12,3923,347,74,494
123,12,3923,466,7,-342
123,12,3924,315,0,500
123,12,3924,338,0,447
123,12,3924,348,167,470
123,12,3924,350,417,223
123,12,3924,351,0,78
123,12,3924,358,9,24
123,12,3924,362,-205,-239
123,12,3924,362,-162,-91
123,12,3924,362,193,158
123,12,3924,363,0,130
123,12,3924,369,0,-104
123,12,3924,370,183,-9
123,12,3924,371,46,-25
123,12,3924,371,46,-22
123,12,3924,371,49,-17
123,12,3924,371,50,-11
123,12,3925,363,-159,-90
123,12,3925,363,214,-101
123,12,3925,368,74,-138
123,12,3925,369,74,-138
123,12,3925,370,74,-138
123,12,3925,370,337,58
123,12,3925,371,24,-46
123,12,3926,363,-132,-75
123,12,3926,363,-130,0
123,12,3926,363,-51,230
123,12,3926,363,-42,-66
123,12,3926,363,-26,0
123,12,3926,363,0,236
123,12,3926,367,152,-101
123,12,3926,368,148,-278
123,12,3926,370,151,-144
123,12,3926,370,289,-183
123,12,3926,371,0,-52
123,12,3926,371,21,-14
123,12,3926,371,207,-367
123,12,3926,371,364,54
123,12,3926,444,254,-230
123,12,3927,363,-130,0
123,12,3927,363,-24,9
123,12,3927,364,-6,-261
123,12,3927,364,221,-16
123,12,3927,364,223,11
123,12,3927,365,121,-202
123,12,3927,365,152,-101
123,12,3927,366,152,-101
123,12,3927,367,152,-101
123,12,3928,363,-133,-210
123,12,3928,363,-130,0
123,12,3928,363,-93,-47
123,12,3928,363,-26,0
123,12,3928,363,-23,11
123,12,3928,363,-23,12
123,12,3928,363,0,0
123,12,3928,364,-119,-236
123,12,3928,364,-23,-12
123,12,3928,364,48,-498
123,12,3928,365,208,-20
123,12,3928,366,6,-290
123,12,3928,367,155,-276
123,12,3928,368,403,-121
123,12,3929,363,-130,0
123,12,3929,363,-48,21
123,12,3929,363,-26,0
123,12,3929,363,0,0
123,12,3929,366,258,-332
123,12,3929,371,86,-130
123,12,3930,363,-166,-105
123,12,3930,363,-26,-1
123,12,3930,363,-26,1
123,12,3930,363,-23,12
123,12,3930,363,0,0
123,12,3930,363,16,76
123,12,3930,364,-25,-5
123,12,3930,364,0,0
123,12,3930,364,125,37
123,12,3930,371,319,-123
123,12,3931,363,74,-494
123,12,3931,369,400,-201
123,12,3931,370,348,-187
123,12,3933,344,339,-292
123,12,3933,363,0,0
123,12,3933,364,43,-446
123,12,3933,365,108,-433
123,12,3934,363,25,3
123,12,3934,367,180,172
123,12,3934,458,327,-342
123,12,3935,358,311,197
123,12,3935,369,0,126
123,12,3937,366,0,183
123,12,3937,455,316,-316
123,12,3938,324,296,402
123,12,3938,371,72,-108
123,12,3940,438,0,-261
123,12,3940,469,0,-473
123,12,3942,320,236,441
123,12,3943,370,101,-152
123,12,3946,454,-25,-207
123,12,3947,363,0,0
123,12,3948,365,-45,226
123,12,3948,367,184,-185
123,12,3949,363,-25,-207
123,12,3950,349,127,286
123,12,3952,360,114,322
123,12,3954,360,59,119
123,12,3956,328,148,449
123,12,3956,363,-26,-1
123,12,3956,363,0,0
123,12,3956,366,136,123
123,12,3956,366,139,98
123,12,3964,459,0,-421
123,12,3964,465,0,-473
123,12,3966,436,0,0
123,12,3971,436,0,0
123,12,3972,446,175,-194
123,12,3997,460,30,-154
123,12,3999,476,-60,-496
123,12,4000,486,-60,-496
123,12,4004,459,0,-421
123,12,4004,462,0,-447
123,12,4004,467,0,-466
123,12,4007,431,-261,173
123,12,4008,456,-323,-309
123,12,4009,430,-198,369
123,34,3864,1123,500,0
123,34,3865,1123,500,0
123,34,3866,1111,500,0
123,34,3866,1123,500,0
123,34,3867,1074,340,0
123,34,3867,1076,340,0
123,34,3867,1079,340,0
123,34,3867,1082,340,0
123,34,3867,1083,340,0
123,34,3867,1085,340,0
123,34,3867,1086,340,0
123,34,3867,1087,340,0
123,34,3867,1088,340,0
123,34,3867,1089,340,0
123,34,3867,1090,340,0
123,34,3867,1091,340,0
123,34,3867,1092,340,0
123,34,3867,1093,340,0
123,34,3867,1095,340,0
123,34,3867,1096,340,0
123,34,3867,1097,340,0
123,34,3867,1098,340,0
123,34,3867,1099,340,0
123,34,3867,1100,340,0
123,34,3867,1101,340,0
123,34,3867,1102,340,0
123,34,3867,1103,340,0
123,34,3867,1105,340,0
123,34,3867,1106,340,0
123,34,3867,1107,340,0
123,34,3867,1108,340,0
123,34,3867,1109,340,0
123,34,3867,1110,340,0
123,34,3867,1111,340,0
123,34,3867,1112,340,0
123,34,3867,1113,340,0
123,34,3867,1114,340,0
123,34,3867,1115,340,0
123,34,3867,1116,340,0
123,34,3867,1117,340,0
123,34,3867,1120,340,0
123,34,3867,1121,340,0
123,34,3867,1122,340,0
123,34,3867,1123,340,0
123,34,3867,1126,366,-18
123,34,3867,1135,482,-132
123,34,3868,1074,366,-8
123,34,3868,1083,340,0
123,34,3868,1085,366,-8
123,34,3868,1086,366,-18
123,34,3868,1086,366,-8
123,34,3868,1123,340,0
123,34,3868,1123,366,0
123,34,3868,1123,497,0
123,34,3868,1124,361,0
123,34,3868,1125,366,-8
123,34,3868,1125,366,0
123,34,3869,1087,366,-18
123,34,3869,1088,366,0
123,34,3869,1121,366,8
123,34,3869,1123,366,0
123,34,3869,1124,366,0
123,34,3870,1121,366,8
123,34,3871,1076,366,0
123,34,3871,1084,366,0
123,34,3871,1086,366,-8
123,34,3871,1090,366,0
123,34,3871,1123,366,0
123,34,3871,1123,500,0
123,34,3871,1124,387,0
123,34,3872,1086,392,-20
123,34,3872,1125,392,0
123,34,3873,1121,392,8
123,34,3873,1123,392,0
123,34,3873,1124,392,0
123,34,3874,1121,392,8
123,34,3874,1123,500,0
123,34,3875,1060,392,0
123,34,3875,1084,392,0
123,34,3875,1123,392,0
123,34,3875,1125,418,-10
123,34,3876,1125,418,-21
123,34,3877,1062,418,-21
123,34,3878,1123,500,0
123,34,3879,1121,418,0
123,34,3881,1123,457,-126
123,34,3883,1123,500,0
123,34,3883,1124,492,85
123,34,3884,1122,444,0
123,34,3884,1123,444,0
123,34,3886,1123,473,0
123,34,3890,1123,447,0
123,34,3893,1104,161,132
123,34,3893,1123,421,0
123,34,3894,1046,497,0
123,34,3894,1158,339,-292
123,34,3895,1098,157,0
123,34,3896,1124,395,0
123,34,3903,1092,261,0
123,34,3903,1098,261,0
123,34,3903,1128,261,0
123,34,3904,1028,224,447
123,34,3904,1028,500,0
123,34,3904,1038,361,345
123,34,3904,1123,25,-5
123,34,3905,1120,235,0
123,34,3905,1123,50,13
123,34,3905,1153,-417,30
123,34,3906,1072,237,247
123,34,3906,1077,209,200
123,34,3907,1112,181,21
123,34,3907,1125,104,0
123,34,3907,1128,181,21
123,34,3908,1035,345,361
123,34,3908,1110,104,0
123,34,3908,1115,104,0
123,34,3908,1116,104,0
123,34,3908,1122,104,0
123,34,3908,1125,104,0
123,34,3909,1041,181,408
123,34,3909,1142,-400,-132
123,34,3910,1040,171,414
123,34,3912,1038,361,345
123,34,3912,1056,190,317
123,34,3912,1068,114,322
123,34,3913,1048,151,365
123,34,3914,1043,139,424
123,34,3914,1047,151,393
123,34,3914,1164,139,-425
123,34,3915,1047,131,400
123,34,3915,1096,158,174
123,34,3915,1135,-221,139
123,34,3917,1057,123,319
123,34,3917,1068,0,316
123,34,3917,1078,0,104
123,34,3917,1138,5,-104
123,34,3917,1142,-236,-111
123,34,3917,1144,30,312
123,34,3919,1121,207,111
123,34,3919,1127,175,263
123,34,3919,1132,-283,231
123,34,3920,1047,67,389
123,34,3920,1133,25,263
123,34,3920,1134,-265,216
123,34,3921,1043,41,419
123,34,3921,1047,-30,153
123,34,3921,1134,-158,136
123,34,3922,1090,-152,-101
123,34,3922,1096,-97,39
123,34,3923,1130,-8,24
123,34,3923,1131,-155,-19
123,34,3923,1131,-37,35
123,34,3924,1042,0,235
123,34,3924,1067,0,0
123,34,3924,1132,-176,48
123,34,3924,1132,-162,86
123,34,3924,1133,-146,178
123,34,3924,1135,-100,242
123,34,3924,1137,0,261
123,34,3924,1164,0,-235
123,34,3925,1074,0,0
123,34,3925,1132,-179,35
123,34,3925,1144,111,207
123,34,3930,1134,276,61
123,34,3930,1149,341,240
123,34,3931,1067,180,26
123,34,3931,1138,112,144
123,34,3934,1169,469,45
123,34,3938,1033,121,484
123,34,3940,1017,0,500
123,34,3940,1019,0,500
123,34,3940,1024,0,471
123,34,3940,1030,0,500
123,34,3951,1135,161,132
123,34,3956,1148,308,-54
123,34,3960,1140,-195,277
123,34,3961,1140,295,-114
123,37,3863,1188,500,0
123,37,3864,1188,500,0
123,37,3865,1184,500,0
123,37,3868,1195,488,109
123,37,3871,1160,416,277
123,37,3874,1159,402,296
123,37,3874,1161,402,296
123,37,3874,1163,416,277
123,37,3875,1162,416,277
123,37,3876,1139,332,332
123,37,3876,1141,332,332
123,37,3876,1145,332,332
123,37,3876,1158,378,326
123,37,3876,1159,378,326
123,37,3877,1150,351,351
123,37,3877,1155,353,353
123,37,3877,1157,358,343
123,37,3877,1157,368,333
123,37,3877,1158,358,343
123,37,3878,1143,358,343
123,37,3878,1148,361,345
123,37,3878,1156,351,351
123,37,3878,1157,358,343
123,37,3878,1158,358,343
123,37,3878,1164,345,361
123,37,3878,1166,353,353
123,37,3879,1142,358,343
123,37,3879,1143,358,343
123,37,3879,1144,358,343
123,37,3879,1145,358,343
123,37,3879,1146,358,343
123,37,3879,1147,358,343
123,37,3879,1148,358,343
123,37,3879,1149,358,343
123,37,3879,1150,358,343
123,37,3879,1151,358,343
123,37,3879,1152,358,343
123,37,3879,1153,358,343
123,37,3879,1154,358,343
123,37,3879,1155,358,343
123,37,3879,1156,343,358
123,37,3879,1157,351,351
123,37,3879,1157,358,343
123,37,3879,1158,358,343
123,37,3879,1161,353,353
123,37,3879,1165,353,353
123,37,3880,1164,353,353
123,37,3881,1160,353,353
123,37,3881,1161,353,353
123,37,3881,1161,361,345
123,37,3881,1179,345,361
123,37,3881,1189,473,-11
123,37,3882,1148,500,0
123,37,3883,1129,343,358
123,37,3883,1155,353,353
123,37,3883,1180,500,0
123,37,3883,1184,361,345
123,37,3883,1187,361,345
123,37,3884,1187,335,371
123,37,3886,1188,457,125
123,37,3886,1189,386,271
123,37,3886,1190,323,309
123,37,3888,1130,353,353
123,37,3889,1159,449,148
123,37,3893,1132,345,361
123,37,3893,1203,421,0
123,37,3895,1161,431,118
123,37,3895,1180,395,0
123,37,3895,1203,126,-34
123,37,3895,1204,183,0
123,37,3895,1204,395,0
123,37,3897,1146,304,291
123,37,3898,1188,369,-8
123,37,3899,1188,369,-8
123,37,3903,1174,273,285
123,37,3903,1180,316,0
123,37,3904,1126,358,192
123,37,3904,1135,361,345
123,37,3904,1187,51,-10
123,37,3908,1126,441,236
123,37,3908,1183,75,72
123,37,3909,1131,169,442
123,37,3909,1137,181,408
123,37,3909,1184,-211,232
123,37,3912,1182,-331,91
123,37,3912,1189,115,110
123,37,3914,1139,139,424
123,37,3915,1144,306,394
123,37,3915,1149,141,341
123,37,3916,1135,148,449
123,37,3916,1148,123,347
123,37,3916,1176,-289,-21
123,37,3917,1135,148,449
123,37,3917,1150,115,350
123,37,3917,1181,-344,132
123,37,3918,1204,0,0
123,37,3919,1177,-234,-23
123,37,3923,1147,74,494
123,37,3923,1175,-87,164
123,37,3924,1112,0,500
123,37,3924,1125,0,500
123,37,3924,1131,0,500
123,37,3924,1131,109,488
123,37,3924,1131,121,484
123,37,3924,1131,224,447
123,37,3924,1148,0,369
123,37,3924,1153,197,-311
123,37,3924,1158,224,447
123,37,3924,1171,46,-22
123,37,3926,1168,148,-278
123,37,3928,1165,208,-20
123,37,3929,1161,170,65
123,37,3932,1146,285,-273
123,37,3947,1149,164,327
123,68,3870,2151,500,0
123,68,3883,2152,498,-37
123,68,3883,2152,500,0
123,68,3883,2153,498,-37
123,68,3886,2156,438,87
123,68,3888,2200,335,-371
123,68,3893,2179,421,0
123,68,3894,2248,500,0
123,68,3895,2154,403,121
123,68,3895,2187,395,0
123,68,3899,2151,453,136
123,68,3900,2155,408,101
123,68,3902,2144,293,265
123,68,3916,2125,353,353
123,68,3916,2128,353,353
123,68,3917,2122,335,371
123,68,3917,2123,353,353
123,68,3917,2124,353,353
123,68,3917,2125,353,353
123,68,3917,2131,345,361
123,68,3917,2135,345,361
123,68,3918,2123,335,371
123,68,3918,2123,345,361
123,68,3918,2123,353,353
123,68,3918,2124,345,361
123,68,3918,2124,353,353
123,68,3918,2128,353,353
123,68,3918,2131,345,361
123,68,3918,2135,345,361
123,68,3919,2135,345,361
123,68,3919,2141,361,345
123,68,3919,2142,335,371
123,68,3920,2122,353,353
123,68,3920,2128,353,353
123,68,3920,2142,361,345
123,68,3922,2125,353,353
123,68,3925,2123,345,361
123,68,3925,2123,361,345
123,68,3925,2124,345,361
123,68,3926,2157,-13,-261
123,68,3927,2121,345,361
123,68,3927,2122,345,361
123,68,3927,2163,167,-79
123,68,3928,2123,345,361
123,68,3928,2155,6,-290
123,68,3929,2123,345,361
123,68,3929,2124,345,361
123,68,3931,2159,-23,-237
123,68,3932,2124,361,345
123,68,3932,2126,345,361
123,68,3932,2154,76,-307
123,68,3932,2157,101,-244
123,68,3932,2163,-164,-87
123,68,3933,2156,-14,-290
123,68,3933,2159,-136,-227
123,68,3934,2126,335,371
123,68,3935,2163,-141,-75
123,68,3936,2127,361,345
123,68,3936,2163,-141,-75
123,68,3937,2149,229,-178
123,68,3939,2126,-295,360
123,68,3939,2150,228,-219
123,68,3939,2160,-121,-202
123,68,3940,2140,-233,285
123,68,3942,2127,-432,178
123,68,3942,2148,98,326
123,68,3942,2159,-105,-210
123,68,3945,2135,161,389
123,68,3947,2130,-412,-40
123,68,3949,2138,-360,-35
123,68,3951,2156,382,95
123,68,3952,2140,-262,-175
123,68,3952,2144,-279,-186
123,68,3952,2145,-272,-181
123,68,3953,2143,-214,-142
123,68,3955,2123,85,492
123,68,3955,2146,-149,-278
123,68,3955,2146,-123,-231
123,68,3955,2148,-121,-226
123,68,3955,2148,75,72
123,68,3955,2152,-148,-277
123,68,3956,2126,0,473
123,68,3956,2133,0,421
123,68,3956,2135,0,395
123,68,3956,2140,0,369
123,68,3956,2149,63,255
123,68,3956,2150,15,20
123,68,3956,2153,0,-257
123,68,3956,2153,23,10
123,68,3956,2154,0,0
123,68,3956,2154,17,19
123,68,3956,2155,0,-309
123,68,3956,2155,24,-8
123,68,3956,2155,25,-4
123,68,3956,2156,0,-104
123,68,3956,2156,0,190
123,68,3956,2156,19,-17
123,68,3956,2156,22,-13
123,68,3956,2158,0,0
123,68,3956,2158,25,-4
123,68,3956,2158,35,37
123,68,3956,2158,106,-240
123,68,3956,2159,0,-261
123,68,3956,2159,0,0
123,68,3956,2159,128,90
123,68,3956,2159,145,112
123,68,3956,2159,162,-53
123,68,3956,2160,129,65
123,68,3956,2160,149,26
123,68,3956,2161,17,-19
123,68,3956,2161,96,-40
123,68,3956,2161,102,17
123,68,3956,2162,0,-52
123,68,3956,2162,78,-61
123,68,3956,2162,80,-59
123,68,3956,2163,42,-95
123,68,3956,2163,76,13
123,68,3959,2132,-350,0
123,92,3867,2973,500,0
123,92,3874,2998,392,0
123,92,3874,3006,392,0
123,92,3875,3004,418,0
123,92,3875,3004,500,0
123,92,3875,3005,418,0
123,92,3875,3006,392,0
123,92,3875,3006,414,-21
123,92,3875,3006,414,0
123,92,3875,3009,496,-60
123,92,3875,3010,494,-74
123,92,3876,3004,500,-11
123,92,3876,3005,444,0
123,92,3876,3006,416,-31
123,92,3876,3006,418,-21
123,92,3876,3007,416,-31
123,92,3877,2996,361,-345
123,92,3877,2997,361,-345
123,92,3877,3004,447,0
123,92,3877,3005,500,0
123,92,3877,3006,416,-31
123,92,3877,3006,418,-21
123,92,3877,3006,418,0
123,92,3877,3007,416,-31
123,92,3877,3015,390,-150
123,92,3878,2993,358,-344
123,92,3878,2994,358,-344
123,92,3878,2997,343,-359
123,92,3878,3000,343,-359
123,92,3878,3004,418,0
123,92,3878,3005,418,-10
123,92,3878,3005,500,-11
123,92,3878,3005,500,0
123,92,3878,3006,418,0
123,92,3878,3006,438,-32
123,92,3878,3007,445,-33
123,92,3878,3017,401,-189
123,92,3879,2993,351,-351
123,92,3879,2994,351,-351
123,92,3879,2997,484,121
123,92,3879,3004,418,0
123,92,3879,3005,418,-10
123,92,3879,3006,418,-21
123,92,3879,3006,418,0
123,92,3879,3013,418,-149
123,92,3880,3009,496,-60
123,92,3880,3014,415,-160
123,92,3880,3015,411,-170
123,92,3881,2996,335,-371
123,92,3882,2990,361,-345
123,92,3882,2991,353,-353
123,92,3883,2984,361,-345
123,92,3883,2985,361,-345
123,92,3883,2986,361,-345
123,92,3883,2987,361,-345
123,92,3883,2988,361,-345
123,92,3883,2989,353,-353
123,92,3883,2989,361,-345
123,92,3883,2990,361,-345
123,92,3883,2991,361,-345
123,92,3883,2992,361,-345
123,92,3883,2993,361,-345
123,92,3883,2994,361,-345
123,92,3883,2995,361,-345
123,92,3883,2996,361,-345
123,92,3883,2997,361,-345
123,92,3883,2998,361,-345
123,92,3883,3000,361,-345
123,92,3883,3002,361,-345
123,92,3883,3009,361,-345
123,92,3883,3031,361,-345
123,92,3884,2973,500,0
123,92,3884,2993,335,-371
123,92,3886,2995,353,-353
123,92,3886,2996,353,-353
123,92,3886,3005,500,0
123,92,3886,3023,353,-353
123,92,3887,2985,353,-353
123,92,3888,3005,471,0
123,92,3890,3005,497,-11
123,92,3890,3024,361,-345
123,92,3893,3016,497,0
123,92,3893,3017,497,0
123,92,3897,3005,498,-37
123,92,3898,3020,500,0
123,92,3902,3029,361,-345
123,92,3903,3021,500,0
123,92,3903,3026,335,-371
123,92,3904,2940,139,-425
123,92,3904,2993,0,107
123,92,3904,3001,438,-235
123,92,3905,2991,67,82
123,92,3907,3000,353,-353
123,92,3908,3020,361,-345
123,92,3908,3021,148,-450
123,92,3910,2972,-367,207
123,92,3910,2976,-367,207
123,92,3910,2977,-293,-265
123,92,3910,2978,-367,207
123,92,3910,2979,-367,207
123,92,3911,3012,177,-353
123,92,3913,3024,136,-453
123,92,3916,2970,-269,-111
123,92,3916,3013,429,-257
123,92,3917,3012,114,-378
123,92,3921,2970,-198,132
123,92,3922,2959,-141,155
123,92,3922,2972,-130,86
123,92,3922,3019,41,-419
123,92,3923,2958,-32,126
123,92,3924,3005,0,-316
123,92,3924,3010,0,-395
123,92,3924,3019,0,-421
123,92,3924,3021,0,-447
123,92,3924,3023,0,-473
123,92,3924,3028,0,-500
123,92,3924,3028,361,-345
123,92,3928,3000,-226,291
123,92,3928,3000,-219,296
123,92,3928,3001,-242,311
123,92,3928,3005,355,-225
123,92,3930,2989,254,230
123,92,3930,2990,284,56
123,92,3930,2998,-82,412
123,92,3931,2988,-175,57
123,92,3931,2994,114,378
123,92,3933,3004,322,-227
123,92,3952,2925,186,-252
123,92,3965,3019,-76,-251
123,95,3866,3080,391,-29
123,95,3867,3027,340,0
123,95,3867,3028,340,0
123,95,3867,3029,340,0
123,95,3867,3030,340,0
123,95,3867,3032,340,0
123,95,3867,3033,340,0
123,95,3867,3034,340,0
123,95,3867,3035,340,0
123,95,3867,3036,340,0
123,95,3867,3037,340,0
123,95,3867,3038,337,41
123,95,3867,3038,340,0
123,95,3867,3039,337,41
123,95,3867,3039,340,0
123,95,3867,3040,340,0
123,95,3867,3041,340,0
123,95,3867,3042,340,0
123,95,3867,3043,340,0
123,95,3867,3044,340,0
123,95,3867,3044,361,0
123,95,3867,3045,340,0
123,95,3867,3046,340,0
123,95,3867,3047,340,0
123,95,3867,3048,340,0
123,95,3867,3049,340,0
123,95,3867,3050,340,0
123,95,3867,3051,340,0
123,95,3867,3052,340,0
123,95,3867,3053,340,0
123,95,3867,3054,340,0
123,95,3867,3055,340,0
123,95,3867,3056,340,0
123,95,3867,3057,340,0
123,95,3867,3058,340,0
123,95,3867,3059,340,0
123,95,3867,3060,340,0
123,95,3867,3061,340,0
123,95,3867,3062,340,0
123,95,3867,3063,340,0
123,95,3867,3064,340,0
123,95,3867,3065,340,0
123,95,3867,3066,340,0
123,95,3867,3067,340,0
123,95,3867,3068,340,0
123,95,3867,3069,340,0
123,95,3867,3070,340,0
123,95,3867,3071,340,0
123,95,3867,3072,340,0
123,95,3867,3073,340,0
123,95,3867,3074,340,0
123,95,3867,3075,340,0
123,95,3867,3076,340,0
123,95,3867,3077,340,0
123,95,3867,3078,340,0
123,95,3867,3079,340,0
123,95,3867,3080,340,0
123,95,3867,3083,340,0
123,95,3867,3085,340,0
123,95,3868,3025,366,0
123,95,3868,3030,366,-8
123,95,3868,3031,366,0
123,95,3868,3031,387,-19
123,95,3868,3036,358,71
123,95,3868,3072,366,-18
123,95,3868,3078,416,-31
123,95,3868,3084,366,-8
123,95,3868,3085,366,-8
123,95,3868,3088,366,-8
123,95,3869,3028,341,131
123,95,3869,3030,366,-8
123,95,3869,3031,366,-18
123,95,3869,3063,366,-8
123,95,3869,3066,366,8
123,95,3869,3071,366,-8
123,95,3869,3075,366,-8
123,95,3869,3077,366,-8
123,95,3869,3085,366,-8
123,95,3869,3087,366,-18
123,95,3870,3020,359,215
123,95,3870,3029,366,0
123,95,3871,3019,366,0
123,95,3871,3038,362,54
123,95,3871,3044,366,0
123,95,3871,3073,366,0
123,95,3871,3074,366,0
123,95,3871,3077,366,0
123,95,3871,3078,366,0
123,95,3871,3082,366,0
123,95,3871,3083,366,0
123,95,3872,3084,392,0
123,95,3872,3085,392,-9
123,95,3875,3044,392,0
123,95,3875,3073,392,0
123,95,3875,3083,392,0
123,95,3875,3100,392,0
123,95,3877,3102,418,-21
123,95,3877,3103,469,-46
123,95,3878,3103,496,-60
123,95,3879,3081,418,0
123,95,3879,3082,418,0
123,95,3879,3083,418,0
123,95,3882,3006,444,0
123,95,3883,3069,353,-353
123,95,3883,3107,471,0
123,95,3884,3004,471,10
123,95,3884,3072,444,0
123,95,3884,3073,444,0
123,95,3884,3074,444,0
123,95,3884,3075,444,0
123,95,3884,3076,444,0
123,95,3884,3077,444,0
123,95,3884,3078,444,0
123,95,3884,3079,444,0
123,95,3884,3085,444,0
123,95,3884,3107,497,0
123,95,3884,3107,500,0
123,95,3885,3005,492,0
123,95,3885,3105,471,23
123,95,3886,3005,471,0
123,95,3886,3005,500,0
123,95,3887,3106,471,10
123,95,3889,3107,500,0
123,95,3890,3107,482,-132
123,95,3890,3109,361,-345
123,95,3892,3124,148,-450
123,95,3893,3075,434,-97
123,95,3893,3076,444,0
123,95,3894,3107,500,0
123,95,3894,3108,492,-85
123,95,3897,3072,418,0
123,95,3897,3079,418,0
123,95,3897,3084,418,-10
123,95,3900,3077,358,-159
123,95,3900,3113,283,-346
123,95,3904,3009,-275,319
123,95,3907,3083,157,0
123,95,3909,3023,-428,129
123,95,3911,3035,-390,-161
123,95,3911,3080,314,0
123,95,3911,3083,500,0
123,95,3911,3097,212,-235
123,95,3913,3083,98,-328
123,95,3916,3075,44,-178
123,95,3917,3081,0,-223
123,95,3919,3027,-174,-116
123,95,3919,3058,-102,-408
123,95,3919,3132,306,-394
123,95,3920,3011,-366,-300
123,95,3923,3070,-8,-25
123,95,3924,3092,0,0
123,95,3924,3093,0,0
123,95,3924,3094,0,0
123,95,3924,3094,12,23
123,95,3924,3095,0,0
123,95,3924,3105,17,-49
123,95,3924,3106,28,-43
123,95,3924,3115,0,-209
123,95,3925,3027,50,-12
123,95,3925,3094,12,23
123,95,3926,3017,-20,-395
123,95,3927,3023,43,-446
123,95,3929,3020,45,-260
123,95,3929,3022,233,-350
123,95,3929,3023,233,-350
123,95,3929,3024,233,-350
123,95,3930,3004,169,-442
123,95,3930,3011,132,-344
123,95,3930,3018,-67,-336
123,95,3931,3004,248,-372
123,95,3931,3015,-131,-317
123,95,3931,3131,224,-447
123,95,3932,3003,279,-279
123,95,3932,3024,226,-291
123,95,3932,3137,94,-380
123,95,3933,3000,339,-292
123,95,3934,3001,339,-292
123,95,3934,3024,-55,-202
123,95,3935,3015,35,364
123,95,3936,3003,403,-121
123,95,3936,3135,102,-460
123,95,3938,3006,371,132
123,95,3939,3026,116,142
123,95,3941,3005,381,-105
123,95,3941,3025,-151,-144
123,95,3942,3002,242,311
123,95,3942,3021,-6,-261
123,95,3943,3007,279,240
123,95,3943,3024,338,25
123,95,3944,3010,196,279
123,95,3944,3027,-162,-86
123,95,3946,3020,466,81
123,95,3946,3023,364,35
123,95,3946,3024,364,35
123,95,3947,3008,-332,-74
123,95,3947,3023,25,-260
123,95,3947,3025,366,18
123,95,3947,3027,-87,-130
123,95,3948,3027,-94,44
123,95,3950,3022,40,-232
123,95,3955,3026,-132,-162
123,95,3956,3014,4,25
123,95,3956,3017,0,235
123,95,3957,3019,0,184
123,95,3958,3020,-23,234
123,95,3958,3023,89,-218
123,114,3864,3674,500,11
123,114,3866,3680,500,0
123,114,3867,3657,444,10
123,114,3867,3659,340,0
123,114,3868,3672,498,37
123,114,3868,3673,498,37
123,114,3873,3701,416,-277
123,114,3873,3703,408,-287
123,114,3873,3704,408,-287
123,114,3873,3705,408,-287
123,114,3873,3706,408,-287
123,114,3874,3664,488,-109
123,114,3874,3701,416,-277
123,114,3874,3710,386,-316
123,114,3875,3653,478,144
123,114,3875,3656,496,60
123,114,3875,3701,408,-287
123,114,3876,3707,368,-334
123,114,3876,3713,340,-325
123,114,3876,3714,340,-325
123,114,3876,3715,340,-325
123,114,3876,3716,340,-325
123,114,3876,3717,340,-325
123,114,3876,3718,340,-325
123,114,3876,3719,340,-325
123,114,3876,3720,340,-325
123,114,3876,3721,340,-325
123,114,3876,3722,340,-325
123,114,3876,3723,340,-325
123,114,3876,3724,340,-325
123,114,3877,3701,353,-353
123,114,3877,3706,358,-344
123,114,3877,3706,368,-334
123,114,3877,3707,368,-334
123,114,3877,3708,351,-351
123,114,3877,3711,343,-359
123,114,3878,3613,345,361
123,114,3878,3691,371,-335
123,114,3878,3697,353,-353
123,114,3878,3698,416,-277
123,114,3878,3705,378,-326
123,114,3878,3706,358,-344
123,114,3878,3706,368,-334
123,114,3878,3707,368,-334
123,114,3878,3709,343,-359
123,114,3878,3711,343,-359
123,114,3878,3713,343,-359
123,114,3878,3720,358,-344
123,114,3878,3721,358,-344
123,114,3878,3722,343,-359
123,114,3879,3706,358,-344
123,114,3879,3707,358,-344
123,114,3879,3708,343,-359
123,114,3879,3711,351,-351
123,114,3879,3712,351,-351
123,114,3879,3713,351,-351
123,114,3879,3714,351,-351
123,114,3879,3715,351,-351
123,114,3879,3716,351,-351
123,114,3879,3717,351,-351
123,114,3879,3718,351,-351
123,114,3880,3704,361,-345
123,114,3881,3703,361,-345
123,114,3881,3703,371,-335
123,114,3881,3709,345,-361
123,114,3881,3723,335,-371
123,114,3882,3717,361,-345
123,114,3883,3704,361,-345
123,114,3883,3705,361,-345
123,114,3883,3706,361,-345
123,114,3883,3707,361,-345
123,114,3883,3708,361,-345
123,114,3883,3709,361,-345
123,114,3883,3710,361,-345
123,114,3883,3711,361,-345
123,114,3883,3712,361,-345
123,114,3883,3713,361,-345
123,114,3883,3714,361,-345
123,114,3883,3715,361,-345
123,114,3883,3716,353,-353
123,114,3883,3716,361,-345
123,114,3883,3717,353,-353
123,114,3883,3717,361,-345
123,114,3883,3719,361,-345
123,114,3883,3721,361,-345
123,114,3883,3726,353,-353
123,114,3883,3726,361,-345
123,114,3883,3727,361,-345
123,114,3884,3705,326,-378
123,114,3884,3705,335,-371
123,114,3884,3719,335,-371
123,114,3885,3709,296,-402
123,114,3886,3689,345,-361
123,114,3886,3692,345,-361
123,114,3886,3700,438,-87
123,114,3886,3701,353,-353
123,114,3886,3716,500,0
123,114,3890,3674,447,10
123,114,3890,3675,421,0
123,114,3890,3683,447,0
123,114,3891,3658,497,11
123,114,3892,3650,0,500
123,114,3892,3651,0,500
123,114,3892,3653,0,500
123,114,3892,3660,98,184
123,114,3892,3700,0,500
123,114,3894,3728,345,-361
123,114,3894,3733,361,-345
123,114,3895,3707,371,-199
123,114,3897,3659,104,0
123,114,3897,3701,375,-123
123,114,3897,3705,376,-189
123,114,3897,3727,345,-361
123,114,3899,3675,369,18
123,114,3899,3689,293,-265
123,114,3902,3665,330,-91
123,114,3905,3675,314,38
123,114,3905,3676,316,7
123,114,3905,3694,218,-229
123,114,3906,3659,238,0
123,114,3907,3659,130,0
123,114,3908,3679,94,-90
123,114,3908,3680,94,-90
123,114,3908,3682,77,-74
123,114,3908,3708,0,-500
123,114,3909,3700,114,378
123,114,3910,3659,130,0
123,114,3910,3726,181,-438
123,114,3911,3659,157,0
123,114,3911,3714,246,-272
123,114,3913,3720,161,-390
123,114,3913,3723,139,-425
123,114,3913,3723,160,-417
123,114,3914,3724,139,-425
123,114,3914,3746,121,-484
123,114,3915,3718,339,-292
123,114,3915,3747,132,-482
123,114,3916,3708,-52,5
123,114,3916,3722,111,-407
123,114,3917,3745,132,-482
123,114,3919,3681,207,111
123,114,3920,3679,381,281
123,114,3920,3695,159,0
123,114,3921,3698,-14,283
123,114,3921,3698,25,260
123,114,3922,3688,-176,-117
123,114,3924,3701,0,287
123,114,3924,3732,0,-500
123,114,3924,3732,191,-462
123,114,3924,3732,224,-447
123,114,3924,3732,306,-394
123,114,3924,3733,0,-473
123,114,3924,3743,0,-500
123,114,3926,3702,-14,287
123,114,3927,3694,52,175
123,114,3928,3694,122,204
123,114,3928,3694,178,229
123,114,3929,3696,13,264
123,114,3929,3701,-67,335
123,114,3929,3701,-41,340
123,114,3930,3694,149,249
123,114,3930,3698,16,316
123,114,3930,3710,151,365
123,114,3930,3713,372,248
123,114,3932,3701,76,306
123,114,3934,3711,265,293
123,114,3934,3713,299,257
123,114,3935,3695,-123,204
123,114,3938,3739,306,-394
123,114,3940,3714,375,-123
123,114,3940,3718,-121,-403
123,114,3946,3722,131,-400
123,114,3952,3699,295,-114
123,114,3956,3700,154,103
123,114,3956,3719,0,-395
123,114,3963,3597,462,191
123,114,3964,3592,361,345
123,114,3969,3589,260,391
123,114,3969,3604,500,0
123,114,3972,3588,361,345
123,114,3972,3604,500,0
123,114,3973,3601,470,167
123,114,3973,3604,435,246
123,114,3973,3604,500,0
123,114,3985,3605,-92,411
123,114,3997,3602,0,447
123,117,3863,3742,500,0
123,117,3864,3741,500,0
123,117,3864,3745,405,-30
123,117,3864,3746,417,-41
123,117,3865,3745,405,-30
123,117,3865,3746,417,-31
123,117,3866,3741,500,0
123,117,3867,3740,340,0
123,117,3867,3741,500,0
123,117,3867,3742,340,0
123,117,3867,3742,361,0
123,117,3867,3743,340,0
123,117,3867,3744,340,0
123,117,3867,3745,340,0
123,117,3867,3746,340,0
123,117,3867,3747,340,0
123,117,3867,3748,340,0
123,117,3867,3749,340,0
123,117,3867,3750,340,0
123,117,3867,3751,340,0
123,117,3867,3752,340,0
123,117,3867,3753,340,0
123,117,3867,3754,340,0
123,117,3867,3755,340,0
123,117,3867,3756,340,0
123,117,3867,3757,340,0
123,117,3867,3758,340,0
123,117,3867,3759,340,0
123,117,3867,3760,340,0
123,117,3867,3761,340,0
123,117,3867,3762,340,0
123,117,3867,3763,340,0
123,117,3867,3764,340,0
123,117,3867,3765,340,0
123,117,3867,3766,340,0
123,117,3867,3767,340,0
123,117,3867,3768,340,0
123,117,3867,3769,340,0
123,117,3867,3770,340,0
123,117,3867,3771,340,0
123,117,3867,3772,340,0
123,117,3867,3773,340,0
123,117,3867,3775,340,0
123,117,3867,3776,340,0
123,117,3867,3777,340,0
123,117,3867,3779,340,0
123,117,3867,3780,340,0
123,117,3867,3784,340,0
123,117,3867,3786,340,0
123,117,3867,3787,340,0
123,117,3868,3738,366,18
123,117,3868,3739,366,8
123,117,3868,3741,366,0
123,117,3868,3742,366,0
123,117,3868,3743,366,-8
123,117,3868,3744,366,0
123,117,3869,3729,450,135
123,117,3869,3741,366,0
123,117,3869,3741,392,0
123,117,3869,3742,366,-8
123,117,3869,3742,366,0
123,117,3869,3743,366,-8
123,117,3869,3743,366,0
123,117,3870,3738,391,28
123,117,3870,3740,444,10
123,117,3870,3741,366,0
123,117,3870,3741,444,0
123,117,3870,3742,366,-8
123,117,3870,3742,366,0
123,117,3870,3743,366,-8
123,117,3871,3740,366,0
123,117,3871,3741,366,0
123,117,3871,3741,418,0
123,117,3871,3741,444,0
123,117,3871,3742,366,-8
123,117,3871,3742,387,0
123,117,3871,3743,364,-27
123,117,3871,3743,366,0
123,117,3871,3744,366,0
123,117,3871,3745,366,0
123,117,3871,3747,366,0
123,117,3871,3752,366,0
123,117,3871,3760,366,0
123,117,3871,3762,366,0
123,117,3872,3740,471,10
123,117,3872,3742,392,0
123,117,3873,3742,392,0
123,117,3875,3739,496,60
123,117,3876,3811,353,-353
123,117,3876,3812,353,-353
123,117,3878,3799,361,-345
123,117,3878,3800,343,-359
123,117,3880,3733,386,316
123,117,3881,3797,335,-371
123,117,3882,3741,492,85
123,117,3883,3791,361,-345
123,117,3883,3796,361,-345
123,117,3883,3797,361,-345
123,117,3883,3799,361,-345
123,117,3883,3800,361,-345
123,117,3883,3801,361,-345
123,117,3883,3805,353,-353
123,117,3884,3777,444,0
123,117,3884,3779,444,0
123,117,3884,3786,444,0
123,117,3884,3787,444,0
123,117,3886,3708,267,421
123,117,3886,3736,488,109
123,117,3886,3741,447,0
123,117,3886,3741,473,0
123,117,3891,3815,497,-11
123,117,3892,3741,421,0
123,117,3900,3741,369,0
123,117,3901,3781,224,-447
123,117,3901,3821,500,0
123,117,3903,3744,222,-21
123,117,3903,3748,290,0
123,117,3903,3819,500,0
123,117,3905,3744,197,0
123,117,3907,3742,130,0
123,117,3907,3779,113,-108
123,117,3908,3742,104,0
123,117,3908,3767,75,-72
123,117,3908,3788,153,-178
123,117,3909,3697,181,408
123,117,3909,3763,200,-400
123,117,3911,3777,314,0
123,117,3912,3704,151,365
123,117,3916,3789,85,-492
123,117,3916,3789,441,-236
123,117,3916,3799,441,-236
123,117,3916,3800,85,-492
123,117,3916,3807,85,-492
123,117,3916,3809,85,-492
123,117,3920,3752,-220,-146
123,117,3920,3816,-394,-306
123,117,3923,3753,-112,-210
123,117,3923,3759,-86,-162
123,117,3924,3726,0,-316
123,117,3924,3730,0,-130
123,117,3924,3730,0,-78
123,117,3924,3731,0,-130
123,117,3924,3791,359,215
123,117,3924,3792,0,0
123,117,3924,3793,0,0
123,117,3924,3795,22,13
123,117,3924,3799,26,1
123,117,3924,3800,24,-10
123,117,3925,3695,148,449
123,117,3925,3726,111,-208
123,117,3925,3727,-11,-500
123,117,3925,3728,-11,-473
123,117,3925,3728,74,-138
123,117,3925,3729,61,-115
123,117,3925,3729,74,-138
123,117,3925,3730,74,-138
123,117,3925,3731,24,-46
123,117,3926,3715,223,-418
123,117,3926,3720,211,-395
123,117,3926,3721,185,-347
123,117,3926,3725,152,-101
123,117,3926,3726,152,-101
123,117,3926,3727,111,-208
123,117,3926,3727,152,-101
123,117,3926,3731,115,-62
123,117,3927,3726,152,-101
123,117,3927,3726,217,-145
123,117,3927,3727,152,-101
123,117,3927,3728,152,-101
123,117,3928,3719,145,59
123,117,3930,3725,148,-182
123,117,3933,3707,391,-38
123,117,3933,3715,391,-38
123,117,3947,3715,-323,-173
123,117,3947,3717,-264,-291
123,117,3951,3715,-238,-205
123,117,3955,3720,-156,-330
123,117,3955,3729,144,-217
123,117,3956,3713,0,26
123,117,3956,3717,10,23
123,117,3956,3718,91,-331
123,117,3956,3720,0,-340
123,117,3956,3721,0,-287
123,117,3956,3723,105,210
123,117,3956,3724,0,-104
123,117,3956,3729,0,-52
123,117,3956,3729,0,0
123,117,3956,3729,14,-151
123,117,3956,3730,69,-105
123,117,3956,3731,92,-49
123,117,3956,3731,115,-62
123,117,3974,3700,-500,0
123,117,4043,3744,0,500
123,118,3863,3819,447,0
123,118,3865,3819,473,0
123,118,3866,3819,500,0
123,118,3867,3764,340,0
123,118,3867,3765,340,0
123,118,3867,3766,340,0
123,118,3867,3767,340,0
123,118,3867,3768,340,0
123,118,3867,3769,340,0
123,118,3867,3770,340,0
123,118,3867,3771,340,0
123,118,3867,3772,340,0
123,118,3867,3773,340,0
123,118,3867,3774,340,0
123,118,3867,3775,340,0
123,118,3867,3776,340,0
123,118,3867,3777,340,0
123,118,3867,3778,340,0
123,118,3867,3779,340,0
123,118,3867,3780,340,0
123,118,3867,3781,340,0
123,118,3867,3782,340,0
123,118,3867,3783,340,0
123,118,3867,3784,340,0
123,118,3867,3785,340,0
123,118,3867,3786,340,0
123,118,3867,3787,340,0
123,118,3867,3788,340,0
123,118,3867,3789,340,0
123,118,3867,3790,340,0
123,118,3867,3791,340,0
123,118,3867,3792,340,0
123,118,3867,3793,340,0
123,118,3867,3794,340,0
123,118,3867,3795,340,0
123,118,3867,3796,340,0
123,118,3867,3797,340,0
123,118,3867,3798,340,0
123,118,3867,3799,340,0
123,118,3867,3800,340,0
123,118,3867,3801,340,0
123,118,3867,3802,340,0
123,118,3867,3803,340,0
123,118,3867,3804,340,0
123,118,3867,3805,340,0
123,118,3867,3806,340,0
123,118,3867,3807,340,0
123,118,3867,3808,340,0
123,118,3867,3809,340,0
123,118,3867,3810,340,0
123,118,3867,3811,340,0
123,118,3867,3812,340,0
123,118,3867,3813,340,0
123,118,3867,3814,340,0
123,118,3867,3815,340,0
123,118,3867,3816,340,0
123,118,3867,3817,340,0
123,118,3867,3818,340,0
123,118,3867,3819,340,0
123,118,3867,3819,369,0
123,118,3868,3819,340,0
123,118,3868,3819,395,0
123,118,3868,3819,421,0
123,118,3868,3821,366,-8
123,118,3868,3821,366,0
123,118,3868,3822,366,0
123,118,3869,3821,366,-8
123,118,3869,3822,366,0
123,118,3871,3772,366,0
123,118,3871,3787,366,0
123,118,3871,3788,366,0
123,118,3871,3790,366,0
123,118,3871,3791,366,0
123,118,3871,3794,366,0
123,118,3871,3798,366,0
123,118,3871,3806,366,0
123,118,3871,3812,366,0
123,118,3871,3819,366,0
123,118,3871,3819,500,0
123,118,3871,3828,366,0
123,118,3871,3831,500,0
123,118,3872,3821,392,-9
123,118,3872,3821,392,0
123,118,3872,3822,392,0
123,118,3873,3819,500,0
123,118,3873,3821,392,-9
123,118,3873,3822,392,0
123,118,3874,3830,392,0
123,118,3875,3817,392,0
123,118,3875,3828,392,0
123,118,3875,3836,392,0
123,118,3875,3837,392,0
123,118,3878,3775,351,351
123,118,3879,3809,418,0
123,118,3879,3810,418,0
123,118,3879,3838,418,0
123,118,3879,3840,418,0
123,118,3882,3841,447,0
123,118,3883,3843,500,0
123,118,3884,3808,444,0
123,118,3884,3809,444,0
123,118,3884,3810,444,0
123,118,3884,3811,444,0
123,118,3884,3812,444,0
123,118,3884,3813,444,0
123,118,3884,3814,444,0
123,118,3884,3815,444,0
123,118,3884,3816,444,0
123,118,3884,3817,444,0
123,118,3884,3818,444,0
123,118,3884,3819,444,0
123,118,3884,3843,444,0
123,118,3884,3843,500,0
123,118,3884,3844,466,-10
123,118,3884,3845,471,-24
123,118,3885,3845,471,-24
123,118,3886,3843,473,0
123,118,3886,3845,471,0
123,118,3888,3744,471,0
123,118,3888,3755,471,0
123,118,3889,3745,500,-11
123,118,3891,3741,500,0
123,118,3893,3815,444,0
123,118,3893,3819,444,0
123,118,3897,3808,418,0
123,118,3897,3813,418,0
123,118,3897,3815,418,0
123,118,3897,3817,418,0
123,118,3897,3818,418,0
123,118,3897,3829,375,-123
123,118,3898,3774,291,339
123,118,3899,3745,500,-25
123,118,3902,3796,260,19
123,118,3903,3762,500,0
123,118,3903,3792,261,0
123,118,3903,3814,261,0
123,118,3904,3744,498,-37
123,118,3904,3791,234,17
123,118,3904,3806,234,-17
123,118,3905,3804,234,17
123,118,3909,3785,226,291
123,118,3910,3778,148,449
123,118,3911,3707,156,474
123,118,3911,3744,394,306
123,118,3913,3746,441,236
123,118,3913,3757,-364,150
123,118,3913,3763,136,453
123,118,3914,3759,109,488
123,118,3914,3782,118,430
123,118,3915,3775,92,464
123,118,3915,3784,118,431
123,118,3915,3784,128,426
123,118,3916,3708,224,447
123,118,3916,3752,85,492
123,118,3916,3753,74,494
123,118,3916,3754,85,492
123,118,3916,3758,-366,-35
123,118,3916,3759,85,492
123,118,3916,3762,-165,202
123,118,3916,3771,58,334
123,118,3916,3772,85,492
123,118,3916,3834,240,240
123,118,3917,3772,58,334
123,118,3917,3773,54,362
123,118,3917,3834,242,242
123,118,3918,3829,-191,-85
123,118,3919,3731,156,474
123,118,3920,3758,-208,-20
123,118,3920,3840,334,58
123,118,3921,3757,-217,-145
123,118,3921,3812,-82,101
123,118,3921,3814,230,123
123,118,3921,3822,-70,169
123,118,3922,3761,-152,-101
123,118,3922,3819,-197,54
123,118,3922,3820,-174,57
123,118,3922,3820,-157,3
123,118,3922,3820,-121,99
123,118,3923,3793,-86,-162
123,118,3923,3820,-121,99
123,118,3924,3761,0,-130
123,118,3924,3762,0,-104
123,118,3924,3762,25,-262
123,118,3924,3762,131,-197
123,118,3924,3763,0,-104
123,118,3924,3830,0,0
123,118,3924,3831,25,2
123,118,3924,3832,16,-20
123,118,3924,3836,0,-26
123,118,3924,3838,0,-78
123,118,3925,3820,-125,-37
123,118,3925,3820,121,46
123,118,3925,3822,-5,235
123,118,3926,3820,253,135
123,118,3926,3821,65,170
123,118,3926,3821,101,152
123,118,3926,3823,20,208
123,118,3926,3825,-12,235
123,118,3926,3827,-14,287
123,118,3927,3820,78,7
123,118,3927,3820,116,105
123,118,3927,3828,-58,86
123,118,3928,3820,149,-105
123,118,3928,3826,33,338
123,118,3928,3826,41,340
123,118,3928,3828,-29,391
123,118,3928,3828,-26,0
123,118,3928,3828,-14,21
123,118,3928,3828,0,0
123,118,3929,3820,113,108
123,118,3929,3822,57,173
123,118,3930,3828,-26,0
123,118,3930,3828,-23,-12
123,118,3930,3828,-9,77
123,118,3940,3823,87,-184
123,118,3949,3822,66,-81
123,120,3863,3836,447,0
123,120,3863,3843,500,0
123,120,3864,3843,500,0
123,120,3865,3846,393,-9
123,120,3865,3846,500,-25
123,120,3866,3817,496,60
123,120,3866,3823,395,-9
123,120,3866,3831,500,0
123,120,3867,3828,340,0
123,120,3867,3829,340,0
123,120,3867,3830,340,0
123,120,3867,3831,340,0
123,120,3867,3832,340,0
123,120,3867,3833,340,0
123,120,3867,3834,340,0
123,120,3867,3835,340,0
123,120,3867,3836,340,0
123,120,3867,3837,340,0
123,120,3867,3838,335,50
123,120,3867,3838,337,41
123,120,3867,3838,340,0
123,120,3867,3839,337,41
123,120,3867,3839,340,0
123,120,3867,3840,338,25
123,120,3867,3840,338,33
123,120,3867,3840,340,0
123,120,3867,3841,340,0
123,120,3867,3841,340,17
123,120,3867,3842,340,0
123,120,3867,3842,340,7
123,120,3867,3843,340,0
123,120,3867,3844,361,0
123,120,3867,3845,366,-18
123,120,3867,3845,498,-37
123,120,3867,3846,366,-18
123,120,3867,3851,408,-91
123,120,3867,3855,482,-132
123,120,3868,3819,473,0
123,120,3868,3836,358,71
123,120,3868,3845,366,-8
123,120,3868,3845,366,0
123,120,3869,3828,341,131
123,120,3869,3829,341,131
123,120,3869,3829,344,123
123,120,3869,3841,366,8
123,120,3869,3841,366,18
123,120,3870,3834,354,88
123,120,3870,3834,357,80
123,120,3870,3835,357,80
123,120,3870,3836,358,71
123,120,3870,3836,360,62
123,120,3870,3841,366,8
123,120,3870,3842,366,0
123,120,3870,3854,478,-144
123,120,3871,3817,366,0
123,120,3871,3818,366,0
123,120,3871,3819,366,0
123,120,3871,3819,500,0
123,120,3871,3820,366,0
123,120,3871,3828,366,0
123,120,3871,3829,366,0
123,120,3871,3830,369,131
123,120,3871,3831,372,122
123,120,3871,3837,360,62
123,120,3871,3838,362,54
123,120,3871,3841,366,0
123,120,3871,3843,366,0
123,120,3871,3844,387,0
123,120,3872,3817,341,240
123,120,3872,3821,392,-20
123,120,3872,3821,392,-9
123,120,3872,3822,392,0
123,120,3872,3845,392,-9
123,120,3873,3819,341,240
123,120,3873,3820,348,232
123,120,3873,3821,392,-20
123,120,3873,3821,392,-9
123,120,3873,3822,392,0
123,120,3873,3841,392,19
123,120,3874,3819,395,0
123,120,3874,3821,353,223
123,120,3875,3814,366,0
123,120,3876,3819,357,264
123,120,3879,3796,358,343
123,120,3881,3844,466,0
123,120,3884,3804,444,0
123,120,3888,3787,353,353
123,120,3890,3844,447,0
123,120,3892,3788,361,345
123,120,3893,3789,335,371
123,120,3893,3789,345,361
123,120,3893,3789,361,345
123,120,3893,3790,345,361
123,120,3893,3844,418,0
123,120,3895,3844,395,0
123,120,3895,3844,440,0
123,120,3898,3797,500,0
123,120,3900,3844,366,-18
123,120,3901,3844,315,0
123,120,3902,3848,261,0
123,120,3903,3832,261,0
123,120,3903,3848,261,0
123,120,3905,3844,230,0
123,120,3905,3848,235,0
123,120,3907,3841,130,0
123,120,3907,3842,130,0
123,120,3907,3851,153,178
123,120,3908,3830,104,0
123,120,3908,3842,104,0
123,120,3908,3851,169,162
123,120,3910,3809,-366,151
123,120,3910,3854,75,106
123,120,3917,3806,-314,-30
123,120,3918,3824,-183,-223
123,120,3922,3815,244,200
123,120,3922,3820,132,-84
123,120,3923,3819,90,219
123,120,3923,3823,365,151
123,120,3924,3768,0,500
123,120,3924,3787,0,500
123,120,3924,3787,224,447
123,120,3924,3809,0,104
123,120,3924,3817,-122,-203
123,120,3924,3817,-116,-206
123,120,3924,3818,0,236
123,120,3924,3818,100,243
123,120,3924,3818,160,-240
123,120,3924,3822,0,-209
123,120,3924,3823,0,-209
123,120,3924,3827,0,-209
123,120,3924,3827,0,-130
123,120,3924,3827,44,-27
123,120,3924,3827,46,-25
123,120,3925,3803,394,211
123,120,3925,3819,-8,-25
123,120,3925,3822,86,-162
123,120,3925,3824,74,-138
123,120,3925,3825,74,-138
123,120,3925,3826,74,-138
123,120,3925,3827,25,-262
123,120,3926,3820,-21,-421
123,120,3926,3822,152,-101
123,120,3926,3823,204,-307
123,120,3926,3824,124,-232
123,120,3926,3825,28,-289
123,120,3926,3826,7,-78
123,120,3926,3827,0,-52
123,120,3926,3827,23,-12
123,120,3927,3820,293,195
123,120,3927,3821,152,-101
123,120,3927,3822,152,-101
123,120,3927,3823,152,-101
123,120,3927,3824,15,-157
123,120,3927,3827,233,-350
123,120,3928,3819,-204,-167
123,120,3928,3819,-37,-498
123,120,3928,3819,-26,0
123,120,3928,3819,-23,11
123,120,3928,3819,176,48
123,120,3928,3820,48,-498
123,120,3928,3821,208,-20
123,120,3928,3823,175,-263
123,120,3928,3827,23,-12
123,120,3929,3819,-92,-49
123,120,3929,3819,-45,-64
123,120,3929,3819,-26,-2
123,120,3929,3819,-23,12
123,120,3929,3822,28,-289
123,120,3929,3824,190,-285
123,120,3929,3826,73,-110
123,120,3929,3826,114,-109
123,120,3930,3819,-57,-470
123,120,3930,3819,-26,-2
123,120,3930,3820,-144,-117
123,120,3930,3820,-25,-5
123,120,3930,3820,43,-446
123,120,3930,3826,49,92
123,120,3931,3819,-26,-2
123,120,3931,3819,74,-494
123,120,3931,3826,348,-187
123,120,3932,3820,35,-288
123,120,3933,3820,43,-446
123,120,3933,3821,202,50
123,120,3934,3820,230,-51
123,120,3934,3821,271,-387
123,120,3935,3819,157,0
123,120,3937,3820,-17,-19
123,120,3943,3826,101,-152
123,120,3947,3820,217,187
123,120,3948,3819,25,5
123,120,3949,3819,25,7
123,120,3951,3821,148,182
123,120,3953,3827,150,45
123,120,3955,3819,-24,9
123,120,3956,3819,-26,-2
123,120,3956,3819,24,9
123,120,3956,3822,126,31
123,120,3956,3824,19,16
123,120,3956,3826,7,79
123,120,3956,3827,115,-62
123,122,3865,3900,500,0
123,122,3866,3904,500,0
123,122,3866,3924,500,0
123,122,3866,3940,500,0
123,122,3866,3950,500,0
123,122,3869,3904,369,0
123,122,3871,3881,416,277
123,122,3871,3908,500,0
123,122,3871,3940,500,0
123,122,3871,3944,500,0
123,122,3871,3954,500,0
123,122,3873,3879,394,306
123,122,3873,3882,408,287
123,122,3874,3881,402,296
123,122,3876,3859,332,332
123,122,3876,3864,332,332
123,122,3876,3876,500,0
123,122,3876,3959,353,-353
123,122,3876,3963,500,0
123,122,3877,3858,351,351
123,122,3877,3873,361,345
123,122,3877,3877,358,343
123,122,3877,3877,368,333
123,122,3877,3878,351,351
123,122,3878,3859,387,218
123,122,3878,3859,392,210
123,122,3878,3863,358,343
123,122,3878,3873,335,371
123,122,3878,3875,343,358
123,122,3878,3877,358,343
123,122,3878,3889,345,361
123,122,3879,3854,351,351
123,122,3879,3856,416,277
123,122,3879,3859,387,218
123,122,3879,3860,387,218
123,122,3879,3861,392,210
123,122,3879,3861,397,199
123,122,3879,3862,358,343
123,122,3879,3863,358,343
123,122,3879,3864,358,343
123,122,3879,3865,358,343
123,122,3879,3866,358,343
123,122,3879,3867,358,343
123,122,3879,3868,358,343
123,122,3879,3869,358,343
123,122,3879,3870,358,343
123,122,3879,3871,358,343
123,122,3879,3873,358,343
123,122,3879,3874,358,343
123,122,3879,3875,343,358
123,122,3879,3875,358,343
123,122,3879,3876,343,358
123,122,3879,3877,358,343
123,122,3879,3885,353,353
123,122,3880,3855,353,353
123,122,3880,3856,353,353
123,122,3880,3878,441,236
123,122,3880,3968,500,0
123,122,3881,3857,361,345
123,122,3881,3858,353,353
123,122,3881,3875,335,371
123,122,3881,3881,361,345
123,122,3881,3935,471,35
123,122,3882,3852,371,335
123,122,3882,3857,405,285
123,122,3882,3859,397,251
123,122,3883,3857,353,353
123,122,3883,3857,361,345
123,122,3883,3857,392,304
123,122,3883,3872,441,236
123,122,3884,3854,378,326
123,122,3884,3972,500,0
123,122,3885,3853,361,345
123,122,3885,3854,371,335
123,122,3886,3851,353,353
123,122,3886,3852,353,353
123,122,3886,3853,353,353
123,122,3886,3944,447,0
123,122,3886,3972,500,0
123,122,3889,3975,500,0
123,122,3890,3851,353,353
123,122,3890,3904,447,0
123,122,3890,3908,447,0
123,122,3890,3936,447,0
123,122,3890,3940,447,0
123,122,3891,3867,444,0
123,122,3891,3882,431,118
123,122,3892,3852,353,353
123,122,3892,3912,421,0
123,122,3892,3968,377,-239
123,122,3893,3865,339,291
123,122,3893,3867,345,361
123,122,3893,3913,421,0
123,122,3893,3976,500,0
123,122,3894,3865,339,291
123,122,3894,3868,350,272
123,122,3894,3913,395,0
123,122,3894,3961,389,-161
123,122,3895,3908,395,0
123,122,3895,3929,395,0
123,122,3895,3940,395,0
123,122,3896,3865,381,281
123,122,3897,3978,500,0
123,122,3899,3857,470,167
123,122,3899,3928,369,0
123,122,3900,3884,347,123
123,122,3900,3923,369,0
123,122,3901,3855,429,257
123,122,3901,3868,360,265
123,122,3902,3852,335,371
123,122,3902,3856,416,277
123,122,3902,3872,293,265
123,122,3903,3875,289,224
123,122,3903,3894,273,285
123,122,3903,3898,213,223
123,122,3903,3898,223,213
123,122,3904,3853,361,345
123,122,3904,3885,328,98
123,122,3904,3908,234,-17
123,122,3904,3956,313,-139
123,122,3905,3871,332,258
123,122,3905,3871,339,250
123,122,3905,3875,285,233
123,122,3905,3901,177,196
123,122,3906,3897,255,266
123,122,3906,3902,185,177
123,122,3907,3879,-233,285
123,122,3907,3902,169,162
123,122,3907,3903,150,174
123,122,3907,3903,153,178
123,122,3908,3877,-233,285
123,122,3908,3903,153,178
123,122,3908,3903,166,159
123,122,3908,3903,171,164
123,122,3908,3904,166,159
123,122,3908,3907,153,178
123,122,3908,3907,169,162
123,122,3909,3874,317,234
123,122,3909,3892,169,162
123,122,3909,3912,159,0
123,122,3912,3865,167,356
123,122,3913,3863,161,389
123,122,3915,3836,121,484
123,122,3915,3869,141,341
123,122,3916,3837,121,484
123,122,3916,3838,121,484
123,122,3916,3838,132,482
123,122,3916,3854,97,437
123,122,3916,3864,114,378
123,122,3916,3868,115,350
123,122,3916,3868,123,347
123,122,3916,3881,83,-278
123,122,3917,3839,121,484
123,122,3917,3868,106,353
123,122,3917,3892,-309,-128
123,122,3920,3867,121,484
123,122,3920,3889,-183,-223
123,122,3922,3889,-269,-111
123,122,3923,3874,28,130
123,122,3923,3882,-154,-98
123,122,3923,3887,302,-83
123,122,3923,3892,-182,17
123,122,3924,3832,0,500
123,122,3924,3842,0,500
123,122,3924,3869,0,52
123,122,3924,3871,0,78
123,122,3924,3890,0,-262
123,122,3924,3891,46,-25
123,122,3924,3891,46,-22
123,122,3924,3982,-12,-235
123,122,3925,3883,-114,-64
123,122,3925,3888,74,-138
123,122,3925,3889,-17,-182
123,122,3925,3889,74,-138
123,122,3925,3890,74,-138
123,122,3925,3890,355,98
123,122,3925,3891,96,-46
123,122,3926,3883,0,-316
123,122,3926,3884,-121,-202
123,122,3926,3884,-26,-1
123,122,3926,3884,-12,-235
123,122,3926,3887,180,-155
123,122,3926,3888,8,-395
123,122,3926,3889,148,-278
123,122,3926,3890,289,-183
123,122,3926,3891,21,-14
123,122,3926,3891,207,-367
123,122,3927,3883,-130,0
123,122,3927,3883,-24,9
123,122,3927,3883,-23,11
123,122,3927,3883,-3,-52
123,122,3927,3884,-23,-12
123,122,3927,3884,223,11
123,122,3927,3886,152,-101
123,122,3927,3887,152,-101
123,122,3927,3890,371,-199
123,122,3928,3883,-130,0
123,122,3928,3883,-117,-58
123,122,3928,3883,-26,0
123,122,3928,3883,-23,11
123,122,3928,3883,0,0
123,122,3928,3883,13,-276
123,122,3928,3883,378,-326
123,122,3928,3884,-119,-236
123,122,3928,3884,-23,-12
123,122,3928,3885,-130,12
123,122,3928,3885,208,-20
123,122,3928,3887,155,-276
123,122,3928,3891,23,-12
123,122,3929,3883,-24,10
123,122,3929,3884,10,-447
123,122,3929,3891,292,-121
123,122,3930,3883,-26,-1
123,122,3930,3883,-26,0
123,122,3930,3884,-25,-5
123,122,3930,3884,0,0
123,122,3930,3884,125,37
123,122,3930,3884,151,41
123,122,3931,3882,190,-404
123,122,3931,3883,-22,13
123,122,3931,3883,0,0
123,122,3931,3890,348,-187
123,122,3933,3884,43,-446
123,122,3933,3885,-57,-470
123,122,3933,3887,257,44
123,122,3936,3883,7,-314
123,122,3936,3890,124,-138
123,122,3937,3883,-99,-32
123,122,3937,3883,-25,-8
123,122,3937,3883,25,7
123,122,3937,3883,153,-230
123,122,3938,3844,296,402
123,122,3938,3891,104,-5
123,122,3939,3884,0,104
123,122,3939,3888,34,-232
123,122,3941,3872,226,291
123,122,3941,3890,121,-99
123,122,3942,3883,-23,-188
123,122,3948,3883,25,6
123,122,3949,3883,25,-5
123,122,3949,3884,83,-275
123,122,3951,3883,-71,-359
123,122,3953,3891,150,45
123,122,3954,3886,66,173
123,122,3956,3885,26,44
123,122,3956,3886,203,-51
123,122,3956,3889,205,51
124,7,3904,229,478,144
124,7,3904,273,444,0
124,7,3905,226,457,203
124,7,3906,230,484,121
124,7,3908,225,435,246
124,7,3908,225,500,0
124,7,3908,229,500,0
124,7,3908,246,500,0
124,7,3908,247,500,0
124,7,3908,248,148,-450
124,7,3908,250,500,0
124,7,3909,222,500,0
124,7,3909,246,361,-345
124,7,3909,254,416,-277
124,7,3911,238,500,0
124,7,3911,255,361,-345
124,7,3911,255,371,-335
124,7,3911,257,345,-361
124,7,3911,258,335,-371
124,7,3912,222,441,236
124,7,3912,223,441,236
124,7,3912,224,441,236
124,7,3912,235,432,-192
124,7,3912,249,435,-180
124,7,3912,256,371,-335
124,7,3912,256,441,-236
124,7,3912,257,441,-236
124,7,3912,258,482,-132
124,7,3912,259,490,-97
124,7,3912,260,441,-236
124,7,3912,292,441,-236
124,7,3913,233,471,0
124,7,3913,258,457,-126
124,7,3915,250,429,-257
124,7,3916,226,361,345
124,7,3918,220,447,0
124,7,3920,258,167,-470
124,7,3921,244,447,10
124,7,3921,250,224,-447
124,7,3921,257,109,-488
124,7,3922,220,421,0
124,7,3922,221,447,0
124,7,3922,230,447,0
124,7,3922,232,447,0
124,7,3922,233,447,0
124,7,3922,235,447,0
124,7,3922,237,447,-10
124,7,3922,238,445,-33
124,7,3922,238,447,-23
124,7,3922,240,445,-43
124,7,3922,241,442,-66
124,7,3922,241,447,0
124,7,3922,243,447,0
124,7,3922,244,447,0
124,7,3922,246,447,0
124,7,3922,247,447,0
124,7,3922,248,447,0
124,7,3922,250,179,-466
124,7,3922,251,121,-484
124,7,3922,251,132,-482
124,7,3922,253,447,0
124,7,3922,257,447,0
124,7,3922,259,447,0
124,7,3922,267,447,0
124,7,3922,270,447,-23
124,7,3924,234,112,223
124,7,3924,234,192,115
124,7,3924,250,0,-500
124,7,3924,252,0,-500
124,7,3924,252,121,-484
124,7,3924,253,0,-500
124,7,3924,254,0,-500
124,7,3924,279,395,0
124,7,3924,290,365,-257
124,7,3925,221,421,0
124,7,3926,238,414,72
124,7,3926,241,414,-72
124,7,3926,241,416,-62
124,7,3926,243,411,-92
124,7,3926,273,414,-72
124,7,3928,238,393,-29
124,7,3928,255,393,38
124,7,3930,235,395,0
124,7,3930,244,104,0
124,7,3930,289,325,-266
124,7,3931,182,281,343
124,7,3931,235,183,0
124,7,3931,244,183,0
124,7,3931,292,304,-291
124,7,3932,244,183,0
124,7,3932,281,348,-187
124,7,3933,182,182,222
124,7,3933,235,78,0
124,7,3936,282,215,-195
124,7,3937,278,419,-31
124,7,3939,247,-72,108
124,7,3942,244,25,5
124,7,3943,324,179,-466
124,7,3944,235,11,-23
124,7,3944,235,21,-15
124,7,3944,235,21,14
124,7,3944,244,9,24
124,7,3944,244,26,0
124,7,3945,235,183,0
124,7,3945,244,23,-12
124,7,3947,236,12,-23
124,7,3947,244,142,253
124,7,3948,235,0,0
124,7,3949,235,-84,-132
124,7,3949,235,-9,-24
124,7,3949,235,0,0
124,7,3949,255,-238,0
124,7,3950,235,0,0
124,7,3951,235,11,-23
124,7,3951,235,181,-22
124,7,3951,244,51,6
124,7,3951,244,128,89
124,7,3952,235,-10,-144
124,7,3952,242,168,-124
124,7,3952,244,0,26
124,7,3952,244,128,89
124,7,3953,196,234,-212
124,7,3953,209,-210,-270
124,7,3953,235,-1,-26
124,7,3953,236,-80,-194
124,7,3953,244,0,26
124,7,3953,244,120,80
124,7,3954,235,-40,-97
124,7,3956,308,167,-470
124,7,3956,308,224,-447
124,7,3956,327,0,-500
124,7,3957,270,15,158
124,7,3958,273,10,212
124,7,3958,276,-14,287
124,7,3958,297,-7,-130
124,7,3960,276,-43,65
124,7,3960,286,219,296
124,7,4043,289,0,-290
124,7,4043,292,0,-316
124,7,4043,301,0,-447
124,9,3899,284,340,0
124,9,3900,332,366,0
124,9,3902,302,412,71
124,9,3902,322,416,30
124,9,3906,316,457,-203
124,9,3908,288,500,0
124,9,3908,289,361,345
124,9,3908,289,500,0
124,9,3908,292,500,0
124,9,3908,293,361,345
124,9,3908,293,500,0
124,9,3908,294,500,0
124,9,3908,310,500,0
124,9,3908,311,500,0
124,9,3908,312,500,0
124,9,3908,314,466,-179
124,9,3908,315,462,-191
124,9,3908,315,500,0
124,9,3908,316,500,0
124,9,3908,317,435,-246
124,9,3909,297,439,66
124,9,3909,310,500,0
124,9,3909,313,482,-132
124,9,3909,316,451,-212
124,9,3909,321,500,0
124,9,3910,319,378,-326
124,9,3910,320,441,-236
124,9,3910,321,378,-326
124,9,3910,321,500,0
124,9,3910,322,500,0
124,9,3911,288,378,326
124,9,3911,289,394,306
124,9,3911,320,441,-236
124,9,3912,285,441,236
124,9,3912,286,441,236
124,9,3912,295,478,144
124,9,3912,319,378,-326
124,9,3912,320,441,-236
124,9,3912,321,345,-361
124,9,3912,322,326,-378
124,9,3913,284,296,402
124,9,3913,312,470,-167
124,9,3913,324,277,-416
124,9,3914,324,267,-421
124,9,3914,325,267,-421
124,9,3915,286,296,402
124,9,3915,322,287,-408
124,9,3918,285,203,457
124,9,3918,320,224,-447
124,9,3919,286,191,462
124,9,3919,287,167,470
124,9,3920,321,441,-236
124,9,3921,293,224,447
124,9,3921,297,264,167
124,9,3921,301,438,87
124,9,3922,277,447,0
124,9,3922,279,447,0
124,9,3922,281,447,0
124,9,3922,282,447,0
124,9,3922,283,447,0
124,9,3922,284,447,0
124,9,3922,287,447,0
124,9,3922,288,447,0
124,9,3922,289,447,0
124,9,3922,290,447,0
124,9,3922,292,447,0
124,9,3922,293,132,482
124,9,3922,293,447,0
124,9,3922,294,447,0
124,9,3922,298,447,0
124,9,3922,299,447,0
124,9,3922,300,447,0
124,9,3922,302,447,0
124,9,3922,303,447,0
124,9,3922,305,447,0
124,9,3922,306,447,0
124,9,3922,307,447,0
124,9,3922,308,447,0
124,9,3922,309,447,0
124,9,3922,310,447,0
124,9,3922,311,447,0
124,9,3922,312,447,0
124,9,3922,318,447,0
124,9,3922,319,447,0
124,9,3922,320,447,0
124,9,3922,321,447,0
124,9,3922,323,447,0
124,9,3922,325,447,0
124,9,3924,308,197,-105
124,9,3924,309,0,-459
124,9,3924,314,0,-500
124,9,3924,315,0,-500
124,9,3924,316,0,-500
124,9,3924,317,0,-500
124,9,3925,323,421,0
124,9,3926,270,414,72
124,9,3926,271,416,62
124,9,3926,302,414,72
124,9,3926,302,416,62
124,9,3926,303,416,62
124,9,3926,305,416,-62
124,9,3926,306,412,-82
124,9,3927,299,392,0
124,9,3929,294,209,-10
124,9,3930,252,319,274
124,9,3930,308,104,0
124,9,3931,343,310,-138
124,9,3932,279,183,0
124,9,3932,307,183,3
124,9,3932,360,291,-339
124,9,3933,255,174,158
124,9,3933,308,209,0
124,9,3935,249,266,325
124,9,3938,253,208,268
124,9,3940,299,26,0
124,9,3940,340,75,72
124,9,3941,308,19,16
124,9,3941,358,205,-364
124,9,3942,299,21,13
124,9,3942,299,25,-4
124,9,3943,299,23,-12
124,9,3944,299,11,-23
124,9,3944,299,21,-15
124,9,3944,308,9,24
124,9,3944,308,26,-1
124,9,3945,299,22,-12
124,9,3945,300,12,-23
124,9,3945,308,23,-12
124,9,3945,308,23,11
124,9,3945,308,26,0
124,9,3946,308,0,0
124,9,3947,302,-278,69
124,9,3947,308,0,0
124,9,3947,308,75,169
124,9,3947,308,90,143
124,9,3947,308,125,198
124,9,3948,299,-104,0
124,9,3948,299,-103,-12
124,9,3948,299,-13,-22
124,9,3948,308,0,0
124,9,3948,308,22,46
124,9,3948,308,51,7
124,9,3949,299,-8,-25
124,9,3950,270,-269,-111
124,9,3950,299,-78,0
124,9,3950,304,108,-147
124,9,3950,305,169,-162
124,9,3950,308,51,7
124,9,3951,299,3,51
124,9,3951,299,58,-117
124,9,3951,299,83,-62
124,9,3951,299,128,-90
124,9,3951,299,181,-22
124,9,3951,308,-252,69
124,9,3951,308,-25,45
124,9,3951,308,0,0
124,9,3952,260,-220,-146
124,9,3952,299,83,-62
124,9,3952,308,-48,21
124,9,3952,308,0,0
124,9,3953,299,-64,-82
124,9,3953,299,10,-104
124,9,3953,299,12,-23
124,9,3953,299,115,-62
124,9,3953,299,130,-9
124,9,3953,306,-171,65
124,9,3953,308,56,53
124,9,3954,304,-107,-75
124,9,3955,304,82,-164
124,9,3956,265,24,7
124,9,3979,271,364,35
124,9,3983,274,70,140
124,9,4043,245,-32,260
124,9,4043,362,0,-421
124,9,4043,366,-23,-447
124,9,4043,366,0,-447
124,9,4044,372,0,-500
124,11,3897,367,498,-37
124,11,3898,365,500,0
124,11,3902,364,482,132
124,11,3903,339,492,85
124,11,3904,325,482,132
124,11,3904,328,498,48
124,11,3904,338,490,97
124,11,3904,339,490,97
124,11,3904,372,361,-345
124,11,3905,355,488,109
124,11,3905,377,488,-109
124,11,3906,326,484,121
124,11,3906,366,494,-74
124,11,3906,372,500,-11
124,11,3906,378,482,-132
124,11,3907,323,500,0
124,11,3907,351,408,287
124,11,3907,355,457,203
124,11,3907,360,492,85
124,11,3907,360,496,60
124,11,3907,378,470,-167
124,11,3908,323,488,-109
124,11,3908,323,492,85
124,11,3908,323,500,0
124,11,3908,325,500,0
124,11,3908,353,361,345
124,11,3908,354,361,345
124,11,3908,356,361,345
124,11,3908,356,421,267
124,11,3908,356,451,212
124,11,3908,356,457,203
124,11,3908,357,474,156
124,11,3908,360,361,345
124,11,3908,376,488,-109
124,11,3908,382,421,-267
124,11,3909,352,408,287
124,11,3909,352,488,109
124,11,3909,354,435,246
124,11,3909,354,441,236
124,11,3909,356,457,203
124,11,3909,379,457,-203
124,11,3909,383,408,-287
124,11,3909,385,386,-316
124,11,3910,349,361,345
124,11,3910,353,416,277
124,11,3910,356,500,0
124,11,3910,361,500,0
124,11,3911,353,394,306
124,11,3911,382,402,-296
124,11,3912,311,408,287
124,11,3912,350,441,236
124,11,3913,348,296,402
124,11,3913,351,361,345
124,11,3913,352,441,236
124,11,3913,387,326,-378
124,11,3913,416,500,0
124,11,3914,343,353,353
124,11,3914,347,267,421
124,11,3915,347,267,421
124,11,3915,386,287,-408
124,11,3915,387,277,-416
124,11,3915,389,246,-435
124,11,3916,360,470,167
124,11,3917,346,353,353
124,11,3917,385,335,-371
124,11,3918,351,224,447
124,11,3918,384,224,-447
124,11,3918,385,212,-451
124,11,3918,386,224,-447
124,11,3918,423,435,-246
124,11,3919,347,167,470
124,11,3919,386,167,-470
124,11,3920,327,424,139
124,11,3920,347,121,484
124,11,3920,348,121,484
124,11,3920,349,156,474
124,11,3920,349,167,470
124,11,3920,350,144,478
124,11,3920,384,167,-470
124,11,3920,385,441,-236
124,11,3921,346,121,484
124,11,3921,347,97,490
124,11,3921,348,109,488
124,11,3921,349,85,492
124,11,3921,349,109,488
124,11,3921,350,85,492
124,11,3921,351,144,478
124,11,3921,353,447,0
124,11,3921,357,212,451
124,11,3921,383,306,-394
124,11,3922,332,411,92
124,11,3922,340,447,0
124,11,3922,341,447,0
124,11,3922,349,447,0
124,11,3922,353,447,0
124,11,3922,356,85,492
124,11,3922,356,447,0
124,11,3922,357,132,482
124,11,3922,357,447,0
124,11,3922,377,191,-462
124,11,3922,379,121,-484
124,11,3923,355,85,492
124,11,3923,357,97,490
124,11,3923,357,132,482
124,11,3923,359,74,494
124,11,3924,318,372,248
124,11,3924,331,408,101
124,11,3924,354,0,500
124,11,3924,355,0,500
124,11,3924,356,0,500
124,11,3924,357,0,500
124,11,3924,359,421,150
124,11,3924,373,267,-421
124,11,3924,378,0,-500
124,11,3924,380,0,-500
124,11,3924,380,248,-75
124,11,3924,381,0,-500
124,11,3925,340,421,0
124,11,3925,342,419,-31
124,11,3925,348,421,0
124,11,3925,349,421,0
124,11,3925,350,419,-31
124,11,3925,353,419,-31
124,11,3925,354,419,-31
124,11,3925,356,421,0
124,11,3925,358,419,-31
124,11,3925,367,416,62
124,11,3925,368,419,41
124,11,3925,388,421,0
124,11,3926,363,167,312
124,11,3926,363,173,324
124,11,3926,366,414,72
124,11,3926,372,157,0
124,11,3927,363,262,13
124,11,3927,384,395,0
124,11,3928,409,385,-171
124,11,3929,330,371,132
124,11,3930,310,291,339
124,11,3930,316,319,274
124,11,3930,322,150,45
124,11,3931,327,453,136
124,11,3932,369,364,35
124,11,3933,313,282,312
124,11,3934,313,266,325
124,11,3934,314,282,312
124,11,3934,319,417,223
124,11,3935,313,266,325
124,11,3935,367,261,0
124,11,3937,312,233,350
124,11,3937,317,257,299
124,11,3938,323,403,190
124,11,3939,329,200,400
124,11,3940,331,408,101
124,11,3941,306,192,432
124,11,3941,313,339,291
124,11,3942,325,380,179
124,11,3943,314,346,283
124,11,3944,321,350,233
124,11,3945,363,236,0
124,11,3946,310,131,400
124,11,3946,363,-104,0
124,11,3947,324,333,211
124,11,3947,372,75,169
124,11,3948,339,-56,282
124,11,3949,363,-1,-26
124,11,3950,371,-75,-23
124,11,3950,372,-258,-39
124,11,3951,363,0,0
124,11,3951,363,128,-90
124,11,3951,363,132,-84
124,11,3951,363,181,-22
124,11,3952,372,-239,106
124,11,3952,372,-162,302
124,11,3952,372,0,0
124,11,3953,368,-176,48
124,11,3954,369,-130,12
124,11,3955,323,-150,-279
124,11,3956,283,0,500
124,11,3956,306,0,447
124,11,3956,309,0,421
124,11,3956,326,9,24
124,11,3957,339,94,-50
124,11,3962,304,381,281
124,11,3963,336,187,-255
124,11,3964,312,0,392
124,11,3969,337,117,-176
124,11,3979,442,353,-353
124,11,3980,326,347,114
124,11,3980,437,0,-473
124,11,3983,438,353,-353
124,11,3989,439,361,-345
124,11,3993,322,237,247
124,11,3994,439,408,-287
124,11,3996,428,500,-11
124,11,3996,438,408,-287
124,11,3998,441,335,-371
124,11,4000,427,500,-25
124,11,4002,444,246,-435
124,11,4003,427,435,-246
124,11,4004,314,-415,-72
124,11,4004,435,326,-378
124,11,4006,446,144,-478
124,11,4009,427,262,0
124,11,4009,443,48,-498
124,11,4010,434,361,-345
124,11,4011,398,-29,-43
124,11,4011,418,0,-104
124,11,4011,427,183,0
124,11,4013,425,276,-148
124,11,4014,425,323,-173
124,11,4014,425,369,-198
124,11,4024,452,-179,-466
124,11,4028,427,0,-421
124,11,4032,437,-11,-473
124,11,4043,279,0,500
124,11,4043,322,0,238
124,11,4043,413,0,-369
124,11,4043,432,0,-447
124,11,4043,437,0,-473
124,36,3904,1128,494,74
124,36,3905,1127,490,97
124,36,3906,1123,500,0
124,36,3906,1127,490,97
124,36,3907,1123,500,0
124,36,3907,1125,500,0
124,36,3907,1126,500,0
124,36,3907,1127,490,97
124,36,3907,1128,492,85
124,36,3907,1130,498,37
124,36,3907,1175,492,-85
124,36,3908,1119,500,0
124,36,3908,1121,500,0
124,36,3908,1123,500,0
124,36,3908,1124,361,345
124,36,3908,1124,466,179
124,36,3908,1125,474,156
124,36,3908,1125,500,0
124,36,3908,1128,496,60
124,36,3908,1178,466,-179
124,36,3909,1122,500,0
124,36,3909,1126,474,156
124,36,3910,1123,500,0
124,36,3910,1128,500,0
124,36,3911,1128,494,74
124,36,3913,1147,326,378
124,36,3914,1123,500,0
124,36,3915,1119,306,394
124,36,3915,1123,500,0
124,36,3916,1121,316,386
124,36,3917,1129,500,0
124,36,3919,1117,167,470
124,36,3920,1118,167,470
124,36,3922,1117,85,492
124,36,3922,1147,447,0
124,36,3922,1148,447,0
124,36,3922,1149,447,0
124,36,3923,1116,37,498
124,36,3923,1137,37,498
124,36,3923,1175,0,-353
124,36,3924,1117,0,500
124,36,3924,1119,0,500
124,36,3924,1120,37,498
124,36,3924,1126,138,207
124,36,3924,1127,138,207
124,36,3924,1129,26,275
124,36,3924,1140,0,500
124,36,3924,1147,0,500
124,36,3924,1172,203,-129
124,36,3924,1172,223,417
124,36,3924,1177,42,-285
124,36,3924,1177,97,-274
124,36,3925,1142,419,-31
124,36,3925,1149,419,-31
124,36,3925,1150,419,-31
124,36,3925,1188,421,0
124,36,3927,1157,345,361
124,36,3930,1118,447,224
124,36,3930,1131,408,101
124,36,3931,1131,408,101
124,36,3935,1169,310,46
124,36,3936,1156,296,219
124,36,3938,1123,403,190
124,36,3940,1131,408,101
124,36,3943,1153,-438,181
124,36,3946,1154,-307,76
124,36,3949,1157,-182,102
124,36,3949,1168,207,41
124,36,3950,1146,-151,144
124,36,3953,1132,101,-244
124,36,3953,1161,-116,-174
124,36,3956,1139,46,-22
124,36,3959,1138,187,-100
124,36,3959,1139,153,-42
124,36,3959,1139,156,-31
124,36,3975,1095,353,353
124,36,4005,1138,117,-176
124,36,4017,1097,-70,467
124,60,3897,1924,500,0
124,60,3900,1900,500,0
124,60,3904,1916,500,-25
124,60,3907,1982,414,0
124,60,3908,1979,416,30
124,60,3908,1980,416,30
124,60,3908,1985,340,-325
124,60,3908,1986,340,-325
124,60,3908,1988,340,-325
124,60,3910,1971,361,-345
124,60,3910,1974,361,-345
124,60,3910,1987,358,-344
124,60,3910,1994,343,-359
124,60,3911,1969,353,-353
124,60,3911,1970,353,-353
124,60,3914,1982,444,-10
124,60,3915,1900,500,-11
124,60,3915,1945,361,-345
124,60,3915,1947,361,-345
124,60,3915,1948,361,-345
124,60,3915,1949,361,-345
124,60,3915,1951,361,-345
124,60,3915,1952,361,-345
124,60,3915,1953,361,-345
124,60,3915,1955,361,-345
124,60,3915,1956,361,-345
124,60,3915,1957,361,-345
124,60,3915,1958,361,-345
124,60,3915,1959,361,-345
124,60,3915,1960,361,-345
124,60,3915,1962,361,-345
124,60,3915,1963,361,-345
124,60,3915,1964,361,-345
124,60,3915,1965,361,-345
124,60,3915,1966,361,-345
124,60,3915,1967,361,-345
124,60,3915,1968,361,-345
124,60,3915,1969,361,-345
124,60,3915,1970,361,-345
124,60,3915,1972,361,-345
124,60,3915,1973,361,-345
124,60,3915,1974,361,-345
124,60,3915,1975,361,-345
124,60,3915,1976,361,-345
124,60,3915,1977,361,-345
124,60,3915,1978,361,-345
124,60,3915,1979,361,-345
124,60,3915,1981,353,-353
124,60,3915,1981,361,-345
124,60,3915,1982,361,-345
124,60,3915,1983,361,-345
124,60,3915,1984,361,-345
124,60,3915,1985,361,-345
124,60,3915,1986,361,-345
124,60,3915,1987,361,-345
124,60,3915,1988,361,-345
124,60,3915,1989,361,-345
124,60,3916,1980,444,0
124,60,3916,1981,444,-10
124,60,3918,1941,353,-353
124,60,3918,1944,353,-353
124,60,3918,1946,353,-353
124,60,3918,1949,353,-353
124,60,3918,1951,353,-353
124,60,3918,1953,353,-353
124,60,3918,1954,353,-353
124,60,3918,1961,353,-353
124,60,3918,1971,353,-353
124,60,3918,1972,353,-353
124,60,3919,1962,353,-353
124,60,3920,1980,471,0
124,60,3921,1984,498,-48
124,60,3922,1986,464,-178
124,60,3923,1980,495,36
124,60,3923,1982,497,-11
124,60,3924,1977,478,144
124,60,3924,1987,441,-236
124,60,3925,1978,500,25
124,60,3926,1973,345,-361
124,60,3926,1980,335,-371
124,60,3926,2009,240,-310
124,60,3928,1899,378,114
124,60,3928,1984,451,-212
124,60,3928,1997,500,0
124,60,3929,1968,345,-361
124,60,3929,1970,345,-361
124,60,3929,1971,345,-361
124,60,3929,1973,345,-361
124,60,3929,1980,500,0
124,60,3929,1982,488,-109
124,60,3930,1980,500,0
124,60,3931,1982,500,-25
124,60,3933,1981,498,-37
124,60,3933,1982,498,-37
124,60,3934,1900,440,76
124,60,3934,1901,100,27
124,60,3934,1981,470,167
124,60,3935,1980,500,0
124,60,3936,1962,179,-466
124,60,3936,1980,466,-179
124,60,3936,1980,500,0
124,60,3937,1958,212,-451
124,60,3938,1952,191,-462
124,60,3938,1979,500,0
124,60,3938,1997,500,0
124,60,3939,1942,132,-126
124,60,3940,1943,75,-72
124,60,3940,1947,192,-433
124,60,3940,1952,179,-466
124,60,3940,1971,156,-474
124,60,3940,1981,500,0
124,60,3940,1983,451,212
124,60,3941,1939,200,-400
124,60,3941,1966,144,-478
124,60,3941,1968,156,-474
124,60,3941,1972,179,-466
124,60,3942,1944,181,-438
124,60,3942,1961,156,-474
124,60,3943,1943,160,-417
124,60,3943,1961,144,-478
124,60,3943,1962,144,-478
124,60,3943,1973,277,-416
124,60,3944,1937,171,-385
124,60,3944,1938,161,-390
124,60,3944,1941,160,-417
124,60,3944,1956,148,-450
124,60,3944,1958,132,-482
124,60,3944,1968,121,-484
124,60,3945,1945,136,-453
124,60,3945,1946,136,-453
124,60,3945,1958,125,-457
124,60,3945,1963,121,-484
124,60,3946,1958,121,-484
124,60,3946,1959,121,-484
124,60,3946,1996,114,-459
124,60,3947,1944,108,-433
124,60,3947,1950,113,-375
124,60,3947,1963,97,-490
124,60,3947,1966,108,-433
124,60,3947,1974,277,-416
124,60,3947,1990,108,-433
124,60,3948,1940,111,-407
124,60,3948,1969,85,-492
124,60,3948,1985,85,-492
124,60,3949,1982,104,-381
124,60,3950,1941,-394,-262
124,60,3950,2015,-339,-292
124,60,3951,1935,-370,-246
124,60,3951,1953,-326,-217
124,60,3951,1975,82,-332
124,60,3952,1913,-242,-161
124,60,3952,1944,-283,-189
124,60,3952,1953,-305,-203
124,60,3952,1953,-283,-189
124,60,3952,1954,-283,-189
124,60,3952,1955,-283,-189
124,60,3952,1956,-305,-203
124,60,3952,1969,25,-341
124,60,3952,1972,76,-307
124,60,3952,1973,35,-367
124,60,3953,1912,-198,-132
124,60,3953,1913,-198,-132
124,60,3953,1916,-176,-117
124,60,3953,1948,-239,-159
124,60,3953,1951,-239,-159
124,60,3954,1916,-155,-103
124,60,3955,1914,-100,-187
124,60,3955,1915,-100,-187
124,60,3955,1916,-87,-164
124,60,3955,1916,-75,-141
124,60,3955,1953,-87,-164
124,60,3955,1955,-111,-208
124,60,3955,2016,121,-484
124,60,3956,1964,223,417
124,60,3956,1965,223,417
124,60,3956,1966,12,23
124,60,3956,1966,152,101
124,60,3956,1967,0,0
124,60,3956,1967,152,101
124,60,3956,1967,421,267
124,60,3956,1968,0,0
124,60,3956,1970,12,23
124,60,3956,1974,25,2
124,60,3956,1975,0,-235
124,60,3956,1975,24,-10
124,60,3956,1975,25,2
124,60,3956,1976,24,-10
124,60,3956,1977,24,-10
124,60,3956,1979,16,-20
124,60,3956,1981,16,-20
124,60,3956,1982,5,-25
124,60,3956,1994,-382,-205
124,60,3958,1904,57,-149
124,60,3960,1995,-380,0
124,61,3896,1981,500,0
124,61,3897,1980,500,0
124,61,3898,1980,340,0
124,61,3899,1980,340,0
124,61,3899,1981,340,0
124,61,3899,1982,340,0
124,61,3899,1982,361,-8
124,61,3899,1982,361,0
124,61,3899,1983,340,0
124,61,3899,1984,340,0
124,61,3899,1985,340,0
124,61,3899,1986,340,0
124,61,3899,1987,340,0
124,61,3899,1988,340,0
124,61,3899,1989,340,0
124,61,3899,1990,340,0
124,61,3899,1991,340,0
124,61,3899,1992,340,0
124,61,3899,1993,340,0
124,61,3899,1995,340,0
124,61,3899,1996,442,-170
124,61,3899,1998,340,0
124,61,3900,1978,366,18
124,61,3900,1980,340,0
124,61,3900,1982,366,-18
124,61,3900,1982,366,0
124,61,3900,1983,366,-18
124,61,3900,1987,358,-71
124,61,3900,1987,360,-63
124,61,3900,1995,340,0
124,61,3900,1996,366,-8
124,61,3900,1997,366,-8
124,61,3900,1998,366,0
124,61,3901,1978,366,0
124,61,3901,1980,366,0
124,61,3901,1981,366,0
124,61,3901,1982,366,-8
124,61,3901,1982,366,0
124,61,3901,1983,366,-18
124,61,3901,1983,366,-8
124,61,3901,1983,366,0
124,61,3901,1994,344,-123
124,61,3901,1996,339,-140
124,61,3901,1997,339,-140
124,61,3901,1997,366,-18
124,61,3901,1997,366,-8
124,61,3901,1997,462,-191
124,61,3902,1980,395,0
124,61,3902,1982,366,0
124,61,3902,1983,366,-8
124,61,3902,1983,386,-28
124,61,3902,1987,358,-71
124,61,3902,1988,357,-80
124,61,3902,1989,357,-80
124,61,3902,1995,470,-167
124,61,3902,2000,353,-167
124,61,3902,2001,346,-185
124,61,3903,1980,366,0
124,61,3903,1981,366,0
124,61,3903,1982,366,-8
124,61,3903,1982,387,-9
124,61,3903,1983,364,-35
124,61,3903,1983,364,-27
124,61,3903,1984,363,-44
124,61,3903,1984,364,-35
124,61,3903,1985,362,-54
124,61,3903,1986,360,-63
124,61,3903,1986,362,-54
124,61,3903,1987,360,-63
124,61,3903,1988,357,-80
124,61,3903,1989,357,-80
124,61,3903,1995,366,0
124,61,3903,2003,366,0
124,61,3903,2004,366,0
124,61,3903,2007,366,0
124,61,3903,2007,500,0
124,61,3904,1996,392,0
124,61,3904,1997,358,-159
124,61,3904,1997,392,-9
124,61,3904,1998,353,-167
124,61,3904,1998,392,0
124,61,3904,1999,351,-176
124,61,3904,1999,353,-167
124,61,3904,2003,353,-224
124,61,3904,2004,353,-224
124,61,3904,2006,392,0
124,61,3905,1982,392,0
124,61,3905,1997,392,-9
124,61,3905,2007,392,0
124,61,3906,1982,314,-16
124,61,3906,2006,392,0
124,61,3906,2009,343,-281
124,61,3907,1983,391,-29
124,61,3907,1984,391,-38
124,61,3907,2003,392,0
124,61,3907,2004,392,0
124,61,3907,2006,357,-264
124,61,3907,2007,392,0
124,61,3907,2011,392,0
124,61,3907,2012,392,0
124,61,3907,2013,392,0
124,61,3908,2003,357,-264
124,61,3908,2028,340,-325
124,61,3909,2008,356,-307
124,61,3911,1985,418,0
124,61,3911,1986,418,0
124,61,3911,1993,418,0
124,61,3911,2003,358,-344
124,61,3911,2014,418,0
124,61,3911,2015,444,0
124,61,3911,2016,418,0
124,61,3913,2010,335,-371
124,61,3915,2021,361,-345
124,61,3916,1924,500,0
124,61,3916,1985,444,0
124,61,3916,1986,444,0
124,61,3916,1987,444,0
124,61,3916,1988,444,0
124,61,3916,1989,444,0
124,61,3916,1990,444,0
124,61,3916,1991,444,0
124,61,3916,1992,444,0
124,61,3916,1998,444,0
124,61,3916,2020,444,0
124,61,3916,2021,444,0
124,61,3917,2020,466,0
124,61,3920,1983,314,-16
124,61,3920,2023,471,0
124,61,3925,2020,497,0
124,61,3927,2004,403,-111
124,61,3928,1920,296,402
124,61,3929,1986,418,0
124,61,3929,1990,418,0
124,61,3929,1991,418,0
124,61,3929,1995,418,0
124,61,3929,2030,345,-361
124,61,3930,2027,500,0
124,61,3931,1987,226,-62
124,61,3933,1984,268,-103
124,61,3934,1984,244,-94
124,61,3935,1984,222,-21
124,61,3936,1982,207,-111
124,61,3937,1928,165,235
124,61,3938,2029,500,0
124,61,3938,2037,353,-353
124,61,3939,1982,141,-67
124,61,3940,2024,500,0
124,61,3941,1936,226,291
124,61,3942,2034,361,-345
124,61,3944,1966,0,-130
124,61,3946,2023,248,-372
124,61,3948,1910,85,492
124,61,3952,2023,335,-371
124,61,3953,2025,109,-488
124,61,3955,1976,-86,-162
124,61,3955,1978,-86,-162
124,61,3955,1995,30,312
124,61,3956,2000,0,261
124,61,3957,2006,-121,202
124,61,3958,1996,-176,105
124,61,3958,1996,253,135
124,61,3958,1996,259,130
124,61,3958,2000,-100,242
124,61,3958,2001,-110,266
124,61,3960,1996,-29,43
124,61,3960,1998,80,103
124,61,3960,1998,221,221
124,61,3960,1998,223,223
124,61,3961,1996,-7,78
124,61,3961,1999,-20,208
124,61,3962,1996,-138,74
124,61,3962,2001,89,217
124,61,3962,2001,201,273
124,61,3962,2011,231,410
124,61,3963,1998,-170,162
124,61,3963,2000,-10,204
124,61,3963,2000,240,240
124,61,3963,2000,242,242
124,61,3963,2005,157,332
124,61,3963,2005,164,327
124,61,3964,1998,-130,195
124,61,3964,2001,-129,257
124,61,3964,2002,-161,241
124,61,3964,2004,224,289
124,61,3964,2004,226,291
124,61,3964,2016,303,248
124,61,3965,1996,-202,55
124,61,3965,1997,-101,152
124,61,3965,2003,-38,314
124,61,3965,2006,122,259
124,61,3965,2008,131,317
124,61,3965,2029,287,-408
124,61,3966,2004,189,180
124,61,3967,2000,-15,208
124,61,3967,2007,242,311
124,61,3968,1997,-233,28
124,61,3968,1998,-117,-234
124,61,3968,2000,-63,229
124,61,3968,2002,-63,283
124,61,3968,2009,244,200
124,61,3968,2010,247,192
124,61,3970,2007,219,189
124,61,3971,1999,-242,160
124,61,3972,2007,104,318
124,61,3973,2000,-89,-189
124,61,3974,1998,46,121
124,61,3976,1998,-177,185
124,61,3976,1999,-40,-232
124,61,3978,2006,237,-248
124,61,3979,2021,332,157
124,61,3980,2009,161,-303
124,61,3980,2021,142,-283
124,61,3982,2005,141,-250
124,61,3982,2005,148,-247
124,61,3984,2028,415,-160
124,61,3988,1998,34,-153
124,61,3988,2000,83,55
124,61,3988,2003,21,14
124,61,3988,2004,0,-261
124,61,3988,2006,0,-104
124,61,3988,2007,24,-10
124,61,3988,2010,5,-25
124,61,3988,2011,182,17
124,61,3988,2020,173,92
124,61,3988,2023,314,-189
124,61,3990,2027,-104,-378
124,61,3990,2027,-83,-176
124,61,3996,2027,-77,-257
124,65,3895,2083,447,0
124,65,3896,2076,444,53
124,65,3896,2083,500,0
124,65,3897,2083,392,0
124,65,3897,2086,500,-25
124,65,3898,2075,492,85
124,65,3898,2083,444,0
124,65,3898,2083,500,0
124,65,3899,2080,340,0
124,65,3899,2081,340,0
124,65,3899,2082,340,0
124,65,3899,2083,340,0
124,65,3899,2083,418,0
124,65,3899,2083,447,0
124,65,3899,2085,366,-18
124,65,3899,2086,366,-18
124,65,3899,2095,482,-132
124,65,3900,2082,340,0
124,65,3900,2083,340,0
124,65,3900,2083,366,0
124,65,3900,2083,473,0
124,65,3900,2085,366,-8
124,65,3900,2085,366,0
124,65,3902,2081,366,8
124,65,3907,2079,332,332
124,65,3907,2079,340,325
124,65,3907,2080,332,332
124,65,3907,2081,332,332
124,65,3907,2082,332,332
124,65,3907,2083,332,332
124,65,3907,2084,332,332
124,65,3907,2085,332,332
124,65,3907,2086,332,332
124,65,3907,2087,332,332
124,65,3907,2088,332,332
124,65,3907,2089,332,332
124,65,3907,2090,332,332
124,65,3907,2090,340,325
124,65,3907,2099,332,332
124,65,3907,2103,332,332
124,65,3908,2035,332,332
124,65,3909,2047,361,345
124,65,3909,2092,353,353
124,65,3910,2036,343,358
124,65,3910,2038,358,343
124,65,3910,2039,358,343
124,65,3910,2092,353,353
124,65,3911,2036,343,358
124,65,3911,2038,351,351
124,65,3911,2038,358,343
124,65,3911,2039,358,343
124,65,3911,2040,358,343
124,65,3911,2041,358,343
124,65,3911,2042,358,343
124,65,3911,2043,358,343
124,65,3911,2044,358,343
124,65,3911,2045,358,343
124,65,3911,2046,358,343
124,65,3911,2047,358,343
124,65,3911,2048,358,343
124,65,3911,2049,358,343
124,65,3911,2082,358,343
124,65,3911,2083,358,343
124,65,3911,2084,358,343
124,65,3911,2085,358,343
124,65,3911,2086,358,343
124,65,3911,2087,358,343
124,65,3911,2088,358,343
124,65,3911,2089,358,343
124,65,3911,2090,358,343
124,65,3911,2091,358,343
124,65,3911,2092,358,343
124,65,3911,2093,358,343
124,65,3911,2093,361,345
124,65,3911,2094,358,343
124,65,3911,2102,358,343
124,65,3911,2103,351,351
124,65,3911,2106,358,343
124,65,3913,2033,361,345
124,65,3913,2035,316,386
124,65,3913,2037,335,371
124,65,3913,2048,444,-10
124,65,3915,2032,361,345
124,65,3915,2033,353,353
124,65,3915,2042,345,361
124,65,3915,2053,353,353
124,65,3915,2090,353,353
124,65,3915,2091,353,353
124,65,3915,2097,353,353
124,65,3915,2106,353,353
124,65,3915,2136,453,-137
124,65,3917,2108,361,345
124,65,3917,2118,361,345
124,65,3918,2110,353,353
124,65,3918,2113,353,353
124,65,3918,2115,353,353
124,65,3919,2025,353,353
124,65,3920,2115,353,353
124,65,3921,2116,353,353
124,65,3921,2120,361,345
124,65,3921,2121,371,335
124,65,3921,2122,361,345
124,65,3922,2119,353,353
124,65,3922,2121,353,353
124,65,3925,2029,345,361
124,65,3925,2030,345,361
124,65,3925,2126,345,361
124,65,3928,2040,500,-25
124,65,3928,2048,345,361
124,65,3928,2098,353,-353
124,65,3934,2037,500,0
124,65,3936,2040,335,371
124,65,3937,2058,130,0
124,65,3938,2043,361,345
124,65,3940,2065,113,108
124,65,3940,2083,130,0
124,65,3944,2026,417,223
124,65,3945,2039,161,389
124,65,3946,2029,277,416
124,65,3946,2030,248,372
124,65,3947,2038,121,403
124,65,3948,2029,109,488
124,65,3949,2035,92,411
124,65,3949,2041,114,378
124,65,3949,2044,89,357
124,65,3955,2124,117,62
124,65,3958,2067,-189,-140
124,65,3960,2062,250,-305
124,65,3960,2062,282,-189
124,65,3960,2132,0,0
124,65,3961,2062,258,-332
124,65,3961,2065,234,-318
124,65,3963,2058,190,-404
124,65,3963,2065,-132,-198
124,65,3964,2058,-16,-316
124,65,3965,2060,110,-269
124,65,3968,2062,-28,-289
124,65,3968,2064,-23,-234
124,65,3969,2058,-30,-312
124,65,3971,2059,-14,-290
124,65,3977,2056,234,-23
124,65,3984,2051,118,236
124,65,3986,2058,174,158
124,65,3988,2057,111,235
124,65,3988,2058,0,0
124,65,3988,2059,0,130
124,65,3988,2061,0,-78
124,65,3988,2061,23,-12
124,65,3988,2062,136,123
124,65,3988,2062,203,-51
124,65,3988,2063,150,-49
124,65,3988,2127,103,10
124,65,3988,2129,0,0
124,65,3988,2131,205,-41
124,67,3898,2144,500,0
124,67,3903,2120,408,287
124,67,3903,2121,416,277
124,67,3905,2169,490,-97
124,67,3906,2121,402,296
124,67,3907,2121,394,306
124,67,3907,2159,492,85
124,67,3908,2099,332,332
124,67,3908,2100,332,332
124,67,3909,2104,351,351
124,67,3909,2117,358,343
124,67,3909,2117,368,333
124,67,3910,2111,358,343
124,67,3910,2114,343,358
124,67,3910,2117,358,343
124,67,3910,2124,345,361
124,67,3910,2129,345,361
124,67,3910,2171,457,-203
124,67,3911,2094,351,351
124,67,3911,2102,358,343
124,67,3911,2103,358,343
124,67,3911,2104,358,343
124,67,3911,2105,358,343
124,67,3911,2106,358,343
124,67,3911,2107,358,343
124,67,3911,2108,358,343
124,67,3911,2109,358,343
124,67,3911,2110,351,351
124,67,3911,2110,358,343
124,67,3911,2111,358,343
124,67,3911,2112,358,343
124,67,3911,2114,358,343
124,67,3911,2116,358,343
124,67,3911,2117,351,351
124,67,3911,2117,358,343
124,67,3911,2117,361,345
124,67,3911,2123,353,353
124,67,3912,2121,353,353
124,67,3913,2135,345,361
124,67,3915,2097,353,353
124,67,3915,2097,361,345
124,67,3915,2118,353,353
124,67,3924,2091,353,353
124,67,3924,2092,353,353
124,67,3927,2129,393,29
124,67,3933,2131,291,304
124,67,3935,2134,273,285
124,67,3938,2154,210,15
124,67,3943,2098,-412,170
124,67,3944,2102,-351,144
124,67,3945,2109,-316,130
124,67,3945,2132,-414,-171
124,67,3946,2093,118,431
124,67,3946,2106,-326,135
124,67,3947,2076,121,484
124,67,3947,2078,121,484
124,67,3947,2121,75,-250
124,67,3948,2077,121,484
124,67,3948,2078,121,484
124,67,3948,2119,-249,117
124,67,3949,2104,95,382
124,67,3956,2091,0,500
124,67,3956,2091,224,447
124,67,3956,2119,155,-23
124,67,3956,2120,0,-130
124,67,3956,2122,0,-209
124,67,3956,2127,0,-235
124,67,3956,2131,46,-25
124,67,3957,2128,74,-138
124,67,3957,2130,74,-138
124,67,3958,2123,-130,0
124,67,3958,2123,60,-496
124,67,3958,2128,8,-395
124,67,3958,2128,148,-278
124,67,3958,2129,148,-278
124,67,3958,2130,289,-183
124,67,3958,2131,-2,-52
124,67,3958,2131,5,-25
124,67,3958,2131,117,-63
124,67,3959,2123,0,0
124,67,3959,2124,221,-16
124,67,3959,2124,223,11
124,67,3959,2125,152,-101
124,67,3959,2126,152,-101
124,67,3959,2130,371,-199
124,67,3960,2123,-162,-86
124,67,3960,2123,-133,-210
124,67,3960,2123,-130,0
124,67,3960,2123,-52,-1
124,67,3960,2123,-26,0
124,67,3960,2123,-23,-12
124,67,3960,2123,-23,11
124,67,3960,2123,-22,-301
124,67,3960,2123,0,0
124,67,3960,2124,-119,-236
124,67,3960,2124,48,-498
124,67,3960,2125,208,-20
124,67,3960,2127,155,-276
124,67,3960,2131,23,-12
124,67,3962,2123,-26,1
124,67,3962,2124,-144,-117
124,67,3962,2124,-25,-5
124,67,3963,2130,348,-187
124,67,3970,2123,-72,-75
124,67,3972,2131,72,-108
124,67,3973,2123,-24,9
124,67,3973,2130,119,-171
124,67,3981,2124,-41,-205
124,67,3987,2123,25,5
124,93,3905,2982,435,86
124,93,3906,2986,498,37
124,93,3908,3029,500,0
124,93,3908,3031,500,0
124,93,3909,3042,378,-326
124,93,3911,3039,361,-345
124,93,3912,3041,441,-236
124,93,3918,2971,447,0
124,93,3918,2973,203,457
124,93,3918,3004,447,0
124,93,3918,3005,447,0
124,93,3919,3031,441,-236
124,93,3920,3041,167,-470
124,93,3921,3039,97,-490
124,93,3921,3040,121,-484
124,93,3922,3003,447,0
124,93,3922,3004,447,0
124,93,3922,3005,447,0
124,93,3922,3019,447,0
124,93,3922,3039,97,-490
124,93,3923,3015,37,-498
124,93,3924,3002,0,-500
124,93,3924,3038,167,-470
124,93,3924,3040,0,-500
124,93,3924,3042,0,-500
124,93,3924,3043,167,-470
124,93,3925,2988,421,0
124,93,3925,3005,421,0
124,93,3926,3025,416,-62
124,93,3927,3005,395,0
124,93,3928,3001,393,38
124,93,3928,3015,393,38
124,93,3928,3017,393,29
124,93,3932,3005,369,0
124,93,3933,3061,353,-353
124,93,3940,3028,408,-102
124,93,3943,2988,25,-3
124,93,3943,2993,-45,-257
124,93,3946,2995,-273,-90
124,93,3948,2987,78,0
124,93,3948,3000,-242,-100
124,93,3950,2987,0,0
124,93,3950,2998,-200,172
124,93,3950,2998,-183,191
124,93,3951,3009,-233,124
124,93,3952,2995,-207,30
124,93,3953,2996,-181,26
124,93,3953,3004,23,-46
124,93,3954,3010,-152,101
124,93,3955,3009,-63,117
124,93,3955,3019,158,-19
124,93,4017,3061,-70,-468
124,116,3902,3724,482,132
124,116,3904,3685,482,132
124,116,3904,3686,492,85
124,116,3904,3688,498,48
124,116,3907,3681,441,236
124,116,3907,3687,371,335
124,116,3907,3741,500,0
124,116,3908,3681,421,267
124,116,3908,3737,148,-450
124,116,3908,3737,482,-132
124,116,3908,3738,466,-179
124,116,3908,3740,148,-450
124,116,3908,3740,287,-408
124,116,3908,3741,492,-85
124,116,3908,3741,500,0
124,116,3908,3742,500,0
124,116,3908,3743,500,0
124,116,3908,3744,500,0
124,116,3909,3684,457,203
124,116,3909,3685,474,156
124,116,3909,3688,500,0
124,116,3909,3742,500,0
124,116,3909,3744,500,0
124,116,3910,3677,371,335
124,116,3910,3741,361,-345
124,116,3911,3681,441,236
124,116,3911,3741,361,-345
124,116,3911,3742,361,-345
124,116,3911,3744,361,-345
124,116,3911,3745,345,-361
124,116,3911,3746,335,-371
124,116,3911,3747,326,-378
124,116,3912,3680,361,345
124,116,3912,3738,441,-236
124,116,3912,3741,432,-192
124,116,3912,3745,441,-236
124,116,3912,3747,441,-236
124,116,3912,3763,432,-192
124,116,3912,3764,432,-192
124,116,3913,3679,335,371
124,116,3913,3687,470,167
124,116,3913,3744,345,-361
124,116,3913,3748,287,-408
124,116,3913,3749,267,-421
124,116,3913,3749,287,-408
124,116,3914,3745,306,-394
124,116,3914,3747,316,-386
124,116,3915,3745,296,-402
124,116,3915,3748,277,-416
124,116,3915,3749,277,-416
124,116,3916,3708,224,447
124,116,3916,3739,386,-316
124,116,3916,3748,224,-447
124,116,3917,3746,224,-447
124,116,3917,3746,246,-435
124,116,3917,3747,212,-451
124,116,3917,3763,438,-87
124,116,3918,3690,484,121
124,116,3918,3742,447,0
124,116,3918,3745,212,-451
124,116,3918,3748,179,-466
124,116,3918,3748,473,0
124,116,3919,3745,191,-462
124,116,3919,3746,167,-470
124,116,3919,3748,167,-470
124,116,3920,3687,361,345
124,116,3920,3746,156,-474
124,116,3921,3734,451,-212
124,116,3921,3745,109,-488
124,116,3922,3716,447,0
124,116,3922,3737,191,-462
124,116,3922,3741,447,0
124,116,3922,3741,447,10
124,116,3922,3742,447,0
124,116,3922,3743,447,0
124,116,3922,3748,447,0
124,116,3922,3750,447,0
124,116,3922,3751,447,0
124,116,3922,3754,447,0
124,116,3922,3755,447,0
124,116,3923,3726,440,76
124,116,3924,3737,0,-500
124,116,3924,3740,0,-500
124,116,3924,3740,0,-444
124,116,3924,3740,248,-75
124,116,3924,3741,0,-500
124,116,3924,3742,0,-500
124,116,3924,3747,0,-500
124,116,3924,3768,417,-160
124,116,3925,3705,421,21
124,116,3925,3727,421,21
124,116,3926,3732,167,-313
124,116,3926,3761,414,-72
124,116,3926,3761,416,-62
124,116,3927,3691,126,34
124,116,3927,3708,395,0
124,116,3927,3716,395,0
124,116,3928,3692,482,132
124,116,3928,3715,393,38
124,116,3928,3719,393,38
124,116,3928,3720,393,38
124,116,3928,3728,390,58
124,116,3928,3728,393,38
124,116,3928,3768,389,-161
124,116,3929,3697,342,327
124,116,3929,3762,382,-96
124,116,3930,3745,183,-4
124,116,3931,3753,183,3
124,116,3932,3694,355,88
124,116,3932,3750,183,0
124,116,3933,3692,125,37
124,116,3933,3732,209,4
124,116,3933,3741,209,0
124,116,3933,3780,180,-189
124,116,3935,3743,342,0
124,116,3937,3687,-117,62
124,116,3941,3791,150,-363
124,116,3943,3692,7,-316
124,116,3943,3732,25,-3
124,116,3943,3732,25,5
124,116,3944,3718,-256,-180
124,116,3944,3729,306,76
124,116,3944,3732,9,24
124,116,3947,3732,12,22
124,116,3948,3697,-165,202
124,116,3948,3732,0,0
124,116,3951,3761,44,366
124,116,3952,3719,-234,-23
124,116,3952,3732,-43,65
124,116,3953,3774,-285,134
124,116,3954,3711,-132,198
124,116,3954,3720,-174,-116
124,116,3955,3729,-74,138
124,116,3955,3767,-141,223
124,116,3955,3810,-23,-447
124,116,3956,3699,46,-22
124,116,3956,3779,0,-316
124,116,3957,3758,15,158
124,116,3957,3759,-4,185
124,116,3958,3765,-21,289
124,116,3959,3699,153,-42
124,116,3959,3791,-38,-311
124,116,3960,3698,73,-111
124,116,4011,3669,0,421
124,116,4012,3690,-14,-22
124,116,4017,3657,-70,467
124,116,4026,3647,-212,451
124,116,4028,3666,0,447
124,119,3908,3807,287,408
124,119,3908,3808,361,345
124,119,3908,3808,500,0
124,119,3908,3809,500,0
124,119,3908,3810,361,345
124,119,3908,3811,500,0
124,119,3908,3812,500,0
124,119,3908,3814,361,345
124,119,3908,3815,500,0
124,119,3908,3816,500,0
124,119,3908,3817,361,345
124,119,3908,3830,500,0
124,119,3908,3832,500,0
124,119,3908,3837,435,-246
124,119,3908,3839,500,0
124,119,3909,3806,287,408
124,119,3909,3808,361,345
124,119,3909,3830,500,0
124,119,3909,3831,500,0
124,119,3909,3841,500,0
124,119,3910,3812,500,0
124,119,3910,3837,421,-267
124,119,3910,3840,441,-236
124,119,3910,3841,500,0
124,119,3911,3808,378,326
124,119,3911,3809,394,306
124,119,3911,3840,441,-236
124,119,3912,3803,441,236
124,119,3912,3804,500,0
124,119,3912,3805,441,236
124,119,3912,3807,441,236
124,119,3912,3808,500,0
124,119,3912,3809,402,296
124,119,3912,3840,441,-236
124,119,3912,3841,441,-236
124,119,3912,3842,474,-156
124,119,3912,3842,482,-132
124,119,3914,3833,462,-191
124,119,3914,3843,267,-421
124,119,3915,3802,277,416
124,119,3917,3810,287,408
124,119,3918,3840,224,-447
124,119,3919,3841,277,-416
124,119,3920,3832,335,-371
124,119,3921,3802,121,484
124,119,3921,3806,109,488
124,119,3921,3821,438,87
124,119,3921,3841,277,-416
124,119,3922,3796,447,0
124,119,3922,3797,447,0
124,119,3922,3798,447,0
124,119,3922,3804,447,0
124,119,3922,3805,447,0
124,119,3922,3806,447,0
124,119,3922,3807,447,0
124,119,3922,3810,447,0
124,119,3922,3812,447,0
124,119,3922,3813,132,482
124,119,3922,3814,447,0
124,119,3922,3818,447,0
124,119,3922,3819,447,0
124,119,3922,3820,447,0
124,119,3922,3823,447,0
124,119,3922,3827,447,0
124,119,3922,3828,447,0
124,119,3922,3829,447,0
124,119,3922,3831,447,0
124,119,3922,3834,447,0
124,119,3922,3838,447,0
124,119,3922,3843,447,0
124,119,3922,3844,447,0
124,119,3923,3813,97,490
124,119,3923,3818,394,306
124,119,3924,3812,0,500
124,119,3924,3828,197,-105
124,119,3924,3830,0,-353
124,119,3925,3844,421,0
124,119,3926,3822,414,72
124,119,3926,3822,416,62
124,119,3926,3823,416,62
124,119,3926,3825,416,-62
124,119,3927,3843,395,0
124,119,3930,3828,104,0
124,119,3931,3835,183,0
124,119,3931,3855,366,-44
124,119,3933,3820,43,-29
124,119,3933,3835,209,0
124,119,3933,3844,209,0
124,119,3938,3798,185,0
124,119,3939,3820,26,-1
124,119,3940,3820,26,-1
124,119,3940,3828,25,5
124,119,3941,3828,0,0
124,119,3942,3876,194,-344
124,119,3943,3828,25,5
124,119,3944,3819,21,-15
124,119,3944,3828,9,24
124,119,3944,3828,19,16
124,119,3945,3828,22,12
124,119,3946,3764,-326,174
124,119,3946,3819,-21,-15
124,119,3946,3819,0,0
124,119,3946,3828,0,0
124,119,3946,3828,20,15
124,119,3946,3828,20,16
124,119,3947,3828,0,0
124,119,3947,3828,75,169
124,119,3948,3819,-121,-202
124,119,3948,3819,-18,-19
124,119,3948,3819,0,0
124,119,3948,3828,0,0
124,119,3948,3828,22,46
124,119,3949,3819,152,-101
124,119,3949,3828,0,0
124,119,3950,3824,-33,70
124,119,3950,3825,250,-82
124,119,3950,3827,-235,-12
124,119,3950,3828,-258,-39
124,119,3950,3828,0,0
124,119,3951,3819,0,0
124,119,3951,3819,83,-62
124,119,3951,3819,128,-90
124,119,3951,3819,181,-22
124,119,3952,3819,0,0
124,119,3952,3825,-208,15
124,119,3952,3828,0,0
124,119,3952,3828,53,119
124,119,3953,3823,74,-167
124,119,3953,3825,75,106
124,119,3953,3828,-32,41
124,119,3953,3828,-4,25
124,119,3953,3828,56,53
124,119,3954,3822,128,227
124,119,3954,3825,-130,12
124,119,3955,3822,59,-145
124,119,3955,3823,-20,16
124,119,4011,3764,0,209
124,119,4032,3769,-258,332
124,119,4043,3755,0,500
124,119,4043,3885,0,-447
124,121,3895,3867,500,0
124,121,3904,3848,498,48
124,121,3904,3877,482,132
124,121,3905,3858,451,212
124,121,3905,3878,488,109
124,121,3905,3880,494,74
124,121,3906,3846,484,121
124,121,3906,3897,482,-132
124,121,3907,3843,498,37
124,121,3907,3843,500,0
124,121,3907,3876,451,212
124,121,3907,3877,453,136
124,121,3907,3880,496,60
124,121,3907,3901,400,-201
124,121,3908,3843,500,0
124,121,3908,3844,361,345
124,121,3908,3844,381,281
124,121,3908,3844,451,212
124,121,3908,3844,478,144
124,121,3908,3844,498,-48
124,121,3908,3871,361,345
124,121,3908,3871,402,296
124,121,3908,3875,482,-132
124,121,3908,3876,361,345
124,121,3908,3876,421,267
124,121,3908,3876,451,212
124,121,3908,3879,361,345
124,121,3908,3898,466,-179
124,121,3908,3898,478,-144
124,121,3908,3902,421,-267
124,121,3908,3904,441,-236
124,121,3909,3844,500,0
124,121,3909,3872,408,287
124,121,3909,3874,441,236
124,121,3909,3878,474,156
124,121,3909,3895,492,-85
124,121,3909,3897,482,-132
124,121,3909,3899,457,-203
124,121,3910,3844,496,60
124,121,3910,3873,416,277
124,121,3910,3906,345,-361
124,121,3911,3843,500,0
124,121,3911,3844,500,0
124,121,3911,3873,394,306
124,121,3911,3873,402,296
124,121,3911,3873,416,277
124,121,3912,3870,335,371
124,121,3912,3870,345,361
124,121,3912,3905,361,-345
124,121,3913,3868,296,402
124,121,3913,3872,441,236
124,121,3913,3908,500,0
124,121,3914,3863,353,353
124,121,3915,3867,257,429
124,121,3915,3867,267,421
124,121,3916,3868,224,447
124,121,3917,3866,353,353
124,121,3917,3869,224,447
124,121,3917,3871,246,435
124,121,3918,3867,179,466
124,121,3918,3869,212,451
124,121,3918,3871,224,447
124,121,3919,3868,156,474
124,121,3919,3871,203,457
124,121,3919,3905,212,-451
124,121,3919,3905,277,-416
124,121,3920,3833,386,271
124,121,3920,3847,421,150
124,121,3920,3868,121,484
124,121,3920,3869,156,474
124,121,3920,3870,144,478
124,121,3920,3870,167,470
124,121,3920,3871,167,470
124,121,3920,3904,167,-470
124,121,3921,3845,414,171
124,121,3921,3866,121,484
124,121,3921,3868,109,488
124,121,3921,3869,109,488
124,121,3921,3870,85,492
124,121,3921,3870,109,488
124,121,3921,3873,121,484
124,121,3921,3877,212,451
124,121,3921,3877,447,0
124,121,3922,3852,411,92
124,121,3922,3860,447,0
124,121,3922,3868,447,0
124,121,3922,3869,109,488
124,121,3922,3876,85,492
124,121,3922,3876,121,484
124,121,3922,3876,447,0
124,121,3922,3877,179,466
124,121,3922,3877,447,0
124,121,3922,3880,447,0
124,121,3923,3875,85,492
124,121,3923,3876,97,490
124,121,3923,3877,132,482
124,121,3923,3878,74,494
124,121,3924,3838,372,248
124,121,3924,3851,408,101
124,121,3924,3874,0,500
124,121,3924,3875,0,500
124,121,3924,3876,224,447
124,121,3924,3892,197,-105
124,121,3925,3860,421,0
124,121,3925,3869,419,-31
124,121,3925,3873,419,-31
124,121,3925,3876,421,0
124,121,3925,3878,419,-31
124,121,3925,3881,419,-31
124,121,3925,3887,417,50
124,121,3925,3888,419,41
124,121,3925,3889,287,0
124,121,3925,3889,419,31
124,121,3926,3883,173,324
124,121,3926,3886,414,72
124,121,3927,3912,342,0
124,121,3927,3912,395,0
124,121,3928,3884,381,104
124,121,3929,3844,151,37
124,121,3929,3850,371,132
124,121,3930,3836,319,274
124,121,3931,3835,157,94
124,121,3931,3853,177,44
124,121,3932,3885,366,-35
124,121,3932,3886,366,35
124,121,3932,3889,364,35
124,121,3933,3804,236,441
124,121,3933,3833,282,312
124,121,3933,3892,209,0
124,121,3933,3904,209,0
124,121,3934,3842,311,242
124,121,3936,3870,19,-392
124,121,3937,3837,257,299
124,121,3942,3883,276,0
124,121,3943,3840,203,304
124,121,3944,3883,-130,0
124,121,3946,3883,-104,0
124,121,3946,3884,21,-14
124,121,3947,3855,-233,-285
124,121,3947,3868,86,435
124,121,3949,3883,-84,-132
124,121,3949,3883,-9,-24
124,121,3949,3883,-7,-25
124,121,3949,3883,-1,-26
124,121,3949,3892,-250,-75
124,121,3950,3850,207,41
124,121,3950,3857,-218,89
124,121,3950,3883,52,0
124,121,3950,3891,-235,-12
124,121,3951,3855,-197,70
124,121,3951,3883,26,0
124,121,3951,3883,128,-90
124,121,3951,3883,181,-22
124,121,3952,3886,125,198
124,121,3952,3892,-162,302
124,121,3952,3892,0,0
124,121,3953,3883,-10,-51
124,121,3953,3883,112,-37
124,121,3954,3883,97,-40
124,121,3954,3889,-130,12
124,121,3955,3819,179,466
124,121,3955,3836,18,369
124,121,3956,3810,0,500
124,121,3956,3819,0,157
124,121,3956,3819,224,447
124,121,3956,3827,0,366
124,121,3956,3836,0,183
124,121,3956,3836,0,369
124,121,3956,3843,25,2
124,121,3956,3846,9,24
124,121,3956,3857,0,-104
124,121,3956,3858,28,-73
124,121,3956,3859,46,-22
124,121,3957,3846,-182,-258
124,121,3957,3858,199,-71
124,121,3959,3851,-1,-26
124,121,3959,3855,166,-237
124,121,3961,3851,-23,12
124,121,3961,3859,292,-121
124,121,3962,3858,416,277
124,121,3963,3856,187,-255
124,121,3996,3947,500,0
124,121,3998,3947,500,0
124,121,3999,3947,500,0
125,62,3940,1983,500,0
125,62,3940,1994,500,0
125,62,3940,2037,500,0
125,62,3940,2040,500,0
125,62,3942,1983,402,296
125,62,3942,1983,441,236
125,62,3943,1981,500,0
125,62,3944,1980,490,97
125,62,3944,1981,474,156
125,62,3944,1982,441,236
125,62,3944,1983,441,236
125,62,3945,2018,457,-126
125,62,3946,1980,490,97
125,62,3946,1982,441,236
125,62,3949,2015,473,0
125,62,3949,2023,473,0
125,62,3949,2027,473,0
125,62,3950,1978,179,466
125,62,3950,2020,447,0
125,62,3952,1992,441,236
125,62,3954,1995,362,54
125,62,3954,1995,447,0
125,62,3954,1995,496,60
125,62,3954,1997,447,-10
125,62,3954,1998,445,-33
125,62,3954,1998,447,-23
125,62,3954,1999,445,-43
125,62,3954,2000,445,-43
125,62,3954,2008,447,0
125,62,3954,2010,447,0
125,62,3954,2011,447,0
125,62,3954,2012,447,0
125,62,3954,2013,447,0
125,62,3954,2014,447,0
125,62,3954,2015,447,0
125,62,3954,2016,447,0
125,62,3954,2017,447,0
125,62,3954,2018,447,0
125,62,3954,2019,447,0
125,62,3954,2020,447,0
125,62,3954,2021,447,0
125,62,3954,2022,447,0
125,62,3954,2023,447,0
125,62,3954,2024,447,0
125,62,3954,2025,447,0
125,62,3954,2026,447,0
125,62,3954,2027,447,0
125,62,3955,2000,416,-62
125,62,3956,1988,0,500
125,62,3956,1988,121,484
125,62,3956,1999,419,-41
125,62,3956,2016,403,121
125,62,3956,2049,377,-239
125,62,3958,2001,414,-72
125,62,3958,2001,416,-62
125,62,3958,2002,412,-82
125,62,3958,2003,411,-92
125,62,3958,2027,421,0
125,62,3959,1995,301,0
125,62,3963,1998,366,-44
125,62,3964,2057,283,-346
125,62,3965,2057,283,-346
125,62,3965,2058,265,-360
125,62,3969,1995,183,0
125,62,3978,1995,0,0
125,62,3978,2036,-228,-69
125,62,3982,1995,20,-15
125,62,3983,2012,-231,123
125,62,3985,1995,-1,-26
125,62,3985,2021,-164,-172
125,62,3986,2018,-111,-269
125,62,3987,2009,35,98
125,62,3987,2027,164,87
125,62,3987,2029,60,-148
125,62,3987,2036,107,0
125,62,3988,2028,204,56
125,62,3988,2033,0,130
125,62,3988,2034,89,128
125,62,3988,2035,0,133
125,62,3988,2037,25,2
125,62,3988,2054,0,-209
125,62,3988,2056,0,-222
125,62,3989,2028,73,110
125,62,3989,2029,15,158
125,62,3989,2029,59,89
125,62,3989,2030,185,4
125,62,3989,2032,-9,185
125,62,3989,2032,23,237
125,62,3990,2028,96,92
125,62,3990,2031,-14,185
125,62,3991,2028,77,-70
125,62,3992,2036,-26,0
125,64,3940,2021,474,156
125,64,3940,2071,500,0
125,64,3940,2072,488,-109
125,64,3940,2074,466,-179
125,64,3940,2080,402,-296
125,64,3941,2070,500,0
125,64,3941,2076,435,-246
125,64,3942,2082,500,0
125,64,3944,2008,466,179
125,64,3944,2014,441,236
125,64,3944,2080,441,-236
125,64,3945,2014,441,236
125,64,3945,2023,470,167
125,64,3945,2048,423,212
125,64,3945,2082,500,-25
125,64,3947,2017,326,378
125,64,3949,2038,473,0
125,64,3949,2039,473,0
125,64,3953,2029,442,66
125,64,3953,2049,447,-10
125,64,3954,2037,447,0
125,64,3954,2038,447,0
125,64,3954,2040,447,0
125,64,3954,2041,447,0
125,64,3954,2042,447,0
125,64,3954,2043,447,0
125,64,3954,2044,447,0
125,64,3954,2045,447,0
125,64,3954,2046,447,0
125,64,3954,2047,447,0
125,64,3954,2048,447,0
125,64,3954,2049,447,0
125,64,3954,2050,447,0
125,64,3954,2051,447,0
125,64,3954,2052,447,0
125,64,3954,2053,447,0
125,64,3954,2054,447,0
125,64,3954,2055,447,-10
125,64,3954,2055,447,0
125,64,3954,2056,447,0
125,64,3956,2014,372,248
125,64,3956,2071,0,-275
125,64,3956,2076,0,-500
125,64,3957,2047,419,-31
125,64,3957,2050,419,-31
125,64,3957,2052,419,-31
125,64,3957,2061,412,82
125,64,3958,2030,414,72
125,64,3958,2030,416,62
125,64,3958,2031,416,62
125,64,3958,2062,414,72
125,64,3961,2016,343,241
125,64,3961,2060,382,95
125,64,3961,2061,382,95
125,64,3962,2012,319,274
125,64,3965,2016,305,250
125,64,3966,2009,266,325
125,64,3966,2020,301,211
125,64,3966,2053,-201,-400
125,64,3967,2017,279,240
125,64,3968,2020,291,226
125,64,3968,2067,151,-38
125,64,3969,2021,291,226
125,64,3971,2071,104,0
125,64,3975,2046,290,-14
125,64,3976,2001,-232,283
125,64,3976,2068,22,-13
125,64,3977,2023,-323,-115
125,64,3978,2029,-211,20
125,64,3978,2032,-62,310
125,64,3980,2032,-165,202
125,64,3980,2033,-165,202
125,64,3980,2038,256,137
125,64,3980,2068,-27,44
125,64,3982,2028,-134,163
125,64,3982,2032,-218,89
125,64,3986,2050,-155,-103
125,64,3988,2035,0,-212
125,64,3989,2027,-13,-264
125,64,3989,2033,133,-128
125,64,3989,2035,94,-50
125,64,3989,2035,130,-26
125,64,3990,2027,14,-290
125,64,3990,2035,117,-63
125,64,3990,2035,133,-7
125,64,3992,2028,-23,-12
125,64,3994,2035,115,-62
125,66,3939,2140,451,-212
125,66,3939,2141,447,-224
125,66,3940,2130,498,37
125,66,3940,2133,361,345
125,66,3940,2136,361,345
125,66,3940,2142,421,-267
125,66,3941,2134,287,408
125,66,3942,2146,361,-345
125,66,3946,2109,296,402
125,66,3946,2149,277,-416
125,66,3947,2107,267,421
125,66,3948,2108,224,447
125,66,3949,2107,191,462
125,66,3949,2107,224,447
125,66,3949,2112,287,408
125,66,3951,2107,167,470
125,66,3952,2107,121,484
125,66,3952,2108,121,484
125,66,3952,2109,156,474
125,66,3952,2109,167,470
125,66,3952,2110,167,470
125,66,3953,2109,132,482
125,66,3953,2111,144,478
125,66,3953,2117,212,451
125,66,3953,2136,378,-326
125,66,3955,2116,48,498
125,66,3956,2113,0,500
125,66,3956,2113,37,498
125,66,3956,2114,0,500
125,66,3956,2115,224,447
125,66,3956,2116,0,500
125,66,3956,2117,85,492
125,66,3956,2136,228,-152
125,66,3957,2130,412,-82
125,66,3958,2126,414,72
125,66,3961,2128,326,217
125,66,3961,2130,381,-105
125,66,3962,2132,104,0
125,66,3964,2129,364,35
125,66,3968,2128,335,66
125,66,3973,2124,-138,74
125,66,3976,2123,11,-23
125,66,3977,2123,236,0
125,66,3979,2132,0,0
125,66,3980,2123,0,-26
125,66,3982,2131,-235,-12
125,66,3983,2123,128,-90
125,66,3983,2123,181,-22
125,66,3984,2132,-239,106
125,66,3984,2132,0,0
125,66,3987,2127,-20,16
125,66,4081,2057,-70,467
