1,69,59,2164,-500,0
1,69,109,2228,-7,78
1,69,110,2228,114,126
1,69,111,2228,-128,89
1,69,116,2228,0,0
1,69,124,2220,-24,10
1,69,134,2216,-141,-67
1,69,137,2225,-416,-62
1,69,138,2225,-415,-72
1,69,140,2208,-109,488
1,69,140,2238,-144,-478
1,69,141,2223,-446,-43
1,69,141,2225,-442,-66
1,69,141,2239,-97,-490
1,69,141,2239,-74,-494
1,69,142,2246,-97,-490
1,69,146,2202,-203,457
1,69,147,2212,-386,316
1,69,148,2208,-361,345
1,69,149,2204,-60,496
1,69,150,2233,-361,-345
1,69,151,2206,-441,236
1,69,151,2207,-441,236
1,69,151,2212,-361,345
1,69,151,2241,-441,-236
1,69,152,2206,-441,236
1,69,152,2240,-378,-326
1,69,154,2211,-447,224
1,69,156,2213,-470,167
1,69,156,2235,-500,0
1,69,156,2240,-500,0
1,69,159,2214,-484,121
1,71,111,2283,-128,-90
1,71,131,2302,-340,-41
1,71,135,2303,-367,-36
1,71,135,2303,-209,10
1,71,139,2269,0,500
1,71,141,2283,-447,0
1,71,142,2283,-447,0
1,71,142,2290,-447,0
1,71,142,2294,-447,0
1,71,143,2273,-203,457
1,71,144,2273,-212,451
1,71,145,2300,-473,0
1,71,145,2305,-473,10
1,71,146,2267,-179,466
1,71,147,2265,-224,447
1,71,147,2276,-386,316
1,71,148,2266,-224,447
1,71,149,2305,-473,0
1,71,149,2306,-473,0
1,71,150,2281,-335,371
1,71,151,2267,-441,236
1,71,152,2272,-394,306
1,71,152,2272,-361,345
1,71,155,2274,-500,0
1,71,155,2282,-500,0
1,71,156,2274,-306,394
1,71,156,2275,-306,394
1,71,156,2278,-500,0
1,71,156,2280,-500,0
1,71,156,2280,-306,394
1,71,156,2282,-500,0
2,9,47,339,-68,79
2,9,51,330,-38,-71
2,9,52,351,0,-264
2,9,52,356,0,-316
2,9,52,359,0,-342
2,9,68,242,0,447
2,9,69,220,150,363
2,9,78,250,34,155
2,9,79,256,82,329
2,9,84,244,-500,0
2,9,90,244,-500,0
2,9,90,244,-498,37
2,9,91,235,-287,408
2,9,91,244,-500,0
2,9,93,230,-239,377
2,9,94,244,-500,0
2,9,95,228,-287,408
2,9,95,232,0,500
2,9,98,240,-484,121
2,9,99,230,-378,326
2,9,135,340,0,0
2,9,137,332,-74,110
2,9,137,340,23,-12
2,9,138,336,-200,-60
2,9,140,334,-183,-32
2,9,141,377,-224,-447
2,9,142,299,-10,-104
2,9,142,301,80,-66
2,9,142,302,80,66
2,9,142,307,80,196
2,9,143,304,-5,78
2,9,143,308,-58,116
2,9,143,308,-57,189
2,9,143,308,-51,6
2,9,143,308,-51,7
2,9,143,308,-33,70
2,9,144,308,2,104
2,9,145,308,78,5
2,9,146,308,21,13
2,9,146,386,-224,-447
2,9,147,308,1,26
2,9,147,356,-142,-283
2,9,148,346,-250,-141
2,9,149,308,-210,75
2,9,149,347,-210,-155
2,9,152,361,-100,-212
2,9,157,308,-25,-5
2,9,157,352,-258,-299
2,9,157,356,-112,-144
2,9,160,351,-194,-176
2,9,163,354,-304,-291
2,9,164,356,-242,-154
2,9,165,299,-104,0
2,9,165,313,-157,0
2,9,167,319,-394,38
2,9,167,347,-372,-199
2,9,167,357,-332,-300
2,9,168,356,-346,-283
2,9,169,304,-416,-62
2,9,169,304,-198,-369
2,9,169,305,-416,-62
2,9,169,305,-415,-72
2,9,169,307,-411,-92
2,9,169,337,-416,-62
2,9,170,301,-419,-31
2,9,170,304,-418,-51
2,9,170,305,-415,-72
2,9,170,320,-419,41
2,9,170,321,-421,21
2,9,171,285,0,500
2,9,171,286,0,500
2,9,171,297,-395,19
2,9,171,298,-200,126
2,9,171,317,-418,50
2,9,171,318,0,-471
2,9,171,320,0,-500
2,9,171,321,0,-500
2,9,171,322,0,-500
2,9,171,323,-167,-470
2,9,171,327,-419,-41
2,9,172,288,-109,488
2,9,172,318,-144,-478
2,9,172,318,-74,-494
2,9,172,319,-121,-484
2,9,172,320,-121,-484
2,9,173,285,-447,0
2,9,173,299,-447,0
2,9,173,300,-447,0
2,9,173,302,-447,-23
2,9,173,303,-447,0
2,9,173,303,-446,-43
2,9,173,304,-442,-66
2,9,173,305,-442,-66
2,9,173,307,-447,0
2,9,173,313,-447,0
2,9,173,316,-447,0
2,9,173,319,-447,0
2,9,173,319,-97,-490
2,9,173,319,-74,-494
2,9,173,320,-447,0
2,9,173,321,-447,0
2,9,173,322,-447,0
2,9,173,322,-85,-492
2,9,173,322,-60,-496
2,9,173,323,-447,0
2,9,173,324,-447,0
2,9,173,324,-444,0
2,9,173,331,-447,0
2,9,173,358,-374,-290
2,9,174,295,-306,394
2,9,174,299,-447,0
2,9,174,300,-447,0
2,9,174,303,-447,0
2,9,174,306,-442,-66
2,9,174,319,-121,-484
2,9,174,320,-121,-484
2,9,174,321,-85,-492
2,9,174,322,-109,-488
2,9,174,325,-121,-484
2,9,174,331,-447,0
2,9,175,283,-121,484
2,9,175,285,-132,482
2,9,175,288,-191,462
2,9,175,322,-132,-482
2,9,175,326,-121,-484
2,9,175,327,-132,-482
2,9,175,327,-109,-488
2,9,176,285,-167,470
2,9,176,326,-132,-482
2,9,177,282,-179,466
2,9,177,299,-473,0
2,9,177,324,-473,0
2,9,179,284,-224,447
2,9,179,285,-267,421
2,9,179,292,-386,316
2,9,180,282,-224,447
2,9,180,322,-287,-408
2,9,181,297,-484,121
2,9,181,312,-361,-345
2,9,183,286,-441,236
2,9,183,287,-441,236
2,9,183,320,-441,-236
2,9,183,321,-441,-236
2,9,183,323,-490,-97
2,9,184,316,-290,-374
2,9,184,319,-378,-326
2,9,184,319,-361,-345
2,9,184,320,-378,-326
2,9,185,284,-345,361
2,9,185,286,-371,335
2,9,185,290,-421,267
2,9,186,286,-378,326
2,9,186,292,-466,179
2,9,186,317,-335,-371
2,9,187,287,-421,267
2,9,187,289,-435,246
2,9,187,295,-482,132
2,9,187,310,-306,-394
2,9,187,312,-287,-408
2,9,188,290,-500,0
2,9,188,291,-500,0
2,9,188,295,-500,0
2,9,188,296,-500,0
2,9,188,298,-500,0
2,9,188,309,-287,-408
2,9,188,310,-500,0
2,9,188,314,-287,-408
2,9,188,315,-500,0
2,9,188,316,-500,0
2,9,188,317,-500,0
2,9,188,317,-287,-408
2,9,188,319,-287,-408
2,9,188,320,-287,-408
2,9,189,291,-466,179
2,11,51,426,21,-421
2,11,51,430,22,-447
2,11,52,309,0,421
2,11,52,426,21,-421
2,11,52,429,0,-447
2,11,52,430,0,-447
2,11,136,399,-51,229
2,11,138,332,13,-264
2,11,139,396,0,52
2,11,140,372,-53,177
2,11,141,372,-121,103
2,11,142,363,0,0
2,11,143,363,-33,-71
2,11,143,372,-33,70
2,11,143,372,0,0
2,11,144,410,-151,-144
2,11,148,372,-167,130
2,11,149,364,-223,-141
2,11,151,372,-21,14
2,11,151,430,-150,-421
2,11,152,372,-300,0
2,11,153,363,-20,-16
2,11,153,372,0,0
2,11,155,363,-26,0
2,11,157,357,-113,-108
2,11,157,387,-212,0
2,11,158,320,-203,203
2,11,159,332,-407,111
2,11,159,361,-235,0
2,11,160,310,-165,234
2,11,160,419,-275,-319
2,11,160,422,-281,-344
2,11,161,314,-283,312
2,11,161,355,-369,0
2,11,161,362,-369,0
2,11,161,369,-379,37
2,11,161,377,-369,0
2,11,161,383,-369,0
2,11,162,424,-274,-353
2,11,163,315,-298,297
2,11,163,382,-183,0
2,11,164,427,-242,-312
2,11,165,331,-378,114
2,11,165,335,-154,26
2,11,165,353,-157,0
2,11,165,357,-157,0
2,11,165,367,-389,67
2,11,165,372,-157,0
2,11,165,376,-157,0
2,11,165,380,-395,0
2,11,165,412,-355,-225
2,11,166,332,-383,95
2,11,166,332,-378,114
2,11,166,372,-104,0
2,11,166,381,-189,89
2,11,167,352,-394,-29
2,11,167,384,-395,0
2,11,168,358,-9,-178
2,11,169,364,-411,92
2,11,169,366,-415,72
2,11,169,369,-416,-62
2,11,169,369,-111,-208
2,11,169,372,-157,0
2,11,170,351,-419,-31
2,11,170,366,-415,72
2,11,170,372,-196,-10
2,11,170,386,-421,21
2,11,171,349,-121,484
2,11,171,350,0,500
2,11,171,351,0,500
2,11,171,372,0,-183
2,11,171,375,-394,-29
2,11,171,375,0,-392
2,11,171,381,-191,-462
2,11,171,383,0,-500
2,11,171,386,0,-500
2,11,172,356,-256,-51
2,11,172,362,-229,229
2,11,172,366,-442,66
2,11,173,337,-447,22
2,11,173,340,-447,0
2,11,173,344,-447,0
2,11,173,349,-447,0
2,11,173,350,-447,0
2,11,173,351,-447,0
2,11,173,351,-97,490
2,11,173,352,-447,0
2,11,173,356,-447,0
2,11,173,360,-447,0
2,11,173,363,-447,0
2,11,173,364,-447,0
2,11,173,365,-447,0
2,11,173,366,-447,0
2,11,173,367,-447,0
2,11,173,367,-446,-43
2,11,173,368,-446,-43
2,11,173,368,-442,-66
2,11,173,370,-447,0
2,11,173,371,-447,0
2,11,173,372,-447,0
2,11,173,374,-447,0
2,11,173,375,-447,0
2,11,173,376,-447,0
2,11,173,377,-442,-66
2,11,173,378,-447,10
2,11,173,380,-447,0
2,11,173,382,-447,0
2,11,173,383,-447,0
2,11,173,384,-447,0
2,11,173,385,-447,0
2,11,173,386,-447,0
2,11,173,387,-447,0
2,11,174,350,-447,0
2,11,174,351,-447,0
2,11,174,352,-447,0
2,11,174,361,-447,0
2,11,174,363,-447,0
2,11,174,365,-439,87
2,11,174,370,-447,10
2,11,174,371,-447,0
2,11,174,372,-447,0
2,11,174,372,-208,-112
2,11,174,376,-267,-421
2,11,174,382,-447,0
2,11,174,386,-447,0
2,11,174,387,-447,0
2,11,175,345,-121,484
2,11,175,348,-121,484
2,11,175,353,-203,457
2,11,175,376,-361,-345
2,11,176,349,-156,474
2,11,177,364,-473,0
2,11,177,380,-473,0
2,11,177,384,-473,0
2,11,177,385,-473,0
2,11,178,369,-299,-258
2,11,179,356,-386,316
2,11,180,346,-224,447
2,11,181,376,-500,0
2,11,181,386,-472,-46
2,11,181,387,-473,0
2,11,181,388,-473,0
2,11,182,349,-378,326
2,11,182,360,-492,85
2,11,183,347,-148,449
2,11,183,348,-441,236
2,11,183,350,-441,236
2,11,183,384,-441,-236
2,11,184,351,-378,326
2,11,184,352,-361,345
2,11,185,386,-500,0
2,11,185,386,-345,-361
2,11,186,377,-474,-156
2,11,186,380,-500,0
2,11,186,385,-500,0
2,11,187,374,-500,0
2,11,187,376,-500,0
2,11,187,377,-500,0
2,11,187,378,-478,-144
2,11,187,378,-470,-167
2,11,187,380,-500,0
2,11,187,381,-500,0
2,11,187,382,-435,-246
2,11,188,354,-500,0
2,11,188,355,-500,0
2,11,188,355,-306,394
2,11,188,356,-500,0
2,11,188,357,-500,0
2,11,188,357,-306,394
2,11,188,358,-500,0
2,11,188,359,-500,0
2,11,188,359,-306,394
2,11,188,360,-500,0
2,11,188,360,-306,394
2,11,188,362,-500,0
2,11,188,373,-500,0
2,11,188,376,-500,0
2,11,188,377,-500,0
2,11,188,378,-478,-144
2,11,188,380,-500,0
2,11,188,380,-488,-109
2,11,188,383,-500,0
2,11,188,383,-429,-257
2,11,189,375,-236,-441
2,11,189,379,-466,-179
2,11,189,380,-462,-191
2,11,189,386,-497,-11
2,11,190,380,-462,-191
2,11,200,378,-500,0
2,13,42,492,129,-428
2,13,52,373,0,421
2,13,67,487,233,-350
2,13,68,497,0,-473
2,13,75,514,132,-482
2,13,76,510,132,-482
2,13,82,483,128,-165
2,13,84,475,0,-354
2,13,84,487,0,-130
2,13,84,511,-48,-498
2,13,89,507,-167,-470
2,13,89,509,-132,-482
2,13,91,498,-345,-361
2,13,91,507,-212,-451
2,13,94,508,-267,-421
2,13,95,503,-345,-361
2,13,95,507,-287,-408
2,13,97,505,-335,-351
2,13,97,506,-345,-361
2,13,98,505,-371,-335
2,13,98,505,-361,-345
2,13,98,505,-345,-361
2,13,98,506,-345,-361
2,13,101,503,-408,-287
2,13,131,395,0,0
2,13,131,395,26,1
2,13,131,395,203,-276
2,13,133,395,94,-44
2,13,134,401,-134,-128
2,13,135,395,23,11
2,13,136,395,23,11
2,13,136,395,92,-49
2,13,137,395,130,0
2,13,138,370,17,342
2,13,138,395,-25,6
2,13,138,395,171,0
2,13,139,357,0,500
2,13,139,366,0,473
2,13,139,373,-82,249
2,13,139,385,0,26
2,13,139,387,-26,2
2,13,139,395,-95,42
2,13,140,394,-25,5
2,13,140,405,89,59
2,13,144,348,-74,494
2,13,144,436,107,325
2,13,145,382,-139,313
2,13,146,393,-208,41
2,13,146,435,-211,20
2,13,146,492,-98,-437
2,13,147,377,-316,386
2,13,147,377,-296,402
2,13,148,391,-241,107
2,13,148,434,-335,75
2,13,148,492,-129,-428
2,13,149,436,-342,7
2,13,149,436,-104,0
2,13,150,390,-244,101
2,13,150,392,-212,0
2,13,152,389,-309,145
2,13,152,400,299,-366
2,13,154,487,-371,-335
2,13,155,387,-260,122
2,13,156,379,-135,192
2,13,157,387,-233,210
2,13,159,484,-266,-326
2,13,160,384,-293,265
2,13,163,382,-155,140
2,13,164,437,-182,-17
2,13,165,374,-300,332
2,13,165,436,-157,0
2,13,165,469,-372,-132
2,13,166,390,-377,189
2,13,166,417,-395,-9
2,13,166,429,-383,95
2,13,166,436,-355,225
2,13,166,436,-157,0
2,13,168,379,-346,283
2,13,168,394,-403,121
2,13,168,410,-421,150
2,13,169,377,-339,291
2,13,169,378,-346,283
2,13,169,430,-415,72
2,13,169,432,-198,-369
2,13,170,406,-419,-31
2,13,170,415,-419,-31
2,13,170,416,-419,-31
2,13,170,417,-419,-31
2,13,170,418,-419,-31
2,13,170,419,-419,-31
2,13,170,420,-419,-31
2,13,170,421,-419,-31
2,13,170,422,-419,-31
2,13,170,423,-419,-31
2,13,170,424,-419,-31
2,13,170,425,-419,-31
2,13,170,426,-419,-31
2,13,170,427,-419,-31
2,13,170,428,-411,92
2,13,171,383,-384,230
2,13,171,412,0,500
2,13,171,413,0,500
2,13,171,414,0,459
2,13,171,414,0,500
2,13,171,415,0,500
2,13,171,416,-418,50
2,13,171,416,0,459
2,13,171,416,0,500
2,13,171,417,0,433
2,13,171,418,-85,492
2,13,171,419,-85,492
2,13,171,427,-419,-41
2,13,171,427,-379,28
2,13,171,437,0,-392
2,13,171,440,0,-459
2,13,172,394,-432,118
2,13,172,413,-60,496
2,13,172,413,-37,498
2,13,172,415,-37,498
2,13,172,418,-132,482
2,13,172,418,-109,488
2,13,173,404,-447,0
2,13,173,414,-447,0
2,13,173,414,-85,492
2,13,173,415,-447,0
2,13,173,415,-97,490
2,13,173,416,-97,490
2,13,173,417,-74,494
2,13,173,419,-447,0
2,13,173,424,-447,-23
2,13,173,424,-447,0
2,13,173,425,-447,0
2,13,173,426,-447,0
2,13,173,427,-447,0
2,13,173,432,-444,53
2,13,174,391,-425,139
2,13,174,409,-447,0
2,13,174,410,-121,484
2,13,174,411,-97,490
2,13,174,412,-132,482
2,13,174,412,-109,488
2,13,174,413,-109,488
2,13,174,413,-85,492
2,13,174,416,-167,470
2,13,174,416,-121,484
2,13,174,416,-97,490
2,13,174,417,-132,482
2,13,174,418,-447,0
2,13,174,423,-447,0
2,13,174,429,-442,66
2,13,174,435,-447,0
2,13,174,436,-447,0
2,13,174,440,-335,-371
2,13,174,441,-246,-435
2,13,175,379,-400,253
2,13,175,379,-394,262
2,13,175,409,-132,482
2,13,175,410,-132,482
2,13,175,410,-121,484
2,13,175,412,-121,484
2,13,175,413,-144,478
2,13,175,416,-191,462
2,13,175,417,-203,457
2,13,175,421,-316,386
2,13,175,422,-287,408
2,13,175,440,-335,-371
2,13,176,410,-132,482
2,13,176,416,-212,451
2,13,176,424,-500,0
2,13,176,452,-469,34
2,13,177,404,-335,371
2,13,177,408,-167,470
2,13,177,410,-179,466
2,13,177,419,-473,0
2,13,177,445,-224,-353
2,13,178,411,-191,462
2,13,178,419,-361,345
2,13,179,411,-224,447
2,13,179,412,-224,447
2,13,179,419,-361,345
2,13,179,420,-386,316
2,13,180,380,-444,0
2,13,180,410,-257,429
2,13,180,411,-267,421
2,13,180,411,-236,441
2,13,180,422,-429,257
2,13,180,439,-482,-132
2,13,181,404,-473,0
2,13,181,410,-257,429
2,13,181,413,-296,402
2,13,182,412,-277,416
2,13,182,414,-345,361
2,13,182,415,-361,345
2,13,182,416,-361,345
2,13,182,426,-466,81
2,13,183,380,-441,236
2,13,183,382,-441,236
2,13,183,383,-444,0
2,13,183,383,-441,236
2,13,183,414,-345,361
2,13,184,413,-361,345
2,13,184,415,-378,326
2,13,184,416,-408,287
2,13,184,416,-402,296
2,13,184,416,-394,306
2,13,184,416,-378,326
2,13,184,451,-345,-361
2,13,184,451,-326,-378
2,13,185,387,-500,0
2,13,185,413,-361,345
2,13,185,414,-378,326
2,13,185,417,-416,277
2,13,185,417,-408,287
2,13,185,443,-457,-203
2,13,185,450,-371,-335
2,13,185,450,-345,-361
2,13,186,404,-500,0
2,13,186,410,-500,0
2,13,186,413,-361,345
2,13,186,416,-451,-212
2,13,186,416,-408,287
2,13,186,417,-416,277
2,13,186,419,-447,224
2,13,186,421,-466,179
2,13,186,443,-457,-203
2,13,187,415,-402,296
2,13,187,416,-416,277
2,13,187,421,-470,167
2,13,187,445,-441,-236
2,13,187,446,-421,-267
2,13,188,387,-500,0
2,13,188,387,-492,85
2,13,188,390,-484,121
2,13,188,416,-435,246
2,13,188,416,-429,257
2,13,188,416,-421,267
2,13,188,416,-306,394
2,13,188,417,-435,246
2,13,188,417,-429,257
2,13,188,417,-306,394
2,13,188,418,-306,394
2,13,188,419,-457,203
2,13,188,420,-306,394
2,13,188,422,-306,394
2,13,188,424,-361,345
2,13,188,424,-306,394
2,13,188,440,-490,-97
2,13,188,446,-405,-242
2,13,189,424,-496,60
2,13,189,440,-490,-97
2,13,189,441,-482,-132
2,13,190,389,-500,0
2,13,191,392,-500,0
2,13,191,425,-498,37
2,13,191,441,-484,-121
2,13,195,431,-494,74
2,41,85,1284,3,25
2,41,124,1244,0,366
2,41,124,1266,0,447
2,41,124,1270,0,407
2,41,124,1274,0,380
2,41,124,1280,0,342
2,41,125,1271,-20,395
2,41,126,1264,-30,312
2,41,128,1248,-103,459
2,41,138,1281,-23,12
2,41,139,1266,0,447
2,41,139,1275,0,183
2,41,139,1277,-43,28
2,41,139,1284,-12,-23
2,41,139,1291,0,0
2,41,139,1359,0,209
2,41,140,1276,-18,366
2,41,140,1277,-21,47
2,41,140,1282,0,0
2,41,141,1278,-11,77
2,41,141,1301,-48,392
2,41,141,1304,117,220
2,41,141,1355,39,96
2,41,142,1306,82,101
2,41,142,1314,228,-219
2,41,142,1316,208,-180
2,41,144,1317,210,-133
2,41,145,1297,-191,90
2,41,145,1315,294,-66
2,41,146,1253,32,444
2,41,146,1254,36,496
2,41,146,1273,-69,278
2,41,147,1252,0,500
2,41,147,1254,0,445
2,41,147,1273,63,283
2,41,147,1290,-72,361
2,41,147,1297,0,223
2,41,147,1297,26,221
2,41,147,1299,0,197
2,41,148,1256,-211,232
2,41,148,1272,-248,336
2,41,149,1310,369,18
2,41,151,1254,-203,457
2,41,151,1259,-137,453
2,41,151,1312,207,198
2,41,151,1332,-149,-419
2,41,151,1340,-91,-300
2,41,152,1294,-269,110
2,41,154,1299,-201,127
2,41,155,1292,75,-72
2,41,157,1267,-494,-74
2,41,157,1287,-271,171
2,41,160,1287,-441,236
2,41,160,1316,-17,51
2,41,162,1269,-498,-37
2,41,162,1270,-498,-37
2,41,164,1284,-354,0
2,41,166,1269,-500,-25
2,41,166,1271,-500,0
2,41,166,1292,-381,104
2,41,167,1272,-500,-25
2,41,167,1273,-500,-25
2,41,167,1317,-345,361
2,41,168,1271,-500,-25
2,41,168,1274,-239,277
2,41,169,1258,-335,371
2,41,169,1272,-500,0
2,41,169,1285,-498,-48
2,41,170,1284,-302,0
2,41,170,1291,-407,111
2,41,171,1260,-361,345
2,41,171,1273,-497,0
2,41,172,1282,-311,37
2,41,173,1283,-495,48
2,41,174,1266,-353,353
2,41,175,1340,-217,-123
2,41,175,1361,-418,-224
2,41,176,1277,-471,0
2,41,176,1282,-469,34
2,41,177,1306,-353,353
2,41,177,1347,-473,0
2,41,178,1271,-406,285
2,41,179,1265,-371,335
2,41,179,1275,-335,371
2,41,179,1300,-335,371
2,41,180,1340,-478,-144
2,41,181,1276,-353,353
2,41,181,1279,-353,353
2,41,181,1281,-444,0
2,41,181,1282,-444,10
2,41,181,1301,-353,353
2,41,182,1268,-384,270
2,41,182,1270,-405,242
2,41,183,1266,-384,270
2,41,183,1268,-397,251
2,41,183,1269,-405,242
2,41,183,1271,-335,371
2,41,183,1281,-444,-10
2,41,183,1282,-443,43
2,41,183,1283,-497,0
2,41,184,1268,-397,251
2,41,184,1268,-392,260
2,41,184,1293,-351,351
2,41,184,1364,-500,0
2,41,185,1269,-429,257
2,41,185,1271,-359,343
2,41,185,1271,-351,351
2,41,185,1272,-351,351
2,41,185,1273,-359,343
2,41,185,1273,-351,351
2,41,185,1273,-344,358
2,41,185,1274,-359,343
2,41,185,1274,-351,351
2,41,185,1275,-359,343
2,41,185,1275,-351,351
2,41,185,1276,-359,343
2,41,185,1276,-351,351
2,41,185,1277,-359,343
2,41,185,1277,-351,351
2,41,185,1278,-359,343
2,41,185,1278,-351,351
2,41,185,1279,-359,343
2,41,185,1279,-351,351
2,41,185,1280,-465,69
2,41,185,1280,-418,0
2,41,185,1280,-359,343
2,41,185,1280,-351,351
2,41,185,1281,-359,343
2,41,185,1281,-351,351
2,41,185,1282,-418,0
2,41,185,1282,-418,21
2,41,185,1282,-359,343
2,41,185,1282,-351,351
2,41,185,1283,-471,10
2,41,185,1283,-418,9
2,41,185,1283,-359,343
2,41,185,1283,-351,351
2,41,185,1284,-418,0
2,41,185,1284,-359,343
2,41,185,1284,-351,351
2,41,185,1285,-359,343
2,41,185,1285,-351,351
2,41,185,1286,-359,343
2,41,185,1286,-351,351
2,41,185,1287,-359,343
2,41,185,1287,-351,351
2,41,185,1288,-359,343
2,41,185,1288,-351,351
2,41,185,1289,-359,343
2,41,185,1289,-351,351
2,41,185,1290,-359,343
2,41,185,1290,-351,351
2,41,185,1292,-359,343
2,41,185,1292,-351,351
2,41,185,1293,-353,353
2,41,185,1293,-351,351
2,41,185,1294,-359,343
2,41,185,1294,-351,351
2,41,185,1295,-359,343
2,41,185,1295,-351,351
2,41,185,1296,-359,343
2,41,185,1296,-351,351
2,41,185,1296,-344,358
2,41,185,1297,-359,343
2,41,185,1297,-351,351
2,41,185,1298,-359,343
2,41,185,1298,-351,351
2,41,185,1300,-351,351
2,41,185,1301,-351,351
2,41,186,1267,-344,358
2,41,186,1270,-344,358
2,41,186,1272,-353,353
2,41,186,1274,-359,343
2,41,186,1275,-359,343
2,41,186,1278,-378,326
2,41,186,1278,-359,343
2,41,186,1279,-371,335
2,41,186,1283,-500,11
2,41,186,1283,-444,0
2,41,186,1284,-500,0
2,41,186,1284,-418,0
2,41,186,1284,-359,343
2,41,186,1285,-418,0
2,41,186,1285,-378,326
2,41,186,1288,-378,326
2,41,186,1292,-359,343
2,41,186,1294,-359,343
2,41,186,1296,-361,345
2,41,186,1297,-378,326
2,41,186,1297,-359,343
2,41,187,1281,-418,21
2,41,187,1281,-417,30
2,41,187,1282,-417,30
2,41,187,1283,-483,11
2,41,187,1283,-444,10
2,41,187,1283,-359,343
2,41,187,1284,-500,0
2,41,187,1284,-451,0
2,41,187,1285,-418,-21
2,41,187,1286,-418,0
2,41,188,1272,-340,325
2,41,188,1272,-333,332
2,41,188,1276,-340,325
2,41,188,1277,-340,325
2,41,188,1278,-340,325
2,41,188,1279,-340,325
2,41,188,1280,-340,325
2,41,188,1281,-340,325
2,41,188,1282,-340,325
2,41,188,1283,-500,25
2,41,188,1283,-418,9
2,41,188,1283,-340,325
2,41,188,1284,-500,0
2,41,188,1284,-447,0
2,41,188,1284,-392,0
2,41,188,1284,-340,325
2,41,188,1285,-340,325
2,41,188,1286,-340,325
2,41,188,1287,-340,325
2,41,188,1289,-340,325
2,41,188,1290,-340,325
2,41,188,1291,-340,325
2,41,188,1292,-340,325
2,41,188,1293,-340,325
2,41,188,1294,-340,325
2,41,188,1294,-333,332
2,41,188,1297,-340,325
2,41,189,1276,-488,109
2,41,189,1281,-392,8
2,41,189,1283,-500,0
2,41,189,1283,-500,25
2,41,189,1284,-500,0
2,41,189,1286,-418,-10
2,41,189,1340,-500,0
2,41,190,1274,-371,335
2,41,190,1278,-468,70
2,41,190,1281,-371,335
2,41,190,1284,-440,0
2,41,190,1284,-392,0
2,41,190,1284,-371,335
2,41,190,1285,-371,335
2,41,190,1290,-371,335
2,41,190,1293,-371,335
2,41,190,1294,-371,335
2,41,190,1296,-371,335
2,41,199,1340,-500,0
2,42,121,1301,41,419
2,42,128,1298,361,345
2,42,129,1271,167,470
2,42,130,1275,167,470
2,42,131,1271,132,482
2,42,131,1274,106,322
2,42,132,1273,132,482
2,42,132,1273,144,478
2,42,132,1277,105,350
2,42,132,1278,114,347
2,42,136,1275,60,496
2,42,136,1300,17,234
2,42,139,1272,0,500
2,42,140,1280,-224,447
2,42,140,1281,-203,457
2,42,140,1281,-179,466
2,42,141,1341,176,-117
2,42,141,1342,141,-148
2,42,142,1349,144,-185
2,42,143,1345,22,75
2,42,144,1271,-212,451
2,42,144,1272,-203,457
2,42,145,1272,-60,496
2,42,145,1273,-167,470
2,42,145,1307,-60,496
2,42,145,1313,-74,494
2,42,145,1318,-108,433
2,42,145,1323,-70,467
2,42,146,1271,-74,494
2,42,146,1309,-96,382
2,42,146,1318,-102,408
2,42,146,1319,-108,433
2,42,147,1314,-108,433
2,42,147,1323,-82,412
2,42,148,1274,-121,484
2,42,148,1276,-121,400
2,42,148,1301,-108,433
2,42,148,1309,-114,458
2,42,148,1329,-119,431
2,42,148,1329,-108,433
2,42,149,1326,-126,457
2,42,149,1328,-119,431
2,42,149,1364,-26,-3
2,42,149,1364,7,25
2,42,150,1292,-132,482
2,42,150,1300,-121,484
2,42,150,1301,-121,484
2,42,150,1311,-129,428
2,42,150,1336,-69,347
2,42,151,1295,-109,488
2,42,151,1301,-132,482
2,42,151,1307,-148,449
2,42,151,1310,-148,449
2,42,151,1352,-342,0
2,42,151,1364,337,58
2,42,152,1287,-132,482
2,42,152,1290,-277,416
2,42,152,1351,433,108
2,42,153,1291,-277,416
2,42,153,1302,-156,474
2,42,153,1302,-128,425
2,42,153,1304,-156,474
2,42,154,1297,-156,474
2,42,154,1302,-156,474
2,42,154,1338,381,104
2,42,154,1364,-24,-10
2,42,155,1292,-144,478
2,42,155,1326,0,500
2,42,155,1343,-75,72
2,42,155,1364,369,0
2,42,156,1287,-441,236
2,42,156,1296,-48,498
2,42,156,1301,-306,394
2,42,156,1342,-234,317
2,42,156,1343,-96,123
2,42,156,1355,104,271
2,42,157,1306,-11,500
2,42,158,1324,-172,200
2,42,158,1325,-172,200
2,42,158,1335,-257,365
2,42,158,1339,-266,325
2,42,158,1340,478,-144
2,42,158,1364,-64,-45
2,42,158,1364,-52,0
2,42,158,1364,-26,0
2,42,159,1337,-258,332
2,42,159,1340,-35,38
2,42,159,1344,-195,215
2,42,159,1360,175,-263
2,42,159,1364,-50,-16
2,42,159,1364,-25,-8
2,42,159,1364,-21,-14
2,42,160,1284,-478,144
2,42,160,1284,-451,212
2,42,160,1323,-195,215
2,42,160,1340,-23,12
2,42,160,1348,-248,273
2,42,160,1353,-131,-317
2,42,160,1355,339,291
2,42,160,1359,175,-263
2,42,160,1364,-51,-10
2,42,160,1364,-50,-15
2,42,160,1364,-25,-5
2,42,161,1342,-219,228
2,42,161,1358,151,393
2,42,161,1364,-130,0
2,42,161,1364,-101,-28
2,42,161,1364,-52,0
2,42,161,1364,-25,-5
2,42,162,1321,-212,234
2,42,162,1355,108,433
2,42,162,1364,-52,0
2,42,163,1327,-345,361
2,42,163,1335,-309,358
2,42,164,1328,-272,386
2,42,164,1329,-281,381
2,42,165,1326,-287,408
2,42,165,1328,-281,381
2,42,165,1329,-290,373
2,42,165,1364,-78,0
2,42,166,1357,-383,95
2,42,167,1321,-361,345
2,42,167,1322,-361,345
2,42,167,1323,-361,345
2,42,167,1326,-361,345
2,42,167,1327,-345,361
2,42,167,1353,-395,-9
2,42,168,1350,-394,-29
2,42,169,1339,-345,361
2,42,169,1340,-130,9
2,42,170,1350,-419,-41
2,42,170,1351,-407,111
2,42,170,1355,-407,111
2,42,170,1364,-421,0
2,42,171,1322,-345,361
2,42,171,1351,-407,111
2,42,172,1323,-287,408
2,42,172,1348,-421,0
2,42,173,1348,-447,0
2,42,173,1364,-447,0
2,42,174,1316,-353,353
2,42,174,1319,-353,353
2,42,174,1323,-353,353
2,42,174,1324,-353,353
2,42,175,1315,-353,353
2,42,175,1316,-371,335
2,42,175,1324,-353,353
2,42,175,1355,-439,87
2,42,176,1327,-361,345
2,42,176,1352,-148,449
2,42,177,1349,-473,-11
2,42,177,1364,-473,0
2,42,178,1310,-353,353
2,42,178,1311,-353,353
2,42,178,1312,-353,353
2,42,178,1313,-353,353
2,42,178,1320,-361,345
2,42,178,1340,-345,361
2,42,178,1364,-261,0
2,42,179,1312,-287,408
2,42,179,1341,-345,361
2,42,180,1346,-316,386
2,42,180,1347,-500,0
2,42,180,1347,-492,-85
2,42,180,1347,-335,371
2,42,180,1347,-148,449
2,42,180,1364,-500,0
2,42,180,1364,-488,109
2,42,181,1307,-353,353
2,42,181,1310,-353,353
2,42,181,1311,-287,408
2,42,181,1319,-353,353
2,42,181,1321,-353,353
2,42,181,1328,-345,361
2,42,181,1346,-335,371
2,42,181,1347,-335,371
2,42,181,1347,-148,449
2,42,182,1308,-287,408
2,42,182,1309,-378,326
2,42,182,1317,-353,353
2,42,183,1347,-500,0
2,42,183,1350,-488,109
2,42,185,1302,-359,343
2,42,185,1302,-351,351
2,42,185,1303,-351,351
2,42,185,1304,-359,343
2,42,185,1304,-351,351
2,42,185,1305,-359,343
2,42,185,1305,-351,351
2,42,185,1306,-359,343
2,42,185,1306,-351,351
2,42,185,1307,-359,343
2,42,185,1307,-351,351
2,42,185,1308,-359,343
2,42,185,1308,-351,351
2,42,185,1309,-359,343
2,42,185,1309,-351,351
2,42,185,1310,-351,351
2,42,185,1311,-359,343
2,42,185,1311,-351,351
2,42,185,1312,-351,351
2,42,185,1313,-359,343
2,42,185,1313,-351,351
2,42,185,1314,-359,343
2,42,185,1314,-351,351
2,42,185,1314,-334,368
2,42,185,1315,-359,343
2,42,185,1315,-334,368
2,42,185,1316,-359,343
2,42,185,1316,-351,351
2,42,185,1317,-359,343
2,42,185,1317,-351,351
2,42,185,1349,-498,-37
2,42,186,1302,-359,343
2,42,186,1317,-359,343
2,42,186,1321,-378,326
2,42,187,1317,-386,316
2,42,187,1317,-369,333
2,42,187,1317,-359,343
2,42,188,1300,-340,325
2,42,188,1303,-340,325
2,42,188,1308,-340,325
2,42,188,1310,-340,325
2,42,188,1311,-340,325
2,42,188,1312,-340,325
2,42,188,1313,-340,325
2,42,188,1314,-340,325
2,42,188,1314,-333,332
2,42,188,1316,-386,316
2,42,188,1322,-394,306
2,42,189,1317,-490,97
2,42,189,1341,-500,0
2,42,189,1348,-500,0
2,42,190,1301,-371,335
2,42,190,1302,-371,335
2,42,190,1303,-371,335
2,42,190,1304,-371,335
2,42,190,1307,-371,335
2,42,190,1315,-378,326
2,42,190,1317,-378,326
2,42,190,1322,-408,287
2,42,191,1319,-394,306
2,42,191,1357,-490,97
2,42,191,1357,-484,121
2,42,195,1356,-490,97
2,42,196,1355,-488,109
2,42,199,1340,-500,0
2,42,199,1341,-500,0
2,42,199,1348,-500,0
2,42,200,1350,-498,-37
2,68,132,2224,-123,319
2,68,132,2228,-150,-279
2,68,132,2228,9,77
2,68,135,2228,153,242
2,68,136,2222,-233,350
2,68,136,2224,-105,210
2,68,136,2228,0,0
2,68,137,2220,-121,99
2,68,137,2223,-17,182
2,68,137,2224,10,209
2,68,137,2228,0,311
2,68,137,2228,17,342
2,68,137,2228,18,369
2,68,137,2228,23,-11
2,68,138,2220,6,51
2,68,138,2222,-12,130
2,68,139,2220,0,52
2,68,139,2226,0,379
2,68,139,2229,0,-248
2,68,139,2231,154,273
2,68,139,2237,0,-26
2,68,140,2236,178,334
2,68,142,2240,182,17
2,68,146,2216,471,-46
2,68,149,2278,-121,-484
2,68,155,2203,94,-90
2,68,158,2251,-496,60
2,68,160,2226,-100,-30
2,68,163,2250,-498,37
2,68,167,2206,-418,-21
2,68,167,2207,-417,-31
2,68,168,2247,-500,25
2,68,171,2205,-444,0
2,68,173,2204,-447,0
2,68,173,2261,-353,-353
2,68,174,2261,-353,-353
2,68,175,2220,-314,0
2,68,176,2157,-441,76
2,68,176,2206,-469,-35
2,68,176,2207,-465,-70
2,68,178,2175,-345,361
2,68,178,2205,-471,-11
2,68,178,2242,-471,23
2,68,180,2205,-444,-10
2,68,180,2206,-444,-22
2,68,182,2238,-444,22
2,68,183,2206,-444,-22
2,68,183,2217,-444,22
2,68,183,2243,-353,-353
2,68,184,2150,-345,361
2,68,184,2214,-422,-139
2,68,186,2222,-382,-229
2,68,186,2223,-382,-229
2,68,186,2234,-418,21
2,68,186,2247,-351,-351
2,68,187,2205,-418,0
2,68,187,2206,-418,-21
2,68,187,2206,-417,-31
2,68,187,2207,-417,-41
2,68,187,2207,-417,-31
2,68,187,2208,-417,-41
2,68,187,2209,-415,-50
2,68,187,2210,-414,-62
2,68,187,2210,-412,-72
2,68,187,2214,-428,-129
2,68,187,2215,-417,30
2,68,187,2217,-417,30
2,68,187,2223,-387,-219
2,68,187,2224,-418,0
2,68,188,2204,-414,0
2,68,188,2215,-400,-121
2,68,189,2148,-500,0
2,68,189,2226,-353,-224
2,68,190,2155,-500,0
2,68,190,2205,-500,0
2,68,190,2226,-392,8
2,68,191,2189,-498,-37
2,68,191,2204,-392,0
2,68,191,2207,-392,-9
2,68,191,2208,-391,-29
2,68,191,2225,-392,19
2,68,191,2225,-364,-206
2,68,192,2221,-358,-159
2,68,193,2205,-500,0
2,68,193,2227,-337,-202
2,68,194,2206,-366,-8
2,68,194,2207,-366,-8
2,68,194,2212,-492,-85
2,68,194,2218,-348,-114
2,68,195,2202,-366,18
2,68,195,2203,-366,18
2,68,195,2204,-366,0
2,68,195,2204,-366,18
2,68,195,2205,-366,0
2,68,195,2205,-366,18
2,68,195,2206,-366,-8
2,68,195,2207,-366,-18
2,68,195,2207,-366,18
2,68,195,2207,-365,-27
2,68,195,2208,-365,-35
2,68,195,2208,-365,-27
2,68,195,2209,-365,-35
2,68,195,2209,-363,-44
2,68,195,2210,-362,-54
2,68,195,2211,-362,-54
2,68,195,2211,-360,-63
2,68,195,2214,-366,18
2,68,195,2215,-366,18
2,68,195,2216,-381,-105
2,68,195,2216,-366,18
2,68,195,2224,-366,0
2,68,196,2204,-361,0
2,68,196,2206,-340,-8
2,68,196,2207,-340,-17
2,68,196,2210,-362,-54
2,68,196,2215,-457,-126
2,68,196,2217,-348,-114
2,68,197,2204,-361,0
2,68,197,2205,-340,0
2,68,197,2206,-340,0
2,68,197,2207,-339,-25
2,68,197,2209,-339,-33
2,68,197,2210,-336,-50
2,68,197,2211,-336,-50
2,68,197,2213,-492,-85
2,68,198,2205,-500,0
2,68,200,2204,-500,0
2,68,200,2205,-500,0
2,70,127,2305,-412,71
2,70,128,2315,-430,41
2,70,132,2227,-164,-87
2,70,132,2227,141,-75
2,70,133,2219,25,3
2,70,133,2227,-179,-35
2,70,134,2297,247,273
2,70,135,2226,-303,-162
2,70,136,2300,85,383
2,70,137,2227,-164,-87
2,70,137,2285,-80,207
2,70,137,2285,-73,191
2,70,137,2286,-70,169
2,70,137,2289,15,300
2,70,138,2227,-23,-12
2,70,139,2227,-133,-7
2,70,139,2284,0,52
2,70,139,2292,161,86
2,70,139,2295,155,258
2,70,139,2299,168,280
2,70,144,2283,139,-62
2,70,155,2282,53,150
2,70,161,2223,-365,26
2,70,173,2239,-495,36
2,70,173,2243,-495,36
2,70,173,2252,-495,36
2,70,174,2203,-484,121
2,70,176,2279,-471,0
2,70,176,2282,-471,0
2,70,178,2241,-471,23
2,70,178,2262,-471,23
2,70,178,2279,-471,10
2,70,180,2205,-500,0
2,70,180,2206,-500,-11
2,70,181,2305,-444,0
2,70,186,2299,-418,0
2,70,186,2300,-418,0
2,70,186,2301,-418,0
2,70,187,2210,-418,0
2,70,187,2227,-417,30
2,70,187,2228,-417,30
2,70,187,2229,-417,30
2,70,187,2230,-417,30
2,70,187,2231,-417,30
2,70,187,2232,-417,30
2,70,187,2233,-417,30
2,70,187,2234,-417,30
2,70,187,2235,-417,30
2,70,187,2236,-417,30
2,70,187,2237,-417,30
2,70,187,2238,-417,30
2,70,187,2239,-417,30
2,70,187,2240,-417,30
2,70,187,2241,-417,30
2,70,187,2242,-417,30
2,70,187,2243,-417,30
2,70,187,2244,-417,30
2,70,187,2245,-417,30
2,70,187,2246,-417,30
2,70,187,2247,-417,30
2,70,187,2248,-417,30
2,70,187,2249,-417,30
2,70,187,2250,-417,30
2,70,187,2252,-417,30
2,70,187,2253,-417,30
2,70,187,2254,-417,30
2,70,187,2255,-417,30
2,70,187,2256,-417,30
2,70,187,2257,-417,30
2,70,187,2258,-417,30
2,70,187,2259,-417,30
2,70,187,2260,-417,30
2,70,187,2261,-417,30
2,70,187,2262,-417,30
2,70,187,2263,-417,30
2,70,187,2264,-417,30
2,70,187,2265,-417,30
2,70,187,2266,-417,30
2,70,187,2268,-417,30
2,70,187,2270,-417,30
2,70,187,2271,-417,30
2,70,187,2272,-417,30
2,70,187,2273,-417,30
2,70,187,2274,-417,30
2,70,187,2275,-417,30
2,70,187,2276,-417,30
2,70,187,2276,-345,-361
2,70,187,2277,-417,30
2,70,187,2278,-417,30
2,70,187,2279,-418,0
2,70,187,2279,-417,30
2,70,187,2280,-417,30
2,70,187,2281,-417,30
2,70,187,2298,-417,30
2,70,187,2300,-407,0
2,70,187,2301,-500,-11
2,70,187,2302,-418,-21
2,70,187,2303,-418,0
2,70,188,2300,-392,0
2,70,189,2243,-392,0
2,70,189,2296,-500,0
2,70,190,2294,-392,0
2,70,190,2297,-392,0
2,70,190,2299,-392,0
2,70,191,2250,-392,19
2,70,191,2276,-392,19
2,70,191,2296,-392,0
2,70,193,2243,-366,0
2,70,194,2225,-366,0
2,70,194,2280,-366,0
2,70,194,2281,-366,0
2,70,194,2296,-500,0
2,70,195,2224,-366,0
2,70,195,2225,-366,18
2,70,195,2226,-366,18
2,70,195,2227,-366,18
2,70,195,2228,-366,0
2,70,195,2228,-366,18
2,70,195,2229,-366,18
2,70,195,2230,-366,18
2,70,195,2231,-366,18
2,70,195,2232,-366,18
2,70,195,2233,-366,18
2,70,195,2234,-366,18
2,70,195,2235,-366,18
2,70,195,2236,-366,18
2,70,195,2237,-366,18
2,70,195,2238,-366,18
2,70,195,2239,-366,18
2,70,195,2240,-366,0
2,70,195,2240,-366,18
2,70,195,2241,-366,18
2,70,195,2242,-366,18
2,70,195,2243,-366,18
2,70,195,2244,-366,0
2,70,195,2244,-366,18
2,70,195,2245,-366,18
2,70,195,2246,-366,18
2,70,195,2247,-366,0
2,70,195,2247,-366,18
2,70,195,2248,-366,18
2,70,195,2249,-366,18
2,70,195,2251,-366,18
2,70,195,2252,-366,18
2,70,195,2253,-366,18
2,70,195,2254,-366,18
2,70,195,2255,-366,18
2,70,195,2256,-366,18
2,70,195,2257,-366,18
2,70,195,2258,-366,18
2,70,195,2259,-366,18
2,70,195,2260,-366,18
2,70,195,2261,-366,18
2,70,195,2262,-366,18
2,70,195,2263,-366,18
2,70,195,2264,-366,18
2,70,195,2265,-366,18
2,70,195,2266,-366,18
2,70,195,2267,-366,18
2,70,195,2268,-366,18
2,70,195,2269,-366,18
2,70,195,2270,-366,18
2,70,195,2271,-366,18
2,70,195,2272,-366,18
2,70,195,2273,-366,18
2,70,195,2274,-366,18
2,70,195,2275,-366,18
2,70,195,2276,-366,18
2,70,195,2277,-366,18
2,70,195,2278,-366,18
2,70,195,2279,-366,0
2,70,195,2279,-366,18
2,70,195,2280,-366,18
2,70,195,2286,-366,0
2,70,196,2238,-336,50
2,70,196,2288,-421,0
2,70,197,2227,-340,0
2,70,197,2238,-340,0
2,70,197,2244,-340,0
2,70,197,2260,-340,0
2,70,197,2274,-340,0
2,70,197,2278,-340,0
2,70,197,2279,-340,0
2,70,197,2280,-340,0
2,70,197,2281,-340,0
2,70,197,2282,-340,0
2,70,198,2223,-392,47
2,73,116,2321,101,-152
2,73,123,2299,-321,-182
2,73,124,2310,-258,-299
2,73,126,2323,130,-26
2,73,130,2320,-233,-285
2,73,131,2309,225,-355
2,73,133,2315,69,-309
2,73,134,2307,339,-203
2,73,139,2283,-224,447
2,73,142,2313,234,165
2,73,143,2311,187,254
2,73,147,2295,-140,424
2,73,149,2291,-129,428
2,73,151,2283,-137,453
2,73,159,2296,-500,0
2,73,159,2315,-212,0
2,73,166,2294,-500,0
2,73,166,2295,-500,0
2,73,169,2296,-500,0
2,73,171,2296,-497,0
2,73,171,2297,-497,0
2,73,177,2301,-500,0
2,73,177,2312,-500,0
2,73,178,2303,-471,-11
2,73,179,2300,-444,0
2,73,180,2312,-500,0
2,73,181,2305,-444,0
2,73,181,2311,-353,353
2,73,185,2306,-351,351
2,73,185,2307,-359,343
2,73,185,2307,-351,351
2,73,185,2308,-359,343
2,73,185,2308,-351,351
2,73,185,2309,-351,351
2,73,185,2310,-351,351
2,73,185,2311,-359,343
2,73,185,2311,-351,351
2,73,185,2312,-351,351
2,73,185,2313,-359,343
2,73,185,2313,-351,351
2,73,185,2314,-351,351
2,73,185,2315,-359,343
2,73,185,2315,-351,351
2,73,185,2316,-351,351
2,73,185,2317,-359,343
2,73,185,2317,-351,351
2,73,185,2318,-359,343
2,73,185,2318,-351,351
2,73,185,2319,-359,343
2,73,185,2320,-351,351
2,73,185,2321,-359,343
2,73,185,2321,-351,351
2,73,185,2322,-359,343
2,73,186,2302,-496,60
2,73,186,2303,-496,60
2,73,186,2310,-344,358
2,73,186,2317,-359,343
2,73,186,2318,-371,335
2,73,186,2318,-361,345
2,73,187,2318,-371,335
2,73,188,2303,-340,325
2,73,188,2304,-340,325
2,73,188,2305,-340,325
2,73,188,2306,-340,325
2,73,188,2307,-500,0
2,73,188,2307,-340,325
2,73,188,2308,-340,325
2,73,188,2309,-340,325
2,73,188,2310,-340,325
2,73,188,2312,-340,325
2,73,188,2313,-340,325
2,73,188,2314,-340,325
2,73,188,2314,-333,332
2,73,188,2315,-340,325
2,73,188,2316,-371,335
2,73,188,2317,-340,325
2,73,189,2300,-488,109
2,73,189,2305,-392,8
2,73,189,2306,-392,0
2,73,189,2306,-392,8
2,73,189,2310,-418,-10
2,73,190,2300,-494,74
2,73,190,2301,-494,74
2,73,190,2306,-371,335
2,73,190,2311,-371,335
2,73,190,2321,-371,335
2,74,136,2296,85,492
2,74,139,2344,-24,9
2,74,139,2345,-26,-2
2,74,139,2345,-26,-1
2,74,139,2348,-43,-29
2,74,139,2351,0,0
2,74,139,2352,0,0
2,74,139,2353,-74,-138
2,74,140,2305,-121,484
2,74,140,2338,0,26
2,74,140,2350,0,0
2,74,143,2296,-144,478
2,74,143,2372,307,204
2,74,144,2366,350,233
2,74,146,2364,338,33
2,74,147,2324,-102,408
2,74,148,2298,-121,484
2,74,148,2328,-108,433
2,74,148,2329,-108,433
2,74,148,2344,-108,433
2,74,150,2352,260,25
2,74,150,2358,-151,393
2,74,151,2353,286,27
2,74,152,2342,-170,442
2,74,152,2355,-171,414
2,74,154,2353,-192,432
2,74,156,2362,-242,343
2,74,156,2365,-242,311
2,74,156,2366,-234,317
2,74,157,2365,-116,141
2,74,158,2349,-172,200
2,74,160,2362,-266,325
2,74,161,2357,-272,386
2,74,161,2357,-266,360
2,74,162,2336,-326,378
2,74,163,2336,-326,378
2,74,163,2353,-345,361
2,74,163,2359,-309,358
2,74,164,2357,-300,366
2,74,165,2352,-281,381
2,74,166,2332,-335,371
2,74,167,2345,-361,345
2,74,167,2347,-361,345
2,74,167,2348,-361,345
2,74,168,2351,-361,345
2,74,168,2352,-361,345
2,74,171,2342,-361,345
2,74,171,2342,-345,361
2,74,171,2343,-345,361
2,74,171,2345,-345,361
2,74,171,2377,-457,125
2,74,175,2345,-361,345
2,74,175,2345,-353,353
2,74,176,2351,-361,345
2,74,176,2376,-148,449
2,74,178,2334,-353,353
2,74,178,2335,-361,345
2,74,178,2335,-353,353
2,74,178,2336,-353,353
2,74,178,2337,-353,353
2,74,178,2338,-353,353
2,74,178,2341,-361,345
2,74,178,2359,-345,361
2,74,179,2336,-287,408
2,74,179,2341,-361,345
2,74,180,2339,-361,345
2,74,180,2379,-361,345
2,74,181,2334,-353,353
2,74,181,2335,-353,353
2,74,181,2335,-287,408
2,74,181,2338,-353,353
2,74,181,2352,-345,361
2,74,181,2370,-316,386
2,74,182,2332,-287,408
2,74,182,2338,-361,345
2,74,182,2338,-353,353
2,74,184,2335,-351,351
2,74,185,2326,-359,343
2,74,185,2326,-351,351
2,74,185,2327,-359,343
2,74,185,2327,-351,351
2,74,185,2328,-359,343
2,74,185,2328,-351,351
2,74,185,2329,-359,343
2,74,185,2329,-351,351
2,74,185,2330,-359,343
2,74,185,2330,-351,351
2,74,185,2331,-351,351
2,74,185,2332,-351,351
2,74,185,2333,-359,343
2,74,185,2334,-359,343
2,74,185,2334,-351,351
2,74,185,2335,-351,351
2,74,185,2338,-359,343
2,74,185,2338,-351,351
2,74,185,2338,-334,368
2,74,185,2339,-351,351
2,74,185,2340,-359,343
2,74,185,2340,-351,351
2,74,185,2341,-359,343
2,74,185,2341,-351,351
2,74,185,2348,-345,361
2,74,186,2334,-359,343
2,74,186,2341,-359,343
2,74,187,2332,-343,342
2,74,187,2332,-333,332
2,74,187,2341,-369,333
2,74,187,2341,-359,343
2,74,188,2328,-340,325
2,74,188,2331,-340,325
2,74,188,2331,-333,332
2,74,188,2335,-340,325
2,74,188,2336,-340,325
2,74,188,2337,-340,325
2,74,188,2338,-340,325
2,74,188,2346,-394,306
2,74,190,2325,-371,335
2,74,190,2326,-371,335
2,74,193,2371,-500,0
3,8,70,197,353,353
3,8,90,242,260,-25
3,8,101,196,353,353
3,8,108,203,361,345
3,8,110,185,0,500
3,8,110,189,257,429
3,8,122,188,121,484
3,8,123,215,151,365
3,8,127,214,62,416
3,8,128,213,50,417
3,8,132,184,0,500
3,8,132,206,0,447
3,8,139,304,-187,-349
3,8,139,308,-58,-176
3,8,139,308,0,0
3,8,139,315,0,-26
3,8,139,321,0,-290
3,8,144,213,0,342
3,8,153,221,31,259
3,8,160,300,-7,78
3,8,160,308,-26,-2
3,8,161,308,10,51
3,8,161,312,-160,361
3,8,163,300,-108,113
3,8,163,308,0,0
3,8,163,308,26,-1
3,8,163,308,33,70
3,8,164,300,138,74
3,8,164,301,-144,151
3,8,164,302,74,-138
3,8,164,303,-248,372
3,8,164,308,-20,209
3,8,164,308,11,77
3,8,164,308,62,83
3,8,165,216,26,180
3,8,165,302,141,115
3,8,165,305,-146,309
3,8,165,308,-99,-185
3,8,165,308,22,-12
3,8,165,308,26,0
3,8,165,308,29,72
3,8,165,308,46,23
3,8,165,319,-147,-108
3,8,166,306,-6,261
3,8,166,308,-199,-372
3,8,166,308,7,78
3,8,166,308,14,21
3,8,166,308,23,12
3,8,166,308,44,64
3,8,166,308,173,260
3,8,167,215,0,342
3,8,167,300,-116,105
3,8,167,305,0,130
3,8,167,308,0,0
3,8,167,308,26,0
3,8,168,300,7,78
3,8,168,301,-66,170
3,8,168,302,-98,256
3,8,168,302,80,-135
3,8,168,303,-17,182
3,8,168,304,15,208
3,8,168,306,20,282
3,8,168,307,-100,242
3,8,168,308,0,0
3,8,168,308,3,51
3,8,168,308,13,21
3,8,168,308,22,12
3,8,168,308,23,-12
3,8,168,308,26,0
3,8,168,308,223,126
3,8,169,223,0,342
3,8,169,300,-217,96
3,8,169,300,-188,161
3,8,169,300,-132,198
3,8,169,300,-121,99
3,8,169,300,-119,102
3,8,169,300,-115,61
3,8,169,300,-94,90
3,8,169,300,-81,66
3,8,169,301,-190,285
3,8,169,301,-183,224
3,8,169,301,-162,132
3,8,169,301,-73,191
3,8,169,302,-92,239
3,8,169,302,-70,169
3,8,169,302,-44,177
3,8,169,302,-15,156
3,8,169,304,10,209
3,8,169,304,15,208
3,8,169,304,20,282
3,8,169,305,-203,203
3,8,169,306,13,261
3,8,169,307,27,282
3,8,169,308,-26,1
3,8,169,308,-11,23
3,8,169,308,17,342
3,8,169,308,17,354
3,8,169,308,18,369
3,8,169,308,26,1
3,8,169,308,40,67
3,8,170,206,0,290
3,8,170,300,-81,66
3,8,170,300,-58,86
3,8,170,300,-39,33
3,8,170,300,-28,73
3,8,170,301,-12,130
3,8,170,301,2,130
3,8,170,301,15,125
3,8,170,303,2,130
3,8,170,305,-101,244
3,8,170,307,-122,317
3,8,170,307,7,300
3,8,170,308,-26,-3
3,8,170,308,-24,-10
3,8,170,308,7,342
3,8,170,308,29,299
3,8,171,206,0,290
3,8,171,207,0,290
3,8,171,208,0,316
3,8,171,215,0,342
3,8,171,219,0,369
3,8,171,300,-42,30
3,8,171,300,0,52
3,8,171,302,0,157
3,8,171,303,-74,138
3,8,171,303,0,183
3,8,171,303,51,91
3,8,171,304,-295,105
3,8,171,305,0,235
3,8,171,306,0,78
3,8,171,306,0,183
3,8,171,308,0,-78
3,8,171,308,0,0
3,8,171,308,0,104
3,8,171,308,0,107
3,8,171,308,157,3
3,8,171,309,0,-130
3,8,171,309,157,94
3,8,171,310,-23,-12
3,8,171,310,0,0
3,8,171,310,3,183
3,8,171,311,-14,-21
3,8,171,311,7,326
3,8,171,312,-7,-25
3,8,171,312,-1,-26
3,8,171,312,0,78
3,8,171,312,0,261
3,8,171,314,-10,-24
3,8,171,314,-4,-25
3,8,171,314,-3,-26
3,8,171,315,0,-26
3,8,171,318,0,-26
3,8,171,319,0,-78
3,8,171,320,0,-52
3,8,171,330,0,-209
3,8,171,332,0,-183
3,8,171,340,0,-500
3,8,172,212,-9,183
3,8,172,218,-97,39
3,8,172,299,208,-20
3,8,172,303,51,91
3,8,172,310,-112,-91
3,8,173,311,198,125
3,8,173,311,202,121
3,8,173,313,157,94
3,8,173,313,271,163
3,8,175,315,217,144
3,8,176,308,-68,225
3,8,177,302,156,15
3,8,177,319,372,248
3,8,178,298,-277,148
3,8,178,349,-109,-488
3,8,179,206,-98,437
3,8,179,218,-114,378
3,8,179,312,-107,353
3,8,179,329,393,38
3,8,179,348,-132,-482
3,8,179,349,-121,-484
3,8,180,308,71,361
3,8,180,309,92,464
3,8,181,312,419,41
3,8,181,318,419,41
3,8,181,324,419,41
3,8,181,326,419,41
3,8,181,358,-121,-484
3,8,181,359,-101,-405
3,8,182,218,-151,365
3,8,182,351,-156,-474
3,8,182,358,-144,-478
3,8,182,358,-132,-482
3,8,183,211,-160,417
3,8,183,283,-107,0
3,8,183,300,216,137
3,8,184,317,-201,-210
3,8,184,321,-156,-11
3,8,184,356,-156,-474
3,8,185,325,365,-151
3,8,186,260,-170,162
3,8,187,273,-237,-17
3,8,188,218,-165,234
3,8,190,226,-274,247
3,8,190,270,-211,-21
3,8,190,284,-211,-16
3,8,192,271,-316,-7
3,8,192,316,-261,-261
3,8,193,289,-358,-80
3,8,194,270,-316,-7
3,8,194,314,30,-207
3,8,195,232,-357,167
3,8,195,312,-321,-307
3,8,195,330,-498,37
3,8,197,285,-366,-8
3,8,199,223,-365,257
3,8,199,335,-345,-361
3,8,200,328,-500,25
3,8,201,290,-310,-46
3,8,202,270,-419,-31
3,8,203,223,-377,239
3,8,203,286,-323,309
3,8,203,340,-353,-353
3,8,204,268,-421,0
3,8,204,340,-353,-353
3,8,205,268,-447,0
3,8,205,325,-495,36
3,8,205,341,-353,-353
3,8,205,341,-345,-361
3,8,207,219,-500,0
3,8,207,286,-323,309
3,8,208,286,-471,-11
3,8,208,289,-471,0
3,8,208,292,-471,0
3,8,208,293,-471,0
3,8,208,295,-471,0
3,8,208,297,-471,-11
3,8,208,297,-471,0
3,8,208,298,-471,0
3,8,208,340,-353,-353
3,8,208,341,-353,-353
3,8,209,302,-407,-244
3,8,209,322,-471,23
3,8,210,264,-345,361
3,8,210,320,-471,23
3,8,210,321,-471,23
3,8,210,322,-471,23
3,8,210,342,-361,-345
3,8,211,262,-345,361
3,8,211,289,-494,-74
3,8,211,327,-335,-371
3,8,211,338,-361,-345
3,8,213,245,-345,361
3,8,213,303,-473,10
3,8,213,322,-287,-408
3,8,213,330,-345,-361
3,8,213,343,-316,-386
3,8,214,258,-353,353
3,8,214,284,-482,132
3,8,214,286,-444,-22
3,8,214,326,-361,-345
3,8,214,330,-345,-361
3,8,214,340,-345,-361
3,8,215,313,-353,-353
3,8,215,316,-353,-353
3,8,215,317,-353,-353
3,8,215,318,-353,-353
3,8,215,322,-353,-353
3,8,215,323,-353,-353
3,8,215,332,-353,-353
3,8,215,336,-353,-353
3,8,216,216,-378,178
3,8,216,254,-353,353
3,8,216,294,-422,-139
3,8,217,303,-447,0
3,8,217,328,-359,-344
3,8,217,333,-344,-359
3,8,217,334,-344,-359
3,8,218,255,-361,345
3,8,218,263,-498,-37
3,8,218,302,-382,-229
3,8,218,303,-382,-229
3,8,218,304,-351,-351
3,8,218,315,-351,-351
3,8,218,323,-351,-351
3,8,218,325,-351,-351
3,8,218,326,-351,-351
3,8,218,327,-351,-351
3,8,218,328,-359,-344
3,8,218,328,-351,-351
3,8,218,329,-353,-353
3,8,218,334,-344,-359
3,8,219,283,-417,30
3,8,219,284,-417,30
3,8,219,285,-418,0
3,8,219,286,-418,-21
3,8,219,286,-417,-31
3,8,219,286,-417,30
3,8,219,287,-418,-21
3,8,219,287,-417,-31
3,8,219,287,-417,30
3,8,219,288,-417,-41
3,8,219,288,-417,30
3,8,219,289,-417,30
3,8,219,289,-415,-50
3,8,219,290,-417,30
3,8,219,290,-414,-62
3,8,219,290,-412,-72
3,8,219,291,-417,30
3,8,219,292,-417,30
3,8,219,293,-417,30
3,8,219,294,-417,30
3,8,219,295,-418,0
3,8,219,295,-417,30
3,8,219,296,-417,30
3,8,219,297,-417,30
3,8,219,303,-387,-219
3,8,219,304,-418,0
3,8,219,315,-418,0
3,8,220,265,-394,306
3,8,221,228,-500,0
3,8,221,264,-378,326
3,8,221,284,-500,0
3,8,221,285,-500,0
3,8,221,306,-360,-216
3,8,221,306,-353,-224
3,8,221,307,-392,0
3,8,222,285,-500,0
3,8,222,286,-392,0
3,8,222,287,-392,-9
3,8,222,309,-392,-9
3,8,223,268,-429,257
3,8,223,274,-478,144
3,8,223,284,-440,0
3,8,223,284,-392,0
3,8,223,287,-392,-9
3,8,223,288,-391,-29
3,8,223,296,-392,19
3,8,223,305,-392,19
3,8,223,305,-364,-206
3,8,223,311,-392,0
3,8,224,305,-364,-206
3,8,225,232,-500,0
3,8,225,260,-500,0
3,8,225,284,-500,0
3,8,225,285,-500,0
3,8,225,307,-366,0
3,8,225,307,-337,-202
3,8,226,286,-366,-8
3,8,226,286,-366,0
3,8,226,287,-500,-25
3,8,226,287,-366,-8
3,8,226,293,-492,-85
3,8,227,282,-366,18
3,8,227,283,-366,18
3,8,227,284,-366,0
3,8,227,284,-366,18
3,8,227,285,-500,0
3,8,227,285,-366,0
3,8,227,285,-366,18
3,8,227,286,-366,-8
3,8,227,286,-366,18
3,8,227,287,-366,-18
3,8,227,287,-366,-8
3,8,227,287,-366,18
3,8,227,287,-365,-27
3,8,227,288,-366,18
3,8,227,288,-365,-35
3,8,227,289,-366,18
3,8,227,289,-365,-35
3,8,227,290,-366,18
3,8,227,290,-362,-54
3,8,227,291,-366,18
3,8,227,291,-362,-54
3,8,227,291,-360,-63
3,8,227,292,-366,18
3,8,227,293,-366,18
3,8,227,294,-366,18
3,8,227,295,-366,0
3,8,227,295,-366,18
3,8,227,296,-381,-105
3,8,227,296,-366,18
3,8,227,300,-366,-8
3,8,227,301,-366,-8
3,8,227,304,-366,0
3,8,227,305,-366,18
3,8,227,307,-366,0
3,8,228,272,-478,144
3,8,228,273,-478,144
3,8,228,274,-478,144
3,8,228,284,-414,0
3,8,228,284,-361,0
3,8,228,297,-348,-114
3,8,228,302,-470,57
3,8,229,277,-490,97
3,8,229,285,-340,0
3,8,229,286,-340,0
3,8,229,287,-339,-25
3,8,229,288,-339,-25
3,8,229,289,-340,0
3,8,229,290,-340,0
3,8,229,291,-340,0
3,8,229,292,-340,0
3,8,229,293,-340,0
3,8,229,295,-340,0
3,8,229,296,-340,0
3,8,229,297,-340,0
3,8,229,298,-340,0
3,8,230,260,-500,0
3,8,230,275,-478,144
3,8,230,284,-500,0
3,8,230,284,-387,0
3,8,230,285,-500,0
3,8,230,303,-369,0
3,8,231,268,-500,0
3,8,231,284,-500,0
3,8,231,285,-500,0
3,8,232,260,-500,0
3,8,232,268,-500,0
3,8,232,285,-500,0
3,8,232,293,-492,-85
3,8,233,264,-498,-37
3,8,233,268,-500,-11
3,10,139,304,-104,5
3,10,139,367,-102,-20
3,10,139,375,0,-261
3,10,143,369,-291,-104
3,10,152,307,115,-62
3,10,152,307,176,-48
3,10,154,370,0,-236
3,10,161,364,-7,78
3,10,162,369,-125,41
3,10,163,372,0,0
3,10,163,372,3,25
3,10,163,372,23,10
3,10,163,372,26,-1
3,10,163,372,46,22
3,10,164,364,141,70
3,10,164,368,-154,306
3,10,164,372,-26,0
3,10,164,372,46,62
3,10,165,299,0,0
3,10,165,299,25,3
3,10,165,307,-179,-35
3,10,165,364,-70,-140
3,10,165,372,0,0
3,10,165,372,94,44
3,10,166,299,0,0
3,10,166,303,-175,-263
3,10,166,307,-153,46
3,10,166,372,26,0
3,10,167,299,233,-46
3,10,167,306,-303,-162
3,10,167,364,-29,43
3,10,167,364,-23,12
3,10,167,365,-7,78
3,10,167,367,137,159
3,10,167,372,0,0
3,10,167,372,13,21
3,10,167,372,22,12
3,10,167,372,23,-12
3,10,168,307,-156,34
3,10,168,365,-84,219
3,10,168,366,-70,169
3,10,168,366,-48,176
3,10,168,366,-17,177
3,10,168,367,208,-20
3,10,168,368,-98,237
3,10,168,369,-96,270
3,10,168,372,0,0
3,10,168,372,13,21
3,10,168,372,22,12
3,10,168,372,157,0
3,10,169,306,116,-174
3,10,169,364,-121,99
3,10,169,364,153,-34
3,10,169,365,-145,217
3,10,169,365,-87,130
3,10,169,365,-80,207
3,10,169,365,-73,191
3,10,169,365,-50,121
3,10,169,365,-19,195
3,10,169,366,-106,322
3,10,169,366,-92,239
3,10,169,366,-70,169
3,10,169,368,10,209
3,10,169,370,13,261
3,10,169,371,13,262
3,10,169,371,20,282
3,10,169,372,0,0
3,10,169,372,14,287
3,10,170,305,15,-103
3,10,170,306,-7,-78
3,10,170,307,-25,-5
3,10,170,307,-23,-12
3,10,170,307,-23,-11
3,10,170,364,-217,-96
3,10,170,364,-81,66
3,10,170,364,-58,86
3,10,170,364,-49,92
3,10,170,365,-407,-112
3,10,170,366,-168,100
3,10,170,371,46,93
3,10,170,372,5,235
3,10,171,299,-124,-347
3,10,171,299,0,0
3,10,171,364,-200,39
3,10,171,364,0,52
3,10,171,365,26,220
3,10,171,368,0,157
3,10,171,370,30,85
3,10,171,371,0,235
3,10,171,374,-23,-11
3,10,171,376,-3,-26
3,10,171,376,-1,-26
3,10,171,376,0,-26
3,10,171,376,0,0
3,10,171,376,0,287
3,10,171,378,-10,-24
3,10,171,379,0,-26
3,10,171,382,0,-78
3,10,172,308,121,-50
3,10,172,317,78,7
3,10,172,364,-230,51
3,10,172,364,157,0
3,10,172,370,185,346
3,10,172,374,157,94
3,10,172,379,146,273
3,10,172,381,-300,0
3,10,173,302,118,102
3,10,173,308,-145,-217
3,10,173,363,-203,-50
3,10,173,366,105,-77
3,10,173,368,143,90
3,10,173,371,108,72
3,10,173,373,190,114
3,10,173,376,270,162
3,10,175,367,28,-235
3,10,176,369,37,253
3,10,177,305,-41,207
3,10,178,363,-277,148
3,10,179,366,177,12
3,10,184,380,-210,-270
3,10,187,324,-10,23
3,10,190,318,-185,0
3,10,191,299,-337,149
3,10,192,365,-183,0
3,10,193,363,-233,46
3,10,194,304,-366,0
3,10,194,393,-283,-346
3,10,196,304,-314,0
3,10,196,391,-378,-326
3,10,199,316,-418,0
3,10,199,324,-418,0
3,10,202,309,-335,371
3,10,203,349,-366,0
3,10,203,404,-306,-394
3,10,205,314,-495,36
3,10,205,315,-495,36
3,10,205,354,-418,0
3,10,206,337,-444,0
3,10,208,319,-471,0
3,10,208,326,-471,0
3,10,208,333,-471,0
3,10,208,349,-471,0
3,10,208,354,-471,0
3,10,208,356,-471,0
3,10,208,357,-471,0
3,10,208,358,-471,0
3,10,208,360,-471,0
3,10,208,361,-471,0
3,10,208,362,-471,0
3,10,209,389,-471,0
3,10,210,311,-471,23
3,10,210,324,-471,23
3,10,210,326,-471,23
3,10,210,331,-471,23
3,10,210,333,-471,23
3,10,210,334,-471,23
3,10,210,336,-471,23
3,10,210,339,-471,23
3,10,210,340,-471,23
3,10,210,342,-471,23
3,10,210,346,-471,23
3,10,210,352,-471,23
3,10,210,354,-471,23
3,10,210,357,-471,23
3,10,210,360,-471,23
3,10,211,387,-500,0
3,10,211,387,-471,0
3,10,212,285,-500,0
3,10,212,286,-500,-11
3,10,212,324,-444,0
3,10,212,360,-444,0
3,10,212,361,-444,0
3,10,212,362,-444,0
3,10,212,385,-444,0
3,10,212,386,-500,11
3,10,212,386,-444,0
3,10,212,387,-500,0
3,10,213,385,-444,0
3,10,213,386,-444,0
3,10,213,387,-500,0
3,10,214,384,-444,10
3,10,217,305,-421,267
3,10,217,380,-414,0
3,10,217,382,-417,-31
3,10,218,384,-414,-62
3,10,219,307,-417,30
3,10,219,308,-417,30
3,10,219,309,-417,30
3,10,219,310,-417,30
3,10,219,311,-417,30
3,10,219,312,-417,30
3,10,219,313,-417,30
3,10,219,314,-417,30
3,10,219,315,-417,30
3,10,219,316,-417,30
3,10,219,317,-417,30
3,10,219,318,-417,30
3,10,219,319,-417,30
3,10,219,320,-417,30
3,10,219,321,-417,30
3,10,219,322,-417,30
3,10,219,323,-417,30
3,10,219,324,-417,30
3,10,219,325,-417,30
3,10,219,326,-417,30
3,10,219,327,-417,30
3,10,219,328,-417,30
3,10,219,329,-417,30
3,10,219,330,-417,30
3,10,219,331,-417,30
3,10,219,332,-417,30
3,10,219,333,-417,30
3,10,219,334,-417,30
3,10,219,335,-417,30
3,10,219,336,-417,30
3,10,219,337,-417,30
3,10,219,338,-417,30
3,10,219,339,-417,30
3,10,219,340,-417,30
3,10,219,341,-417,30
3,10,219,343,-417,30
3,10,219,344,-417,30
3,10,219,345,-417,30
3,10,219,346,-417,30
3,10,219,347,-417,30
3,10,219,348,-417,30
3,10,219,350,-417,30
3,10,219,351,-417,30
3,10,219,353,-417,30
3,10,219,354,-417,30
3,10,219,355,-417,30
3,10,219,356,-417,30
3,10,219,357,-417,30
3,10,219,358,-417,30
3,10,219,359,-418,0
3,10,219,359,-417,30
3,10,219,360,-418,0
3,10,219,360,-417,30
3,10,219,361,-417,30
3,10,219,365,-418,-21
3,10,219,366,-418,0
3,10,219,379,-418,0
3,10,219,380,-418,0
3,10,219,381,-500,-11
3,10,219,382,-418,-21
3,10,219,382,-418,0
3,10,220,380,-392,0
3,10,220,383,-417,-41
3,10,221,323,-392,0
3,10,221,362,-500,0
3,10,221,376,-500,0
3,10,222,376,-392,0
3,10,222,380,-500,0
3,10,222,384,-498,-48
3,10,223,317,-392,19
3,10,223,347,-392,0
3,10,223,351,-392,19
3,10,223,354,-392,19
3,10,223,360,-392,0
3,10,223,361,-392,8
3,10,223,361,-392,19
3,10,223,375,-392,0
3,10,224,372,-500,0
3,10,225,323,-366,0
3,10,226,300,-421,267
3,10,226,324,-366,0
3,10,226,360,-366,0
3,10,226,361,-366,18
3,10,226,365,-366,0
3,10,226,376,-500,0
3,10,227,304,-366,0
3,10,227,305,-366,18
3,10,227,306,-366,18
3,10,227,307,-366,18
3,10,227,308,-366,18
3,10,227,309,-366,18
3,10,227,310,-366,18
3,10,227,311,-392,8
3,10,227,311,-366,18
3,10,227,312,-366,18
3,10,227,313,-366,18
3,10,227,314,-366,18
3,10,227,315,-366,18
3,10,227,316,-366,18
3,10,227,317,-366,18
3,10,227,318,-366,18
3,10,227,319,-366,18
3,10,227,320,-366,18
3,10,227,321,-366,18
3,10,227,322,-366,0
3,10,227,322,-366,18
3,10,227,323,-366,18
3,10,227,324,-366,18
3,10,227,325,-366,18
3,10,227,326,-366,0
3,10,227,326,-366,18
3,10,227,327,-366,18
3,10,227,328,-366,18
3,10,227,329,-366,18
3,10,227,330,-366,18
3,10,227,331,-366,18
3,10,227,332,-366,18
3,10,227,333,-366,18
3,10,227,334,-366,18
3,10,227,335,-366,18
3,10,227,336,-366,18
3,10,227,337,-366,18
3,10,227,338,-366,18
3,10,227,339,-366,18
3,10,227,340,-366,18
3,10,227,341,-366,18
3,10,227,342,-366,18
3,10,227,343,-366,18
3,10,227,344,-366,18
3,10,227,345,-366,18
3,10,227,346,-366,18
3,10,227,347,-366,0
3,10,227,347,-366,18
3,10,227,348,-366,18
3,10,227,349,-366,18
3,10,227,350,-366,18
3,10,227,351,-366,18
3,10,227,352,-366,18
3,10,227,353,-366,18
3,10,227,354,-366,18
3,10,227,355,-366,18
3,10,227,356,-366,18
3,10,227,357,-366,18
3,10,227,358,-366,18
3,10,227,359,-366,0
3,10,227,359,-366,18
3,10,227,360,-366,0
3,10,227,360,-366,18
3,10,227,365,-366,-8
3,10,227,365,-366,0
3,10,227,366,-366,0
3,10,228,307,-340,0
3,10,228,317,-359,71
3,10,228,323,-473,0
3,10,228,324,-340,0
3,10,229,307,-340,0
3,10,229,308,-340,0
3,10,229,309,-340,0
3,10,229,310,-340,0
3,10,229,313,-340,0
3,10,229,314,-340,0
3,10,229,316,-340,0
3,10,229,318,-340,0
3,10,229,319,-340,0
3,10,229,326,-340,0
3,10,229,327,-340,0
3,10,229,328,-340,0
3,10,229,330,-340,0
3,10,229,332,-340,0
3,10,229,333,-340,0
3,10,229,334,-340,0
3,10,229,338,-340,0
3,10,229,348,-340,0
3,10,229,349,-340,0
3,10,229,350,-340,0
3,10,229,352,-340,0
3,10,229,353,-340,0
3,10,229,354,-340,0
3,10,229,355,-340,0
3,10,229,356,-340,0
3,10,229,357,-340,0
3,10,229,358,-340,0
3,10,229,359,-340,0
3,10,229,360,-340,0
3,10,229,361,-340,0
3,10,229,362,-340,0
3,10,229,363,-500,0
3,10,230,303,-369,0
3,10,230,362,-500,0
3,10,230,362,-395,0
3,10,231,362,-473,0
3,10,232,302,-444,53
3,12,52,414,0,-500
3,12,154,371,-87,-130
3,12,161,365,-83,-118
3,12,161,436,9,421
3,12,162,370,94,-142
3,12,162,371,128,-68
3,12,163,363,130,0
3,12,163,364,70,-468
3,12,163,368,-141,-223
3,12,163,369,-344,-194
3,12,163,370,129,-112
3,12,164,363,-74,-494
3,12,164,363,26,0
3,12,164,363,180,-256
3,12,164,364,-418,-224
3,12,165,363,92,-210
3,12,165,366,-233,-350
3,12,165,366,-43,-446
3,12,165,370,-253,-143
3,12,165,371,-179,-35
3,12,166,363,25,3
3,12,166,368,22,-128
3,12,166,371,-23,-12
3,12,167,363,0,0
3,12,167,363,23,12
3,12,167,367,189,-182
3,12,167,369,-61,-172
3,12,167,370,-313,-139
3,12,167,370,-303,-162
3,12,168,363,0,0
3,12,168,363,23,11
3,12,168,366,197,-153
3,12,168,371,-115,-62
3,12,169,363,14,-287
3,12,169,363,16,-316
3,12,169,365,13,-261
3,12,169,366,21,-182
3,12,169,368,-75,-183
3,12,169,371,-143,-64
3,12,169,371,-58,-87
3,12,169,371,-42,-66
3,12,169,371,-23,-12
3,12,170,363,0,0
3,12,170,365,7,-314
3,12,170,366,3,-157
3,12,170,366,5,-235
3,12,170,368,-36,-206
3,12,170,368,37,-125
3,12,170,369,2,-104
3,12,170,369,15,-103
3,12,170,370,-7,-78
3,12,170,371,-26,0
3,12,170,371,-23,-12
3,12,170,371,0,-52
3,12,170,371,13,-22
3,12,170,430,-101,152
3,12,171,348,-360,-63
3,12,171,365,85,-99
3,12,171,371,-153,-34
3,12,171,432,0,209
3,12,172,363,80,-66
3,12,172,372,121,-50
3,12,172,428,-178,44
3,12,173,372,-130,-196
3,12,174,371,255,-105
3,12,181,339,-140,424
3,12,181,349,-248,372
3,12,182,366,-221,78
3,12,185,370,264,-168
3,12,186,376,-185,0
3,12,188,332,-181,438
3,12,188,355,-500,0
3,12,188,376,-212,0
3,12,189,364,-235,0
3,12,189,385,-157,0
3,12,190,385,-157,0
3,12,190,387,-212,0
3,12,192,377,-208,-20
3,12,193,384,-238,0
3,12,193,390,-261,-13
3,12,193,458,-266,-360
3,12,194,342,-498,-37
3,12,194,402,-310,-46
3,12,198,337,-345,361
3,12,198,467,-490,-97
3,12,199,338,-345,361
3,12,199,343,-500,-25
3,12,199,376,-340,0
3,12,199,380,-395,-9
3,12,199,386,-418,0
3,12,199,403,-385,76
3,12,200,386,-418,0
3,12,200,387,-395,0
3,12,201,385,-418,0
3,12,202,387,-421,0
3,12,202,398,-419,-31
3,12,203,342,-497,-11
3,12,203,344,-497,-11
3,12,203,385,-444,0
3,12,203,387,-473,0
3,12,203,387,-421,0
3,12,203,389,-421,-21
3,12,204,347,-497,-11
3,12,205,329,-335,371
3,12,205,365,-439,87
3,12,205,378,-495,36
3,12,205,385,-392,0
3,12,205,386,-392,0
3,12,205,402,-340,-8
3,12,206,385,-392,0
3,12,207,408,-335,-371
3,12,208,345,-471,-11
3,12,208,345,-471,0
3,12,208,373,-471,0
3,12,208,377,-471,0
3,12,208,378,-471,0
3,12,208,379,-471,0
3,12,208,380,-471,0
3,12,208,381,-471,0
3,12,208,382,-471,0
3,12,208,383,-471,0
3,12,208,384,-471,0
3,12,208,385,-471,0
3,12,208,386,-471,0
3,12,208,386,-471,10
3,12,208,387,-488,-109
3,12,208,387,-447,0
3,12,209,348,-471,-11
3,12,209,349,-471,-11
3,12,209,408,-473,0
3,12,209,424,-473,0
3,12,210,349,-471,10
3,12,210,361,-471,23
3,12,210,376,-471,23
3,12,210,378,-471,23
3,12,210,384,-471,23
3,12,210,412,-361,-345
3,12,211,380,-444,0
3,12,212,386,-444,0
3,12,213,387,-473,0
3,12,214,335,-361,345
3,12,214,387,-498,-37
3,12,214,388,-498,-37
3,12,214,388,-492,-85
3,12,214,416,-361,-345
3,12,215,330,-335,371
3,12,215,387,-500,0
3,12,215,388,-494,-74
3,12,215,417,-361,-345
3,12,216,387,-497,0
3,12,216,448,-500,0
3,12,217,335,-335,371
3,12,217,352,-418,0
3,12,217,369,-351,351
3,12,217,388,-500,-25
3,12,217,388,-496,-60
3,12,217,418,-361,-345
3,12,217,418,-345,-361
3,12,218,335,-344,358
3,12,218,342,-359,343
3,12,218,388,-500,-25
3,12,218,388,-496,-60
3,12,219,371,-417,30
3,12,219,372,-417,30
3,12,219,373,-417,30
3,12,219,374,-417,30
3,12,219,375,-417,30
3,12,219,376,-417,30
3,12,219,377,-417,30
3,12,219,378,-417,30
3,12,219,379,-417,30
3,12,219,380,-417,30
3,12,219,381,-417,30
3,12,219,382,-417,30
3,12,219,383,-418,0
3,12,219,383,-417,30
3,12,219,384,-417,30
3,12,219,385,-418,21
3,12,219,385,-417,30
3,12,221,380,-488,109
3,12,222,357,-392,0
3,12,222,376,-392,0
3,12,222,380,-490,97
3,12,222,385,-392,8
3,12,222,387,-500,0
3,12,222,387,-471,0
3,12,223,358,-392,0
3,12,223,359,-392,0
3,12,223,360,-392,0
3,12,223,360,-392,19
3,12,223,361,-392,-9
3,12,223,361,-392,8
3,12,223,361,-392,19
3,12,223,362,-392,-9
3,12,223,365,-392,-9
3,12,223,369,-392,19
3,12,223,371,-490,-97
3,12,223,375,-392,0
3,12,223,378,-392,19
3,12,223,385,-392,8
3,12,223,385,-392,19
3,12,224,363,-500,0
3,12,224,379,-492,85
3,12,224,380,-366,0
3,12,224,381,-500,0
3,12,225,362,-366,0
3,12,225,387,-500,0
3,12,226,365,-366,0
3,12,226,376,-366,0
3,12,226,377,-366,0
3,12,226,380,-366,0
3,12,226,385,-366,8
3,12,226,385,-366,18
3,12,226,387,-366,0
3,12,227,365,-366,0
3,12,227,366,-366,0
3,12,227,369,-366,18
3,12,227,370,-366,18
3,12,227,371,-366,18
3,12,227,372,-366,18
3,12,227,373,-366,18
3,12,227,374,-366,18
3,12,227,375,-366,0
3,12,227,375,-366,18
3,12,227,376,-366,18
3,12,227,377,-366,18
3,12,227,378,-490,97
3,12,227,378,-488,109
3,12,227,378,-366,18
3,12,227,379,-490,97
3,12,227,379,-366,18
3,12,227,380,-366,18
3,12,227,381,-366,18
3,12,227,382,-366,18
3,12,227,383,-366,0
3,12,227,383,-366,18
3,12,227,384,-366,18
3,12,227,386,-366,0
3,12,228,357,-470,57
3,12,228,380,-340,0
3,12,228,386,-340,0
3,12,228,387,-392,0
3,12,228,387,-366,0
3,12,229,371,-340,0
3,12,229,372,-500,0
3,12,229,372,-340,0
3,12,229,373,-340,0
3,12,229,374,-340,0
3,12,229,375,-340,0
3,12,229,377,-340,0
3,12,229,378,-490,97
3,12,229,378,-340,0
3,12,229,379,-492,85
3,12,229,379,-340,0
3,12,229,380,-340,0
3,12,229,381,-500,0
3,12,229,381,-340,0
3,12,229,382,-340,0
3,12,229,383,-340,0
3,12,229,384,-340,0
3,12,229,385,-340,0
3,12,229,385,-340,7
3,12,229,386,-340,0
3,12,229,387,-497,0
3,12,230,378,-490,97
3,12,230,387,-500,0
3,12,230,387,-497,0
3,12,230,387,-418,0
3,12,230,387,-392,0
3,12,231,378,-492,85
3,12,231,378,-490,97
3,12,231,387,-418,0
3,12,232,387,-500,0
3,12,232,387,-444,0
3,12,233,387,-500,0
3,14,100,539,0,-500
3,14,105,546,149,-419
3,14,110,517,-225,-338
3,14,116,523,-407,0
3,14,118,523,-407,0
3,14,118,539,-48,-498
3,14,119,528,-273,-351
3,14,121,542,-144,-478
3,14,122,523,-500,0
3,14,122,523,-485,0
3,14,124,523,-500,0
3,14,124,523,-433,0
3,14,125,538,-277,-416
3,14,126,523,-500,0
3,14,126,537,-306,-394
3,14,127,539,-287,-408
3,14,130,526,-482,-132
3,14,139,395,0,500
3,14,139,410,0,104
3,14,139,410,0,380
3,14,139,428,-158,136
3,14,139,431,-101,25
3,14,139,431,0,0
3,14,139,434,-51,11
3,14,143,421,-107,353
3,14,145,429,-177,196
3,14,149,434,89,-128
3,14,152,431,22,-234
3,14,152,434,-136,-158
3,14,155,435,-87,-130
3,14,158,431,101,-82
3,14,158,435,-87,-130
3,14,159,423,-242,-312
3,14,159,427,0,0
3,14,159,430,0,157
3,14,161,422,-168,-357
3,14,161,427,-26,0
3,14,161,429,-272,-387
3,14,161,431,-242,-312
3,14,163,426,-190,-404
3,14,163,427,47,-271
3,14,163,428,-108,-433
3,14,163,430,-154,-307
3,14,163,433,-344,-194
3,14,163,434,-366,-151
3,14,164,427,22,13
3,14,164,427,26,1
3,14,164,427,161,-72
3,14,164,427,219,-297
3,14,164,429,-99,-328
3,14,164,435,-157,-31
3,14,165,427,-378,-326
3,14,165,427,22,13
3,14,165,427,44,-366
3,14,165,429,-83,-332
3,14,165,429,-67,-336
3,14,165,430,-250,-339
3,14,165,434,-253,-143
3,14,165,435,100,30
3,14,166,427,0,0
3,14,166,427,22,12
3,14,166,427,23,12
3,14,166,427,26,0
3,14,166,427,138,-208
3,14,166,428,-7,-290
3,14,166,429,-25,-341
3,14,166,435,-141,-75
3,14,167,427,0,0
3,14,167,427,26,0
3,14,167,427,130,0
3,14,167,427,157,7
3,14,167,428,-8,-342
3,14,167,431,-427,-201
3,14,167,434,-372,-199
3,14,167,434,-326,-174
3,14,167,434,-313,-139
3,14,167,435,-369,-8
3,14,168,435,-234,-41
3,14,168,435,-233,-46
3,14,169,427,16,-316
3,14,169,427,23,-312
3,14,169,427,115,-62
3,14,169,427,130,0
3,14,169,430,-27,-275
3,14,169,430,11,-235
3,14,169,433,35,-179
3,14,169,434,101,-152
3,14,169,435,-42,-66
3,14,170,427,0,-287
3,14,170,433,2,-104
3,14,170,434,-112,-144
3,14,170,434,-1,-78
3,14,170,435,-26,0
3,14,170,435,-25,-6
3,14,170,435,-25,-4
3,14,170,435,-22,-14
3,14,171,417,-7,103
3,14,171,417,0,26
3,14,171,425,-24,9
3,14,171,425,115,-205
3,14,171,426,-111,-74
3,14,171,426,0,26
3,14,171,427,-24,9
3,14,171,427,154,103
3,14,172,418,-61,202
3,14,172,418,-41,207
3,14,172,420,-48,95
3,14,172,422,-1,25
3,14,172,424,179,-108
3,14,172,444,117,-167
3,14,173,410,-10,103
3,14,173,415,-56,204
3,14,174,413,-74,332
3,14,174,415,-335,-75
3,14,174,431,299,-366
3,14,177,468,76,15
3,14,179,382,-132,482
3,14,179,404,-102,408
3,14,179,406,-112,406
3,14,179,423,-107,-353
3,14,180,383,-121,484
3,14,181,379,-121,484
3,14,182,410,-337,290
3,14,184,450,470,167
3,14,187,414,-233,315
3,14,188,447,-96,123
3,14,188,456,-407,111
3,14,189,445,-116,141
3,14,189,460,-101,123
3,14,190,421,-297,219
3,14,190,429,-172,200
3,14,190,430,-328,98
3,14,190,452,-211,-16
3,14,191,425,-189,180
3,14,191,448,-195,215
3,14,191,451,317,351
3,14,192,427,-195,215
3,14,192,452,-264,-13
3,14,193,417,-345,361
3,14,193,419,-323,226
3,14,193,419,-318,234
3,14,193,420,-318,234
3,14,193,436,-248,273
3,14,193,446,-219,228
3,14,193,452,-289,-28
3,14,193,452,-264,-13
3,14,194,425,-212,234
3,14,195,436,-291,304
3,14,195,456,-314,314
3,14,195,468,-314,0
3,14,196,415,-332,258
3,14,196,453,-341,-25
3,14,197,433,-309,323
3,14,197,442,-342,0
3,14,197,453,-369,-18
3,14,199,421,-466,81
3,14,199,453,-369,-18
3,14,199,457,-395,-9
3,14,199,458,-395,-20
3,14,199,468,-395,0
3,14,201,419,-359,343
3,14,201,429,-327,342
3,14,202,417,-315,188
3,14,202,450,-421,21
3,14,202,454,-419,-41
3,14,202,457,-421,0
3,14,202,460,-408,101
3,14,202,462,-416,62
3,14,202,466,-421,21
3,14,202,468,-235,0
3,14,203,412,-345,361
3,14,203,431,-284,42
3,14,203,454,-419,-41
3,14,203,454,-419,-31
3,14,203,458,-419,-31
3,14,204,426,-345,361
3,14,204,458,-387,271
3,14,205,393,-335,371
3,14,205,460,-437,97
3,14,205,461,-439,87
3,14,206,410,-500,0
3,14,206,467,-498,48
3,14,207,459,-439,87
3,14,208,392,-335,371
3,14,208,420,-277,416
3,14,208,431,-361,345
3,14,208,454,-446,-33
3,14,208,456,-287,408
3,14,208,456,-148,449
3,14,209,452,-473,0
3,14,210,413,-361,345
3,14,210,421,-361,345
3,14,210,439,-345,361
3,14,210,443,-345,361
3,14,210,485,-191,-462
3,14,211,392,-335,371
3,14,211,394,-335,371
3,14,211,396,-335,371
3,14,211,399,-335,371
3,14,212,419,-361,345
3,14,212,436,-345,361
3,14,212,450,-316,386
3,14,212,451,-361,345
3,14,212,451,-335,371
3,14,212,459,-361,345
3,14,212,516,-500,0
3,14,213,401,-361,345
3,14,213,401,-353,353
3,14,213,410,-361,345
3,14,213,415,-287,408
3,14,213,418,-353,353
3,14,213,423,-353,353
3,14,213,429,-345,361
3,14,213,432,-345,361
3,14,213,433,-345,361
3,14,213,450,-361,345
3,14,213,450,-335,371
3,14,213,450,-316,386
3,14,213,451,-361,345
3,14,213,451,-335,371
3,14,213,454,-419,-31
3,14,213,458,-464,92
3,14,214,400,-361,345
3,14,214,401,-353,353
3,14,214,410,-361,345
3,14,214,412,-287,408
3,14,214,413,-378,326
3,14,214,414,-378,326
3,14,214,415,-378,326
3,14,214,419,-353,353
3,14,214,435,-361,345
3,14,214,449,-326,378
3,14,214,450,-361,345
3,14,214,451,-148,449
3,14,215,394,-335,371
3,14,215,395,-335,371
3,14,215,398,-335,371
3,14,215,401,-371,335
3,14,215,412,-335,371
3,14,216,407,-351,351
3,14,216,414,-353,353
3,14,216,415,-351,351
3,14,216,430,-345,361
3,14,217,406,-359,343
3,14,217,407,-359,343
3,14,217,407,-351,351
3,14,217,408,-359,343
3,14,217,408,-351,351
3,14,217,409,-359,343
3,14,217,409,-351,351
3,14,217,410,-359,343
3,14,217,410,-351,351
3,14,217,411,-359,343
3,14,217,411,-351,351
3,14,217,412,-359,343
3,14,217,412,-351,351
3,14,217,413,-359,343
3,14,217,413,-351,351
3,14,217,414,-361,345
3,14,217,414,-359,343
3,14,217,414,-351,351
3,14,217,415,-359,343
3,14,217,415,-351,351
3,14,217,415,-344,358
3,14,217,416,-359,343
3,14,217,416,-351,351
3,14,217,416,-344,358
3,14,217,417,-359,343
3,14,217,417,-351,351
3,14,217,418,-359,343
3,14,217,418,-351,351
3,14,217,418,-334,368
3,14,217,419,-359,343
3,14,217,419,-351,351
3,14,217,420,-359,343
3,14,217,420,-351,351
3,14,217,420,-344,358
3,14,217,421,-359,343
3,14,217,421,-351,351
3,14,217,428,-345,361
3,14,217,429,-345,361
3,14,217,434,-353,353
3,14,217,454,-498,-37
3,14,218,398,-351,351
3,14,218,399,-344,358
3,14,218,400,-344,358
3,14,218,401,-344,358
3,14,218,403,-344,358
3,14,218,406,-359,343
3,14,218,407,-351,351
3,14,218,408,-344,358
3,14,218,409,-344,358
3,14,218,410,-344,358
3,14,218,411,-344,358
3,14,218,412,-344,358
3,14,218,413,-344,358
3,14,218,414,-359,343
3,14,218,415,-344,358
3,14,218,418,-335,371
3,14,218,421,-359,343
3,14,218,424,-378,326
3,14,218,454,-498,-37
3,14,218,466,-498,37
3,14,218,468,-392,0
3,14,219,407,-371,335
3,14,219,412,-343,342
3,14,219,412,-333,332
3,14,219,414,-359,343
3,14,219,421,-369,333
3,14,219,421,-359,343
3,14,219,464,-482,132
3,14,219,466,-496,60
3,14,219,473,-478,-144
3,14,220,406,-371,335
3,14,220,411,-340,325
3,14,220,411,-333,332
3,14,220,412,-340,325
3,14,220,413,-340,325
3,14,220,414,-340,325
3,14,220,415,-340,325
3,14,220,416,-340,325
3,14,220,416,-325,340
3,14,220,417,-340,325
3,14,220,418,-340,325
3,14,220,428,-408,287
3,14,220,465,-492,85
3,14,221,427,-408,287
3,14,221,465,-494,74
3,14,221,466,-496,60
3,14,222,406,-371,335
3,14,222,407,-371,335
3,14,222,408,-371,335
3,14,222,409,-371,335
3,14,222,420,-378,326
3,14,222,421,-378,326
3,14,222,462,-490,97
3,14,222,467,-500,11
3,14,222,467,-498,37
3,14,222,468,-500,0
3,14,223,423,-394,306
3,14,223,424,-500,0
3,14,223,452,-500,0
3,14,223,466,-498,37
3,14,224,425,-408,287
3,14,225,452,-500,0
3,14,226,454,-498,-37
3,14,226,455,-498,-37
3,14,226,463,-496,60
3,14,230,448,-500,0
3,14,230,451,-500,0
3,14,230,452,-500,0
3,14,230,468,-500,0
3,14,231,444,-500,0
3,14,232,452,-500,0
3,14,232,455,-498,-37
3,14,233,455,-498,-37
3,43,139,1322,0,361
3,43,139,1330,0,447
3,43,139,1333,0,421
3,43,139,1335,0,395
3,43,139,1340,0,369
3,43,139,1347,0,130
3,43,140,1333,-21,421
3,43,141,1329,-33,445
3,43,141,1330,-33,445
3,43,143,1329,-66,442
3,43,143,1331,-62,416
3,43,143,1357,-386,86
3,43,145,1311,-132,482
3,43,145,1340,-98,355
3,43,147,1330,0,447
3,43,147,1332,-101,405
3,43,147,1340,0,369
3,43,148,1331,-119,431
3,43,148,1342,-30,72
3,43,149,1332,-132,400
3,43,151,1307,-156,474
3,43,151,1307,-144,478
3,43,151,1361,30,-154
3,43,152,1307,-156,474
3,43,156,1316,-25,500
3,43,158,1359,-167,-130
3,43,160,1350,-225,-183
3,43,162,1323,-345,361
3,43,164,1324,-345,361
3,43,167,1322,-345,361
3,43,167,1323,-345,361
3,43,167,1324,-345,361
3,43,170,1346,-361,345
3,43,171,1320,-361,345
3,43,171,1321,-361,345
3,43,171,1346,-361,345
3,43,173,1320,-277,416
3,43,173,1367,159,89
3,43,174,1335,-345,361
3,43,175,1319,-287,408
3,43,175,1332,-345,361
3,43,175,1339,-345,361
3,43,175,1364,-159,0
3,43,176,1328,-353,353
3,43,177,1320,-353,353
3,43,177,1351,-94,90
3,43,178,1321,-353,353
3,43,178,1321,-335,371
3,43,178,1322,-353,353
3,43,178,1322,-345,361
3,43,178,1322,-335,371
3,43,178,1323,-345,361
3,43,178,1323,-335,371
3,43,178,1324,-345,361
3,43,179,1325,-353,353
3,43,179,1348,-151,144
3,43,179,1349,-151,144
3,43,179,1349,-132,161
3,43,180,1324,-361,345
3,43,180,1325,-353,353
3,43,180,1347,-136,158
3,43,180,1348,-153,178
3,43,180,1348,-136,158
3,43,180,1367,0,0
3,43,180,1369,289,-21
3,43,180,1370,-6,25
3,43,180,1371,7,25
3,43,180,1373,0,-78
3,43,180,1374,-1,-26
3,43,182,1317,-353,353
3,43,183,1337,-330,298
3,43,184,1357,-360,80
3,43,185,1342,-217,226
3,43,185,1342,-205,237
3,43,188,1356,-91,130
3,43,189,1361,-224,79
3,43,189,1379,-157,99
3,43,191,1364,-52,0
3,43,192,1363,-208,36
3,43,193,1355,-411,92
3,43,193,1364,-290,0
3,43,194,1356,-353,106
3,43,194,1364,-99,148
3,43,196,1346,-198,132
3,43,196,1350,-442,169
3,43,196,1355,-433,108
3,43,197,1355,-378,114
3,43,198,1355,-378,114
3,43,198,1357,-387,76
3,43,198,1359,-309,69
3,43,199,1339,-223,182
3,43,200,1353,-393,151
3,43,201,1356,-408,101
3,43,201,1358,-413,82
3,43,202,1351,-417,160
3,43,202,1351,-414,171
3,43,202,1355,-407,111
3,43,203,1346,-361,345
3,43,203,1350,-414,171
3,43,205,1321,-353,353
3,43,205,1348,-433,192
3,43,205,1352,-484,121
3,43,205,1356,-437,97
3,43,206,1348,-433,192
3,43,206,1349,-438,181
3,43,207,1335,-345,361
3,43,208,1329,-371,335
3,43,208,1356,-439,87
3,43,209,1326,-361,345
3,43,209,1326,-353,353
3,43,209,1364,-473,0
3,43,210,1323,-345,361
3,43,210,1333,-353,353
3,43,211,1323,-353,353
3,43,211,1351,-453,136
3,43,212,1364,-500,0
3,43,213,1357,-468,70
3,43,214,1363,-492,85
3,43,218,1348,-500,0
3,43,218,1357,-494,74
3,43,218,1362,-492,85
3,43,220,1357,-462,191
3,43,221,1359,-484,121
3,43,223,1359,-484,121
3,43,225,1364,-500,0
3,43,226,1364,-444,0
3,43,231,1364,-500,0
3,43,232,1364,-500,0
3,75,139,2328,0,500
3,75,139,2347,0,500
3,75,139,2359,0,395
3,75,139,2364,0,369
3,75,139,2370,0,26
3,75,139,2378,-23,12
3,75,139,2379,0,0
3,75,139,2380,-25,-4
3,75,139,2380,0,0
3,75,141,2353,-33,445
3,75,141,2380,-262,-19
3,75,142,2381,-466,-81
3,75,143,2376,-114,295
3,75,149,2332,-121,484
3,75,160,2330,0,500
3,75,167,2346,-345,361
3,75,167,2348,-345,361
3,75,167,2352,-345,361
3,75,167,2373,-217,-227
3,75,168,2346,-345,361
3,75,168,2373,-191,182
3,75,169,2350,-345,361
3,75,171,2345,-361,345
3,75,171,2346,-361,345
3,75,171,2370,-361,345
3,75,173,2344,-277,416
3,75,174,2356,-345,361
3,75,176,2346,-353,353
3,75,177,2344,-353,353
3,75,177,2346,-353,353
3,75,178,2345,-335,371
3,75,178,2346,-353,353
3,75,178,2346,-345,361
3,75,178,2346,-335,371
3,75,178,2347,-353,353
3,75,178,2349,-353,353
3,75,179,2349,-353,353
3,75,179,2372,-116,141
3,75,179,2373,-132,161
3,75,180,2372,-136,158
3,75,185,2366,-217,226
3,75,205,2382,-442,66
3,75,209,2350,-353,353
3,75,209,2350,-345,361
3,75,209,2374,-361,345
3,75,210,2347,-335,371
3,121,156,3829,0,421
3,121,171,3819,0,473
3,121,178,3830,-102,408
3,121,180,3831,-132,400
3,121,181,3837,-150,337
3,121,182,3838,-174,325
3,121,196,3847,-312,282
3,121,198,3829,-500,-25
3,121,202,3841,-351,317
3,121,213,3823,-361,345
3,121,213,3843,-361,345
3,121,217,3832,-351,351
3,121,217,3839,-359,343
3,121,217,3839,-351,351
3,121,217,3844,-418,0
3,121,217,3844,-359,343
3,121,217,3844,-351,351
3,121,217,3850,-359,343
3,121,217,3850,-351,351
3,121,219,3841,-417,30
3,121,219,3843,-444,0
3,121,220,3836,-340,325
3,121,220,3837,-361,345
3,121,220,3841,-340,325
3,121,220,3843,-500,0
3,121,220,3844,-392,0
3,121,220,3847,-340,325
3,121,221,3836,-488,109
3,121,221,3841,-392,8
3,121,222,3838,-468,70
3,121,222,3844,-500,0
3,122,177,3878,-108,433
3,122,179,3874,-108,433
3,122,180,3865,-108,433
3,122,182,3860,-121,484
3,122,183,3867,-148,449
3,122,185,3851,-277,416
3,122,186,3900,-227,322
3,122,188,3847,-441,236
3,122,188,3898,-242,343
3,122,188,3902,-234,317
3,122,193,3898,-300,332
3,122,199,3881,-361,345
3,122,199,3882,-361,345
3,122,199,3883,-361,345
3,122,203,3886,-345,361
3,122,210,3870,-353,353
3,122,210,3871,-353,353
3,122,210,3872,-353,353
3,122,210,3878,-353,353
3,122,211,3872,-287,408
3,122,213,3888,-345,361
3,122,214,3868,-287,408
3,122,217,3863,-351,351
3,122,217,3864,-351,351
3,122,217,3865,-351,351
3,122,217,3870,-351,351
3,122,217,3871,-351,351
3,122,217,3873,-351,351
3,122,217,3874,-334,368
3,122,217,3876,-351,351
3,122,217,3877,-359,343
3,122,217,3877,-351,351
3,122,217,3884,-345,361
3,122,218,3877,-359,343
3,122,220,3873,-340,325
3,122,220,3874,-340,325
3,122,220,3907,-500,0
3,122,221,3908,-500,0
3,122,222,3876,-378,326
3,122,230,3907,-500,0
3,122,231,3908,-500,0
4,15,111,550,76,-387
4,15,111,559,58,-335
4,15,115,564,7,-314
4,15,123,525,235,-5
4,15,123,550,337,-290
4,15,135,545,317,-273
4,15,156,544,0,-342
4,15,159,563,-29,-391
4,15,162,436,74,248
4,15,163,436,74,248
4,15,165,436,199,199
4,15,165,436,203,203
4,15,166,436,203,203
4,15,167,436,198,198
4,15,168,436,16,228
4,15,168,436,353,0
4,15,169,436,347,0
4,15,170,436,-49,179
4,15,170,436,228,207
4,15,171,408,0,500
4,15,171,427,0,500
4,15,171,433,0,447
4,15,171,434,0,447
4,15,171,437,0,421
4,15,171,442,0,104
4,15,171,444,0,369
4,15,171,446,0,52
4,15,171,449,0,26
4,15,171,450,-105,381
4,15,171,452,0,26
4,15,171,454,-16,19
4,15,171,454,0,26
4,15,171,456,-16,19
4,15,171,456,-15,20
4,15,171,457,-23,12
4,15,171,457,0,261
4,15,171,458,-24,10
4,15,171,458,-23,12
4,15,171,458,-14,21
4,15,171,459,-26,-2
4,15,171,459,-26,-1
4,15,171,459,-21,221
4,15,171,459,0,235
4,15,171,460,0,209
4,15,171,462,-12,-23
4,15,171,464,0,0
4,15,171,549,82,-101
4,15,172,457,-23,11
4,15,173,442,109,363
4,15,173,446,-12,130
4,15,173,449,-3,25
4,15,173,460,-262,-19
4,15,173,546,-344,-281
4,15,174,422,-121,484
4,15,174,454,-76,306
4,15,174,458,-425,-140
4,15,174,458,-91,275
4,15,174,461,-466,-81
4,15,174,461,-104,184
4,15,174,546,-337,-290
4,15,175,454,-267,169
4,15,175,467,-9,-51
4,15,176,460,-141,223
4,15,177,565,0,-316
4,15,178,463,-55,-202
4,15,178,467,96,-124
4,15,179,415,-132,482
4,15,179,465,21,-182
4,15,179,551,-344,-281
4,15,180,441,-123,375
4,15,181,439,-141,396
4,15,181,453,-251,-82
4,15,182,451,-296,-402
4,15,182,467,99,-121
4,15,183,427,-137,453
4,15,183,437,-151,393
4,15,183,556,-17,-182
4,15,184,411,-156,474
4,15,184,466,130,-167
4,15,184,557,0,-340
4,15,185,429,-179,466
4,15,185,433,-181,438
4,15,185,541,-299,-258
4,15,186,428,-181,438
4,15,186,460,-283,133
4,15,187,464,73,-223
4,15,187,466,123,-101
4,15,188,576,0,-500
4,15,189,466,133,-128
4,15,189,530,-416,-62
4,15,190,549,-337,-248
4,15,191,429,-335,371
4,15,191,456,-135,-285
4,15,191,458,-205,-307
4,15,191,463,151,-216
4,15,191,546,-304,-291
4,15,191,552,-394,-306
4,15,192,455,-210,-201
4,15,193,431,-335,371
4,15,193,465,-117,-176
4,15,194,467,86,-130
4,15,194,551,-371,-335
4,15,195,463,-177,-196
4,15,195,467,130,-26
4,15,195,536,-421,-150
4,15,195,538,-438,-181
4,15,196,428,-361,345
4,15,196,428,-345,361
4,15,196,464,142,-157
4,15,196,465,-160,-176
4,15,196,465,132,-198
4,15,196,467,77,23
4,15,196,555,0,-421
4,15,197,461,-341,25
4,15,197,465,-137,-194
4,15,198,425,-335,371
4,15,198,426,-335,371
4,15,198,447,-266,255
4,15,198,465,103,-155
4,15,198,466,86,-130
4,15,198,467,117,-63
4,15,199,426,-345,361
4,15,199,427,-345,361
4,15,199,428,-345,361
4,15,199,432,-345,361
4,15,199,456,-169,-298
4,15,199,558,-394,-306
4,15,200,426,-345,361
4,15,200,465,103,-155
4,15,201,425,-335,371
4,15,201,426,-335,371
4,15,201,427,-335,371
4,15,201,430,-345,361
4,15,201,463,-220,-189
4,15,201,538,0,-290
4,15,201,548,-18,-369
4,15,202,456,-446,158
4,15,203,425,-353,353
4,15,203,426,-353,353
4,15,203,427,-361,345
4,15,203,428,-353,353
4,15,203,450,-361,345
4,15,204,429,-345,361
4,15,204,464,-391,58
4,15,204,467,-164,-87
4,15,205,424,-277,416
4,15,205,425,-335,371
4,15,205,426,-361,345
4,15,205,426,-353,353
4,15,205,426,-335,371
4,15,205,443,-345,361
4,15,205,460,-437,97
4,15,206,424,-287,408
4,15,206,436,-345,361
4,15,206,439,-345,361
4,15,206,443,-345,361
4,15,206,457,-428,129
4,15,206,462,-442,66
4,15,207,426,-353,353
4,15,207,426,-345,361
4,15,207,426,-335,371
4,15,207,427,-353,353
4,15,207,439,-345,361
4,15,207,443,-345,361
4,15,207,455,-450,148
4,15,207,458,-433,108
4,15,207,459,-437,97
4,15,207,557,-66,-442
4,15,208,423,-335,371
4,15,208,424,-335,371
4,15,208,425,-335,371
4,15,208,426,-353,353
4,15,208,432,-353,353
4,15,208,436,-345,361
4,15,208,439,-345,361
4,15,208,456,-148,449
4,15,208,457,-453,136
4,15,208,459,-407,111
4,15,209,424,-353,353
4,15,209,426,-353,353
4,15,209,432,-353,353
4,15,209,433,-345,361
4,15,209,459,-462,103
4,15,209,460,-464,92
4,15,209,525,-500,-25
4,15,210,425,-335,371
4,15,210,426,-353,353
4,15,210,426,-345,361
4,15,210,426,-335,371
4,15,210,427,-345,361
4,15,210,427,-335,371
4,15,210,428,-353,353
4,15,210,428,-345,361
4,15,210,429,-353,353
4,15,210,433,-345,361
4,15,210,442,-339,291
4,15,210,460,-464,92
4,15,211,428,-345,361
4,15,211,429,-361,345
4,15,211,429,-353,353
4,15,211,440,-345,361
4,15,211,442,-345,361
4,15,211,443,-345,361
4,15,211,525,-421,-10
4,15,212,429,-353,353
4,15,212,447,-339,291
4,15,212,451,-361,345
4,15,212,451,-335,371
4,15,212,452,-335,371
4,15,212,459,-466,81
4,15,212,459,-462,103
4,15,212,459,-361,345
4,15,212,463,-444,53
4,15,213,428,-361,345
4,15,213,437,-361,345
4,15,213,450,-335,371
4,15,213,451,-361,345
4,15,213,451,-335,371
4,15,213,458,-433,108
4,15,213,468,-235,0
4,15,214,433,-345,361
4,15,214,449,-326,378
4,15,214,450,-361,345
4,15,214,459,-462,103
4,15,215,459,-462,103
4,15,215,460,-464,92
4,15,215,550,-316,-316
4,15,216,462,-468,70
4,15,216,536,-385,-171
4,15,216,550,-323,-309
4,15,218,456,-488,109
4,15,218,459,-462,103
4,15,218,460,-494,74
4,15,218,461,-494,74
4,15,218,538,-348,-232
4,15,218,554,-342,-327
4,15,219,450,-350,233
4,15,219,459,-407,111
4,15,219,462,-442,66
4,15,219,553,-342,-327
4,15,220,545,-312,-283
4,15,221,443,-361,345
4,15,221,459,-462,103
4,15,223,460,-464,92
4,15,224,537,-446,-159
4,15,224,537,-442,-170
4,15,225,476,-298,297
4,15,226,459,-462,103
4,15,226,459,-407,111
4,15,227,457,-482,132
4,15,227,459,-411,92
4,15,227,462,-442,66
4,15,227,539,-400,-201
4,15,227,560,-371,-335
4,15,228,459,-462,103
4,15,228,463,-444,53
4,15,228,463,-391,38
4,15,228,537,-442,-170
4,15,228,540,-306,-394
4,15,229,459,-462,103
4,15,229,535,-421,-150
4,15,230,441,-345,361
4,15,231,460,-464,92
4,15,232,454,-442,169
4,15,233,430,-353,353
4,15,233,459,-492,85
4,15,234,468,-421,0
4,15,234,468,-235,0
4,15,234,524,-421,0
4,15,234,527,-418,-41
4,15,235,460,-464,92
4,15,235,547,-361,-345
4,15,236,463,-444,53
4,15,237,450,-335,371
4,15,237,459,-464,92
4,15,237,459,-462,103
4,15,237,467,-447,0
4,15,237,468,-447,0
4,15,238,452,-433,192
4,15,238,468,-447,0
4,15,238,523,-447,0
4,15,240,473,-307,204
4,15,240,527,-498,-37
4,15,242,453,-361,345
4,15,242,468,-473,0
4,15,242,524,-473,0
4,15,242,543,-371,-335
4,15,243,534,-488,-109
4,15,243,543,-386,-316
4,15,243,544,-470,-167
4,15,245,468,-235,0
4,15,248,448,-500,0
4,15,248,455,-361,345
4,15,248,546,-457,-203
4,15,249,523,-354,0
4,15,249,523,-199,-191
4,15,249,524,-354,0
4,15,250,468,-500,0
4,15,250,523,-500,0
4,15,250,525,-500,-11
4,15,251,524,-478,-144
4,15,252,468,-500,0
4,15,252,523,-497,0
4,15,252,523,-361,-345
4,15,253,468,-500,0
4,15,254,460,85,492
4,15,254,467,-478,144
4,15,254,524,-478,-144
4,15,256,465,-484,121
4,15,256,468,-500,0
4,15,256,468,-380,0
4,15,257,523,-451,-212
4,15,258,458,-474,156
4,15,258,460,-484,121
4,15,259,456,-478,144
4,15,259,467,-492,85
4,15,260,523,-451,-212
4,15,260,523,-416,-277
4,15,260,532,-462,-191
4,15,261,461,-496,60
4,15,262,461,-474,156
4,15,262,466,-500,25
4,15,262,524,-478,-144
4,15,262,533,-474,-156
4,15,263,460,-490,97
4,15,263,524,-462,-191
4,15,263,527,-470,-167
4,15,263,535,-478,-144
4,15,264,526,-236,-441
4,15,265,459,-492,85
4,15,265,524,-492,-85
4,15,265,534,-490,-97
4,15,266,460,-494,74
4,15,267,468,-500,0
4,123,203,3906,-361,345
4,123,205,3880,-277,416
4,123,207,3895,-345,361
4,123,210,3881,-335,371
4,123,210,3884,-353,353
4,123,225,3915,-411,92
4,123,229,3915,-378,114
4,123,230,3924,-316,0
4,123,232,3913,-393,151
4,123,245,3924,-473,0
4,123,250,3924,-500,0
4,123,253,3924,-500,0
6,15,192,417,0,500
6,15,197,449,423,212
6,15,198,467,100,30
6,15,200,467,138,-74
6,15,200,546,371,-289
6,15,201,467,138,-74
6,15,201,553,0,-316
6,15,206,466,161,-132
6,15,206,467,115,-62
6,15,207,466,101,-152
6,15,210,560,21,-287
6,15,211,558,23,-312
6,15,211,560,21,-287
6,15,212,465,-130,-87
6,15,214,467,157,-94
6,15,215,460,-86,161
6,15,215,465,101,-152
6,15,216,466,101,-152
6,15,218,454,-96,123
6,15,219,466,141,-116
6,15,219,467,115,-62
6,15,219,467,138,-74
6,15,220,451,-170,162
6,15,220,451,-153,178
6,15,220,466,132,-126
6,15,221,450,-176,194
6,15,221,450,-170,162
6,15,221,450,-158,174
6,15,221,450,-153,178
6,15,221,451,-170,162
6,15,221,461,-154,-30
6,15,221,466,101,-152
6,15,221,467,138,-74
6,15,223,448,-193,213
6,15,223,457,-273,-154
6,15,223,467,138,-74
6,15,227,461,-234,22
6,15,228,451,-170,162
6,15,228,451,-153,178
6,15,228,466,-77,15
6,15,228,467,138,-74
6,15,229,450,-176,194
6,15,230,449,-176,194
6,15,231,448,-193,213
6,15,231,460,-86,161
6,15,232,463,-205,-41
6,15,234,436,-345,361
6,15,236,447,0,261
6,15,236,451,-170,162
6,15,236,452,-153,178
6,15,237,450,-176,194
6,15,237,450,-153,178
6,15,237,467,138,-74
6,15,238,425,-353,353
6,15,238,450,-176,194
6,15,239,425,-353,353
6,15,239,448,-193,213
6,15,239,551,-27,-365
6,15,240,414,132,482
6,15,240,425,-353,353
6,15,241,418,97,490
6,15,241,421,-344,358
6,15,241,425,-353,353
6,15,242,425,-353,353
6,15,242,467,138,-74
6,15,243,421,-344,358
6,15,243,425,-353,353
6,15,243,466,101,-152
6,15,244,425,-353,353
6,15,245,419,-333,332
6,15,245,421,-344,358
6,15,245,425,-353,353
6,15,245,467,138,-74
6,15,246,419,-333,332
6,15,246,421,-344,358
6,15,246,425,-353,353
6,15,246,450,-151,144
6,15,246,467,138,-74
6,15,247,421,-344,358
6,15,247,425,-353,353
6,15,247,448,-193,213
6,15,247,466,101,-152
6,15,247,467,138,-74
6,15,247,467,157,-94
6,15,248,410,40,416
6,15,248,411,19,392
6,15,248,411,40,416
6,15,248,412,19,392
6,15,248,412,40,416
6,15,248,412,50,415
6,15,248,413,40,416
6,15,248,414,19,392
6,15,248,421,-344,358
6,15,248,425,-353,353
6,15,248,451,-148,449
6,15,248,467,100,30
6,15,249,411,53,441
6,15,249,412,53,441
6,15,249,413,28,391
6,15,249,413,45,469
6,15,249,413,53,441
6,15,249,414,45,469
6,15,249,415,0,471
6,15,249,415,45,469
6,15,249,421,-344,358
6,15,249,425,-353,353
6,15,249,444,-210,105
6,15,249,467,72,-108
6,15,250,415,60,493
6,15,250,416,60,493
6,15,250,417,48,498
6,15,250,417,60,493
6,15,250,418,48,498
6,15,250,419,-333,332
6,15,250,419,48,498
6,15,250,425,-353,353
6,15,250,459,0,238
6,15,250,467,138,-74
6,15,250,467,157,-94
6,15,251,413,0,418
6,15,251,414,0,392
6,15,251,414,0,444
6,15,251,414,0,500
6,15,251,414,85,492
6,15,251,416,0,444
6,15,251,416,0,471
6,15,251,418,0,471
6,15,251,419,-333,332
6,15,251,420,60,496
6,15,251,421,60,496
6,15,251,425,-353,353
6,15,251,427,0,500
6,15,251,434,0,447
6,15,251,451,0,104
6,15,251,452,0,104
6,15,252,409,0,500
6,15,252,410,0,366
6,15,252,411,0,392
6,15,252,413,0,500
6,15,252,415,0,418
6,15,252,416,0,500
6,15,252,419,0,500
6,15,252,425,-353,353
6,15,252,427,0,500
6,15,252,428,0,500
6,15,252,433,0,447
6,15,252,437,0,421
6,15,252,439,0,395
6,15,252,441,113,375
6,15,252,444,0,369
6,15,252,451,-170,162
6,15,252,451,0,104
6,15,252,452,0,104
6,15,252,467,72,-108
6,15,252,555,0,-421
6,15,253,413,-8,366
6,15,253,413,0,366
6,15,253,425,-353,353
6,15,253,430,0,447
6,15,253,437,0,421
6,15,253,450,-170,162
6,15,253,450,-158,174
6,15,253,451,0,104
6,15,253,461,-174,116
6,15,254,411,26,364
6,15,254,421,-344,358
6,15,254,425,-353,353
6,15,254,449,-176,194
6,15,254,450,-176,194
6,15,255,414,0,366
6,15,255,421,-344,358
6,15,255,425,-353,353
6,15,255,448,-193,213
6,15,255,467,138,-74
6,15,255,467,157,-94
6,15,256,410,0,340
6,15,256,411,0,340
6,15,256,411,0,418
6,15,256,413,0,392
6,15,256,414,0,366
6,15,256,421,-344,358
6,15,256,424,0,471
6,15,256,425,-353,353
6,15,257,410,0,340
6,15,257,411,0,340
6,15,257,421,-344,358
6,15,257,425,-353,353
6,15,257,467,138,-74
6,15,258,410,0,340
6,15,258,411,0,340
6,15,258,419,-333,332
6,15,258,425,-353,353
6,15,258,454,-96,123
6,15,259,410,0,340
6,15,259,411,0,340
6,15,259,411,26,364
6,15,259,421,-344,358
6,15,259,425,-353,353
6,15,259,570,11,-500
6,15,260,410,0,340
6,15,260,421,-344,358
6,15,260,425,-353,353
6,15,260,451,-170,162
6,15,260,452,-170,162
6,15,260,464,-129,-129
6,15,260,551,19,-395
6,15,260,565,0,-473
6,15,260,573,0,-500
6,15,260,574,0,-500
6,15,260,583,0,-500
6,15,261,410,0,340
6,15,261,411,0,340
6,15,261,425,-353,353
6,15,261,436,-345,361
6,15,261,450,-170,162
6,15,261,450,-158,174
6,15,262,410,0,340
6,15,262,411,0,340
6,15,262,421,-344,358
6,15,262,425,-353,353
6,15,262,449,-176,194
6,15,262,466,101,-152
6,15,263,410,0,340
6,15,263,411,0,340
6,15,263,421,-344,358
6,15,263,425,-353,353
6,15,263,448,-193,213
6,15,263,466,101,-152
6,15,264,410,0,340
6,15,264,411,0,340
6,15,264,411,26,364
6,15,264,419,-333,332
6,15,264,421,-344,358
6,15,264,425,-353,353
6,15,265,410,0,340
6,15,265,411,0,340
6,15,265,421,-344,358
6,15,265,425,-353,353
6,15,266,410,0,340
6,15,266,411,0,340
6,15,266,419,-333,332
6,15,266,421,-344,358
6,15,266,425,-353,353
6,15,267,409,0,500
6,15,267,410,0,340
6,15,267,411,0,340
6,15,267,425,-353,353
6,15,267,436,-345,361
6,15,267,443,-357,307
6,15,267,553,0,-369
6,15,267,557,0,-395
6,15,267,576,0,-500
6,15,268,410,0,340
6,15,268,421,-344,358
6,15,268,425,-353,353
6,15,268,451,-170,162
6,15,269,410,0,340
6,15,269,425,-353,353
6,15,270,410,0,340
6,15,270,421,-344,358
6,15,270,425,-353,353
6,15,270,429,-25,338
6,15,271,414,0,366
6,15,271,415,28,391
6,15,271,421,-351,351
6,15,271,425,-353,353
6,15,272,414,0,366
6,15,272,415,28,391
6,15,272,421,-344,358
6,15,272,425,-353,353
6,15,272,450,0,209
6,15,272,451,0,183
6,15,272,451,0,209
6,15,272,452,0,157
6,15,272,453,0,130
6,15,273,414,0,366
6,15,273,419,-333,332
6,15,273,421,-344,358
6,15,273,425,-353,353
6,15,274,414,0,366
6,15,274,415,0,366
6,15,274,415,28,391
6,15,274,421,-344,358
6,15,274,425,-353,353
6,15,275,414,0,366
6,15,275,415,0,366
6,15,275,421,-344,358
6,15,275,425,-353,353
6,15,275,456,-212,0
6,15,275,478,-12,-23
6,15,276,414,0,366
6,15,276,421,-344,358
6,15,276,425,-353,353
6,15,276,544,-279,-279
6,15,276,556,-129,-428
6,15,276,556,-118,-429
6,15,277,421,-344,358
6,15,277,424,-345,361
6,15,277,425,-353,353
6,15,278,421,-344,358
6,15,278,422,-351,351
6,15,278,425,-353,353
6,15,278,456,-212,0
6,15,279,421,-344,358
6,15,279,425,-394,306
6,15,279,425,-353,353
6,15,280,421,-344,358
6,15,280,425,-353,353
6,15,280,451,-208,268
6,15,280,562,-167,-470
6,15,280,563,-148,-450
6,15,281,421,-344,358
6,15,281,423,-392,304
6,15,281,425,-353,353
6,15,281,543,-344,-281
6,15,281,554,-190,-404
6,15,282,419,-333,332
6,15,282,421,-344,358
6,15,282,568,-167,-470
6,15,283,421,-344,358
6,15,283,561,-192,-433
6,15,284,421,-351,351
6,15,284,422,-345,361
6,15,285,421,-344,358
6,15,285,423,-386,316
6,15,285,425,-353,353
6,15,285,534,-303,-162
6,15,286,462,-328,98
6,15,286,541,-280,-241
6,15,286,563,-246,-435
6,15,287,534,-255,-266
6,15,288,422,-345,361
6,15,288,463,-386,86
6,15,288,569,-353,-353
6,15,289,421,-351,351
6,15,289,451,-318,234
6,15,290,422,-361,345
6,15,290,443,-314,314
6,15,291,526,0,314
6,15,291,536,-421,-150
6,15,291,540,-138,-74
6,15,292,527,-391,-58
6,15,292,564,0,-500
6,15,293,535,-421,-150
6,15,294,556,-300,-366
6,15,295,454,-380,179
6,15,295,486,-130,-3
6,15,295,521,-395,0
6,15,296,445,-351,272
6,15,296,445,-332,258
6,15,296,458,-403,121
6,15,296,462,-387,76
6,15,296,535,-390,-161
6,15,297,448,-500,0
6,15,297,460,-408,101
6,15,297,498,-366,0
6,15,300,461,-415,72
6,15,300,477,-432,-119
6,15,301,567,-253,-400
6,15,302,538,-438,-181
6,15,303,456,-500,0
6,15,303,521,-447,0
6,15,304,538,-478,-144
6,15,304,551,-471,-11
6,15,305,429,-345,361
6,15,305,430,-361,345
6,15,305,430,-353,353
6,15,305,476,-473,0
6,15,305,521,-473,0
6,15,305,522,-473,0
6,15,306,456,-447,224
6,15,306,544,-500,0
6,15,307,430,-361,345
6,15,307,530,-312,-54
6,15,307,538,-375,-113
6,15,308,429,-361,345
6,15,309,448,-500,0
6,15,309,465,-345,361
6,15,309,476,-473,0
6,15,309,484,-473,0
6,15,309,488,-473,0
6,15,309,495,-335,371
6,15,309,530,-468,-70
6,15,309,542,-353,-353
6,15,311,448,-500,0
6,15,311,542,-474,-156
6,15,311,543,-500,11
6,15,312,453,-500,-11
6,15,314,453,-500,-11
6,15,314,541,-478,-144
6,15,316,544,-361,-345
6,15,318,452,-500,0
6,15,319,474,-471,23
6,43,212,1308,108,485
6,43,212,1313,156,474
6,43,215,1314,121,484
6,43,217,1307,38,391
6,43,217,1308,28,391
6,43,217,1327,0,366
6,43,219,1310,22,444
6,43,219,1311,21,418
6,43,219,1311,22,444
6,43,220,1303,0,500
6,43,220,1313,23,471
6,43,220,1330,0,447
6,43,220,1347,-170,162
6,43,223,1362,101,-152
6,43,224,1306,0,340
6,43,224,1308,0,387
6,43,224,1308,0,500
6,43,224,1310,0,366
6,43,224,1310,0,387
6,43,224,1313,-21,418
6,43,224,1314,0,392
6,43,224,1349,-32,126
6,43,224,1350,-35,98
6,43,224,1350,0,104
6,43,224,1351,0,78
6,43,225,1306,0,340
6,43,225,1309,-20,392
6,43,225,1310,-22,431
6,43,225,1310,-18,366
6,43,225,1343,-51,256
6,43,225,1347,-27,180
6,43,225,1349,-57,53
6,43,225,1349,-28,127
6,43,226,1306,0,340
6,43,226,1310,-27,364
6,43,226,1342,-49,283
6,43,227,1306,0,340
6,43,227,1308,-44,363
6,43,227,1310,-44,363
6,43,227,1310,-35,364
6,43,227,1342,-96,270
6,43,227,1342,-90,273
6,43,227,1342,-69,278
6,43,227,1343,-117,262
6,43,227,1343,-96,270
6,43,227,1362,101,-152
6,43,228,1306,0,340
6,43,228,1308,-44,363
6,43,228,1310,-54,362
6,43,228,1310,-44,363
6,43,228,1338,-98,325
6,43,228,1347,-153,178
6,43,228,1347,-113,108
6,43,229,1306,0,340
6,43,229,1309,-71,358
6,43,229,1310,-54,362
6,43,229,1338,-114,319
6,43,230,1306,0,340
6,43,230,1309,-80,357
6,43,230,1310,0,366
6,43,231,1309,-89,354
6,43,231,1313,-85,383
6,43,231,1344,-193,213
6,43,232,1306,0,340
6,43,232,1362,101,-152
6,43,233,1306,0,340
6,43,233,1309,-89,354
6,43,233,1309,-80,357
6,43,234,1306,0,340
6,43,234,1309,-97,353
6,43,234,1309,-89,354
6,43,235,1306,0,340
6,43,235,1308,-106,350
6,43,235,1309,-106,350
6,43,236,1306,0,340
6,43,236,1308,-123,344
6,43,237,1306,0,340
6,43,237,1308,-123,344
6,43,237,1346,-176,194
6,43,238,1306,0,340
6,43,238,1308,-132,341
6,43,238,1332,-345,361
6,43,239,1306,0,340
6,43,239,1308,-132,341
6,43,239,1311,-159,358
6,43,240,1306,0,340
6,43,240,1307,0,340
6,43,240,1308,-140,339
6,43,240,1311,-167,353
6,43,240,1311,-159,358
6,43,240,1342,0,261
6,43,240,1343,0,261
6,43,240,1344,0,235
6,43,240,1345,0,235
6,43,240,1347,0,183
6,43,240,1349,0,157
6,43,240,1350,0,78
6,43,240,1350,0,104
6,43,241,1306,0,340
6,43,241,1307,0,340
6,43,241,1311,-176,351
6,43,241,1321,-353,353
6,43,242,1306,0,340
6,43,242,1310,-176,351
6,43,242,1316,-229,382
6,43,242,1317,-229,382
6,43,242,1321,-353,353
6,43,243,1306,0,340
6,43,243,1307,0,340
6,43,243,1310,-176,351
6,43,244,1306,0,340
6,43,244,1310,-193,341
6,43,244,1321,-353,353
6,43,245,1306,0,340
6,43,245,1310,-193,341
6,43,245,1321,-353,353
6,43,246,1306,0,340
6,43,246,1307,0,340
6,43,246,1312,-232,348
6,43,246,1337,0,314
6,43,246,1355,-231,-46
6,43,247,1306,0,340
6,43,247,1311,-232,348
6,43,247,1312,-232,348
6,43,247,1317,-344,358
6,43,247,1321,-353,353
6,43,248,1306,0,340
6,43,248,1309,-277,416
6,43,248,1321,-353,353
6,43,248,1343,0,261
6,43,248,1350,0,130
6,43,249,1306,0,340
6,43,249,1319,-344,358
6,43,249,1321,-353,353
6,43,249,1321,-345,361
6,43,250,1306,0,340
6,43,251,1306,0,340
6,43,251,1315,-333,332
6,43,251,1344,-277,277
6,43,252,1306,0,340
6,43,252,1319,-361,345
6,43,253,1306,0,340
6,43,253,1317,-351,351
6,43,253,1318,-361,345
6,43,254,1306,0,340
6,43,254,1307,0,340
6,43,255,1306,0,340
6,43,255,1317,-369,333
6,43,256,1306,0,340
6,43,256,1307,0,340
6,43,256,1316,-356,340
6,43,256,1317,-369,333
6,43,256,1318,-359,343
6,43,256,1343,0,261
6,43,257,1306,0,340
6,43,258,1306,0,340
6,43,259,1306,0,340
6,43,260,1306,0,340
6,43,261,1306,0,340
6,43,261,1307,0,340
6,43,262,1306,0,340
6,43,262,1307,0,340
6,43,263,1306,0,340
6,43,263,1307,0,340
6,43,264,1306,0,340
6,43,264,1307,0,340
6,43,265,1306,0,340
6,43,265,1307,0,340
6,43,265,1307,18,366
6,43,266,1306,0,340
6,43,266,1307,0,340
6,43,267,1306,0,340
6,43,267,1307,0,340
6,43,267,1309,0,366
6,43,268,1364,78,7
6,43,268,1365,261,25
6,43,268,1367,186,348
6,43,269,1306,0,340
6,43,269,1321,-353,353
6,43,271,1310,0,366
6,43,271,1370,312,282
6,43,272,1317,-359,343
6,43,272,1317,-351,351
6,43,272,1346,0,209
6,43,272,1364,326,378
6,43,272,1369,360,265
6,43,272,1370,304,291
6,43,273,1317,-361,345
6,43,273,1368,317,234
6,43,274,1374,281,-70
6,43,275,1373,323,309
6,43,275,1373,332,300
6,43,276,1338,-132,371
6,43,276,1364,289,0
6,43,278,1376,304,291
6,43,279,1384,328,90
6,43,283,1364,317,-190
6,43,283,1365,311,-197
6,43,283,1367,291,-226
6,43,283,1381,266,255
6,43,285,1362,168,-298
6,43,288,1363,153,-307
6,43,288,1368,364,-55
6,43,291,1366,275,-203
6,43,292,1363,134,-285
6,43,293,1356,-381,104
6,43,301,1321,-353,353
6,43,301,1348,-433,192
6,43,301,1364,-447,0
6,43,303,1336,-345,361
6,43,306,1331,-326,378
6,43,308,1364,-497,0
6,43,315,1364,-444,0
6,43,324,1351,-470,167
6,124,204,3950,-4,-78
6,124,208,3912,-148,449
6,124,209,3942,89,357
6,124,212,3925,0,421
6,124,213,3924,-435,246
6,124,217,3922,-482,132
6,124,217,3922,-466,179
6,124,220,3924,-500,0
6,124,223,3910,-316,386
6,124,223,3919,-462,191
6,124,224,3919,-474,156
6,124,225,3921,-482,132
6,124,318,4012,-500,-11
7,44,220,1365,0,421
7,44,230,1365,21,421
7,44,231,1365,0,421
7,44,235,1365,0,421
7,44,236,1353,345,361
7,44,240,1361,0,447
7,44,240,1365,0,421
7,44,246,1365,21,421
7,44,247,1373,0,209
7,44,250,1356,236,441
7,44,250,1358,478,144
7,44,251,1356,457,203
7,44,252,1351,236,441
7,44,252,1356,447,224
7,44,253,1354,408,287
7,44,254,1354,402,296
7,44,255,1351,236,441
7,44,255,1359,466,179
7,44,255,1365,21,421
7,44,256,1365,0,421
7,44,256,1365,21,421
7,44,257,1373,18,369
7,44,258,1351,236,441
7,44,258,1364,482,132
7,44,259,1360,470,167
7,44,259,1364,74,248
7,44,261,1348,180,435
7,44,261,1362,484,121
7,44,261,1364,201,201
7,44,262,1347,0,500
7,44,262,1364,194,194
7,44,262,1364,198,198
7,44,262,1364,203,203
7,44,264,1347,0,500
7,44,264,1350,0,500
7,44,264,1365,0,421
7,44,265,1364,350,0
7,44,266,1347,0,500
7,44,266,1351,37,498
7,44,266,1364,435,246
7,44,266,1365,21,421
7,44,267,1364,-46,204
7,44,267,1364,-39,173
7,44,267,1365,0,421
7,44,267,1367,244,244
7,44,267,1370,0,104
7,44,267,1381,-5,25
7,44,267,1387,-26,-2
7,44,267,1388,-21,-14
7,44,270,1365,-41,419
7,44,271,1367,-67,389
7,44,272,1352,-148,449
7,44,272,1365,21,421
7,44,273,1365,-92,411
7,44,273,1365,0,421
7,44,273,1395,89,-128
7,44,273,1395,92,-126
7,44,274,1393,26,-181
7,44,275,1365,21,421
7,44,275,1368,-114,378
7,44,275,1395,92,-126
7,44,275,1395,128,-25
7,44,276,1393,21,-182
7,44,276,1395,179,-108
7,44,278,1368,-161,389
7,44,279,1360,-140,424
7,44,279,1365,-51,417
7,44,279,1371,-177,353
7,44,280,1364,-182,408
7,44,280,1369,-58,390
7,44,281,1365,-190,403
7,44,282,1390,-91,-220
7,44,284,1365,0,421
7,44,285,1357,-201,427
7,44,285,1365,-21,421
7,44,288,1362,0,447
7,44,288,1367,0,395
7,44,289,1359,-244,407
7,44,289,1361,-23,447
7,44,289,1365,-21,421
7,44,289,1368,-171,385
7,44,292,1378,-255,266
7,44,295,1376,-279,279
7,44,296,1376,-293,265
7,44,298,1373,-298,297
7,44,299,1359,-253,399
7,44,300,1396,182,35
7,44,304,1366,-390,220
7,44,308,1364,-451,212
7,44,308,1393,0,0
7,44,320,1364,-500,0
7,44,321,1364,-500,0
7,123,249,3867,38,391
7,123,251,3908,0,104
7,123,252,3886,0,473
7,123,256,3870,0,366
7,123,257,3868,-20,405
7,123,257,3869,-32,429
7,123,257,3869,-20,392
7,123,257,3870,-18,366
7,123,260,3866,0,340
7,123,260,3907,-113,108
7,123,261,3870,-54,362
7,123,263,3883,0,444
7,123,267,3866,0,340
7,123,268,3868,-123,344
7,123,270,3866,0,340
7,123,272,3868,-149,334
7,123,275,3866,0,340
7,123,275,3881,-353,353
7,123,276,3881,-353,353
7,123,277,3881,-353,353
7,123,281,3881,-353,353
7,123,283,3877,-344,358
7,123,284,3879,-326,378
7,123,288,3877,-369,333
7,123,290,3866,0,340
7,123,293,3866,0,340
7,123,294,3866,0,340
7,123,295,3866,0,340
7,123,295,3877,-351,351
7,123,296,3866,0,340
7,123,297,3866,0,340
7,123,299,3866,0,340
7,123,299,3866,0,342
7,123,299,3869,0,366
7,123,299,3923,-39,154
7,123,300,3866,0,340
7,123,300,3919,198,371
7,123,300,3924,78,7
7,123,301,3866,0,340
7,123,301,3867,-8,366
7,123,306,3871,28,391
7,123,307,3870,0,366
7,123,308,3870,0,366
7,123,308,3927,5,-25
7,123,324,3906,-361,345
7,123,335,3896,-345,361
9,44,259,1360,361,345
9,44,260,1364,296,402
9,44,273,1357,361,345
9,44,273,1364,274,353
9,44,274,1359,262,394
9,44,276,1373,365,257
9,44,277,1364,265,360
9,44,278,1364,257,365
9,44,278,1375,285,273
9,44,280,1373,250,305
9,44,281,1367,225,355
9,44,281,1375,332,258
9,44,287,1364,159,415
9,44,290,1368,123,375
9,44,291,1358,97,437
9,44,291,1370,132,371
9,44,292,1365,0,421
9,44,292,1365,101,408
9,44,292,1368,114,378
9,44,293,1366,92,411
9,44,294,1363,72,414
9,44,294,1366,62,416
9,44,294,1372,80,360
9,44,294,1375,82,332
9,44,295,1368,67,389
9,44,295,1369,67,389
9,44,295,1372,71,361
9,44,295,1375,75,334
9,44,296,1362,150,421
9,44,297,1365,41,419
9,44,298,1366,141,396
9,44,299,1365,0,421
9,44,299,1365,21,421
9,44,299,1370,132,371
9,44,303,1347,0,500
9,44,303,1365,0,421
9,44,304,1365,21,421
9,44,304,1366,-390,220
9,44,305,1365,0,421
9,44,305,1365,41,419
9,44,305,1365,50,417
9,44,306,1365,31,419
9,44,306,1365,41,419
9,44,307,1361,22,447
9,44,307,1365,21,421
9,44,307,1365,31,419
9,44,307,1369,19,395
9,44,308,1365,0,421
9,44,308,1387,17,182
9,44,308,1387,207,111
9,44,309,1364,-435,246
9,44,309,1364,-135,192
9,44,311,1350,361,345
9,44,312,1360,-306,394
9,44,315,1364,-500,0
9,44,315,1365,-102,408
9,44,317,1348,-266,419
9,44,319,1359,-457,203
9,44,320,1348,-287,408
9,44,320,1348,-148,449
9,44,320,1349,-316,386
9,44,320,1360,-474,156
9,44,320,1361,-488,109
9,44,321,1350,-345,361
9,44,324,1360,-482,132
9,44,326,1354,-441,236
9,44,355,1358,10,447
9,44,379,1420,-342,0
9,44,390,1419,-421,-10
9,44,390,1420,-421,0
9,44,397,1437,-447,0
9,44,404,1420,-500,0
9,44,408,1407,-378,326
9,44,411,1416,-492,85
9,124,284,3924,500,0
9,124,286,3916,435,246
9,124,288,3923,500,25
9,124,299,3945,15,20
9,124,304,3932,71,361
9,124,308,3926,-324,173
9,124,320,3910,-345,361
9,124,321,3914,-236,441
9,124,324,3915,-148,449
9,124,395,3970,-361,345
9,124,404,3995,-148,449
10,43,265,1332,402,296
10,43,266,1356,223,417
10,43,267,1327,361,345
10,43,267,1329,353,353
10,43,269,1328,353,353
10,43,269,1328,361,345
10,43,269,1332,345,361
10,43,269,1348,399,-253
10,43,270,1328,353,353
10,43,270,1329,353,353
10,43,271,1353,372,248
10,43,272,1352,0,500
10,43,272,1353,321,-203
10,43,273,1321,353,353
10,43,274,1326,345,361
10,43,274,1353,303,91
10,43,275,1396,183,0
10,43,276,1348,432,-192
10,43,278,1336,462,191
10,43,279,1317,358,343
10,43,279,1325,242,404
10,43,279,1334,25,497
10,43,281,1364,0,-421
10,43,281,1377,151,365
10,43,281,1378,151,365
10,43,282,1324,158,443
10,43,282,1351,389,161
10,43,282,1352,160,-361
10,43,282,1352,167,-357
10,43,282,1352,350,-233
10,43,282,1358,-10,-421
10,43,282,1359,0,-421
10,43,282,1359,17,-342
10,43,282,1366,-18,-369
10,43,284,1356,353,106
10,43,285,1360,-9,-395
10,43,285,1363,-139,-313
10,43,286,1356,-8,-369
10,43,286,1359,0,-421
10,43,286,1389,-105,295
10,43,287,1317,358,343
10,43,287,1320,22,444
10,43,287,1320,43,442
10,43,287,1366,-169,-298
10,43,288,1320,0,440
10,43,288,1320,0,471
10,43,288,1322,0,444
10,43,288,1323,0,444
10,43,288,1323,0,466
10,43,288,1369,-133,283
10,43,289,1320,-22,444
10,43,289,1364,-395,0
10,43,289,1368,-83,-332
10,43,290,1317,0,418
10,43,290,1318,0,418
10,43,290,1366,-111,-269
10,43,290,1393,-23,315
10,43,291,1314,0,392
10,43,291,1363,46,-310
10,43,291,1370,-276,-203
10,43,291,1370,-270,-210
10,43,291,1377,-276,203
10,43,292,1314,0,392
10,43,292,1319,0,447
10,43,292,1365,-6,-264
10,43,292,1387,-321,181
10,43,293,1363,-395,8
10,43,293,1372,-253,-63
10,43,293,1375,-356,-98
10,43,294,1361,-365,26
10,43,294,1371,-357,-89
10,43,294,1372,-356,-98
10,43,295,1313,18,366
10,43,295,1314,8,366
10,43,295,1369,-74,-226
10,43,295,1372,-208,-199
10,43,295,1375,-344,194
10,43,296,1311,0,340
10,43,296,1374,-325,-107
10,43,296,1376,-35,-232
10,43,297,1313,-8,366
10,43,297,1364,-287,0
10,43,297,1374,-94,-157
10,43,298,1326,90,328
10,43,298,1367,-78,-165
10,43,298,1368,-290,-14
10,43,298,1375,-446,43
10,43,298,1375,-289,21
10,43,298,1375,-276,-91
10,43,298,1377,-269,-111
10,43,299,1374,-278,-84
10,43,299,1375,-276,-91
10,43,299,1378,-256,180
10,43,300,1372,-255,-57
10,43,300,1377,-246,-88
10,43,300,1381,-264,13
10,43,300,1381,-234,-117
10,43,300,1387,-209,-10
10,43,300,1390,-283,63
10,43,301,1349,132,161
10,43,301,1374,-307,-76
10,43,301,1374,-256,-64
10,43,301,1375,-253,-76
10,43,301,1380,-258,-39
10,43,301,1385,-253,63
10,43,301,1386,-260,-25
10,43,301,1396,157,94
10,43,302,1360,311,197
10,43,302,1362,-261,5
10,43,302,1369,-279,279
10,43,302,1377,-224,-80
10,43,302,1382,-234,17
10,43,303,1363,142,157
10,43,303,1366,-96,382
10,43,303,1367,-54,444
10,43,303,1368,-208,-15
10,43,304,1362,-252,-228
10,43,304,1375,-241,107
10,43,304,1375,-200,-71
10,43,304,1382,-212,-100
10,43,304,1382,-195,75
10,43,304,1385,-221,78
10,43,305,1306,0,340
10,43,305,1363,-261,0
10,43,305,1364,-169,-70
10,43,305,1368,-174,-116
10,43,305,1368,19,395
10,43,305,1370,-155,-103
10,43,305,1375,-146,-153
10,43,306,1307,18,366
10,43,306,1307,26,364
10,43,306,1308,18,366
10,43,306,1308,26,364
10,43,306,1372,-176,-160
10,43,306,1376,-176,-117
10,43,306,1382,-130,86
10,43,306,1388,-130,-87
10,43,306,1390,-152,101
10,43,307,1306,0,340
10,43,307,1307,0,340
10,43,307,1314,0,392
10,43,307,1370,-135,285
10,43,307,1374,-39,-155
10,43,307,1375,-87,-164
10,43,307,1381,-100,-187
10,43,307,1385,-130,-87
10,43,307,1386,-130,86
10,43,307,1389,-130,86
10,43,307,1390,-130,86
10,43,307,1393,-62,115
10,43,308,1305,0,342
10,43,308,1306,0,340
10,43,308,1306,7,340
10,43,308,1307,0,340
10,43,308,1358,-80,-194
10,43,309,1306,0,340
10,43,309,1360,-4,-183
10,43,309,1361,70,-140
10,43,310,1306,0,340
10,43,311,1306,0,340
10,43,312,1343,0,261
10,43,319,1306,0,340
10,43,320,1306,0,340
10,43,320,1307,0,340
10,43,322,1306,0,340
10,43,322,1307,0,340
10,43,322,1307,26,364
10,43,323,1306,0,340
10,43,324,1306,0,340
10,43,325,1306,0,340
10,43,326,1306,0,340
10,43,327,1306,0,340
10,43,328,1306,0,340
10,43,329,1306,0,340
10,43,330,1306,0,340
10,43,330,1307,0,340
10,43,331,1306,0,340
10,43,332,1306,0,340
10,43,333,1306,0,340
10,43,334,1306,0,340
10,43,335,1306,0,340
10,43,335,1307,0,340
10,43,336,1306,0,340
10,43,336,1307,0,340
10,43,336,1342,0,261
10,43,336,1343,0,261
10,43,336,1347,0,183
10,43,336,1349,0,157
10,43,336,1350,0,78
10,43,337,1306,0,340
10,43,338,1306,0,340
10,43,339,1306,0,340
10,43,339,1308,18,366
10,43,340,1306,0,340
10,43,340,1307,0,340
10,43,340,1318,0,418
10,43,341,1306,0,340
10,43,342,1306,0,340
10,43,343,1306,0,340
10,43,344,1306,0,340
10,43,344,1344,0,235
10,43,345,1306,0,340
10,43,346,1306,0,340
10,43,347,1306,0,340
10,43,347,1316,343,358
10,43,347,1317,343,358
10,43,347,1317,358,343
10,43,348,1306,0,340
10,43,348,1316,351,351
10,43,348,1317,343,358
10,43,348,1317,358,343
10,43,349,1317,343,358
10,43,349,1317,358,343
10,43,350,1306,0,340
10,43,350,1317,343,358
10,43,350,1317,358,343
10,43,351,1306,0,340
10,43,351,1317,343,358
10,43,351,1317,358,343
10,43,352,1306,0,340
10,43,352,1309,-18,366
10,43,352,1310,0,366
10,43,352,1310,0,387
10,43,352,1311,0,340
10,43,352,1311,0,366
10,43,352,1314,0,392
10,43,352,1317,343,358
10,43,352,1317,358,343
10,43,352,1343,-237,247
10,43,353,1309,-18,366
10,43,353,1316,343,358
10,43,353,1317,358,343
10,43,354,1308,18,369
10,43,354,1310,-27,364
10,43,354,1316,343,358
10,43,354,1317,351,351
10,43,354,1317,358,343
10,43,354,1340,-266,255
10,43,355,1306,0,369
10,43,355,1306,7,340
10,43,355,1307,0,340
10,43,355,1309,8,366
10,43,355,1333,21,421
10,43,356,1303,0,500
10,43,356,1306,0,340
10,43,356,1307,0,366
10,43,356,1308,0,369
10,43,358,1312,-29,391
10,43,364,1358,40,-33
10,43,367,1355,50,-21
10,43,370,1306,-203,457
10,43,371,1318,-252,397
10,43,373,1346,-299,257
10,43,376,1321,-326,378
10,43,379,1310,85,492
10,43,380,1308,74,494
10,43,382,1314,-335,371
10,43,413,1404,-238,0
10,43,417,1404,-290,0
10,43,420,1404,-316,-7
10,43,429,1396,-447,0
10,43,433,1374,-473,10
10,43,433,1376,-473,0
10,43,433,1404,-473,0
10,43,446,1399,-494,74
10,43,456,1398,-496,60
10,123,286,3878,361,345
10,123,297,3924,-292,-120
10,123,299,3925,9,24
10,123,299,3929,10,-23
10,123,300,3930,-446,43
10,123,303,3928,-263,175
10,123,304,3871,0,392
10,123,304,3918,-223,-183
10,123,305,3912,-386,-316
10,123,306,3867,18,366
10,123,306,3921,-112,-144
10,123,306,3927,-199,371
10,123,307,3866,0,340
10,123,307,3921,-16,-130
10,123,307,3926,-2,25
10,123,308,3866,0,340
10,123,308,3867,0,340
10,123,308,3867,0,395
10,123,310,3866,0,340
10,123,311,3866,0,340
10,123,311,3877,358,343
10,123,313,3866,0,340
10,123,315,3866,0,340
10,123,316,3866,0,340
10,123,317,3866,0,340
10,123,318,3866,0,340
10,123,319,3866,0,340
10,123,319,3867,0,340
10,123,320,3866,0,340
10,123,322,3866,0,340
10,123,322,3908,0,78
10,123,324,3866,0,340
10,123,326,3866,0,340
10,123,327,3866,0,340
10,123,329,3867,26,364
10,123,330,3866,0,340
10,123,330,3867,0,340
10,123,331,3866,0,340
10,123,331,3874,0,392
10,123,332,3866,0,340
10,123,334,3877,358,343
10,123,335,3877,343,358
10,123,337,3866,0,340
10,123,338,3866,0,340
10,123,338,3881,353,353
10,123,340,3866,0,340
10,123,342,3866,0,340
10,123,343,3866,0,340
10,123,346,3866,0,340
10,123,347,3866,0,340
10,123,351,3866,0,340
10,123,354,3866,0,340
10,123,355,3866,0,340
10,123,359,3866,0,340
10,123,362,3866,0,340
10,123,363,3866,0,340
10,123,388,3865,0,500
10,123,388,3872,0,500
10,123,388,3883,0,500
10,123,388,3884,0,500
10,123,414,3873,-326,378
42,4,1340,201,291,-339
42,4,1343,197,266,-326
42,4,1451,153,0,-500
42,4,1451,163,0,-500
42,4,1453,130,-447,10
42,4,1455,105,-394,140
42,4,1455,159,-191,-462
42,4,1455,162,-167,-470
42,4,1456,162,-179,-466
42,4,1459,164,-224,-447
42,4,1460,161,-296,-402
42,4,1461,161,-306,-394
42,4,1461,162,-296,-402
42,4,1462,162,-287,-408
42,4,1464,158,-394,-306
42,4,1464,160,-371,-335
42,4,1464,161,-361,-345
42,4,1464,164,-326,-378
42,4,1467,154,-470,-167
42,4,1467,156,-500,0
42,4,1467,159,-500,0
42,4,1468,156,-500,0
42,4,1468,156,-478,-144
42,4,1468,156,-361,-345
42,4,1468,156,-287,-408
42,4,1468,157,-500,0
42,4,1468,159,-287,-408
42,7,1354,295,21,-421
42,7,1354,299,22,-447
42,7,1354,303,-81,-466
42,7,1355,299,22,-447
42,7,1355,308,-306,-394
42,7,1427,244,0,0
42,7,1446,239,-389,67
42,7,1449,236,-255,254
42,7,1449,238,-415,72
42,7,1449,241,-416,-62
42,7,1449,241,-111,-208
42,7,1451,244,0,-183
42,7,1453,235,-287,0
42,7,1453,239,-446,-43
42,7,1455,225,-203,457
42,7,1459,217,-203,457
42,7,1459,228,-386,316
42,7,1460,218,-277,416
42,7,1460,218,-224,447
42,7,1463,222,-441,236
42,7,1463,223,-371,335
42,7,1463,224,-441,236
42,7,1463,224,-402,296
42,7,1463,256,-441,-236
42,7,1464,223,-378,326
42,7,1464,224,-361,345
42,7,1467,225,-287,408
42,7,1467,250,-478,-144
42,7,1467,250,-470,-167
42,7,1467,250,-397,-130
42,7,1468,226,-500,0
42,7,1468,227,-500,0
42,7,1468,228,-500,0
42,7,1468,231,-500,0
42,7,1468,232,-500,0
42,7,1468,234,-500,0
42,7,1468,247,-500,0
42,7,1468,252,-488,-109
42,7,1469,251,-466,-179
42,7,1469,252,-462,-191
42,7,1470,251,-466,-179
43,2,1433,108,139,74
43,2,1433,109,121,99
43,2,1435,112,11,236
43,2,1439,127,-151,-144
43,2,1441,134,-419,31
43,2,1442,109,-74,-74
43,2,1443,110,15,156
43,2,1444,112,-154,306
43,2,1444,116,0,369
43,2,1444,116,8,369
43,2,1444,120,58,390
43,2,1445,120,58,390
43,2,1445,120,86,385
43,2,1448,118,0,340
43,2,1449,108,84,126
43,2,1449,112,14,203
43,2,1450,127,18,-369
43,2,1451,141,0,-447
43,2,1451,146,0,-473
43,2,1451,148,-361,-345
43,2,1451,148,-167,-470
43,2,1451,148,0,-500
43,2,1452,120,-130,195
43,2,1457,128,-107,-353
43,2,1458,156,-132,-482
43,2,1458,161,-132,-482
43,2,1459,132,-123,-375
43,2,1459,161,-132,-482
43,2,1460,136,-141,-396
43,2,1460,137,-132,-400
43,2,1460,161,-132,-482
43,2,1461,136,-141,-396
43,2,1461,140,-140,-425
43,2,1461,144,-126,-457
43,2,1462,148,-126,-457
43,2,1463,139,-160,-417
43,2,1464,143,-170,-442
43,2,1464,161,-150,-363
43,2,1465,142,-181,-438
43,2,1466,142,-192,-433
43,2,1468,129,0,-500
43,2,1469,144,-48,-498
43,2,1471,93,-211,20
43,2,1477,148,-345,-361
43,2,1479,84,-253,-63
43,2,1483,75,0,236
43,2,1493,116,-353,-353
43,2,1493,132,-361,-345
43,2,1495,119,-361,-345
43,2,1495,125,-345,-361
43,2,1497,115,-345,-361
43,2,1497,122,-359,-344
43,2,1497,124,-359,-344
43,2,1497,125,-359,-344
43,2,1497,127,-344,-359
43,2,1497,131,-359,-344
43,2,1497,132,-359,-344
43,2,1497,133,-359,-344
43,2,1497,134,-359,-344
43,2,1497,135,-351,-351
43,2,1497,136,-359,-344
43,2,1498,119,-386,-316
43,2,1498,122,-369,-334
43,2,1498,122,-359,-344
43,2,1498,122,-351,-351
43,2,1501,90,-498,37
43,2,1502,91,-500,25
43,2,1502,122,-378,-326
43,2,1510,100,-500,0
43,2,1511,89,-500,25
43,2,1511,99,-500,0
43,2,1511,100,-500,0
43,2,1512,90,-500,11
43,5,1414,116,201,201
43,5,1440,147,128,-25
43,5,1443,132,-253,126
43,5,1445,134,-162,86
43,5,1449,133,-217,-362
43,5,1451,217,-23,-11
43,5,1451,220,-15,-21
43,5,1452,148,-123,-27
43,5,1453,207,152,101
43,5,1453,261,-48,-498
43,5,1454,209,228,151
43,5,1455,154,-217,-326
43,5,1455,202,-31,-419
43,5,1456,210,-89,-357
43,5,1457,207,217,-90
43,5,1457,211,-60,-496
43,5,1458,193,-54,-362
43,5,1458,195,-58,-335
43,5,1458,196,-58,-335
43,5,1459,198,-54,-309
43,5,1459,212,-85,-492
43,5,1459,224,-85,-492
43,5,1460,208,302,-125
43,5,1461,137,-151,-144
43,5,1461,193,-107,-431
43,5,1461,194,-94,-421
43,5,1461,230,-121,-484
43,5,1462,193,-114,-456
43,5,1462,197,-98,-392
43,5,1462,198,-89,-396
43,5,1465,239,-132,-482
43,5,1466,179,-201,-400
43,5,1469,158,-157,0
43,5,1469,188,-220,-390
43,5,1469,190,-233,-412
43,5,1470,233,-500,0
43,5,1473,158,-26,0
43,5,1474,163,-55,-55
43,5,1475,197,-236,-441
43,5,1475,233,-500,0
43,5,1476,126,-500,0
43,5,1477,202,-224,-447
43,5,1478,228,-300,-366
43,5,1479,169,-418,0
43,5,1480,233,-500,0
43,5,1482,156,-466,0
43,5,1485,183,-495,36
43,5,1488,164,-471,0
43,5,1488,165,-471,0
43,5,1488,169,-471,0
43,5,1489,161,-471,-11
43,5,1490,155,-471,23
43,5,1490,170,-471,23
43,5,1490,171,-471,23
43,5,1490,172,-471,23
43,5,1490,179,-471,23
43,5,1490,181,-471,23
43,5,1490,184,-471,23
43,5,1490,190,-471,23
43,5,1490,192,-471,23
43,5,1490,193,-471,23
43,5,1491,153,-478,144
43,5,1492,156,-444,0
43,5,1492,157,-444,-10
43,5,1492,157,-444,0
43,5,1492,158,-444,-22
43,5,1493,221,-353,-353
43,5,1494,222,-361,-345
43,5,1496,156,-440,0
43,5,1496,224,-353,-353
43,5,1497,156,-440,0
43,5,1497,224,-353,-353
43,5,1498,227,-353,-353
43,5,1499,155,-417,30
43,5,1499,156,-417,30
43,5,1499,157,-417,30
43,5,1499,158,-417,30
43,5,1499,159,-418,-21
43,5,1499,159,-417,30
43,5,1499,160,-418,-21
43,5,1499,160,-417,30
43,5,1499,161,-417,30
43,5,1499,162,-417,30
43,5,1499,163,-417,30
43,5,1499,164,-417,30
43,5,1499,165,-417,30
43,5,1499,166,-417,30
43,5,1499,167,-418,0
43,5,1499,167,-417,30
43,5,1499,168,-417,30
43,5,1499,169,-417,30
43,5,1499,170,-417,30
43,5,1499,171,-417,30
43,5,1499,172,-417,30
43,5,1499,173,-417,30
43,5,1499,174,-417,30
43,5,1499,175,-417,30
43,5,1499,176,-417,30
43,5,1499,177,-417,30
43,5,1499,178,-417,30
43,5,1499,179,-417,30
43,5,1499,180,-417,30
43,5,1499,181,-417,30
43,5,1499,182,-417,30
43,5,1499,183,-417,30
43,5,1499,184,-417,30
43,5,1499,185,-417,30
43,5,1499,187,-417,30
43,5,1499,188,-417,30
43,5,1499,190,-417,30
43,5,1499,191,-417,30
43,5,1499,192,-417,30
43,5,1499,193,-417,30
43,5,1499,194,-417,30
43,5,1499,195,-417,30
43,5,1499,197,-417,30
43,5,1499,199,-417,30
43,5,1499,200,-417,30
43,5,1499,201,-417,30
43,5,1499,227,-353,-353
43,5,1499,228,-345,-361
43,5,1500,157,-444,0
43,5,1500,228,-361,-345
43,5,1500,228,-353,-353
43,5,1501,195,-392,0
43,5,1501,228,-353,-353
43,5,1502,156,-392,0
43,5,1502,157,-471,0
43,5,1502,158,-392,-9
43,5,1502,158,-392,0
43,5,1502,159,-392,-9
43,5,1503,156,-500,0
43,5,1503,156,-392,0
43,5,1503,159,-392,-9
43,5,1503,161,-392,-9
43,5,1503,162,-392,-9
43,5,1503,165,-392,19
43,5,1505,195,-366,0
43,5,1506,156,-366,0
43,5,1506,157,-418,0
43,5,1506,158,-366,0
43,5,1506,159,-366,-8
43,5,1506,162,-366,-8
43,5,1507,154,-366,18
43,5,1507,155,-366,18
43,5,1507,156,-366,0
43,5,1507,156,-366,18
43,5,1507,157,-366,0
43,5,1507,157,-366,18
43,5,1507,158,-366,18
43,5,1507,159,-366,-8
43,5,1507,159,-366,18
43,5,1507,160,-366,-8
43,5,1507,160,-366,0
43,5,1507,160,-366,18
43,5,1507,161,-366,-8
43,5,1507,161,-366,0
43,5,1507,161,-366,18
43,5,1507,162,-366,18
43,5,1507,163,-366,18
43,5,1507,164,-366,18
43,5,1507,165,-366,0
43,5,1507,165,-366,18
43,5,1507,166,-366,18
43,5,1507,167,-366,0
43,5,1507,167,-366,18
43,5,1507,168,-366,18
43,5,1507,169,-366,18
43,5,1507,170,-366,18
43,5,1507,171,-366,18
43,5,1507,172,-366,18
43,5,1507,173,-366,18
43,5,1507,174,-366,18
43,5,1507,175,-366,18
43,5,1507,176,-366,18
43,5,1507,177,-366,18
43,5,1507,178,-366,18
43,5,1507,179,-366,18
43,5,1507,180,-366,18
43,5,1507,181,-366,18
43,5,1507,182,-366,18
43,5,1507,183,-366,18
43,5,1507,184,-366,18
43,5,1507,185,-366,18
43,5,1507,186,-366,18
43,5,1507,187,-366,18
43,5,1507,188,-366,18
43,5,1507,189,-366,18
43,5,1507,190,-366,18
43,5,1507,191,-366,18
43,5,1507,192,-366,18
43,5,1507,193,-366,18
43,5,1507,194,-366,18
43,5,1507,196,-366,18
43,5,1507,198,-366,18
43,5,1507,199,-366,18
43,5,1507,200,-366,18
43,5,1508,153,-366,0
43,5,1508,156,-500,0
43,5,1508,156,-340,0
43,5,1508,157,-392,0
43,5,1508,158,-340,-8
43,5,1508,159,-340,-17
43,5,1508,165,-494,-74
43,5,1509,156,-361,0
43,5,1509,157,-340,-8
43,5,1509,157,-340,0
43,5,1509,162,-340,0
43,5,1509,163,-340,0
43,5,1509,164,-340,0
43,5,1509,165,-340,0
43,5,1509,166,-340,0
43,5,1509,167,-340,0
43,5,1509,169,-340,0
43,5,1509,174,-340,0
43,5,1509,179,-340,0
43,5,1509,192,-340,0
43,5,1509,196,-340,0
43,5,1510,147,-478,144
43,5,1510,148,-478,144
43,5,1511,156,-500,0
43,5,1511,156,-369,0
43,5,1511,157,-500,0
43,5,1511,158,-500,0
43,6,1358,176,-158,136
43,6,1447,239,-20,208
43,6,1447,244,0,0
43,6,1449,236,-121,99
43,6,1450,236,-132,145
43,6,1450,236,-119,53
43,6,1450,236,-58,86
43,6,1450,237,-5,104
43,6,1450,240,33,192
43,6,1450,244,0,0
43,6,1451,163,-16,19
43,6,1451,168,-26,-2
43,6,1451,169,-26,-2
43,6,1451,173,-43,-29
43,6,1451,174,0,0
43,6,1451,175,0,0
43,6,1451,176,0,0
43,6,1451,236,0,52
43,6,1452,238,52,-2
43,6,1455,172,-202,165
43,6,1455,272,-43,-446
43,6,1455,276,-57,-470
43,6,1456,200,348,232
43,6,1458,195,-92,464
43,6,1459,170,-74,494
43,6,1459,175,-85,492
43,6,1459,190,-97,490
43,6,1463,177,-441,236
43,6,1468,157,-500,0
43,6,1468,179,-500,0
43,6,1468,247,-285,-190
43,6,1469,156,-500,0
43,6,1472,218,-183,0
43,6,1472,237,-183,0
43,6,1474,156,-500,0
43,6,1474,231,-94,-90
43,6,1475,175,-500,0
43,6,1475,190,-269,161
43,6,1479,156,-500,0
43,6,1479,168,-500,0
43,6,1479,217,-418,0
43,6,1479,230,-418,0
43,6,1480,177,-500,25
43,6,1481,153,-500,25
43,6,1482,157,-500,0
43,6,1482,231,-418,0
43,6,1488,224,-471,0
43,6,1488,229,-471,0
43,6,1488,231,-471,0
43,6,1488,233,-471,0
43,6,1488,234,-471,0
43,6,1490,185,-471,23
43,6,1490,187,-471,23
43,6,1490,189,-471,23
43,6,1490,193,-471,10
43,6,1490,195,-471,23
43,6,1490,198,-471,23
43,6,1490,200,-471,23
43,6,1490,203,-471,23
43,6,1490,204,-471,23
43,6,1490,206,-471,23
43,6,1490,207,-471,23
43,6,1490,209,-471,23
43,6,1490,210,-471,23
43,6,1490,211,-471,23
43,6,1490,212,-471,23
43,6,1490,216,-471,23
43,6,1490,217,-471,23
43,6,1490,218,-471,23
43,6,1490,223,-471,23
43,6,1490,224,-471,23
43,6,1490,259,-500,0
43,6,1491,259,-500,0
43,6,1492,196,-444,0
43,6,1492,234,-444,0
43,6,1492,259,-500,0
43,6,1499,180,-417,30
43,6,1499,181,-417,30
43,6,1499,182,-417,30
43,6,1499,183,-417,30
43,6,1499,184,-417,30
43,6,1499,185,-417,30
43,6,1499,186,-417,30
43,6,1499,187,-417,30
43,6,1499,188,-417,30
43,6,1499,189,-417,30
43,6,1499,190,-417,30
43,6,1499,191,-417,30
43,6,1499,192,-417,30
43,6,1499,193,-418,0
43,6,1499,193,-417,30
43,6,1499,194,-417,30
43,6,1499,195,-417,30
43,6,1499,196,-417,30
43,6,1499,197,-417,30
43,6,1499,198,-417,30
43,6,1499,199,-417,30
43,6,1499,200,-417,30
43,6,1499,201,-417,30
43,6,1499,202,-417,30
43,6,1499,203,-417,30
43,6,1499,204,-417,30
43,6,1499,205,-417,30
43,6,1499,206,-417,30
43,6,1499,207,-417,30
43,6,1499,208,-417,30
43,6,1499,210,-417,30
43,6,1499,211,-417,30
43,6,1499,212,-417,30
43,6,1499,213,-417,30
43,6,1499,214,-417,30
43,6,1499,215,-417,30
43,6,1499,216,-417,30
43,6,1499,217,-417,30
43,6,1499,218,-417,30
43,6,1499,219,-417,30
43,6,1499,220,-417,30
43,6,1499,222,-417,30
43,6,1499,223,-417,30
43,6,1499,224,-417,30
43,6,1499,225,-417,30
43,6,1499,226,-417,30
43,6,1499,227,-417,30
43,6,1499,228,-417,30
43,6,1499,229,-417,30
43,6,1499,230,-417,30
43,6,1499,231,-418,0
43,6,1499,231,-417,30
43,6,1499,232,-418,0
43,6,1499,232,-417,30
43,6,1499,233,-417,30
43,6,1499,252,-418,0
43,6,1500,252,-392,0
43,6,1500,256,-498,-48
43,6,1501,195,-392,0
43,6,1503,173,-353,223
43,6,1503,174,-353,223
43,6,1503,232,-392,0
43,6,1503,232,-392,19
43,6,1503,233,-392,19
43,6,1503,234,-392,0
43,6,1503,245,-392,0
43,6,1505,195,-366,0
43,6,1506,232,-366,0
43,6,1506,233,-366,18
43,6,1507,178,-366,18
43,6,1507,179,-366,18
43,6,1507,180,-366,18
43,6,1507,181,-366,18
43,6,1507,182,-366,18
43,6,1507,183,-366,18
43,6,1507,184,-366,18
43,6,1507,185,-366,18
43,6,1507,186,-366,18
43,6,1507,187,-366,18
43,6,1507,188,-366,18
43,6,1507,189,-366,18
43,6,1507,190,-366,0
43,6,1507,190,-366,18
43,6,1507,191,-366,0
43,6,1507,191,-366,18
43,6,1507,192,-366,18
43,6,1507,193,-366,0
43,6,1507,193,-366,18
43,6,1507,194,-366,18
43,6,1507,195,-366,18
43,6,1507,196,-366,18
43,6,1507,197,-366,18
43,6,1507,198,-366,18
43,6,1507,199,-366,18
43,6,1507,200,-366,18
43,6,1507,201,-366,18
43,6,1507,202,-366,18
43,6,1507,203,-366,18
43,6,1507,204,-366,18
43,6,1507,205,-366,18
43,6,1507,206,-366,18
43,6,1507,207,-366,18
43,6,1507,208,-366,18
43,6,1507,209,-366,18
43,6,1507,210,-366,18
43,6,1507,211,-366,18
43,6,1507,212,-366,18
43,6,1507,213,-366,18
43,6,1507,214,-366,18
43,6,1507,215,-366,18
43,6,1507,216,-366,18
43,6,1507,217,-366,18
43,6,1507,218,-366,18
43,6,1507,219,-366,18
43,6,1507,220,-366,18
43,6,1507,221,-366,18
43,6,1507,222,-366,18
43,6,1507,223,-366,18
43,6,1507,224,-366,18
43,6,1507,225,-366,18
43,6,1507,226,-366,18
43,6,1507,227,-366,18
43,6,1507,228,-366,18
43,6,1507,229,-366,18
43,6,1507,230,-366,18
43,6,1507,231,-366,0
43,6,1507,231,-366,18
43,6,1507,232,-366,0
43,6,1507,232,-366,18
43,6,1507,234,-366,0
43,6,1507,236,-366,-8
43,6,1508,196,-366,0
43,6,1508,196,-340,0
43,6,1509,190,-340,0
43,6,1509,191,-340,0
43,6,1509,192,-340,0
43,6,1509,193,-340,0
43,6,1509,195,-500,0
43,6,1509,204,-340,0
43,6,1509,217,-340,0
43,6,1509,222,-340,0
43,6,1509,223,-340,0
43,6,1509,224,-340,0
43,6,1509,227,-340,0
43,6,1509,229,-340,0
43,6,1509,230,-340,0
43,6,1509,231,-340,0
43,6,1509,233,-340,0
43,6,1509,234,-340,0
43,6,1510,234,-447,0
43,8,1419,239,0,0
43,8,1427,333,0,-447
43,8,1429,243,-23,-12
43,8,1432,242,-136,-158
43,8,1435,242,-87,-130
43,8,1436,243,-154,-30
43,8,1440,235,40,-232
43,8,1440,243,-141,-75
43,8,1442,235,95,-42
43,8,1442,235,172,-233
43,8,1442,242,94,-142
43,8,1442,242,155,-121
43,8,1442,243,128,-68
43,8,1443,235,22,13
43,8,1443,240,-141,-223
43,8,1443,241,-344,-194
43,8,1443,242,129,-112
43,8,1443,243,201,-60
43,8,1444,235,22,12
43,8,1444,235,26,0
43,8,1445,238,-43,-446
43,8,1445,242,-253,-143
43,8,1445,242,-95,-142
43,8,1445,243,-135,-81
43,8,1445,243,-113,-108
43,8,1445,243,139,-75
43,8,1446,235,0,0
43,8,1446,235,22,12
43,8,1446,235,93,-47
43,8,1446,243,-23,-12
43,8,1446,243,158,-95
43,8,1447,235,0,0
43,8,1447,235,23,-312
43,8,1447,235,130,0
43,8,1447,235,157,3
43,8,1447,240,124,-168
43,8,1447,242,-372,-199
43,8,1447,242,-303,-162
43,8,1448,235,1,-26
43,8,1448,235,23,11
43,8,1448,235,138,74
43,8,1448,238,197,-153
43,8,1448,241,275,26
43,8,1449,242,108,72
43,8,1449,243,-142,31
43,8,1449,243,-48,-62
43,8,1449,243,-42,-66
43,8,1449,243,-21,-14
43,8,1449,243,108,72
43,8,1450,235,-24,10
43,8,1450,235,152,0
43,8,1450,242,2,-104
43,8,1450,243,-29,-43
43,8,1450,243,-26,0
43,8,1450,243,0,-52
43,8,1451,230,-16,19
43,8,1451,230,-5,25
43,8,1451,231,-5,25
43,8,1451,231,0,26
43,8,1451,234,-16,19
43,8,1451,235,-26,-2
43,8,1451,242,-200,-40
43,8,1452,221,-328,7
43,8,1452,228,-1,25
43,8,1452,242,153,-34
43,8,1452,243,-150,45
43,8,1452,244,-123,-27
43,8,1452,245,86,57
43,8,1453,237,157,-27
43,8,1453,242,86,-130
43,8,1453,244,108,72
43,8,1455,245,208,20
43,8,1457,234,132,-162
43,8,1458,241,174,-158
43,8,1459,241,242,-100
43,8,1464,234,69,-348
43,8,1471,259,-342,0
43,8,1478,209,-345,361
43,8,1479,258,-418,0
43,8,1482,259,-421,0
43,8,1483,233,-496,60
43,8,1483,259,-473,0
43,8,1485,253,-339,25
43,8,1487,259,-500,0
43,8,1488,258,-471,0
43,8,1490,246,-471,23
43,8,1490,248,-471,23
43,8,1490,251,-471,23
43,8,1491,252,-444,0
43,8,1494,259,-498,-37
43,8,1494,260,-498,-37
43,8,1494,260,-492,-85
43,8,1495,259,-500,0
43,8,1495,320,-500,0
43,8,1496,252,-418,0
43,8,1497,260,-500,-25
43,8,1497,260,-496,-60
43,8,1497,280,-500,0
43,8,1498,260,-500,-25
43,8,1498,260,-496,-60
43,8,1498,275,-407,-244
43,8,1499,243,-417,30
43,8,1499,244,-417,30
43,8,1499,245,-417,30
43,8,1499,246,-417,30
43,8,1499,247,-417,30
43,8,1499,248,-417,30
43,8,1499,249,-417,30
43,8,1499,250,-417,30
43,8,1499,251,-417,30
43,8,1499,252,-417,30
43,8,1499,253,-417,30
43,8,1499,254,-417,30
43,8,1499,255,-417,30
43,8,1499,256,-417,30
43,8,1499,257,-417,30
43,8,1502,259,-500,0
43,8,1503,230,-392,0
43,8,1503,231,-392,0
43,8,1503,232,-392,0
43,8,1503,232,-392,19
43,8,1503,233,-392,8
43,8,1503,233,-392,19
43,8,1505,234,-366,0
43,8,1506,237,-366,0
43,8,1507,241,-366,18
43,8,1507,242,-366,18
43,8,1507,243,-366,18
43,8,1507,244,-366,18
43,8,1507,245,-366,18
43,8,1507,246,-366,18
43,8,1507,247,-366,18
43,8,1507,248,-366,18
43,8,1507,249,-366,18
43,8,1507,250,-366,18
43,8,1507,251,-366,18
43,8,1507,252,-366,18
43,8,1507,253,-366,18
43,8,1507,254,-366,18
43,8,1507,255,-366,18
43,8,1507,256,-366,18
43,8,1508,229,-470,57
43,8,1508,252,-340,0
43,8,1508,258,-340,0
43,8,1509,243,-340,0
43,8,1509,244,-340,0
43,8,1509,248,-340,0
43,8,1509,250,-340,0
43,8,1509,252,-340,0
43,8,1509,254,-340,0
43,8,1509,258,-340,0
43,8,1511,302,-496,-60
43,8,1512,259,-500,0
44,1,1446,107,209,0
44,1,1450,107,19,-395
44,1,1451,78,-23,-12
44,1,1451,80,-104,5
44,1,1451,80,-29,-194
44,1,1451,82,0,-26
44,1,1451,82,0,104
44,1,1451,83,0,0
44,1,1451,84,0,0
44,1,1451,84,0,52
44,1,1451,85,0,0
44,1,1451,85,0,104
44,1,1451,87,-19,-17
44,1,1451,87,-17,-19
44,1,1451,92,-5,-25
44,1,1451,107,0,-421
44,1,1451,109,0,-447
44,1,1451,116,0,-500
44,1,1456,125,-121,-484
44,1,1459,101,-114,-378
44,1,1460,129,-132,-482
44,1,1461,134,-121,-484
44,1,1462,78,144,151
44,1,1463,78,116,173
44,1,1467,78,17,182
44,1,1468,124,0,-500
44,1,1471,78,-225,183
44,1,1474,114,-335,-371
44,1,1476,79,-143,253
44,1,1476,86,-75,334
44,1,1477,79,-130,259
44,1,1477,82,-45,257
44,1,1477,85,16,316
44,1,1477,103,-326,-378
44,1,1478,77,-250,149
44,1,1478,121,-335,-371
44,1,1479,79,20,208
44,1,1480,96,-219,-229
44,1,1480,115,-345,-361
44,1,1480,117,-345,-361
44,1,1481,77,-42,95
44,1,1484,116,-353,-353
44,1,1488,117,-335,-371
44,1,1489,112,-345,-361
44,1,1489,119,-353,-353
44,1,1490,112,-345,-361
44,1,1491,109,-345,-361
44,1,1492,83,-344,-132
44,1,1492,112,-345,-361
44,1,1504,116,-353,-353
44,1,1504,116,-345,-361
44,1,1510,88,-329,-146
44,1,1513,84,-462,-103
44,1,1514,68,-421,0
44,1,1515,68,-421,0
44,1,1517,68,-447,0
44,1,1517,87,-484,-121
44,1,1519,78,-208,-15
44,1,1521,70,-473,10
44,1,1521,77,-261,-6
44,1,1522,68,-473,0
44,1,1523,68,-473,0
44,1,1525,67,-473,0
44,1,1525,68,-473,0
44,1,1526,90,-484,-121
44,1,1526,91,-500,0
44,1,1527,68,-407,0
44,1,1527,89,-488,-109
44,1,1527,90,-484,-121
44,1,1529,92,-416,-277
44,1,1530,68,-500,0
44,1,1530,69,-500,-25
44,1,1530,93,-416,-277
44,1,1531,89,-408,-287
44,1,1531,90,-482,-132
44,1,1531,90,-457,-203
44,1,1531,91,-482,-132
44,1,1532,88,-361,-345
48,39,1614,1279,154,103
48,39,1637,1331,-277,-416
48,39,1645,1274,-447,10
48,39,1645,1275,-447,0
48,39,1645,1276,-447,0
48,39,1645,1277,-447,0
48,39,1645,1291,-447,0
48,39,1646,1291,-447,0
48,39,1649,1276,-473,0
48,39,1649,1277,-473,0
48,39,1653,1276,-473,0
48,39,1655,1312,-408,-287
49,38,1611,1288,13,-262
49,38,1637,1281,-346,-283
49,38,1640,1285,-211,-395
49,38,1643,1278,0,-342
49,38,1643,1285,0,-447
49,38,1643,1293,0,-447
49,38,1643,1294,0,-500
49,38,1643,1300,0,-500
49,38,1643,1309,0,-500
49,38,1643,1313,0,-500
49,38,1643,1319,0,-500
49,38,1653,1292,-129,-428
49,38,1654,1296,-137,-453
49,38,1660,1267,78,0
49,38,1671,1277,-327,-24
49,38,1672,1288,-500,25
49,38,1681,1220,-473,0
49,38,1682,1207,-350,105
49,38,1684,1277,-500,0
49,38,1685,1277,-500,0
49,38,1687,1292,-405,-242
49,38,1689,1265,-359,-344
49,38,1689,1272,-359,-344
49,38,1689,1276,-440,0
49,38,1689,1278,-418,0
49,38,1689,1279,-359,-344
49,38,1689,1284,-359,-344
49,38,1689,1287,-351,-351
49,38,1689,1288,-359,-344
49,38,1689,1297,-392,-261
49,38,1690,1276,-418,0
49,38,1690,1278,-418,0
49,38,1691,1276,-418,0
49,38,1692,1276,-414,0
49,38,1692,1282,-412,-72
49,38,1693,1276,-500,0
49,38,1694,1243,-500,0
49,38,1704,1243,-500,0
50,36,1640,1203,-81,0
50,36,1643,1229,0,-447
50,36,1643,1230,0,-314
50,36,1643,1236,0,-500
50,36,1654,1210,-260,-130
50,36,1654,1253,-132,-482
50,36,1657,1224,-189,-377
50,36,1660,1222,-225,-355
50,36,1672,1237,-345,-361
50,36,1678,1239,-287,-408
50,36,1679,1234,-335,-371
50,36,1682,1238,-335,-371
50,36,1689,1213,-242,-312
50,36,1694,1219,-250,-305
50,36,1700,1239,-345,-361
50,36,1702,1229,-300,-366
50,36,1703,1243,-344,-359
50,36,1704,1205,-464,-92
50,36,1705,1195,-457,-126
50,36,1707,1208,-478,-144
50,36,1709,1207,-484,-121
50,36,1710,1206,-432,-119
50,36,1712,1210,-482,-132
50,36,1718,1210,-484,-121
50,36,1719,1210,-484,-121
50,36,1721,1212,-416,-277
50,36,1722,1213,-416,-277
50,36,1723,1211,-482,-132
52,35,1670,1206,212,-451
52,35,1671,1207,167,-470
52,35,1672,1215,85,-492
52,35,1675,1187,0,-183
52,35,1675,1189,0,-157
52,35,1676,1206,-262,-394
52,35,1682,1194,31,-419
52,35,1683,1194,21,-421
52,35,1691,1195,-500,0
52,35,1700,1201,-478,-144
52,35,1700,1201,-474,-156
52,35,1700,1201,-470,-167
52,35,1700,1201,-457,-203
52,35,1700,1202,-462,-191
53,36,1663,1231,223,-418
53,36,1664,1237,0,-500
53,36,1678,1253,0,-500
53,36,1684,1229,0,-447
53,36,1715,1251,156,-474
53,36,1720,1253,38,-391
53,36,1721,1245,43,-443
53,36,1721,1247,40,-417
53,36,1721,1252,38,-391
53,36,1724,1234,0,-500
53,36,1724,1246,0,-471
53,36,1724,1255,0,-418
53,36,1728,1244,-21,-418
53,36,1728,1246,0,-392
53,36,1728,1250,0,-387
53,36,1728,1250,0,-366
53,36,1728,1251,0,-500
53,36,1728,1252,0,-366
53,36,1729,1224,-21,-418
53,36,1729,1230,-25,-497
53,36,1729,1239,-33,-443
53,36,1729,1244,-22,-444
53,36,1729,1244,-21,-418
53,36,1729,1252,-27,-365
53,36,1729,1252,-18,-366
53,36,1729,1252,-8,-366
53,36,1730,1233,-46,-469
53,36,1730,1234,-46,-469
53,36,1730,1252,-18,-366
53,36,1730,1253,-29,-391
53,36,1730,1254,-41,-417
53,36,1731,1244,-50,-415
53,36,1731,1244,-41,-417
53,36,1731,1252,-35,-365
53,36,1731,1252,-27,-365
53,36,1732,1246,-58,-388
53,36,1732,1252,-44,-363
53,36,1732,1252,-35,-365
53,36,1732,1254,-33,-339
53,36,1733,1244,-72,-412
53,36,1733,1250,-54,-362
53,36,1734,1252,-63,-360
53,36,1735,1241,-107,-431
53,36,1735,1252,-18,-366
53,36,1735,1253,-71,-359
53,36,1736,1235,-24,-471
53,36,1736,1245,-101,-405
53,36,1736,1252,-18,-366
53,36,1736,1252,0,-366
53,36,1736,1252,8,-366
53,36,1737,1245,-121,-400
53,36,1737,1249,-95,-380
53,36,1738,1249,-113,-375
53,36,1738,1253,-97,-353
53,36,1739,1254,0,-369
53,36,1740,1250,-123,-372
53,36,1741,1251,-123,-345
53,36,1741,1252,-18,-366
53,36,1743,1252,-18,-366
53,36,1745,1230,-361,-345
53,36,1745,1241,-252,-397
53,36,1746,1231,-361,-345
53,36,1746,1245,-229,-382
53,36,1746,1252,18,-366
53,36,1747,1230,25,-497
53,36,1747,1252,-18,-366
53,36,1748,1252,-18,-366
53,36,1748,1252,18,-366
53,36,1749,1235,-24,-471
53,36,1749,1239,-345,-361
53,36,1749,1244,-21,-418
53,36,1750,1249,-232,-348
53,36,1750,1252,-18,-366
53,36,1751,1240,-345,-361
53,36,1752,1243,-344,-359
53,36,1752,1252,-18,-366
53,36,1753,1240,-345,-361
53,36,1754,1238,-361,-345
53,36,1754,1247,-273,-351
53,36,1755,1252,-18,-366
53,36,1756,1221,0,-444
53,36,1756,1241,-361,-345
53,36,1756,1242,-353,-353
53,36,1757,1241,-361,-345
53,36,1757,1252,-18,-366
53,36,1758,1252,-18,-366
53,36,1759,1252,-18,-366
53,36,1760,1244,-361,-345
53,36,1760,1252,-18,-366
53,36,1760,1252,18,-366
53,36,1762,1252,-18,-366
53,36,1763,1252,-18,-366
53,36,1772,1244,-21,-418
53,36,1773,1252,-18,-366
53,36,1773,1252,0,-366
53,36,1778,1248,28,-391
53,36,1781,1244,-21,-418
53,36,1781,1248,-29,-391
53,36,1787,1200,-191,-141
53,36,1788,1239,85,-492
53,36,1789,1202,-208,-162
53,36,1793,1205,-255,-188
54,35,1753,1200,484,-121
54,35,1754,1199,484,-121
54,35,1754,1202,462,-191
54,35,1756,1203,451,-212
54,35,1758,1195,500,0
54,35,1771,1194,0,-421
54,35,1776,1194,-72,-415
54,35,1780,1195,-392,0
54,35,1786,1203,-287,-408
54,35,1789,1208,-236,-441
54,35,1790,1208,-236,-441
54,35,1792,1212,0,-500
54,35,1796,1207,-402,-296
54,90,1715,2828,224,447
54,90,1726,2821,37,498
54,90,1728,2821,60,496
54,90,1728,2822,0,418
54,90,1728,2822,0,440
54,90,1728,2827,0,340
54,90,1739,2810,0,340
54,90,1739,2811,0,340
54,90,1740,2825,-10,418
54,90,1740,2838,-20,392
54,90,1740,2839,-20,392
54,90,1745,2810,0,340
54,90,1745,2825,-70,467
54,90,1748,2810,0,340
54,90,1749,2810,0,340
54,90,1753,2810,0,340
54,90,1755,2810,0,340
54,90,1757,2810,0,340
54,90,1757,2840,0,104
54,90,1759,2810,0,340
54,90,1760,2810,0,340
54,90,1761,2810,0,340
54,90,1764,2810,0,340
54,90,1765,2810,0,340
54,90,1766,2810,0,340
54,90,1767,2810,0,340
54,90,1767,2836,33,338
54,90,1768,2810,0,340
54,90,1768,2848,0,235
54,90,1769,2810,0,340
54,90,1770,2810,0,340
54,90,1771,2810,0,340
54,90,1772,2810,0,340
54,90,1773,2810,0,340
54,90,1776,2810,0,340
54,90,1777,2810,0,340
54,90,1777,2811,0,340
54,90,1778,2810,0,340
54,90,1779,2810,0,340
54,90,1780,2810,0,340
54,90,1782,2810,0,340
54,90,1783,2810,0,340
54,90,1784,2810,0,340
54,90,1785,2810,0,340
54,90,1787,2810,0,340
54,90,1787,2811,0,340
54,90,1788,2810,0,340
54,90,1789,2810,0,340
54,90,1789,2811,0,340
54,90,1789,2855,159,89
54,90,1790,2810,0,340
54,90,1790,2812,0,366
54,90,1792,2810,0,340
54,90,1792,2811,0,340
54,90,1792,2813,0,366
54,90,1792,2814,0,366
54,90,1792,2814,0,387
54,90,1792,2815,0,340
54,90,1792,2815,0,366
54,90,1792,2815,0,387
54,90,1792,2818,0,392
54,90,1793,2810,0,340
54,90,1793,2853,-58,116
54,90,1794,2810,0,340
54,90,1795,2810,0,340
54,90,1795,2846,-90,273
54,90,1795,2847,-96,270
54,90,1796,2810,0,340
54,90,1797,2810,0,340
54,90,1797,2811,0,340
54,90,1797,2813,-71,358
54,90,1798,2810,0,340
54,90,1799,2810,0,340
54,90,1800,2822,-351,351
54,90,1801,2810,0,340
54,90,1801,2820,-345,361
54,90,1802,2811,0,340
54,90,1802,2823,-371,335
54,90,1803,2810,0,340
54,90,1803,2811,0,340
54,90,1803,2813,0,366
54,90,1803,2836,0,500
54,90,1804,2868,52,0
54,90,1804,2868,78,7
54,90,1804,2870,263,175
54,90,1804,2876,44,177
54,90,1804,2882,108,72
54,90,1805,2811,0,366
54,90,1805,2825,-353,353
54,90,1805,2870,169,69
54,90,1805,2873,-189,89
54,90,1805,2875,98,355
54,90,1806,2810,0,340
54,90,1806,2820,-369,333
54,90,1808,2870,212,100
54,90,1808,2873,350,233
54,90,1809,2821,-351,351
54,90,1811,2871,498,48
54,90,1812,2870,1,-26
54,90,1812,2870,136,-77
54,90,1812,2871,0,0
54,90,1812,2871,5,-25
54,90,1812,2871,24,-10
54,90,1812,2871,41,-208
54,90,1812,2871,150,-184
54,90,1812,2871,314,-7
54,90,1812,2872,0,0
54,90,1812,2872,88,-56
54,90,1812,2873,51,-3
54,90,1812,2874,0,0
54,90,1812,2874,471,-46
54,90,1812,2875,-12,-23
54,90,1812,2876,15,76
54,90,1812,2878,62,-46
54,90,1813,2868,-130,0
54,90,1817,2854,-151,-366
54,90,1818,2868,-20,16
54,90,1821,2825,-361,345
54,90,1827,2819,-351,351
54,90,1828,2852,-194,-344
56,36,1759,1241,361,-345
56,36,1761,1243,361,-345
56,36,1762,1238,361,-345
56,36,1762,1243,361,-345
56,36,1764,1195,26,0
56,36,1765,1197,-394,210
56,36,1766,1195,26,0
56,36,1768,1195,20,-15
56,36,1771,1191,10,23
56,36,1776,1189,-372,-248
56,36,1777,1185,-169,-70
56,36,1777,1201,-15,156
56,36,1778,1252,0,-366
56,36,1779,1182,25,101
56,36,1779,1193,-86,-162
56,36,1779,1193,-77,-137
56,36,1779,1194,-99,-121
56,36,1779,1194,-43,-29
56,36,1779,1195,-183,0
56,36,1779,1195,-52,0
56,36,1779,1195,-43,-29
56,36,1779,1198,-195,75
56,36,1779,1252,8,-366
56,36,1780,1253,0,-340
56,36,1781,1244,-21,-418
56,36,1781,1248,-29,-391
56,36,1782,1244,0,-418
56,36,1782,1250,131,-369
56,36,1782,1252,-18,-366
56,36,1782,1252,0,-366
56,36,1782,1253,97,-353
56,36,1783,1244,-21,-418
56,36,1784,1252,-18,-366
56,36,1784,1252,0,-366
56,36,1785,1244,-21,-418
56,36,1786,1252,-18,-366
56,36,1786,1254,97,-490
56,36,1787,1250,85,-492
56,36,1787,1252,-18,-366
56,36,1788,1244,85,-492
56,36,1789,1244,-21,-418
56,36,1790,1235,109,-488
56,36,1790,1249,28,-391
56,36,1790,1252,-18,-366
56,36,1791,1251,20,-405
56,36,1792,1224,0,-485
56,36,1792,1225,0,-130
56,36,1792,1233,0,-433
56,36,1792,1246,0,-414
56,36,1792,1246,0,-392
56,36,1792,1249,0,-387
56,36,1792,1250,0,-395
56,36,1792,1250,0,-387
56,36,1792,1250,0,-366
56,36,1795,1207,0,0
56,36,1798,1252,-18,-366
56,36,1805,1252,-18,-366
56,36,1806,1243,343,-359
56,36,1809,1252,-18,-366
56,36,1818,1252,-18,-366
56,36,1820,1252,-18,-366
56,36,1821,1252,-18,-366
56,36,1822,1221,0,-444
56,36,1824,1215,0,-183
56,36,1824,1252,-18,-366
56,36,1825,1252,-18,-366
56,36,1830,1221,0,-444
56,36,1830,1233,0,-471
56,36,1830,1253,0,-340
56,36,1832,1252,-18,-366
56,36,1833,1252,-18,-366
56,36,1834,1221,0,-444
56,36,1835,1252,-18,-366
56,36,1836,1252,-18,-366
56,36,1844,1218,0,-78
56,36,1844,1226,0,-421
56,36,1844,1226,0,-418
56,36,1844,1230,0,-447
56,36,1844,1233,0,-473
56,36,1844,1242,0,-444
56,91,1789,2865,494,74
56,91,1791,2865,488,109
56,91,1792,2865,478,144
56,91,1794,2856,236,441
56,91,1794,2860,236,441
56,91,1795,2859,345,361
56,91,1796,2856,267,421
56,91,1797,2859,287,408
56,91,1802,2855,37,498
56,91,1808,2876,71,361
56,91,1808,2891,-169,69
56,91,1811,2888,19,263
56,91,1812,2892,0,184
56,91,1812,2893,132,146
56,91,1812,2895,181,31
56,91,1813,2868,-435,246
56,91,1816,2851,0,500
56,91,1816,2855,0,500
56,91,1821,2860,-236,441
56,91,1823,2863,-470,167
56,91,1824,2864,-482,132
56,91,1824,2865,-488,109
56,91,1825,2865,-484,121
56,91,1828,2858,-416,277
57,90,1779,2836,371,335
57,90,1780,2836,371,335
57,90,1786,2864,281,70
57,90,1791,2855,237,247
57,90,1794,2866,205,51
57,90,1802,2815,28,391
57,90,1803,2865,-4,-185
57,90,1803,2873,0,0
57,90,1804,2814,0,366
57,90,1804,2815,28,391
57,90,1804,2873,-235,-35
57,90,1804,2874,-176,-117
57,90,1805,2814,0,366
57,90,1805,2815,0,366
57,90,1806,2814,0,366
57,90,1807,2814,0,366
57,90,1807,2872,-263,175
57,90,1808,2814,0,366
57,90,1809,2810,0,340
57,90,1810,2810,0,340
57,90,1810,2811,26,364
57,90,1811,2810,0,340
57,90,1812,2810,0,340
57,90,1813,2810,0,340
57,90,1815,2810,0,340
57,90,1815,2811,0,340
57,90,1815,2853,296,219
57,90,1816,2810,0,340
57,90,1817,2810,0,340
57,90,1817,2811,0,340
57,90,1818,2810,0,340
57,90,1818,2811,0,340
57,90,1819,2810,0,340
57,90,1820,2810,0,340
57,90,1821,2810,0,340
57,90,1822,2810,0,340
57,90,1823,2810,0,340
57,90,1823,2811,0,340
57,90,1824,2810,0,340
57,90,1824,2820,348,348
57,90,1824,2820,355,340
57,90,1825,2810,0,340
57,90,1825,2811,0,340
57,90,1826,2810,0,340
57,90,1826,2818,0,392
57,90,1827,2810,0,340
57,90,1827,2821,358,343
57,90,1827,2823,361,345
57,90,1828,2810,0,340
57,90,1828,2817,290,337
57,90,1828,2821,358,343
57,90,1829,2810,0,340
57,90,1829,2821,358,343
57,90,1830,2810,0,340
57,90,1830,2820,351,351
57,90,1830,2821,358,343
57,90,1831,2810,0,340
57,90,1831,2821,358,343
57,90,1832,2820,351,351
57,90,1832,2821,358,343
57,90,1833,2810,0,340
57,90,1833,2820,351,351
57,90,1833,2821,358,343
57,90,1833,2825,353,353
57,90,1834,2810,0,340
57,90,1834,2811,0,340
57,90,1834,2820,351,351
57,90,1834,2821,358,343
57,90,1835,2809,0,500
57,90,1835,2810,0,340
57,90,1835,2818,332,332
57,90,1835,2821,358,343
57,90,1836,2810,0,340
57,90,1836,2812,176,351
57,90,1836,2820,351,351
57,90,1836,2821,358,343
57,90,1837,2810,0,340
57,90,1837,2811,0,366
57,90,1837,2820,351,351
57,90,1837,2821,358,343
57,90,1837,2822,351,351
57,90,1838,2810,0,340
57,90,1838,2820,343,358
57,90,1838,2820,351,351
57,90,1838,2821,343,358
57,90,1838,2821,351,351
57,90,1838,2821,358,343
57,90,1838,2821,361,345
57,90,1839,2810,0,340
57,90,1839,2811,0,340
57,90,1839,2815,176,351
57,90,1839,2821,343,358
57,90,1840,2810,0,340
57,90,1840,2811,0,340
57,90,1841,2810,0,340
57,90,1841,2812,131,341
57,90,1841,2825,361,345
57,90,1842,2810,0,340
57,90,1843,2810,0,340
57,90,1844,2810,0,340
57,90,1844,2813,123,344
57,90,1846,2810,0,340
57,90,1847,2810,0,340
57,90,1848,2810,0,340
57,90,1849,2810,0,340
57,90,1850,2810,0,340
57,90,1850,2846,0,316
57,90,1851,2810,0,340
57,90,1851,2810,50,335
57,90,1851,2814,54,362
57,90,1852,2810,0,340
57,90,1853,2810,0,340
57,90,1853,2810,25,338
57,90,1853,2810,33,338
57,90,1854,2810,0,340
57,90,1854,2812,28,391
57,90,1855,2810,0,340
57,90,1855,2810,7,340
57,90,1855,2812,19,387
57,90,1856,2810,0,340
57,90,1856,2812,0,387
57,90,1856,2812,0,500
57,90,1856,2814,0,366
57,90,1856,2814,0,387
57,90,1860,2806,0,444
57,90,1860,2806,0,447
57,90,1860,2809,0,444
57,90,1860,2809,0,497
57,90,1860,2810,0,340
57,90,1860,2810,0,500
57,90,1860,2816,0,500
57,90,1860,2819,0,500
57,90,1860,2847,0,342
57,90,1860,2852,0,104
57,90,1861,2810,-8,366
57,90,1862,2812,-29,391
57,90,1862,2825,-97,490
57,90,1866,2841,17,340
57,90,1871,2818,-246,435
58,91,1880,2862,474,156
58,91,1883,2861,466,179
58,91,1883,2862,457,203
58,91,1883,2862,470,167
58,91,1884,2860,447,224
58,91,1884,2864,478,144
58,91,1884,2864,488,109
58,91,1885,2863,450,135
58,91,1885,2864,484,121
58,91,1886,2857,394,306
58,91,1886,2866,494,74
58,91,1887,2852,306,394
58,91,1888,2853,287,408
58,91,1891,2851,361,345
58,91,1891,2868,500,0
58,91,1892,2868,500,0
58,91,1898,2868,435,246
58,91,1898,2886,-208,198
58,91,1899,2869,0,421
58,91,1899,2885,0,212
58,91,1900,2869,-21,421
58,91,1900,2869,0,421
58,91,1908,2897,8,51
58,91,1908,2897,49,17
58,91,1913,2857,-203,457
60,90,1864,2855,408,287
60,90,1867,2868,500,0
60,90,1872,2823,361,345
60,90,1878,2821,351,351
60,90,1878,2862,412,82
60,90,1879,2821,358,343
60,90,1880,2822,351,351
60,90,1882,2858,368,141
60,90,1883,2857,368,141
60,90,1888,2859,408,101
60,90,1889,2858,403,121
60,90,1900,2828,361,345
60,90,1901,2826,335,371
60,90,1901,2828,361,345
60,90,1901,2829,353,353
60,90,1902,2826,335,371
60,90,1902,2828,353,353
60,90,1902,2835,416,277
60,90,1932,2828,361,345
60,90,1938,2815,60,496
60,90,1939,2865,396,141
60,90,1940,2858,0,0
61,88,1889,2787,500,0
61,88,1890,2785,392,8
61,88,1890,2787,395,0
61,88,1891,2787,392,0
61,88,1891,2787,500,0
61,88,1891,2788,414,0
61,88,1891,2788,418,0
61,88,1891,2788,431,0
61,88,1892,2781,361,345
61,88,1892,2787,500,0
61,88,1892,2788,414,0
61,88,1892,2790,418,0
61,88,1893,2783,351,351
61,88,1893,2786,418,21
61,88,1893,2788,418,0
61,88,1893,2788,500,0
61,88,1894,2783,358,343
61,88,1894,2783,371,335
61,88,1894,2785,418,21
61,88,1894,2786,418,0
61,88,1894,2786,418,21
61,88,1894,2788,440,0
61,88,1895,2777,358,343
61,88,1895,2778,358,343
61,88,1895,2782,358,343
61,88,1895,2783,358,343
61,88,1895,2787,358,343
61,88,1895,2788,440,0
61,88,1895,2789,358,343
61,88,1895,2792,358,343
61,88,1895,2793,358,343
61,88,1895,2796,358,343
61,88,1895,2797,358,343
61,88,1895,2798,358,343
61,88,1895,2801,358,343
61,88,1895,2804,358,343
61,88,1896,2771,410,231
61,88,1898,2787,500,0
61,88,1899,2785,353,353
61,88,1899,2787,500,0
61,88,1899,2793,353,353
61,88,1899,2802,353,353
61,88,1902,2800,353,353
61,88,1902,2812,447,0
61,88,1904,2778,471,0
61,88,1906,2788,492,0
61,88,1912,2762,335,371
61,88,1912,2789,423,212
61,88,1914,2780,500,0
61,88,1915,2780,264,253
61,88,1924,2833,132,161
61,88,1925,2769,181,408
61,88,1934,2822,-289,-28
61,88,1936,2778,394,262
61,88,1948,2787,328,219
61,88,1949,2777,282,312
61,88,1949,2785,311,242
61,88,1950,2777,266,325
62,87,1934,2785,447,0
62,87,1934,2788,447,0
62,87,1937,2808,378,-326
62,87,1938,2778,447,0
62,87,1938,2785,447,0
62,87,1938,2787,447,0
62,87,1938,2788,447,0
62,87,1938,2789,447,0
62,87,1944,2769,299,366
62,87,1945,2722,316,386
62,87,1946,2803,362,-109
62,87,1946,2804,104,0
62,87,1948,2719,316,386
62,87,1949,2716,236,441
62,87,1949,2777,282,312
62,87,1949,2784,342,0
62,87,1950,2728,277,416
62,87,1954,2773,230,384
62,87,1954,2804,46,-22
62,87,1956,2804,65,-43
62,87,1957,2773,226,291
62,87,1958,2748,267,421
62,87,1960,2795,-248,-82
62,87,1960,2804,24,-9
62,87,1962,2804,25,-4
62,87,1963,2804,9,24
62,87,1965,2795,-248,81
62,87,1966,2784,-309,-146
62,87,1966,2794,-252,-69
62,87,1966,2804,20,15
62,87,1967,2804,126,92
62,87,1968,2804,-45,25
62,87,1969,2793,-215,-101
62,87,1969,2799,-174,-57
66,124,2044,3942,470,167
66,124,2045,3946,484,121
66,124,2048,3933,412,0
66,124,2048,3946,470,167
66,124,2050,3949,470,167
66,124,2052,3944,451,212
66,124,2055,3927,371,335
66,124,2055,3928,361,345
66,124,2056,3925,345,361
66,124,2056,3926,345,361
66,124,2056,3927,345,361
66,124,2056,3928,361,345
66,124,2056,3928,371,335
66,124,2056,3953,470,167
66,124,2057,3927,353,353
66,124,2057,3928,345,361
66,124,2057,3957,473,0
66,124,2058,3920,353,353
66,124,2059,3914,358,343
66,124,2059,3956,500,0
66,124,2060,3932,361,345
66,124,2060,3936,498,48
66,124,2061,3947,437,97
66,124,2063,3943,316,386
66,124,2063,3956,387,0
66,124,2067,3933,500,0
66,124,2067,3949,414,72
66,124,2071,3909,358,343
66,124,2071,3910,351,351
66,124,2071,3950,387,76
66,124,2071,3956,395,0
66,124,2071,3957,395,0
66,124,2072,3947,408,101
66,124,2073,3952,311,37
66,124,2075,3957,369,-8
66,124,2076,3942,445,158
66,124,2078,3949,217,187
66,124,2078,3956,340,0
66,124,2079,3945,424,139
66,124,2080,3923,182,286
66,124,2080,3947,408,101
66,124,2080,3950,414,72
66,124,2081,3946,403,121
66,124,2085,3909,358,343
66,124,2087,3908,343,358
66,124,2087,3908,351,351
66,124,2087,3909,358,343
66,124,2087,3918,416,277
66,124,2089,3920,416,277
66,124,2090,3921,416,277
66,124,2091,3904,306,394
66,124,2092,3916,361,345
66,124,2092,3920,353,353
66,124,2092,3923,345,361
66,124,2093,3914,335,371
66,124,2093,3914,345,361
66,124,2093,3915,353,353
66,124,2093,3916,353,353
66,124,2093,3916,361,345
66,124,2093,3920,353,353
66,124,2093,3923,345,361
66,124,2093,3927,345,361
66,124,2093,3931,345,361
66,124,2094,3913,353,353
66,124,2094,3914,335,371
66,124,2094,3914,345,361
66,124,2094,3915,335,371
66,124,2094,3915,345,361
66,124,2094,3915,353,353
66,124,2094,3916,353,353
66,124,2094,3920,353,353
66,124,2094,3923,416,277
66,124,2094,3927,345,361
66,124,2094,3931,345,361
66,124,2095,3920,353,353
66,124,2095,3927,345,361
66,124,2095,3931,345,361
66,124,2096,3920,353,353
66,124,2097,3899,0,500
66,124,2097,3914,345,361
66,124,2097,3915,345,361
66,124,2098,3912,353,353
66,124,2100,3952,159,-176
66,124,2101,3953,171,-164
66,124,2103,3943,190,-317
66,124,2103,3947,-38,-311
66,124,2103,3948,101,-244
66,124,2103,3954,-180,-108
66,124,2103,3954,-103,-155
66,124,2103,3954,348,-187
66,124,2103,3955,164,-87
66,124,2104,3949,5,-264
66,124,2104,3954,-103,-155
66,124,2105,3918,345,361
66,124,2105,3948,63,-283
66,124,2106,3944,142,-283
66,124,2106,3947,7,-314
66,124,2106,3949,100,-242
66,124,2106,3954,-103,-155
66,124,2107,3949,157,-333
66,124,2107,3950,161,-303
66,124,2107,3951,-123,-205
66,124,2108,3952,-204,-167
66,124,2110,3937,121,-403
66,124,2110,3946,30,-312
66,124,2110,3950,103,120
66,124,2111,3945,130,-316
66,124,2111,3948,-23,-312
66,124,2112,3919,361,345
66,124,2112,3946,123,-320
66,124,2114,3914,361,345
66,124,2115,3942,219,-189
66,124,2116,3944,106,-323
66,124,2117,3946,30,-315
66,124,2117,3949,69,-255
66,124,2117,3952,-20,-208
66,124,2118,3929,-366,151
66,124,2118,3948,57,-258
66,124,2118,3955,-166,-83
66,124,2120,3953,-141,-155
66,124,2121,3919,129,428
66,124,2122,3929,151,365
66,124,2123,3923,129,428
66,124,2123,3926,121,403
66,124,2123,3930,-367,-36
66,124,2123,3950,40,-232
66,124,2124,3932,237,-248
66,124,2124,3950,44,-257
66,124,2125,3928,95,382
66,124,2126,3942,163,-222
66,124,2128,3908,121,484
66,124,2128,3949,350,115
66,124,2131,3915,85,492
66,124,2131,3953,396,141
66,124,2132,3902,0,500
66,124,2132,3915,0,500
66,124,2132,3915,224,447
66,124,2132,3921,274,319
66,124,2132,3922,0,447
66,124,2132,3925,0,421
66,124,2132,3932,0,369
66,124,2132,3933,0,78
66,124,2132,3936,0,78
66,124,2132,3938,0,238
66,124,2132,3939,0,26
66,124,2132,3939,0,223
66,124,2132,3940,0,223
66,124,2132,3941,13,22
66,124,2132,3942,1,26
66,124,2132,3942,13,22
66,124,2132,3944,-117,-207
66,124,2132,3945,23,10
66,124,2132,3947,25,6
66,124,2133,3947,0,223
66,124,2133,3947,66,241
66,124,2133,3951,-5,-209
66,124,2133,3953,-22,-182
66,124,2134,3948,-12,-235
66,124,2134,3949,-35,235
66,124,2134,3949,-12,-235
66,124,2134,3955,101,-23
66,124,2134,3955,138,-74
66,124,2134,3955,176,-48
66,124,2134,3955,381,104
66,124,2135,3947,-26,0
66,124,2135,3948,-17,-234
66,124,2135,3948,0,152
66,124,2135,3949,-27,221
66,124,2135,3949,-17,-234
66,124,2135,3949,0,157
66,124,2135,3951,-15,-208
66,124,2135,3955,73,34
66,124,2135,3955,92,-49
66,124,2136,3947,-145,-217
66,124,2136,3947,-26,0
66,124,2136,3947,-23,11
66,124,2136,3947,0,0
66,124,2136,3947,394,-306
66,124,2136,3948,-26,0
66,124,2136,3949,-28,233
66,124,2136,3955,115,-62
66,124,2136,3955,227,-69
66,124,2137,3954,86,-130
66,124,2137,3955,-167,-79
66,124,2137,3955,179,-49
66,124,2137,3955,292,-121
66,124,2137,3955,363,-63
66,124,2138,3947,-26,0
66,124,2138,3947,-23,12
66,124,2138,3947,-22,13
66,124,2138,3947,-14,-276
66,124,2138,3947,23,10
66,124,2138,3948,-32,-262
66,124,2138,3948,-23,-12
66,124,2138,3948,0,157
66,124,2138,3949,-32,-259
66,124,2139,3947,-26,0
66,124,2139,3947,-26,1
66,124,2139,3953,-132,-126
66,124,2139,3953,153,-146
66,124,2140,3952,57,-176
66,124,2141,3949,-18,-249
66,124,2142,3949,171,-385
66,124,2143,3947,-21,14
66,124,2143,3947,26,-1
66,124,2149,3941,191,182
67,117,2071,3773,444,0
67,117,2072,3773,500,0
67,117,2074,3791,393,-29
67,117,2075,3723,500,0
67,117,2075,3774,340,0
67,117,2075,3774,361,0
67,117,2075,3775,340,0
67,117,2075,3776,340,0
67,117,2075,3777,340,0
67,117,2075,3778,340,0
67,117,2075,3780,340,0
67,117,2075,3780,361,0
67,117,2075,3781,340,0
67,117,2075,3782,340,0
67,117,2075,3783,340,0
67,117,2075,3784,340,0
67,117,2075,3785,340,0
67,117,2075,3786,340,0
67,117,2075,3787,340,0
67,117,2076,3756,500,0
67,117,2076,3774,340,0
67,117,2076,3774,366,0
67,117,2076,3775,366,-8
67,117,2076,3780,340,0
67,117,2076,3780,361,0
67,117,2076,3787,340,0
67,117,2076,3788,366,-8
67,117,2076,3789,366,-8
67,117,2076,3790,366,0
67,117,2076,3793,366,0
67,117,2077,3774,366,-8
67,117,2077,3774,366,0
67,117,2077,3780,366,0
67,117,2077,3789,366,-18
67,117,2077,3789,366,-8
67,117,2077,3794,366,0
67,117,2078,3774,366,0
67,117,2078,3780,366,0
67,117,2079,3720,500,0
67,117,2079,3780,366,0
67,117,2079,3787,366,0
67,117,2079,3796,366,0
67,117,2080,3789,392,-9
67,117,2080,3790,392,0
67,117,2081,3774,392,0
67,117,2081,3780,392,0
67,117,2081,3789,392,-9
67,117,2081,3798,392,0
67,117,2082,3780,392,0
67,117,2082,3790,445,-33
67,117,2083,3716,500,0
67,117,2083,3770,496,60
67,117,2083,3780,414,0
67,117,2083,3796,392,0
67,117,2083,3802,392,0
67,117,2084,3780,414,0
67,117,2085,3803,418,0
67,117,2086,3798,361,-345
67,117,2086,3800,343,-359
67,117,2087,3778,418,0
67,117,2087,3784,418,0
67,117,2087,3785,418,0
67,117,2087,3787,418,0
67,117,2088,3780,418,0
67,117,2088,3780,440,0
67,117,2089,3796,335,-371
67,117,2089,3808,444,-10
67,117,2090,3823,353,-353
67,117,2091,3790,361,-345
67,117,2091,3798,361,-345
67,117,2091,3800,361,-345
67,117,2091,3801,361,-345
67,117,2091,3807,361,-345
67,117,2092,3776,444,0
67,117,2092,3777,444,0
67,117,2092,3778,444,0
67,117,2092,3780,444,0
67,117,2092,3781,444,0
67,117,2092,3782,444,0
67,117,2092,3783,444,0
67,117,2092,3784,444,0
67,117,2092,3785,444,0
67,117,2092,3786,444,0
67,117,2092,3815,335,-371
67,117,2094,3810,471,-11
67,117,2094,3811,471,-11
67,117,2094,3813,471,-11
67,117,2096,3815,471,0
67,117,2097,3830,353,-353
67,117,2101,3753,421,0
67,117,2101,3827,353,-353
67,117,2101,3828,326,-378
67,117,2102,3824,345,-361
67,117,2105,3776,418,0
67,117,2105,3778,418,0
67,117,2105,3784,418,0
67,117,2105,3822,345,-361
67,117,2106,3761,261,0
67,117,2107,3786,366,8
67,117,2108,3731,309,323
67,117,2110,3765,282,-312
67,117,2111,3775,290,0
67,117,2115,3775,157,0
67,117,2116,3773,130,0
67,117,2117,3822,192,-433
67,117,2120,3814,417,-224
67,117,2121,3721,209,0
67,117,2121,3819,160,-417
67,117,2122,3820,139,-425
67,117,2124,3725,144,-478
67,117,2125,3809,115,-350
67,117,2128,3811,399,-253
67,117,2130,3789,-70,169
67,117,2130,3801,28,391
67,117,2131,3786,-63,-117
67,117,2131,3788,-121,99
67,117,2131,3788,207,25
67,117,2131,3792,7,340
67,117,2132,3685,0,500
67,117,2132,3792,-135,192
67,117,2132,3795,307,321
67,117,2133,3798,-121,202
67,117,2134,3789,116,173
67,117,2134,3796,-13,261
67,117,2134,3797,-21,282
67,117,2134,3803,-168,264
67,117,2135,3790,52,175
67,117,2136,3788,-157,84
67,117,2136,3789,-170,162
67,117,2136,3790,194,249
67,117,2136,3792,-31,206
67,117,2136,3795,204,237
67,117,2136,3797,-36,367
67,117,2136,3797,-35,285
67,117,2136,3805,264,167
67,117,2137,3798,298,330
67,117,2137,3805,161,389
67,117,2137,3806,326,217
67,117,2137,3811,353,223
67,117,2138,3730,416,277
67,117,2138,3788,-138,74
67,117,2138,3788,-134,71
67,117,2138,3791,-80,193
67,117,2139,3791,34,-232
67,117,2139,3792,-105,210
67,117,2139,3794,-51,256
67,117,2139,3794,-13,261
67,117,2139,3799,309,323
67,117,2140,3788,-149,29
67,117,2140,3790,91,-51
67,117,2140,3796,224,289
67,117,2140,3796,226,291
67,117,2140,3800,-98,325
67,117,2140,3808,303,248
67,117,2140,3808,305,250
67,117,2140,3816,291,-339
67,117,2145,3790,-116,-205
67,117,2148,3795,110,266
67,117,2151,3794,-128,227
67,117,2153,3823,325,-340
67,117,2154,3788,-184,87
67,117,2157,3794,-140,189
67,117,2159,3806,-287,127
67,117,2160,3790,176,-112
67,117,2160,3793,277,-76
67,117,2160,3794,266,-110
67,117,2160,3798,103,-269
67,117,2164,3691,224,447
67,117,2164,3694,0,447
67,117,2164,3799,0,-26
67,117,2164,3799,24,-10
67,117,2164,3813,0,-261
67,117,2164,3814,0,-261
67,117,2164,3819,0,-209
67,120,2071,3875,447,0
67,120,2072,3874,500,0
67,120,2072,3875,500,0
67,120,2073,3875,500,0
67,120,2073,3876,500,0
67,120,2074,3875,340,0
67,120,2074,3876,379,0
67,120,2075,3828,340,0
67,120,2075,3829,340,0
67,120,2075,3830,340,0
67,120,2075,3831,340,0
67,120,2075,3832,340,0
67,120,2075,3833,340,0
67,120,2075,3834,340,0
67,120,2075,3835,340,0
67,120,2075,3836,340,0
67,120,2075,3837,340,0
67,120,2075,3838,340,0
67,120,2075,3839,340,0
67,120,2075,3840,340,0
67,120,2075,3841,340,0
67,120,2075,3842,340,0
67,120,2075,3843,340,0
67,120,2075,3844,340,0
67,120,2075,3845,340,0
67,120,2075,3846,340,0
67,120,2075,3847,340,0
67,120,2075,3848,340,0
67,120,2075,3849,340,0
67,120,2075,3850,340,0
67,120,2075,3851,340,0
67,120,2075,3852,340,0
67,120,2075,3853,340,0
67,120,2075,3854,340,0
67,120,2075,3855,340,0
67,120,2075,3856,340,0
67,120,2075,3857,340,0
67,120,2075,3859,340,0
67,120,2075,3861,340,0
67,120,2075,3862,340,0
67,120,2075,3863,340,0
67,120,2075,3864,340,0
67,120,2075,3865,340,0
67,120,2075,3866,340,0
67,120,2075,3867,340,0
67,120,2075,3868,340,0
67,120,2075,3869,340,0
67,120,2075,3870,340,0
67,120,2075,3871,340,0
67,120,2075,3872,340,0
67,120,2075,3873,340,0
67,120,2075,3873,340,17
67,120,2075,3874,340,0
67,120,2075,3875,340,0
67,120,2075,3876,361,0
67,120,2075,3878,364,-27
67,120,2075,3878,366,-18
67,120,2075,3886,482,-132
67,120,2075,3887,482,-132
67,120,2076,3836,340,0
67,120,2076,3837,366,-8
67,120,2076,3838,366,-8
67,120,2076,3838,366,0
67,120,2076,3839,366,-18
67,120,2076,3875,340,0
67,120,2076,3875,421,0
67,120,2076,3875,473,0
67,120,2076,3876,361,0
67,120,2076,3877,366,-8
67,120,2077,3838,366,-8
67,120,2077,3839,366,-18
67,120,2077,3840,366,0
67,120,2077,3875,418,0
67,120,2077,3886,470,-167
67,120,2077,3896,351,-176
67,120,2078,3838,393,-29
67,120,2078,3872,366,0
67,120,2078,3873,366,0
67,120,2078,3873,366,8
67,120,2078,3875,418,0
67,120,2079,3819,500,0
67,120,2079,3828,366,0
67,120,2079,3836,366,0
67,120,2079,3837,366,0
67,120,2079,3844,366,0
67,120,2079,3863,366,0
67,120,2079,3875,500,0
67,120,2080,3875,444,0
67,120,2080,3875,471,0
67,120,2080,3875,500,0
67,120,2080,3884,478,-144
67,120,2080,3885,482,-132
67,120,2081,3875,500,0
67,120,2081,3885,470,-167
67,120,2082,3873,392,8
67,120,2082,3874,392,8
67,120,2082,3875,500,0
67,120,2082,3876,431,0
67,120,2082,3884,474,-156
67,120,2083,3875,500,0
67,120,2083,3876,414,0
67,120,2083,3878,416,-31
67,120,2083,3878,469,-46
67,120,2084,3877,418,-21
67,120,2085,3811,418,0
67,120,2085,3814,418,0
67,120,2085,3822,351,351
67,120,2086,3810,392,0
67,120,2086,3875,500,0
67,120,2087,3807,345,361
67,120,2087,3872,418,0
67,120,2087,3874,418,0
67,120,2087,3875,418,0
67,120,2092,3872,444,0
67,120,2092,3873,444,0
67,120,2092,3874,444,0
67,120,2092,3875,444,0
67,120,2093,3876,471,-24
67,120,2094,3873,366,0
67,120,2094,3875,447,0
67,120,2101,3873,366,0
67,120,2102,3887,312,-30
67,120,2104,3872,392,0
67,120,2105,3873,392,0
67,120,2105,3874,418,0
67,120,2105,3875,418,0
67,120,2108,3841,289,-21
67,120,2108,3875,369,0
67,120,2113,3819,279,279
67,120,2114,3873,157,0
67,120,2115,3826,130,0
67,120,2115,3873,130,0
67,120,2116,3831,104,0
67,120,2116,3837,113,108
67,120,2116,3872,104,0
67,120,2118,3812,235,245
67,120,2121,3819,130,0
67,120,2122,3795,139,424
67,120,2123,3802,132,371
67,120,2125,3895,194,194
67,120,2131,3843,-86,-162
67,120,2131,3861,-86,-162
67,120,2131,3884,-121,99
67,120,2132,3812,-205,-307
67,120,2133,3824,74,-138
67,120,2133,3825,74,-138
67,120,2134,3825,-116,-174
67,120,2135,3820,-46,-310
67,120,2135,3884,-7,78
67,120,2136,3822,250,-305
67,120,2137,3827,-115,-62
67,120,2138,3822,258,-332
67,120,2138,3823,-90,-218
67,120,2139,3808,305,-250
67,120,2139,3892,-6,51
67,120,2141,3826,-162,-132
67,120,2142,3801,266,325
67,120,2144,3803,403,-121
67,120,2145,3814,254,-188
67,120,2148,3824,-23,-234
67,120,2149,3808,258,-332
67,120,2152,3886,0,104
67,120,2153,3827,138,-74
67,120,2164,3808,0,26
67,120,2164,3822,0,-261
67,120,2164,3823,0,0
67,120,2164,3823,150,-49
67,120,2164,3823,178,-44
67,120,2164,3824,5,25
67,120,2164,3826,17,-182
67,120,2164,3826,90,-42
67,120,2164,3827,61,115
67,120,2164,3887,1,-26
67,120,2164,3887,51,5
67,120,2164,3887,65,43
67,122,2073,3954,500,0
67,122,2076,3956,500,0
67,122,2078,3880,500,0
67,122,2078,3890,496,-60
67,122,2078,3891,492,-85
67,122,2079,3891,496,-60
67,122,2079,3956,500,0
67,122,2080,3880,500,0
67,122,2081,3875,500,0
67,122,2082,3875,418,0
67,122,2082,3875,500,0
67,122,2082,3878,418,0
67,122,2083,3875,392,0
67,122,2083,3875,500,0
67,122,2083,3876,414,0
67,122,2083,3876,431,0
67,122,2083,3876,500,0
67,122,2083,3878,418,0
67,122,2083,3879,418,-21
67,122,2084,3875,392,0
67,122,2084,3875,471,0
67,122,2084,3875,500,0
67,122,2084,3876,414,0
67,122,2084,3877,418,-21
67,122,2085,3873,418,21
67,122,2085,3874,418,21
67,122,2085,3875,444,0
67,122,2085,3875,471,0
67,122,2086,3857,382,229
67,122,2086,3870,358,343
67,122,2086,3871,358,343
67,122,2086,3871,371,335
67,122,2086,3872,351,351
67,122,2086,3873,418,21
67,122,2086,3874,418,0
67,122,2086,3875,444,0
67,122,2086,3875,471,0
67,122,2086,3875,500,0
67,122,2087,3862,358,343
67,122,2087,3863,358,343
67,122,2087,3864,358,343
67,122,2087,3865,358,343
67,122,2087,3866,358,343
67,122,2087,3867,358,343
67,122,2087,3868,358,343
67,122,2087,3869,358,343
67,122,2087,3870,351,351
67,122,2087,3870,358,343
67,122,2087,3871,351,351
67,122,2087,3871,353,353
67,122,2087,3871,358,343
67,122,2087,3871,418,0
67,122,2087,3872,358,343
67,122,2087,3874,358,343
67,122,2087,3874,418,0
67,122,2087,3875,358,343
67,122,2087,3875,418,0
67,122,2087,3876,440,0
67,122,2087,3876,500,0
67,122,2087,3877,358,343
67,122,2087,3878,358,343
67,122,2087,3879,358,343
67,122,2087,3880,358,343
67,122,2087,3881,358,343
67,122,2087,3883,358,343
67,122,2087,3884,358,343
67,122,2087,3885,358,343
67,122,2087,3887,358,343
67,122,2087,3889,358,343
67,122,2088,3859,404,242
67,122,2090,3872,444,0
67,122,2090,3872,444,10
67,122,2090,3875,361,345
67,122,2090,3875,500,0
67,122,2091,3885,353,353
67,122,2091,3886,353,353
67,122,2091,3887,353,353
67,122,2091,3896,353,353
67,122,2091,3913,353,353
67,122,2092,3870,444,0
67,122,2096,3865,471,0
67,122,2096,3887,494,-74
67,122,2098,3876,492,0
67,122,2100,3878,414,171
67,122,2103,3886,387,76
67,122,2106,3883,378,114
67,122,2121,3855,129,428
67,122,2122,3885,184,184
67,122,2123,3880,185,0
67,122,2123,3885,-54,-271
67,122,2123,3887,-198,-242
67,122,2124,3887,-198,-242
67,122,2127,3895,-472,46
67,122,2127,3949,-104,-5
67,122,2128,3878,-217,-145
67,122,2129,3869,97,273
67,122,2129,3881,-183,-4
67,122,2129,3887,411,92
67,122,2129,3890,-185,-99
67,122,2131,3881,-157,-94
67,122,2131,3884,25,263
67,122,2131,3889,101,244
67,122,2131,3907,-86,-162
67,122,2132,3838,0,500
67,122,2132,3841,0,500
67,122,2132,3851,0,500
67,122,2132,3858,0,447
67,122,2132,3872,0,52
67,122,2132,3874,0,26
67,122,2132,3879,0,52
67,122,2132,3882,0,-314
67,122,2132,3882,23,10
67,122,2132,3882,243,154
67,122,2132,3889,387,76
67,122,2132,3890,0,-262
67,122,2132,3891,0,-130
67,122,2132,3891,45,-25
67,122,2132,3891,46,-22
67,122,2132,3891,50,-14
67,122,2133,3883,-47,-271
67,122,2133,3888,74,-138
67,122,2133,3889,0,-130
67,122,2133,3889,74,-138
67,122,2133,3890,74,-138
67,122,2134,3884,-135,192
67,122,2134,3884,-28,233
67,122,2134,3884,-14,-290
67,122,2134,3885,-12,-235
67,122,2134,3885,-6,-261
67,122,2134,3886,152,-101
67,122,2134,3887,152,-101
67,122,2135,3883,-159,-90
67,122,2135,3883,-130,0
67,122,2135,3884,-98,-154
67,122,2135,3884,223,11
67,122,2135,3885,-19,-260
67,122,2135,3887,-10,-209
67,122,2135,3887,152,-101
67,122,2135,3891,69,-37
67,122,2136,3883,-26,0
67,122,2136,3883,-23,11
67,122,2136,3883,0,0
67,122,2136,3885,-28,233
67,122,2136,3891,23,-12
67,122,2137,3883,0,0
67,122,2137,3884,-26,0
67,122,2137,3886,205,-205
67,122,2137,3890,-156,11
67,122,2137,3890,198,-132
67,122,2138,3883,-23,12
67,122,2138,3883,-3,51
67,122,2138,3885,-48,-392
67,122,2138,3889,163,-134
67,122,2139,3883,-2,52
67,122,2140,3883,-104,0
67,122,2140,3883,-26,1
67,122,2142,3883,-122,-47
67,122,2142,3883,-82,-64
67,122,2143,3883,0,0
67,122,2144,3883,-130,0
67,122,2145,3883,-99,-32
67,122,2145,3883,-54,-57
67,122,2146,3883,7,24
67,122,2146,3891,100,30
67,122,2147,3883,56,-146
67,122,2147,3891,57,-87
67,122,2149,3883,-126,-34
67,122,2149,3887,279,-55
67,122,2151,3891,138,-74
67,122,2152,3890,101,-152
67,122,2156,3883,-55,-202
67,122,2157,3883,0,0
67,122,2159,3883,-71,-359
67,122,2164,3851,224,447
67,122,2164,3888,90,94
67,122,2164,3888,99,32
67,122,2164,3888,148,48
68,118,2116,3775,416,277
68,118,2116,3775,441,236
68,118,2116,3777,435,246
68,118,2116,3780,498,48
68,118,2116,3780,500,0
68,118,2116,3781,474,156
68,118,2118,3775,500,0
68,118,2118,3776,394,306
68,118,2121,3775,441,236
68,118,2121,3806,423,-212
68,118,2126,3780,447,0
68,118,2126,3804,267,-421
68,118,2129,3794,438,-87
68,118,2130,3787,447,0
68,118,2130,3788,447,0
68,118,2130,3789,447,-10
68,118,2130,3790,445,-33
68,118,2130,3790,447,-23
68,118,2130,3791,445,-43
68,118,2130,3792,442,-66
68,118,2130,3792,445,-43
68,118,2130,3800,447,0
68,118,2130,3804,447,0
68,118,2130,3805,447,0
68,118,2130,3807,447,0
68,118,2130,3808,447,0
68,118,2130,3809,419,31
68,118,2130,3809,447,0
68,118,2130,3809,447,10
68,118,2130,3811,447,0
68,118,2130,3813,447,0
68,118,2130,3816,447,0
68,118,2132,3777,0,500
68,118,2132,3784,0,261
68,118,2133,3808,419,41
68,118,2134,3787,421,0
68,118,2134,3792,417,-51
68,118,2134,3793,414,-72
68,118,2134,3793,416,-62
68,118,2134,3794,412,-82
68,118,2134,3795,411,-92
68,118,2134,3814,339,-292
68,118,2135,3813,339,-292
68,118,2136,3806,393,38
68,118,2136,3807,393,38
68,118,2140,3803,274,-353
68,118,2140,3810,304,-291
68,118,2140,3817,283,-346
68,118,2141,3817,283,-346
68,118,2147,3791,308,-69
68,118,2148,3796,-238,204
68,118,2156,3787,0,0
68,118,2159,3812,-208,-111
68,118,2161,3811,-182,-17
68,118,2163,3793,-130,-196
68,118,2164,3705,0,500
68,118,2205,3719,378,326
68,119,2113,3802,497,0
68,119,2116,3829,500,0
68,119,2116,3834,466,-179
68,119,2116,3836,361,-345
68,119,2116,3836,402,-296
68,119,2116,3836,451,-212
68,119,2116,3836,500,0
68,119,2116,3839,500,0
68,119,2120,3840,441,-236
68,119,2120,3842,441,-236
68,119,2121,3805,423,-212
68,119,2121,3806,423,-212
68,119,2121,3832,470,-167
68,119,2123,3846,277,-416
68,119,2125,3843,212,-451
68,119,2126,3836,447,0
68,119,2127,3804,471,-46
68,119,2130,3796,447,0
68,119,2130,3797,447,0
68,119,2130,3798,447,0
68,119,2130,3802,447,0
68,119,2130,3804,447,0
68,119,2130,3807,447,0
68,119,2130,3808,447,0
68,119,2130,3809,447,0
68,119,2130,3809,447,10
68,119,2130,3810,447,0
68,119,2130,3811,447,0
68,119,2130,3818,447,0
68,119,2130,3823,447,0
68,119,2130,3828,447,0
68,119,2130,3833,191,-462
68,119,2130,3849,447,0
68,119,2130,3851,447,0
68,119,2130,3852,447,0
68,119,2131,3837,37,-498
68,119,2132,3804,360,265
68,119,2132,3832,83,-235
68,119,2133,3866,403,-190
68,119,2134,3858,412,-82
68,119,2134,3866,380,-179
68,119,2136,3805,395,-9
68,119,2136,3807,393,38
68,119,2137,3825,283,-189
68,119,2138,3804,319,274
68,119,2138,3806,325,266
68,119,2138,3828,104,0
68,119,2140,3798,291,339
68,119,2141,3796,265,360
68,119,2141,3808,305,250
68,119,2143,3801,266,325
68,119,2152,3821,-40,231
68,119,2152,3828,9,24
68,119,2152,3828,26,0
68,119,2153,3828,23,11
68,119,2154,3805,264,0
68,119,2155,3788,-291,119
68,119,2156,3828,0,0
68,119,2157,3816,-242,100
68,119,2157,3828,-23,46
68,119,2157,3828,0,0
68,119,2160,3826,31,71
68,119,2160,3828,83,62
68,119,2161,3826,13,264
68,119,2162,3811,-152,-101
68,119,2162,3813,62,46
68,119,2162,3822,-112,-144
68,119,2162,3828,-92,49
68,121,2115,3874,488,109
68,121,2116,3874,500,0
68,121,2116,3875,500,0
68,121,2116,3876,361,345
68,121,2116,3876,500,0
68,121,2116,3877,474,156
68,121,2116,3903,441,-236
68,121,2117,3873,500,0
68,121,2120,3838,441,236
68,121,2120,3840,441,236
68,121,2123,3866,246,435
68,121,2124,3842,361,345
68,121,2125,3868,236,441
68,121,2126,3836,500,0
68,121,2127,3869,167,470
68,121,2129,3866,121,484
68,121,2129,3869,109,488
68,121,2130,3837,500,0
68,121,2130,3861,447,0
68,121,2130,3862,447,0
68,121,2130,3865,447,0
68,121,2130,3869,85,492
68,121,2130,3875,447,0
68,121,2130,3876,85,492
68,121,2131,3877,132,482
68,121,2132,3875,0,500
68,121,2132,3877,48,498
68,121,2132,3882,267,421
68,121,2132,3892,197,-105
68,121,2132,3893,372,248
68,121,2132,3895,0,-289
68,121,2133,3844,403,190
68,121,2134,3854,414,72
68,121,2137,3846,376,189
68,121,2138,3880,157,0
68,121,2141,3892,307,0
68,121,2144,3846,445,158
68,121,2146,3806,166,353
68,121,2148,3847,421,150
68,121,2154,3892,0,0
68,121,2154,3892,20,16
68,121,2158,3891,-235,-12
68,121,2158,3891,-75,-23
68,121,2158,3892,0,0
68,121,2159,3892,-52,1
68,121,2160,3892,-162,302
68,121,2160,3892,0,0
68,121,2161,3887,-174,-57
68,121,2164,3813,0,500
68,121,2164,3822,0,447
68,121,2165,3857,183,-151
68,121,2167,3858,187,-100
68,121,2168,3851,0,0
68,121,2241,3859,94,-50
68,121,2242,3851,100,-30
68,121,2242,3853,-72,-362
68,121,2242,3853,-24,-10
68,121,2242,3853,-12,23
68,121,2243,3859,141,-75
68,121,2244,3858,103,-155
68,121,2251,3808,0,500
68,121,2251,3850,-5,25
100,2,3173,156,353,-353
100,2,3174,156,335,-371
100,2,3174,156,345,-361
100,2,3196,139,0,-421
100,2,3196,148,0,-500
100,2,3198,139,41,-419
100,2,3200,154,0,-440
100,2,3200,158,0,-414
100,2,3200,162,0,-387
100,2,3200,162,0,-366
100,2,3206,164,-18,-366
100,2,3209,164,-18,-366
100,2,3216,164,-18,-366
100,2,3218,164,-18,-366
100,2,3219,164,-18,-366
100,2,3221,164,-18,-366
100,2,3222,164,-18,-366
100,2,3224,152,-22,-444
100,2,3225,164,-18,-366
100,2,3245,164,-18,-366
100,2,3247,164,-18,-366
100,2,3248,164,-18,-366
100,2,3250,152,-22,-444
100,2,3250,164,-18,-366
100,2,3251,164,-18,-366
100,2,3251,164,18,-366
100,2,3252,147,-24,-471
100,2,3258,164,-18,-366
100,2,3258,164,18,-366
100,2,3259,142,25,-497
100,2,3259,151,32,-443
100,2,3260,152,-22,-444
100,2,3261,156,-21,-418
100,2,3261,164,-18,-366
100,2,3262,152,-22,-444
100,2,3262,164,-18,-366
100,2,3263,164,-18,-366
100,2,3264,148,0,-471
100,2,3264,155,-21,-418
100,2,3264,155,0,-440
100,2,3264,156,-21,-418
100,2,3264,162,0,-366
100,2,3264,164,0,-387
100,2,3265,140,-9,-183
100,2,3265,156,-21,-418
100,2,3265,161,-20,-392
100,2,3265,164,-27,-365
100,2,3265,164,-18,-366
100,2,3266,164,-18,-366
100,2,3267,152,-22,-444
100,2,3267,160,-58,-388
100,2,3268,124,-94,-90
100,2,3268,152,-22,-444
100,2,3268,164,-18,-366
100,2,3269,164,-18,-366
100,2,3271,164,-18,-366
100,2,3272,156,-21,-418
100,2,3273,156,-21,-418
100,2,3273,164,-18,-366
100,2,3273,164,0,-366
100,2,3273,167,0,-500
100,2,3274,164,-18,-366
100,2,3275,108,22,128
100,2,3275,113,-28,286
100,2,3275,113,69,-252
100,2,3275,149,0,-444
100,2,3275,164,-18,-366
100,2,3275,165,0,-340
100,2,3275,166,0,-447
100,2,3275,167,0,-395
100,2,3276,103,10,-23
100,2,3276,105,99,121
100,2,3276,106,12,-23
100,2,3276,107,26,180
100,2,3276,107,99,121
100,2,3276,108,99,121
100,2,3276,109,76,136
100,2,3276,112,123,-231
100,2,3276,156,-21,-418
100,2,3277,108,7,157
100,2,3277,110,13,188
100,2,3277,116,150,363
100,2,3277,155,-359,-344
100,2,3277,156,0,-418
100,2,3277,164,-18,-366
100,2,3277,164,0,-366
100,2,3278,105,177,44
100,2,3278,109,-74,138
100,2,3279,114,222,182
100,2,3280,108,173,57
100,2,3281,109,260,19
100,2,3282,109,165,-78
100,2,3283,103,314,15
100,2,3283,104,338,-33
100,2,3284,102,169,-12
100,2,3284,102,338,25
100,2,3284,103,0,0
100,2,3284,103,0,26
100,2,3284,103,1,26
100,2,3284,103,3,78
100,2,3284,103,11,-77
100,2,3284,103,13,22
100,2,3284,103,22,13
100,2,3284,103,26,1
100,2,3284,104,0,0
100,2,3284,104,13,21
100,2,3284,107,-156,83
100,2,3284,117,358,71
100,2,3285,109,15,-208
100,2,3286,107,2,-26
100,2,3287,107,-20,-16
100,2,3291,107,-26,0
100,2,3303,132,-252,-228
100,83,3147,2667,500,0
100,83,3159,2667,395,0
100,83,3160,2711,389,-161
100,83,3168,2743,0,-500
100,83,3169,2667,316,0
100,83,3169,2731,253,-400
100,83,3177,2740,136,-453
100,83,3178,2736,118,-432
100,83,3179,2725,141,-369
100,83,3179,2750,0,-500
100,83,3179,2754,74,-494
100,83,3200,2732,378,-326
100,83,3200,2741,0,-473
100,83,3205,2748,353,-353
100,83,3206,2748,335,-371
100,83,3207,2726,339,-292
100,83,3210,2723,312,-283
100,83,3211,2723,304,-291
100,83,3228,2723,0,-369
100,83,3228,2731,0,-473
100,83,3228,2731,0,-421
100,83,3228,2736,0,-471
100,83,3228,2740,0,-444
100,83,3228,2746,0,-500
100,83,3228,2748,0,-418
100,83,3228,2756,0,-366
100,83,3228,2757,0,-500
100,83,3228,2761,0,-500
100,83,3229,2744,-22,-444
100,83,3230,2731,41,-419
100,83,3230,2748,-41,-417
100,83,3230,2748,-31,-417
100,83,3230,2756,-27,-365
100,83,3230,2756,-18,-366
100,83,3231,2748,-50,-415
100,83,3231,2748,-41,-417
100,83,3231,2756,-35,-365
100,83,3231,2756,-27,-365
100,83,3232,2748,-62,-414
100,83,3232,2748,-50,-415
100,83,3232,2748,-21,-418
100,83,3232,2750,0,-414
100,83,3232,2750,0,-392
100,83,3232,2752,-47,-389
100,83,3232,2754,0,-387
100,83,3232,2754,0,-366
100,83,3232,2756,-44,-363
100,83,3232,2756,-35,-365
100,83,3233,2748,-21,-418
100,83,3233,2756,-44,-363
100,83,3233,2756,-18,-366
100,83,3234,2756,-54,-362
100,83,3234,2756,-18,-366
100,83,3235,2737,0,-471
100,83,3235,2748,-21,-418
100,83,3235,2754,-63,-360
100,83,3235,2757,-71,-359
100,83,3235,2757,0,-340
100,83,3236,2720,-240,-207
100,83,3236,2744,-22,-444
100,83,3236,2748,-21,-418
100,83,3236,2756,-18,-366
100,83,3237,2728,0,-418
100,83,3237,2756,-18,-366
100,83,3237,2757,0,-340
100,83,3238,2748,-21,-418
100,83,3238,2756,-18,-366
100,83,3239,2737,0,-471
100,83,3239,2756,-18,-366
100,83,3239,2757,0,-340
100,83,3240,2744,-22,-444
100,83,3240,2748,-21,-418
100,83,3241,2744,-22,-444
100,83,3241,2756,-18,-366
100,83,3242,2756,-18,-366
100,83,3243,2748,-21,-418
100,83,3244,2721,498,-48
100,83,3244,2756,-18,-366
100,83,3244,2757,7,-340
100,83,3245,2744,-22,-444
100,83,3246,2743,-345,-361
100,83,3246,2744,-345,-361
100,83,3246,2756,-18,-366
100,83,3247,2756,-18,-366
100,83,3248,2743,-345,-361
100,83,3248,2748,-21,-418
100,83,3249,2743,-345,-361
100,83,3249,2747,-344,-359
100,83,3249,2756,-18,-366
100,83,3250,2756,18,-366
100,83,3251,2728,0,-418
100,83,3251,2734,25,-497
100,83,3251,2742,-378,-326
100,83,3251,2743,-353,-353
100,83,3251,2743,32,-443
100,83,3251,2744,-22,-444
100,83,3251,2747,-344,-359
100,83,3251,2757,0,-340
100,83,3251,2759,0,-500
100,83,3252,2721,-285,-273
100,83,3252,2737,0,-471
100,83,3252,2743,-345,-361
100,83,3252,2744,-345,-361
100,83,3252,2744,-22,-444
100,83,3252,2747,-344,-359
100,83,3252,2748,-21,-418
100,83,3252,2756,-18,-366
100,83,3252,2757,0,-340
100,83,3252,2757,18,-366
100,83,3253,2743,-345,-361
100,83,3253,2744,-22,-444
100,83,3253,2748,-21,-418
100,83,3253,2752,-29,-391
100,83,3253,2756,-18,-366
100,83,3253,2756,18,-366
100,83,3254,2743,-361,-345
100,83,3254,2743,-353,-353
100,83,3254,2743,-345,-361
100,83,3254,2756,-18,-366
100,83,3254,2756,18,-366
100,83,3255,2743,-345,-361
100,83,3255,2743,32,-443
100,83,3255,2744,-22,-444
100,83,3255,2747,-344,-359
100,83,3255,2756,-18,-366
100,83,3256,2744,-22,-444
100,83,3256,2747,-344,-359
100,83,3256,2748,-21,-418
100,83,3256,2756,-18,-366
100,83,3256,2757,0,-340
100,83,3257,2744,-345,-361
100,83,3257,2744,-22,-444
100,83,3257,2746,-351,-351
100,83,3257,2747,-344,-359
100,83,3257,2748,-21,-418
100,83,3257,2756,-18,-366
100,83,3258,2746,-369,-334
100,83,3258,2747,-344,-359
100,83,3258,2756,-18,-366
100,83,3258,2756,18,-366
100,83,3259,2744,-371,-335
100,83,3260,2746,-359,-344
100,83,3260,2747,-344,-359
100,83,3260,2748,-21,-418
100,83,3260,2756,18,-366
100,83,3261,2720,-189,-181
100,83,3261,2743,32,-443
100,83,3261,2748,-21,-418
100,83,3261,2756,-18,-366
100,83,3262,2756,-18,-366
100,83,3263,2734,32,-443
100,83,3264,2748,-21,-418
100,83,3264,2757,0,-340
100,83,3265,2744,-22,-444
100,83,3265,2756,-18,-366
100,83,3266,2744,-22,-444
100,83,3266,2748,-21,-418
100,83,3266,2756,-18,-366
100,83,3266,2757,0,-340
100,83,3267,2748,-21,-418
100,83,3267,2756,-18,-366
100,83,3267,2757,0,-340
100,83,3268,2744,-22,-444
100,83,3268,2748,-21,-418
100,83,3268,2756,-18,-366
100,83,3268,2757,0,-340
100,83,3269,2737,0,-471
100,83,3269,2748,-21,-418
100,83,3269,2756,-18,-366
100,83,3269,2757,0,-340
100,83,3270,2748,-21,-418
100,83,3270,2756,-18,-366
100,83,3271,2748,-21,-418
100,83,3271,2756,-18,-366
100,83,3272,2737,0,-471
100,83,3272,2744,-22,-444
100,83,3272,2748,-21,-418
100,83,3272,2756,-18,-366
100,83,3272,2757,0,-340
100,83,3273,2737,0,-471
100,83,3273,2748,-21,-418
100,83,3273,2756,-18,-366
100,83,3273,2757,0,-340
100,83,3274,2747,-359,-344
100,83,3274,2748,-21,-418
100,83,3274,2748,30,-417
100,83,3274,2756,-18,-366
100,83,3274,2756,18,-366
100,83,3275,2737,0,-471
100,83,3275,2748,-21,-418
100,83,3275,2756,-18,-366
100,83,3275,2757,0,-340
100,83,3275,2758,0,-340
100,83,3275,2759,0,-500
100,83,3276,2667,43,-29
100,83,3276,2680,12,-23
100,83,3276,2688,19,129
100,83,3276,2692,37,151
100,83,3276,2696,130,86
100,83,3276,2697,86,57
100,83,3276,2697,99,121
100,83,3276,2698,99,121
100,83,3276,2699,99,121
100,83,3276,2700,99,121
100,83,3276,2748,-21,-418
100,83,3276,2752,-29,-391
100,83,3276,2756,-18,-366
100,83,3277,2691,124,168
100,83,3277,2695,11,-51
100,83,3277,2696,154,-98
100,83,3277,2699,132,161
100,83,3277,2699,169,69
100,83,3277,2700,132,161
100,83,3277,2748,0,-418
100,83,3277,2752,0,-392
100,83,3277,2756,-18,-366
100,83,3277,2756,0,-366
100,83,3278,2694,173,116
100,83,3278,2695,139,-189
100,83,3278,2695,144,-185
100,83,3278,2695,155,-210
100,83,3278,2698,124,168
100,83,3278,2700,169,69
100,83,3278,2752,28,-391
100,83,3279,2691,223,-73
100,83,3279,2695,196,-70
100,83,3279,2695,198,-65
100,83,3279,2696,158,-136
100,83,3279,2697,182,-17
100,83,3280,2680,210,105
100,83,3280,2698,209,0
100,83,3280,2700,209,0
100,83,3281,2682,259,-122
100,83,3281,2695,235,11
100,83,3281,2697,261,5
100,83,3281,2700,231,170
100,83,3282,2700,261,0
100,83,3282,2702,312,-30
100,83,3282,2748,-353,-353
100,83,3283,2690,286,21
100,83,3283,2692,282,55
100,83,3283,2697,235,5
100,83,3283,2699,261,0
100,83,3283,2702,208,268
100,83,3283,2744,-371,-335
100,83,3284,2685,312,-23
100,83,3284,2686,338,-51
100,83,3284,2700,261,0
100,83,3285,2694,285,34
100,83,3285,2713,-127,-201
100,83,3286,2699,97,154
100,83,3286,2699,287,0
100,83,3287,2678,319,-114
100,83,3287,2687,298,-106
100,83,3287,2691,283,-232
100,83,3287,2695,311,37
100,83,3287,2698,340,17
100,83,3288,2695,338,25
100,83,3288,2695,338,33
100,83,3288,2695,340,17
100,83,3288,2696,337,41
100,83,3288,2697,95,215
100,83,3288,2698,340,7
100,83,3288,2700,115,205
100,83,3288,2730,-130,-315
100,83,3289,2692,333,211
100,83,3291,2695,116,262
100,83,3291,2697,269,161
100,83,3291,2700,264,-168
100,83,3291,2715,-171,-198
100,83,3291,2722,-344,-229
100,83,3292,2699,135,253
100,83,3292,2699,141,250
100,83,3292,2700,292,-175
100,83,3293,2696,333,211
100,83,3293,2699,314,188
100,83,3294,2699,294,217
100,83,3295,2699,-54,311
100,83,3295,2705,15,314
100,83,3295,2708,-437,-98
100,83,3295,2744,-371,-335
100,83,3296,2694,173,-261
100,83,3296,2700,315,232
100,83,3296,2702,175,292
100,83,3296,2727,0,-500
100,83,3296,2729,0,-500
100,83,3296,2740,0,-471
100,83,3296,2741,0,-466
100,83,3296,2741,0,-444
100,83,3296,2742,0,-466
100,83,3296,2742,0,-444
100,83,3296,2743,0,-466
100,83,3296,2743,0,-444
100,83,3296,2744,0,-473
100,83,3296,2744,0,-444
100,83,3297,2700,176,294
100,83,3297,2741,-25,-500
100,83,3297,2744,-22,-444
100,83,3298,2699,7,340
100,83,3298,2700,207,366
100,83,3298,2704,8,369
100,83,3299,2710,-150,337
100,83,3300,2733,-179,-466
100,83,3302,2697,-104,0
100,83,3304,2722,-227,-176
100,83,3306,2695,-447,22
100,83,3309,2714,-363,255
100,83,3311,2733,-364,-206
100,83,3312,2744,-371,-335
100,83,3313,2712,-211,421
100,83,3314,2731,-361,-345
100,83,3314,2732,-407,-180
100,83,3315,2731,-378,-326
100,83,3315,2734,-353,-353
100,83,3315,2735,-353,-353
100,83,3315,2736,-361,-345
100,83,3316,2733,-353,-353
100,83,3317,2735,-361,-345
100,83,3317,2735,-353,-353
100,83,3318,2735,-361,-345
100,83,3319,2735,-361,-345
100,83,3320,2735,-361,-345
101,1,3260,107,451,-212
101,1,3263,121,326,-378
101,1,3264,107,466,-179
101,1,3264,107,500,0
101,1,3264,117,0,-473
101,1,3266,120,236,-441
101,1,3269,116,287,-408
101,1,3274,107,209,0
101,1,3275,106,0,-421
101,1,3275,107,235,0
101,1,3277,105,276,-148
101,1,3282,102,-137,-453
101,1,3284,79,59,-85
101,1,3284,79,69,-35
101,1,3284,106,0,-421
101,1,3289,110,-421,-267
101,1,3294,119,-361,-345
101,1,3297,114,-451,-212
101,1,3300,117,-416,-277
101,1,3301,113,-478,-144
101,1,3307,106,0,-421
101,1,3322,110,-192,-433
101,1,3333,109,-466,-179
101,82,3173,2652,435,-246
101,82,3173,2652,451,-212
101,82,3176,2660,306,-394
101,82,3177,2659,296,-402
101,82,3188,2644,0,-433
101,82,3188,2650,0,-500
101,82,3188,2652,0,-500
101,82,3188,2654,0,-500
101,82,3197,2692,291,-304
101,82,3214,2644,0,0
101,82,3228,2698,0,-421
101,82,3232,2696,0,-130
101,82,3232,2698,0,-421
101,82,3252,2693,0,-157
101,82,3252,2698,0,-421
101,82,3256,2705,474,-156
101,82,3257,2705,478,-144
101,82,3258,2709,416,-277
101,82,3259,2705,474,-156
101,82,3259,2708,447,-224
101,82,3260,2706,451,-212
101,82,3260,2706,457,-203
101,82,3260,2708,429,-257
101,82,3260,2709,416,-277
101,82,3261,2706,457,-203
101,82,3263,2717,48,-498
101,82,3265,2704,435,-180
101,82,3265,2712,-156,-474
101,82,3265,2713,296,-402
101,82,3265,2713,306,-394
101,82,3267,2699,418,0
101,82,3267,2717,0,-500
101,82,3270,2702,451,-212
101,82,3270,2704,257,-222
101,82,3270,2717,-361,-345
101,82,3271,2699,392,0
101,82,3272,2699,444,0
101,82,3272,2709,125,-454
101,82,3274,2698,0,-421
101,82,3274,2699,392,0
101,82,3274,2699,435,-246
101,82,3274,2717,0,-500
101,82,3275,2673,-11,-23
101,82,3275,2674,0,0
101,82,3275,2675,0,0
101,82,3275,2676,0,-212
101,82,3275,2686,0,-26
101,82,3275,2690,0,-369
101,82,3275,2693,0,-157
101,82,3275,2693,0,-130
101,82,3275,2695,0,-130
101,82,3275,2696,0,-130
101,82,3275,2698,0,-421
101,82,3275,2699,0,-421
101,82,3275,2702,0,-447
101,82,3276,2698,-21,-421
101,82,3277,2709,0,-473
101,82,3278,2697,369,-198
101,82,3279,2677,-107,-241
101,82,3279,2698,0,-421
101,82,3279,2712,-361,-345
101,82,3280,2724,-58,-388
101,82,3281,2694,20,-208
101,82,3282,2710,262,-394
101,82,3284,2670,101,22
101,82,3284,2690,0,-369
101,82,3284,2693,-132,-372
101,82,3284,2698,0,-421
101,82,3285,2702,71,-359
101,82,3285,2703,-119,-432
101,82,3286,2697,-151,-393
101,82,3286,2703,-148,-450
101,82,3286,2724,-97,-353
101,82,3287,2694,-78,-165
101,82,3287,2695,-171,-385
101,82,3287,2698,0,-421
101,82,3287,2699,-171,-414
101,82,3288,2695,-179,-380
101,82,3288,2698,-182,-409
101,82,3288,2699,-182,-409
101,82,3288,2701,-171,-414
101,82,3288,2701,-160,-417
101,82,3288,2703,-170,-442
101,82,3288,2707,-159,-446
101,82,3289,2696,-189,-377
101,82,3289,2706,-170,-442
101,82,3289,2707,-167,-470
101,82,3290,2700,-133,-283
101,82,3290,2702,-192,-433
101,82,3290,2703,-192,-433
101,82,3290,2712,-167,-470
101,82,3291,2700,-201,-400
101,82,3291,2701,0,-447
101,82,3292,2694,0,-395
101,82,3292,2698,0,-421
101,82,3293,2704,-212,-424
101,82,3294,2698,21,-421
101,82,3295,2698,0,-421
101,82,3296,2709,0,-473
101,82,3297,2698,0,-421
101,82,3297,2709,169,-442
101,82,3300,2698,0,-421
101,82,3301,2700,-326,-378
101,82,3304,2690,-353,-274
101,82,3304,2701,-309,-359
101,82,3307,2693,-365,35
101,82,3307,2698,0,-421
101,82,3309,2691,-394,-262
101,82,3313,2683,83,62
101,82,3316,2699,-500,0
101,82,3316,2699,-224,-447
101,82,3316,2699,0,-500
101,82,3316,2703,-361,-345
101,82,3328,2684,-400,-201
101,82,3328,2695,-316,-316
101,82,3333,2676,-362,-217
101,82,3334,2676,-355,-225
101,82,3341,2659,-447,0
101,82,3349,2665,-470,-57
101,82,3350,2672,-306,-394
101,82,3354,2698,-361,-345
103,2,3225,119,482,-132
103,2,3235,116,478,-144
103,2,3245,141,345,-361
103,2,3249,136,345,-361
103,2,3249,136,361,-345
103,2,3257,155,351,-351
103,2,3261,107,78,0
103,2,3275,99,0,0
103,2,3277,160,-29,-391
103,2,3277,160,-20,-392
103,2,3277,160,0,-392
103,2,3278,136,0,-500
103,2,3278,160,-29,-391
103,2,3279,162,0,-366
103,2,3281,102,-190,-285
103,2,3282,102,-44,-177
103,2,3285,156,-21,-418
103,2,3286,164,-18,-366
103,2,3287,156,-21,-418
103,2,3287,164,-18,-366
103,2,3288,156,351,-351
103,2,3288,164,-18,-366
103,2,3289,152,-22,-444
103,2,3289,164,-18,-366
103,2,3290,156,-21,-418
103,2,3290,164,-18,-366
103,2,3291,152,353,-353
103,2,3291,156,-21,-418
103,2,3291,164,-18,-366
103,2,3292,156,-21,-418
103,2,3292,164,-18,-366
103,2,3293,164,-18,-366
103,2,3294,156,353,-353
103,2,3294,164,-18,-366
103,2,3296,145,0,-471
103,2,3296,165,0,-340
103,2,3297,156,-21,-418
103,2,3297,156,358,-344
103,2,3298,155,353,-353
103,2,3298,155,358,-344
103,2,3298,164,-18,-366
103,2,3299,153,361,-345
103,2,3299,153,371,-335
103,2,3299,155,343,-359
103,2,3299,155,361,-345
103,2,3300,160,281,-344
103,2,3300,164,-18,-366
103,2,3301,152,353,-353
103,2,3301,155,343,-359
103,2,3302,155,343,-359
103,2,3303,133,0,-444
103,2,3303,150,361,-345
103,2,3303,151,353,-353
103,2,3303,152,353,-353
103,2,3303,155,343,-359
103,2,3303,164,-18,-366
103,2,3304,155,343,-359
103,2,3304,161,232,-348
103,2,3304,164,-18,-366
103,2,3305,155,343,-359
103,2,3305,164,-18,-366
103,2,3306,155,343,-359
103,2,3306,164,-18,-366
103,2,3307,155,343,-359
103,2,3307,164,-18,-366
103,2,3308,155,343,-359
103,2,3308,164,-18,-366
103,2,3308,165,0,-340
103,2,3309,155,343,-359
103,2,3309,164,0,-366
103,2,3310,148,316,-386
103,2,3310,155,343,-359
103,2,3310,155,351,-351
103,2,3310,156,-21,-418
103,2,3310,156,345,-361
103,2,3311,156,218,-387
103,2,3311,164,-18,-366
103,2,3312,133,0,-444
103,2,3312,150,275,-414
103,2,3314,162,141,-366
103,2,3314,164,-18,-366
103,2,3316,164,18,-366
103,2,3317,164,-18,-366
103,2,3317,164,18,-366
103,2,3318,143,236,-441
103,2,3318,164,-18,-366
103,2,3319,156,-21,-418
103,2,3319,164,-18,-366
103,2,3319,164,18,-366
103,2,3320,151,32,-443
103,2,3320,152,-22,-444
103,2,3320,164,-18,-366
103,2,3320,164,18,-366
103,2,3321,152,-22,-444
103,2,3321,156,-21,-418
103,2,3321,164,-18,-366
103,2,3322,156,-21,-418
103,2,3322,161,76,-385
103,2,3322,164,-18,-366
103,2,3323,152,-22,-444
103,2,3323,156,-21,-418
103,2,3323,161,67,-386
103,2,3323,164,-18,-366
103,2,3324,161,67,-386
103,2,3324,162,44,-363
103,2,3324,164,-18,-366
103,2,3324,164,54,-362
103,2,3325,152,-22,-444
103,2,3325,156,62,-414
103,2,3325,158,58,-388
103,2,3325,160,38,-391
103,2,3325,165,0,-340
103,2,3326,152,-22,-444
103,2,3326,156,-21,-418
103,2,3326,160,28,-391
103,2,3326,160,38,-391
103,2,3326,164,-18,-366
103,2,3326,164,26,-365
103,2,3326,165,0,-340
103,2,3327,158,20,-414
103,2,3327,163,19,-387
103,2,3327,164,-18,-366
103,2,3327,164,18,-366
103,2,3327,164,19,-387
103,2,3327,165,0,-340
103,2,3328,146,0,-492
103,2,3328,152,-22,-444
103,2,3328,156,-21,-418
103,2,3328,156,0,-440
103,2,3328,156,0,-418
103,2,3328,158,0,-414
103,2,3328,161,0,-387
103,2,3328,162,0,-387
103,2,3328,162,0,-366
103,2,3328,164,18,-366
103,2,3329,128,-23,-447
103,2,3329,164,-18,-366
103,2,3330,164,-18,-366
103,2,3331,129,0,-209
103,2,3331,164,-18,-366
103,2,3332,165,0,-500
103,2,3332,166,0,-497
103,2,3332,166,0,-444
103,2,3332,169,0,-500
103,2,3332,169,0,-444
103,2,3334,159,-41,-417
103,2,3334,164,-29,-391
103,2,3335,163,-29,-391
103,2,3335,165,-29,-391
103,2,3337,159,-83,-478
103,2,3338,164,-68,-454
103,82,3266,2689,323,-265
103,82,3279,2685,406,-180
103,82,3279,2696,402,-296
103,82,3279,2696,435,-246
103,82,3279,2696,441,-236
103,82,3283,2693,381,-281
103,82,3286,2690,360,-266
103,82,3286,2690,371,-289
103,82,3286,2691,353,-274
103,82,3289,2688,339,-250
103,82,3289,2688,357,-264
103,82,3289,2689,-19,-263
103,82,3290,2688,332,-258
103,82,3290,2688,339,-250
103,82,3290,2701,361,-345
103,82,3290,2702,361,-345
103,82,3291,2684,358,-159
103,82,3291,2687,112,-238
103,82,3291,2697,291,-339
103,82,3292,2691,-135,-192
103,82,3292,2698,0,-421
103,82,3293,2690,147,-148
103,82,3294,2684,309,-241
103,82,3294,2689,169,-162
103,82,3294,2700,196,-280
103,82,3294,2722,215,-360
103,82,3295,2689,166,-166
103,82,3295,2702,22,-447
103,82,3295,2706,10,-473
103,82,3296,2686,0,-342
103,82,3296,2687,0,-395
103,82,3296,2689,0,-369
103,82,3296,2690,281,-310
103,82,3296,2691,0,-421
103,82,3296,2691,274,-319
103,82,3296,2692,0,-421
103,82,3296,2692,0,-369
103,82,3296,2694,0,-395
103,82,3296,2696,0,-447
103,82,3296,2701,0,-447
103,82,3296,2705,23,-473
103,82,3296,2709,0,-473
103,82,3297,2700,230,-384
103,82,3297,2705,10,-473
103,82,3297,2705,23,-473
103,82,3297,2709,-148,-450
103,82,3298,2688,19,-395
103,82,3298,2698,0,-421
103,82,3298,2700,220,-390
103,82,3298,2709,-57,-470
103,82,3299,2687,17,-342
103,82,3299,2689,0,-342
103,82,3299,2689,242,-312
103,82,3299,2691,18,-369
103,82,3299,2692,18,-369
103,82,3299,2694,111,-176
103,82,3299,2698,0,-421
103,82,3299,2698,21,-421
103,82,3299,2699,21,-421
103,82,3299,2703,10,-447
103,82,3300,2694,195,-309
103,82,3300,2695,0,-395
103,82,3300,2698,0,-421
103,82,3300,2698,21,-421
103,82,3300,2701,212,-424
103,82,3300,2703,192,-433
103,82,3300,2712,167,-470
103,82,3301,2692,111,-176
103,82,3302,2690,202,-337
103,82,3302,2697,101,-152
103,82,3303,2695,171,-385
103,82,3303,2699,160,-417
103,82,3303,2707,148,-450
103,82,3303,2707,158,-446
103,82,3304,2692,177,-353
103,82,3304,2698,0,-421
103,82,3304,2698,122,-317
103,82,3304,2699,171,-414
103,82,3305,2696,131,-342
103,82,3305,2702,478,-144
103,82,3305,2703,148,-450
103,82,3306,2696,131,-342
103,82,3306,2703,118,-432
103,82,3307,2698,0,-421
103,82,3308,2680,394,-141
103,82,3308,2698,101,-408
103,82,3308,2723,121,-484
103,82,3309,2673,170,-126
103,82,3310,2678,141,-250
103,82,3310,2698,92,-411
103,82,3312,2698,0,-421
103,82,3313,2698,0,-421
103,82,3314,2698,31,-419
103,82,3315,2678,0,-264
103,82,3316,2668,5,104
103,82,3316,2672,88,47
103,82,3316,2674,69,104
103,82,3316,2674,185,-144
103,82,3316,2675,0,0
103,82,3316,2675,21,14
103,82,3316,2676,0,-212
103,82,3316,2677,-12,23
103,82,3316,2677,0,0
103,82,3316,2678,0,-287
103,82,3316,2679,16,-20
103,82,3316,2679,24,-10
103,82,3316,2681,16,-20
103,82,3316,2681,237,-98
103,82,3316,2682,5,-25
103,82,3316,2684,0,-26
103,82,3316,2684,282,27
103,82,3316,2685,0,-26
103,82,3316,2686,0,-26
103,82,3316,2690,0,-369
103,82,3316,2690,0,-104
103,82,3316,2693,0,-157
103,82,3316,2694,0,-395
103,82,3316,2694,0,-78
103,82,3316,2698,0,-421
103,82,3316,2702,0,-447
103,82,3317,2698,0,-421
103,82,3317,2701,-224,-447
103,82,3318,2693,0,-157
103,82,3318,2698,0,-421
103,82,3318,2717,0,-500
103,82,3319,2698,0,-421
103,82,3319,2717,0,-500
103,82,3320,2717,0,-500
103,82,3321,2690,0,-369
103,82,3321,2698,0,-421
103,82,3322,2699,-482,-132
103,82,3322,2717,0,-500
103,82,3322,2717,287,-408
103,82,3323,2699,-77,-256
103,82,3323,2700,-494,-74
103,82,3324,2693,0,-157
103,82,3324,2698,0,-421
103,82,3324,2699,-75,-248
103,82,3325,2699,-75,-250
103,82,3325,2699,-75,-248
103,82,3326,2717,0,-500
103,82,3327,2712,-236,-441
103,82,3328,2698,0,-421
103,82,3330,2694,0,-395
103,82,3330,2698,0,-421
103,82,3330,2705,-462,-191
103,82,3330,2708,-429,-257
103,82,3332,2698,0,-421
103,82,3332,2710,-416,-277
103,82,3333,2705,-470,-167
103,82,3342,2698,0,-421
103,82,3342,2721,-24,-471
103,82,3343,2698,0,-421
103,82,3344,2700,-128,-426
103,82,3360,2676,0,-290
103,82,3360,2691,0,-183
103,82,3363,2709,0,-473
103,82,3364,2698,0,-421
103,82,3379,2714,0,-497
104,1,3264,19,500,11
104,1,3287,75,340,0
104,1,3316,124,306,-394
104,1,3328,106,0,-421
104,1,3328,107,0,-421
104,1,3328,109,0,-447
104,1,3328,117,0,-473
104,1,3353,111,490,-97
104,1,3353,112,478,-144
104,1,3354,113,478,-144
104,1,3354,117,435,-246
104,1,3355,113,457,-203
104,1,3355,113,478,-144
104,1,3355,114,457,-203
104,1,3356,113,466,-179
104,1,3357,110,490,-97
104,1,3357,111,484,-121
104,1,3357,114,457,-203
104,1,3358,107,500,0
104,1,3358,112,470,-167
104,1,3359,107,500,0
104,1,3360,110,484,-121
104,1,3366,110,451,-212
104,1,3370,107,435,-246
104,1,3371,80,-26,1
104,1,3371,106,0,-421
104,1,3372,106,-21,-421
104,1,3380,78,24,9
104,1,3382,107,-341,0
104,83,3267,2722,371,-335
104,83,3275,2699,500,0
104,83,3279,2699,471,0
104,83,3281,2728,345,-361
104,83,3281,2728,361,-345
104,83,3286,2744,353,-353
104,83,3288,2748,358,-344
104,83,3290,2693,-109,-182
104,83,3290,2711,31,-180
104,83,3291,2692,86,-162
104,83,3291,2698,325,-174
104,83,3291,2699,369,0
104,83,3291,2709,128,-165
104,83,3293,2691,168,-124
104,83,3294,2713,58,-117
104,83,3295,2695,143,-64
104,83,3295,2713,128,-90
104,83,3296,2690,232,-35
104,83,3296,2698,41,-66
104,83,3296,2699,55,0
104,83,3296,2743,353,-353
104,83,3298,2697,115,-62
104,83,3298,2700,73,-34
104,83,3299,2695,-262,237
104,83,3299,2698,-265,167
104,83,3300,2713,161,-132
104,83,3300,2714,158,-136
104,83,3300,2720,80,-103
104,83,3302,2672,247,148
104,83,3302,2686,-217,-145
104,83,3303,2695,-337,41
104,83,3304,2676,-51,-230
104,83,3304,2685,-225,-135
104,83,3304,2691,-374,-290
104,83,3304,2701,-101,152
104,83,3305,2690,-285,-35
104,83,3305,2692,-289,-225
104,83,3305,2694,-287,-127
104,83,3306,2693,-254,-219
104,83,3306,2694,-242,-198
104,83,3306,2736,136,-453
104,83,3308,2680,-195,-75
104,83,3308,2690,-261,-13
104,83,3309,2667,-78,0
104,83,3309,2691,-260,19
104,83,3309,2724,114,-378
104,83,3310,2689,-280,76
104,83,3310,2692,-285,-190
104,83,3310,2695,-194,-80
104,83,3310,2697,-235,5
104,83,3310,2698,-218,-90
104,83,3310,2752,-29,-391
104,83,3310,2752,-20,-392
104,83,3311,2693,-235,-165
104,83,3311,2695,-209,-5
104,83,3311,2697,-248,5
104,83,3311,2697,-212,100
104,83,3311,2697,-209,4
104,83,3311,2699,-209,-5
104,83,3311,2748,358,-344
104,83,3311,2752,-20,-392
104,83,3312,2691,-198,125
104,83,3312,2699,-212,100
104,83,3312,2699,-208,20
104,83,3313,2685,-124,168
104,83,3313,2695,-210,-155
104,83,3313,2696,-165,-78
104,83,3313,2752,-20,-392
104,83,3314,2679,-130,86
104,83,3314,2689,-93,126
104,83,3314,2692,52,147
104,83,3314,2693,-130,86
104,83,3314,2695,-152,101
104,83,3314,2697,-170,113
104,83,3314,2700,-141,171
104,83,3314,2744,353,-353
104,83,3315,2685,35,98
104,83,3315,2688,-19,129
104,83,3315,2694,-74,138
104,83,3315,2695,-62,115
104,83,3315,2697,-101,-123
104,83,3315,2697,-74,138
104,83,3315,2698,-99,-121
104,83,3315,2698,-74,138
104,83,3315,2698,-58,-87
104,83,3315,2698,-40,32
104,83,3315,2698,-23,12
104,83,3315,2699,-187,-349
104,83,3315,2699,-52,0
104,83,3315,2699,59,-119
104,83,3316,2700,-25,-123
104,83,3316,2737,0,-471
104,83,3316,2757,0,-340
104,83,3316,2758,0,-340
104,83,3317,2728,0,-418
104,83,3317,2748,-21,-418
104,83,3317,2752,-29,-391
104,83,3317,2756,-18,-366
104,83,3317,2757,0,-340
104,83,3318,2730,0,-418
104,83,3318,2748,-21,-418
104,83,3318,2748,0,-418
104,83,3318,2756,-18,-366
104,83,3318,2756,0,-366
104,83,3319,2728,0,-340
104,83,3319,2748,-21,-418
104,83,3319,2756,-18,-366
104,83,3320,2737,0,-471
104,83,3320,2741,0,-444
104,83,3320,2748,-21,-418
104,83,3320,2748,368,-334
104,83,3320,2756,-18,-366
104,83,3320,2757,0,-340
104,83,3321,2748,-21,-418
104,83,3321,2756,-18,-366
104,83,3321,2757,0,-340
104,83,3322,2737,0,-471
104,83,3322,2744,-22,-444
104,83,3322,2748,-21,-418
104,83,3322,2756,-18,-366
104,83,3322,2757,0,-340
104,83,3323,2748,-21,-418
104,83,3323,2756,-18,-366
104,83,3323,2757,0,-340
104,83,3324,2748,-21,-418
104,83,3324,2756,-18,-366
104,83,3325,2744,-22,-444
104,83,3325,2748,-21,-418
104,83,3325,2756,-18,-366
104,83,3326,2739,-24,-471
104,83,3326,2748,-21,-418
104,83,3326,2756,-18,-366
104,83,3326,2757,0,-340
104,83,3327,2717,400,-201
104,83,3327,2748,-21,-418
104,83,3327,2756,-18,-366
104,83,3327,2757,0,-340
104,83,3328,2748,-21,-418
104,83,3328,2748,358,-344
104,83,3328,2756,-18,-366
104,83,3328,2757,0,-340
104,83,3329,2726,376,-324
104,83,3329,2748,-21,-418
104,83,3329,2748,358,-344
104,83,3329,2756,-18,-366
104,83,3330,2746,353,-353
104,83,3330,2746,361,-345
104,83,3330,2746,371,-335
104,83,3330,2747,358,-344
104,83,3330,2747,361,-345
104,83,3330,2748,-21,-418
104,83,3330,2756,-18,-366
104,83,3331,2726,-54,-309
104,83,3331,2739,-24,-471
104,83,3331,2744,353,-353
104,83,3331,2745,361,-345
104,83,3331,2745,371,-335
104,83,3331,2746,361,-345
104,83,3331,2747,343,-359
104,83,3331,2748,-21,-418
104,83,3331,2756,-18,-366
104,83,3331,2757,0,-340
104,83,3332,2737,0,-471
104,83,3332,2739,-24,-471
104,83,3332,2744,353,-353
104,83,3332,2745,353,-353
104,83,3332,2746,361,-345
104,83,3332,2748,-21,-418
104,83,3332,2748,358,-344
104,83,3332,2756,-18,-366
104,83,3332,2757,0,-340
104,83,3333,2722,216,-227
104,83,3333,2743,361,-345
104,83,3333,2744,-22,-444
104,83,3333,2744,353,-353
104,83,3333,2747,343,-359
104,83,3333,2748,-21,-418
104,83,3333,2756,-18,-366
104,83,3334,2743,353,-353
104,83,3334,2747,343,-359
104,83,3334,2748,-21,-418
104,83,3334,2756,-18,-366
104,83,3334,2757,0,-340
104,83,3335,2742,361,-345
104,83,3335,2744,-22,-444
104,83,3335,2744,353,-353
104,83,3335,2747,343,-359
104,83,3335,2747,351,-351
104,83,3335,2748,-21,-418
104,83,3335,2748,358,-344
104,83,3335,2756,-18,-366
104,83,3336,2741,361,-345
104,83,3336,2747,343,-359
104,83,3336,2748,-21,-418
104,83,3336,2752,240,-342
104,83,3336,2753,232,-348
104,83,3336,2756,-18,-366
104,83,3337,2748,-21,-418
104,83,3337,2756,-18,-366
104,83,3338,2748,-21,-418
104,83,3338,2756,-18,-366
104,83,3339,2717,130,-167
104,83,3339,2747,343,-359
104,83,3339,2748,-21,-418
104,83,3339,2753,215,-360
104,83,3339,2756,-18,-366
104,83,3340,2747,343,-359
104,83,3340,2748,-21,-418
104,83,3340,2756,-18,-366
104,83,3341,2746,260,-392
104,83,3341,2748,-21,-418
104,83,3341,2752,205,-364
104,83,3341,2756,-18,-366
104,83,3342,2731,0,0
104,83,3342,2745,260,-392
104,83,3342,2747,343,-359
104,83,3342,2748,-21,-418
104,83,3342,2752,187,-374
104,83,3342,2752,197,-369
104,83,3342,2755,166,-354
104,83,3342,2756,-18,-366
104,83,3343,2721,0,-287
104,83,3343,2744,-22,-444
104,83,3343,2748,-21,-418
104,83,3343,2748,218,-387
104,83,3343,2755,159,-358
104,83,3343,2756,-18,-366
104,83,3344,2742,275,-414
104,83,3344,2744,-22,-444
104,83,3344,2748,-21,-418
104,83,3344,2748,210,-392
104,83,3344,2756,-18,-366
104,83,3344,2759,36,-495
104,83,3345,2744,-22,-444
104,83,3345,2748,-21,-418
104,83,3345,2754,150,-363
104,83,3345,2754,159,-358
104,83,3345,2756,-18,-366
104,83,3346,2737,353,-353
104,83,3346,2748,-21,-418
104,83,3346,2754,141,-366
104,83,3346,2754,150,-363
104,83,3346,2756,-18,-366
104,83,3347,2725,0,-444
104,83,3347,2736,287,-408
104,83,3347,2737,267,-421
104,83,3347,2744,-22,-444
104,83,3347,2747,180,-407
104,83,3347,2748,-21,-418
104,83,3347,2755,123,-345
104,83,3347,2756,-18,-366
104,83,3347,2756,18,-366
104,83,3348,2734,25,-497
104,83,3348,2737,267,-421
104,83,3348,2744,-22,-444
104,83,3348,2754,122,-372
104,83,3348,2756,-18,-366
104,83,3348,2756,18,-366
104,83,3348,2757,0,-340
104,83,3348,2757,105,-350
104,83,3349,2748,-21,-418
104,83,3349,2750,130,-397
104,83,3349,2756,-18,-366
104,83,3349,2756,18,-366
104,83,3349,2757,97,-353
104,83,3350,2734,25,-497
104,83,3350,2744,-22,-444
104,83,3350,2748,-21,-418
104,83,3350,2750,130,-397
104,83,3350,2756,-18,-366
104,83,3350,2756,18,-366
104,83,3350,2757,97,-353
104,83,3351,2734,25,-497
104,83,3351,2748,-21,-418
104,83,3351,2756,-18,-366
104,83,3351,2756,18,-366
104,83,3351,2757,0,-340
104,83,3351,2757,88,-355
104,83,3352,2728,25,-339
104,83,3352,2734,25,-497
104,83,3352,2748,-21,-418
104,83,3352,2756,-18,-366
104,83,3352,2756,18,-366
104,83,3352,2757,0,-340
104,83,3352,2757,71,-359
104,83,3352,2757,80,-358
104,83,3353,2734,25,-497
104,83,3353,2737,166,-468
104,83,3353,2745,107,-431
104,83,3353,2745,128,-426
104,83,3353,2748,-21,-418
104,83,3353,2756,-18,-366
104,83,3353,2756,18,-366
104,83,3354,2728,267,-421
104,83,3354,2734,25,-497
104,83,3354,2744,97,-434
104,83,3354,2745,97,-434
104,83,3354,2748,-21,-418
104,83,3354,2753,76,-385
104,83,3354,2754,71,-359
104,83,3354,2756,-18,-366
104,83,3354,2757,0,-340
104,83,3355,2735,132,-480
104,83,3355,2748,-21,-418
104,83,3355,2753,67,-386
104,83,3355,2756,-18,-366
104,83,3356,2748,-21,-418
104,83,3356,2753,67,-386
104,83,3356,2754,44,-363
104,83,3356,2756,-18,-366
104,83,3356,2756,44,-363
104,83,3356,2756,54,-362
104,83,3356,2757,0,-340
104,83,3357,2748,-21,-418
104,83,3357,2748,50,-415
104,83,3357,2748,62,-414
104,83,3357,2750,58,-388
104,83,3357,2752,38,-391
104,83,3357,2756,-18,-366
104,83,3358,2744,-22,-444
104,83,3358,2748,-21,-418
104,83,3358,2752,28,-391
104,83,3358,2752,38,-391
104,83,3358,2754,35,-365
104,83,3358,2756,-18,-366
104,83,3358,2756,26,-365
104,83,3359,2739,57,-467
104,83,3359,2748,-21,-418
104,83,3359,2748,21,-418
104,83,3359,2748,22,-440
104,83,3359,2748,30,-417
104,83,3359,2750,20,-414
104,83,3359,2755,19,-387
104,83,3359,2756,-18,-366
104,83,3359,2756,0,-366
104,83,3359,2756,18,-366
104,83,3359,2756,19,-387
104,83,3360,2741,0,-466
104,83,3360,2748,-21,-418
104,83,3360,2748,0,-440
104,83,3360,2748,0,-418
104,83,3360,2748,22,-440
104,83,3360,2750,0,-500
104,83,3360,2750,0,-414
104,83,3360,2750,0,-392
104,83,3360,2753,0,-387
104,83,3360,2754,0,-387
104,83,3360,2754,0,-366
104,83,3360,2755,0,-500
104,83,3360,2755,0,-387
104,83,3360,2756,-18,-366
104,83,3360,2756,0,-366
104,83,3360,2756,18,-366
104,83,3361,2748,-21,-418
104,83,3361,2756,-18,-366
104,83,3361,2758,0,-340
104,83,3362,2726,0,-340
104,83,3362,2748,-21,-418
104,83,3362,2754,0,-366
104,83,3362,2756,-18,-366
104,83,3363,2718,0,-157
104,83,3363,2719,0,-183
104,83,3363,2721,0,-209
104,83,3363,2729,0,-366
104,83,3363,2731,21,-421
104,83,3363,2756,-18,-366
104,83,3364,2746,0,-500
104,83,3364,2748,0,-500
104,83,3364,2750,0,-500
104,83,3364,2751,0,-497
104,83,3364,2753,0,-500
104,83,3364,2754,0,-366
104,83,3364,2756,0,-471
104,83,3364,2757,0,-500
104,83,3364,2757,0,-471
104,83,3364,2757,0,-418
104,83,3364,2757,0,-366
104,83,3364,2758,0,-500
104,83,3364,2758,0,-497
104,83,3364,2759,0,-497
104,83,3364,2759,0,-392
104,83,3364,2760,0,-471
104,83,3364,2761,0,-500
104,83,3366,2751,-41,-417
104,83,3367,2755,-29,-391
104,83,3372,2759,-144,-478
104,83,3381,2715,0,-159
106,2,3328,107,500,0
106,2,3334,107,500,0
106,2,3337,107,500,0
106,2,3340,125,432,-192
106,2,3341,125,432,-192
106,2,3341,142,361,-345
106,2,3342,103,287,6
106,2,3346,152,353,-353
106,2,3349,121,408,-182
106,2,3350,149,361,-345
106,2,3351,107,395,0
106,2,3351,118,393,-151
106,2,3351,119,393,-151
106,2,3353,116,378,-114
106,2,3353,119,408,-182
106,2,3354,115,381,-105
106,2,3354,116,378,-114
106,2,3356,114,355,-98
106,2,3356,114,357,-89
106,2,3356,117,433,-108
106,2,3357,114,355,-98
106,2,3357,115,347,-124
106,2,3362,144,353,-353
106,2,3371,104,10,23
106,2,3372,133,345,-361
106,2,3373,141,335,-371
106,2,3373,145,353,-353
106,2,3373,149,345,-361
106,2,3373,150,335,-371
106,2,3373,150,345,-361
106,2,3377,107,212,0
106,2,3377,146,345,-361
106,2,3377,146,353,-353
106,2,3377,153,287,-408
106,2,3394,120,218,178
106,2,3396,108,23,12
106,2,3399,164,156,-474
106,2,3401,159,156,-474
106,2,3402,116,353,-274
106,2,3402,140,139,-425
106,2,3410,126,57,-230
106,121,3319,3908,500,0
106,121,3320,3912,500,0
106,121,3323,3849,500,0
106,121,3323,3904,500,0
106,121,3324,3856,478,144
106,121,3324,3881,484,121
106,121,3325,3849,500,0
106,121,3325,3850,500,-11
106,121,3327,3904,500,0
106,121,3329,3844,500,0
106,121,3329,3845,500,0
106,121,3329,3908,500,0
106,121,3329,3917,500,0
106,121,3332,3844,500,0
106,121,3333,3938,361,-345
106,121,3335,3823,416,277
106,121,3335,3844,500,0
106,121,3336,3829,345,361
106,121,3336,3830,345,361
106,121,3336,3831,345,361
106,121,3336,3832,361,345
106,121,3336,3832,371,335
106,121,3336,3840,500,0
106,121,3337,3831,353,353
106,121,3337,3832,345,361
106,121,3337,3851,464,92
106,121,3337,3901,473,-11
106,121,3337,3909,471,35
106,121,3339,3821,353,353
106,121,3339,3848,498,-37
106,121,3339,3848,500,0
106,121,3339,3849,498,-37
106,121,3340,3835,345,361
106,121,3340,3836,345,361
106,121,3340,3836,500,0
106,121,3340,3840,500,0
106,121,3340,3936,500,0
106,121,3341,3841,361,345
106,121,3341,3850,437,97
106,121,3341,3851,437,97
106,121,3342,3823,353,353
106,121,3342,3852,438,87
106,121,3342,3853,440,76
106,121,3342,3904,447,0
106,121,3342,3940,500,0
106,121,3343,3816,345,361
106,121,3344,3817,353,353
106,121,3344,3847,421,150
106,121,3344,3907,447,0
106,121,3346,3852,411,92
106,121,3346,3866,421,0
106,121,3346,3906,421,9
106,121,3346,3930,344,-132
106,121,3346,3944,500,0
106,121,3347,3859,366,0
106,121,3347,3862,421,0
106,121,3347,3917,421,-10
106,121,3348,3810,332,332
106,121,3348,3847,417,160
106,121,3348,3937,377,-239
106,121,3349,3927,347,-124
106,121,3349,3944,500,0
106,121,3350,3812,351,351
106,121,3350,3833,339,291
106,121,3350,3854,412,82
106,121,3350,3931,400,-201
106,121,3350,3942,339,-292
106,121,3350,3942,346,-283
106,121,3350,3944,500,0
106,121,3351,3812,343,358
106,121,3351,3812,345,361
106,121,3351,3812,351,351
106,121,3351,3813,343,358
106,121,3351,3813,351,351
106,121,3351,3813,358,343
106,121,3351,3860,395,0
106,121,3351,3866,395,0
106,121,3351,3868,395,0
106,121,3351,3876,395,0
106,121,3351,3880,395,0
106,121,3351,3886,395,0
106,121,3351,3903,395,0
106,121,3351,3908,395,0
106,121,3351,3911,395,0
106,121,3351,3915,395,0
106,121,3352,3910,395,0
106,121,3353,3925,322,-115
106,121,3354,3813,358,343
106,121,3354,3925,371,-132
106,121,3355,3817,353,353
106,121,3355,3847,453,136
106,121,3356,3847,421,150
106,121,3356,3851,408,101
106,121,3356,3852,411,92
106,121,3356,3905,369,0
106,121,3356,3910,369,0
106,121,3356,3911,369,0
106,121,3356,3912,369,0
106,121,3356,3930,339,-203
106,121,3357,3923,353,-107
106,121,3360,3813,358,343
106,121,3361,3847,-46,-472
106,121,3361,3874,264,0
106,121,3361,3933,273,-248
106,121,3362,3820,416,277
106,121,3362,3837,325,266
106,121,3362,3861,238,0
106,121,3363,3813,358,343
106,121,3363,3852,411,92
106,121,3363,3868,212,0
106,121,3364,3844,333,211
106,121,3364,3876,159,0
106,121,3365,3813,358,343
106,121,3365,3813,368,333
106,121,3365,3814,358,343
106,121,3365,3832,339,291
106,121,3365,3876,159,0
106,121,3366,3811,343,358
106,121,3366,3841,303,248
106,121,3366,3880,159,0
106,121,3366,3943,378,-326
106,121,3367,3812,343,358
106,121,3367,3812,351,351
106,121,3367,3813,358,343
106,121,3367,3822,408,287
106,121,3367,3822,416,277
106,121,3368,3837,325,266
106,121,3369,3824,416,277
106,121,3369,3837,325,266
106,121,3369,3844,291,226
106,121,3369,3845,296,219
106,121,3369,3939,133,-283
106,121,3370,3813,353,353
106,121,3370,3825,416,277
106,121,3370,3833,337,290
106,121,3371,3808,306,394
106,121,3371,3810,361,345
106,121,3371,3816,361,345
106,121,3371,3819,361,345
106,121,3371,3821,353,353
106,121,3371,3848,185,0
106,121,3372,3807,287,408
106,121,3372,3815,353,353
106,121,3372,3816,353,353
106,121,3372,3816,361,345
106,121,3372,3820,361,345
106,121,3372,3821,353,353
106,121,3372,3822,353,353
106,121,3372,3824,353,353
106,121,3372,3827,345,361
106,121,3373,3815,345,361
106,121,3373,3816,361,345
106,121,3373,3817,361,345
106,121,3373,3818,335,371
106,121,3373,3818,345,361
106,121,3373,3819,345,361
106,121,3373,3819,353,353
106,121,3373,3820,353,353
106,121,3373,3820,361,345
106,121,3373,3823,345,361
106,121,3373,3824,353,353
106,121,3373,3826,353,353
106,121,3373,3827,345,361
106,121,3373,3827,353,353
106,121,3373,3831,345,361
106,121,3373,3835,345,361
106,121,3373,3840,350,233
106,121,3374,3813,353,353
106,121,3374,3816,345,361
106,121,3374,3817,353,353
106,121,3374,3817,361,345
106,121,3374,3818,345,361
106,121,3374,3818,361,345
106,121,3374,3819,335,371
106,121,3374,3819,345,361
106,121,3374,3819,353,353
106,121,3374,3819,361,345
106,121,3374,3820,345,361
106,121,3374,3820,353,353
106,121,3374,3824,353,353
106,121,3374,3827,345,361
106,121,3374,3827,416,277
106,121,3374,3828,345,361
106,121,3374,3831,345,361
106,121,3374,3835,345,361
106,121,3374,3848,254,187
106,121,3375,3814,287,408
106,121,3375,3817,353,353
106,121,3375,3824,353,353
106,121,3375,3831,345,361
106,121,3375,3835,345,361
106,121,3375,3952,44,-366
106,121,3376,3815,306,394
106,121,3376,3817,353,353
106,121,3376,3818,345,361
106,121,3376,3819,335,371
106,121,3376,3824,353,353
106,121,3377,3816,296,402
106,121,3377,3819,345,361
106,121,3377,3842,317,234
106,121,3377,3842,322,226
106,121,3377,3844,291,226
106,121,3377,3912,-116,-174
106,121,3377,3952,27,-367
106,121,3378,3819,353,353
106,121,3378,3821,353,353
106,121,3378,3845,107,0
106,121,3378,3913,-208,-111
106,121,3378,3914,-185,-99
106,121,3379,3953,8,-369
106,121,3380,3819,353,353
106,121,3380,3845,301,211
106,121,3380,3855,-23,-237
106,121,3381,3819,345,361
106,121,3381,3820,345,361
106,121,3381,3844,291,226
106,121,3382,3821,345,361
106,121,3382,3855,-23,-234
106,121,3382,3857,-205,-123
106,121,3382,3858,-116,-174
106,121,3383,3853,101,-244
106,121,3383,3854,-82,-251
106,121,3383,3855,408,-182
106,121,3383,3859,-162,-86
106,121,3383,3859,-160,-96
106,121,3383,3859,-158,-136
106,121,3383,3859,164,-87
106,121,3383,3859,191,-90
106,121,3384,3817,345,361
106,121,3384,3854,-70,-255
106,121,3384,3855,-82,-251
106,121,3384,3855,-23,-234
106,121,3384,3856,-106,-239
106,121,3384,3857,-170,-162
106,121,3385,3819,345,361
106,121,3385,3822,345,361
106,121,3385,3850,-16,-316
106,121,3385,3852,5,-264
106,121,3385,3857,-194,-137
106,121,3385,3857,-172,-164
106,121,3385,3858,-172,-164
106,121,3385,3859,-164,-87
106,121,3386,3851,290,-374
106,121,3386,3852,-14,-290
106,121,3386,3853,100,-242
106,121,3386,3854,80,-196
106,121,3386,3856,-18,-185
106,121,3387,3831,248,372
106,121,3387,3847,155,-330
106,121,3387,3850,30,-315
106,121,3387,3850,111,-236
106,121,3387,3857,-116,-174
106,121,3387,3859,-117,-63
106,121,3388,3837,236,-441
106,121,3388,3849,134,-285
106,121,3388,3852,100,-242
106,121,3388,3855,-135,-192
106,121,3388,3856,94,-189
106,121,3389,3851,30,-312
106,121,3389,3853,149,-337
106,121,3390,3850,89,-218
106,121,3390,3851,0,-316
106,121,3390,3855,-23,-234
106,121,3391,3847,130,-315
106,121,3391,3855,-23,-237
106,121,3391,3855,-23,-234
106,121,3391,3856,261,13
106,121,3391,3857,-116,-174
106,121,3391,3858,-103,-155
106,121,3392,3802,0,500
106,121,3392,3821,361,345
106,121,3392,3822,361,345
106,121,3392,3853,88,-249
106,121,3393,3841,311,-242
106,121,3393,3847,122,-317
106,121,3393,3854,-187,-218
106,121,3393,3855,-62,-227
106,121,3394,3836,-77,387
106,121,3394,3848,106,-298
106,121,3394,3856,-28,-233
106,121,3395,3824,316,386
106,121,3396,3836,0,369
106,121,3396,3851,60,-200
106,121,3397,3830,152,304
106,121,3397,3851,30,-312
106,121,3398,3833,-366,151
106,121,3399,3828,181,408
106,121,3400,3852,-168,-265
106,121,3400,3857,-144,-151
106,121,3401,3823,129,428
106,121,3401,3827,53,441
106,121,3401,3831,161,389
106,121,3402,3803,121,484
106,121,3402,3831,151,393
106,121,3402,3833,151,365
106,121,3402,3851,83,-278
106,121,3402,3855,42,-246
106,121,3402,3857,140,-121
106,121,3403,3803,121,484
106,121,3404,3834,114,378
106,121,3405,3810,167,470
106,121,3405,3832,114,378
106,121,3405,3833,104,381
106,121,3406,3808,132,482
106,121,3406,3839,82,332
106,121,3408,3812,121,484
106,121,3408,3813,121,484
106,121,3408,3855,15,-208
106,121,3409,3846,259,223
106,121,3410,3846,40,181
106,121,3411,3819,85,492
106,121,3411,3842,28,130
106,121,3411,3844,36,72
106,121,3411,3853,45,204
106,121,3411,3857,258,-58
106,121,3411,3857,387,76
106,121,3411,3857,396,141
106,121,3412,3800,0,500
106,121,3412,3816,35,471
106,121,3412,3819,224,447
106,121,3412,3822,0,473
106,121,3412,3829,0,421
106,121,3412,3832,0,395
106,121,3412,3833,0,104
106,121,3412,3835,0,342
106,121,3412,3836,0,369
106,121,3412,3846,0,26
106,121,3412,3848,0,0
106,121,3412,3848,2,25
106,121,3412,3848,14,21
106,121,3412,3848,16,19
106,121,3412,3848,16,20
106,121,3412,3848,24,7
106,121,3412,3850,23,10
106,121,3412,3850,193,85
106,121,3412,3851,25,6
106,121,3412,3851,393,-29
106,121,3412,3851,408,101
106,121,3412,3856,414,171
106,121,3413,3851,66,241
106,121,3413,3851,161,269
106,121,3413,3852,-13,-261
106,121,3413,3852,-7,-287
106,121,3413,3852,-6,-261
106,121,3413,3855,-5,-209
106,121,3413,3856,259,-32
106,121,3413,3857,-22,-182
106,121,3413,3858,381,104
106,121,3414,3851,-130,0
106,121,3414,3851,0,250
106,121,3414,3852,-23,-12
106,121,3414,3852,-19,-260
106,121,3414,3852,-12,-235
106,121,3414,3853,-12,-238
106,121,3414,3853,-12,-235
106,121,3414,3858,431,118
106,121,3414,3859,381,104
106,121,3415,3851,-130,0
106,121,3415,3851,-70,-105
106,121,3415,3851,0,0
106,121,3415,3853,0,157
106,121,3415,3855,-15,-208
106,121,3415,3857,155,-141
106,121,3415,3859,175,-53
106,121,3415,3859,193,-86
106,121,3416,3851,-117,-58
106,121,3416,3851,-23,11
106,121,3416,3851,-23,12
106,121,3416,3851,0,0
106,121,3416,3851,394,-306
106,121,3416,3852,-23,-12
106,121,3416,3854,0,183
106,121,3416,3859,196,-81
106,121,3416,3859,227,-69
106,121,3417,3851,-26,0
106,121,3417,3851,0,0
106,121,3417,3852,-23,-12
106,121,3417,3854,254,-188
106,121,3417,3858,-70,140
106,121,3417,3859,179,-49
106,121,3417,3859,292,-121
106,121,3417,3859,295,-114
106,121,3417,3859,363,-63
106,121,3418,3851,-137,-65
106,121,3418,3851,-129,-19
106,121,3418,3851,-128,-22
106,121,3418,3851,-26,0
106,121,3418,3851,-23,12
106,121,3418,3851,-22,13
106,121,3418,3851,-14,-276
106,121,3418,3851,0,0
106,121,3418,3852,-32,-262
106,121,3418,3852,-23,-12
106,121,3418,3857,82,-137
106,121,3418,3858,146,-153
106,121,3418,3859,176,-48
106,121,3418,3859,322,-115
106,121,3419,3851,-48,244
106,121,3419,3851,-26,0
106,121,3419,3851,-22,13
106,121,3419,3852,-18,248
106,121,3419,3853,-12,238
106,121,3419,3854,-27,-157
106,121,3419,3857,153,-146
106,121,3420,3852,-31,-207
106,121,3420,3856,57,-176
106,121,3421,3851,-98,-37
106,121,3421,3851,21,13
106,121,3421,3851,26,-1
106,121,3421,3853,-128,182
106,121,3422,3835,0,369
106,121,3422,3851,181,-409
106,121,3422,3851,307,204
106,121,3422,3853,-60,-496
106,121,3422,3856,51,-230
106,121,3422,3859,-164,-87
106,121,3423,3849,171,-414
106,121,3423,3859,-115,110
106,121,3424,3854,-57,-230
106,121,3425,3851,26,0
106,121,3432,3851,197,-153
107,3,3352,122,500,11
107,3,3352,123,500,0
107,3,3352,123,500,11
107,3,3352,124,500,0
107,3,3352,131,500,0
107,3,3356,120,498,37
107,3,3356,121,498,37
107,3,3357,121,500,25
107,3,3357,122,500,25
107,3,3357,129,500,25
107,3,3360,151,408,-287
107,3,3361,99,466,179
107,3,3365,154,368,-334
107,3,3365,155,368,-334
107,3,3366,154,358,-344
107,3,3366,154,368,-334
107,3,3367,152,353,-353
107,3,3369,151,371,-335
107,3,3371,162,361,-345
107,3,3373,157,296,-402
107,3,3375,133,361,-345
107,3,3381,188,306,-394
107,3,3382,145,323,-309
107,3,3387,123,369,18
107,3,3394,136,248,-372
107,3,3394,189,371,-335
107,3,3397,147,167,-470
107,3,3398,128,-356,-98
107,3,3398,169,156,-474
107,3,3402,166,121,-484
107,3,3402,172,139,-425
107,3,3403,151,108,-433
107,3,3404,136,-433,192
107,3,3405,122,-232,-52
107,3,3405,158,108,-433
107,3,3405,194,109,-488
107,3,3406,183,60,-496
107,3,3407,158,60,-496
107,3,3407,201,60,-496
107,3,3408,197,121,-484
107,3,3409,136,83,-305
107,3,3412,192,0,-500
107,3,3412,201,0,-500
107,3,3412,202,0,-500
107,3,3414,172,-268,0
107,3,3518,141,-266,-326
107,4,3352,131,500,0
107,4,3358,116,457,203
107,4,3363,188,392,0
107,4,3363,188,500,0
107,4,3363,189,418,0
107,4,3363,190,414,-21
107,4,3364,189,444,0
107,4,3364,189,500,0
107,4,3364,190,418,-21
107,4,3364,191,433,-10
107,4,3364,194,340,-325
107,4,3364,200,340,-325
107,4,3364,204,340,-325
107,4,3365,190,416,-31
107,4,3365,190,418,-21
107,4,3366,189,418,-10
107,4,3366,189,500,0
107,4,3366,190,418,0
107,4,3367,188,418,0
107,4,3367,189,418,-10
107,4,3368,199,406,-180
107,4,3369,203,397,-252
107,4,3371,170,361,-345
107,4,3371,172,361,-345
107,4,3371,173,361,-345
107,4,3371,174,361,-345
107,4,3371,176,361,-345
107,4,3371,177,361,-345
107,4,3371,178,361,-345
107,4,3371,180,361,-345
107,4,3371,183,361,-345
107,4,3371,185,361,-345
107,4,3371,187,361,-345
107,4,3371,193,361,-345
107,4,3371,197,361,-345
107,4,3371,206,361,-345
107,4,3379,189,495,-48
107,4,3380,188,474,-156
107,4,3381,201,497,0
107,4,3382,200,323,-309
107,4,3383,189,500,-25
107,4,3383,197,361,-345
107,4,3386,204,500,0
107,4,3391,205,500,0
107,4,3392,165,130,0
107,4,3400,199,417,-224
107,4,3401,208,136,-453
107,4,3401,223,361,-345
107,4,3403,225,316,-386
107,4,3404,154,-269,-111
107,4,3412,205,0,-447
107,4,3417,230,109,-488
107,4,3421,202,101,-405
107,4,3422,198,94,-380
107,4,3426,190,57,-230
107,50,3354,1636,500,0
107,50,3370,1599,353,353
107,50,3373,1602,353,353
107,50,3373,1661,432,-192
107,50,3373,1668,500,0
107,50,3380,1609,327,342
107,50,3382,1651,408,-102
107,50,3390,1680,195,-309
107,50,3398,1656,254,-230
107,50,3401,1668,500,0
107,50,3403,1682,353,-353
107,50,3404,1682,361,-345
107,50,3405,1683,353,-353
107,50,3405,1684,353,-353
107,50,3405,1686,335,-371
107,50,3405,1686,345,-361
107,50,3406,1681,345,-361
107,50,3406,1681,353,-353
107,50,3406,1684,345,-361
107,50,3406,1685,353,-353
107,50,3407,1666,335,-371
107,50,3407,1689,296,-402
107,50,3408,1666,361,-345
107,50,3408,1689,296,-402
107,50,3409,1682,345,-361
107,50,3409,1684,345,-361
107,50,3409,1687,326,-378
107,50,3409,1689,287,-408
107,50,3410,1682,361,-345
107,50,3410,1683,361,-345
107,50,3411,1661,237,-248
107,50,3412,1685,353,-353
107,50,3412,1685,361,-345
107,50,3413,1682,296,-402
107,50,3413,1683,345,-361
107,50,3413,1684,335,-371
107,50,3417,1679,345,-361
107,50,3420,1658,333,-211
107,50,3421,1644,-164,87
107,50,3424,1677,0,-500
107,50,3424,1702,0,-500
107,50,3428,1676,361,-345
107,50,3428,1684,361,-345
107,50,3429,1662,291,-339
107,50,3435,1699,132,-482
107,50,3437,1655,183,-289
107,50,3439,1694,121,-484
107,50,3440,1649,265,-293
107,50,3440,1650,155,-245
107,50,3440,1650,406,-112
107,50,3440,1693,121,-484
107,50,3442,1663,46,-207
107,50,3443,1651,437,97
107,50,3444,1650,0,0
107,50,3444,1653,0,-369
107,50,3444,1655,24,-10
107,50,3444,1658,5,-25
107,50,3444,1669,0,-104
107,50,3444,1675,0,-421
107,50,3444,1684,0,-500
107,83,3361,2705,484,-121
107,83,3362,2699,500,0
107,83,3364,2713,457,-203
107,83,3364,2717,0,-500
107,83,3364,2721,0,-500
107,83,3366,2695,500,0
107,83,3366,2699,500,0
107,83,3366,2702,478,-144
107,83,3366,2702,488,-109
107,83,3369,2709,464,-92
107,83,3371,2667,451,-212
107,83,3371,2718,435,-180
107,83,3371,2734,361,-345
107,83,3372,2717,432,-192
107,83,3372,2734,361,-345
107,83,3373,2717,432,-192
107,83,3373,2727,361,-345
107,83,3373,2730,345,-361
107,83,3374,2667,447,0
107,83,3374,2699,447,0
107,83,3375,2741,361,-345
107,83,3376,2710,431,-119
107,83,3378,2699,261,0
107,83,3378,2743,353,-353
107,83,3378,2744,353,-353
107,83,3380,2698,314,0
107,83,3380,2712,421,-150
107,83,3381,2738,386,-316
107,83,3381,2740,345,-361
107,83,3381,2740,353,-353
107,83,3382,2708,464,-92
107,83,3382,2718,361,-345
107,83,3383,2699,395,0
107,83,3383,2709,403,-121
107,83,3383,2710,393,-151
107,83,3383,2710,396,-141
107,83,3384,2710,393,-151
107,83,3385,2708,371,-132
107,83,3385,2708,378,-114
107,83,3385,2711,408,-182
107,83,3385,2734,386,-316
107,83,3386,2703,281,-70
107,83,3386,2707,381,-105
107,83,3386,2708,378,-114
107,83,3386,2709,371,-132
107,83,3386,2729,300,-332
107,83,3387,2710,368,-142
107,83,3388,2706,355,-98
107,83,3388,2706,357,-89
107,83,3389,2706,355,-98
107,83,3389,2707,347,-124
107,83,3390,2693,43,-29
107,83,3390,2707,411,-92
107,83,3390,2740,353,-353
107,83,3391,2690,315,23
107,83,3391,2739,353,-353
107,83,3392,2699,264,0
107,83,3393,2728,394,-306
107,83,3394,2699,238,0
107,83,3395,2732,316,-316
107,83,3397,2701,181,-41
107,83,3397,2705,185,0
107,83,3397,2733,345,-361
107,83,3398,2701,179,-49
107,83,3400,2699,133,0
107,83,3401,2729,345,-361
107,83,3402,2727,361,-345
107,83,3402,2733,345,-361
107,83,3402,2746,345,-361
107,83,3403,2689,5,-25
107,83,3403,2694,10,23
107,83,3403,2696,-123,204
107,83,3403,2697,-314,7
107,83,3403,2738,353,-353
107,83,3403,2739,361,-345
107,83,3403,2740,353,-353
107,83,3404,2695,-61,-148
107,83,3404,2725,345,-361
107,83,3404,2733,345,-361
107,83,3404,2736,353,-353
107,83,3404,2738,353,-353
107,83,3404,2738,361,-345
107,83,3404,2739,361,-345
107,83,3405,2722,297,-298
107,83,3405,2729,345,-361
107,83,3405,2741,345,-361
107,83,3405,2742,335,-371
107,83,3405,2742,345,-361
107,83,3406,2733,345,-361
107,83,3406,2735,353,-353
107,83,3406,2736,353,-353
107,83,3406,2740,345,-361
107,83,3406,2740,353,-353
107,83,3406,2741,345,-361
107,83,3406,2741,353,-353
107,83,3407,2698,-209,0
107,83,3407,2722,335,-371
107,83,3407,2726,361,-345
107,83,3407,2729,345,-361
107,83,3407,2735,353,-353
107,83,3407,2736,353,-353
107,83,3407,2745,296,-402
107,83,3408,2698,25,-131
107,83,3408,2722,361,-345
107,83,3408,2734,353,-353
107,83,3408,2737,353,-353
107,83,3408,2744,296,-402
107,83,3408,2745,296,-402
107,83,3409,2719,189,-181
107,83,3409,2737,345,-361
107,83,3409,2738,345,-361
107,83,3409,2738,353,-353
107,83,3409,2743,296,-402
107,83,3409,2745,287,-408
107,83,3410,2694,-133,88
107,83,3411,2691,-83,166
107,83,3411,2699,-157,0
107,83,3411,2699,-78,-7
107,83,3411,2699,-43,-29
107,83,3413,2705,-82,250
107,83,3413,2738,296,-402
107,83,3414,2737,296,-402
107,83,3415,2717,377,-239
107,83,3415,2717,384,-230
107,83,3417,2746,345,-361
107,83,3421,2736,361,-345
107,83,3423,2746,316,-386
107,83,3426,2710,366,-207
107,83,3427,2747,345,-361
107,83,3428,2748,0,-500
107,83,3429,2711,358,-309
107,83,3431,2709,328,-219
107,83,3431,2734,169,-442
107,83,3431,2739,158,-446
107,83,3431,2756,156,-474
107,83,3432,2728,110,-266
107,83,3432,2731,160,-417
107,83,3432,2756,144,-478
107,83,3433,2728,161,-390
107,83,3433,2751,156,-474
107,83,3433,2757,144,-478
107,83,3435,2730,131,-400
107,83,3436,2730,111,-407
107,83,3438,2716,150,-184
107,83,3438,2740,306,-394
107,83,3439,2735,53,-444
107,83,3440,2714,130,-167
107,83,3441,2731,50,-418
107,83,3442,2718,57,-230
107,83,3443,2709,115,-110
107,83,3443,2730,31,-419
107,83,3444,2707,21,14
107,83,3444,2709,25,2
107,83,3444,2712,135,116
107,83,3444,2727,0,-395
107,83,3444,2731,0,-421
107,83,3444,2733,0,-447
107,83,3444,2737,148,-450
107,83,3444,2750,0,-500
107,83,3444,2760,0,-500
107,83,3451,2706,-112,144
107,83,3456,2720,-215,95
107,83,3474,2714,94,90
107,83,3497,2640,-198,-369
107,112,3352,3612,500,0
107,112,3353,3608,500,0
107,112,3353,3612,500,0
107,112,3353,3620,500,0
107,112,3354,3588,500,0
107,112,3354,3620,500,0
107,112,3355,3583,494,74
107,112,3355,3597,366,0
107,112,3356,3609,498,37
107,112,3356,3616,498,37
107,112,3357,3588,500,0
107,112,3357,3593,366,8
107,112,3357,3611,500,11
107,112,3358,3606,500,0
107,112,3360,3639,408,-287
107,112,3361,3606,500,0
107,112,3361,3620,500,0
107,112,3361,3639,408,-287
107,112,3363,3620,500,0
107,112,3364,3643,368,-334
107,112,3364,3644,500,0
107,112,3364,3649,340,-325
107,112,3364,3650,340,-325
107,112,3364,3651,340,-325
107,112,3364,3652,340,-325
107,112,3364,3653,340,-325
107,112,3364,3654,340,-325
107,112,3364,3655,340,-325
107,112,3364,3657,340,-325
107,112,3364,3658,340,-325
107,112,3364,3659,340,-325
107,112,3364,3660,332,-333
107,112,3364,3660,340,-325
107,112,3365,3589,500,-25
107,112,3365,3642,358,-344
107,112,3365,3642,368,-334
107,112,3365,3643,358,-344
107,112,3365,3643,368,-334
107,112,3365,3644,351,-351
107,112,3366,3549,345,361
107,112,3366,3550,353,353
107,112,3366,3557,366,8
107,112,3366,3589,498,-48
107,112,3366,3627,371,-335
107,112,3366,3633,353,-353
107,112,3366,3642,368,-334
107,112,3366,3643,368,-334
107,112,3366,3644,343,-359
107,112,3366,3645,343,-359
107,112,3366,3647,335,-371
107,112,3366,3647,343,-359
107,112,3366,3650,343,-359
107,112,3366,3656,358,-344
107,112,3366,3657,358,-344
107,112,3366,3659,343,-359
107,112,3366,3663,343,-359
107,112,3366,3664,343,-359
107,112,3366,3667,343,-359
107,112,3367,3549,353,353
107,112,3367,3637,361,-345
107,112,3367,3643,500,25
107,112,3367,3644,343,-359
107,112,3367,3647,351,-351
107,112,3367,3649,351,-351
107,112,3367,3650,351,-351
107,112,3367,3651,351,-351
107,112,3367,3653,351,-351
107,112,3367,3654,351,-351
107,112,3368,3647,316,-386
107,112,3369,3547,371,335
107,112,3369,3550,353,353
107,112,3369,3623,361,-345
107,112,3369,3639,361,-345
107,112,3369,3639,371,-335
107,112,3369,3645,345,-361
107,112,3369,3648,500,0
107,112,3369,3664,353,-353
107,112,3369,3667,335,-371
107,112,3369,3667,345,-361
107,112,3369,3668,335,-371
107,112,3370,3544,361,345
107,112,3370,3545,361,345
107,112,3370,3548,361,345
107,112,3370,3613,148,-450
107,112,3370,3653,361,-345
107,112,3370,3664,361,-345
107,112,3371,3538,361,345
107,112,3371,3640,361,-345
107,112,3371,3641,361,-345
107,112,3371,3642,361,-345
107,112,3371,3643,361,-345
107,112,3371,3644,361,-345
107,112,3371,3645,361,-345
107,112,3371,3646,361,-345
107,112,3371,3647,361,-345
107,112,3371,3648,361,-345
107,112,3371,3650,361,-345
107,112,3371,3651,361,-345
107,112,3371,3652,361,-345
107,112,3371,3653,353,-353
107,112,3371,3653,361,-345
107,112,3371,3653,500,-11
107,112,3371,3654,500,-25
107,112,3371,3657,361,-345
107,112,3371,3662,361,-345
107,112,3371,3663,361,-345
107,112,3371,3664,361,-345
107,112,3371,3665,361,-345
107,112,3371,3668,361,-345
107,112,3372,3623,416,-277
107,112,3372,3652,500,0
107,112,3372,3655,335,-371
107,112,3372,3664,345,-361
107,112,3373,3630,353,-353
107,112,3373,3644,438,-181
107,112,3373,3645,296,-402
107,112,3373,3647,494,74
107,112,3373,3652,500,-11
107,112,3373,3664,345,-361
107,112,3373,3666,335,-371
107,112,3374,3534,353,353
107,112,3374,3611,447,0
107,112,3374,3628,345,-361
107,112,3374,3652,500,0
107,112,3374,3664,353,-353
107,112,3376,3661,345,-361
107,112,3376,3667,353,-353
107,112,3377,3652,500,0
107,112,3377,3652,500,25
107,112,3378,3610,447,10
107,112,3378,3643,457,125
107,112,3379,3608,406,-112
107,112,3381,3533,345,361
107,112,3381,3624,421,0
107,112,3382,3641,389,-161
107,112,3382,3650,373,-290
107,112,3383,3627,395,0
107,112,3383,3643,371,-199
107,112,3384,3539,361,345
107,112,3385,3641,376,-189
107,112,3385,3662,345,-361
107,112,3387,3611,369,18
107,112,3387,3631,364,-55
107,112,3387,3641,348,-187
107,112,3387,3646,361,-345
107,112,3388,3588,369,0
107,112,3388,3657,283,-346
107,112,3389,3644,322,-227
107,112,3389,3657,274,-353
107,112,3389,3665,361,-345
107,112,3391,3559,237,247
107,112,3391,3663,223,-418
107,112,3392,3535,361,345
107,112,3392,3662,335,-371
107,112,3392,3673,438,-235
107,112,3393,3594,260,19
107,112,3393,3606,25,-260
107,112,3393,3612,316,7
107,112,3393,3615,159,-176
107,112,3393,3647,279,-279
107,112,3393,3652,258,-332
107,112,3394,3612,131,22
107,112,3394,3618,151,-144
107,112,3394,3640,247,-237
107,112,3395,3617,75,-107
107,112,3395,3617,115,-141
107,112,3395,3617,132,-126
107,112,3396,3615,94,-90
107,112,3396,3661,361,-345
107,112,3396,3675,0,-500
107,112,3397,3566,191,182
107,112,3397,3595,157,0
107,112,3397,3612,290,14
107,112,3397,3632,275,-91
107,112,3397,3662,181,-438
107,112,3397,3662,192,-433
107,112,3398,3546,223,417
107,112,3398,3620,151,-107
107,112,3398,3661,160,-417
107,112,3398,3662,181,-438
107,112,3398,3663,169,-442
107,112,3399,3527,353,353
107,112,3399,3536,160,417
107,112,3399,3632,-300,366
107,112,3399,3655,189,-377
107,112,3399,3663,169,-442
107,112,3400,3616,-170,-162
107,112,3400,3663,96,-271
107,112,3401,3668,136,-453
107,112,3402,3545,334,334
107,112,3402,3553,168,298
107,112,3402,3562,78,0
107,112,3402,3658,141,-396
107,112,3402,3660,139,-425
107,112,3402,3663,118,-432
107,112,3402,3682,121,-484
107,112,3402,3683,121,-484
107,112,3402,3684,121,-484
107,112,3403,3549,132,344
107,112,3403,3630,-293,121
107,112,3403,3640,106,353
107,112,3403,3658,121,-403
107,112,3403,3658,131,-400
107,112,3403,3670,262,-394
107,112,3403,3682,132,-482
107,112,3403,3683,132,-482
107,112,3403,3684,132,-482
107,112,3403,3686,132,-482
107,112,3403,3687,121,-484
107,112,3404,3545,114,378
107,112,3404,3546,114,378
107,112,3404,3548,123,347
107,112,3404,3562,78,0
107,112,3404,3683,121,-484
107,112,3404,3684,121,-484
107,112,3405,3549,106,353
107,112,3405,3678,121,-484
107,112,3405,3679,121,-484
107,112,3405,3680,132,-482
107,112,3405,3681,132,-482
107,112,3407,3555,76,306
107,112,3407,3653,91,-303
107,112,3408,3630,-130,195
107,112,3408,3636,-191,-90
107,112,3408,3649,70,-281
107,112,3408,3653,89,-357
107,112,3409,3636,79,-224
107,112,3409,3647,69,-255
107,112,3409,3648,57,-258
107,112,3409,3648,69,-255
107,112,3409,3649,69,-255
107,112,3410,3649,46,-207
107,112,3411,3633,-198,242
107,112,3411,3688,11,-500
107,112,3412,3529,-5,238
107,112,3412,3529,0,212
107,112,3412,3629,264,13
107,112,3412,3630,392,-48
107,112,3412,3640,16,-20
107,112,3412,3643,164,128
107,112,3412,3644,0,-26
107,112,3412,3661,0,-447
107,112,3412,3687,0,-500
107,112,3413,3630,15,158
107,112,3413,3636,10,212
107,112,3414,3628,157,-27
107,112,3414,3636,-130,0
107,112,3415,3634,-19,260
107,112,3415,3635,203,339
107,112,3415,3636,-14,21
107,112,3415,3636,0,0
107,112,3416,3628,226,136
107,112,3416,3630,61,172
107,112,3416,3636,-78,0
107,112,3416,3636,-43,65
107,112,3416,3636,-23,-12
107,112,3416,3636,0,0
107,112,3417,3535,0,290
107,112,3417,3628,28,43
107,112,3417,3629,115,110
107,112,3417,3636,-163,271
107,112,3417,3636,-46,23
107,112,3417,3636,-26,0
107,112,3417,3636,-23,11
107,112,3417,3636,0,0
107,112,3417,3636,114,458
107,112,3417,3636,300,332
107,112,3418,3629,147,147
107,112,3418,3630,149,249
107,112,3418,3635,-41,340
107,112,3419,3533,316,386
107,112,3419,3533,435,246
107,112,3419,3536,0,316
107,112,3419,3633,128,289
107,112,3419,3636,-78,0
107,112,3419,3636,-1,-26
107,112,3420,3543,358,308
107,112,3420,3555,0,290
107,112,3421,3541,-21,421
107,112,3421,3551,78,-1
107,112,3421,3629,146,153
107,112,3421,3636,-64,82
107,112,3421,3636,-26,-1
107,112,3421,3636,-11,77
107,112,3422,3527,361,345
107,112,3422,3631,63,229
107,112,3422,3636,473,23
107,112,3424,3511,-11,500
107,112,3424,3628,102,118
107,112,3424,3646,240,279
107,112,3425,3545,334,334
107,112,3425,3636,-21,-15
107,112,3426,3528,361,345
107,112,3426,3629,-15,103
107,112,3426,3631,49,92
107,112,3428,3513,0,500
107,112,3429,3630,-177,185
107,112,3444,3631,22,-13
107,112,3453,3541,-21,421
107,112,3461,3552,191,182
107,112,3493,3571,-260,-25
107,112,3494,3535,-10,209
107,112,3500,3579,84,-157
107,112,3500,3580,42,-173
107,112,3500,3580,47,-172
107,112,3504,3539,-47,312
107,114,3351,3657,500,0
107,114,3351,3677,444,0
107,114,3351,3677,500,0
107,114,3352,3652,500,0
107,114,3352,3676,418,0
107,114,3352,3677,500,0
107,114,3352,3682,417,-41
107,114,3353,3656,366,8
107,114,3353,3657,500,0
107,114,3353,3673,469,34
107,114,3353,3676,500,0
107,114,3353,3682,417,-31
107,114,3353,3682,498,-48
107,114,3353,3684,496,-60
107,114,3353,3685,492,-85
107,114,3354,3652,500,0
107,114,3354,3681,392,8
107,114,3354,3691,500,0
107,114,3355,3676,340,0
107,114,3355,3677,340,0
107,114,3355,3677,418,0
107,114,3355,3677,500,0
107,114,3355,3678,340,0
107,114,3355,3678,361,-8
107,114,3355,3678,361,0
107,114,3355,3679,340,0
107,114,3355,3680,340,0
107,114,3355,3681,340,0
107,114,3355,3682,340,0
107,114,3355,3683,340,0
107,114,3355,3684,340,0
107,114,3355,3685,340,0
107,114,3355,3686,340,0
107,114,3355,3687,340,0
107,114,3355,3688,340,0
107,114,3355,3689,340,0
107,114,3355,3690,340,0
107,114,3355,3691,340,0
107,114,3356,3665,474,156
107,114,3356,3674,366,18
107,114,3356,3677,340,0
107,114,3356,3677,366,0
107,114,3356,3678,366,-18
107,114,3356,3678,366,0
107,114,3356,3679,366,-18
107,114,3356,3679,366,-8
107,114,3356,3693,366,-8
107,114,3356,3694,366,0
107,114,3357,3676,366,8
107,114,3357,3677,366,0
107,114,3357,3678,366,-8
107,114,3357,3678,366,0
107,114,3357,3679,366,-18
107,114,3357,3679,366,-8
107,114,3357,3682,366,0
107,114,3357,3690,344,-123
107,114,3357,3693,366,-8
107,114,3357,3705,419,-41
107,114,3358,3676,395,0
107,114,3358,3677,366,0
107,114,3358,3678,366,-8
107,114,3358,3678,366,0
107,114,3358,3679,366,-8
107,114,3358,3679,386,-28
107,114,3358,3684,357,-80
107,114,3359,3665,466,179
107,114,3359,3676,366,0
107,114,3359,3678,366,-8
107,114,3359,3679,364,-35
107,114,3359,3680,363,-44
107,114,3359,3680,364,-35
107,114,3359,3681,362,-54
107,114,3359,3682,360,-63
107,114,3359,3684,366,0
107,114,3359,3685,366,0
107,114,3359,3687,366,0
107,114,3359,3691,366,0
107,114,3359,3699,429,-257
107,114,3359,3700,366,0
107,114,3359,3700,395,0
107,114,3359,3700,500,0
107,114,3359,3701,366,0
107,114,3359,3703,366,0
107,114,3359,3705,366,0
107,114,3360,3660,498,-37
107,114,3360,3693,392,-9
107,114,3360,3700,366,0
107,114,3360,3702,392,-9
107,114,3360,3703,392,0
107,114,3361,3679,392,-9
107,114,3361,3702,392,-20
107,114,3361,3702,392,-9
107,114,3361,3702,392,0
107,114,3362,3676,444,22
107,114,3362,3691,382,-170
107,114,3362,3697,364,-206
107,114,3362,3698,353,-224
107,114,3363,3700,392,0
107,114,3363,3701,392,0
107,114,3363,3706,392,0
107,114,3363,3707,392,0
107,114,3364,3620,500,0
107,114,3364,3719,340,-325
107,114,3366,3695,382,-229
107,114,3366,3702,361,-345
107,114,3367,3682,418,0
107,114,3367,3688,418,0
107,114,3367,3705,418,0
107,114,3367,3706,353,-353
107,114,3367,3712,418,0
107,114,3367,3713,418,0
107,114,3368,3684,471,0
107,114,3369,3648,500,0
107,114,3371,3695,361,-345
107,114,3371,3697,361,-345
107,114,3371,3702,361,-345
107,114,3371,3707,361,-345
107,114,3371,3712,361,-345
107,114,3371,3726,361,-345
107,114,3372,3680,444,0
107,114,3372,3681,444,0
107,114,3372,3682,444,0
107,114,3372,3683,444,0
107,114,3372,3684,444,0
107,114,3372,3686,444,0
107,114,3372,3687,444,0
107,114,3372,3688,444,0
107,114,3372,3689,444,0
107,114,3372,3690,444,0
107,114,3372,3716,444,0
107,114,3374,3652,473,0
107,114,3374,3695,353,-353
107,114,3374,3702,471,-11
107,114,3376,3718,471,0
107,114,3376,3719,471,0
107,114,3377,3733,353,-353
107,114,3377,3734,353,-353
107,114,3378,3676,340,0
107,114,3378,3677,447,0
107,114,3378,3727,361,-345
107,114,3378,3731,361,-345
107,114,3379,3625,500,0
107,114,3379,3733,353,-353
107,114,3380,3734,335,-371
107,114,3381,3685,444,0
107,114,3381,3720,497,0
107,114,3381,3721,497,0
107,114,3381,3722,497,0
107,114,3381,3730,345,-361
107,114,3381,3731,353,-353
107,114,3382,3695,416,-41
107,114,3383,3652,395,0
107,114,3383,3735,287,-408
107,114,3385,3682,418,0
107,114,3385,3687,418,0
107,114,3385,3726,345,-361
107,114,3386,3723,500,0
107,114,3387,3677,369,0
107,114,3394,3673,218,-229
107,114,3395,3678,130,0
107,114,3396,3671,94,-90
107,114,3396,3678,130,0
107,114,3398,3685,185,0
107,114,3400,3603,160,417
107,114,3400,3678,182,17
107,114,3401,3685,133,0
107,114,3402,3580,121,484
107,114,3402,3745,156,-474
107,114,3402,3750,121,-484
107,114,3405,3644,369,0
107,114,3405,3741,109,-488
107,114,3406,3611,179,466
107,114,3407,3695,-25,-207
107,114,3408,3694,-205,84
107,114,3408,3704,40,416
107,114,3409,3699,-153,-72
107,114,3409,3702,26,364
107,114,3411,3692,-263,-26
107,114,3411,3692,-121,99
107,114,3412,3598,0,447
107,114,3412,3693,0,104
107,114,3412,3700,-121,292
107,114,3412,3700,22,-12
107,114,3412,3701,25,2
107,114,3412,3705,16,-20
107,114,3412,3710,0,-26
107,114,3413,3694,-5,235
107,114,3413,3696,-5,235
107,114,3413,3700,-7,314
107,114,3413,3700,25,2
107,114,3413,3700,222,21
107,114,3414,3692,-234,-23
107,114,3414,3692,253,135
107,114,3414,3693,101,152
107,114,3414,3695,20,208
107,114,3414,3697,-12,235
107,114,3414,3697,112,238
107,114,3414,3699,38,391
107,114,3415,3700,-154,242
107,114,3415,3700,-26,0
107,114,3415,3700,-23,12
107,114,3415,3700,-14,21
107,114,3415,3700,0,0
107,114,3416,3694,173,260
107,114,3416,3694,221,221
107,114,3416,3698,33,338
107,114,3416,3700,-29,391
107,114,3416,3700,-26,0
107,114,3417,3700,-303,161
107,114,3417,3709,141,366
107,114,3417,3711,147,-108
107,114,3418,3696,139,313
107,114,3418,3700,-212,301
107,114,3418,3700,-48,392
107,114,3419,3696,240,240
107,114,3419,3700,-6,51
107,114,3420,3700,23,-11
107,114,3423,3700,-78,0
107,114,3424,3721,412,71
107,114,3427,3692,72,108
107,114,3433,3693,25,-128
107,114,3444,3695,65,43
107,116,3353,3714,496,60
107,116,3354,3700,447,0
107,116,3354,3700,500,0
107,116,3354,3716,500,0
107,116,3354,3735,500,0
107,116,3354,3736,500,0
107,116,3354,3755,500,0
107,116,3355,3700,340,0
107,116,3355,3700,369,0
107,116,3355,3700,447,0
107,116,3355,3701,340,0
107,116,3355,3702,340,0
107,116,3355,3703,340,0
107,116,3355,3704,340,0
107,116,3355,3705,340,0
107,116,3355,3706,340,0
107,116,3355,3707,340,0
107,116,3355,3708,340,0
107,116,3355,3709,340,0
107,116,3355,3710,340,0
107,116,3355,3711,340,0
107,116,3355,3712,340,0
107,116,3355,3713,340,0
107,116,3355,3714,340,0
107,116,3355,3715,340,0
107,116,3355,3716,340,0
107,116,3355,3716,361,0
107,116,3355,3717,340,0
107,116,3355,3718,340,0
107,116,3355,3719,340,0
107,116,3355,3720,340,0
107,116,3355,3721,340,0
107,116,3355,3722,340,0
107,116,3355,3723,340,0
107,116,3355,3724,340,0
107,116,3355,3725,340,0
107,116,3355,3726,340,0
107,116,3355,3727,340,0
107,116,3355,3728,340,0
107,116,3355,3729,340,0
107,116,3355,3730,340,0
107,116,3355,3731,340,0
107,116,3355,3732,340,0
107,116,3355,3733,340,0
107,116,3355,3734,340,0
107,116,3355,3735,340,0
107,116,3355,3736,340,0
107,116,3355,3737,340,0
107,116,3355,3738,340,0
107,116,3355,3739,340,0
107,116,3355,3740,340,0
107,116,3355,3741,340,0
107,116,3355,3742,340,0
107,116,3355,3743,340,0
107,116,3355,3744,340,0
107,116,3355,3745,340,0
107,116,3355,3746,340,0
107,116,3355,3747,340,0
107,116,3355,3748,340,0
107,116,3355,3749,340,0
107,116,3355,3750,340,0
107,116,3355,3751,340,0
107,116,3355,3752,340,0
107,116,3355,3753,340,0
107,116,3355,3754,340,0
107,116,3355,3755,340,0
107,116,3356,3700,340,0
107,116,3356,3700,421,0
107,116,3356,3702,366,-8
107,116,3356,3702,366,0
107,116,3356,3703,366,-18
107,116,3356,3703,366,0
107,116,3356,3707,357,80
107,116,3356,3716,340,0
107,116,3357,3692,429,257
107,116,3357,3702,366,-8
107,116,3357,3702,366,0
107,116,3357,3703,366,-18
107,116,3357,3703,366,0
107,116,3357,3703,393,-29
107,116,3358,3708,358,71
107,116,3359,3691,366,0
107,116,3359,3700,366,0
107,116,3359,3712,366,0
107,116,3359,3715,366,0
107,116,3359,3716,366,0
107,116,3359,3733,366,0
107,116,3360,3687,418,0
107,116,3363,3685,392,0
107,116,3363,3686,392,0
107,116,3363,3716,392,0
107,116,3365,3684,469,34
107,116,3371,3677,500,0
107,116,3371,3678,444,0
107,116,3371,3741,353,-353
107,116,3371,3741,361,-345
107,116,3371,3752,444,0
107,116,3372,3676,444,0
107,116,3372,3677,500,0
107,116,3372,3744,444,0
107,116,3372,3745,444,0
107,116,3372,3746,444,0
107,116,3372,3747,444,0
107,116,3372,3748,444,0
107,116,3372,3749,444,0
107,116,3372,3750,444,0
107,116,3372,3751,444,0
107,116,3372,3752,444,0
107,116,3372,3753,444,0
107,116,3372,3754,444,0
107,116,3372,3755,444,0
107,116,3373,3674,498,48
107,116,3373,3675,471,23
107,116,3374,3677,471,0
107,116,3374,3677,500,0
107,116,3374,3717,353,-353
107,116,3375,3677,500,0
107,116,3376,3757,471,0
107,116,3376,3758,471,0
107,116,3376,3779,471,0
107,116,3377,3779,500,0
107,116,3380,3695,403,121
107,116,3381,3712,414,72
107,116,3381,3723,421,0
107,116,3381,3745,444,0
107,116,3383,3732,396,-141
107,116,3385,3746,418,0
107,116,3385,3748,418,0
107,116,3385,3753,418,0
107,116,3391,3699,342,7
107,116,3391,3757,500,0
107,116,3391,3761,500,0
107,116,3391,3772,500,0
107,116,3392,3723,238,0
107,116,3394,3731,-316,386
107,116,3395,3702,104,0
107,116,3395,3780,498,-48
107,116,3396,3734,104,0
107,116,3396,3739,104,0
107,116,3396,3756,500,0
107,116,3396,3759,500,0
107,116,3397,3676,-250,305
107,116,3398,3673,-366,151
107,116,3399,3681,-232,283
107,116,3400,3755,441,-236
107,116,3401,3773,441,-236
107,116,3402,3750,121,-484
107,116,3403,3672,-366,-35
107,116,3403,3749,277,-416
107,116,3403,3752,277,-416
107,116,3403,3760,277,-416
107,116,3403,3761,97,-490
107,116,3404,3745,97,-490
107,116,3404,3753,85,-492
107,116,3404,3759,85,-492
107,116,3404,3763,85,-492
107,116,3404,3767,85,-492
107,116,3404,3768,85,-492
107,116,3404,3769,277,-416
107,116,3405,3702,-419,41
107,116,3405,3739,92,-464
107,116,3406,3683,-262,-25
107,116,3406,3687,184,-185
107,116,3406,3696,-183,-223
107,116,3406,3697,-292,-120
107,116,3406,3711,-289,-28
107,116,3406,3747,-312,-30
107,116,3407,3698,-266,-110
107,116,3408,3695,-149,-149
107,116,3408,3697,-220,-146
107,116,3408,3710,-242,-161
107,116,3408,3712,-220,-146
107,116,3408,3745,-305,-203
107,116,3409,3699,-208,-111
107,116,3411,3688,-112,-208
107,116,3412,3641,0,500
107,116,3412,3642,0,500
107,116,3412,3648,0,500
107,116,3412,3669,0,421
107,116,3412,3677,0,78
107,116,3412,3677,0,104
107,116,3412,3677,0,130
107,116,3412,3680,0,26
107,116,3412,3680,0,52
107,116,3412,3688,0,-130
107,116,3412,3688,13,21
107,116,3412,3695,0,-209
107,116,3412,3697,0,-235
107,116,3412,3698,0,-262
107,116,3412,3699,-218,-90
107,116,3412,3699,0,-130
107,116,3412,3699,28,-43
107,116,3412,3699,46,-25
107,116,3412,3699,46,-22
107,116,3412,3756,135,253
107,116,3412,3757,74,138
107,116,3412,3757,135,253
107,116,3412,3758,12,23
107,116,3412,3758,135,253
107,116,3412,3759,0,0
107,116,3412,3759,152,101
107,116,3412,3760,0,0
107,116,3412,3761,0,0
107,116,3412,3762,12,23
107,116,3412,3764,21,14
107,116,3412,3765,25,2
107,116,3412,3767,25,2
107,116,3412,3767,26,1
107,116,3412,3769,24,-10
107,116,3412,3770,16,-20
107,116,3412,3774,5,-25
107,116,3413,3691,0,0
107,116,3413,3691,169,-113
107,116,3413,3692,-6,-264
107,116,3413,3695,-5,-209
107,116,3413,3696,74,-138
107,116,3413,3697,74,-138
107,116,3413,3698,74,-138
107,116,3413,3699,-7,-51
107,116,3413,3699,0,-52
107,116,3413,3699,25,-262
107,116,3414,3691,173,-93
107,116,3414,3694,152,-101
107,116,3414,3695,152,-101
107,116,3414,3695,204,-307
107,116,3414,3696,124,-232
107,116,3414,3697,28,-289
107,116,3414,3698,87,-131
107,116,3414,3699,23,-12
107,116,3414,3699,25,-7
107,116,3414,3699,72,-30
107,116,3414,3699,190,-285
107,116,3415,3691,-26,-2
107,116,3415,3691,0,0
107,116,3415,3691,126,34
107,116,3415,3691,342,-94
107,116,3415,3692,-100,-243
107,116,3415,3693,152,-101
107,116,3415,3694,152,-101
107,116,3415,3694,153,30
107,116,3415,3698,72,-108
107,116,3415,3698,73,-110
107,116,3415,3698,371,-199
107,116,3415,3699,143,-64
107,116,3415,3699,233,-350
107,116,3416,3691,-162,-86
107,116,3416,3691,-37,-498
107,116,3416,3691,-26,0
107,116,3416,3691,-23,12
107,116,3416,3691,0,0
107,116,3416,3692,-184,-151
107,116,3416,3693,208,-20
107,116,3416,3694,208,-20
107,116,3416,3695,175,-263
107,116,3416,3699,23,-12
107,116,3416,3699,93,-50
107,116,3417,3692,-111,-269
107,116,3417,3692,-46,-472
107,116,3417,3692,0,0
107,116,3417,3693,28,-289
107,116,3417,3694,28,-289
107,116,3417,3697,15,-157
107,116,3417,3698,73,-110
107,116,3418,3691,-57,-470
107,116,3418,3691,278,83
107,116,3418,3692,43,-446
107,116,3418,3692,225,67
107,116,3418,3778,169,442
107,116,3419,3691,23,12
107,116,3419,3698,348,-187
107,116,3420,3691,-98,-37
107,116,3420,3693,175,52
107,116,3420,3697,94,-157
107,116,3421,3691,21,13
107,116,3421,3691,313,-139
107,116,3421,3695,257,44
107,116,3422,3694,255,57
107,116,3423,3691,-51,-59
107,116,3423,3697,-70,140
107,116,3424,3691,26,1
107,116,3425,3691,-124,-41
107,116,3425,3691,-123,-44
107,116,3426,3699,115,-62
107,116,3427,3691,-26,0
107,116,3427,3695,62,-227
107,116,3429,3691,0,26
107,116,3433,3699,57,-87
107,116,3436,3691,25,5
107,116,3439,3691,98,-325
107,116,3441,3695,94,157
107,116,3443,3691,-24,10
107,116,3443,3692,36,246
107,116,3444,3691,0,0
107,116,3444,3691,172,141
107,116,3444,3694,19,16
107,116,3444,3694,86,130
107,116,3444,3694,126,31
107,116,3444,3695,24,-248
107,116,3444,3696,101,82
107,116,3444,3697,2,25
107,116,3444,3697,15,-156
107,116,3444,3698,70,37
107,116,3444,3699,2,-26
107,116,3531,3710,0,500
107,117,3351,3779,447,0
107,117,3352,3779,500,0
107,117,3353,3779,366,0
107,117,3353,3779,500,0
107,117,3353,3782,500,-25
107,117,3354,3736,500,0
107,117,3354,3772,500,0
107,117,3354,3773,366,18
107,117,3354,3778,407,0
107,117,3354,3779,340,0
107,117,3354,3779,421,0
107,117,3354,3779,444,0
107,117,3354,3779,447,0
107,117,3354,3779,500,0
107,117,3355,3732,340,0
107,117,3355,3733,340,0
107,117,3355,3734,340,0
107,117,3355,3735,340,0
107,117,3355,3736,340,0
107,117,3355,3737,340,0
107,117,3355,3738,340,0
107,117,3355,3739,340,0
107,117,3355,3740,340,0
107,117,3355,3741,340,0
107,117,3355,3742,340,0
107,117,3355,3743,340,0
107,117,3355,3744,340,0
107,117,3355,3745,340,0
107,117,3355,3746,340,0
107,117,3355,3747,340,0
107,117,3355,3748,340,0
107,117,3355,3749,340,0
107,117,3355,3750,340,0
107,117,3355,3751,340,0
107,117,3355,3752,340,0
107,117,3355,3753,340,0
107,117,3355,3754,340,0
107,117,3355,3755,340,0
107,117,3355,3756,340,0
107,117,3355,3757,340,0
107,117,3355,3758,340,0
107,117,3355,3759,340,0
107,117,3355,3760,340,0
107,117,3355,3761,340,0
107,117,3355,3762,340,0
107,117,3355,3763,340,0
107,117,3355,3764,340,0
107,117,3355,3765,340,0
107,117,3355,3766,340,0
107,117,3355,3767,340,0
107,117,3355,3768,340,0
107,117,3355,3769,340,0
107,117,3355,3770,340,0
107,117,3355,3771,340,0
107,117,3355,3772,340,0
107,117,3355,3773,340,0
107,117,3355,3774,340,0
107,117,3355,3775,340,0
107,117,3355,3776,340,0
107,117,3355,3777,340,0
107,117,3355,3777,340,17
107,117,3355,3778,340,0
107,117,3355,3778,340,7
107,117,3355,3779,340,0
107,117,3355,3779,366,0
107,117,3355,3779,392,0
107,117,3355,3779,447,0
107,117,3355,3780,361,0
107,117,3355,3782,364,-27
107,117,3355,3782,366,-18
107,117,3355,3791,482,-132
107,117,3356,3762,418,21
107,117,3356,3774,366,-8
107,117,3356,3775,366,-18
107,117,3356,3775,391,-29
107,117,3356,3776,471,-46
107,117,3356,3779,369,0
107,117,3356,3779,473,0
107,117,3356,3780,366,0
107,117,3356,3781,366,-8
107,117,3357,3775,366,-18
107,117,3357,3776,366,0
107,117,3357,3777,366,8
107,117,3357,3777,366,18
107,117,3357,3779,418,0
107,117,3357,3790,470,-167
107,117,3357,3790,474,-156
107,117,3358,3775,364,-35
107,117,3358,3777,366,8
107,117,3358,3779,418,0
107,117,3358,3781,498,-37
107,117,3358,3790,474,-156
107,117,3359,3737,366,0
107,117,3359,3745,366,0
107,117,3359,3755,366,0
107,117,3359,3756,366,0
107,117,3359,3758,366,0
107,117,3359,3759,366,0
107,117,3359,3766,366,0
107,117,3359,3767,366,0
107,117,3359,3768,366,0
107,117,3359,3769,366,0
107,117,3359,3771,366,0
107,117,3359,3772,366,0
107,117,3359,3775,366,0
107,117,3359,3776,364,-35
107,117,3359,3779,366,0
107,117,3359,3779,444,0
107,117,3359,3779,473,0
107,117,3359,3779,500,0
107,117,3360,3774,392,-20
107,117,3360,3779,366,0
107,117,3360,3779,471,0
107,117,3360,3790,482,-132
107,117,3361,3776,392,0
107,117,3361,3777,392,8
107,117,3361,3779,500,0
107,117,3361,3788,470,-167
107,117,3361,3789,470,-167
107,117,3362,3777,392,8
107,117,3362,3779,500,0
107,117,3363,3779,392,0
107,117,3363,3779,418,0
107,117,3363,3779,444,0
107,117,3363,3779,500,0
107,117,3363,3780,414,0
107,117,3363,3781,416,-31
107,117,3363,3781,418,-21
107,117,3363,3782,416,-31
107,117,3363,3788,470,-167
107,117,3364,3779,444,0
107,117,3364,3779,500,0
107,117,3364,3780,418,0
107,117,3364,3781,418,-21
107,117,3366,3712,361,345
107,117,3366,3779,444,0
107,117,3367,3711,345,361
107,117,3367,3711,361,345
107,117,3367,3719,358,343
107,117,3367,3725,358,343
107,117,3367,3734,358,343
107,117,3367,3771,418,0
107,117,3368,3779,444,0
107,117,3371,3778,444,0
107,117,3371,3779,444,0
107,117,3372,3716,444,0
107,117,3372,3776,444,0
107,117,3372,3777,444,0
107,117,3372,3778,444,0
107,117,3372,3779,444,22
107,117,3375,3779,471,0
107,117,3381,3700,497,0
107,117,3381,3737,345,361
107,117,3381,3776,444,0
107,117,3381,3777,444,0
107,117,3381,3779,421,0
107,117,3388,3779,366,0
107,117,3389,3760,283,49
107,117,3390,3750,261,0
107,117,3390,3752,261,0
107,117,3391,3716,500,0
107,117,3391,3722,500,0
107,117,3391,3734,261,0
107,117,3392,3746,260,260
107,117,3394,3729,144,478
107,117,3395,3741,179,466
107,117,3395,3777,104,0
107,117,3395,3777,130,0
107,117,3396,3740,96,123
107,117,3396,3776,104,0
107,117,3397,3731,-87,437
107,117,3398,3728,194,344
107,117,3398,3738,156,474
107,117,3398,3741,104,23
107,117,3401,3725,-364,150
107,117,3402,3673,179,466
107,117,3403,3745,102,459
107,117,3403,3751,121,403
107,117,3403,3753,128,426
107,117,3404,3711,85,492
107,117,3404,3713,85,492
107,117,3404,3737,53,308
107,117,3404,3739,58,334
107,117,3404,3740,58,334
107,117,3404,3778,261,0
107,117,3405,3740,58,334
107,117,3405,3741,54,362
107,117,3405,3742,54,362
107,117,3406,3743,58,387
107,117,3408,3726,-261,-174
107,117,3409,3725,-152,-101
107,117,3409,3795,14,283
107,117,3410,3726,-152,-101
107,117,3410,3727,-152,-101
107,117,3410,3789,-166,37
107,117,3411,3722,-149,-278
107,117,3411,3740,-86,-162
107,117,3411,3757,-86,-162
107,117,3411,3769,-86,-162
107,117,3411,3788,-121,99
107,117,3412,3671,0,500
107,117,3412,3672,0,500
107,117,3412,3712,0,395
107,117,3412,3728,-74,-138
107,117,3412,3728,0,-209
107,117,3412,3729,0,-104
107,117,3412,3729,131,-197
107,117,3412,3730,0,-104
107,117,3412,3730,7,-78
107,117,3412,3730,25,-262
107,117,3412,3730,131,-197
107,117,3412,3731,0,-104
107,117,3412,3731,25,-262
107,117,3412,3788,0,52
107,117,3412,3796,25,2
107,117,3412,3797,26,1
107,117,3412,3800,257,5
107,117,3413,3796,-7,287
107,117,3415,3788,134,80
107,117,3417,3790,61,172
107,119,3353,3840,500,0
107,119,3354,3812,500,0
107,119,3356,3793,358,159
107,119,3357,3793,353,166
107,119,3357,3793,358,159
107,119,3357,3805,484,121
107,119,3357,3845,498,48
107,119,3358,3784,500,0
107,119,3358,3791,372,122
107,119,3358,3794,496,-60
107,119,3358,3795,492,-85
107,119,3358,3801,498,48
107,119,3359,3784,340,0
107,119,3359,3784,500,0
107,119,3359,3791,346,185
107,119,3359,3795,496,-60
107,119,3360,3793,351,176
107,119,3360,3795,382,169
107,119,3361,3779,500,0
107,119,3361,3780,392,0
107,119,3361,3781,418,0
107,119,3362,3779,392,0
107,119,3362,3779,418,0
107,119,3362,3779,500,0
107,119,3362,3780,433,0
107,119,3362,3782,418,0
107,119,3362,3793,369,197
107,119,3363,3778,392,0
107,119,3363,3779,392,0
107,119,3363,3779,418,0
107,119,3363,3779,444,0
107,119,3363,3780,414,0
107,119,3363,3781,459,0
107,119,3363,3782,418,0
107,119,3363,3783,418,-21
107,119,3364,3766,382,169
107,119,3364,3779,392,0
107,119,3364,3779,421,0
107,119,3364,3779,444,0
107,119,3364,3779,500,0
107,119,3364,3780,414,0
107,119,3364,3780,418,0
107,119,3364,3780,500,0
107,119,3364,3781,418,-21
107,119,3365,3777,418,21
107,119,3365,3778,418,21
107,119,3365,3779,418,0
107,119,3365,3779,444,0
107,119,3365,3779,471,0
107,119,3365,3790,351,351
107,119,3366,3770,400,120
107,119,3366,3776,418,0
107,119,3366,3777,418,21
107,119,3366,3778,418,0
107,119,3366,3778,418,21
107,119,3366,3779,444,0
107,119,3366,3779,471,0
107,119,3366,3789,358,343
107,119,3366,3790,358,343
107,119,3367,3762,358,343
107,119,3367,3764,387,218
107,119,3367,3767,358,343
107,119,3367,3768,358,343
107,119,3367,3769,358,343
107,119,3367,3770,358,343
107,119,3367,3771,358,343
107,119,3367,3772,358,343
107,119,3367,3773,358,343
107,119,3367,3774,358,343
107,119,3367,3775,358,343
107,119,3367,3775,418,0
107,119,3367,3776,358,343
107,119,3367,3776,418,0
107,119,3367,3777,358,343
107,119,3367,3777,418,0
107,119,3367,3778,358,343
107,119,3367,3779,358,343
107,119,3367,3779,418,0
107,119,3367,3780,358,343
107,119,3367,3781,358,343
107,119,3367,3782,358,343
107,119,3367,3783,358,343
107,119,3367,3784,358,343
107,119,3367,3785,358,343
107,119,3367,3786,358,343
107,119,3367,3787,358,343
107,119,3367,3788,358,343
107,119,3367,3789,351,351
107,119,3367,3789,358,343
107,119,3367,3790,358,343
107,119,3367,3791,358,343
107,119,3367,3792,358,343
107,119,3367,3793,358,343
107,119,3367,3796,358,343
107,119,3368,3759,378,279
107,119,3368,3760,384,270
107,119,3368,3766,401,189
107,119,3368,3767,406,180
107,119,3369,3760,391,260
107,119,3369,3776,444,-10
107,119,3370,3776,444,0
107,119,3370,3776,444,10
107,119,3370,3779,500,0
107,119,3371,3761,392,304
107,119,3371,3761,400,294
107,119,3371,3763,353,353
107,119,3371,3787,353,353
107,119,3371,3789,353,353
107,119,3371,3793,345,361
107,119,3372,3772,444,0
107,119,3372,3774,444,0
107,119,3372,3808,484,121
107,119,3372,3863,482,-132
107,119,3374,3772,500,0
107,119,3374,3774,471,-24
107,119,3374,3774,471,-11
107,119,3374,3793,494,-74
107,119,3375,3772,471,0
107,119,3376,3770,471,0
107,119,3376,3779,471,0
107,119,3377,3782,497,-11
107,119,3378,3756,353,353
107,119,3380,3769,497,-11
107,119,3381,3766,497,0
107,119,3381,3767,497,0
107,119,3382,3791,416,62
107,119,3383,3753,345,361
107,119,3383,3844,395,0
107,119,3384,3748,335,371
107,119,3385,3758,345,361
107,119,3385,3780,500,-25
107,119,3386,3764,500,0
107,119,3386,3765,500,0
107,119,3386,3778,500,25
107,119,3386,3780,500,-25
107,119,3387,3756,345,361
107,119,3387,3756,361,345
107,119,3388,3772,361,345
107,119,3388,3789,355,98
107,119,3388,3812,342,0
107,119,3390,3758,335,371
107,119,3391,3763,500,0
107,119,3391,3771,500,0
107,119,3391,3773,500,0
107,119,3391,3812,316,0
107,119,3392,3759,361,345
107,119,3395,3774,114,378
107,119,3396,3811,37,35
107,119,3397,3755,158,445
107,119,3397,3792,-329,219
107,119,3398,3770,-366,151
107,119,3399,3796,-462,-191
107,119,3401,3759,129,428
107,119,3401,3764,141,396
107,119,3401,3767,161,389
107,119,3402,3764,131,400
107,119,3403,3784,185,0
107,119,3404,3768,114,378
107,119,3404,3856,469,-57
107,119,3406,3779,297,-298
107,119,3408,3799,-472,46
107,119,3409,3784,-209,-10
107,119,3409,3789,408,181
107,119,3409,3791,-149,-182
107,119,3411,3781,48,95
107,119,3411,3795,-390,-161
107,119,3412,3745,0,500
107,119,3412,3755,0,500
107,119,3412,3758,0,447
107,119,3412,3767,0,395
107,119,3412,3768,0,500
107,119,3412,3776,0,52
107,119,3412,3777,0,26
107,119,3412,3780,0,26
107,119,3412,3781,0,159
107,119,3412,3781,2,25
107,119,3412,3782,0,26
107,119,3412,3784,23,10
107,119,3412,3785,-116,-206
107,119,3412,3788,-165,-235
107,119,3412,3788,-159,11
107,119,3412,3795,0,-130
107,119,3412,3795,46,-22
107,119,3412,3795,48,-19
107,119,3413,3793,74,-138
107,119,3413,3794,74,-138
107,119,3414,3787,-130,0
107,119,3414,3787,-42,-66
107,119,3414,3787,-23,10
107,119,3414,3787,6,-276
107,119,3414,3788,-126,-198
107,119,3414,3789,203,212
107,119,3414,3790,152,-101
107,119,3414,3792,124,-232
107,119,3414,3793,148,-278
107,119,3414,3795,-208,20
107,119,3414,3795,207,-367
107,119,3415,3787,-149,-84
107,119,3415,3787,-130,0
107,119,3415,3787,-45,-27
107,119,3415,3787,-24,9
107,119,3415,3787,-1,-26
107,119,3415,3787,0,0
107,119,3415,3788,-22,-13
107,119,3415,3790,152,-101
107,119,3415,3790,419,31
107,119,3415,3791,-15,-208
107,119,3415,3792,10,-447
107,119,3415,3795,69,-37
107,119,3416,3787,-130,0
107,119,3416,3787,-119,-53
107,119,3416,3788,-23,-12
107,119,3416,3789,201,-55
107,119,3416,3789,208,-20
107,119,3416,3790,6,-290
107,119,3416,3792,411,-92
107,119,3416,3793,136,-142
107,119,3416,3795,23,-12
107,119,3416,3795,29,-42
107,119,3416,3795,246,-95
107,119,3417,3787,-130,0
107,119,3417,3787,-26,0
107,119,3417,3788,-26,0
107,119,3417,3788,10,-447
107,119,3417,3788,237,71
107,119,3417,3789,254,-188
107,119,3417,3792,156,-212
107,119,3417,3794,198,-132
107,119,3417,3795,23,-12
107,119,3417,3795,295,-114
107,119,3417,3795,298,-106
107,119,3417,3795,317,-131
107,119,3418,3787,-164,-82
107,119,3418,3787,-130,0
107,119,3418,3787,3,25
107,119,3418,3789,-48,-392
107,119,3418,3790,0,-238
107,119,3418,3791,248,-372
107,119,3418,3794,157,-142
107,119,3419,3787,-94,-44
107,119,3419,3789,-32,-262
107,119,3419,3792,187,-255
107,119,3419,3793,253,-143
107,119,3420,3769,353,-274
107,119,3420,3782,-199,-372
107,119,3420,3782,-107,-353
107,119,3420,3787,-156,11
107,119,3420,3787,-25,-500
107,119,3420,3787,280,-77
107,119,3420,3790,190,-317
107,119,3420,3791,255,57
107,119,3421,3783,-107,-325
107,119,3421,3787,-165,-78
107,119,3421,3787,-128,-22
107,119,3421,3787,-119,-102
107,119,3421,3787,-26,0
107,119,3421,3787,-22,13
107,119,3421,3788,-27,-275
107,119,3421,3791,234,-318
107,119,3421,3795,-179,-49
107,119,3422,3787,0,0
107,119,3422,3790,198,-372
107,119,3423,3766,165,234
107,119,3423,3790,291,80
107,119,3423,3795,153,-30
107,119,3424,3775,201,-427
107,119,3424,3787,-122,-47
107,119,3424,3789,-45,-257
107,119,3424,3795,7,-78
107,119,3425,3787,-116,-105
107,119,3425,3787,0,0
107,119,3425,3787,23,11
107,119,3427,3778,221,221
107,119,3427,3787,0,26
107,119,3428,3787,-158,-175
107,119,3428,3794,121,-99
107,119,3428,3795,128,-25
107,119,3429,3794,141,-116
107,119,3431,3787,25,6
107,119,3432,3794,101,-152
107,119,3435,3788,-27,-181
107,119,3437,3787,52,-175
107,119,3439,3787,-44,-363
107,119,3439,3788,98,-325
107,119,3440,3774,91,303
107,119,3444,3787,0,183
107,119,3444,3788,79,262
107,119,3444,3792,90,94
107,119,3471,3891,-48,-495
107,119,3473,3893,-70,-468
108,51,3386,1672,500,0
108,51,3393,1643,500,0
108,51,3394,1693,386,-316
108,51,3395,1689,386,-316
108,51,3396,1697,340,-325
108,51,3396,1700,332,-333
108,51,3396,1700,340,-325
108,51,3396,1701,332,-333
108,51,3396,1701,340,-325
108,51,3396,1702,340,-325
108,51,3396,1703,340,-325
108,51,3396,1704,340,-325
108,51,3396,1705,340,-325
108,51,3396,1706,340,-325
108,51,3396,1707,340,-325
108,51,3396,1708,340,-325
108,51,3397,1690,358,-344
108,51,3397,1690,368,-334
108,51,3397,1691,358,-344
108,51,3397,1691,368,-334
108,51,3397,1692,351,-351
108,51,3398,1690,358,-344
108,51,3398,1690,368,-334
108,51,3398,1691,368,-334
108,51,3398,1695,343,-359
108,51,3398,1698,358,-344
108,51,3398,1699,361,-345
108,51,3399,1686,353,-353
108,51,3399,1696,351,-351
108,51,3399,1697,351,-351
108,51,3399,1697,358,-344
108,51,3399,1698,351,-351
108,51,3399,1700,351,-351
108,51,3399,1702,351,-351
108,51,3400,1689,353,-353
108,51,3401,1687,361,-345
108,51,3401,1687,371,-335
108,51,3401,1695,353,-353
108,51,3403,1689,361,-345
108,51,3403,1694,361,-345
108,51,3403,1696,361,-345
108,51,3403,1697,361,-345
108,51,3403,1698,361,-345
108,51,3403,1699,361,-345
108,51,3403,1700,361,-345
108,51,3403,1701,361,-345
108,51,3403,1711,361,-345
108,51,3404,1689,326,-378
108,51,3405,1693,296,-402
108,51,3406,1686,353,-353
108,51,3406,1692,316,-386
108,51,3410,1714,361,-345
108,51,3412,1636,0,500
108,51,3417,1713,345,-361
108,51,3421,1712,361,-345
108,51,3428,1663,94,-90
108,51,3428,1666,77,-74
108,51,3429,1705,190,-404
108,51,3434,1699,-369,-8
108,51,3435,1709,108,-433
108,51,3436,1706,111,-407
108,51,3441,1673,-176,-117
108,51,3443,1673,-75,-141
108,51,3443,1674,-75,-141
108,51,3443,1674,-50,-94
108,51,3443,1676,-278,76
108,51,3443,1676,-121,99
108,51,3444,1709,0,-447
108,51,3444,1716,109,-488
108,51,3444,1716,121,-484
108,51,3444,1716,287,-408
108,51,3446,1692,223,417
108,51,3449,1677,39,96
108,51,3449,1680,13,264
108,51,3449,1685,-41,340
108,51,3449,1688,-67,389
108,51,3450,1682,16,316
108,51,3450,1686,16,316
108,51,3451,1676,-174,57
108,51,3451,1676,-115,61
108,51,3456,1697,408,101
108,51,3462,1703,319,-275
108,51,3476,1678,0,104
108,51,3476,1704,0,-395
108,54,3384,1729,405,-30
108,54,3385,1729,405,-30
108,54,3385,1730,417,-31
108,54,3386,1732,500,0
108,54,3387,1726,340,0
108,54,3387,1726,361,0
108,54,3387,1727,340,0
108,54,3387,1728,340,0
108,54,3387,1729,340,0
108,54,3387,1730,340,0
108,54,3387,1732,340,0
108,54,3387,1732,361,0
108,54,3387,1732,473,0
108,54,3387,1733,340,0
108,54,3387,1734,340,0
108,54,3387,1735,340,0
108,54,3387,1736,340,0
108,54,3387,1737,340,0
108,54,3387,1739,340,0
108,54,3387,1740,340,0
108,54,3387,1741,340,0
108,54,3387,1743,340,0
108,54,3387,1744,340,0
108,54,3387,1745,340,0
108,54,3387,1747,340,0
108,54,3387,1748,340,0
108,54,3387,1763,340,0
108,54,3387,1766,340,0
108,54,3387,1769,340,0
108,54,3388,1721,366,0
108,54,3388,1722,366,18
108,54,3388,1723,366,8
108,54,3388,1725,366,0
108,54,3388,1726,366,0
108,54,3388,1727,366,-8
108,54,3388,1732,340,0
108,54,3389,1714,392,8
108,54,3389,1726,366,-8
108,54,3389,1726,366,0
108,54,3389,1727,366,0
108,54,3390,1725,366,0
108,54,3390,1725,419,0
108,54,3390,1726,366,-8
108,54,3390,1727,366,-8
108,54,3391,1732,366,0
108,54,3395,1732,392,0
108,54,3396,1796,353,-353
108,54,3397,1700,371,335
108,54,3401,1788,500,0
108,54,3402,1790,353,-353
108,54,3403,1725,500,0
108,54,3403,1788,444,0
108,54,3403,1789,353,-353
108,54,3404,1763,444,0
108,54,3404,1788,444,0
108,54,3411,1718,366,-8
108,54,3418,1769,224,-447
108,54,3425,1728,197,0
108,54,3425,1756,224,-447
108,54,3427,1726,130,0
108,54,3428,1726,104,0
108,54,3428,1728,145,0
108,54,3428,1732,104,0
108,54,3429,1747,200,-400
108,54,3430,1769,156,-474
108,54,3432,1764,148,-450
108,54,3432,1802,441,-236
108,54,3434,1701,139,424
108,54,3434,1766,121,-484
108,54,3435,1820,277,-416
108,54,3436,1780,85,-492
108,54,3436,1793,85,-492
108,54,3436,1810,85,-492
108,54,3437,1783,81,-466
108,54,3438,1706,92,411
108,54,3439,1791,48,-498
108,54,3439,1796,81,-466
108,54,3440,1735,-220,-146
108,54,3441,1716,-174,-116
108,54,3441,1721,-198,-132
108,54,3441,1734,-174,-116
108,54,3443,1702,-202,-121
108,54,3444,1707,0,-287
108,54,3444,1715,0,-130
108,54,3444,1775,152,101
108,54,3444,1776,0,0
108,54,3444,1784,23,-11
108,54,3445,1710,111,-208
108,54,3445,1711,74,-138
108,54,3445,1712,74,-138
108,54,3445,1713,61,-115
108,54,3445,1713,74,-138
108,54,3445,1714,74,-138
108,54,3447,1709,25,-260
108,54,3447,1710,152,-101
108,54,3449,1783,167,-74
108,54,3451,1705,286,-28
108,54,3454,1702,-287,-28
108,54,3454,1712,244,-94
108,54,3455,1709,-13,-261
108,54,3465,1686,-63,280
108,54,3468,1696,-341,-33
108,54,3473,1707,-156,-15
108,54,3474,1702,-136,-254
108,54,3474,1714,-40,-97
108,54,3475,1700,-148,-277
108,54,3475,1706,178,153
108,54,3475,1715,184,-99
108,54,3476,1696,0,26
108,54,3476,1697,0,52
108,54,3476,1698,0,26
108,54,3476,1700,0,26
108,54,3476,1702,87,246
108,54,3476,1706,0,78
108,54,3476,1707,25,-3
108,54,3476,1708,0,78
108,54,3476,1709,0,-235
108,54,3476,1713,0,0
108,54,3476,1714,17,-182
108,54,3478,1797,173,116
108,55,3386,1788,500,0
108,55,3387,1748,340,0
108,55,3387,1749,340,0
108,55,3387,1750,340,0
108,55,3387,1751,340,0
108,55,3387,1752,340,0
108,55,3387,1753,340,0
108,55,3387,1754,340,0
108,55,3387,1755,340,0
108,55,3387,1756,340,0
108,55,3387,1757,340,0
108,55,3387,1758,340,0
108,55,3387,1759,340,0
108,55,3387,1760,340,0
108,55,3387,1761,340,0
108,55,3387,1762,340,0
108,55,3387,1763,340,0
108,55,3387,1764,340,0
108,55,3387,1765,340,0
108,55,3387,1766,340,0
108,55,3387,1767,340,0
108,55,3387,1768,340,0
108,55,3387,1769,340,0
108,55,3387,1770,340,0
108,55,3387,1771,340,0
108,55,3387,1772,340,0
108,55,3387,1773,340,0
108,55,3387,1774,340,0
108,55,3387,1775,340,0
108,55,3387,1776,340,0
108,55,3387,1777,340,0
108,55,3387,1778,340,0
108,55,3387,1779,340,0
108,55,3387,1780,340,0
108,55,3387,1781,340,0
108,55,3387,1782,340,0
108,55,3387,1783,340,0
108,55,3387,1784,340,0
108,55,3387,1785,340,0
108,55,3387,1786,340,0
108,55,3387,1787,340,0
108,55,3387,1788,340,0
108,55,3387,1789,340,0
108,55,3387,1790,340,0
108,55,3387,1792,340,0
108,55,3387,1793,340,0
108,55,3387,1794,340,0
108,55,3387,1795,340,0
108,55,3387,1796,340,0
108,55,3387,1797,340,0
108,55,3387,1798,340,0
108,55,3387,1799,340,0
108,55,3387,1801,340,0
108,55,3387,1802,340,0
108,55,3387,1803,340,0
108,55,3387,1803,369,0
108,55,3388,1789,366,-8
108,55,3388,1790,366,-8
108,55,3388,1791,366,-18
108,55,3388,1791,391,-29
108,55,3388,1803,395,0
108,55,3388,1805,366,-8
108,55,3388,1805,366,0
108,55,3388,1806,366,0
108,55,3389,1790,366,-8
108,55,3389,1791,366,-18
108,55,3389,1805,366,-18
108,55,3389,1805,366,-8
108,55,3390,1796,357,-80
108,55,3390,1811,435,-246
108,55,3391,1770,366,0
108,55,3391,1777,366,0
108,55,3391,1778,366,0
108,55,3391,1788,366,0
108,55,3391,1789,366,0
108,55,3391,1790,366,0
108,55,3391,1803,366,0
108,55,3392,1805,392,-9
108,55,3392,1806,392,0
108,55,3392,1810,435,-246
108,55,3393,1805,392,-9
108,55,3398,1760,361,345
108,55,3399,1729,485,0
108,55,3399,1770,358,343
108,55,3399,1794,418,0
108,55,3399,1796,418,0
108,55,3399,1797,418,0
108,55,3399,1802,418,0
108,55,3400,1733,500,0
108,55,3401,1732,500,0
108,55,3403,1805,353,-353
108,55,3404,1732,444,0
108,55,3404,1792,444,0
108,55,3404,1793,444,0
108,55,3404,1794,444,0
108,55,3404,1796,444,0
108,55,3404,1797,444,0
108,55,3404,1799,444,0
108,55,3404,1802,444,0
108,55,3404,1803,444,0
108,55,3404,1827,500,0
108,55,3408,1745,471,0
108,55,3409,1729,500,-11
108,55,3412,1730,495,48
108,55,3414,1729,500,-11
108,55,3417,1792,418,0
108,55,3417,1801,418,0
108,55,3417,1802,418,0
108,55,3418,1732,500,0
108,55,3422,1791,51,-6
108,55,3425,1729,156,474
108,55,3426,1795,270,-96
108,55,3428,1734,441,236
108,55,3429,1747,-87,437
108,55,3432,1732,500,0
108,55,3432,1755,132,480
108,55,3433,1741,-364,150
108,55,3433,1743,-364,150
108,55,3433,1744,109,488
108,55,3433,1759,121,484
108,55,3434,1757,102,459
108,55,3434,1758,121,403
108,55,3435,1766,132,344
108,55,3436,1736,85,492
108,55,3436,1737,74,494
108,55,3436,1737,85,492
108,55,3436,1750,85,492
108,55,3436,1754,53,308
108,55,3436,1756,58,334
108,55,3437,1758,62,360
108,55,3437,1763,71,412
108,55,3441,1743,-239,-159
108,55,3441,1803,184,98
108,55,3442,1741,-152,-101
108,55,3442,1744,-152,-101
108,55,3442,1769,-130,-87
108,55,3443,1766,-86,-162
108,55,3444,1743,-74,-138
108,55,3444,1744,-74,-138
108,55,3444,1746,0,-104
108,55,3444,1746,0,-78
108,55,3444,1747,0,-157
108,55,3444,1747,0,-104
108,55,3444,1815,261,25
108,57,3384,1827,500,0
108,57,3385,1827,500,0
108,57,3386,1828,500,0
108,57,3387,1812,340,0
108,57,3387,1814,340,0
108,57,3387,1815,340,0
108,57,3387,1816,340,0
108,57,3387,1818,340,0
108,57,3387,1819,340,0
108,57,3387,1820,340,0
108,57,3387,1822,340,0
108,57,3387,1827,340,0
108,57,3387,1827,500,0
108,57,3387,1828,361,0
108,57,3387,1839,482,-132
108,57,3388,1828,361,0
108,57,3388,1829,366,-8
108,57,3390,1836,488,-109
108,57,3390,1871,500,0
108,57,3391,1799,366,0
108,57,3391,1803,366,0
108,57,3391,1803,395,0
108,57,3391,1804,429,257
108,57,3391,1807,417,223
108,57,3392,1805,392,-20
108,57,3392,1805,392,-9
108,57,3392,1806,359,215
108,57,3392,1806,364,205
108,57,3392,1806,392,0
108,57,3393,1805,392,-20
108,57,3393,1805,392,-9
108,57,3393,1807,364,205
108,57,3393,1876,500,0
108,57,3394,1806,353,223
108,57,3394,1806,359,215
108,57,3394,1876,500,0
108,57,3394,1884,500,0
108,57,3395,1795,392,0
108,57,3395,1827,500,0
108,57,3395,1884,500,0
108,57,3396,1842,498,37
108,57,3399,1791,418,0
108,57,3399,1800,358,343
108,57,3399,1827,500,0
108,57,3400,1874,345,-361
108,57,3401,1885,500,0
108,57,3403,1788,444,0
108,57,3404,1788,444,0
108,57,3406,1773,353,353
108,57,3406,1788,500,0
108,57,3406,1790,471,-24
108,57,3406,1805,471,-24
108,57,3408,1784,471,0
108,57,3410,1808,441,53
108,57,3412,1773,361,345
108,57,3413,1828,421,0
108,57,3417,1885,308,-196
108,57,3423,1787,500,0
108,57,3431,1898,95,-215
108,57,3432,1805,-446,43
108,57,3434,1753,121,484
108,57,3434,1803,-61,-308
108,57,3435,1897,121,-403
108,57,3437,1890,98,-356
108,57,3437,1894,114,-378
108,57,3438,1808,-183,-223
108,57,3442,1802,-154,-98
108,57,3443,1800,-137,-207
108,57,3444,1756,0,392
108,57,3444,1800,0,0
108,57,3444,1808,158,174
108,57,3444,1811,0,-130
108,57,3444,1811,46,-25
108,57,3444,1811,46,-22
108,57,3444,1811,50,-11
108,57,3445,1807,-5,-209
108,57,3445,1809,74,-138
108,57,3445,1810,74,-138
108,57,3445,1811,24,-46
108,57,3446,1805,152,-101
108,57,3447,1803,0,0
108,57,3447,1805,152,-101
108,57,3447,1806,152,-101
108,57,3447,1806,419,31
108,57,3448,1803,-26,0
108,57,3448,1805,208,-20
108,57,3448,1807,175,-263
108,57,3448,1810,138,-119
108,57,3449,1810,198,-132
108,57,3450,1803,-120,-171
108,57,3450,1803,-94,-44
108,57,3450,1804,-25,-5
108,57,3450,1804,43,-446
108,57,3450,1810,-142,-157
108,57,3451,1803,15,76
108,57,3451,1809,400,-201
108,57,3451,1810,348,-187
108,57,3452,1803,-130,0
108,57,3452,1803,-22,13
108,57,3452,1803,26,73
108,57,3452,1804,35,-288
108,57,3453,1805,-129,-129
108,57,3454,1803,-139,-62
108,57,3454,1803,16,-169
108,57,3454,1803,26,0
108,57,3454,1805,271,-387
108,57,3459,1803,-25,-8
108,57,3460,1810,124,-168
108,57,3460,1811,72,-108
108,57,3462,1808,-22,-128
108,57,3476,1803,0,0
108,84,3384,2714,500,11
108,84,3384,2715,500,0
108,84,3384,2715,500,11
108,84,3384,2716,500,0
108,84,3384,2722,500,11
108,84,3385,2710,494,74
108,84,3385,2711,482,-132
108,84,3385,2716,500,0
108,84,3386,2718,494,74
108,84,3387,2720,498,48
108,84,3388,2712,498,37
108,84,3388,2713,498,37
108,84,3389,2714,500,25
108,84,3390,2713,498,37
108,84,3390,2724,500,0
108,84,3391,2740,500,0
108,84,3391,2742,416,-277
108,84,3391,2743,421,-267
108,84,3392,2720,498,48
108,84,3392,2742,421,-267
108,84,3392,2743,408,-287
108,84,3393,2738,500,11
108,84,3393,2743,408,-287
108,84,3394,2722,500,25
108,84,3395,2733,500,0
108,84,3396,2747,368,-334
108,84,3396,2753,340,-325
108,84,3396,2754,340,-325
108,84,3396,2756,340,-325
108,84,3396,2764,332,-333
108,84,3396,2764,340,-325
108,84,3397,2690,429,257
108,84,3397,2746,358,-344
108,84,3397,2746,368,-334
108,84,3397,2747,358,-344
108,84,3397,2747,368,-334
108,84,3398,2690,421,267
108,84,3398,2738,416,-277
108,84,3398,2746,358,-344
108,84,3398,2746,368,-334
108,84,3398,2747,368,-334
108,84,3398,2749,343,-359
108,84,3399,2746,358,-344
108,84,3399,2748,343,-359
108,84,3399,2749,333,-369
108,84,3399,2751,351,-351
108,84,3400,2741,361,-345
108,84,3401,2714,473,10
108,84,3401,2715,473,10
108,84,3401,2723,335,-371
108,84,3401,2729,335,-371
108,84,3401,2743,361,-345
108,84,3401,2743,371,-335
108,84,3402,2734,361,-345
108,84,3402,2743,361,-345
108,84,3403,2699,451,-212
108,84,3403,2699,500,0
108,84,3403,2715,498,37
108,84,3403,2745,361,-345
108,84,3403,2746,361,-345
108,84,3403,2747,361,-345
108,84,3403,2749,361,-345
108,84,3403,2750,361,-345
108,84,3403,2753,361,-345
108,84,3403,2754,361,-345
108,84,3403,2755,361,-345
108,84,3403,2757,361,-345
108,84,3405,2717,287,-408
108,84,3405,2749,296,-402
108,84,3406,2712,445,33
108,84,3406,2713,323,-309
108,84,3406,2728,447,0
108,84,3406,2732,345,-361
108,84,3407,2667,464,92
108,84,3408,2721,335,-371
108,84,3409,2715,447,10
108,84,3412,2697,20,273
108,84,3412,2698,199,126
108,84,3412,2699,117,220
108,84,3412,2700,210,-270
108,84,3413,2713,417,50
108,84,3413,2714,419,41
108,84,3414,2704,417,-51
108,84,3416,2713,393,38
108,84,3416,2715,395,19
108,84,3417,2699,289,0
108,84,3417,2735,345,-361
108,84,3418,2699,157,0
108,84,3419,2715,369,18
108,84,3421,2704,-151,-393
108,84,3422,2718,-266,-255
108,84,3423,2699,50,14
108,84,3423,2699,73,26
108,84,3423,2701,265,-293
108,84,3423,2704,86,-386
108,84,3423,2714,338,50
108,84,3423,2725,175,-194
108,84,3423,2730,193,-213
108,84,3423,2731,262,-394
108,84,3423,2747,358,159
108,84,3424,2699,46,22
108,84,3424,2699,341,-141
108,84,3424,2708,-106,-298
108,84,3424,2730,239,-377
108,84,3424,2758,272,-351
108,84,3425,2700,61,48
108,84,3425,2702,163,-272
108,84,3425,2706,-41,-340
108,84,3425,2724,-453,136
108,84,3425,2731,230,-384
108,84,3426,2726,233,-350
108,84,3426,2728,248,-372
108,84,3426,2756,248,-337
108,84,3427,2705,38,-314
108,84,3427,2720,113,-108
108,84,3427,2720,115,-141
108,84,3427,2724,-260,-223
108,84,3428,2705,37,-311
108,84,3428,2719,94,-90
108,84,3428,2726,225,-355
108,84,3428,2742,148,-450
108,84,3428,2744,224,-447
108,84,3428,2764,361,-345
108,84,3429,2709,-233,-211
108,84,3429,2712,-229,-219
108,84,3429,2738,179,-466
108,84,3429,2739,167,-470
108,84,3430,2736,171,-414
108,84,3430,2743,156,-474
108,84,3430,2761,156,-474
108,84,3431,2699,25,-3
108,84,3431,2735,169,-442
108,84,3431,2740,156,-474
108,84,3432,2712,-332,-74
108,84,3432,2712,-281,-70
108,84,3432,2716,264,13
108,84,3432,2717,-337,-58
108,84,3432,2736,158,-446
108,84,3432,2740,156,-474
108,84,3433,2699,21,14
108,84,3433,2702,16,-19
108,84,3433,2725,106,-151
108,84,3433,2739,125,-457
108,84,3433,2758,60,-496
108,84,3433,2758,125,-457
108,84,3434,2729,-484,121
108,84,3434,2730,-176,-277
108,84,3434,2758,121,-484
108,84,3434,2764,139,-425
108,84,3435,2699,0,0
108,84,3435,2734,108,-433
108,84,3435,2743,108,-433
108,84,3435,2764,212,-451
108,84,3435,2770,361,-345
108,84,3435,2790,132,-482
108,84,3436,2712,-257,-45
108,84,3436,2712,-255,-57
108,84,3436,2743,85,-492
108,84,3436,2750,361,-345
108,84,3436,2759,167,-470
108,84,3436,2791,121,-484
108,84,3437,2699,-18,-19
108,84,3437,2713,-255,-57
108,84,3437,2714,-232,-52
108,84,3437,2748,316,-386
108,84,3437,2786,109,-488
108,84,3437,2793,128,-426
108,84,3438,2699,6,-25
108,84,3438,2721,-210,155
108,84,3438,2745,74,-494
108,84,3438,2748,74,-494
108,84,3438,2790,167,-470
108,84,3439,2711,-221,78
108,84,3439,2712,-244,101
108,84,3439,2714,-198,-76
108,84,3439,2745,385,86
108,84,3439,2790,97,-490
108,84,3440,2699,0,0
108,84,3440,2726,-332,300
108,84,3441,2708,-176,48
108,84,3441,2712,-179,35
108,84,3442,2712,-130,86
108,84,3442,2718,-126,-93
108,84,3442,2721,-130,86
108,84,3443,2715,-63,-117
108,84,3443,2722,-67,389
108,84,3444,2742,0,0
108,84,3444,2755,0,-183
108,84,3444,2755,0,0
108,84,3444,2784,0,-500
108,84,3444,2789,0,-500
108,84,3444,2791,0,-500
108,84,3444,2791,0,-360
108,84,3444,2792,0,-500
108,84,3444,2794,0,-500
108,84,3445,2789,167,-470
108,84,3446,2773,361,-345
108,84,3451,2785,144,-478
108,84,3451,2789,37,-498
108,84,3452,2773,121,-484
108,84,3454,2756,127,-28
108,84,3460,2772,0,-500
108,84,3460,2772,224,-447
108,84,3528,2764,300,-91
108,85,3384,2723,500,0
108,85,3384,2760,500,0
108,85,3384,2763,500,25
108,85,3385,2718,496,60
108,85,3385,2724,500,0
108,85,3386,2760,500,0
108,85,3392,2777,392,0
108,85,3393,2777,416,30
108,85,3394,2716,500,0
108,85,3394,2777,418,9
108,85,3394,2777,418,21
108,85,3394,2781,392,0
108,85,3395,2777,418,0
108,85,3395,2780,392,0
108,85,3395,2780,418,0
108,85,3395,2780,500,0
108,85,3395,2781,418,0
108,85,3395,2781,500,0
108,85,3395,2782,414,-21
108,85,3395,2782,414,0
108,85,3396,2777,418,0
108,85,3396,2780,392,0
108,85,3396,2781,500,0
108,85,3396,2782,340,-325
108,85,3396,2782,416,-31
108,85,3396,2782,418,-21
108,85,3396,2782,418,0
108,85,3396,2783,416,-31
108,85,3396,2783,433,-10
108,85,3396,2785,340,-325
108,85,3396,2786,340,-325
108,85,3396,2787,340,-325
108,85,3396,2788,340,-325
108,85,3396,2789,332,-333
108,85,3396,2789,340,-325
108,85,3396,2790,340,-325
108,85,3396,2791,340,-325
108,85,3396,2792,340,-325
108,85,3396,2793,340,-325
108,85,3396,2794,340,-325
108,85,3396,2795,340,-325
108,85,3396,2796,340,-325
108,85,3397,2780,471,-11
108,85,3397,2781,444,0
108,85,3397,2781,500,-11
108,85,3397,2782,416,-31
108,85,3397,2782,418,-21
108,85,3397,2782,418,0
108,85,3397,2783,416,-31
108,85,3397,2783,418,-21
108,85,3398,2780,418,0
108,85,3398,2781,418,-10
108,85,3398,2781,418,0
108,85,3398,2781,500,-11
108,85,3398,2782,418,0
108,85,3398,2782,438,-32
108,85,3398,2792,358,-344
108,85,3399,2779,351,-351
108,85,3399,2780,351,-351
108,85,3399,2780,418,0
108,85,3399,2781,343,-359
108,85,3399,2781,418,-10
108,85,3399,2782,343,-359
108,85,3399,2783,351,-351
108,85,3399,2783,418,0
108,85,3399,2784,351,-351
108,85,3399,2785,351,-351
108,85,3399,2785,418,0
108,85,3399,2786,351,-351
108,85,3399,2786,418,0
108,85,3399,2787,351,-351
108,85,3399,2788,351,-351
108,85,3399,2789,351,-351
108,85,3399,2792,351,-351
108,85,3399,2793,351,-351
108,85,3400,2781,471,0
108,85,3400,2791,406,-180
108,85,3400,2797,384,-270
108,85,3401,2795,397,-252
108,85,3401,2796,397,-252
108,85,3402,2786,345,-361
108,85,3403,2758,361,-345
108,85,3403,2760,361,-345
108,85,3403,2761,361,-345
108,85,3403,2762,361,-345
108,85,3403,2763,361,-345
108,85,3403,2764,361,-345
108,85,3403,2765,361,-345
108,85,3403,2766,361,-345
108,85,3403,2767,361,-345
108,85,3403,2768,361,-345
108,85,3403,2769,361,-345
108,85,3403,2770,361,-345
108,85,3403,2771,361,-345
108,85,3403,2772,361,-345
108,85,3403,2773,361,-345
108,85,3403,2774,361,-345
108,85,3403,2775,361,-345
108,85,3403,2776,361,-345
108,85,3403,2777,361,-345
108,85,3403,2778,361,-345
108,85,3403,2779,361,-345
108,85,3403,2780,361,-345
108,85,3403,2780,500,0
108,85,3403,2781,361,-345
108,85,3403,2781,500,0
108,85,3403,2782,361,-345
108,85,3403,2783,361,-345
108,85,3403,2784,361,-345
108,85,3403,2785,361,-345
108,85,3403,2786,361,-345
108,85,3403,2787,361,-345
108,85,3403,2788,361,-345
108,85,3403,2789,361,-345
108,85,3403,2797,392,-305
108,85,3403,2798,361,-345
108,85,3404,2761,497,0
108,85,3404,2787,444,0
108,85,3404,2788,444,0
108,85,3404,2789,444,0
108,85,3404,2799,371,-335
108,85,3407,2701,417,223
108,85,3407,2788,500,0
108,85,3408,2790,471,0
108,85,3410,2789,500,0
108,85,3411,2781,495,-48
108,85,3413,2774,396,-141
108,85,3413,2777,408,-182
108,85,3413,2780,497,0
108,85,3413,2792,497,0
108,85,3413,2793,497,0
108,85,3413,2794,497,0
108,85,3414,2787,345,-361
108,85,3415,2749,395,0
108,85,3415,2780,302,0
108,85,3416,2775,389,-161
108,85,3417,2796,137,-311
108,85,3418,2771,381,-105
108,85,3418,2795,500,0
108,85,3418,2796,500,0
108,85,3420,2735,369,0
108,85,3420,2780,457,0
108,85,3423,2706,333,-211
108,85,3423,2790,257,-365
108,85,3423,2797,500,0
108,85,3424,2778,438,-235
108,85,3425,2758,-239,377
108,85,3425,2767,102,-18
108,85,3426,2769,303,-91
108,85,3427,2793,192,-135
108,85,3428,2752,228,-219
108,85,3428,2765,-211,333
108,85,3428,2792,115,-205
108,85,3428,2793,500,0
108,85,3428,2795,500,0
108,85,3430,2740,-146,-309
108,85,3430,2747,-367,207
108,85,3430,2748,-367,207
108,85,3430,2749,-367,207
108,85,3430,2749,-293,-265
108,85,3430,2751,-367,207
108,85,3430,2752,-235,-246
108,85,3430,2754,-367,207
108,85,3430,2755,-367,207
108,85,3430,2756,-367,207
108,85,3430,2757,-367,207
108,85,3430,2759,-367,207
108,85,3430,2761,-367,207
108,85,3430,2815,156,-474
108,85,3432,2750,-332,-83
108,85,3432,2793,417,-224
108,85,3433,2753,-367,-36
108,85,3433,2795,160,-417
108,85,3433,2800,136,-453
108,85,3435,2748,-315,23
108,85,3435,2758,-447,10
108,85,3435,2758,-339,-292
108,85,3435,2760,-315,23
108,85,3435,2796,118,-432
108,85,3435,2797,108,-433
108,85,3436,2732,-224,223
108,85,3436,2762,-240,206
108,85,3437,2724,-258,-39
108,85,3437,2764,340,-41
108,85,3437,2769,132,-344
108,85,3437,2796,0,-354
108,85,3438,2715,-250,141
108,85,3438,2732,-269,110
108,85,3438,2754,-367,207
108,85,3438,2755,-255,57
108,85,3439,2744,-233,124
108,85,3439,2760,-208,20
108,85,3440,2739,-221,78
108,85,3440,2756,-208,20
108,85,3440,2765,-21,-289
108,85,3441,2722,-112,176
108,85,3441,2737,-152,101
108,85,3441,2743,-141,155
108,85,3441,2746,-198,132
108,85,3441,2757,-124,168
108,85,3441,2766,133,-164
108,85,3442,2725,-123,135
108,85,3442,2743,-123,135
108,85,3442,2747,-176,117
108,85,3442,2751,-211,333
108,85,3443,2737,-32,126
108,85,3443,2744,-74,138
108,85,3443,2744,-19,129
108,85,3443,2755,-74,138
108,85,3443,2759,-74,138
108,85,3443,2761,-74,138
108,85,3444,2772,0,0
108,85,3444,2776,0,0
108,85,3444,2792,0,-130
108,85,3444,2795,0,-421
108,85,3444,2795,0,-366
108,85,3444,2797,0,-447
108,85,3444,2814,0,-500
108,85,3446,2824,60,-496
108,85,3448,2809,60,-496
108,85,3454,2821,60,-496
108,85,3459,2784,19,-263
108,85,3459,2786,37,-311
108,85,3459,2787,35,-288
108,113,3383,3644,500,0
108,113,3392,3621,482,132
108,113,3393,3624,494,74
108,113,3393,3639,494,-74
108,113,3394,3641,482,-132
108,113,3395,3644,457,-203
108,113,3396,3638,306,-394
108,113,3396,3638,361,-345
108,113,3396,3639,148,-450
108,113,3396,3639,306,-394
108,113,3396,3641,148,-450
108,113,3396,3642,148,-450
108,113,3396,3642,478,-144
108,113,3396,3643,148,-450
108,113,3396,3643,457,-203
108,113,3396,3646,421,-267
108,113,3396,3647,416,-277
108,113,3396,3673,500,0
108,113,3396,3674,466,-179
108,113,3396,3677,500,0
108,113,3397,3613,378,326
108,113,3397,3620,457,203
108,113,3397,3640,306,-394
108,113,3397,3641,474,-156
108,113,3397,3641,482,-132
108,113,3397,3644,397,-200
108,113,3397,3644,441,-236
108,113,3397,3649,386,-316
108,113,3397,3677,500,0
108,113,3399,3647,361,-345
108,113,3399,3648,394,-306
108,113,3399,3650,361,-345
108,113,3400,3647,378,-326
108,113,3400,3649,441,-236
108,113,3402,3650,326,-378
108,113,3402,3651,287,-408
108,113,3402,3665,361,-345
108,113,3403,3649,441,-236
108,113,3403,3652,277,-416
108,113,3403,3653,224,-447
108,113,3403,3653,257,-429
108,113,3404,3654,203,-457
108,113,3404,3654,212,-451
108,113,3404,3654,224,-447
108,113,3404,3673,449,-148
108,113,3404,3679,500,0
108,113,3405,3647,267,-421
108,113,3405,3647,287,-408
108,113,3405,3652,191,-462
108,113,3405,3652,212,-451
108,113,3405,3676,438,-181
108,113,3406,3648,224,-447
108,113,3406,3650,203,-457
108,113,3407,3648,191,-462
108,113,3407,3648,203,-457
108,113,3407,3649,191,-462
108,113,3407,3650,167,-470
108,113,3408,3640,335,-371
108,113,3408,3648,167,-470
108,113,3408,3649,144,-478
108,113,3408,3649,167,-470
108,113,3408,3650,132,-482
108,113,3408,3650,167,-470
108,113,3408,3651,121,-484
108,113,3409,3643,211,-448
108,113,3409,3647,121,-484
108,113,3409,3648,144,-478
108,113,3409,3649,109,-488
108,113,3409,3649,144,-478
108,113,3409,3650,109,-488
108,113,3409,3673,421,-150
108,113,3410,3641,144,-478
108,113,3410,3641,191,-462
108,113,3410,3642,97,-490
108,113,3410,3642,447,10
108,113,3410,3643,85,-492
108,113,3410,3643,121,-484
108,113,3410,3652,447,0
108,113,3411,3641,109,-488
108,113,3411,3642,144,-478
108,113,3411,3643,48,-498
108,113,3412,3626,112,223
108,113,3412,3627,191,-90
108,113,3412,3630,419,-31
108,113,3412,3639,0,-328
108,113,3412,3639,109,-488
108,113,3412,3640,109,-488
108,113,3412,3642,0,-500
108,113,3412,3642,0,-485
108,113,3412,3643,0,-500
108,113,3412,3644,0,-500
108,113,3412,3645,0,-500
108,113,3412,3646,0,-500
108,113,3412,3651,290,-374
108,113,3412,3670,424,-140
108,113,3412,3681,372,-248
108,113,3412,3681,377,-239
108,113,3413,3641,419,41
108,113,3413,3670,396,-141
108,113,3414,3632,416,-62
108,113,3414,3686,339,-292
108,113,3415,3644,366,-207
108,113,3415,3654,395,0
108,113,3415,3657,395,0
108,113,3416,3615,157,0
108,113,3416,3630,393,-29
108,113,3416,3692,439,-169
108,113,3418,3668,378,-114
108,113,3418,3677,273,285
108,113,3418,3682,319,-275
108,113,3418,3683,319,-275
108,113,3418,3689,300,-332
108,113,3418,3695,386,-316
108,113,3419,3627,183,0
108,113,3419,3672,353,-177
108,113,3419,3678,332,-258
108,113,3420,3673,348,-187
108,113,3422,3662,208,-20
108,113,3423,3675,231,-171
108,113,3423,3681,226,-217
108,113,3424,3567,361,345
108,113,3425,3679,279,-279
108,113,3426,3622,185,0
108,113,3426,3634,153,-178
108,113,3429,3631,68,-38
108,113,3429,3636,26,1
108,113,3429,3683,-103,-155
108,113,3429,3686,339,-292
108,113,3431,3559,353,353
108,113,3431,3687,179,-380
108,113,3434,3558,361,345
108,113,3434,3636,117,265
108,113,3435,3636,0,0
108,113,3435,3636,12,22
108,113,3435,3636,234,17
108,113,3436,3671,197,-76
108,113,3437,3648,223,141
108,113,3437,3669,195,-19
108,113,3439,3636,187,-94
108,113,3440,3636,85,59
108,113,3440,3636,138,74
108,113,3440,3692,21,-182
108,113,3440,3695,42,-284
108,113,3443,3673,125,-304
108,113,3444,3681,0,-290
108,113,3444,3682,0,-78
108,113,3444,3690,0,-314
108,113,3444,3691,-21,-421
108,113,3446,3585,191,182
108,113,3447,3661,83,166
108,113,3447,3661,133,163
108,113,3449,3665,98,300
108,113,3449,3668,0,0
108,113,3466,3681,346,-283
108,113,3467,3681,325,-266
108,113,3482,3560,394,306
108,113,3483,3565,462,191
108,113,3484,3568,361,345
108,113,3484,3570,496,60
108,113,3485,3558,371,335
108,113,3485,3566,466,179
108,113,3486,3557,335,371
108,113,3486,3559,361,345
108,113,3487,3557,326,378
108,113,3487,3562,378,326
108,113,3488,3557,296,402
108,113,3488,3558,316,386
108,113,3489,3567,451,212
108,113,3489,3572,500,0
108,113,3490,3554,200,400
108,113,3490,3572,500,0
108,113,3491,3572,500,0
108,113,3492,3557,0,500
108,113,3492,3572,500,0
108,113,3493,3572,500,0
108,113,3494,3556,167,470
108,113,3494,3557,144,478
108,113,3498,3572,435,246
108,113,3499,3578,0,104
108,113,3503,3546,-44,366
108,113,3517,3569,-23,447
108,115,3390,3699,418,0
108,115,3392,3685,478,144
108,115,3393,3682,457,203
108,115,3393,3684,474,156
108,115,3394,3685,482,132
108,115,3394,3686,484,121
108,115,3395,3686,478,144
108,115,3395,3704,500,0
108,115,3395,3707,497,0
108,115,3396,3679,378,279
108,115,3396,3679,500,0
108,115,3396,3680,500,0
108,115,3396,3681,435,246
108,115,3396,3681,500,0
108,115,3396,3685,500,0
108,115,3396,3687,500,0
108,115,3396,3688,500,0
108,115,3396,3690,500,0
108,115,3396,3701,500,0
108,115,3396,3702,500,0
108,115,3396,3703,148,-450
108,115,3396,3703,500,0
108,115,3396,3704,500,0
108,115,3396,3705,500,0
108,115,3396,3706,148,-450
108,115,3396,3706,500,0
108,115,3396,3707,148,-450
108,115,3396,3709,148,-450
108,115,3396,3711,148,-450
108,115,3396,3711,500,0
108,115,3396,3712,148,-450
108,115,3396,3712,500,0
108,115,3397,3683,447,224
108,115,3397,3712,287,-408
108,115,3397,3713,287,-408
108,115,3398,3678,500,0
108,115,3398,3683,344,194
108,115,3399,3678,500,0
108,115,3399,3679,441,236
108,115,3399,3710,361,-345
108,115,3399,3711,361,-345
108,115,3399,3711,371,-335
108,115,3400,3677,441,236
108,115,3400,3678,441,236
108,115,3400,3679,441,236
108,115,3400,3712,371,-335
108,115,3400,3713,441,-236
108,115,3400,3714,441,-236
108,115,3400,3714,482,-132
108,115,3400,3720,361,-345
108,115,3401,3688,492,85
108,115,3403,3713,296,-402
108,115,3403,3714,287,-408
108,115,3404,3707,416,-277
108,115,3406,3676,447,0
108,115,3406,3679,447,0
108,115,3406,3716,447,0
108,115,3407,3713,191,-462
108,115,3407,3714,156,-474
108,115,3408,3674,144,478
108,115,3408,3704,378,-326
108,115,3408,3713,144,-478
108,115,3408,3714,132,-482
108,115,3408,3715,121,-484
108,115,3409,3713,85,-492
108,115,3410,3677,447,0
108,115,3410,3678,447,0
108,115,3410,3679,447,0
108,115,3410,3680,447,0
108,115,3410,3681,447,0
108,115,3410,3682,447,0
108,115,3410,3683,447,0
108,115,3410,3684,447,0
108,115,3410,3685,447,0
108,115,3410,3686,447,0
108,115,3410,3687,447,0
108,115,3410,3688,447,0
108,115,3410,3689,447,0
108,115,3410,3690,447,0
108,115,3410,3691,447,0
108,115,3410,3692,447,0
108,115,3410,3693,447,-10
108,115,3410,3694,447,-23
108,115,3410,3694,447,0
108,115,3410,3695,447,0
108,115,3410,3696,445,-43
108,115,3410,3699,447,0
108,115,3410,3701,447,0
108,115,3410,3703,447,22
108,115,3410,3704,447,0
108,115,3410,3705,447,0
108,115,3410,3707,447,0
108,115,3410,3708,447,0
108,115,3410,3710,447,0
108,115,3410,3712,447,0
108,115,3410,3712,447,10
108,115,3410,3714,447,0
108,115,3410,3719,447,0
108,115,3410,3721,447,0
108,115,3410,3723,447,0
108,115,3411,3706,132,-482
108,115,3412,3684,189,-78
108,115,3412,3688,0,289
108,115,3412,3690,112,223
108,115,3412,3706,0,-500
108,115,3412,3707,0,-471
108,115,3412,3708,109,-488
108,115,3412,3708,121,-484
108,115,3412,3709,248,-75
108,115,3412,3710,0,-500
108,115,3412,3714,0,-419
108,115,3412,3745,377,-239
108,115,3414,3694,414,72
108,115,3414,3697,416,-62
108,115,3414,3699,411,-92
108,115,3414,3750,339,-292
108,115,3415,3692,274,-319
108,115,3415,3699,395,0
108,115,3416,3691,395,0
108,115,3416,3692,395,-9
108,115,3416,3693,395,-20
108,115,3416,3694,393,-29
108,115,3416,3697,393,29
108,115,3416,3698,393,29
108,115,3416,3711,393,38
108,115,3418,3688,395,0
108,115,3418,3689,183,0
108,115,3418,3691,276,0
108,115,3418,3696,389,-67
108,115,3419,3649,332,258
108,115,3420,3714,183,0
108,115,3420,3746,304,-291
108,115,3421,3691,209,0
108,115,3421,3700,209,0
108,115,3421,3716,209,0
108,115,3422,3641,266,325
108,115,3423,3641,266,325
108,115,3423,3677,342,0
108,115,3425,3678,316,0
108,115,3429,3691,25,-4
108,115,3431,3700,25,5
108,115,3431,3777,180,-407
108,115,3432,3691,-130,0
108,115,3432,3691,16,-19
108,115,3434,3691,-104,0
108,115,3434,3691,0,0
108,115,3434,3700,0,26
108,115,3434,3700,65,43
108,115,3435,3691,23,-12
108,115,3435,3691,78,0
108,115,3435,3691,130,0
108,115,3435,3700,9,24
108,115,3436,3691,-78,-1
108,115,3436,3700,-260,19
108,115,3437,3691,-84,-132
108,115,3437,3691,-1,-26
108,115,3437,3691,152,-101
108,115,3437,3697,75,181
108,115,3437,3709,-263,19
108,115,3438,3691,-235,0
108,115,3438,3691,0,0
108,115,3438,3698,147,-53
108,115,3438,3699,-235,-12
108,115,3438,3700,-21,14
108,115,3439,3691,0,0
108,115,3439,3691,11,-23
108,115,3439,3691,26,0
108,115,3439,3691,181,-22
108,115,3440,3691,-10,-144
108,115,3440,3691,0,0
108,115,3440,3691,10,-23
108,115,3440,3700,-25,45
108,115,3440,3700,0,0
108,115,3441,3635,50,417
108,115,3441,3691,20,-16
108,115,3441,3694,-154,26
108,115,3442,3640,29,393
108,115,3442,3694,-10,-209
108,115,3443,3692,-301,-212
108,115,3443,3695,-20,16
108,115,3444,3654,0,369
108,115,3444,3666,0,-78
108,115,3444,3764,138,-422
108,115,3469,3659,0,0
108,115,3472,3659,-25,5
108,115,3526,3667,130,-26
108,115,3528,3727,-236,441
108,115,3531,3637,0,421
108,115,3532,3668,184,98
108,118,3393,3781,482,132
108,118,3393,3782,444,0
108,118,3394,3801,484,-121
108,118,3395,3779,500,0
108,118,3395,3780,500,0
108,118,3395,3784,498,37
108,118,3395,3836,500,0
108,118,3396,3748,361,345
108,118,3396,3775,361,345
108,118,3396,3776,361,345
108,118,3396,3776,500,0
108,118,3396,3778,361,345
108,118,3396,3778,500,0
108,118,3396,3779,500,0
108,118,3396,3780,361,345
108,118,3396,3780,492,85
108,118,3396,3780,500,0
108,118,3396,3781,287,408
108,118,3396,3782,482,132
108,118,3396,3802,470,-167
108,118,3396,3806,421,-267
108,118,3397,3776,500,0
108,118,3397,3777,500,0
108,118,3397,3780,500,0
108,118,3397,3782,474,156
108,118,3399,3773,345,361
108,118,3400,3772,441,236
108,118,3400,3773,441,236
108,118,3400,3773,474,156
108,118,3400,3774,441,236
108,118,3400,3774,474,156
108,118,3400,3776,441,236
108,118,3400,3781,451,212
108,118,3400,3810,326,-378
108,118,3401,3772,296,402
108,118,3401,3772,471,0
108,118,3402,3744,500,25
108,118,3402,3773,296,402
108,118,3402,3774,306,394
108,118,3403,3770,277,416
108,118,3403,3772,277,416
108,118,3404,3788,371,335
108,118,3405,3772,236,441
108,118,3405,3773,224,447
108,118,3405,3783,451,212
108,118,3405,3812,277,-416
108,118,3406,3771,212,451
108,118,3406,3772,447,0
108,118,3406,3773,212,451
108,118,3406,3810,224,-447
108,118,3407,3770,144,478
108,118,3407,3773,156,474
108,118,3407,3773,167,470
108,118,3407,3774,191,462
108,118,3407,3775,203,457
108,118,3407,3810,167,-470
108,118,3408,3772,121,484
108,118,3408,3773,132,482
108,118,3408,3774,144,478
108,118,3408,3774,167,470
108,118,3409,3770,121,484
108,118,3409,3773,109,488
108,118,3409,3774,85,492
108,118,3409,3774,109,488
108,118,3409,3776,121,484
108,118,3409,3776,382,-170
108,118,3409,3779,447,0
108,118,3409,3781,224,447
108,118,3409,3802,212,-451
108,118,3410,3759,417,50
108,118,3410,3764,447,0
108,118,3410,3765,447,0
108,118,3410,3766,447,0
108,118,3410,3769,447,0
108,118,3410,3771,447,0
108,118,3410,3772,447,0
108,118,3410,3773,447,0
108,118,3410,3776,447,0
108,118,3410,3779,447,0
108,118,3410,3780,85,492
108,118,3410,3780,121,484
108,118,3410,3781,179,466
108,118,3410,3782,191,462
108,118,3411,3780,97,490
108,118,3411,3781,97,490
108,118,3411,3824,382,-170
108,118,3412,3767,0,500
108,118,3412,3778,0,500
108,118,3412,3780,0,500
108,118,3412,3780,121,484
108,118,3412,3782,0,289
108,118,3412,3784,26,275
108,118,3412,3804,248,-75
108,118,3412,3805,0,-433
108,118,3413,3748,403,190
108,118,3413,3760,417,50
108,118,3414,3758,414,72
108,118,3414,3773,101,-152
108,118,3414,3845,262,-215
108,118,3415,3779,395,0
108,118,3415,3787,392,0
108,118,3415,3825,316,-316
108,118,3416,3758,157,0
108,118,3417,3733,345,361
108,118,3417,3793,283,-189
108,118,3417,3824,153,-30
108,118,3419,3750,453,136
108,118,3419,3772,183,0
108,118,3419,3795,126,-34
108,118,3420,3739,304,291
108,118,3420,3755,123,40
108,118,3421,3776,209,0
108,118,3421,3777,209,0
108,118,3424,3750,445,158
108,118,3424,3751,224,134
108,118,3424,3753,428,129
108,118,3424,3775,316,0
108,118,3424,3787,52,0
108,118,3425,3708,224,447
108,118,3428,3755,408,101
108,118,3428,3786,80,357
108,118,3429,3787,25,-4
108,118,3429,3794,338,50
108,118,3430,3787,-143,-204
108,118,3431,3788,25,3
108,118,3432,3787,21,-15
108,118,3433,3780,-339,250
108,118,3433,3795,-122,-47
108,118,3434,3787,-104,0
108,118,3434,3787,0,-52
108,118,3435,3787,-104,0
108,118,3435,3787,78,0
108,118,3436,3715,371,335
108,118,3437,3787,-84,-132
108,118,3437,3787,-1,-26
108,118,3437,3787,0,0
108,118,3437,3788,0,-26
108,118,3437,3796,-260,19
108,118,3438,3787,-235,0
108,118,3438,3787,0,0
108,118,3438,3788,-225,67
108,118,3439,3787,0,0
108,118,3439,3793,-156,15
108,118,3439,3796,-50,-15
108,118,3440,3796,-162,302
108,118,3440,3796,-1,26
108,118,3440,3796,0,0
108,118,3441,3787,0,0
108,118,3441,3787,26,0
108,118,3441,3787,130,-9
108,118,3442,3787,0,0
108,118,3442,3858,17,-342
108,118,3443,3745,-289,-128
108,118,3443,3857,8,-369
108,118,3444,3705,0,500
108,118,3444,3748,163,-272
108,118,3446,3763,117,-63
108,118,3448,3754,-32,-262
108,118,3449,3744,-266,-255
108,118,3452,3861,0,-473
108,118,3456,3847,0,-395
108,118,3456,3853,0,-447
108,118,3470,3754,437,97
108,118,3484,3851,500,0
108,118,3492,3867,212,-451
108,118,3493,3866,224,-447
108,118,3499,3732,0,209
108,118,3502,3763,7,-78
108,118,3520,3737,-258,332
108,118,3531,3723,0,500
108,118,3531,3733,0,421
109,53,3428,1725,492,-85
109,53,3428,1725,500,0
109,53,3428,1726,482,132
109,53,3428,1726,500,0
109,53,3428,1727,500,0
109,53,3429,1726,500,0
109,53,3431,1729,345,-361
109,53,3432,1729,441,-236
109,53,3433,1729,441,-236
109,53,3433,1732,287,-408
109,53,3433,1733,267,-421
109,53,3434,1731,316,-386
109,53,3435,1732,277,-416
109,53,3438,1729,212,-451
109,53,3438,1732,447,0
109,53,3439,1695,191,462
109,53,3439,1730,167,-470
109,53,3442,1700,447,0
109,53,3442,1732,447,0
109,53,3443,1721,109,-488
109,53,3444,1714,98,-185
109,53,3444,1724,0,-500
109,53,3444,1724,121,-484
109,53,3447,1675,126,34
109,53,3447,1706,198,-132
109,53,3448,1703,393,38
109,53,3449,1711,389,67
109,53,3449,1769,345,-361
109,53,3450,1716,104,0
109,53,3451,1732,183,0
109,53,3452,1675,99,32
109,53,3452,1762,304,-291
109,53,3452,1762,312,-283
109,53,3453,1710,255,57
109,53,3455,1691,342,0
109,53,3456,1716,235,0
109,53,3467,1716,233,0
109,53,3476,1780,287,-408
109,56,3423,1800,500,0
109,56,3428,1796,500,0
109,56,3428,1818,470,-167
109,56,3428,1824,402,-296
109,56,3428,1824,441,-236
109,56,3429,1790,287,408
109,56,3430,1823,402,-296
109,56,3431,1792,378,326
109,56,3431,1828,500,0
109,56,3432,1790,441,236
109,56,3432,1824,441,-236
109,56,3432,1826,326,-378
109,56,3435,1789,287,408
109,56,3435,1793,361,345
109,56,3436,1819,386,-316
109,56,3438,1788,447,0
109,56,3438,1828,447,0
109,56,3441,1805,438,87
109,56,3442,1818,179,-466
109,56,3444,1794,0,500
109,56,3444,1795,0,500
109,56,3444,1796,0,500
109,56,3444,1796,121,484
109,56,3444,1820,121,-484
109,56,3444,1822,0,-500
109,56,3446,1751,361,345
109,56,3446,1803,173,323
109,56,3446,1806,414,72
109,56,3446,1806,416,62
109,56,3446,1809,416,-62
109,56,3446,1812,173,-324
109,56,3448,1808,393,38
109,56,3461,1803,22,12
109,56,3464,1803,21,-14
109,56,3466,1803,25,-1
109,56,3467,1803,-52,0
109,56,3467,1803,0,0
109,56,3468,1803,-130,0
109,56,3468,1803,-88,-56
109,56,3468,1803,-13,-22
109,56,3468,1803,-12,-23
109,56,3468,1812,-260,19
109,56,3468,1812,209,0
109,56,3469,1803,158,0
109,56,3470,1775,50,256
109,56,3470,1803,-12,-23
109,56,3470,1803,0,0
109,56,3470,1811,-75,-23
109,56,3470,1812,-258,-39
109,56,3471,1803,128,-90
109,56,3472,1803,132,-84
109,56,3472,1812,-162,302
109,56,3472,1812,0,0
109,56,3473,1803,26,0
109,56,3473,1812,-32,41
109,56,3473,1812,-4,25
109,56,3475,1803,-10,-24
109,56,3496,1764,-311,37
109,56,3499,1776,364,35
