1,6,13,230,-315,-31
1,6,16,231,-242,-161
1,6,17,237,-163,170
1,6,18,232,-125,-233
1,6,19,235,-183,-4
1,6,19,235,-152,0
1,6,20,237,-107,-75
1,6,20,286,0,-500
1,6,25,236,16,49
1,6,110,212,101,82
1,6,139,208,-419,41
1,6,139,212,0,-183
1,6,144,226,-179,-466
1,6,146,228,-224,-447
1,6,148,228,-246,-435
1,6,151,224,-371,-335
1,6,154,218,-466,-179
1,6,154,222,-500,0
1,6,155,218,-470,-167
1,6,156,219,-500,0
1,6,156,220,-500,0
1,6,156,220,-478,-144
1,6,156,220,-402,-296
1,6,156,221,-500,0
1,6,157,216,-490,-97
1,6,157,220,-500,0
1,8,107,301,-25,8
1,8,109,304,152,101
1,8,111,267,0,-26
1,8,111,267,7,-104
1,8,111,300,-10,209
1,8,124,304,-263,-175
1,8,130,267,-52,0
1,8,130,298,-140,-189
1,8,131,297,-136,-158
1,8,131,301,-220,91
1,8,133,287,-332,-258
1,8,133,288,-395,-9
1,8,133,300,-300,-366
1,8,133,301,-182,-17
1,8,134,299,-172,71
1,8,134,300,-152,-38
1,8,134,305,-441,-236
1,8,135,288,-394,-29
1,8,135,294,-208,-20
1,8,136,290,-353,-274
1,8,137,299,-133,-13
1,8,138,268,-149,278
1,8,139,288,-419,-41
1,8,139,293,-374,-290
1,8,140,296,-359,-309
1,8,141,267,-447,0
1,8,141,284,-447,0
1,8,141,285,-447,0
1,8,141,287,-447,0
1,8,141,289,-447,0
1,8,141,290,-447,0
1,8,141,291,-447,0
1,8,141,292,-447,0
1,8,141,293,-387,-272
1,8,141,294,-447,0
1,8,141,295,-447,0
1,8,141,295,-366,-300
1,8,141,296,-447,0
1,8,141,297,-447,0
1,8,141,298,-447,0
1,8,141,299,-447,0
1,8,142,284,-447,0
1,8,142,287,-447,0
1,8,142,290,-447,0
1,8,142,291,-447,0
1,8,142,292,-447,0
1,8,142,293,-447,0
1,8,142,294,-447,0
1,8,145,249,-179,466
1,8,145,295,-408,-287
1,8,148,249,-277,416
1,8,149,298,-441,-236
1,8,155,261,-478,144
1,8,156,260,-402,296
1,8,156,261,-500,0
1,8,156,262,-478,144
1,8,156,264,-500,0
1,8,156,266,-500,0
1,8,164,275,-490,-97
1,9,51,383,0,-500
1,9,107,275,-123,-231
1,9,127,281,-258,332
1,9,128,281,-258,332
1,9,133,285,-395,-9
1,9,134,303,-389,67
1,9,135,288,-394,-29
1,9,135,304,-217,-145
1,9,137,281,-339,291
1,9,137,302,-416,62
1,9,137,302,-415,72
1,9,139,267,-500,0
1,9,139,288,-419,-41
1,9,141,284,-447,0
1,9,141,285,-447,0
1,9,141,286,-447,-10
1,9,141,286,-447,0
1,9,141,287,-447,0
1,9,141,290,-447,0
1,9,141,291,-447,0
1,9,141,292,-447,0
1,9,141,295,-447,0
1,9,141,302,-442,66
1,9,141,305,-447,22
1,9,141,307,-447,0
1,9,141,308,-447,0
1,9,142,285,-447,0
1,9,142,287,-447,0
1,9,142,308,-447,0
1,9,142,308,-208,-112
1,9,144,275,-378,326
1,9,146,265,-488,109
1,9,146,266,-498,37
1,9,147,272,-378,326
1,9,149,288,-424,212
1,9,153,322,-500,0
1,9,155,310,-500,0
1,9,155,314,-470,-167
1,9,156,319,-500,0
1,47,11,1587,0,-500
1,47,13,1578,92,-411
1,47,35,1588,0,-500
1,47,52,1571,0,-316
1,47,64,1581,0,-447
1,47,64,1593,0,-500
1,47,66,1588,0,-500
1,47,67,1580,0,-235
1,47,68,1581,13,-264
1,47,68,1593,0,-500
1,47,68,1594,0,-500
1,47,74,1569,-266,-255
1,47,75,1581,0,-447
1,47,75,1588,0,-500
1,47,78,1589,-353,-353
1,47,79,1574,-312,-283
1,47,81,1592,-353,-353
1,47,81,1593,-361,-345
1,47,84,1596,-361,-345
1,47,85,1596,-353,-353
1,47,91,1588,0,-500
1,47,91,1597,0,-500
1,47,92,1585,0,-473
1,47,92,1589,0,-500
1,47,92,1590,0,-500
1,47,92,1591,0,-500
1,47,92,1594,0,-500
1,47,92,1597,0,-500
1,47,93,1592,-361,-345
1,47,93,1594,0,-500
1,47,95,1579,-330,-299
1,47,96,1595,-361,-345
1,47,98,1587,-353,-353
1,47,99,1575,0,-395
1,47,100,1589,0,-500
1,47,100,1594,0,-500
1,47,105,1578,0,-421
1,47,105,1583,0,-447
1,47,106,1575,0,-395
1,47,108,1545,81,-105
1,47,108,1588,0,-500
1,47,109,1542,-19,-18
1,47,109,1543,152,101
1,47,110,1543,173,-121
1,47,112,1542,229,63
1,47,112,1543,223,-141
1,47,112,1543,250,82
1,47,112,1546,234,22
1,47,112,1581,-66,-442
1,47,112,1594,-361,-345
1,47,113,1584,-81,-466
1,47,114,1537,287,14
1,47,114,1545,248,-89
1,47,114,1591,0,-500
1,47,114,1596,0,-500
1,47,115,1536,246,-88
1,47,115,1540,289,21
1,47,115,1545,242,-100
1,47,115,1556,-289,-128
1,47,115,1572,-123,-375
1,47,116,1576,-141,-396
1,47,117,1515,-238,-12
1,47,117,1576,-141,-396
1,47,117,1577,-132,-400
1,47,117,1580,-140,-425
1,47,117,1592,0,-500
1,47,119,1579,-160,-417
1,47,119,1585,-167,-468
1,47,120,1578,-182,-409
1,47,121,1582,-181,-438
1,47,122,1582,-192,-433
1,47,122,1582,-181,-438
1,47,123,1577,-211,-395
1,47,124,1528,247,-237
1,47,124,1536,-113,-108
1,47,124,1585,0,-500
1,47,125,1540,250,-305
1,47,125,1584,-48,-498
1,47,128,1568,-94,-90
1,47,128,1573,0,-500
1,47,128,1584,0,-500
1,47,129,1516,-492,-85
1,47,133,1563,-404,-190
1,47,149,1572,-353,-353
1,47,150,1573,-361,-345
1,47,152,1544,-361,-345
1,47,153,1562,-359,-344
1,47,153,1563,-359,-344
1,47,153,1565,-359,-344
1,47,153,1565,-334,-369
1,47,153,1567,-359,-344
1,47,153,1568,-359,-344
1,47,153,1570,-359,-344
1,47,153,1571,-359,-344
1,47,153,1572,-359,-344
1,47,153,1572,-351,-351
1,47,153,1573,-359,-344
1,47,153,1574,-359,-344
1,47,153,1575,-359,-344
1,47,153,1575,-351,-351
1,47,153,1576,-359,-344
1,47,153,1576,-351,-351
1,47,153,1577,-351,-351
1,47,154,1577,-359,-344
1,47,155,1554,-371,-335
1,47,157,1530,-498,37
1,47,157,1531,-500,0
1,47,157,1531,-500,25
1,47,157,1532,-500,0
1,47,157,1540,-500,0
1,47,158,1531,-500,0
1,47,158,1531,-500,25
1,47,167,1529,-500,25
1,47,167,1531,-500,0
1,47,167,1531,-500,11
1,47,167,1532,-500,0
1,47,167,1540,-500,0
1,47,168,1530,-500,11
2,5,127,205,140,-121
2,5,127,212,308,358
2,5,128,204,115,61
2,5,131,211,-137,453
2,5,132,207,-98,154
2,5,132,212,0,0
2,5,133,204,183,103
2,5,133,205,114,126
2,5,133,205,123,136
2,5,135,204,80,120
2,5,135,205,-113,108
2,5,135,209,-94,286
2,5,135,212,23,-12
2,5,136,205,-61,172
2,5,136,206,-75,182
2,5,137,204,-189,57
2,5,137,204,-66,98
2,5,137,205,-73,109
2,5,137,205,3,78
2,5,137,210,12,250
2,5,137,212,23,-11
2,5,137,212,148,247
2,5,138,204,-93,50
2,5,139,208,156,-15
2,5,139,210,-212,-235
2,5,139,212,0,105
2,5,139,212,96,271
2,5,139,213,-223,-260
2,5,139,219,0,-26
2,5,139,221,0,-235
2,5,139,255,0,-500
2,5,140,208,156,-15
2,5,140,217,130,243
2,5,141,214,134,80
2,5,149,229,419,41
2,5,149,236,-129,-428
2,5,150,240,-137,-453
2,5,153,128,-226,291
2,5,156,241,-287,-408
2,5,158,144,-212,0
2,5,158,236,94,-476
2,5,160,244,-361,-345
2,5,171,164,-421,0
2,5,178,224,-471,23
2,5,178,226,-471,23
2,5,181,223,-444,0
2,5,183,227,-353,-353
2,5,183,236,-405,-242
2,5,184,218,-478,-144
2,5,184,226,-492,-85
2,5,185,207,-359,-344
2,5,185,211,-359,-344
2,5,185,217,-359,-344
2,5,185,220,-440,0
2,5,185,222,-418,0
2,5,185,226,-494,-74
2,5,185,234,-457,-203
2,5,185,241,-392,-261
2,5,186,220,-500,0
2,5,186,220,-418,0
2,5,186,222,-418,-21
2,5,186,222,-418,0
2,5,186,223,-418,0
2,5,186,225,-496,-60
2,5,186,231,-351,-351
2,5,186,236,-401,-189
2,5,187,217,-418,0
2,5,187,220,-418,0
2,5,188,220,-500,0
2,5,188,220,-414,0
2,5,189,164,-500,0
2,5,189,220,-414,0
2,5,189,222,-392,0
2,5,189,227,-494,-74
2,5,189,227,-492,-85
2,5,190,132,-500,0
2,5,190,227,-494,-74
2,5,191,226,-472,-46
2,5,193,139,-500,0
2,5,193,140,-500,0
2,5,199,164,-500,0
2,5,200,147,-500,0
2,7,107,269,-133,3
2,7,107,269,-46,-23
2,7,107,270,-82,101
2,7,107,270,-9,-130
2,7,107,276,-26,-1
2,7,109,269,-151,-144
2,7,117,279,-183,-225
2,7,123,287,-233,-285
2,7,129,276,-157,223
2,7,132,274,-45,257
2,7,133,269,141,115
2,7,133,299,-300,-366
2,7,136,269,86,130
2,7,136,273,29,299
2,7,137,269,-70,169
2,7,137,269,-19,195
2,7,137,278,28,391
2,7,138,211,115,-62
2,7,138,273,10,222
2,7,139,210,86,-130
2,7,139,268,7,78
2,7,139,269,49,92
2,7,139,282,141,235
2,7,149,300,-140,-425
2,7,156,222,-130,0
2,7,157,222,-157,0
2,7,157,231,-212,0
2,7,162,220,-414,0
2,7,162,220,-130,0
2,7,167,221,-418,0
2,7,173,227,-495,36
2,7,173,294,-497,11
2,7,174,220,-309,0
2,7,176,228,-471,0
2,7,176,262,-471,0
2,7,176,266,-471,0
2,7,178,226,-471,23
2,7,178,231,-471,23
2,7,178,232,-471,23
2,7,178,233,-471,23
2,7,178,234,-471,23
2,7,178,235,-471,23
2,7,178,236,-471,23
2,7,178,242,-471,23
2,7,178,244,-471,23
2,7,178,245,-471,23
2,7,178,258,-471,23
2,7,180,266,-444,0
2,7,183,221,-500,0
2,7,183,286,-444,10
2,7,184,288,-345,-361
2,7,185,269,-344,-359
2,7,185,286,-418,0
2,7,186,270,-344,-359
2,7,186,272,-351,-351
2,7,186,279,-344,-359
2,7,187,219,-417,30
2,7,187,220,-417,30
2,7,187,221,-417,30
2,7,187,222,-417,30
2,7,187,223,-418,-21
2,7,187,223,-417,30
2,7,187,224,-418,-21
2,7,187,224,-417,30
2,7,187,225,-417,30
2,7,187,226,-417,30
2,7,187,227,-417,30
2,7,187,228,-417,30
2,7,187,229,-417,30
2,7,187,230,-417,30
2,7,187,231,-417,30
2,7,187,232,-417,30
2,7,187,233,-417,30
2,7,187,235,-417,30
2,7,187,236,-417,30
2,7,187,237,-417,30
2,7,187,238,-417,30
2,7,187,239,-417,30
2,7,187,241,-417,30
2,7,187,243,-417,30
2,7,187,245,-417,30
2,7,187,246,-417,30
2,7,187,247,-417,30
2,7,187,248,-417,30
2,7,187,249,-417,30
2,7,187,251,-417,30
2,7,187,255,-417,30
2,7,187,256,-417,30
2,7,187,257,-417,30
2,7,187,258,-417,30
2,7,187,259,-417,30
2,7,187,260,-417,30
2,7,187,261,-417,30
2,7,187,262,-417,30
2,7,187,263,-418,0
2,7,187,263,-417,30
2,7,187,264,-417,30
2,7,187,265,-417,30
2,7,187,280,-418,0
2,7,187,286,-418,0
2,7,187,290,-353,-353
2,7,187,292,-345,-361
2,7,190,220,-392,0
2,7,190,221,-500,0
2,7,190,222,-392,0
2,7,190,223,-392,-9
2,7,190,223,-392,0
2,7,191,220,-500,0
2,7,191,220,-392,0
2,7,191,223,-392,-9
2,7,191,225,-392,-9
2,7,191,226,-392,-9
2,7,191,253,-392,19
2,7,191,280,-392,0
2,7,193,221,-500,0
2,7,194,220,-366,0
2,7,194,222,-366,-8
2,7,194,222,-366,0
2,7,194,223,-366,-8
2,7,194,223,-366,0
2,7,194,226,-366,-8
2,7,195,214,-490,97
2,7,195,218,-366,18
2,7,195,219,-366,18
2,7,195,220,-366,0
2,7,195,220,-366,18
2,7,195,220,-361,0
2,7,195,221,-366,18
2,7,195,222,-366,18
2,7,195,223,-366,-8
2,7,195,223,-366,18
2,7,195,224,-366,-8
2,7,195,224,-366,18
2,7,195,225,-366,-8
2,7,195,225,-366,18
2,7,195,226,-366,18
2,7,195,227,-366,18
2,7,195,228,-366,18
2,7,195,229,-366,18
2,7,195,230,-366,18
2,7,195,231,-366,18
2,7,195,232,-366,18
2,7,195,233,-366,18
2,7,195,234,-366,18
2,7,195,235,-366,18
2,7,195,236,-366,18
2,7,195,237,-366,18
2,7,195,238,-366,18
2,7,195,240,-366,18
2,7,195,241,-366,18
2,7,195,242,-366,18
2,7,195,243,-366,18
2,7,195,244,-366,18
2,7,195,245,-366,18
2,7,195,246,-366,18
2,7,195,247,-366,18
2,7,195,248,-366,18
2,7,195,250,-366,18
2,7,195,251,-366,18
2,7,195,252,-366,18
2,7,195,253,-366,18
2,7,195,254,-366,18
2,7,195,255,-366,18
2,7,195,256,-366,0
2,7,195,256,-366,18
2,7,195,257,-366,18
2,7,195,258,-366,18
2,7,195,259,-366,18
2,7,195,260,-366,18
2,7,195,261,-366,18
2,7,195,262,-366,18
2,7,195,263,-366,0
2,7,195,263,-366,18
2,7,195,264,-366,18
2,7,196,220,-500,0
2,7,196,220,-340,0
2,7,196,222,-340,-8
2,7,196,260,-366,0
2,7,197,220,-361,0
2,7,197,221,-340,-8
2,7,197,221,-340,0
2,7,197,226,-340,0
2,7,197,228,-340,0
2,7,197,256,-340,0
2,7,197,258,-340,0
2,7,197,259,-340,0
2,7,197,261,-340,0
2,7,197,262,-340,0
2,7,197,265,-340,0
2,7,197,266,-340,0
2,7,198,221,-500,0
2,7,200,221,-500,0
2,10,107,275,0,183
2,10,107,276,0,209
2,10,107,299,-26,-2
2,10,108,285,-5,104
2,10,110,307,7,-78
2,10,111,294,-91,303
2,10,118,305,116,-174
2,10,121,293,-349,-187
2,10,123,285,-234,317
2,10,125,286,-298,-298
2,10,125,292,-335,-149
2,10,129,298,-281,-381
2,10,130,303,-114,-296
2,10,130,306,151,-144
2,10,131,302,-110,-266
2,10,132,284,-170,-442
2,10,132,284,-159,-446
2,10,132,292,-273,-26
2,10,132,298,-194,-250
2,10,132,302,-250,-339
2,10,132,307,128,-25
2,10,133,294,41,-337
2,10,133,301,44,-257
2,10,133,302,-250,-339
2,10,133,305,-88,55
2,10,134,290,389,-161
2,10,134,307,115,-62
2,10,135,304,-95,-42
2,10,136,299,21,-287
2,10,136,303,-447,-10
2,10,137,291,-129,-257
2,10,137,296,217,-90
2,10,137,307,13,-22
2,10,138,305,2,-104
2,10,138,307,-29,-43
2,10,138,307,138,-74
2,10,139,295,-175,-292
2,10,139,299,13,-261
2,10,139,364,0,52
2,10,140,293,227,-128
2,10,140,310,103,12
2,10,141,303,121,-202
2,10,141,305,65,-171
2,10,145,348,132,-162
2,10,149,275,-140,424
2,10,149,386,-219,-297
2,10,153,392,-250,-339
2,10,156,268,-181,438
2,10,156,323,-151,144
2,10,156,396,-274,-353
2,10,157,322,-157,0
2,10,160,322,-209,0
2,10,161,304,-287,0
2,10,162,278,-498,-37
2,10,166,273,-345,361
2,10,166,288,-500,-25
2,10,167,273,-345,361
2,10,167,290,-500,-25
2,10,170,323,-421,0
2,10,170,363,-447,0
2,10,172,282,-497,-11
2,10,172,284,-471,0
2,10,173,281,-497,11
2,10,176,312,-471,0
2,10,177,286,-471,-11
2,10,178,283,-471,10
2,10,178,310,-471,23
2,10,178,313,-471,23
2,10,178,317,-471,23
2,10,178,319,-471,23
2,10,179,316,-444,0
2,10,180,324,-498,-48
2,10,181,285,-473,10
2,10,182,290,-444,-22
2,10,183,286,-444,10
2,10,183,287,-444,10
2,10,184,316,-418,0
2,10,185,324,-500,-25
2,10,185,324,-496,-60
2,10,186,294,-344,358
2,10,186,324,-496,-60
2,10,187,307,-417,30
2,10,187,308,-417,30
2,10,187,309,-417,30
2,10,187,310,-417,30
2,10,187,311,-417,30
2,10,187,312,-417,30
2,10,187,313,-417,30
2,10,187,314,-417,30
2,10,187,315,-417,30
2,10,187,316,-417,30
2,10,187,317,-417,30
2,10,187,318,-417,30
2,10,187,319,-417,30
2,10,187,320,-417,30
2,10,187,321,-418,21
2,10,187,321,-417,30
2,10,190,316,-490,97
2,10,190,321,-392,8
2,10,190,323,-500,0
2,10,191,295,-392,0
2,10,191,301,-392,-9
2,10,191,305,-392,19
2,10,191,307,-490,-97
2,10,191,311,-392,0
2,10,191,321,-392,8
2,10,191,321,-392,19
2,10,194,300,-366,0
2,10,194,301,-366,0
2,10,194,311,-366,0
2,10,194,321,-366,8
2,10,195,304,-366,0
2,10,195,305,-366,18
2,10,195,306,-366,18
2,10,195,307,-366,18
2,10,195,308,-366,18
2,10,195,309,-366,18
2,10,195,310,-366,18
2,10,195,311,-366,0
2,10,195,311,-366,18
2,10,195,312,-366,18
2,10,195,313,-366,18
2,10,195,314,-366,18
2,10,195,315,-366,18
2,10,195,316,-366,18
2,10,195,317,-366,18
2,10,195,318,-366,18
2,10,195,319,-366,18
2,10,195,320,-366,18
2,10,195,341,-395,0
2,10,196,307,-340,0
2,10,196,316,-340,0
2,10,196,326,-392,-20
2,10,196,343,-369,0
2,10,197,307,-340,0
2,10,197,312,-340,0
2,10,197,316,-340,0
2,10,197,319,-340,0
2,10,198,304,-367,27
2,10,199,314,-490,97
2,10,200,302,-444,53
2,10,200,323,-500,0
2,12,127,367,51,-259
2,12,129,365,-272,-387
2,12,130,371,128,-68
2,12,131,363,21,13
2,12,131,363,47,-271
2,12,131,364,70,-468
2,12,131,366,-154,-307
2,12,131,369,-344,-194
2,12,131,370,129,-112
2,12,132,363,0,0
2,12,132,363,22,13
2,12,132,363,26,1
2,12,133,363,22,12
2,12,133,363,219,-90
2,12,133,365,-67,-336
2,12,134,363,0,0
2,12,134,363,23,12
2,12,134,363,26,0
2,12,134,363,29,-301
2,12,134,364,-7,-290
2,12,134,366,-5,-250
2,12,135,363,26,0
2,12,135,363,130,0
2,12,136,363,1,-26
2,12,136,363,23,11
2,12,136,363,26,0
2,12,136,368,-61,172
2,12,136,369,17,-182
2,12,136,371,-234,-41
2,12,136,371,86,-130
2,12,136,371,115,-62
2,12,137,363,16,-316
2,12,137,366,11,-235
2,12,137,369,-161,-242
2,12,137,371,-42,-66
2,12,138,370,-1,-78
2,12,138,371,-26,-1
2,12,138,371,-26,0
2,12,138,371,-22,-14
2,12,139,338,0,447
2,12,139,357,-4,25
2,12,139,358,-16,19
2,12,139,359,-5,25
2,12,139,360,-16,19
2,12,139,362,-14,21
2,12,139,371,263,25
2,12,140,363,-26,263
2,12,140,372,-123,-27
2,12,140,375,-169,-70
2,12,141,368,193,-80
2,12,142,366,45,-204
2,12,142,370,169,-70
2,12,143,356,-242,-242
2,12,143,366,13,-182
2,12,143,367,148,-182
2,12,143,370,116,-174
2,12,144,369,171,-71
2,12,147,318,-132,482
2,12,147,359,-107,-353
2,12,147,359,-91,-300
2,12,147,370,158,-193
2,12,148,325,-287,408
2,12,148,339,-129,428
2,12,148,343,-132,400
2,12,148,346,-132,371
2,12,150,363,76,-387
2,12,151,463,-361,-345
2,12,154,332,-181,438
2,12,154,466,-361,-345
2,12,181,337,-361,345
2,12,181,337,-353,353
2,12,181,354,-353,353
2,12,182,337,-353,353
2,12,182,349,-378,326
2,12,183,354,-326,378
2,12,184,352,-326,378
2,12,184,355,-335,371
2,12,185,333,-351,351
2,12,185,341,-359,343
2,12,185,342,-359,343
2,12,185,343,-359,343
2,12,185,343,-351,351
2,12,185,344,-359,343
2,12,185,344,-351,351
2,12,185,345,-351,351
2,12,185,354,-359,343
2,12,185,354,-351,351
2,12,185,355,-344,358
2,12,185,355,-334,368
2,12,185,356,-344,358
2,12,185,357,-359,343
2,12,185,357,-351,351
2,12,186,335,-344,358
2,12,186,350,-359,343
2,12,186,354,-335,371
2,12,187,350,-359,343
2,12,188,347,-333,332
2,12,188,351,-340,325
2,12,188,354,-340,325
2,12,189,355,-369,333
2,12,190,342,-371,335
2,12,190,343,-371,335
2,12,198,384,-500,0
2,46,93,1561,371,-335
2,46,95,1559,368,-334
2,46,96,1547,500,0
2,46,102,1563,144,-478
2,46,102,1564,167,-470
2,46,104,1563,97,-490
2,46,104,1564,97,-490
2,46,107,1528,0,0
2,46,107,1530,-32,-183
2,46,107,1537,0,-316
2,46,107,1538,0,-342
2,46,107,1545,119,-155
2,46,108,1536,-43,-287
2,46,108,1537,-23,-315
2,46,108,1539,-38,-314
2,46,109,1518,101,82
2,46,109,1535,-54,-312
2,46,110,1536,-70,-281
2,46,110,1542,-55,-364
2,46,111,1531,-113,-179
2,46,111,1538,-76,-307
2,46,112,1534,-136,-227
2,46,112,1541,-83,-332
2,46,113,1542,-77,-387
2,46,114,1531,-162,-208
2,46,114,1535,0,-264
2,46,115,1542,-132,-344
2,46,115,1563,-144,-478
2,46,115,1572,-109,-488
2,46,116,1545,-142,-369
2,46,116,1546,-132,-400
2,46,117,1574,-121,-484
2,46,118,1523,-36,371
2,46,118,1552,-137,-453
2,46,118,1567,-156,-474
2,46,118,1573,-132,-482
2,46,119,1535,-203,-276
2,46,119,1572,-156,-474
2,46,119,1572,-144,-478
2,46,120,1556,-159,-446
2,46,120,1572,-156,-474
2,46,120,1573,-167,-470
2,46,120,1573,-129,-393
2,46,121,1539,-223,-260
2,46,121,1543,-199,-372
2,46,122,1550,-192,-433
2,46,124,1537,-242,-312
2,46,124,1564,0,-500
2,46,126,1535,-326,-378
2,46,127,1535,-132,-126
2,46,127,1538,-108,-113
2,46,128,1549,0,-447
2,46,128,1556,0,-500
2,46,128,1557,0,-500
2,46,128,1561,0,-500
2,46,128,1566,0,-500
2,46,128,1571,0,-500
2,46,128,1572,0,-500
2,46,131,1543,-277,-416
2,46,132,1542,-473,0
2,46,132,1542,-326,-378
2,46,132,1543,-326,-378
2,46,132,1555,-345,-361
2,46,133,1543,-326,-378
2,46,135,1546,-345,-361
2,46,136,1547,-335,-371
2,46,136,1555,-345,-361
2,46,136,1557,-345,-361
2,46,136,1558,-345,-361
2,46,140,1515,101,-152
2,46,141,1559,-287,-408
2,46,142,1531,-285,-233
2,46,143,1518,-182,-17
2,46,145,1537,-361,-345
2,46,147,1521,-328,-99
2,46,147,1549,-345,-361
2,46,147,1552,-371,-335
2,46,147,1552,-345,-361
2,46,148,1521,-442,-66
2,46,148,1522,-331,-91
2,46,148,1523,-344,-132
2,46,148,1536,-326,-266
2,46,149,1521,-391,-58
2,46,149,1521,-331,-91
2,46,150,1550,-371,-335
2,46,151,1562,-353,-353
2,46,153,1552,-353,-353
2,46,154,1523,-381,-105
2,46,158,1525,-403,-121
2,46,158,1544,-386,-316
2,46,159,1524,-407,-112
2,46,162,1526,-428,-129
2,46,163,1525,-433,-108
2,46,163,1526,-432,-119
2,46,164,1525,-433,-108
2,46,164,1529,-442,-170
2,46,166,1527,-457,-126
2,46,167,1527,-457,-126
2,46,167,1527,-453,-137
2,46,168,1525,-464,-92
2,46,168,1525,-462,-103
2,46,168,1526,-459,-114
2,46,169,1524,-464,-92
2,46,169,1524,-462,-103
2,46,171,1528,-478,-144
2,46,172,1527,-482,-132
2,46,173,1526,-488,-109
2,46,173,1527,-484,-121
2,46,177,1529,-484,-121
2,46,182,1517,-484,-121
2,46,182,1524,-482,-132
2,46,189,1536,-386,-316
2,46,199,1515,-500,0
2,110,26,3478,300,332
2,110,32,3467,0,500
2,110,32,3471,0,500
2,110,36,3458,0,500
2,110,43,3484,132,344
2,110,52,3448,0,500
2,110,52,3468,0,500
2,110,52,3604,0,-500
2,110,60,3467,0,500
2,110,60,3474,0,447
2,110,62,3463,306,394
2,110,66,3473,33,445
2,110,66,3479,0,395
2,110,67,3471,-361,345
2,110,68,3464,-148,449
2,110,68,3468,0,500
2,110,68,3484,0,369
2,110,74,3452,121,484
2,110,74,3492,0,185
2,110,75,3468,0,500
2,110,76,3482,114,378
2,110,76,3484,123,347
2,110,77,3484,-35,364
2,110,79,3484,80,360
2,110,80,3496,114,319
2,110,82,3455,0,500
2,110,84,3468,0,500
2,110,84,3491,19,263
2,110,84,3492,0,26
2,110,87,3457,-74,494
2,110,90,3474,-429,117
2,110,90,3476,-498,37
2,110,91,3476,-500,0
2,110,92,3448,0,500
2,110,92,3476,-500,0
2,110,93,3460,-148,449
2,110,93,3462,-236,441
2,110,93,3476,-500,0
2,110,95,3461,-296,402
2,110,95,3462,-316,386
2,110,97,3461,-326,378
2,110,98,3462,-371,335
2,110,98,3463,-378,326
2,110,98,3465,-378,326
2,110,98,3468,-447,224
2,110,98,3469,-439,234
2,110,98,3470,-466,179
2,110,98,3472,-484,121
2,110,99,3462,-378,326
2,110,100,3469,-462,191
2,110,122,3571,-50,285
2,110,124,3467,0,500
2,110,124,3470,0,447
2,110,132,3449,0,500
2,110,133,3572,26,0
2,110,133,3585,-46,-207
2,110,134,3572,43,65
2,110,135,3619,45,-469
2,110,136,3572,-123,375
2,110,137,3603,15,-314
2,110,138,3593,6,-130
2,110,139,3597,0,-447
2,110,139,3597,0,-261
2,110,139,3610,0,-500
2,110,139,3623,0,-500
2,110,139,3624,0,-500
2,110,140,3540,-46,24
2,110,142,3540,-18,185
2,110,142,3540,76,280
2,110,143,3536,31,71
2,110,143,3606,-46,-472
2,110,144,3540,-84,62
2,110,145,3466,-353,353
2,110,145,3540,-55,117
2,110,148,3540,-240,206
2,110,148,3578,-225,-135
2,110,150,3531,0,-26
2,110,150,3577,-266,-118
2,110,151,3603,-156,-474
2,110,153,3581,-384,-230
2,110,154,3532,-288,-14
2,110,154,3532,-287,-28
2,110,154,3586,-219,-329
2,110,155,3579,-320,-123
2,110,155,3592,-316,-316
2,110,157,3584,-265,-293
2,110,161,3540,-26,0
2,110,163,3531,-183,0
2,110,164,3533,-313,30
2,110,164,3574,-459,-114
2,110,164,3583,-332,-258
2,110,165,3531,-104,0
2,110,165,3534,-326,-217
2,110,166,3533,-305,203
2,110,167,3582,-372,-248
2,110,167,3591,-323,-309
2,110,169,3533,-148,276
2,110,169,3536,-416,-62
2,110,169,3536,-198,-369
2,110,169,3537,-148,-277
2,110,169,3568,-416,-62
2,110,170,3535,-98,-437
2,110,170,3539,-117,-219
2,110,170,3540,-109,-488
2,110,170,3548,-419,41
2,110,170,3550,-419,41
2,110,170,3552,-419,41
2,110,170,3553,-419,41
2,110,170,3554,-419,41
2,110,170,3557,-419,41
2,110,170,3558,-419,41
2,110,170,3559,-419,41
2,110,170,3560,-419,41
2,110,170,3567,-418,-51
2,110,171,3518,0,500
2,110,171,3519,0,500
2,110,171,3520,-246,435
2,110,171,3527,0,393
2,110,171,3528,0,328
2,110,171,3528,0,354
2,110,171,3533,-419,-31
2,110,171,3534,-419,-31
2,110,171,3540,-155,-98
2,110,171,3540,0,-261
2,110,171,3540,125,-457
2,110,171,3543,0,-302
2,110,171,3547,-109,-488
2,110,171,3548,-109,-488
2,110,171,3548,-85,-492
2,110,171,3549,-109,-488
2,110,171,3549,-85,-492
2,110,171,3551,-109,-488
2,110,171,3551,0,-500
2,110,171,3552,-109,-488
2,110,171,3552,0,-500
2,110,171,3553,-109,-488
2,110,171,3553,0,-500
2,110,171,3554,-109,-488
2,110,171,3555,-224,-447
2,110,171,3555,0,-500
2,110,172,3517,-37,498
2,110,172,3520,-37,498
2,110,172,3530,-229,229
2,110,172,3549,-132,-482
2,110,172,3550,-109,-488
2,110,172,3551,-37,-498
2,110,172,3552,-109,-488
2,110,172,3552,-60,-496
2,110,172,3554,-60,-496
2,110,172,3592,-359,-309
2,110,173,3534,-446,-33
2,110,173,3549,-447,10
2,110,173,3550,-132,-482
2,110,173,3551,-447,10
2,110,173,3551,-97,-490
2,110,173,3553,-447,10
2,110,173,3555,-109,-488
2,110,173,3556,-447,10
2,110,173,3557,-447,10
2,110,173,3558,-447,10
2,110,173,3559,-447,10
2,110,173,3560,-447,10
2,110,173,3561,-447,10
2,110,174,3517,-435,246
2,110,174,3519,-156,474
2,110,174,3526,-224,447
2,110,174,3551,-121,-484
2,110,174,3551,-97,-490
2,110,174,3552,-156,-474
2,110,174,3553,-144,-478
2,110,174,3554,-132,-482
2,110,174,3554,-109,-488
2,110,174,3555,-447,22
2,110,174,3555,-109,-488
2,110,174,3557,-121,-484
2,110,174,3558,-97,-490
2,110,174,3565,-447,-10
2,110,175,3515,-121,484
2,110,175,3517,-132,482
2,110,175,3521,-203,457
2,110,175,3550,-203,-457
2,110,175,3550,-191,-462
2,110,175,3551,-179,-466
2,110,175,3553,-167,-470
2,110,175,3557,-132,-482
2,110,175,3558,-132,-482
2,110,175,3558,-121,-484
2,110,175,3559,-132,-482
2,110,175,3559,-109,-488
2,110,176,3556,-144,-478
2,110,176,3557,-132,-482
2,110,177,3515,-473,10
2,110,177,3524,-473,0
2,110,177,3555,-203,-457
2,110,177,3557,-179,-466
2,110,178,3523,-361,345
2,110,178,3556,-203,-457
2,110,178,3556,-179,-466
2,110,178,3557,-179,-466
2,110,179,3534,-224,447
2,110,179,3556,-224,-447
2,110,179,3589,-421,-267
2,110,180,3513,-277,416
2,110,180,3515,-267,421
2,110,180,3556,-246,-435
2,110,181,3515,-473,10
2,110,181,3515,-267,421
2,110,181,3516,-277,416
2,110,182,3519,-361,345
2,110,182,3519,-345,361
2,110,182,3543,-500,0
2,110,183,3522,-326,378
2,110,183,3553,-441,-236
2,110,183,3554,-345,-361
2,110,184,3516,-326,378
2,110,184,3517,-345,361
2,110,184,3520,-394,306
2,110,184,3521,-416,277
2,110,184,3548,-345,-361
2,110,184,3550,-394,-306
2,110,184,3553,-394,-306
2,110,185,3516,-335,371
2,110,185,3518,-378,326
2,110,185,3551,-402,-296
2,110,186,3519,-394,306
2,110,186,3520,-408,287
2,110,186,3524,-451,212
2,110,186,3526,-474,156
2,110,186,3550,-394,-306
2,110,186,3553,-386,-316
2,110,187,3521,-441,236
2,110,187,3524,-462,191
2,110,187,3525,-478,144
2,110,187,3525,-451,135
2,110,187,3527,-488,109
2,110,187,3542,-306,-394
2,110,187,3543,-488,-109
2,110,187,3545,-148,-450
2,110,187,3551,-416,-277
2,110,188,3536,-462,91
2,110,188,3541,-287,-408
2,110,188,3544,-490,-97
2,110,188,3544,-287,-408
2,110,188,3550,-287,-408
2,110,188,3551,-287,-408
2,110,188,3552,-287,-408
2,110,189,3550,-441,-236
2,110,190,3525,-482,132
2,110,190,3554,-394,-306
2,110,191,3528,-498,48
2,110,191,3529,-498,37
2,112,32,3529,0,500
2,112,51,3541,21,421
2,112,52,3534,0,447
2,112,52,3541,0,421
2,112,52,3541,21,421
2,112,52,3570,74,-138
2,112,137,3567,36,-208
2,112,139,3563,-24,9
2,112,139,3629,-181,-27
2,112,139,3630,-256,137
2,112,140,3616,61,115
2,112,141,3571,-201,66
2,112,141,3598,103,-12
2,112,141,3612,124,168
2,112,141,3614,130,86
2,112,141,3625,100,30
2,112,141,3631,-69,-228
2,112,142,3595,-5,-52
2,112,143,3595,-85,-60
2,112,143,3595,-35,-70
2,112,143,3595,0,-26
2,112,143,3595,44,-27
2,112,143,3611,304,-203
2,112,143,3627,18,75
2,112,143,3628,-25,101
2,112,143,3628,-23,237
2,112,144,3595,-33,-71
2,112,144,3597,-2,-104
2,112,144,3597,38,-68
2,112,144,3621,234,-23
2,112,145,3596,-233,124
2,112,146,3595,0,0
2,112,146,3595,83,-132
2,112,146,3627,-54,-362
2,112,147,3584,-172,-233
2,112,147,3595,-191,-85
2,112,147,3617,308,53
2,112,148,3620,-66,-382
2,112,149,3595,2,-26
2,112,149,3596,-1,-26
2,112,149,3596,21,-15
2,112,149,3638,-121,-484
2,112,151,3595,-20,-16
2,112,151,3630,378,-114
2,112,152,3626,217,-187
2,112,153,3595,-20,-16
2,112,155,3653,-201,-400
2,112,156,3618,-242,-312
2,112,156,3626,266,-326
2,112,158,3604,-342,0
2,112,158,3604,-149,-182
2,112,158,3682,-224,-447
2,112,160,3602,-266,-360
2,112,160,3610,-266,-360
2,112,160,3610,-257,-365
2,112,160,3611,-266,-360
2,112,160,3613,-266,-360
2,112,160,3625,-257,-365
2,112,162,3602,-274,-353
2,112,162,3620,129,-428
2,112,163,3593,-183,0
2,112,164,3615,-332,-258
2,112,165,3584,-157,0
2,112,165,3595,-395,0
2,112,165,3595,-104,0
2,112,165,3615,-332,-258
2,112,165,3646,-290,-374
2,112,166,3553,-350,233
2,112,166,3580,-157,0
2,112,166,3595,-276,0
2,112,166,3606,-290,-374
2,112,166,3610,-296,-402
2,112,167,3615,-394,38
2,112,167,3615,-372,-248
2,112,168,3618,-353,-274
2,112,168,3619,-353,-274
2,112,168,3620,-421,0
2,112,168,3620,-346,-283
2,112,169,3595,-421,0
2,112,169,3601,-416,-62
2,112,169,3601,-415,-72
2,112,169,3602,-413,-82
2,112,169,3603,-411,-92
2,112,169,3615,-421,0
2,112,169,3623,-287,-408
2,112,169,3625,-287,-408
2,112,170,3596,-421,0
2,112,170,3598,-419,-41
2,112,170,3598,-419,-31
2,112,170,3600,-418,-51
2,112,170,3600,-416,-62
2,112,170,3609,-419,41
2,112,170,3617,-421,21
2,112,170,3627,-464,-92
2,112,171,3562,-250,75
2,112,171,3581,0,500
2,112,171,3593,0,215
2,112,171,3615,-418,50
2,112,171,3616,-418,50
2,112,171,3620,-381,-281
2,112,171,3621,-374,-290
2,112,171,3636,-451,-212
2,112,171,3636,-421,-267
2,112,171,3636,-287,-408
2,112,171,3639,0,-500
2,112,172,3583,-37,498
2,112,172,3588,-256,-51
2,112,172,3595,-102,337
2,112,172,3622,-366,-300
2,112,172,3624,-359,-309
2,112,172,3625,-359,-309
2,112,173,3580,-447,0
2,112,173,3581,-447,0
2,112,173,3581,-447,10
2,112,173,3589,-447,0
2,112,173,3592,-447,0
2,112,173,3593,-447,0
2,112,173,3595,-447,0
2,112,173,3596,-447,0
2,112,173,3597,-447,-10
2,112,173,3597,-447,0
2,112,173,3598,-447,-23
2,112,173,3598,-447,0
2,112,173,3598,-446,-33
2,112,173,3599,-447,0
2,112,173,3599,-446,-43
2,112,173,3600,-446,-43
2,112,173,3600,-442,-66
2,112,173,3601,-447,0
2,112,173,3607,-447,0
2,112,173,3608,-447,0
2,112,173,3609,-447,0
2,112,173,3610,-447,0
2,112,173,3610,-447,22
2,112,173,3611,-447,0
2,112,173,3612,-447,0
2,112,173,3612,-446,33
2,112,173,3613,-447,0
2,112,173,3614,-447,0
2,112,173,3614,-446,33
2,112,173,3615,-447,0
2,112,173,3616,-447,0
2,112,173,3617,-447,0
2,112,173,3617,-447,10
2,112,173,3618,-447,0
2,112,173,3619,-447,0
2,112,173,3621,-447,0
2,112,173,3622,-447,0
2,112,173,3623,-447,0
2,112,173,3624,-447,0
2,112,173,3625,-447,0
2,112,173,3626,-447,0
2,112,173,3627,-447,0
2,112,173,3641,-191,-462
2,112,174,3594,-434,97
2,112,174,3595,-447,0
2,112,174,3601,-447,0
2,112,174,3604,-437,-98
2,112,174,3606,-447,22
2,112,174,3607,-447,22
2,112,174,3608,-447,0
2,112,174,3608,-447,22
2,112,174,3609,-447,0
2,112,174,3609,-447,22
2,112,174,3610,-447,0
2,112,174,3610,-447,22
2,112,174,3611,-447,0
2,112,174,3613,-447,0
2,112,174,3613,-447,22
2,112,174,3614,-447,0
2,112,174,3614,-447,22
2,112,174,3615,-447,0
2,112,174,3616,-447,0
2,112,174,3617,-447,0
2,112,174,3617,-447,22
2,112,174,3618,-447,0
2,112,174,3619,-447,0
2,112,175,3584,-167,470
2,112,175,3602,-441,-76
2,112,175,3620,-421,-267
2,112,175,3623,-402,-296
2,112,175,3627,-378,-326
2,112,175,3646,-191,-462
2,112,176,3614,-447,0
2,112,176,3643,-335,-371
2,112,177,3580,-473,0
2,112,177,3600,-472,-46
2,112,177,3609,-473,0
2,112,177,3619,-473,10
2,112,177,3620,-473,0
2,112,177,3640,-435,-246
2,112,178,3638,-478,-144
2,112,178,3641,-408,-287
2,112,179,3629,-386,-316
2,112,179,3630,-386,-316
2,112,179,3640,-451,-212
2,112,180,3605,-361,-345
2,112,180,3631,-378,-326
2,112,181,3615,-457,-126
2,112,181,3615,-424,-212
2,112,181,3624,-473,0
2,112,181,3627,-473,0
2,112,181,3642,-441,-236
2,112,182,3592,-492,85
2,112,182,3644,-441,-236
2,112,183,3579,-306,394
2,112,183,3580,-490,97
2,112,183,3583,-441,236
2,112,184,3582,-441,236
2,112,184,3608,-335,371
2,112,185,3587,-441,236
2,112,187,3585,-435,246
2,112,188,3585,-500,0
2,112,188,3585,-441,236
2,112,188,3586,-500,0
2,112,188,3589,-500,0
2,112,188,3590,-500,0
2,112,188,3591,-500,0
2,112,188,3592,-500,0
2,112,188,3594,-500,0
2,112,189,3594,-498,48
2,112,190,3598,-494,-74
2,113,51,3547,25,500
2,113,52,3543,0,500
2,113,52,3546,0,500
2,113,52,3547,0,500
2,113,52,3552,167,470
2,113,52,3603,0,-104
2,113,52,3698,0,-473
2,113,137,3660,-74,110
2,113,137,3661,-114,146
2,113,137,3695,33,-339
2,113,138,3661,15,103
2,113,139,3563,-361,345
2,113,139,3563,0,500
2,113,139,3601,-130,-87
2,113,140,3636,0,0
2,113,141,3613,130,86
2,113,141,3616,105,143
2,113,141,3636,-10,103
2,113,142,3611,214,184
2,113,142,3621,-125,233
2,113,143,3613,-210,112
2,113,143,3614,-161,-242
2,113,144,3603,151,37
2,113,145,3597,-24,-10
2,113,146,3636,104,0
2,113,147,3615,220,-132
2,113,147,3678,-188,254
2,113,147,3684,-142,-283
2,113,148,3598,-170,-162
2,113,148,3636,-14,21
2,113,148,3668,35,288
2,113,149,3595,-20,16
2,113,150,3689,-103,-269
2,113,151,3597,-159,445
2,113,152,3685,-167,-296
2,113,154,3636,0,0
2,113,156,3550,-176,351
2,113,156,3623,-186,370
2,113,156,3636,-234,317
2,113,158,3618,-242,343
2,113,158,3684,-198,-242
2,113,158,3688,-248,-372
2,113,159,3609,-258,332
2,113,160,3617,-299,257
2,113,160,3619,-305,-250
2,113,160,3636,-26,0
2,113,160,3686,-241,-310
2,113,161,3619,-318,234
2,113,161,3626,287,-408
2,113,161,3636,-369,0
2,113,161,3636,-78,0
2,113,162,3606,-274,353
2,113,163,3649,-183,0
2,113,163,3668,-432,-119
2,113,164,3608,-224,447
2,113,165,3664,-154,-30
2,113,165,3668,-378,-114
2,113,166,3633,-141,-67
2,113,167,3598,-378,326
2,113,167,3615,-394,38
2,113,167,3616,-394,38
2,113,167,3627,-395,19
2,113,168,3599,-236,441
2,113,168,3670,-459,-114
2,113,169,3628,-411,92
2,113,169,3633,-111,-208
2,113,169,3669,-403,-121
2,113,170,3616,-419,41
2,113,170,3617,-421,21
2,113,170,3618,-421,0
2,113,170,3633,-419,31
2,113,170,3674,-404,-190
2,113,171,3593,0,500
2,113,171,3595,-488,109
2,113,171,3595,-478,144
2,113,171,3595,-306,394
2,113,171,3604,-421,0
2,113,171,3605,-418,50
2,113,171,3608,-418,50
2,113,171,3615,-418,50
2,113,171,3616,-418,50
2,113,171,3636,0,-497
2,113,171,3639,0,-302
2,113,171,3644,0,-444
2,113,171,3647,0,-500
2,113,171,3649,0,-500
2,113,171,3650,0,-500
2,113,171,3684,-306,-394
2,113,173,3604,-447,0
2,113,173,3605,-447,10
2,113,173,3606,-447,0
2,113,173,3607,-447,0
2,113,173,3607,-446,33
2,113,173,3608,-447,0
2,113,173,3609,-447,0
2,113,173,3610,-447,0
2,113,173,3610,-447,10
2,113,173,3610,-447,22
2,113,173,3611,-447,0
2,113,173,3612,-447,0
2,113,173,3613,-447,0
2,113,173,3614,-447,0
2,113,173,3614,-446,33
2,113,173,3615,-447,0
2,113,173,3615,-446,33
2,113,173,3616,-447,0
2,113,173,3617,-447,0
2,113,173,3617,-447,10
2,113,173,3617,-447,22
2,113,173,3618,-447,0
2,113,173,3619,-447,0
2,113,173,3620,-447,0
2,113,173,3620,-444,0
2,113,173,3621,-447,0
2,113,173,3623,-447,0
2,113,173,3624,-447,0
2,113,173,3625,-447,0
2,113,173,3627,-447,0
2,113,173,3629,-447,0
2,113,173,3633,-447,22
2,113,173,3635,-447,0
2,113,173,3636,-447,0
2,113,173,3636,-157,0
2,113,173,3638,-447,0
2,113,173,3639,-447,0
2,113,173,3642,-447,0
2,113,173,3645,-447,0
2,113,173,3646,-447,0
2,113,173,3647,-447,0
2,113,173,3648,-447,0
2,113,173,3649,-447,0
2,113,173,3653,-447,0
2,113,173,3654,-447,0
2,113,173,3655,-447,0
2,113,173,3657,-447,0
2,113,173,3658,-447,0
2,113,173,3659,-447,0
2,113,173,3663,-446,-43
2,113,174,3604,-447,0
2,113,174,3606,-447,0
2,113,174,3607,-447,22
2,113,174,3608,-447,0
2,113,174,3609,-447,22
2,113,174,3609,-402,296
2,113,174,3610,-447,0
2,113,174,3610,-447,22
2,113,174,3611,-447,0
2,113,174,3611,-447,22
2,113,174,3612,-447,0
2,113,174,3613,-447,0
2,113,174,3613,-447,22
2,113,174,3614,-447,0
2,113,174,3614,-447,22
2,113,174,3615,-447,0
2,113,174,3616,-447,0
2,113,174,3617,-447,0
2,113,174,3617,-447,22
2,113,174,3618,-447,0
2,113,174,3619,-447,0
2,113,174,3624,-447,0
2,113,174,3635,-447,0
2,113,174,3636,-447,0
2,113,174,3639,-447,0
2,113,174,3646,-167,-470
2,113,174,3647,-447,0
2,113,174,3658,-447,0
2,113,174,3659,-447,0
2,113,174,3674,-438,-181
2,113,175,3594,-498,48
2,113,175,3626,-316,386
2,113,175,3646,-203,-457
2,113,175,3646,-191,-462
2,113,175,3647,-179,-466
2,113,176,3606,-447,0
2,113,176,3643,-296,-402
2,113,176,3646,-212,-451
2,113,176,3648,-224,-447
2,113,176,3649,-191,-462
2,113,176,3681,-364,-206
2,113,177,3604,-473,10
2,113,177,3619,-473,10
2,113,177,3620,-473,0
2,113,177,3650,-203,-457
2,113,177,3654,-179,-466
2,113,178,3591,-451,212
2,113,178,3593,-488,109
2,113,178,3606,-402,296
2,113,178,3620,-261,0
2,113,178,3653,-179,-466
2,113,178,3672,-450,-148
2,113,181,3614,-424,-212
2,113,181,3615,-457,-126
2,113,181,3624,-473,0
2,113,181,3625,-473,0
2,113,181,3628,-473,0
2,113,182,3647,-441,-236
2,113,182,3650,-441,-236
2,113,183,3589,-457,203
2,113,183,3592,-494,74
2,113,183,3592,-488,109
2,113,183,3647,-441,-236
2,113,183,3652,-441,-236
2,113,184,3649,-500,0
2,113,186,3645,-500,0
2,113,187,3647,-500,0
2,113,187,3648,-394,-306
2,113,188,3592,-500,0
2,113,188,3636,-500,0
2,113,188,3637,-500,0
2,113,188,3638,-500,0
2,113,188,3639,-500,0
2,113,188,3640,-500,0
2,113,188,3641,-500,0
2,113,188,3643,-500,0
2,113,188,3644,-500,0
2,113,188,3645,-500,0
2,113,197,3601,-478,144
2,115,52,3616,0,500
2,115,52,3617,0,500
2,115,75,3664,364,26
2,115,77,3770,85,-492
2,115,79,3664,363,-44
2,115,79,3761,70,-468
2,115,79,3768,58,-482
2,115,83,3751,19,-395
2,115,83,3754,31,-419
2,115,83,3756,23,-465
2,115,83,3758,22,-447
2,115,84,3746,0,-369
2,115,84,3757,0,-447
2,115,134,3666,121,-141
2,115,135,3659,0,0
2,115,135,3659,26,0
2,115,137,3659,21,-421
2,115,138,3660,5,-264
2,115,138,3667,-50,-15
2,115,139,3627,0,500
2,115,139,3649,0,26
2,115,139,3659,-24,9
2,115,140,3659,-26,-1
2,115,140,3668,132,16
2,115,141,3665,82,-137
2,115,142,3651,-119,236
2,115,143,3691,-33,-71
2,115,143,3691,5,-104
2,115,143,3700,-40,179
2,115,144,3649,-107,212
2,115,146,3700,13,22
2,115,147,3652,-222,-222
2,115,150,3658,61,-310
2,115,152,3691,-26,2
2,115,154,3700,0,0
2,115,155,3695,-389,-67
2,115,158,3648,-203,203
2,115,158,3692,-419,-31
2,115,160,3648,-293,265
2,115,161,3683,-369,0
2,115,162,3644,-298,297
2,115,162,3700,-104,0
2,115,163,3645,-304,291
2,115,164,3649,-339,250
2,115,165,3685,-369,-8
2,115,165,3689,-98,-35
2,115,166,3661,-383,95
2,115,166,3674,-157,0
2,115,167,3655,-390,161
2,115,167,3731,-126,-32
2,115,169,3662,-415,72
2,115,169,3688,-138,112
2,115,169,3697,-148,-277
2,115,169,3697,-111,-208
2,115,169,3704,-105,77
2,115,171,3676,0,500
2,115,171,3678,0,500
2,115,171,3685,-48,498
2,115,171,3689,0,183
2,115,171,3710,-144,-478
2,115,171,3710,0,-500
2,115,171,3712,0,-500
2,115,171,3715,0,-500
2,115,172,3680,-109,488
2,115,172,3681,-121,484
2,115,172,3689,-236,236
2,115,173,3668,-447,0
2,115,173,3676,-447,0
2,115,173,3677,-447,0
2,115,173,3678,-97,490
2,115,173,3679,-97,490
2,115,173,3680,-97,490
2,115,173,3680,-74,494
2,115,173,3681,-447,0
2,115,173,3682,-447,0
2,115,173,3683,-447,0
2,115,173,3684,-447,0
2,115,173,3685,-447,0
2,115,174,3673,-97,490
2,115,174,3676,-447,0
2,115,174,3677,-109,488
2,115,174,3682,-447,0
2,115,174,3686,-246,435
2,115,174,3689,-441,236
2,115,174,3699,-447,0
2,115,174,3700,-208,-112
2,115,174,3717,-121,-484
2,115,175,3673,-121,484
2,115,175,3677,-167,470
2,115,175,3677,-132,482
2,115,175,3681,-167,470
2,115,175,3704,-335,-371
2,115,175,3710,-191,-462
2,115,176,3674,-132,482
2,115,176,3678,-191,462
2,115,176,3714,-167,-470
2,115,177,3675,-179,466
2,115,177,3676,-473,0
2,115,177,3676,-203,457
2,115,177,3678,-212,451
2,115,177,3684,-473,0
2,115,177,3714,-224,-447
2,115,177,3719,-167,-470
2,115,178,3673,-191,462
2,115,178,3708,-345,-361
2,115,178,3748,-500,0
2,115,179,3673,-203,457
2,115,179,3676,-257,429
2,115,179,3684,-386,316
2,115,179,3715,-224,-447
2,115,180,3674,-277,416
2,115,180,3676,-277,416
2,115,180,3677,-287,408
2,115,180,3716,-267,-421
2,115,180,3718,-395,0
2,115,181,3677,-296,402
2,115,181,3678,-326,378
2,115,182,3674,-441,236
2,115,182,3678,-441,236
2,115,182,3712,-345,-361
2,115,182,3715,-296,-402
2,115,183,3675,-441,236
2,115,183,3678,-441,236
2,115,183,3679,-441,236
2,115,183,3713,-345,-361
2,115,183,3745,-441,-236
2,115,184,3679,-378,326
2,115,184,3710,-402,-296
2,115,184,3711,-378,-326
2,115,185,3713,-378,-326
2,115,186,3681,-500,0
2,115,186,3684,-361,345
2,115,186,3686,-474,156
2,115,186,3687,-492,85
2,115,186,3688,-492,85
2,115,186,3705,-482,-132
2,115,186,3705,-474,-156
2,115,186,3743,-408,-287
2,115,187,3680,-500,0
2,115,187,3683,-500,0
2,115,187,3685,-500,0
2,115,187,3685,-478,144
2,115,187,3686,-482,132
2,115,187,3688,-496,60
2,115,187,3688,-492,85
2,115,187,3689,-496,60
2,115,187,3706,-470,-167
2,115,188,3655,-306,394
2,115,188,3680,-500,0
2,115,188,3682,-500,0
2,115,188,3683,-500,0
2,115,188,3683,-492,85
2,115,188,3683,-381,281
2,115,188,3684,-488,109
2,115,188,3684,-361,345
2,115,188,3685,-500,0
2,115,188,3685,-474,156
2,115,188,3686,-484,121
2,115,188,3686,-478,144
2,115,188,3687,-490,97
2,115,188,3688,-496,60
2,115,188,3689,-496,60
2,115,188,3693,-484,121
2,115,188,3707,-457,-203
2,115,189,3683,-500,0
2,115,189,3686,-484,121
2,115,189,3686,-482,132
2,115,189,3687,-490,97
2,115,189,3688,-494,74
2,115,189,3709,-457,-203
2,115,189,3737,-482,-132
2,115,190,3683,-500,0
2,115,190,3684,-500,0
2,115,190,3685,-482,132
2,115,190,3687,-490,97
2,115,191,3686,-492,85
2,115,191,3687,-492,85
2,115,191,3688,-498,48
2,115,191,3688,-494,74
2,115,191,3692,-482,132
2,115,191,3693,-488,109
2,115,192,3684,-500,0
2,115,193,3676,-500,0
2,115,194,3674,-417,30
2,115,195,3684,-500,0
2,115,196,3691,-484,121
2,115,196,3692,-484,121
2,115,197,3684,-500,0
2,115,198,3676,-500,0
2,115,198,3691,-488,109
3,109,76,3452,123,347
3,109,88,3475,235,-157
3,109,95,3419,0,369
3,109,96,3416,0,500
3,109,96,3419,0,500
3,109,96,3421,0,500
3,109,99,3440,160,417
3,109,100,3442,0,447
3,109,106,3430,361,345
3,109,116,3425,0,500
3,109,116,3458,0,238
3,109,116,3459,0,238
3,109,116,3461,0,212
3,109,124,3416,0,500
3,109,125,3458,-229,218
3,109,126,3465,-82,105
3,109,128,3440,14,290
3,109,128,3442,0,421
3,109,130,3439,-148,449
3,109,132,3438,0,447
3,109,132,3442,0,261
3,109,132,3460,0,183
3,109,133,3458,0,290
3,109,135,3445,0,421
3,109,137,3563,-80,-133
3,109,138,3458,-177,196
3,109,139,3536,-149,-49
3,109,139,3536,-147,-40
3,109,139,3536,-102,-20
3,109,139,3537,0,0
3,109,139,3540,0,0
3,109,139,3571,0,-444
3,109,139,3588,0,-340
3,109,140,3457,-210,200
3,109,141,3455,-279,279
3,109,142,3455,0,342
3,109,143,3551,285,190
3,109,143,3558,-76,-307
3,109,145,3445,0,421
3,109,147,3438,0,447
3,109,147,3439,0,290
3,109,149,3423,-287,408
3,109,149,3426,-287,408
3,109,153,3458,-299,257
3,109,155,3449,-12,235
3,109,157,3435,0,500
3,109,157,3463,0,238
3,109,157,3534,142,157
3,109,157,3538,-158,193
3,109,157,3540,13,50
3,109,158,3535,173,57
3,109,159,3532,-7,78
3,109,160,3456,0,316
3,109,161,3532,-50,60
3,109,161,3543,-160,361
3,109,161,3543,-151,365
3,109,161,3556,-346,283
3,109,162,3451,-95,42
3,109,162,3533,-153,146
3,109,162,3540,-23,-11
3,109,162,3541,30,315
3,109,163,3533,-103,154
3,109,163,3535,-197,279
3,109,163,3536,-197,279
3,109,163,3536,-154,306
3,109,163,3540,-22,13
3,109,163,3540,-13,22
3,109,163,3540,0,0
3,109,163,3540,49,60
3,109,163,3540,99,95
3,109,164,3426,0,500
3,109,164,3532,-175,62
3,109,164,3536,-162,302
3,109,164,3536,-154,306
3,109,164,3536,-139,313
3,109,164,3536,-123,319
3,109,164,3540,-263,-26
3,109,164,3540,-242,-161
3,109,164,3540,-150,-279
3,109,164,3540,-25,-5
3,109,164,3540,22,-13
3,109,164,3540,24,-46
3,109,164,3540,26,-1
3,109,164,3540,26,0
3,109,164,3540,58,390
3,109,164,3544,58,390
3,109,165,3532,-135,80
3,109,165,3532,-111,110
3,109,165,3533,-263,175
3,109,165,3533,-258,181
3,109,165,3533,-180,155
3,109,165,3538,-177,353
3,109,165,3540,6,51
3,109,165,3540,26,0
3,109,165,3540,46,62
3,109,165,3540,69,35
3,109,165,3540,78,0
3,109,166,3533,-347,123
3,109,166,3533,-88,132
3,109,166,3533,141,173
3,109,166,3536,-359,308
3,109,166,3538,-41,340
3,109,166,3538,-33,341
3,109,166,3540,23,-12
3,109,166,3540,26,0
3,109,166,3540,43,65
3,109,166,3540,59,85
3,109,167,3437,-361,345
3,109,167,3532,-117,62
3,109,167,3532,-23,12
3,109,167,3540,0,0
3,109,167,3540,21,289
3,109,167,3540,23,312
3,109,167,3540,26,0
3,109,167,3540,30,312
3,109,167,3540,210,112
3,109,168,3532,-119,102
3,109,168,3534,-216,151
3,109,168,3534,-66,170
3,109,168,3536,18,155
3,109,168,3540,3,-26
3,109,168,3540,23,-12
3,109,168,3540,23,312
3,109,169,3460,76,197
3,109,169,3532,-227,62
3,109,169,3532,-135,80
3,109,169,3532,-121,99
3,109,169,3533,-227,62
3,109,169,3533,-70,169
3,109,169,3534,-70,169
3,109,169,3534,-66,170
3,109,169,3535,8,183
3,109,169,3535,10,209
3,109,169,3536,10,209
3,109,169,3539,13,276
3,109,169,3540,-414,171
3,109,169,3540,17,342
3,109,169,3540,23,-11
3,109,170,3532,-78,3
3,109,170,3532,1,52
3,109,170,3537,7,302
3,109,170,3538,-125,233
3,109,170,3538,12,250
3,109,170,3540,-89,357
3,109,170,3540,0,250
3,109,171,3442,0,447
3,109,171,3447,0,342
3,109,171,3532,0,52
3,109,171,3532,6,51
3,109,171,3532,105,116
3,109,171,3534,-366,-44
3,109,171,3536,44,226
3,109,171,3540,-51,258
3,109,171,3541,171,97
3,109,171,3542,0,0
3,109,171,3543,0,-287
3,109,171,3544,0,0
3,109,171,3545,0,0
3,109,171,3548,-10,-24
3,109,171,3548,0,-26
3,109,171,3549,-4,-25
3,109,171,3550,0,-26
3,109,171,3551,0,-130
3,109,171,3554,0,-342
3,109,171,3554,0,-52
3,109,171,3565,0,-447
3,109,171,3572,0,-500
3,109,171,3572,0,-314
3,109,171,3592,0,-500
3,109,172,3445,-31,419
3,109,172,3530,85,-60
3,109,172,3531,208,-20
3,109,173,3451,23,155
3,109,173,3531,196,-19
3,109,173,3552,-46,-207
3,109,173,3553,-57,-230
3,109,173,3553,-46,-207
3,109,173,3555,-57,-230
3,109,174,3531,217,89
3,109,174,3553,-70,-281
3,109,174,3554,-58,-258
3,109,175,3455,-38,151
3,109,175,3531,217,89
3,109,175,3534,243,100
3,109,175,3553,-70,-281
3,109,175,3556,-84,-305
3,109,176,3445,-266,325
3,109,176,3453,-80,360
3,109,176,3532,290,-7
3,109,176,3551,-285,190
3,109,177,3531,0,0
3,109,177,3533,126,-6
3,109,177,3577,-121,-484
3,109,178,3453,-107,353
3,109,178,3581,-109,-488
3,109,178,3582,-132,-482
3,109,178,3582,-121,-484
3,109,178,3585,-132,-482
3,109,178,3586,-132,-482
3,109,178,3587,-109,-488
3,109,179,3449,-114,378
3,109,179,3450,-114,378
3,109,179,3467,-78,0
3,109,179,3586,-132,-482
3,109,180,3449,-123,375
3,109,180,3540,53,270
3,109,180,3543,-107,353
3,109,180,3543,-91,300
3,109,180,3583,-132,-482
3,109,180,3586,-132,-482
3,109,180,3587,-132,-482
3,109,180,3588,-132,-482
3,109,180,3589,-121,-484
3,109,180,3591,-121,-484
3,109,180,3591,-109,-488
3,109,181,3514,-446,33
3,109,181,3543,419,41
3,109,181,3556,419,41
3,109,181,3560,-141,-396
3,109,181,3561,-141,-396
3,109,181,3562,-132,-400
3,109,181,3563,-140,-425
3,109,181,3586,-121,-484
3,109,181,3587,-121,-484
3,109,182,3559,-161,-390
3,109,182,3560,-161,-390
3,109,182,3568,-137,-453
3,109,183,3434,-148,449
3,109,183,3563,-160,-417
3,109,183,3566,-150,-421
3,109,183,3571,-137,-453
3,109,184,3499,-78,0
3,109,184,3536,-237,-248
3,109,184,3565,-171,-414
3,109,184,3566,-170,-442
3,109,185,3566,-181,-438
3,109,186,3438,-191,462
3,109,186,3499,-78,0
3,109,186,3565,-192,-433
3,109,186,3566,-192,-433
3,109,187,3465,-208,20
3,109,187,3499,-78,0
3,109,188,3426,0,500
3,109,188,3427,0,500
3,109,188,3451,-372,-248
3,109,188,3467,0,0
3,109,188,3481,-234,17
3,109,188,3534,-306,-394
3,109,188,3569,-287,-408
3,109,189,3568,-361,-345
3,109,190,3498,-261,13
3,109,190,3556,-258,-332
3,109,191,3534,-212,0
3,109,192,3498,-287,14
3,109,192,3516,-185,17
3,109,192,3538,-172,-164
3,109,192,3568,-361,-345
3,109,192,3569,-361,-345
3,109,193,3497,-287,14
3,109,193,3498,-260,19
3,109,193,3499,-290,0
3,109,193,3515,-289,28
3,109,193,3516,-316,7
3,109,193,3523,-265,-293
3,109,194,3447,-266,325
3,109,194,3492,-342,0
3,109,194,3524,-219,-229
3,109,196,3516,25,-500
3,109,196,3571,-345,-361
3,109,197,3508,-157,0
3,109,198,3513,-391,58
3,109,199,3570,-361,-345
3,109,199,3572,-361,-345
3,109,199,3574,-345,-361
3,109,200,3543,-390,-161
3,109,200,3555,-346,-283
3,109,201,3509,-130,-3
3,109,202,3514,-419,41
3,109,202,3515,-421,0
3,109,202,3570,-345,-361
3,109,203,3492,-421,0
3,109,203,3515,-421,21
3,109,203,3555,-353,-353
3,109,203,3571,-361,-345
3,109,204,3487,-339,33
3,109,204,3539,-255,-57
3,109,205,3441,-353,353
3,109,205,3492,-447,0
3,109,205,3492,-421,0
3,109,205,3515,-447,0
3,109,205,3524,-447,0
3,109,205,3525,-326,-378
3,109,206,3549,-361,-345
3,109,206,3558,-361,-345
3,109,206,3569,-353,-353
3,109,206,3572,-361,-345
3,109,207,3567,-345,-361
3,109,208,3513,-446,43
3,109,208,3563,-353,-353
3,109,208,3568,-353,-353
3,109,208,3571,-353,-353
3,109,209,3492,-473,0
3,109,209,3515,-473,0
3,109,209,3548,-438,-181
3,109,210,3453,-335,371
3,109,210,3544,-450,-148
3,109,210,3546,-306,-394
3,109,210,3561,-353,-353
3,109,210,3566,-361,-345
3,109,210,3570,-345,-361
3,109,211,3492,-447,0
3,109,211,3561,-335,-371
3,109,211,3564,-361,-345
3,109,211,3565,-361,-345
3,109,211,3566,-361,-345
3,109,211,3567,-335,-371
3,109,211,3572,-361,-345
3,109,211,3574,-361,-345
3,109,212,3492,-500,0
3,109,212,3516,-421,21
3,109,212,3556,-500,0
3,109,213,3457,-353,353
3,109,213,3457,-345,361
3,109,213,3544,-345,-361
3,109,213,3553,-361,-345
3,109,213,3559,-361,-345
3,109,213,3565,-361,-345
3,109,213,3567,-361,-345
3,109,213,3567,-345,-361
3,109,214,3457,-353,353
3,109,214,3515,-500,0
3,109,214,3557,-361,-345
3,109,214,3565,-361,-345
3,109,214,3567,-345,-361
3,109,214,3569,-361,-345
3,109,214,3570,-361,-345
3,109,214,3572,-345,-361
3,109,215,3493,-492,-85
3,109,215,3515,-500,0
3,109,215,3551,-353,-353
3,109,215,3552,-353,-353
3,109,215,3553,-353,-353
3,109,215,3554,-353,-353
3,109,215,3555,-353,-353
3,109,215,3556,-353,-353
3,109,215,3559,-353,-353
3,109,215,3560,-353,-353
3,109,215,3561,-353,-353
3,109,215,3564,-353,-353
3,109,215,3565,-378,-326
3,109,215,3567,-353,-353
3,109,215,3568,-353,-353
3,109,215,3569,-353,-353
3,109,215,3570,-353,-353
3,109,215,3571,-353,-353
3,109,216,3495,-478,-144
3,109,216,3525,-353,-353
3,109,216,3547,-344,-359
3,109,216,3552,-500,0
3,109,217,3546,-359,-344
3,109,217,3548,-344,-359
3,109,217,3549,-359,-344
3,109,217,3550,-359,-344
3,109,217,3551,-359,-344
3,109,217,3552,-359,-344
3,109,217,3553,-359,-344
3,109,217,3553,-351,-351
3,109,217,3554,-359,-344
3,109,217,3554,-351,-351
3,109,217,3555,-359,-344
3,109,217,3555,-351,-351
3,109,217,3556,-359,-344
3,109,217,3556,-353,-353
3,109,217,3557,-359,-344
3,109,217,3557,-351,-351
3,109,217,3558,-359,-344
3,109,217,3558,-351,-351
3,109,217,3559,-359,-344
3,109,217,3559,-351,-351
3,109,217,3560,-359,-344
3,109,217,3560,-351,-351
3,109,217,3561,-351,-351
3,109,217,3568,-351,-351
3,109,217,3569,-359,-344
3,109,218,3533,-361,-345
3,109,218,3552,-351,-351
3,109,218,3553,-351,-351
3,109,218,3555,-351,-351
3,109,218,3556,-351,-351
3,109,218,3557,-351,-351
3,109,218,3558,-351,-351
3,109,218,3559,-371,-335
3,109,218,3559,-351,-351
3,109,218,3561,-359,-344
3,109,218,3561,-351,-351
3,109,218,3563,-351,-351
3,109,218,3564,-351,-351
3,109,218,3565,-351,-351
3,109,218,3566,-361,-345
3,109,218,3568,-344,-359
3,109,218,3569,-351,-351
3,109,220,3491,-500,11
3,109,220,3515,-500,0
3,109,220,3519,-496,60
3,109,220,3538,-371,-335
3,109,220,3551,-325,-340
3,109,220,3560,-361,-345
3,109,221,3497,-460,-103
3,109,221,3514,-498,37
3,109,221,3515,-500,0
3,109,221,3516,-500,0
3,109,221,3516,-500,11
3,109,221,3523,-500,0
3,109,221,3524,-500,0
3,109,221,3548,-402,-296
3,109,221,3563,-340,-325
3,109,222,3492,-500,0
3,109,222,3499,-500,0
3,109,222,3515,-500,25
3,109,224,3519,-494,74
3,109,225,3492,-500,0
3,109,225,3515,-500,0
3,109,225,3520,-500,0
3,109,225,3528,-500,0
3,109,225,3529,-500,0
3,109,226,3514,-498,48
3,109,226,3540,-500,25
3,109,228,3500,-340,0
3,109,229,3509,-500,0
3,109,229,3515,-500,11
3,109,229,3518,-494,74
3,109,230,3491,-500,0
3,109,230,3492,-500,0
3,109,230,3518,-494,74
3,109,230,3520,-500,0
3,109,230,3524,-500,0
3,109,230,3528,-500,0
3,109,230,3529,-500,0
3,109,231,3513,-500,25
3,109,231,3515,-500,0
3,109,231,3515,-500,11
3,109,231,3516,-500,0
3,109,231,3521,-500,25
3,109,231,3523,-500,0
3,109,231,3524,-500,0
3,109,232,3492,-500,0
3,109,232,3512,-498,37
3,109,232,3514,-500,11
3,109,233,3492,-500,0
3,111,139,3596,-112,-57
3,111,139,3597,-29,-43
3,111,139,3603,-25,6
3,111,139,3603,0,0
3,111,139,3604,0,0
3,111,139,3605,-26,2
3,111,140,3605,-45,-257
3,111,141,3604,-309,53
3,111,149,3609,-263,25
3,111,151,3599,-271,127
3,111,151,3599,-121,202
3,111,154,3605,-207,30
3,111,155,3615,-233,-285
3,111,155,3616,-241,-310
3,111,156,3600,22,234
3,111,156,3619,-411,92
3,111,157,3610,-186,252
3,111,158,3600,22,234
3,111,158,3622,-195,-278
3,111,160,3596,127,-28
3,111,160,3596,151,41
3,111,160,3622,-426,-128
3,111,161,3598,144,151
3,111,161,3603,-212,301
3,111,161,3617,-297,255
3,111,162,3605,-155,210
3,111,162,3610,92,464
3,111,163,3596,115,61
3,111,163,3598,146,153
3,111,163,3602,-120,170
3,111,163,3603,-157,202
3,111,164,3596,145,59
3,111,164,3596,161,86
3,111,164,3598,151,144
3,111,164,3599,80,193
3,111,164,3600,73,28
3,111,164,3601,-115,322
3,111,164,3602,13,261
3,111,164,3603,-189,243
3,111,164,3603,69,278
3,111,165,3596,115,61
3,111,165,3596,138,74
3,111,165,3597,-115,51
3,111,165,3598,-45,-27
3,111,165,3602,50,256
3,111,165,3604,30,312
3,111,165,3606,-17,340
3,111,166,3596,16,76
3,111,166,3597,116,173
3,111,166,3607,33,338
3,111,166,3613,-161,389
3,111,166,3616,-305,225
3,111,167,3597,-176,194
3,111,167,3597,-165,202
3,111,167,3598,26,180
3,111,167,3598,101,152
3,111,167,3599,89,217
3,111,167,3615,-372,-248
3,111,168,3600,15,208
3,111,168,3600,20,208
3,111,168,3603,-100,242
3,111,168,3604,-228,252
3,111,168,3606,21,286
3,111,168,3607,-34,351
3,111,168,3611,210,298
3,111,169,3538,181,-22
3,111,169,3596,-176,48
3,111,169,3596,-121,99
3,111,169,3596,-119,102
3,111,169,3597,-183,224
3,111,169,3597,-80,207
3,111,169,3597,-70,169
3,111,169,3597,-19,195
3,111,169,3598,-167,312
3,111,169,3598,-100,242
3,111,169,3600,11,235
3,111,169,3600,14,283
3,111,169,3601,15,300
3,111,169,3601,20,275
3,111,169,3602,13,276
3,111,169,3607,195,75
3,111,169,3611,-150,363
3,111,170,3596,-7,78
3,111,170,3597,2,104
3,111,170,3598,-12,130
3,111,170,3598,17,182
3,111,170,3602,13,274
3,111,170,3605,-105,223
3,111,170,3605,8,392
3,111,170,3611,7,326
3,111,170,3613,-189,314
3,111,171,3486,0,500
3,111,171,3506,0,447
3,111,171,3512,-26,176
3,111,171,3519,0,354
3,111,171,3596,-25,5
3,111,171,3596,0,52
3,111,171,3596,0,78
3,111,171,3596,0,183
3,111,171,3596,7,78
3,111,171,3597,0,130
3,111,171,3597,0,157
3,111,171,3600,-266,117
3,111,171,3603,8,392
3,111,171,3607,155,258
3,111,171,3608,205,115
3,111,171,3613,-208,268
3,111,171,3629,0,-447
3,111,172,3484,-11,500
3,111,172,3508,-21,421
3,111,172,3515,-18,369
3,111,173,3522,-56,204
3,111,173,3601,166,105
3,111,173,3610,211,394
3,111,176,3540,133,6
3,111,177,3598,156,15
3,111,181,3546,0,0
3,111,181,3612,419,41
3,111,182,3615,-176,-194
3,111,183,3507,-160,417
3,111,183,3542,94,-90
3,111,184,3596,231,146
3,111,185,3519,0,500
3,111,186,3557,-195,215
3,111,187,3582,-94,-90
3,111,187,3596,-126,-170
3,111,188,3576,101,-152
3,111,188,3583,-113,-108
3,111,189,3591,-191,-183
3,111,190,3594,-185,0
3,111,194,3590,-287,0
3,111,196,3582,167,-470
3,111,199,3588,-418,0
3,111,199,3592,-418,0
3,111,199,3631,-345,-361
3,111,200,3581,-176,48
3,111,201,3617,-335,-371
3,111,202,3634,-345,-361
3,111,203,3588,-230,-384
3,111,203,3634,-345,-361
3,111,203,3635,-345,-361
3,111,203,3635,-335,-371
3,111,203,3637,-345,-361
3,111,203,3639,-316,-386
3,111,204,3636,-353,-353
3,111,204,3636,-345,-361
3,111,204,3637,-353,-353
3,111,204,3638,-326,-378
3,111,205,3542,-316,-386
3,111,205,3583,-495,36
3,111,205,3637,-353,-353
3,111,206,3637,-361,-345
3,111,206,3637,-353,-353
3,111,207,3636,-353,-353
3,111,207,3637,-353,-353
3,111,208,3585,-471,0
3,111,208,3587,-471,0
3,111,208,3588,-471,0
3,111,208,3589,-471,0
3,111,208,3590,-471,0
3,111,208,3591,-471,0
3,111,208,3592,-471,0
3,111,208,3593,-471,0
3,111,208,3594,-471,0
3,111,208,3629,-353,-353
3,111,208,3636,-353,-353
3,111,209,3580,-471,0
3,111,209,3619,-471,23
3,111,210,3581,-471,-24
3,111,210,3582,-471,-24
3,111,210,3583,-469,-46
3,111,210,3583,-467,-57
3,111,210,3589,-471,10
3,111,210,3619,-471,23
3,111,211,3638,-361,-345
3,111,212,3589,-444,0
3,111,212,3590,-444,0
3,111,213,3608,-361,-345
3,111,213,3608,-345,-361
3,111,214,3601,-361,-345
3,111,214,3604,-361,-345
3,111,214,3607,-361,-345
3,111,214,3609,-345,-361
3,111,214,3612,-316,-386
3,111,214,3616,-444,10
3,111,215,3613,-444,10
3,111,215,3614,-444,0
3,111,215,3614,-444,10
3,111,215,3615,-444,10
3,111,215,3634,-353,-353
3,111,215,3636,-353,-353
3,111,216,3609,-359,-344
3,111,216,3610,-359,-344
3,111,217,3565,-335,-371
3,111,217,3580,-440,0
3,111,217,3595,-359,-344
3,111,217,3598,-359,-344
3,111,217,3601,-359,-344
3,111,217,3604,-359,-344
3,111,217,3605,-359,-344
3,111,217,3606,-359,-344
3,111,217,3607,-359,-344
3,111,217,3608,-359,-344
3,111,217,3608,-351,-351
3,111,217,3608,-344,-359
3,111,217,3609,-359,-344
3,111,217,3609,-351,-351
3,111,217,3609,-344,-359
3,111,217,3610,-359,-344
3,111,217,3611,-359,-344
3,111,217,3611,-351,-351
3,111,217,3611,-344,-359
3,111,217,3612,-359,-344
3,111,217,3612,-344,-359
3,111,217,3612,-334,-369
3,111,217,3614,-344,-359
3,111,217,3615,-344,-359
3,111,217,3618,-344,-359
3,111,218,3598,-382,-229
3,111,218,3599,-382,-229
3,111,218,3600,-351,-351
3,111,218,3601,-418,0
3,111,218,3607,-359,-344
3,111,218,3608,-344,-359
3,111,218,3610,-344,-359
3,111,218,3611,-344,-359
3,111,218,3612,-344,-359
3,111,218,3616,-344,-359
3,111,218,3622,-351,-351
3,111,218,3623,-351,-351
3,111,218,3630,-351,-351
3,111,219,3581,-418,0
3,111,219,3582,-418,-21
3,111,219,3582,-417,-31
3,111,219,3582,-417,30
3,111,219,3583,-417,-31
3,111,219,3583,-417,30
3,111,219,3584,-417,-41
3,111,219,3584,-417,30
3,111,219,3585,-417,30
3,111,219,3585,-415,-50
3,111,219,3586,-417,30
3,111,219,3586,-412,-72
3,111,219,3587,-417,30
3,111,219,3588,-417,30
3,111,219,3589,-418,0
3,111,219,3589,-417,30
3,111,219,3590,-417,30
3,111,219,3591,-418,-21
3,111,219,3591,-418,0
3,111,219,3591,-417,30
3,111,219,3592,-417,30
3,111,219,3593,-417,30
3,111,219,3599,-387,-219
3,111,219,3600,-418,0
3,111,219,3606,-418,0
3,111,219,3607,-418,0
3,111,219,3607,-364,-298
3,111,219,3608,-418,0
3,111,219,3609,-418,0
3,111,219,3610,-418,0
3,111,219,3611,-418,0
3,111,219,3612,-418,0
3,111,219,3613,-418,0
3,111,219,3614,-418,0
3,111,220,3580,-418,0
3,111,220,3604,-353,-353
3,111,220,3612,-340,-325
3,111,220,3614,-340,-325
3,111,221,3560,-378,326
3,111,221,3575,-478,144
3,111,221,3604,-392,0
3,111,222,3581,-500,0
3,111,222,3601,-377,-213
3,111,222,3602,-392,8
3,111,222,3609,-392,0
3,111,222,3612,-421,0
3,111,223,3560,-402,296
3,111,223,3580,-421,0
3,111,223,3580,-392,0
3,111,223,3584,-391,-29
3,111,223,3586,-392,19
3,111,223,3588,-392,19
3,111,223,3592,-392,0
3,111,223,3592,-392,19
3,111,223,3601,-392,19
3,111,223,3601,-364,-206
3,111,223,3602,-392,0
3,111,223,3603,-392,19
3,111,223,3603,-353,-224
3,111,223,3604,-392,0
3,111,223,3604,-392,19
3,111,223,3605,-392,0
3,111,223,3606,-392,0
3,111,223,3607,-392,0
3,111,223,3608,-392,0
3,111,224,3594,-500,0
3,111,224,3603,-500,0
3,111,224,3604,-366,0
3,111,225,3580,-500,0
3,111,225,3581,-500,0
3,111,225,3587,-360,-63
3,111,225,3589,-359,-71
3,111,225,3597,-363,-150
3,111,225,3601,-372,-199
3,111,225,3603,-500,0
3,111,225,3603,-337,-202
3,111,226,3580,-366,0
3,111,226,3599,-354,-167
3,111,226,3601,-366,0
3,111,226,3606,-395,0
3,111,227,3577,-366,0
3,111,227,3580,-395,0
3,111,227,3580,-366,0
3,111,227,3581,-500,0
3,111,227,3581,-366,0
3,111,227,3581,-366,18
3,111,227,3582,-366,-8
3,111,227,3582,-366,0
3,111,227,3582,-366,18
3,111,227,3583,-366,-18
3,111,227,3583,-366,18
3,111,227,3583,-365,-27
3,111,227,3584,-366,0
3,111,227,3584,-366,18
3,111,227,3584,-365,-35
3,111,227,3585,-366,18
3,111,227,3585,-365,-35
3,111,227,3585,-363,-44
3,111,227,3586,-366,18
3,111,227,3587,-366,18
3,111,227,3587,-362,-54
3,111,227,3587,-360,-63
3,111,227,3588,-366,18
3,111,227,3589,-366,0
3,111,227,3589,-366,18
3,111,227,3590,-366,18
3,111,227,3591,-366,-8
3,111,227,3591,-366,0
3,111,227,3591,-366,18
3,111,227,3592,-381,-105
3,111,227,3592,-366,0
3,111,227,3592,-366,18
3,111,227,3595,-366,0
3,111,227,3597,-366,-8
3,111,227,3599,-366,0
3,111,227,3600,-366,0
3,111,227,3601,-366,0
3,111,228,3580,-366,0
3,111,228,3590,-358,-80
3,111,229,3580,-433,0
3,111,229,3580,-361,0
3,111,229,3585,-340,0
3,111,229,3586,-336,-50
3,111,229,3587,-340,0
3,111,229,3588,-340,0
3,111,229,3589,-340,0
3,111,229,3590,-340,0
3,111,229,3591,-340,0
3,111,229,3592,-340,0
3,111,229,3593,-340,0
3,111,229,3594,-500,0
3,111,229,3594,-340,0
3,111,230,3571,-478,144
3,111,230,3572,-478,144
3,111,230,3576,-443,43
3,111,230,3580,-500,0
3,111,230,3581,-500,0
3,111,230,3590,-369,0
3,111,231,3581,-500,0
3,111,232,3581,-500,0
3,114,139,3604,0,209
3,114,139,3605,0,209
3,114,139,3627,0,235
3,114,139,3628,-110,-62
3,114,143,3632,80,-103
3,114,144,3635,5,-25
3,114,146,3631,-46,-204
3,114,148,3603,-431,-107
3,114,148,3611,-333,-157
3,114,148,3618,-395,8
3,114,148,3622,-262,-32
3,114,148,3634,92,-126
3,114,150,3607,-304,291
3,114,150,3625,-235,-35
3,114,150,3629,-265,167
3,114,151,3611,-386,86
3,114,151,3613,-234,-318
3,114,151,3633,116,-174
3,114,152,3623,-210,-201
3,114,155,3622,-230,-384
3,114,157,3634,133,-128
3,114,158,3610,-176,226
3,114,158,3624,-219,-329
3,114,159,3610,-332,-300
3,114,159,3614,-412,-72
3,114,160,3609,-258,332
3,114,160,3629,-211,-333
3,114,160,3630,-101,-244
3,114,160,3633,144,-151
3,114,161,3607,-419,-41
3,114,161,3633,-266,-255
3,114,162,3624,82,-413
3,114,162,3631,121,-202
3,114,162,3632,-233,-285
3,114,162,3692,-7,78
3,114,163,3622,242,-312
3,114,164,3612,-170,-442
3,114,164,3630,-250,-339
3,114,164,3635,-331,-91
3,114,165,3630,-250,-339
3,114,166,3621,216,-227
3,114,166,3623,180,-256
3,114,167,3620,341,-141
3,114,167,3626,-327,-342
3,114,167,3630,-300,-366
3,114,167,3634,-349,-187
3,114,167,3635,115,-62
3,114,167,3700,0,0
3,114,167,3700,43,65
3,114,167,3700,45,25
3,114,168,3630,-182,-223
3,114,168,3630,19,-260
3,114,168,3694,-84,219
3,114,168,3700,0,0
3,114,168,3700,1,26
3,114,168,3700,23,312
3,114,168,3700,45,25
3,114,169,3621,257,-129
3,114,169,3622,173,-261
3,114,169,3622,180,-256
3,114,169,3634,-132,-162
3,114,169,3692,-115,61
3,114,169,3695,-17,182
3,114,170,3635,-29,-43
3,114,170,3692,-115,61
3,114,170,3692,-58,86
3,114,170,3692,-50,121
3,114,170,3693,-87,130
3,114,170,3694,-12,130
3,114,171,3607,0,395
3,114,171,3631,0,-209
3,114,171,3692,0,52
3,114,171,3692,0,183
3,114,171,3694,-70,169
3,114,171,3695,-15,156
3,114,171,3695,0,130
3,114,171,3700,159,89
3,114,171,3702,227,128
3,114,171,3708,-4,-25
3,114,172,3620,253,-136
3,114,172,3621,253,-136
3,114,172,3623,182,-103
3,114,172,3635,121,-99
3,114,172,3681,86,57
3,114,172,3693,129,-16
3,114,172,3701,154,97
3,114,173,3622,267,169
3,114,173,3692,-195,-75
3,114,177,3616,-169,267
3,114,178,3714,325,31
3,114,181,3594,-387,160
3,114,181,3599,-129,428
3,114,182,3608,-418,223
3,114,183,3607,-418,223
3,114,183,3608,-418,223
3,114,184,3654,-151,215
3,114,185,3671,-159,0
3,114,185,3704,61,-308
3,114,188,3632,-235,0
3,114,188,3671,-212,0
3,114,188,3681,-130,0
3,114,189,3603,-500,0
3,114,189,3645,-157,0
3,114,189,3646,-137,194
3,114,189,3681,-157,0
3,114,190,3635,-195,215
3,114,191,3683,-342,0
3,114,192,3655,-193,213
3,114,194,3655,-209,0
3,114,194,3676,-369,0
3,114,195,3605,-500,0
3,114,195,3650,-279,279
3,114,196,3651,-340,7
3,114,196,3680,-316,0
3,114,197,3657,-309,53
3,114,198,3673,-264,13
3,114,198,3676,-392,0
3,114,198,3678,-342,0
3,114,198,3684,-392,0
3,114,199,3671,-418,0
3,114,199,3673,-418,0
3,114,199,3681,-418,0
3,114,200,3607,-500,25
3,114,200,3608,-500,25
3,114,200,3673,-290,14
3,114,200,3676,-395,0
3,114,201,3681,-418,0
3,114,202,3676,-418,0
3,114,202,3683,-421,0
3,114,202,3684,-418,0
3,114,203,3617,-437,-98
3,114,203,3619,-500,25
3,114,203,3683,-473,0
3,114,203,3683,-421,0
3,114,204,3609,-497,0
3,114,205,3608,-497,11
3,114,205,3609,-497,11
3,114,205,3657,-496,60
3,114,205,3681,-392,0
3,114,205,3682,-392,0
3,114,205,3684,-447,0
3,114,206,3672,-487,96
3,114,206,3676,-444,0
3,114,206,3684,-444,0
3,114,207,3658,0,500
3,114,208,3642,-471,0
3,114,208,3643,-471,0
3,114,208,3663,-365,-27
3,114,208,3667,-471,0
3,114,208,3675,-471,0
3,114,208,3677,-471,0
3,114,208,3679,-471,0
3,114,208,3680,-471,0
3,114,208,3681,-471,0
3,114,208,3682,-471,0
3,114,208,3683,-488,-109
3,114,210,3610,-471,10
3,114,210,3611,-471,10
3,114,210,3612,-471,10
3,114,210,3613,-471,10
3,114,210,3639,-471,23
3,114,210,3642,-471,10
3,114,210,3642,-471,23
3,114,210,3645,-471,23
3,114,210,3646,-471,23
3,114,210,3650,-471,23
3,114,210,3657,-471,23
3,114,210,3659,-471,23
3,114,210,3661,-471,23
3,114,210,3668,-471,23
3,114,210,3671,-471,23
3,114,210,3672,-467,57
3,114,210,3678,-471,23
3,114,210,3684,-471,0
3,114,210,3684,-458,0
3,114,211,3676,-444,0
3,114,211,3684,-444,0
3,114,212,3619,-345,361
3,114,212,3639,-444,0
3,114,212,3676,-444,0
3,114,212,3680,-441,-53
3,114,212,3682,-444,0
3,114,212,3683,-478,-144
3,114,212,3684,-444,0
3,114,213,3605,-414,275
3,114,213,3684,-473,0
3,114,214,3605,-416,277
3,114,214,3615,-444,10
3,114,214,3635,-361,345
3,114,214,3683,-500,0
3,114,214,3683,-498,-37
3,114,214,3684,-498,-37
3,114,214,3684,-492,-85
3,114,215,3614,-444,10
3,114,215,3683,-500,0
3,114,215,3684,-494,-74
3,114,216,3615,-345,361
3,114,217,3620,-418,0
3,114,217,3626,-335,371
3,114,217,3632,-344,358
3,114,217,3684,-500,-25
3,114,217,3684,-496,-60
3,114,218,3619,-433,9
3,114,218,3622,-344,358
3,114,218,3623,-344,358
3,114,218,3623,-334,368
3,114,218,3628,-353,353
3,114,218,3632,-344,358
3,114,218,3632,-334,368
3,114,218,3684,-500,-25
3,114,218,3684,-500,0
3,114,218,3684,-496,-60
3,114,219,3611,-345,361
3,114,219,3618,-418,21
3,114,219,3618,-417,30
3,114,219,3619,-500,11
3,114,219,3635,-417,30
3,114,219,3636,-417,30
3,114,219,3637,-417,30
3,114,219,3638,-417,30
3,114,219,3639,-417,30
3,114,219,3640,-418,0
3,114,219,3640,-417,30
3,114,219,3641,-418,0
3,114,219,3641,-417,30
3,114,219,3642,-418,0
3,114,219,3642,-417,30
3,114,219,3643,-418,0
3,114,219,3643,-417,30
3,114,219,3644,-417,30
3,114,219,3645,-417,30
3,114,219,3646,-417,30
3,114,219,3647,-417,30
3,114,219,3648,-417,30
3,114,219,3649,-417,30
3,114,219,3650,-417,30
3,114,219,3651,-417,30
3,114,219,3652,-417,30
3,114,219,3653,-417,30
3,114,219,3654,-417,30
3,114,219,3655,-417,30
3,114,219,3656,-417,30
3,114,219,3657,-417,30
3,114,219,3658,-417,30
3,114,219,3659,-417,30
3,114,219,3660,-417,30
3,114,219,3661,-417,30
3,114,219,3662,-417,30
3,114,219,3663,-417,30
3,114,219,3664,-417,30
3,114,219,3665,-417,30
3,114,219,3666,-417,30
3,114,219,3667,-417,30
3,114,219,3668,-417,30
3,114,219,3669,-417,30
3,114,219,3670,-417,30
3,114,219,3671,-417,30
3,114,219,3671,-414,62
3,114,219,3672,-417,30
3,114,219,3673,-417,30
3,114,219,3674,-417,30
3,114,219,3675,-417,30
3,114,219,3676,-417,30
3,114,219,3678,-418,-21
3,114,219,3678,-417,-31
3,114,219,3678,-417,30
3,114,219,3679,-417,30
3,114,219,3680,-417,30
3,114,219,3681,-417,30
3,114,219,3686,-418,0
3,114,220,3676,-490,97
3,114,220,3686,-418,0
3,114,221,3620,-392,0
3,114,222,3616,-441,53
3,114,222,3651,-392,0
3,114,222,3672,-392,0
3,114,222,3673,-392,0
3,114,222,3674,-392,0
3,114,222,3680,-392,0
3,114,222,3681,-392,8
3,114,222,3685,-392,0
3,114,223,3643,-392,0
3,114,223,3672,-392,0
3,114,223,3680,-392,0
3,114,223,3681,-392,8
3,114,223,3681,-392,19
3,114,224,3675,-490,97
3,114,224,3676,-366,0
3,114,226,3643,-366,0
3,114,226,3646,-366,0
3,114,226,3647,-366,0
3,114,226,3651,-366,0
3,114,226,3658,-366,0
3,114,226,3670,-366,0
3,114,226,3672,-366,0
3,114,226,3673,-366,0
3,114,226,3674,-366,0
3,114,226,3679,-366,0
3,114,226,3680,-366,0
3,114,226,3681,-366,8
3,114,226,3681,-366,18
3,114,226,3682,-366,0
3,114,226,3683,-366,0
3,114,226,3685,-366,0
3,114,227,3632,-366,0
3,114,227,3633,-366,0
3,114,227,3633,-366,18
3,114,227,3634,-366,18
3,114,227,3635,-366,18
3,114,227,3636,-366,18
3,114,227,3637,-366,18
3,114,227,3638,-366,18
3,114,227,3639,-366,18
3,114,227,3640,-366,0
3,114,227,3640,-366,18
3,114,227,3641,-366,0
3,114,227,3641,-366,18
3,114,227,3642,-366,0
3,114,227,3642,-366,18
3,114,227,3643,-366,0
3,114,227,3643,-366,18
3,114,227,3644,-366,18
3,114,227,3645,-366,18
3,114,227,3646,-366,0
3,114,227,3646,-366,18
3,114,227,3647,-366,0
3,114,227,3647,-366,18
3,114,227,3648,-366,18
3,114,227,3649,-366,18
3,114,227,3650,-366,18
3,114,227,3651,-366,18
3,114,227,3652,-366,18
3,114,227,3653,-366,18
3,114,227,3654,-366,0
3,114,227,3654,-366,18
3,114,227,3655,-366,18
3,114,227,3656,-366,18
3,114,227,3657,-366,18
3,114,227,3658,-366,18
3,114,227,3659,-366,18
3,114,227,3660,-366,18
3,114,227,3661,-366,18
3,114,227,3662,-366,18
3,114,227,3663,-366,18
3,114,227,3664,-366,18
3,114,227,3665,-366,18
3,114,227,3666,-366,18
3,114,227,3667,-366,18
3,114,227,3668,-366,18
3,114,227,3669,-366,18
3,114,227,3669,-360,62
3,114,227,3670,-366,18
3,114,227,3670,-362,54
3,114,227,3671,-366,18
3,114,227,3671,-365,35
3,114,227,3671,-363,44
3,114,227,3672,-366,0
3,114,227,3672,-366,18
3,114,227,3672,-365,26
3,114,227,3672,-365,35
3,114,227,3673,-366,18
3,114,227,3674,-366,18
3,114,227,3675,-366,18
3,114,227,3676,-366,18
3,114,227,3677,-366,0
3,114,227,3677,-366,18
3,114,227,3678,-366,-8
3,114,227,3678,-366,18
3,114,227,3679,-366,-18
3,114,227,3679,-366,18
3,114,227,3680,-366,18
3,114,227,3686,-366,0
3,114,228,3667,-358,80
3,114,228,3676,-340,0
3,114,228,3682,-340,0
3,114,228,3682,-337,-41
3,114,228,3686,-366,0
3,114,229,3635,-340,0
3,114,229,3638,-340,0
3,114,229,3639,-340,0
3,114,229,3640,-340,0
3,114,229,3641,-340,0
3,114,229,3642,-340,0
3,114,229,3643,-340,0
3,114,229,3644,-340,0
3,114,229,3649,-340,0
3,114,229,3650,-340,0
3,114,229,3653,-340,0
3,114,229,3654,-340,0
3,114,229,3656,-340,0
3,114,229,3657,-340,0
3,114,229,3663,-340,0
3,114,229,3667,-340,0
3,114,229,3668,-340,0
3,114,229,3669,-340,0
3,114,229,3669,-336,50
3,114,229,3671,-340,0
3,114,229,3673,-340,0
3,114,229,3674,-490,97
3,114,229,3675,-492,85
3,114,229,3675,-340,0
3,114,229,3677,-340,0
3,114,229,3678,-340,0
3,114,229,3679,-340,0
3,114,229,3680,-340,0
3,114,229,3680,-339,-25
3,114,229,3681,-340,0
3,114,229,3681,-339,-33
3,114,229,3682,-340,0
3,114,230,3674,-490,97
3,116,139,3696,0,0
3,116,141,3691,-70,255
3,116,149,3684,-278,-84
3,116,154,3699,-162,-86
3,116,156,3699,-94,-90
3,116,157,3693,44,-257
3,116,157,3698,-151,-144
3,116,158,3692,44,-257
3,116,158,3697,-162,-132
3,116,158,3698,-132,-162
3,116,159,3691,-20,16
3,116,159,3691,22,12
3,116,159,3692,-234,-318
3,116,159,3692,-18,-18
3,116,159,3697,149,-105
3,116,159,3698,-132,-162
3,116,159,3699,-176,-48
3,116,160,3691,-227,-323
3,116,160,3691,-26,0
3,116,160,3691,0,0
3,116,160,3691,26,-1
3,116,160,3691,66,-81
3,116,160,3691,217,-362
3,116,160,3693,-179,-380
3,116,160,3694,-329,-219
3,116,160,3697,-94,-157
3,116,160,3699,-130,9
3,116,161,3688,-252,-186
3,116,161,3691,-26,-1
3,116,161,3691,21,13
3,116,161,3691,26,0
3,116,161,3691,45,-231
3,116,161,3691,47,-271
3,116,161,3691,225,-355
3,116,161,3694,-171,-385
3,116,161,3699,182,-36
3,116,162,3691,25,2
3,116,162,3691,38,-258
3,116,162,3691,97,-37
3,116,162,3691,116,-58
3,116,162,3691,130,0
3,116,162,3693,38,-258
3,116,162,3698,-144,-151
3,116,162,3698,-101,-152
3,116,162,3699,115,-62
3,116,163,3691,0,0
3,116,163,3691,108,-140
3,116,163,3691,130,0
3,116,163,3692,70,-468
3,116,163,3698,116,-174
3,116,163,3699,-138,-74
3,116,164,3681,-149,105
3,116,164,3686,-162,86
3,116,164,3691,22,12
3,116,164,3691,22,13
3,116,164,3691,26,1
3,116,164,3691,89,128
3,116,164,3691,113,-64
3,116,164,3691,130,0
3,116,164,3691,214,-101
3,116,164,3693,-107,-325
3,116,164,3693,-99,-328
3,116,164,3695,-146,-309
3,116,164,3697,-17,-182
3,116,164,3698,158,-136
3,116,164,3699,-138,-74
3,116,164,3699,-115,-62
3,116,165,3691,-202,-121
3,116,165,3691,22,12
3,116,165,3691,22,13
3,116,165,3691,104,0
3,116,165,3691,130,0
3,116,165,3691,144,-217
3,116,165,3691,185,-82
3,116,165,3691,219,-297
3,116,165,3692,-58,-337
3,116,165,3692,159,-96
3,116,165,3693,-83,-332
3,116,165,3693,-75,-335
3,116,165,3695,-36,-206
3,116,165,3697,-53,-175
3,116,165,3698,132,-162
3,116,165,3699,-115,-62
3,116,166,3691,0,0
3,116,166,3691,22,12
3,116,166,3691,23,12
3,116,166,3691,26,0
3,116,166,3691,43,-65
3,116,166,3691,116,-58
3,116,166,3691,130,0
3,116,166,3691,144,-217
3,116,166,3691,159,-239
3,116,166,3691,233,-117
3,116,166,3692,-313,-47
3,116,166,3692,-33,-341
3,116,166,3696,-91,-220
3,116,166,3697,-130,-167
3,116,166,3697,-101,-152
3,116,166,3697,-94,-157
3,116,166,3697,-61,-172
3,116,166,3698,-144,-185
3,116,166,3698,-113,-108
3,116,166,3698,-112,-144
3,116,166,3699,-23,-12
3,116,167,3691,-16,19
3,116,167,3691,0,0
3,116,167,3691,23,12
3,116,167,3691,26,0
3,116,167,3691,130,0
3,116,167,3691,138,74
3,116,167,3695,-20,-208
3,116,167,3695,204,-167
3,116,167,3697,-134,-128
3,116,167,3697,-101,-152
3,116,167,3697,-61,-172
3,116,167,3697,-57,-174
3,116,167,3697,52,-175
3,116,167,3699,-194,-86
3,116,167,3699,-191,-85
3,116,167,3699,-167,-74
3,116,167,3699,-141,-75
3,116,167,3699,-138,-74
3,116,168,3691,0,0
3,116,168,3691,1,-26
3,116,168,3691,23,-312
3,116,168,3691,23,11
3,116,168,3691,26,0
3,116,168,3691,130,0
3,116,168,3691,200,-94
3,116,168,3691,205,-116
3,116,168,3693,-14,-287
3,116,168,3695,15,-208
3,116,168,3697,-66,-171
3,116,168,3697,-17,-182
3,116,168,3697,17,-182
3,116,168,3698,-87,-130
3,116,168,3698,-61,-172
3,116,168,3699,-234,-41
3,116,168,3699,-232,-52
3,116,168,3699,-143,-64
3,116,168,3699,-132,83
3,116,168,3699,-23,-12
3,116,168,3699,314,-130
3,116,169,3690,159,-90
3,116,169,3691,1,-26
3,116,169,3691,22,-13
3,116,169,3691,23,10
3,116,169,3691,26,-1
3,116,169,3693,-472,-35
3,116,169,3693,11,-235
3,116,169,3695,-74,-226
3,116,169,3695,15,-208
3,116,169,3696,-65,-198
3,116,169,3698,-202,-121
3,116,169,3698,69,-169
3,116,169,3699,-157,-94
3,116,169,3699,-117,-63
3,116,169,3699,-115,-62
3,116,170,3671,7,157
3,116,170,3691,-26,-2
3,116,170,3691,-23,12
3,116,170,3691,0,-314
3,116,170,3691,111,-176
3,116,170,3692,13,-261
3,116,170,3697,2,-104
3,116,170,3698,2,-130
3,116,170,3699,-353,177
3,116,171,3641,0,500
3,116,171,3659,0,500
3,116,171,3681,0,26
3,116,171,3683,0,52
3,116,171,3684,0,52
3,116,171,3685,-4,25
3,116,171,3686,-16,19
3,116,171,3687,-5,25
3,116,171,3688,-16,19
3,116,171,3689,-24,9
3,116,171,3690,-176,-112
3,116,171,3691,-26,-1
3,116,171,3692,-21,-14
3,116,171,3699,113,64
3,116,171,3780,0,-26
3,116,172,3675,-5,104
3,116,172,3684,-3,51
3,116,172,3685,-285,56
3,116,172,3685,110,73
3,116,172,3687,-214,-214
3,116,172,3691,264,-324
3,116,172,3695,-27,154
3,116,172,3699,205,-85
3,116,172,3700,126,34
3,116,172,3700,130,-7
3,116,172,3701,115,61
3,116,173,3680,-196,4
3,116,173,3691,-55,-55
3,116,173,3696,208,20
3,116,173,3698,151,-3
3,116,173,3699,208,20
3,116,173,3701,126,34
3,116,174,3683,-298,-298
3,116,174,3686,269,-162
3,116,174,3692,141,66
3,116,174,3693,-409,181
3,116,174,3698,184,-99
3,116,174,3701,171,0
3,116,174,3706,96,-40
3,116,175,3683,-110,149
3,116,175,3694,92,-126
3,116,175,3698,116,-174
3,116,175,3701,208,20
3,116,176,3690,-20,-208
3,116,176,3697,155,-141
3,116,177,3685,-242,-242
3,116,177,3692,-234,317
3,116,177,3695,148,-182
3,116,178,3660,-361,345
3,116,178,3676,-107,353
3,116,178,3691,139,189
3,116,180,3687,-107,-353
3,116,181,3687,-91,-300
3,116,181,3694,419,41
3,116,183,3659,-137,453
3,116,184,3695,-188,254
3,116,184,3741,-156,-474
3,116,186,3660,-181,438
3,116,186,3713,-151,215
3,116,186,3721,-142,157
3,116,187,3694,-344,132
3,116,188,3692,-337,149
3,116,189,3714,-126,92
3,116,190,3662,-326,378
3,116,191,3712,-201,127
3,116,193,3741,-275,-319
3,116,194,3658,-361,345
3,116,194,3669,-498,-37
3,116,194,3670,-498,-37
3,116,194,3704,-236,111
3,116,194,3716,-369,0
3,116,195,3692,-407,111
3,116,195,3695,-285,233
3,116,195,3720,-342,0
3,116,197,3691,-431,107
3,116,197,3702,-307,144
3,116,198,3668,-292,339
3,116,198,3670,-500,0
3,116,198,3670,-335,371
3,116,198,3671,-500,0
3,116,198,3681,-500,-25
3,116,198,3688,-412,170
3,116,199,3671,-500,0
3,116,199,3672,-500,0
3,116,200,3687,-387,160
3,116,200,3687,-382,169
3,116,200,3748,-395,0
3,116,200,3751,-326,-378
3,116,201,3687,-387,160
3,116,201,3690,-456,114
3,116,201,3692,-408,101
3,116,202,3707,-421,267
3,116,203,3672,-500,11
3,116,203,3672,-497,0
3,116,203,3673,-497,0
3,116,203,3689,-422,138
3,116,203,3691,-431,107
3,116,203,3691,-411,92
3,116,203,3691,-405,101
3,116,204,3674,-497,-11
3,116,204,3684,-401,189
3,116,204,3690,-432,118
3,116,204,3690,-429,117
3,116,204,3691,-431,107
3,116,205,3663,-402,296
3,116,205,3675,-497,-11
3,116,205,3685,-415,159
3,116,205,3685,-414,171
3,116,205,3685,-412,170
3,116,205,3686,-415,159
3,116,205,3692,-437,97
3,116,205,3708,-444,0
3,116,205,3709,-444,0
3,116,205,3748,-447,0
3,116,206,3664,-429,257
3,116,206,3704,-319,180
3,116,206,3708,-447,0
3,116,207,3664,-429,257
3,116,207,3682,-448,211
3,116,207,3690,-456,114
3,116,207,3690,-433,108
3,116,207,3690,-431,107
3,116,207,3691,-437,97
3,116,207,3691,-433,108
3,116,207,3750,-326,-378
3,116,207,3758,-326,-378
3,116,208,3675,-471,0
3,116,208,3677,-471,0
3,116,208,3678,-500,0
3,116,208,3678,-471,0
3,116,208,3682,-425,200
3,116,208,3689,-460,102
3,116,208,3692,-441,76
3,116,208,3692,-439,87
3,116,208,3709,-235,0
3,116,209,3688,-500,0
3,116,209,3688,-494,74
3,116,209,3709,-473,0
3,116,210,3675,-471,10
3,116,210,3688,-496,60
3,116,210,3754,-326,-378
3,116,210,3762,-326,-378
3,116,211,3663,-378,326
3,116,211,3671,-462,91
3,116,211,3676,-444,0
3,116,211,3682,-436,180
3,116,211,3688,-454,125
3,116,211,3689,-456,114
3,116,211,3689,-454,125
3,116,212,3681,-444,0
3,116,212,3683,-436,180
3,116,212,3688,-500,0
3,116,212,3688,-498,48
3,116,212,3688,-454,125
3,116,212,3689,-454,125
3,116,212,3692,-466,81
3,116,213,3665,-400,294
3,116,213,3679,-444,0
3,116,213,3680,-444,0
3,116,213,3687,-498,37
3,116,213,3688,-500,0
3,116,213,3688,-498,-37
3,116,213,3688,-498,37
3,116,213,3748,-473,0
3,116,214,3662,-384,314
3,116,214,3667,-405,242
3,116,214,3677,-490,97
3,116,214,3679,-444,10
3,116,214,3681,-444,-10
3,116,214,3708,-471,0
3,116,214,3713,-457,203
3,116,215,3672,-335,371
3,116,215,3679,-444,10
3,116,215,3680,-447,0
3,116,216,3664,-384,270
3,116,216,3684,-500,0
3,116,216,3684,-444,0
3,116,216,3684,-426,128
3,116,216,3716,-309,358
3,116,217,3663,-384,270
3,116,217,3663,-335,371
3,116,217,3671,-359,343
3,116,217,3671,-351,351
3,116,217,3672,-359,343
3,116,217,3672,-351,351
3,116,217,3673,-351,351
3,116,217,3674,-359,343
3,116,217,3674,-351,351
3,116,217,3675,-359,343
3,116,217,3675,-351,351
3,116,217,3676,-359,343
3,116,217,3676,-351,351
3,116,217,3677,-359,343
3,116,217,3677,-351,351
3,116,217,3678,-359,343
3,116,217,3678,-351,351
3,116,217,3679,-359,343
3,116,217,3679,-351,351
3,116,217,3680,-351,351
3,116,217,3681,-359,343
3,116,217,3681,-351,351
3,116,217,3682,-418,0
3,116,217,3682,-351,351
3,116,217,3683,-359,343
3,116,217,3683,-351,351
3,116,217,3684,-359,343
3,116,217,3684,-351,351
3,116,217,3685,-359,343
3,116,217,3685,-351,351
3,116,217,3686,-359,343
3,116,217,3686,-351,351
3,116,217,3687,-359,343
3,116,217,3687,-351,351
3,116,217,3688,-359,343
3,116,217,3688,-351,351
3,116,217,3689,-359,343
3,116,217,3690,-359,343
3,116,217,3690,-351,351
3,116,217,3691,-359,343
3,116,217,3691,-351,351
3,116,217,3693,-359,343
3,116,217,3693,-351,351
3,116,217,3695,-359,343
3,116,217,3696,-351,351
3,116,217,3698,-359,343
3,116,217,3699,-359,343
3,116,217,3699,-351,351
3,116,217,3712,-457,203
3,116,218,3663,-344,358
3,116,218,3669,-344,358
3,116,218,3671,-334,368
3,116,218,3672,-334,368
3,116,218,3676,-353,353
3,116,218,3681,-418,21
3,116,218,3682,-418,0
3,116,218,3682,-378,326
3,116,218,3683,-500,0
3,116,218,3683,-418,0
3,116,218,3685,-418,0
3,116,218,3689,-378,326
3,116,218,3690,-378,326
3,116,219,3676,-490,97
3,116,219,3677,-494,74
3,116,219,3680,-446,43
3,116,219,3681,-418,21
3,116,219,3684,-418,0
3,116,219,3686,-418,0
3,116,219,3701,-401,189
3,116,220,3676,-490,97
3,116,220,3676,-340,325
3,116,220,3677,-492,85
3,116,220,3677,-340,325
3,116,220,3678,-340,325
3,116,220,3679,-340,325
3,116,220,3680,-340,325
3,116,220,3681,-340,325
3,116,220,3682,-340,325
3,116,220,3683,-500,0
3,116,220,3683,-498,0
3,116,220,3683,-340,325
3,116,220,3684,-340,325
3,116,220,3685,-340,325
3,116,220,3686,-418,0
3,116,220,3687,-340,325
3,116,220,3688,-340,325
3,116,220,3690,-340,325
3,116,220,3693,-340,325
3,116,220,3696,-340,325
3,116,221,3676,-488,109
3,116,221,3677,-492,85
3,116,221,3678,-470,57
3,116,221,3680,-419,31
3,116,221,3681,-392,8
3,116,221,3681,-340,325
3,116,221,3682,-392,0
3,116,221,3684,-500,0
3,116,221,3687,-386,316
3,116,221,3696,-364,205
3,116,221,3697,-364,205
3,116,222,3672,-371,335
3,116,222,3674,-371,335
3,116,222,3676,-492,85
3,116,222,3678,-371,335
3,116,222,3680,-371,335
3,116,222,3681,-392,8
3,116,222,3685,-371,335
3,116,222,3687,-418,-10
3,116,222,3688,-371,335
3,116,222,3690,-371,335
3,116,222,3695,-364,205
3,116,222,3748,-500,0
3,116,223,3676,-494,74
3,116,223,3677,-494,74
3,116,223,3678,-446,43
3,116,223,3685,-500,0
3,116,223,3699,-378,178
3,116,224,3695,-342,192
3,116,225,3688,-500,0
3,116,225,3694,-342,192
3,116,226,3688,-500,0
3,116,226,3697,-358,159
3,116,227,3697,-358,159
3,116,230,3697,-500,0
3,116,230,3700,-500,0
3,116,231,3694,-500,-11
3,116,231,3744,-500,0
3,116,232,3748,-500,0
3,117,85,3790,185,346
3,117,88,3792,304,203
3,117,90,3789,255,18
3,117,95,3827,0,-316
3,117,105,3827,0,-314
3,117,127,3724,-18,-18
3,117,127,3725,-25,-6
3,117,128,3723,28,-128
3,117,131,3825,10,-473
3,117,132,3819,0,-421
3,117,137,3802,-193,-213
3,117,138,3826,-13,-261
3,117,139,3706,0,380
3,117,139,3707,0,183
3,117,141,3728,-119,236
3,117,145,3820,25,-339
3,117,147,3810,-312,-283
3,117,155,3719,-208,-199
3,117,156,3829,0,-473
3,117,160,3726,121,-202
3,117,161,3704,-339,-292
3,117,161,3721,-111,-269
3,117,163,3722,-190,-404
3,117,163,3731,92,-49
3,117,163,3731,141,-75
3,117,163,3829,10,-473
3,117,164,3724,-7,-290
3,117,164,3729,153,-146
3,117,164,3822,22,-447
3,117,165,3720,-107,-325
3,117,165,3721,58,-335
3,117,165,3722,-201,-400
3,117,165,3729,173,-121
3,117,166,3719,33,-341
3,117,166,3722,-21,-289
3,117,166,3730,123,-101
3,117,167,3728,74,-226
3,117,167,3729,-114,-146
3,117,167,3731,-167,-74
3,117,167,3819,62,-416
3,117,169,3826,17,-342
3,117,170,3731,-26,0
3,117,170,3826,7,-340
3,117,171,3669,0,500
3,117,171,3670,0,500
3,117,171,3671,0,500
3,117,171,3674,0,500
3,117,171,3675,0,500
3,117,171,3680,0,500
3,117,171,3685,0,328
3,117,171,3685,0,500
3,117,171,3689,0,157
3,117,171,3691,0,183
3,117,171,3701,0,421
3,117,171,3709,0,209
3,117,171,3718,-23,10
3,117,171,3719,-24,9
3,117,171,3721,-26,-1
3,117,171,3722,-21,-14
3,117,171,3723,-21,-14
3,117,171,3725,-12,-23
3,117,171,3725,0,0
3,117,171,3726,-74,-138
3,117,171,3726,0,0
3,117,171,3728,-152,-101
3,117,171,3728,-74,-138
3,117,171,3728,0,0
3,117,171,3729,-74,-138
3,117,171,3730,-118,-220
3,117,171,3730,-74,-138
3,117,171,3731,-74,-138
3,117,171,3731,0,-130
3,117,171,3805,0,-157
3,117,171,3827,0,-314
3,117,172,3680,-109,488
3,117,172,3714,-3,25
3,117,172,3719,-3,25
3,117,172,3724,-26,-1
3,117,172,3740,186,348
3,117,172,3742,179,335
3,117,173,3723,164,87
3,117,173,3758,185,346
3,117,173,3808,0,-287
3,117,173,3815,-323,-309
3,117,173,3816,75,-107
3,117,173,3821,-25,-339
3,117,174,3670,-109,488
3,117,174,3744,239,159
3,117,174,3745,239,159
3,117,175,3740,282,188
3,117,175,3743,307,204
3,117,175,3744,304,203
3,117,175,3757,307,204
3,117,175,3814,-67,-389
3,117,176,3702,-48,498
3,117,176,3716,-106,298
3,117,176,3742,350,233
3,117,176,3747,369,246
3,117,176,3750,350,233
3,117,176,3752,350,233
3,117,176,3761,348,232
3,117,177,3683,-132,482
3,117,177,3723,-60,496
3,117,177,3739,-51,338
3,117,177,3744,312,30
3,117,178,3805,-235,-246
3,117,178,3812,-364,-298
3,117,179,3722,217,-90
3,117,179,3733,-85,492
3,117,179,3736,-108,433
3,117,179,3744,-98,437
3,117,179,3755,-102,408
3,117,179,3834,-353,-353
3,117,180,3674,-121,484
3,117,180,3683,-121,484
3,117,180,3698,-108,433
3,117,180,3700,-108,433
3,117,180,3727,234,22
3,117,180,3735,-108,433
3,117,180,3741,-103,462
3,117,180,3743,-108,433
3,117,180,3748,-114,458
3,117,180,3750,-108,433
3,117,181,3675,-121,484
3,117,181,3684,-121,484
3,117,181,3737,-98,437
3,117,181,3739,-109,488
3,117,181,3748,-140,424
3,117,181,3751,-119,431
3,117,181,3752,-119,431
3,117,182,3673,-132,482
3,117,182,3675,-132,482
3,117,182,3716,-109,488
3,117,182,3729,-109,488
3,117,182,3746,-119,431
3,117,182,3750,-137,453
3,117,182,3761,-160,361
3,117,182,3823,-314,-314
3,117,183,3724,-121,484
3,117,184,3721,-203,275
3,117,184,3721,-197,279
3,117,184,3735,-132,482
3,117,184,3739,-119,431
3,117,184,3740,-171,414
3,117,184,3752,-160,417
3,117,184,3762,-187,348
3,117,184,3810,-337,-290
3,117,184,3813,-323,-309
3,117,185,3715,-160,387
3,117,185,3716,-202,337
3,117,185,3734,-132,482
3,117,185,3741,-144,478
3,117,185,3758,-189,376
3,117,186,3709,-361,345
3,117,186,3709,-132,482
3,117,186,3712,-132,482
3,117,186,3719,-219,296
3,117,186,3721,-212,451
3,117,186,3722,-258,299
3,117,186,3734,-121,403
3,117,186,3735,-192,432
3,117,186,3742,-156,474
3,117,186,3751,-192,432
3,117,186,3755,-201,400
3,117,187,3708,-451,212
3,117,187,3708,-207,366
3,117,187,3722,-233,350
3,117,187,3722,-59,-51
3,117,187,3730,-114,378
3,117,187,3743,-167,470
3,117,187,3753,-201,400
3,117,187,3757,-224,353
3,117,187,3808,-312,-283
3,117,187,3809,-319,-275
3,117,187,3815,-207,-367
3,117,187,3817,-211,-395
3,117,188,3697,-306,394
3,117,188,3704,-306,394
3,117,188,3716,-466,179
3,117,188,3716,-421,267
3,117,188,3716,-227,322
3,117,188,3717,-234,317
3,117,188,3719,-275,319
3,117,188,3735,-233,350
3,117,188,3743,-96,123
3,117,188,3750,-242,343
3,117,188,3812,-250,-339
3,117,189,3718,-258,299
3,117,189,3719,-283,312
3,117,189,3719,-275,319
3,117,189,3727,-248,273
3,117,189,3727,-241,279
3,117,189,3753,-224,417
3,117,189,3808,-258,-299
3,117,190,3825,-212,-424
3,117,191,3714,-429,257
3,117,191,3714,-408,287
3,117,191,3716,-292,339
3,117,191,3725,-265,293
3,117,192,3706,0,500
3,117,192,3713,-421,267
3,117,192,3715,-262,394
3,117,192,3715,-253,399
3,117,192,3716,-292,339
3,117,192,3720,0,500
3,117,192,3723,-275,319
3,117,192,3727,-194,249
3,117,193,3709,-266,360
3,117,193,3709,-257,365
3,117,193,3710,-266,360
3,117,193,3737,-219,228
3,117,193,3744,-236,441
3,117,194,3709,-266,360
3,117,194,3712,-275,319
3,117,194,3713,-309,358
3,117,194,3720,-283,346
3,117,194,3721,-309,358
3,117,194,3722,-283,312
3,117,195,3707,-304,291
3,117,195,3710,-326,266
3,117,195,3712,-300,332
3,117,195,3714,-478,144
3,117,195,3735,-212,451
3,117,195,3736,-212,451
3,117,195,3751,-272,386
3,117,195,3807,-326,-266
3,117,196,3705,-281,381
3,117,196,3706,-298,297
3,117,196,3707,-304,291
3,117,196,3707,-298,297
3,117,196,3709,-326,266
3,117,196,3709,-319,274
3,117,196,3710,-326,266
3,117,196,3710,-292,339
3,117,196,3713,-203,457
3,117,196,3719,-300,332
3,117,196,3719,-292,339
3,117,196,3732,-212,451
3,117,196,3734,-224,447
3,117,196,3736,-224,447
3,117,196,3741,-292,339
3,117,196,3748,-342,-8
3,117,196,3750,-367,-36
3,117,196,3812,-500,0
3,117,196,3823,-148,-450
3,117,197,3709,-292,339
3,117,197,3717,-292,339
3,117,197,3725,-212,451
3,117,197,3726,-212,451
3,117,197,3728,-212,451
3,117,197,3729,-212,451
3,117,197,3731,-212,451
3,117,197,3733,-224,447
3,117,197,3734,-236,441
3,117,197,3737,-290,373
3,117,198,3707,-287,408
3,117,198,3728,-224,447
3,117,198,3729,-224,447
3,117,198,3758,-309,323
3,117,198,3803,-367,-207
3,117,199,3703,-316,316
3,117,199,3707,-318,351
3,117,199,3715,-318,351
3,117,199,3721,-361,345
3,117,199,3721,-345,361
3,117,199,3722,-361,345
3,117,199,3723,-361,345
3,117,199,3730,-361,345
3,117,199,3730,-224,447
3,117,199,3734,-236,441
3,117,199,3744,-345,361
3,117,199,3753,-395,-9
3,117,199,3766,-366,-8
3,117,199,3816,-323,-309
3,117,200,3702,-277,416
3,117,200,3703,-277,416
3,117,200,3705,-309,358
3,117,200,3706,-309,358
3,117,200,3712,-326,378
3,117,200,3714,-318,351
3,117,200,3714,-309,358
3,117,200,3715,-318,351
3,117,200,3721,-345,361
3,117,200,3728,-361,345
3,117,200,3730,-335,371
3,117,200,3744,-326,378
3,117,200,3748,-395,0
3,117,200,3756,-407,111
3,117,200,3810,-353,-274
3,117,201,3703,-277,416
3,117,201,3706,-337,290
3,117,201,3725,-224,447
3,117,201,3734,-316,386
3,117,202,3711,-326,378
3,117,202,3741,-421,0
3,117,202,3751,-421,0
3,117,202,3752,-421,0
3,117,202,3753,-421,0
3,117,202,3778,-369,0
3,117,202,3831,-345,-361
3,117,203,3710,-326,378
3,117,203,3712,-335,371
3,117,203,3721,-345,361
3,117,203,3722,-345,361
3,117,203,3724,-361,345
3,117,203,3753,-457,125
3,117,203,3754,-424,212
3,117,203,3754,-419,-31
3,117,203,3781,-327,-342
3,117,204,3699,-287,408
3,117,204,3700,-287,408
3,117,204,3702,-326,378
3,117,204,3709,-326,378
3,117,204,3723,-361,345
3,117,204,3724,-361,345
3,117,204,3731,-326,378
3,117,204,3803,-466,-179
3,117,205,3720,-326,378
3,117,205,3748,-447,0
3,117,205,3780,-340,0
3,117,205,3834,-233,-412
3,117,206,3707,-335,371
3,117,206,3707,-326,378
3,117,206,3708,-335,371
3,117,206,3714,-353,353
3,117,206,3715,-353,353
3,117,206,3719,-353,353
3,117,206,3722,-353,353
3,117,207,3706,-335,371
3,117,207,3707,-335,371
3,117,207,3714,-353,353
3,117,207,3715,-353,353
3,117,207,3717,-353,353
3,117,207,3722,-345,361
3,117,207,3722,-306,394
3,117,207,3723,-353,353
3,117,207,3723,-345,361
3,117,207,3725,-316,386
3,117,207,3737,-326,378
3,117,207,3738,-335,371
3,117,208,3718,-335,371
3,117,208,3726,-316,386
3,117,208,3727,-361,345
3,117,208,3727,-316,386
3,117,208,3728,-361,345
3,117,208,3752,-148,449
3,117,208,3821,-462,-191
3,117,209,3704,-335,371
3,117,209,3716,-326,378
3,117,209,3718,-353,353
3,117,209,3740,-473,0
3,117,209,3772,-473,0
3,117,209,3777,-472,35
3,117,209,3784,-473,0
3,117,209,3804,-438,-181
3,117,210,3703,-324,376
3,117,210,3710,-353,353
3,117,210,3711,-353,353
3,117,210,3712,-353,353
3,117,210,3713,-353,353
3,117,210,3714,-371,335
3,117,210,3717,-353,353
3,117,210,3717,-296,402
3,117,210,3719,-353,353
3,117,210,3720,-361,345
3,117,210,3720,-353,353
3,117,210,3724,-353,353
3,117,210,3732,-335,371
3,117,210,3788,-353,-353
3,117,210,3802,-442,-170
3,117,211,3712,-287,408
3,117,211,3717,-361,345
3,117,211,3734,-335,371
3,117,212,3712,-345,361
3,117,212,3712,-287,408
3,117,212,3713,-296,402
3,117,212,3716,-353,353
3,117,212,3717,-371,335
3,117,212,3717,-361,345
3,117,212,3718,-361,345
3,117,212,3719,-378,326
3,117,212,3746,-316,386
3,117,212,3747,-361,345
3,117,212,3747,-335,371
3,117,212,3755,-361,345
3,117,212,3761,-500,0
3,117,212,3784,-500,0
3,117,212,3822,-429,-257
3,117,213,3707,-353,353
3,117,213,3708,-353,353
3,117,213,3709,-353,353
3,117,213,3710,-353,353
3,117,213,3711,-353,353
3,117,213,3714,-353,353
3,117,213,3718,-386,316
3,117,213,3725,-345,361
3,117,213,3728,-345,361
3,117,213,3729,-345,361
3,117,213,3733,-345,361
3,117,213,3746,-335,371
3,117,213,3746,-316,386
3,117,213,3747,-361,345
3,117,213,3747,-335,371
3,117,213,3748,-500,0
3,117,213,3748,-473,0
3,117,213,3748,-421,0
3,117,213,3772,-473,0
3,117,213,3780,-473,0
3,117,213,3784,-500,0
3,117,213,3806,-470,-167
3,117,214,3697,-361,345
3,117,214,3708,-277,416
3,117,214,3714,-353,353
3,117,214,3714,-316,386
3,117,214,3716,-326,378
3,117,214,3717,-353,353
3,117,214,3718,-386,316
3,117,214,3735,-378,326
3,117,214,3742,-361,345
3,117,214,3745,-326,378
3,117,214,3746,-361,345
3,117,214,3784,-500,0
3,117,215,3689,-335,371
3,117,215,3690,-335,371
3,117,215,3709,-326,378
3,117,215,3712,-359,343
3,117,215,3713,-359,343
3,117,215,3714,-369,333
3,117,215,3714,-359,343
3,117,215,3715,-376,324
3,117,215,3715,-326,378
3,117,215,3748,-500,0
3,117,215,3784,-500,0
3,117,216,3707,-335,371
3,117,216,3709,-335,371
3,117,216,3711,-351,351
3,117,216,3712,-326,378
3,117,216,3714,-376,324
3,117,216,3715,-376,324
3,117,216,3715,-335,371
3,117,216,3722,-345,361
3,117,216,3726,-345,361
3,117,216,3727,-353,353
3,117,216,3823,-345,-361
3,117,217,3702,-359,343
3,117,217,3702,-351,351
3,117,217,3703,-359,343
3,117,217,3703,-351,351
3,117,217,3704,-359,343
3,117,217,3704,-351,351
3,117,217,3705,-359,343
3,117,217,3705,-351,351
3,117,217,3706,-359,343
3,117,217,3706,-351,351
3,117,217,3707,-359,343
3,117,217,3707,-351,351
3,117,217,3708,-351,351
3,117,217,3709,-353,353
3,117,217,3709,-351,351
3,117,217,3710,-359,343
3,117,217,3710,-351,351
3,117,217,3710,-316,386
3,117,217,3711,-351,351
3,117,217,3711,-344,358
3,117,217,3712,-359,343
3,117,217,3712,-351,351
3,117,217,3712,-344,358
3,117,217,3713,-359,343
3,117,217,3713,-351,351
3,117,217,3714,-359,343
3,117,217,3714,-351,351
3,117,217,3714,-344,358
3,117,217,3714,-334,368
3,117,217,3715,-384,314
3,117,217,3715,-376,324
3,117,217,3715,-359,343
3,117,217,3715,-351,351
3,117,217,3715,-344,358
3,117,217,3715,-334,368
3,117,217,3716,-359,343
3,117,217,3716,-351,351
3,117,217,3716,-344,358
3,117,217,3717,-359,343
3,117,217,3717,-353,353
3,117,217,3717,-351,351
3,117,217,3724,-345,361
3,117,217,3726,-353,353
3,117,217,3727,-353,353
3,117,217,3729,-345,361
3,117,217,3777,-353,-353
3,117,217,3783,-353,-353
3,117,218,3702,-359,343
3,117,218,3702,-344,358
3,117,218,3703,-359,343
3,117,218,3703,-344,358
3,117,218,3706,-344,358
3,117,218,3707,-344,358
3,117,218,3708,-344,358
3,117,218,3709,-344,358
3,117,218,3710,-359,343
3,117,218,3710,-344,358
3,117,218,3715,-392,304
3,117,218,3715,-376,324
3,117,218,3715,-344,358
3,117,218,3717,-359,343
3,117,218,3719,-378,326
3,117,218,3721,-378,326
3,117,218,3777,-500,11
3,117,219,3709,-340,325
3,117,219,3709,-333,332
3,117,219,3710,-350,316
3,117,219,3710,-340,325
3,117,219,3711,-350,316
3,117,219,3711,-340,325
3,117,219,3712,-357,307
3,117,219,3717,-369,333
3,117,219,3717,-359,343
3,117,219,3720,-386,316
3,117,220,3700,-340,325
3,117,220,3702,-340,325
3,117,220,3707,-340,325
3,117,220,3707,-333,332
3,117,220,3709,-350,316
3,117,220,3711,-350,316
3,117,220,3711,-340,325
3,117,220,3712,-364,298
3,117,220,3712,-357,307
3,117,220,3712,-340,325
3,117,220,3713,-340,325
3,117,220,3714,-340,325
3,117,220,3723,-353,353
3,117,220,3724,-408,287
3,117,220,3805,-500,0
3,117,221,3711,-364,298
3,117,221,3712,-357,307
3,117,221,3714,-402,296
3,117,221,3714,-340,325
3,117,221,3720,-394,306
3,117,221,3744,-500,0
3,117,221,3775,-500,11
3,117,222,3701,-371,335
3,117,222,3702,-371,335
3,117,222,3703,-371,335
3,117,222,3704,-371,335
3,117,222,3705,-371,335
3,117,222,3709,-371,335
3,117,222,3711,-371,335
3,117,222,3712,-371,335
3,117,222,3712,-364,298
3,117,222,3715,-378,326
3,117,222,3717,-416,277
3,117,222,3717,-378,326
3,117,222,3721,-402,296
3,117,222,3748,-500,0
3,117,224,3720,-402,296
3,117,224,3721,-408,287
3,117,225,3784,-500,0
3,117,225,3791,-425,-140
3,117,225,3800,-500,0
3,117,226,3716,-429,257
3,117,226,3750,-498,-37
3,117,226,3751,-498,-37
3,117,226,3762,-474,156
3,117,227,3748,-500,0
3,117,230,3740,-500,0
3,117,230,3744,-500,0
3,117,230,3762,-500,0
3,117,230,3772,-500,0
3,117,230,3780,-500,0
3,117,230,3784,-500,0
3,117,231,3744,-500,0
3,117,232,3748,-500,0
4,46,102,1560,191,-462
4,46,107,1547,0,-500
4,46,107,1547,121,-484
4,46,108,1515,0,0
4,46,109,1565,0,-500
4,46,111,1521,89,217
4,46,111,1544,451,-212
4,46,114,1577,0,-500
4,46,117,1523,282,55
4,46,117,1538,0,-342
4,46,117,1549,0,-421
4,46,124,1537,0,-316
4,46,124,1537,466,-179
4,46,125,1538,451,-212
4,46,125,1572,48,-498
4,46,128,1539,0,-342
4,46,128,1546,0,-395
4,46,128,1552,0,-421
4,46,128,1559,0,-473
4,46,128,1567,0,-500
4,46,128,1571,0,-500
4,46,128,1572,0,-500
4,46,128,1574,0,-500
4,46,132,1537,0,-316
4,46,132,1543,0,-369
4,46,144,1536,0,-290
4,46,148,1535,0,-290
4,46,150,1530,376,-189
4,46,150,1536,0,-238
4,46,151,1538,0,-316
4,46,184,1567,30,-417
4,46,184,1571,19,-392
4,46,187,1559,-345,-361
4,46,188,1531,0,-104
4,46,188,1547,0,-421
4,46,188,1554,0,-471
4,46,188,1558,0,-500
4,46,188,1559,-345,-361
4,46,188,1566,0,-471
4,46,188,1569,0,-500
4,46,188,1570,0,-418
4,46,189,1571,-8,-366
4,46,189,1572,18,-366
4,46,190,1560,-371,-335
4,46,190,1563,-344,-359
4,46,190,1572,18,-366
4,46,191,1550,25,-497
4,46,191,1563,-344,-359
4,46,192,1553,0,-328
4,46,192,1564,-21,-418
4,46,192,1564,0,-418
4,46,192,1566,0,-414
4,46,192,1566,0,-392
4,46,192,1569,0,-405
4,46,192,1569,0,-387
4,46,192,1570,0,-387
4,46,192,1570,0,-366
4,46,192,1571,0,-500
4,46,192,1571,0,-403
4,46,192,1572,-18,-366
4,46,192,1572,0,-366
4,46,193,1560,-22,-444
4,46,193,1564,-21,-418
4,46,193,1567,-21,-418
4,46,193,1569,-31,-417
4,46,193,1569,-20,-392
4,46,193,1571,-29,-391
4,46,193,1572,-27,-365
4,46,193,1572,-18,-366
4,46,194,1559,-345,-361
4,46,194,1564,-31,-417
4,46,194,1564,-21,-418
4,46,194,1568,-29,-391
4,46,194,1572,-27,-365
4,46,194,1572,-18,-366
4,46,194,1572,18,-366
4,46,194,1574,-17,-340
4,46,195,1550,25,-497
4,46,195,1559,-345,-361
4,46,195,1568,-58,-388
4,46,195,1568,-38,-391
4,46,195,1572,-35,-365
4,46,195,1572,-18,-366
4,46,195,1573,0,-340
4,46,196,1559,-345,-361
4,46,196,1560,-22,-444
4,46,196,1564,-21,-418
4,46,196,1572,-18,-366
4,46,197,1559,-345,-361
4,46,197,1560,-22,-444
4,46,197,1563,-344,-359
4,46,197,1564,-21,-418
4,46,197,1570,-54,-362
4,46,197,1572,-18,-366
4,46,197,1573,0,-340
4,46,198,1559,-345,-361
4,46,198,1564,-21,-418
4,46,198,1568,-29,-391
4,46,198,1572,-18,-366
4,46,199,1517,-132,198
4,46,199,1544,0,-418
4,46,199,1558,-361,-345
4,46,199,1559,-353,-353
4,46,199,1563,-344,-359
4,46,199,1564,-21,-418
4,46,199,1572,-18,-366
4,46,199,1573,0,-340
4,46,200,1559,-345,-361
4,46,200,1564,-21,-418
4,46,200,1572,-18,-366
4,46,200,1572,18,-366
4,46,200,1573,0,-340
4,46,201,1550,25,-497
4,46,201,1553,0,-471
4,46,201,1559,-345,-361
4,46,201,1563,-344,-359
4,46,201,1564,-21,-418
4,46,201,1568,-29,-391
4,46,201,1572,-18,-366
4,46,201,1573,0,-340
4,46,202,1564,-21,-418
4,46,202,1572,-18,-366
4,46,202,1573,-97,-353
4,46,203,1546,-21,-418
4,46,203,1559,-345,-361
4,46,203,1560,-22,-444
4,46,203,1563,-344,-359
4,46,203,1564,-21,-418
4,46,203,1572,-18,-366
4,46,203,1573,0,-340
4,46,203,1574,0,-340
4,46,203,1575,0,-500
4,46,204,1511,61,115
4,46,204,1512,74,138
4,46,204,1563,-344,-359
4,46,204,1564,-21,-418
4,46,204,1569,-132,-369
4,46,204,1572,-18,-366
4,46,205,1505,102,182
4,46,205,1507,173,116
4,46,205,1509,124,168
4,46,205,1516,169,69
4,46,205,1559,-345,-361
4,46,205,1564,0,-418
4,46,205,1572,-18,-366
4,46,205,1572,0,-366
4,46,206,1506,30,-154
4,46,206,1541,0,-314
4,46,206,1559,-345,-361
4,46,206,1563,-344,-359
4,46,207,1483,0,0
4,46,207,1511,210,-155
4,46,207,1559,-345,-361
4,46,208,1506,207,111
4,46,208,1559,-345,-361
4,46,208,1563,-344,-359
4,46,209,1509,231,-171
4,46,209,1509,234,-165
4,46,209,1550,-361,-345
4,46,209,1563,-344,-359
4,46,210,1510,273,-202
4,46,210,1512,217,-90
4,46,210,1559,-353,-353
4,46,210,1559,-345,-361
4,46,210,1563,-344,-359
4,46,211,1559,-345,-361
4,46,211,1560,-345,-361
4,46,211,1563,-344,-359
4,46,212,1503,333,-75
4,46,212,1507,264,-6
4,46,212,1508,287,-14
4,46,212,1559,-345,-361
4,46,212,1563,-344,-359
4,46,213,1483,-22,-14
4,46,213,1506,287,-14
4,46,213,1550,25,-497
4,46,213,1559,-353,-353
4,46,213,1559,-345,-361
4,46,213,1563,-344,-359
4,46,214,1505,273,-202
4,46,214,1559,-361,-345
4,46,214,1559,-353,-353
4,46,214,1559,-345,-361
4,46,214,1563,-344,-359
4,46,214,1568,28,-391
4,46,215,1559,-345,-361
4,46,215,1560,-345,-361
4,46,215,1561,-324,-376
4,46,215,1563,-344,-359
4,46,216,1511,340,17
4,46,216,1542,-314,-314
4,46,216,1545,-138,-311
4,46,216,1563,-344,-359
4,46,217,1504,332,-258
4,46,217,1505,303,-248
4,46,217,1563,-344,-359
4,46,218,1502,350,-115
4,46,218,1558,-361,-345
4,46,218,1563,-344,-359
4,46,219,1501,343,-242
4,46,219,1513,269,161
4,46,219,1559,-361,-345
4,46,219,1561,-353,-353
4,46,220,1560,-361,-345
4,46,220,1561,-361,-345
4,46,221,1540,0,-500
4,46,221,1561,-361,-345
4,46,221,1562,-361,-345
4,46,221,1562,-345,-361
4,46,222,1545,37,-498
4,46,222,1564,-353,-353
4,46,223,1564,-359,-344
4,46,231,1526,-459,-114
4,46,250,1515,-500,0
5,45,100,1458,498,37
5,45,150,1425,197,-369
5,45,186,1518,482,-132
5,45,188,1515,451,-212
5,45,188,1524,335,-371
5,45,189,1528,371,-335
5,45,190,1515,500,0
5,45,190,1528,236,-441
5,45,191,1517,361,-345
5,45,192,1515,466,-179
5,45,192,1515,500,0
5,45,192,1525,335,-371
5,45,193,1529,132,-482
5,45,194,1528,236,-441
5,45,195,1533,0,-500
5,45,197,1533,0,-500
5,45,198,1533,-361,-345
5,45,199,1530,121,-484
5,45,201,1518,167,-265
5,45,201,1533,0,-500
5,45,202,1516,267,-421
5,45,203,1486,-11,23
5,45,203,1487,-114,-64
5,45,203,1492,0,0
5,45,203,1496,-115,350
5,45,203,1507,0,-183
5,45,203,1510,0,-395
5,45,203,1514,0,-421
5,45,203,1515,235,0
5,45,204,1514,-31,-419
5,45,204,1514,-21,-421
5,45,205,1503,-51,-339
5,45,206,1513,346,-185
5,45,206,1514,-41,-419
5,45,207,1497,-99,-328
5,45,207,1503,285,190
5,45,207,1507,285,190
5,45,209,1507,-80,-360
5,45,211,1519,-87,-439
5,45,215,1515,-171,-414
5,45,215,1519,-159,-446
5,45,216,1511,-171,-385
5,45,216,1519,-170,-442
5,45,218,1528,-167,-470
5,45,219,1516,-211,-395
5,45,225,1513,-266,-360
5,45,227,1524,-257,-429
5,45,235,1500,0,-316
5,45,235,1514,0,-421
5,45,235,1518,0,-447
5,45,237,1484,-31,-180
5,45,237,1514,-31,-419
5,45,246,1492,-46,-233
5,45,247,1494,-84,-278
5,45,249,1504,-83,-332
5,45,250,1507,-80,-360
5,45,264,1506,-353,-274
8,45,217,1503,339,-250
8,45,217,1504,339,-250
8,45,244,1514,0,-421
8,45,244,1523,0,-473
8,45,248,1518,402,-296
8,45,254,1515,257,-365
8,45,254,1525,236,-441
8,45,255,1510,148,-182
8,45,255,1517,22,-447
8,45,255,1520,244,-407
8,45,256,1509,0,-395
8,45,256,1517,0,-447
8,45,256,1531,270,-384
8,45,257,1515,253,-400
8,45,259,1519,212,-424
8,45,259,1522,192,-433
8,45,260,1511,0,-395
8,45,260,1528,167,-470
8,45,261,1486,39,178
8,45,261,1499,-112,292
8,45,261,1518,192,-433
8,45,262,1512,82,-164
8,45,263,1515,181,-409
8,45,264,1508,167,-357
8,45,264,1508,177,-353
8,45,264,1515,171,-414
8,45,264,1517,160,-417
8,45,265,1511,161,-390
8,45,265,1513,141,-396
8,45,265,1514,141,-396
8,45,267,1509,141,-369
8,45,267,1510,123,-375
8,45,268,1506,123,-347
8,45,269,1515,92,-411
8,45,272,1510,67,-389
8,45,276,1509,0,-104
8,45,276,1514,0,-421
8,45,276,1518,0,-447
8,45,277,1515,-435,-246
8,45,278,1515,-350,0
8,45,278,1533,0,-500
8,45,282,1532,361,-345
8,45,284,1515,-500,0
8,45,284,1533,0,-500
8,45,286,1529,-306,-394
8,45,291,1522,-457,-203
8,45,292,1524,-447,-224
8,45,292,1525,-429,-257
9,46,235,1546,402,-296
9,46,238,1550,353,-353
9,46,238,1553,353,-353
9,46,241,1544,361,-345
9,46,242,1560,353,-353
9,46,243,1553,361,-345
9,46,246,1557,361,-345
9,46,249,1548,361,-345
9,46,251,1522,9,421
9,46,251,1557,158,-443
9,46,252,1538,302,-289
9,46,253,1494,325,-174
9,46,253,1559,80,-459
9,46,254,1513,-157,332
9,46,254,1516,-179,380
9,46,254,1559,48,-498
9,46,255,1483,49,17
9,46,255,1550,58,-388
9,46,256,1512,-135,285
9,46,256,1542,0,-500
9,46,256,1543,0,-500
9,46,256,1544,0,-485
9,46,256,1555,0,-466
9,46,256,1556,0,-429
9,46,256,1557,0,-485
9,46,256,1557,0,-466
9,46,256,1557,0,-444
9,46,256,1560,0,-473
9,46,256,1560,0,-472
9,46,256,1560,0,-440
9,46,257,1537,372,-248
9,46,258,1484,25,6
9,46,258,1492,-136,-254
9,46,258,1500,163,-272
9,46,258,1511,-332,258
9,46,259,1486,30,-312
9,46,259,1490,-110,-266
9,46,259,1505,-143,-253
9,46,259,1507,-137,-256
9,46,259,1514,-285,190
9,46,261,1497,-233,-211
9,46,261,1507,269,161
9,46,261,1513,-261,173
9,46,261,1516,-254,135
9,46,262,1532,187,-218
9,46,263,1491,-221,-140
9,46,263,1495,-339,-25
9,46,263,1496,-225,-135
9,46,263,1507,-228,-128
9,46,264,1498,-329,-82
9,46,264,1499,-307,-76
9,46,264,1500,-298,-169
9,46,264,1504,-205,-116
9,46,264,1507,-323,-115
9,46,264,1511,-340,17
9,46,265,1495,-287,-7
9,46,265,1496,-300,90
9,46,265,1503,-287,-7
9,46,265,1509,-307,68
9,46,265,1513,-307,68
9,46,266,1492,-284,-42
9,46,266,1496,-269,-103
9,46,266,1505,-283,-189
9,46,266,1507,-287,-21
9,46,266,1507,-98,154
9,46,266,1512,-308,22
9,46,266,1515,-209,0
9,46,267,1506,-344,-242
9,46,268,1496,-257,-45
9,46,268,1510,-250,194
9,46,268,1514,-182,102
9,46,268,1564,368,-334
9,46,269,1496,-257,-45
9,46,269,1504,-220,-91
9,46,269,1505,-238,-5
9,46,269,1507,-260,19
9,46,269,1508,-250,194
9,46,269,1508,-195,-216
9,46,269,1509,-287,21
9,46,269,1509,-257,44
9,46,269,1509,-236,118
9,46,269,1514,-291,-264
9,46,270,1483,183,0
9,46,270,1506,-325,-107
9,46,270,1506,-323,-115
9,46,270,1508,-273,-285
9,46,270,1510,-238,-5
9,46,270,1511,-168,-124
9,46,270,1564,368,-334
9,46,271,1501,-236,-111
9,46,271,1505,-209,10
9,46,271,1509,-235,-165
9,46,271,1515,-157,0
9,46,272,1503,-182,-17
9,46,272,1507,-198,125
9,46,273,1499,-169,-70
9,46,273,1504,-155,103
9,46,273,1505,-169,-70
9,46,273,1507,-219,-229
9,46,273,1511,-210,-155
9,46,273,1511,-171,-66
9,46,273,1513,-169,-70
9,46,273,1536,498,-37
9,46,274,1509,-155,103
9,46,274,1511,-108,147
9,46,275,1509,-84,-278
9,46,275,1509,-70,-281
9,46,275,1511,-74,138
9,46,275,1512,-102,-119
9,46,275,1513,-169,-70
9,46,276,1516,43,-123
9,46,276,1552,0,-471
9,46,276,1553,0,-471
9,46,276,1557,0,-444
9,46,276,1573,0,-340
9,46,276,1574,0,-340
9,46,276,1575,0,-500
9,46,277,1564,-21,-418
9,46,277,1568,-29,-391
9,46,277,1572,-18,-366
9,46,277,1573,0,-340
9,46,278,1536,0,0
9,46,278,1564,-21,-418
9,46,278,1564,0,-418
9,46,278,1572,-18,-366
9,46,278,1572,0,-366
9,46,279,1564,-21,-418
9,46,279,1572,-18,-366
9,46,280,1532,0,0
9,46,280,1564,368,-334
9,46,280,1572,-18,-366
9,46,281,1564,368,-334
9,46,281,1573,-57,-470
9,46,282,1564,368,-334
9,46,282,1572,-18,-366
9,46,283,1564,-21,-418
9,46,284,1560,371,-335
9,46,284,1564,-21,-418
9,46,284,1572,-18,-366
9,46,285,1541,0,-444
9,46,285,1564,-21,-418
9,46,285,1572,-18,-366
9,46,286,1561,371,-335
9,46,286,1572,-18,-366
9,46,287,1572,-18,-366
9,46,288,1564,-21,-418
9,46,288,1572,-18,-366
9,46,289,1564,-21,-418
9,46,289,1572,-18,-366
9,46,290,1564,-21,-418
9,46,290,1572,-18,-366
9,46,291,1550,-25,-497
9,46,291,1562,358,-344
9,46,291,1564,-21,-418
9,46,291,1572,-18,-366
9,46,292,1550,-25,-497
9,46,292,1564,-21,-418
9,46,292,1572,-18,-366
9,46,293,1564,-21,-418
9,46,293,1572,-18,-366
9,46,294,1541,0,-444
9,46,294,1555,-24,-471
9,46,294,1564,-21,-418
9,46,294,1572,-18,-366
9,46,295,1563,343,-359
9,46,295,1572,-18,-366
9,46,296,1562,351,-351
9,46,296,1564,-21,-418
9,46,296,1572,-18,-366
9,46,297,1564,-21,-418
9,46,297,1572,-18,-366
9,46,298,1572,-18,-366
9,46,299,1541,0,-444
9,46,299,1559,353,-353
9,46,299,1564,-21,-418
9,46,299,1572,-18,-366
9,46,299,1573,0,-340
9,46,300,1563,343,-359
9,46,300,1572,-18,-366
9,46,301,1572,-18,-366
9,46,302,1572,-18,-366
9,46,303,1564,-21,-418
9,46,304,1564,-21,-418
9,46,304,1572,-18,-366
9,46,305,1564,-21,-418
9,46,305,1572,-18,-366
9,46,305,1573,0,-340
9,46,306,1564,-21,-418
9,46,306,1572,-18,-366
9,46,307,1564,-21,-418
9,46,307,1572,-18,-366
9,46,308,1572,-18,-366
9,46,310,1572,-18,-366
9,46,310,1572,18,-366
9,46,311,1550,25,-497
9,46,311,1572,-18,-366
9,46,311,1572,18,-366
9,46,312,1572,-18,-366
9,46,312,1573,0,-340
9,46,313,1564,-21,-418
9,46,313,1572,-18,-366
9,46,314,1564,-21,-418
9,46,314,1572,-18,-366
9,46,315,1572,-18,-366
9,46,317,1564,-21,-418
9,46,317,1572,-18,-366
9,46,318,1564,-21,-418
9,46,318,1572,-18,-366
9,46,319,1564,-21,-418
9,46,319,1572,-18,-366
9,46,320,1566,0,-392
9,46,320,1567,0,-335
9,46,320,1570,0,-387
9,46,320,1570,0,-366
9,46,320,1571,0,-387
9,46,320,1572,-18,-366
9,46,321,1564,-21,-418
9,46,321,1572,-27,-365
9,46,322,1547,-31,-419
9,46,322,1572,-18,-366
9,46,323,1547,21,-421
9,46,323,1565,-74,-494
9,46,324,1547,0,-421
9,46,324,1562,0,-500
9,46,324,1570,-74,-494
9,46,324,1577,0,-500
9,46,327,1545,138,-119
9,46,330,1537,0,-316
9,46,341,1564,-252,-397
9,46,346,1564,-353,-353
9,46,388,1539,-43,-446
11,86,282,2740,500,0
11,86,285,2730,482,132
11,86,285,2740,500,0
11,86,298,2703,353,353
11,86,301,2708,361,345
11,86,302,2740,306,394
11,86,302,2820,500,0
11,86,304,2828,429,-257
11,86,305,2820,500,0
11,86,306,2698,343,358
11,86,306,2699,351,351
11,86,306,2820,500,0
11,86,307,2699,351,351
11,86,308,2701,361,345
11,86,309,2701,335,371
11,86,317,2739,28,-73
11,86,318,2701,386,316
11,86,318,2728,324,173
11,86,318,2827,500,0
11,86,320,2740,0,0
11,86,320,2827,500,0
11,86,321,2737,229,63
11,86,321,2829,484,-121
11,86,322,2695,38,391
11,86,323,2733,295,113
11,86,325,2740,0,0
11,86,327,2740,-15,-50
11,86,328,2738,0,0
11,86,328,2740,0,0
11,86,329,2692,368,333
11,86,330,2687,28,391
11,86,331,2687,28,391
11,86,331,2717,340,0
11,86,331,2827,373,-290
11,86,332,2686,0,366
11,86,332,2687,28,391
11,86,332,2723,136,158
11,86,332,2724,136,158
11,86,332,2724,151,144
11,86,333,2686,0,366
11,86,333,2687,0,366
11,86,333,2687,0,392
11,86,333,2691,101,405
11,86,333,2718,-37,97
11,86,333,2724,115,141
11,86,333,2724,132,126
11,86,333,2724,151,144
11,86,333,2725,132,161
11,86,333,2725,151,144
11,86,334,2686,0,366
11,86,334,2687,0,366
11,86,335,2685,0,340
11,86,335,2686,0,366
11,86,335,2687,0,366
11,86,336,2686,0,366
11,86,337,2682,0,340
11,86,338,2682,0,340
11,86,338,2683,26,364
11,86,338,2684,18,366
11,86,339,2682,0,340
11,86,339,2683,0,340
11,86,339,2683,26,364
11,86,339,2686,0,366
11,86,339,2722,17,340
11,86,340,2682,0,340
11,86,340,2683,0,340
11,86,340,2683,26,364
11,86,341,2682,0,340
11,86,341,2683,0,340
11,86,341,2686,-18,366
11,86,342,2682,0,340
11,86,343,2682,0,340
11,86,343,2683,26,364
11,86,344,2682,0,340
11,86,344,2723,0,209
11,86,345,2682,0,340
11,86,345,2683,26,364
11,86,346,2682,0,340
11,86,347,2682,0,340
11,86,347,2683,0,340
11,86,348,2682,0,340
11,86,348,2683,26,364
11,86,349,2682,0,340
11,86,350,2682,0,340
11,86,351,2682,0,340
11,86,351,2683,0,340
11,86,352,2682,0,340
11,86,352,2683,26,364
11,86,352,2690,332,332
11,86,352,2692,348,348
11,86,352,2692,355,340
11,86,352,2692,361,345
11,86,352,2719,0,261
11,86,353,2682,0,340
11,86,353,2683,0,340
11,86,353,2683,26,364
11,86,354,2682,0,340
11,86,354,2683,0,340
11,86,354,2693,353,353
11,86,354,2693,361,345
11,86,354,2694,361,345
11,86,355,2682,0,340
11,86,355,2683,26,364
11,86,355,2692,343,358
11,86,355,2693,358,343
11,86,355,2694,353,353
11,86,356,2682,0,340
11,86,356,2683,0,340
11,86,356,2690,332,332
11,86,356,2693,358,343
11,86,356,2694,345,361
11,86,357,2682,0,340
11,86,357,2692,351,351
11,86,357,2693,358,343
11,86,358,2682,0,340
11,86,358,2693,358,343
11,86,359,2682,0,340
11,86,359,2687,240,341
11,86,359,2692,343,358
11,86,359,2692,351,351
11,86,359,2693,351,351
11,86,359,2693,358,343
11,86,359,2694,351,351
11,86,359,2697,353,353
11,86,360,2682,0,340
11,86,360,2688,240,341
11,86,360,2692,351,351
11,86,360,2693,351,351
11,86,360,2693,358,343
11,86,360,2694,351,351
11,86,361,2682,0,340
11,86,361,2692,351,351
11,86,361,2693,358,343
11,86,361,2694,351,351
11,86,362,2682,0,340
11,86,362,2683,0,340
11,86,362,2692,351,351
11,86,362,2693,358,343
11,86,362,2694,351,351
11,86,362,2695,371,335
11,86,363,2680,0,473
11,86,363,2681,0,500
11,86,363,2682,0,340
11,86,363,2683,0,340
11,86,363,2690,332,332
11,86,363,2692,351,351
11,86,363,2693,358,343
11,86,363,2694,351,351
11,86,363,2695,371,335
11,86,364,2682,0,340
11,86,364,2692,351,351
11,86,364,2693,358,343
11,86,364,2697,353,353
11,86,365,2682,0,340
11,86,365,2683,0,340
11,86,365,2683,0,366
11,86,365,2692,351,351
11,86,365,2693,358,343
11,86,365,2694,351,351
11,86,366,2682,0,340
11,86,366,2692,237,375
11,86,366,2692,351,351
11,86,366,2693,351,351
11,86,366,2693,358,343
11,86,366,2694,351,351
11,86,367,2682,0,340
11,86,367,2683,0,340
11,86,367,2693,343,358
11,86,368,2682,0,340
11,86,368,2683,0,340
11,86,368,2684,140,339
11,86,368,2687,159,358
11,86,368,2687,166,353
11,86,368,2719,0,261
11,86,368,2723,0,209
11,86,369,2682,0,340
11,86,369,2683,0,340
11,86,370,2682,0,340
11,86,370,2684,131,341
11,86,371,2682,0,340
11,86,371,2697,353,353
11,86,372,2682,0,340
11,86,372,2684,123,344
11,86,372,2690,332,332
11,86,373,2682,0,340
11,86,374,2682,0,340
11,86,374,2726,89,128
11,86,375,2681,0,500
11,86,375,2682,0,340
11,86,375,2693,358,343
11,86,376,2682,0,340
11,86,377,2682,0,340
11,86,377,2685,71,358
11,86,378,2682,0,340
11,86,378,2721,189,180
11,86,379,2682,0,340
11,86,379,2686,85,492
11,86,379,2722,169,162
11,86,379,2723,153,178
11,86,380,2682,0,340
11,86,380,2723,153,178
11,86,380,2723,169,162
11,86,381,2682,0,340
11,86,382,2682,0,340
11,86,382,2684,40,412
11,86,382,2685,28,391
11,86,382,2724,69,110
11,86,382,2726,89,128
11,86,383,2682,0,340
11,86,383,2684,19,387
11,86,384,2682,0,340
11,86,384,2684,0,387
11,86,384,2684,0,500
11,86,384,2686,0,366
11,86,384,2686,0,387
11,86,384,2690,0,392
11,86,384,2727,37,35
11,86,385,2681,0,500
11,86,387,2724,0,104
11,86,388,2678,0,500
11,86,388,2679,0,500
11,86,388,2680,0,418
11,86,388,2681,0,444
11,86,388,2681,0,497
11,86,388,2681,0,500
11,86,388,2682,0,340
11,86,388,2682,0,366
11,86,388,2682,0,418
11,86,388,2682,0,447
11,86,388,2682,0,500
11,86,388,2683,0,366
11,86,388,2683,0,392
11,86,388,2684,0,366
11,86,388,2712,0,395
11,86,388,2716,0,369
11,86,388,2724,0,104
11,86,390,2683,0,366
11,86,390,2684,-29,391
11,86,391,2681,-38,391
11,86,391,2683,-8,366
11,86,391,2685,-41,416
11,86,391,2686,-50,415
11,86,392,2723,0,209
11,86,399,2738,76,15
13,87,343,2827,500,0
13,87,344,2827,500,0
13,87,346,2820,500,0
13,87,349,2820,500,0
13,87,351,2820,500,0
13,87,351,2828,492,-85
13,87,353,2820,500,0
13,87,354,2827,500,0
13,87,361,2801,469,-57
13,87,363,2755,353,353
13,87,364,2817,366,0
13,87,370,2818,447,10
13,87,375,2820,395,0
13,87,377,2832,389,-67
13,87,379,2797,369,-18
13,87,380,2797,369,-18
13,87,382,2737,287,408
13,87,389,2737,181,408
13,87,391,2740,181,408
13,87,393,2740,141,396
13,87,394,2735,129,428
13,87,394,2739,129,428
13,87,395,2746,132,371
13,87,402,2721,326,378
13,87,403,2721,361,345
13,87,404,2741,0,421
13,87,405,2741,-21,421
13,87,409,2741,0,421
13,87,412,2734,470,167
13,87,412,2735,482,132
13,87,412,2736,478,144
13,87,412,2736,488,109
13,87,412,2740,500,0
13,87,413,2735,470,167
13,87,413,2735,478,144
13,87,413,2736,484,121
13,87,413,2740,500,0
13,87,414,2732,435,246
13,87,414,2734,462,191
13,87,414,2735,470,167
13,87,414,2740,500,0
13,87,415,2731,416,277
13,87,415,2732,394,306
13,87,415,2733,435,246
13,87,415,2733,447,224
13,87,415,2734,457,203
13,87,415,2735,466,179
13,87,415,2736,474,156
13,87,415,2740,500,0
13,87,416,2733,421,267
13,87,416,2734,451,212
13,87,416,2735,462,191
13,87,416,2735,470,167
13,87,416,2736,466,179
13,87,416,2736,470,167
13,87,416,2740,500,0
13,87,417,2728,335,371
13,87,417,2733,421,267
13,87,417,2734,447,224
13,87,417,2735,457,203
13,87,419,2728,287,408
13,87,419,2729,296,402
13,87,419,2730,316,386
13,87,419,2732,371,335
13,87,419,2738,484,121
13,87,420,2730,306,394
13,87,424,2728,361,345
13,87,424,2747,177,353
13,87,425,2740,275,26
13,87,426,2740,435,246
13,87,431,2744,76,387
13,87,432,2745,67,389
13,87,432,2748,71,361
13,87,433,2755,76,387
13,87,434,2741,31,419
13,87,434,2741,41,419
13,87,435,2766,31,259
13,87,436,2741,0,421
13,87,436,2758,-93,-173
13,87,436,2759,142,-184
13,87,436,2760,234,-28
13,87,436,2763,0,0
13,87,436,2763,195,130
13,87,436,2765,141,156
13,87,436,2766,18,-18
13,87,436,2767,0,0
13,87,436,2767,13,-261
13,87,436,2767,181,31
13,87,436,2768,123,21
13,87,436,2769,102,17
13,87,436,2770,87,-91
13,87,437,2723,361,345
13,87,437,2739,-21,421
13,87,437,2740,-276,0
13,87,437,2741,-21,421
13,87,439,2723,-97,490
13,87,439,2723,361,345
13,87,440,2723,361,345
13,87,440,2736,-306,394
13,87,442,2723,361,345
13,87,443,2726,-224,447
13,87,445,2723,-246,435
13,87,445,2735,-236,441
13,87,488,2830,-210,392
13,87,535,2783,-361,345
14,86,386,2737,494,74
14,86,391,2719,416,277
14,86,392,2785,361,-345
14,86,393,2712,345,361
14,86,394,2704,345,361
14,86,395,2704,353,353
14,86,395,2740,500,0
14,86,396,2702,353,353
14,86,396,2707,345,361
14,86,396,2722,432,192
14,86,396,2723,438,181
14,86,397,2694,351,351
14,86,397,2711,345,361
14,86,397,2716,361,345
14,86,397,2721,432,192
14,86,397,2722,432,192
14,86,397,2731,437,97
14,86,398,2704,353,353
14,86,398,2717,335,371
14,86,399,2695,353,353
14,86,399,2711,345,361
14,86,399,2727,316,386
14,86,400,2718,361,345
14,86,400,2727,424,139
14,86,401,2695,345,361
14,86,401,2696,345,361
14,86,401,2724,408,181
14,86,402,2695,353,353
14,86,402,2696,353,353
14,86,402,2697,353,353
14,86,403,2727,421,150
14,86,406,2724,439,169
14,86,407,2692,351,351
14,86,407,2693,358,343
14,86,407,2697,353,353
14,86,407,2727,450,135
14,86,408,2693,351,351
14,86,408,2693,358,343
14,86,408,2727,356,167
14,86,409,2693,358,343
14,86,409,2730,371,132
14,86,409,2731,378,114
14,86,410,2693,358,343
14,86,410,2730,368,141
14,86,410,2731,378,114
14,86,411,2693,358,343
14,86,411,2697,353,353
14,86,411,2713,327,342
14,86,411,2729,368,141
14,86,411,2740,369,0
14,86,412,2693,358,343
14,86,412,2733,355,98
14,86,413,2693,358,343
14,86,414,2693,358,343
14,86,415,2693,358,343
14,86,415,2697,353,353
14,86,416,2693,358,343
14,86,416,2717,273,285
14,86,417,2693,358,343
14,86,417,2697,353,353
14,86,418,2693,358,343
14,86,418,2697,353,353
14,86,419,2693,358,343
14,86,419,2697,353,353
14,86,420,2693,358,343
14,86,420,2697,353,353
14,86,421,2693,358,343
14,86,422,2690,343,358
14,86,422,2691,343,358
14,86,422,2692,353,353
14,86,422,2692,361,345
14,86,422,2693,358,343
14,86,423,2691,343,358
14,86,423,2692,343,358
14,86,423,2692,351,351
14,86,423,2693,358,343
14,86,423,2693,361,345
14,86,424,2718,361,345
14,86,424,2727,282,55
14,86,425,2697,353,353
14,86,426,2686,296,402
14,86,426,2688,306,394
14,86,426,2691,345,361
14,86,426,2697,353,353
14,86,427,2688,306,394
14,86,427,2693,353,353
14,86,427,2694,353,353
14,86,427,2695,345,361
14,86,427,2695,353,353
14,86,427,2696,353,353
14,86,427,2700,353,353
14,86,427,2743,9,-24
14,86,427,2745,-43,65
14,86,427,2745,-2,-26
14,86,427,2746,0,0
14,86,428,2723,136,158
14,86,428,2724,151,144
14,86,428,2744,-290,0
14,86,428,2746,-5,-25
14,86,428,2746,0,0
14,86,429,2725,132,161
14,86,429,2743,-280,196
14,86,430,2696,353,353
14,86,430,2741,-247,-95
14,86,430,2744,-290,0
14,86,431,2717,361,345
14,86,431,2737,-323,226
14,86,431,2737,196,80
14,86,431,2744,-279,149
14,86,434,2694,353,353
14,86,434,2695,353,353
14,86,434,2742,-190,285
14,86,436,2694,353,353
14,86,436,2695,353,353
14,86,436,2737,-132,-126
14,86,436,2738,-101,-152
14,86,437,2696,345,361
14,86,437,2737,377,239
14,86,438,2732,49,-283
14,86,438,2738,-158,-95
14,86,439,2728,134,-285
14,86,439,2732,100,-242
14,86,441,2738,-157,-94
14,86,441,2739,295,-114
14,86,442,2733,100,-242
14,86,442,2735,-23,-234
14,86,444,2729,0,-314
14,86,445,2729,149,-337
14,86,445,2738,-175,52
14,86,446,2728,198,-171
14,86,447,2721,151,144
14,86,447,2728,128,-289
14,86,447,2731,30,-312
14,86,447,2737,-116,-174
14,86,448,2684,-25,500
14,86,448,2684,0,500
14,86,448,2711,0,395
14,86,448,2720,151,144
14,86,448,2729,112,-293
14,86,449,2684,-25,500
14,86,451,2716,92,126
14,86,451,2718,242,311
14,86,451,2726,87,-246
14,86,451,2728,194,-176
14,86,452,2733,-31,-315
14,86,453,2734,-31,-315
14,86,453,2739,-93,-126
14,86,454,2716,317,-274
14,86,455,2718,218,228
14,86,455,2739,-87,-130
14,86,457,2698,136,453
14,86,457,2738,-132,-162
14,86,458,2729,-183,224
14,86,458,2738,-132,-162
14,86,459,2707,129,428
14,86,460,2728,219,-84
14,86,467,2710,414,72
14,86,468,2688,0,500
14,86,468,2716,0,369
14,86,468,2728,0,-130
14,86,468,2732,19,-17
14,86,468,2735,0,0
14,86,468,2735,169,-21
14,86,468,2736,19,16
14,86,478,2827,500,0
14,86,480,2827,500,0
15,82,408,2659,500,0
15,82,409,2625,419,-41
15,82,409,2659,500,0
15,82,409,2660,500,0
15,82,410,2615,500,0
15,82,410,2616,500,0
15,82,410,2620,500,0
15,82,410,2648,500,0
15,82,410,2657,340,7
15,82,410,2659,340,0
15,82,410,2659,500,0
15,82,410,2660,366,0
15,82,411,2612,340,0
15,82,411,2615,340,0
15,82,411,2618,340,0
15,82,411,2619,340,0
15,82,411,2620,340,0
15,82,411,2621,340,0
15,82,411,2622,340,0
15,82,411,2623,340,0
15,82,411,2624,340,0
15,82,411,2625,340,0
15,82,411,2626,340,0
15,82,411,2627,340,0
15,82,411,2630,340,0
15,82,411,2631,340,0
15,82,411,2632,340,0
15,82,411,2633,340,0
15,82,411,2634,340,0
15,82,411,2635,340,0
15,82,411,2636,340,0
15,82,411,2637,340,0
15,82,411,2638,340,0
15,82,411,2639,340,0
15,82,411,2640,340,0
15,82,411,2641,340,0
15,82,411,2643,340,0
15,82,411,2645,340,0
15,82,411,2646,340,0
15,82,411,2649,340,0
15,82,411,2650,340,0
15,82,411,2651,340,0
15,82,411,2652,340,0
15,82,411,2653,340,0
15,82,411,2655,340,0
15,82,411,2656,340,0
15,82,411,2657,340,0
15,82,411,2658,340,0
15,82,411,2659,340,0
15,82,411,2659,366,0
15,82,411,2659,447,0
15,82,411,2659,500,0
15,82,411,2660,361,0
15,82,411,2660,366,0
15,82,411,2670,482,-132
15,82,411,2671,482,-132
15,82,412,2620,340,0
15,82,412,2622,366,-8
15,82,412,2623,366,-18
15,82,412,2624,366,0
15,82,412,2659,340,0
15,82,412,2659,366,0
15,82,412,2660,361,0
15,82,412,2661,366,-8
15,82,412,2661,366,0
15,82,413,2623,366,-18
15,82,413,2624,366,0
15,82,413,2659,366,0
15,82,413,2659,392,0
15,82,413,2659,418,0
15,82,414,2657,366,8
15,82,414,2659,418,0
15,82,414,2659,444,0
15,82,414,2659,500,0
15,82,414,2660,366,0
15,82,415,2620,366,0
15,82,415,2621,366,0
15,82,415,2641,366,0
15,82,415,2658,366,0
15,82,415,2659,366,0
15,82,415,2659,444,0
15,82,415,2659,473,0
15,82,416,2659,444,0
15,82,416,2659,471,0
15,82,416,2659,500,0
15,82,416,2661,392,0
15,82,416,2669,482,-132
15,82,416,2670,482,-132
15,82,417,2657,392,8
15,82,417,2659,418,0
15,82,417,2659,471,0
15,82,418,2657,392,8
15,82,418,2658,392,8
15,82,418,2659,500,0
15,82,418,2660,392,0
15,82,419,2620,392,0
15,82,419,2659,418,0
15,82,419,2659,500,0
15,82,419,2660,414,0
15,82,419,2660,500,0
15,82,420,2660,414,0
15,82,420,2661,418,-21
15,82,421,2590,353,353
15,82,423,2591,345,361
15,82,423,2592,353,353
15,82,423,2656,418,0
15,82,423,2657,418,0
15,82,423,2658,418,0
15,82,427,2659,500,0
15,82,428,2656,444,0
15,82,428,2657,444,0
15,82,428,2658,444,0
15,82,428,2659,444,0
15,82,428,2661,366,0
15,82,430,2659,473,0
15,82,433,2713,345,-361
15,82,437,2627,161,132
15,82,437,2635,314,0
15,82,437,2647,339,-292
15,82,437,2659,366,0
15,82,439,2634,157,0
15,82,439,2641,316,-316
15,82,439,2641,353,-353
15,82,439,2651,260,19
15,82,443,2641,157,3
15,82,446,2634,261,0
15,82,447,2626,261,0
15,82,447,2632,261,0
15,82,451,2657,104,0
15,82,451,2657,130,0
15,82,452,2619,104,0
15,82,452,2656,104,0
15,82,452,2657,78,0
15,82,452,2657,104,0
15,82,453,2571,169,442
15,82,453,2571,192,432
15,82,453,2577,181,408
15,82,453,2651,78,0
15,82,454,2576,171,414
15,82,454,2703,169,-442
15,82,457,2674,-222,271
15,82,458,2579,139,424
15,82,458,2583,151,393
15,82,458,2644,-34,-39
15,82,458,2678,-103,268
15,82,458,2700,139,-425
15,82,459,2659,238,0
15,82,461,2662,-446,-159
15,82,464,2673,-12,235
15,82,464,2674,-143,-64
15,82,464,2676,-165,-78
15,82,465,2670,-144,144
15,82,465,2672,-85,191
15,82,465,2676,-187,-94
15,82,466,2568,361,345
15,82,467,2668,-121,99
15,82,468,2668,-21,47
15,82,469,2669,-115,-51
15,82,469,2676,25,5
15,82,470,2669,65,170
15,82,470,2671,31,209
15,82,470,2672,-10,209
15,82,470,2676,-13,261
15,82,470,2676,25,2
15,82,471,2676,-23,-12
15,82,472,2676,-17,234
15,82,472,2676,0,0
15,82,473,2676,-26,0
15,82,473,2676,-23,-12
15,82,476,2676,25,6
15,82,477,2585,339,291
15,82,481,2585,339,291
15,82,501,2581,-21,421
15,82,550,2607,-283,-189
15,82,553,2608,-185,-346
15,82,587,2656,0,-500
15,84,410,2675,500,-11
15,84,412,2717,500,0
15,84,415,2663,340,0
15,84,415,2664,340,0
15,84,415,2730,369,-132
15,84,417,2659,500,0
15,84,418,2659,392,0
15,84,418,2659,418,0
15,84,418,2659,500,0
15,84,418,2660,500,0
15,84,419,2658,392,0
15,84,419,2659,392,0
15,84,419,2659,418,0
15,84,419,2659,444,0
15,84,419,2659,500,0
15,84,419,2660,414,0
15,84,419,2660,418,0
15,84,419,2660,421,0
15,84,419,2660,431,0
15,84,419,2660,500,0
15,84,420,2659,418,0
15,84,420,2659,444,0
15,84,420,2659,500,0
15,84,420,2660,414,0
15,84,420,2660,433,0
15,84,420,2661,418,0
15,84,421,2645,353,353
15,84,421,2657,418,21
15,84,421,2658,418,21
15,84,421,2659,418,0
15,84,421,2659,444,0
15,84,421,2659,500,0
15,84,421,2661,418,0
15,84,422,2642,387,218
15,84,422,2655,358,343
15,84,422,2655,371,335
15,84,422,2656,351,351
15,84,422,2657,418,21
15,84,422,2658,418,0
15,84,422,2659,444,0
15,84,422,2659,471,0
15,84,422,2659,500,0
15,84,422,2660,440,0
15,84,422,2660,444,0
15,84,423,2646,358,343
15,84,423,2648,358,343
15,84,423,2649,358,343
15,84,423,2650,358,343
15,84,423,2651,358,343
15,84,423,2652,358,343
15,84,423,2653,358,343
15,84,423,2654,351,351
15,84,423,2654,358,343
15,84,423,2655,351,351
15,84,423,2655,358,343
15,84,423,2656,358,343
15,84,423,2656,418,0
15,84,423,2657,358,343
15,84,423,2657,418,0
15,84,423,2658,418,0
15,84,423,2659,418,0
15,84,423,2660,440,0
15,84,423,2667,358,343
15,84,425,2644,404,242
15,84,426,2643,397,251
15,84,426,2656,444,0
15,84,426,2659,361,345
15,84,426,2659,500,0
15,84,427,2658,353,353
15,84,427,2661,353,353
15,84,428,2651,444,0
15,84,428,2652,444,0
15,84,428,2654,444,0
15,84,430,2666,353,353
15,84,430,2668,353,353
15,84,431,2659,497,0
15,84,434,2660,438,181
15,84,434,2660,492,0
15,84,434,2671,353,353
15,84,434,2673,353,353
15,84,434,2674,353,353
15,84,434,2675,353,353
15,84,436,2667,408,101
15,84,436,2740,306,-394
15,84,437,2647,497,0
15,84,437,2660,328,0
15,84,437,2662,408,181
15,84,437,2679,345,361
15,84,437,2680,345,361
15,84,437,2681,345,361
15,84,437,2716,421,0
15,84,439,2660,500,-25
15,84,441,2645,497,11
15,84,442,2645,500,0
15,84,446,2646,498,-37
15,84,446,2659,498,37
15,84,446,2666,341,141
15,84,446,2673,338,33
15,84,446,2700,291,-304
15,84,447,2642,500,0
15,84,447,2643,500,0
15,84,447,2670,330,91
15,84,448,2668,317,131
15,84,452,2641,500,0
15,84,452,2643,500,0
15,84,452,2647,500,0
15,84,454,2661,246,271
15,84,456,2641,417,223
15,84,457,2639,129,428
15,84,458,2638,248,372
15,84,458,2643,248,372
15,84,459,2633,262,394
15,84,459,2646,121,403
15,84,459,2664,185,0
15,84,459,2710,-160,206
15,84,460,2647,114,378
15,84,460,2682,-318,351
15,84,461,2649,114,378
15,84,461,2652,89,357
15,84,461,2669,-323,-115
15,84,462,2652,89,357
15,84,463,2650,92,411
15,84,465,2701,-15,103
15,84,466,2673,-137,-256
15,84,467,2645,21,421
15,84,467,2649,19,395
15,84,467,2695,-112,-210
15,84,467,2698,-130,-87
15,84,467,2707,35,-98
15,84,468,2633,0,500
15,84,468,2640,0,314
15,84,468,2642,0,447
15,84,468,2645,0,421
15,84,468,2647,0,395
15,84,468,2675,50,-14
15,84,469,2669,-62,-115
15,84,469,2673,74,-138
15,84,469,2674,74,-138
15,84,470,2673,124,-233
15,84,470,2675,21,-14
15,84,471,2668,126,34
15,84,471,2668,228,-219
15,84,471,2670,152,-101
15,84,472,2675,229,-63
15,84,473,2674,198,-132
15,84,474,2670,0,-238
15,84,474,2672,15,-159
15,84,474,2673,163,-134
15,84,475,2668,151,41
15,84,475,2673,253,-143
15,84,484,2667,-23,12
15,84,487,2668,261,-13
15,84,493,2667,25,-4
15,84,496,2670,92,126
15,84,501,2643,-21,421
15,85,408,2720,498,-48
15,85,408,2724,500,0
15,85,412,2716,340,0
15,85,413,2721,496,-60
15,85,422,2754,361,-345
15,85,423,2678,358,343
15,85,423,2679,358,343
15,85,423,2680,358,343
15,85,423,2681,358,343
15,85,423,2682,358,343
15,85,423,2683,358,343
15,85,423,2684,358,343
15,85,423,2685,358,343
15,85,423,2686,358,343
15,85,423,2687,358,343
15,85,423,2688,358,343
15,85,423,2689,358,343
15,85,423,2690,358,343
15,85,423,2691,358,343
15,85,423,2692,358,343
15,85,423,2693,351,351
15,85,423,2693,358,343
15,85,423,2701,353,353
15,85,423,2752,361,-345
15,85,430,2697,353,353
15,85,437,2740,421,0
15,85,439,2693,345,361
15,85,439,2737,316,-316
15,85,440,2752,393,38
15,85,441,2693,309,323
15,85,441,2716,395,0
15,85,442,2687,277,416
15,85,442,2693,300,332
15,85,443,2682,267,421
15,85,443,2740,367,0
15,85,444,2696,500,0
15,85,445,2682,262,394
15,85,448,2690,230,384
15,85,448,2695,250,339
15,85,449,2728,-332,300
15,85,450,2682,361,345
15,85,450,2684,361,345
15,85,451,2683,192,432
15,85,452,2679,287,408
15,85,452,2684,361,345
15,85,452,2700,211,394
15,85,452,2740,26,0
15,85,453,2735,-23,315
15,85,454,2659,500,0
15,85,454,2698,194,344
15,85,454,2700,-266,324
15,85,454,2712,121,401
15,85,454,2727,-339,250
15,85,454,2733,-14,290
15,85,455,2683,148,449
15,85,455,2696,156,474
15,85,456,2654,441,236
15,85,456,2658,441,236
15,85,456,2683,148,449
15,85,456,2699,148,449
15,85,456,2702,148,449
15,85,457,2659,500,0
15,85,457,2670,109,488
15,85,457,2675,121,484
15,85,457,2676,121,484
15,85,457,2680,121,484
15,85,457,2681,125,457
15,85,457,2692,151,393
15,85,457,2702,136,453
15,85,457,2704,-364,150
15,85,457,2709,-71,358
15,85,457,2724,-342,265
15,85,457,2740,26,0
15,85,458,2675,139,424
15,85,458,2708,131,400
15,85,458,2723,-297,219
15,85,459,2649,121,484
15,85,459,2665,262,394
15,85,459,2665,277,416
15,85,459,2670,85,492
15,85,459,2672,85,492
15,85,459,2688,118,431
15,85,459,2708,121,403
15,85,459,2709,131,400
15,85,459,2727,-315,-23
15,85,459,2727,-296,113
15,85,459,2740,5,25
15,85,460,2660,85,492
15,85,460,2661,85,492
15,85,460,2663,85,492
15,85,460,2667,74,494
15,85,460,2668,74,494
15,85,460,2669,85,492
15,85,460,2670,85,492
15,85,460,2690,114,458
15,85,460,2699,-366,-35
15,85,460,2707,-56,282
15,85,460,2708,101,408
15,85,460,2709,-274,353
15,85,460,2740,0,0
15,85,461,2659,429,257
15,85,461,2660,429,257
15,85,461,2661,429,257
15,85,461,2670,60,496
15,85,461,2705,-218,89
15,85,461,2722,-280,196
15,85,461,2728,-264,0
15,85,462,2670,60,496
15,85,462,2678,60,496
15,85,462,2705,-218,89
15,85,462,2718,-229,178
15,85,462,2725,-245,-155
15,85,462,2726,-256,137
15,85,462,2727,-260,130
15,85,462,2727,-230,-130
15,85,462,2740,-14,21
15,85,463,2665,277,416
15,85,463,2670,277,416
15,85,463,2671,60,496
15,85,463,2724,-255,-188
15,85,463,2740,0,0
15,85,464,2650,74,494
15,85,464,2704,-208,-20
15,85,464,2720,-258,181
15,85,464,2725,-220,146
15,85,464,2725,-215,-101
15,85,464,2730,-221,-79
15,85,465,2725,-174,-116
15,85,465,2726,-116,-174
15,85,465,2727,-198,132
15,85,466,2725,-100,187
15,85,466,2726,-126,-170
15,85,467,2722,-38,-152
15,85,468,2647,0,500
15,85,468,2648,0,500
15,85,468,2651,25,500
15,85,468,2658,277,416
15,85,468,2666,417,223
15,85,468,2685,0,209
15,85,468,2698,26,-1
15,85,468,2699,0,0
15,85,468,2701,0,0
15,85,468,2703,0,-289
15,85,468,2704,0,-289
15,85,468,2706,0,-104
15,85,471,2670,277,416
15,85,475,2669,-378,326
15,85,486,2687,211,301
16,83,450,2657,494,74
16,83,451,2659,500,0
16,83,452,2657,500,0
16,83,452,2659,500,0
16,83,452,2660,361,345
16,83,452,2660,451,212
16,83,452,2660,478,144
16,83,452,2660,500,0
16,83,452,2661,417,137
16,83,452,2661,474,156
16,83,452,2661,500,0
16,83,452,2686,421,-267
16,83,453,2656,500,0
16,83,453,2657,500,0
16,83,453,2660,451,212
16,83,455,2659,451,212
16,83,456,2654,441,236
16,83,456,2661,451,212
16,83,457,2654,324,376
16,83,457,2688,335,-371
16,83,457,2722,500,0
16,83,460,2694,203,-457
16,83,461,2652,212,451
16,83,462,2652,212,451
16,83,462,2657,447,0
16,83,462,2660,447,0
16,83,463,2653,167,470
16,83,463,2654,191,462
16,83,464,2636,494,74
16,83,464,2712,335,-371
16,83,465,2650,121,484
16,83,465,2653,109,488
16,83,465,2657,121,484
16,83,465,2666,416,40
16,83,466,2644,447,0
16,83,466,2645,447,0
16,83,466,2650,447,0
16,83,466,2653,85,492
16,83,466,2654,85,492
16,83,466,2657,447,0
16,83,466,2659,447,0
16,83,466,2660,85,492
16,83,466,2660,447,0
16,83,466,2661,132,482
16,83,466,2661,447,0
16,83,466,2681,191,-462
16,83,466,2682,179,-466
16,83,467,2637,412,82
16,83,467,2661,132,482
16,83,467,2665,195,308
16,83,468,2658,0,500
16,83,468,2661,0,500
16,83,468,2676,197,-105
16,83,468,2684,248,-75
16,83,470,2638,414,72
16,83,470,2677,306,-68
16,83,471,2679,156,15
16,83,472,2706,283,-189
16,83,474,2676,104,0
16,83,474,2707,381,-105
16,83,476,2673,364,35
16,83,479,2617,258,332
16,83,479,2676,157,0
16,83,484,2631,421,150
16,83,484,2637,412,82
16,83,486,2676,25,5
16,83,487,2676,25,5
16,83,491,2676,0,0
16,83,491,2676,9,24
16,83,492,2676,-12,23
16,83,494,2667,-239,-106
16,83,494,2668,-225,67
16,83,494,2676,0,0
16,83,496,2667,0,0
16,83,496,2676,0,0
16,83,497,2668,-180,-31
16,83,501,2582,-11,500
16,83,517,2619,0,369
16,83,541,2599,378,326
16,83,543,2599,335,371
16,83,543,2602,378,326
16,83,546,2612,478,144
16,83,546,2612,500,0
16,83,547,2612,500,0
16,83,549,2612,500,0
16,83,555,2730,-21,-421
16,83,555,2734,-23,-447
16,83,555,2734,0,-447
16,83,558,2727,-58,-391
16,83,560,2727,-77,-387
16,83,561,2741,-70,-468
16,83,562,2735,-98,-437
49,125,1518,3988,447,0
49,125,1522,3971,470,167
49,125,1523,3988,421,0
49,125,1526,3969,395,175
49,125,1527,3988,395,0
49,125,1527,3989,395,0
49,125,1529,3980,381,104
49,125,1530,3979,378,114
49,125,1530,3980,381,104
49,125,1532,3974,445,158
49,125,1533,3977,431,118
49,125,1535,3977,424,139
49,125,1537,3978,403,121
49,125,1546,3951,345,361
49,125,1549,3946,335,371
49,125,1549,3947,353,353
49,125,1549,3949,353,353
49,125,1550,3947,335,371
49,125,1550,3947,345,361
49,125,1550,3948,353,353
49,125,1550,3952,353,353
49,125,1554,3947,353,353
49,125,1556,3950,371,335
49,125,1558,3987,-164,-87
49,125,1559,3945,345,361
49,125,1559,3970,218,228
49,125,1560,3947,345,361
49,125,1561,3947,345,361
49,125,1564,3949,345,361
49,125,1566,3942,306,394
49,125,1568,3951,361,345
49,125,1571,3931,203,457
49,125,1572,3932,191,462
49,125,1572,3940,0,500
49,125,1573,3929,179,466
49,125,1575,3932,167,470
49,125,1576,3986,-116,-174
49,125,1577,3927,132,482
49,125,1577,3928,121,484
49,125,1578,3937,156,474
49,125,1582,3969,177,196
49,125,1582,3981,166,166
49,125,1588,3954,0,447
49,125,1588,3964,0,369
49,125,1588,3976,171,-199
49,125,1588,3978,17,19
49,125,1588,3980,0,-104
49,125,1588,3982,0,0
49,125,1588,3982,194,33
49,125,1588,3983,85,115
49,125,1588,3983,222,16
49,125,1588,3985,99,-32
49,125,1588,3986,78,-61
50,118,1528,3805,500,0
50,118,1529,3805,418,0
50,118,1529,3809,405,-30
50,118,1529,3812,490,0
50,118,1530,3811,498,-48
50,118,1531,3806,340,0
50,118,1531,3806,361,0
50,118,1531,3807,340,0
50,118,1531,3808,340,0
50,118,1531,3809,340,0
50,118,1531,3809,340,17
50,118,1531,3811,340,0
50,118,1531,3812,361,0
50,118,1531,3813,340,0
50,118,1531,3814,340,0
50,118,1531,3815,340,0
50,118,1531,3816,340,0
50,118,1531,3817,340,0
50,118,1531,3818,340,0
50,118,1531,3819,340,0
50,118,1532,3795,382,95
50,118,1532,3806,366,0
50,118,1532,3807,366,-8
50,118,1532,3812,366,0
50,118,1533,3805,366,0
50,118,1533,3806,366,0
50,118,1533,3812,366,0
50,118,1534,3752,500,0
50,118,1534,3806,366,0
50,118,1534,3812,366,0
50,118,1534,3812,500,0
50,118,1535,3812,366,0
50,118,1537,3812,392,0
50,118,1538,3783,378,326
50,118,1539,3748,500,0
50,118,1539,3812,414,0
50,118,1539,3821,392,0
50,118,1541,3780,371,335
50,118,1541,3837,361,-345
50,118,1542,3840,343,-359
50,118,1542,3841,343,-359
50,118,1542,3848,343,-359
50,118,1543,3793,351,-351
50,118,1547,3753,345,361
50,118,1547,3790,361,-345
50,118,1547,3793,361,-345
50,118,1547,3805,361,-345
50,118,1547,3810,361,-345
50,118,1547,3813,361,-345
50,118,1548,3808,444,0
50,118,1548,3809,444,0
50,118,1548,3813,444,0
50,118,1548,3814,444,0
50,118,1548,3815,444,0
50,118,1548,3816,444,0
50,118,1548,3817,444,0
50,118,1548,3818,444,0
50,118,1550,3786,353,-353
50,118,1550,3792,353,-353
50,118,1550,3797,353,-353
50,118,1550,3806,353,-353
50,118,1550,3807,353,-353
50,118,1559,3800,391,-29
50,118,1559,3806,340,0
50,118,1559,3817,392,-20
50,118,1561,3782,345,-361
50,118,1561,3797,345,-361
50,118,1562,3851,500,0
50,118,1568,3731,500,0
50,118,1573,3838,121,-484
50,118,1574,3849,156,-474
50,118,1575,3828,132,-482
50,118,1575,3850,144,-478
50,118,1577,3797,-498,-48
50,118,1577,3807,97,-353
50,118,1578,3846,121,-484
50,118,1579,3814,108,-433
50,118,1579,3816,277,-416
50,118,1580,3839,85,-492
50,118,1580,3841,85,-492
50,118,1581,3752,185,0
50,118,1582,3813,346,185
50,118,1582,3814,346,185
50,118,1584,3811,-305,-203
50,118,1584,3812,-261,-174
50,118,1584,3813,-261,-174
50,118,1584,3828,-145,59
50,118,1585,3815,-174,-116
50,118,1585,3821,290,-374
50,118,1585,3852,15,-314
50,118,1588,3820,74,138
50,118,1588,3820,135,253
50,118,1588,3821,74,138
50,118,1588,3821,135,253
50,118,1588,3822,152,101
50,118,1588,3823,0,0
50,118,1588,3824,0,0
50,118,1588,3826,0,0
50,118,1588,3826,12,23
50,118,1588,3827,21,14
50,118,1588,3828,21,14
50,118,1588,3829,25,1
50,118,1588,3831,25,2
50,118,1588,3831,26,1
50,118,1588,3832,24,-10
50,118,1588,3834,15,-21
50,118,1588,3837,2,-26
50,118,1588,3838,1,-26
50,119,1527,3806,498,48
50,119,1527,3806,500,0
50,119,1528,3805,500,0
50,119,1530,3847,500,0
50,119,1531,3806,361,0
50,119,1531,3808,340,0
50,119,1531,3808,360,26
50,119,1531,3809,340,0
50,119,1531,3812,340,0
50,119,1531,3812,361,0
50,119,1531,3813,340,0
50,119,1531,3814,340,0
50,119,1531,3815,340,0
50,119,1531,3816,340,0
50,119,1531,3817,340,0
50,119,1531,3819,340,0
50,119,1531,3821,340,0
50,119,1531,3823,340,0
50,119,1531,3827,340,0
50,119,1531,3828,340,0
50,119,1531,3830,340,0
50,119,1531,3831,340,0
50,119,1531,3834,340,0
50,119,1531,3835,340,0
50,119,1531,3836,340,0
50,119,1531,3837,340,0
50,119,1531,3838,340,0
50,119,1531,3839,340,0
50,119,1531,3840,340,0
50,119,1531,3843,340,0
50,119,1531,3844,340,0
50,119,1531,3845,340,0
50,119,1531,3846,340,0
50,119,1531,3848,340,0
50,119,1531,3849,340,0
50,119,1531,3851,340,0
50,119,1532,3805,366,0
50,119,1532,3812,340,0
50,119,1532,3812,361,0
50,119,1532,3854,366,0
50,119,1533,3812,366,0
50,119,1535,3812,366,0
50,119,1535,3812,387,0
50,119,1539,3868,392,0
50,119,1540,3868,500,0
50,119,1541,3780,371,335
50,119,1541,3869,418,-21
50,119,1541,3869,418,-10
50,119,1541,3870,418,-21
50,119,1541,3871,469,-46
50,119,1541,3872,418,0
50,119,1542,3870,447,-23
50,119,1543,3843,418,0
50,119,1543,3845,418,0
50,119,1543,3849,418,0
50,119,1543,3868,418,0
50,119,1543,3869,418,-10
50,119,1543,3870,418,0
50,119,1543,3880,401,-189
50,119,1545,3872,444,-10
50,119,1545,3873,444,-10
50,119,1547,3854,361,-345
50,119,1547,3864,361,-345
50,119,1548,3840,444,0
50,119,1548,3845,444,0
50,119,1548,3846,444,0
50,119,1548,3849,444,0
50,119,1550,3865,353,-353
50,119,1557,3802,364,-27
50,119,1561,3844,418,0
50,119,1561,3851,418,0
50,119,1571,3832,75,-107
50,119,1572,3831,75,-72
50,119,1584,3875,399,-253
50,119,1587,3865,-205,115
50,119,1588,3854,387,-77
50,119,1589,3862,-121,202
50,119,1589,3872,323,173
50,119,1593,3865,-227,322
50,119,1593,3866,-182,321
50,119,1594,3852,-138,74
50,119,1594,3854,266,255
50,119,1594,3857,89,217
50,119,1594,3874,161,389
50,119,1595,3868,-55,364
50,119,1596,3853,-160,95
50,119,1596,3861,216,265
50,119,1600,3856,-23,237
50,119,1600,3859,239,377
50,119,1602,3852,-187,100
50,119,1602,3859,110,268
50,119,1619,3862,199,-191
50,122,1527,3907,447,0
50,122,1528,3907,500,0
50,122,1529,3907,392,0
50,122,1529,3907,500,0
50,122,1530,3907,444,0
50,122,1530,3908,361,0
50,122,1531,3892,340,0
50,122,1531,3893,340,0
50,122,1531,3894,340,0
50,122,1531,3895,340,0
50,122,1531,3898,340,0
50,122,1531,3900,340,0
50,122,1531,3902,340,0
50,122,1531,3904,340,0
50,122,1531,3907,340,0
50,122,1531,3908,361,0
50,122,1531,3919,482,-132
50,122,1532,3894,366,-8
50,122,1532,3895,366,-18
50,122,1532,3895,366,0
50,122,1532,3909,366,-8
50,122,1533,3895,366,-18
50,122,1534,3898,354,88
50,122,1534,3900,358,71
50,122,1535,3887,417,223
50,122,1536,3886,359,215
50,122,1537,3887,364,205
50,122,1538,3886,353,223
50,122,1538,3886,359,215
50,122,1540,3889,382,229
50,122,1541,3878,418,0
50,122,1545,3872,444,-10
50,122,1547,3868,444,0
50,122,1548,3868,444,0
50,122,1548,3871,496,-60
50,122,1550,3869,471,-24
50,122,1550,3870,471,-24
50,122,1550,3870,471,-11
50,122,1551,3869,471,-11
50,122,1557,3853,345,361
50,122,1557,3854,345,361
50,122,1564,3868,500,0
50,122,1572,3894,104,0
50,122,1585,3862,109,488
50,122,1587,3866,121,484
50,122,1592,3886,250,-305
50,122,1593,3891,317,-131
50,122,1594,3886,258,-332
50,122,1595,3879,309,-323
50,122,1596,3889,132,-198
50,122,1597,3864,339,-292
50,122,1598,3865,339,-292
50,122,1599,3886,-100,-242
50,122,1600,3869,414,-72
50,122,1600,3886,-28,-289
50,122,1603,3878,239,-207
50,122,1603,3885,100,-242
50,122,1604,3888,-23,-234
50,122,1605,3883,-21,286
50,122,1605,3883,27,-287
50,122,1605,3888,-23,-234
50,122,1606,3887,-23,-234
50,122,1607,3889,-202,-165
50,122,1607,3890,-116,-174
50,122,1613,3890,86,-130
50,122,1615,3883,122,-317
50,122,1620,3883,0,0
50,124,1528,3964,500,0
50,124,1533,3969,496,-60
50,124,1540,3923,332,332
50,124,1541,3927,351,351
50,124,1541,3941,368,333
50,124,1542,3938,343,358
50,124,1542,3941,358,343
50,124,1543,3923,358,343
50,124,1543,3926,358,343
50,124,1543,3927,358,343
50,124,1543,3928,358,343
50,124,1543,3929,358,343
50,124,1543,3932,358,343
50,124,1543,3933,358,343
50,124,1543,3934,358,343
50,124,1543,3935,358,343
50,124,1543,3936,358,343
50,124,1543,3937,358,343
50,124,1543,3938,358,343
50,124,1543,3939,358,343
50,124,1543,3940,358,343
50,124,1543,3941,351,351
50,124,1543,3941,358,343
50,124,1543,3941,361,345
50,124,1543,3949,353,353
50,124,1547,3921,353,353
50,124,1552,3914,353,353
50,124,1554,3913,353,353
50,124,1556,3908,248,303
50,124,1557,3916,345,361
50,124,1557,3916,361,345
50,124,1558,3917,345,361
50,124,1562,3930,304,291
50,124,1573,3915,169,442
50,124,1573,3921,181,408
50,124,1575,3963,113,376
50,124,1578,3923,139,424
50,124,1579,3901,121,484
50,124,1579,3937,-366,-35
50,124,1579,3955,-56,282
50,124,1580,3902,121,484
50,124,1580,3902,132,482
50,124,1580,3948,-294,113
50,124,1588,3896,0,500
50,124,1588,3900,0,500
50,124,1588,3953,0,-104
50,124,1588,3954,18,-76
50,124,1590,3948,-12,-235
50,124,1590,3954,289,-183
50,124,1590,3955,-2,-52
50,124,1590,3955,5,-25
50,124,1591,3955,155,-31
50,124,1592,3947,-133,-210
50,124,1592,3947,-52,-1
50,124,1592,3947,-26,0
50,124,1592,3947,-23,11
50,124,1592,3947,0,0
50,124,1592,3948,-119,-236
50,124,1592,3948,48,-498
50,124,1592,3951,155,-276
50,124,1597,3955,138,-74
51,120,1572,3843,500,0
51,120,1579,3834,277,416
51,120,1582,3836,203,457
51,120,1582,3837,203,457
51,120,1582,3868,447,0
51,120,1585,3872,447,-10
51,120,1586,3845,132,479
51,120,1586,3851,447,0
51,120,1586,3867,447,0
51,120,1586,3868,447,0
51,120,1586,3869,447,0
51,120,1586,3870,447,0
51,120,1586,3871,447,0
51,120,1586,3872,447,0
51,120,1586,3873,447,0
51,120,1586,3874,421,-10
51,120,1586,3875,447,0
51,120,1586,3877,447,0
51,120,1586,3878,447,0
51,120,1586,3880,447,0
51,120,1586,3881,447,0
51,120,1594,3871,332,-258
51,120,1597,3872,310,-281
51,120,1597,3882,265,-360
51,120,1610,3851,0,0
51,120,1616,3863,-211,20
51,120,1617,3869,-174,-116
51,121,1573,3894,500,0
51,121,1576,3904,441,-236
51,121,1582,3868,447,0
51,121,1586,3869,447,0
51,121,1586,3870,447,0
51,121,1586,3873,447,0
51,121,1586,3874,447,0
51,121,1586,3876,447,0
51,121,1586,3877,447,0
51,121,1586,3878,447,0
51,121,1586,3888,445,43
51,121,1586,3892,447,0
51,121,1594,3868,319,274
51,121,1598,3869,130,0
51,121,1599,3865,266,325
51,121,1599,3892,338,50
59,6,1886,292,-203,-457
59,6,1986,232,-274,-353
59,6,1990,236,-309,-359
59,6,1992,226,-353,-274
59,6,1993,203,-421,0
59,6,1993,209,-416,-62
59,6,1993,209,-415,-72
59,6,1993,210,-413,-82
59,6,1993,211,-411,-92
59,6,1994,205,-419,-31
59,6,1995,229,-374,-290
59,6,1995,244,0,-500
59,6,1995,249,-60,-496
59,6,1995,253,0,-500
59,6,1997,203,-447,0
59,6,1997,204,-447,0
59,6,1997,206,-447,-23
59,6,1997,206,-446,-33
59,6,1997,208,-442,-66
59,6,1997,220,-447,0
59,6,1997,221,-447,0
59,6,1998,203,-447,0
59,6,1998,219,-433,-192
59,6,1998,220,-447,0
59,6,2002,221,-457,-203
59,6,2003,196,-386,316
59,6,2006,190,-441,236
59,6,2007,188,-490,97
59,6,2007,188,-441,236
59,6,2007,191,-441,236
59,6,2010,190,-500,0
59,6,2012,194,-500,0
59,6,2012,196,-500,0
59,6,2012,202,-500,0
59,7,1983,217,-258,332
59,7,1984,217,-258,332
59,7,1985,227,-318,234
59,7,1986,214,-274,353
59,7,1988,225,-339,250
59,7,1990,230,-377,189
59,7,1991,229,-372,198
59,7,1993,244,-421,0
59,7,1994,224,-419,41
59,7,1994,225,-421,21
59,7,1994,226,-421,0
59,7,1995,203,-500,0
59,7,1997,224,-447,0
59,7,1997,225,-447,0
59,7,1997,227,-447,0
59,7,1997,241,-447,22
59,7,1997,243,-447,0
59,7,1997,244,-447,0
59,7,1998,225,-447,0
59,7,1998,225,-424,212
59,7,1998,227,-447,0
59,7,1998,244,-447,0
59,7,1998,252,-156,-474
59,7,2000,257,-191,-462
59,7,2000,261,-156,-474
59,7,2001,228,-473,0
59,7,2001,259,-212,-451
59,7,2002,201,-488,109
59,7,2012,251,-500,0
60,3,1988,142,-384,230
60,3,1988,144,-162,302
60,3,1988,144,-154,306
60,3,1988,148,-150,-279
60,3,1990,141,-88,132
60,3,1990,141,141,173
60,3,1991,140,-117,62
60,3,1991,148,21,289
60,3,1991,148,23,312
60,3,1992,140,72,108
60,3,1992,143,128,214
60,3,1993,148,23,-12
60,3,1994,145,-390,161
60,3,1995,142,-366,-44
60,3,1995,153,0,0
60,3,1995,162,0,-52
60,3,1998,162,-13,-77
60,3,2002,193,-132,-482
60,3,2003,194,-132,-482
60,3,2004,168,-141,-396
60,3,2005,168,-141,-396
60,3,2005,172,-140,-425
60,3,2007,171,-160,-417
60,3,2010,174,-192,-433
60,3,2016,124,-185,17
60,3,2032,121,-446,43
60,3,2035,170,-361,-345
60,3,2037,173,-361,-345
60,3,2038,173,-361,-345
60,3,2039,163,-353,-353
60,3,2041,147,-345,-361
60,3,2041,154,-359,-344
60,3,2041,157,-359,-344
60,3,2041,164,-359,-344
60,3,2041,166,-359,-344
60,3,2041,167,-359,-344
60,3,2041,167,-351,-351
60,3,2041,168,-359,-344
60,3,2042,154,-359,-344
60,3,2042,159,-351,-351
60,3,2042,167,-351,-351
60,3,2042,177,-351,-351
60,3,2045,122,-498,37
60,3,2047,154,-408,-287
60,3,2055,121,-500,25
60,5,1979,223,-233,-285
60,5,1980,208,105,210
60,5,1986,232,-274,-353
60,5,1987,204,163,44
60,5,1988,210,-105,255
60,5,1989,205,101,152
60,5,1989,205,108,162
60,5,1991,206,-57,173
60,5,1993,209,15,300
60,5,1994,147,128,-25
60,5,1994,221,-189,314
60,5,1995,147,115,-62
60,5,1995,147,128,-25
60,5,1995,147,130,-7
60,5,1995,147,148,-49
60,5,1995,147,153,-30
60,5,1996,146,141,-116
60,5,1996,147,115,-62
60,5,1996,147,157,-8
60,5,1996,148,126,34
60,5,1996,148,130,-7
60,5,1997,147,127,-28
60,5,1997,219,235,141
60,5,1998,228,-394,-262
60,5,1999,146,158,-136
60,5,2010,202,0,0
60,5,2013,190,-157,0
60,5,2020,199,-290,0
60,5,2020,200,-283,-232
60,5,2023,190,-418,-21
60,5,2023,202,-418,0
60,5,2023,238,-361,-345
60,5,2027,243,-353,-353
60,5,2029,190,-392,0
60,5,2029,245,-353,-353
60,5,2030,188,-492,0
60,5,2032,202,-471,0
60,5,2033,188,-335,0
60,5,2033,228,-471,0
60,5,2034,190,-471,-24
60,5,2034,191,-471,23
60,5,2034,200,-471,23
60,5,2035,247,-335,-371
60,5,2036,189,-444,-10
60,5,2042,208,-351,-351
60,5,2043,187,-417,30
60,5,2043,188,-417,30
60,5,2043,189,-418,0
60,5,2043,190,-418,-21
60,5,2043,190,-417,-31
60,5,2043,190,-417,30
60,5,2043,191,-418,-21
60,5,2043,191,-417,-31
60,5,2043,191,-417,30
60,5,2043,192,-417,-41
60,5,2043,192,-417,30
60,5,2043,193,-417,30
60,5,2043,193,-415,-50
60,5,2043,194,-417,30
60,5,2043,194,-412,-72
60,5,2043,195,-417,30
60,5,2043,196,-417,30
60,5,2043,197,-417,30
60,5,2043,198,-417,30
60,5,2043,199,-418,0
60,5,2043,199,-417,30
60,5,2043,200,-417,30
60,5,2043,201,-417,30
60,5,2046,188,-392,0
60,5,2046,189,-500,0
60,5,2046,189,-471,0
60,5,2046,210,-392,8
60,5,2047,188,-392,0
60,5,2047,192,-391,-29
60,5,2049,197,-359,-71
60,5,2050,188,-366,0
60,5,2050,191,-366,-8
60,5,2050,209,-346,-185
60,5,2051,186,-366,18
60,5,2051,187,-366,18
60,5,2051,188,-366,0
60,5,2051,188,-366,18
60,5,2051,189,-366,0
60,5,2051,189,-366,18
60,5,2051,190,-366,-8
60,5,2051,190,-366,18
60,5,2051,191,-366,-18
60,5,2051,191,-366,-8
60,5,2051,191,-366,18
60,5,2051,191,-365,-27
60,5,2051,192,-366,18
60,5,2051,192,-365,-35
60,5,2051,193,-366,18
60,5,2051,193,-365,-35
60,5,2051,193,-363,-44
60,5,2051,194,-366,18
60,5,2051,194,-362,-54
60,5,2051,195,-366,18
60,5,2051,195,-360,-63
60,5,2051,196,-366,18
60,5,2051,197,-366,18
60,5,2051,198,-366,18
60,5,2051,199,-366,0
60,5,2051,199,-366,18
60,5,2051,200,-366,18
60,5,2052,176,-478,144
60,5,2052,191,-340,-17
60,5,2053,189,-340,0
60,5,2053,190,-340,0
60,5,2053,192,-339,-25
60,5,2053,194,-340,0
60,5,2053,194,-336,-50
60,5,2053,198,-340,0
60,5,2053,202,-340,0
60,5,2054,179,-478,144
60,5,2055,189,-500,0
60,5,2055,189,-418,0
60,5,2056,189,-500,0
60,8,1963,211,0,183
60,8,1963,237,-26,-2
60,8,1966,234,-114,295
60,8,1972,219,-333,-157
60,8,1978,235,-121,-293
60,8,1983,241,133,-128
60,8,1983,243,138,-74
60,8,1984,236,-57,-255
60,8,1987,219,-351,-273
60,8,1987,229,225,-355
60,8,1987,235,15,-314
60,8,1988,220,-170,-442
60,8,1988,240,-165,-235
60,8,1989,238,-250,-339
60,8,1991,232,33,-339
60,8,1992,229,28,-391
60,8,1992,243,138,-74
60,8,1993,242,-132,-162
60,8,1994,227,167,-265
60,8,1994,241,2,-104
60,8,2016,249,-183,0
60,8,2016,269,-183,0
60,8,2022,246,-340,0
60,8,2023,230,-500,-25
60,8,2026,245,-418,0
60,8,2028,228,-497,0
60,8,2034,221,-471,10
60,8,2034,249,-471,23
60,8,2034,253,-471,23
60,8,2034,262,-471,23
60,8,2034,263,-471,23
60,8,2034,264,-471,23
60,8,2034,266,-471,23
60,8,2034,270,-471,23
60,8,2034,273,-471,23
60,8,2034,276,-471,23
60,8,2036,227,-345,361
60,8,2036,290,-314,15
60,8,2039,222,-444,10
60,8,2039,223,-444,10
60,8,2040,223,-345,361
60,8,2041,226,-418,0
60,8,2042,224,-351,351
60,8,2042,229,-418,0
60,8,2042,230,-344,358
60,8,2042,231,-334,368
60,8,2042,234,-490,-97
60,8,2042,240,-334,368
60,8,2042,315,-371,-335
60,8,2043,219,-345,361
60,8,2043,229,-418,-21
60,8,2043,244,-417,30
60,8,2043,245,-417,30
60,8,2043,246,-417,30
60,8,2043,247,-417,30
60,8,2043,248,-417,30
60,8,2043,249,-417,30
60,8,2043,250,-417,30
60,8,2043,251,-417,30
60,8,2043,252,-417,30
60,8,2043,253,-417,30
60,8,2043,254,-417,30
60,8,2043,255,-417,30
60,8,2043,256,-417,30
60,8,2043,257,-417,30
60,8,2043,258,-417,30
60,8,2043,259,-417,30
60,8,2043,260,-417,30
60,8,2043,261,-417,30
60,8,2043,262,-417,30
60,8,2043,263,-417,30
60,8,2043,264,-417,30
60,8,2043,265,-417,30
60,8,2043,266,-417,30
60,8,2043,267,-417,30
60,8,2043,269,-417,30
60,8,2043,271,-417,30
60,8,2043,273,-417,30
60,8,2043,276,-417,30
60,8,2043,291,-500,0
60,8,2046,228,-392,0
60,8,2047,233,-392,0
60,8,2047,242,-490,-97
60,8,2049,291,-366,-8
60,8,2050,235,-366,0
60,8,2050,237,-366,0
60,8,2050,243,-366,0
60,8,2050,244,-366,0
60,8,2051,241,-366,18
60,8,2051,242,-366,18
60,8,2051,243,-366,18
60,8,2051,244,-366,18
60,8,2051,245,-366,18
60,8,2051,246,-366,18
60,8,2051,247,-366,0
60,8,2051,247,-366,18
60,8,2051,248,-366,18
60,8,2051,249,-366,18
60,8,2051,250,-366,18
60,8,2051,251,-366,18
60,8,2051,252,-366,0
60,8,2051,252,-366,18
60,8,2051,253,-366,18
60,8,2051,254,-366,18
60,8,2051,255,-366,18
60,8,2051,256,-366,18
60,8,2051,257,-366,18
60,8,2051,258,-366,18
60,8,2051,259,-366,18
60,8,2051,260,-366,18
60,8,2051,261,-366,18
60,8,2051,262,-366,18
60,8,2051,263,-366,18
60,8,2051,264,-366,18
60,8,2051,265,-366,18
60,8,2051,266,-366,18
60,8,2051,267,-366,18
60,8,2051,268,-366,18
60,8,2051,269,-366,18
60,8,2051,270,-366,18
60,8,2051,271,-366,18
60,8,2051,272,-366,0
60,8,2051,272,-366,18
60,8,2051,274,-366,18
60,8,2051,275,-366,18
60,8,2051,291,-485,0
60,8,2053,243,-340,0
60,8,2053,245,-340,0
60,8,2053,246,-340,0
60,8,2053,249,-340,0
60,8,2053,256,-340,0
60,8,2053,261,-340,0
60,8,2053,270,-340,0
60,9,1995,254,0,26
60,9,1995,264,-26,-2
60,9,1995,264,-24,9
60,9,1995,272,0,0
60,9,1995,274,-74,-138
60,9,1995,275,-74,-138
60,9,1995,275,0,-130
60,9,1996,268,-22,-14
60,9,1999,286,282,188
60,9,2003,254,-85,492
60,9,2003,256,-85,492
60,9,2003,262,-85,492
60,9,2003,282,-85,492
60,9,2003,286,-97,490
60,9,2003,287,-85,492
60,9,2004,281,-108,433
60,9,2004,296,-119,431
60,9,2005,296,-119,431
60,9,2007,251,-441,236
60,9,2008,248,-441,236
60,9,2008,268,-441,236
60,9,2012,244,-500,0
60,9,2012,264,-306,394
60,9,2012,267,-500,0
60,9,2013,254,-478,-144
60,9,2014,270,-500,0
60,9,2018,245,-484,-121
60,9,2018,263,-498,-37
60,9,2019,263,-279,279
60,9,2022,268,-500,-25
60,9,2023,245,-500,-25
60,9,2023,266,-500,-25
60,9,2024,270,-500,25
60,9,2024,272,-500,25
60,9,2024,274,-500,25
60,9,2027,291,-421,0
60,9,2029,269,-335,371
60,9,2032,281,-471,0
60,9,2034,279,-471,23
60,9,2034,283,-471,23
60,9,2034,284,-471,23
60,9,2034,285,-471,23
60,9,2037,268,-444,-10
60,9,2037,292,-366,0
60,9,2039,352,-500,0
60,9,2041,254,-418,0
60,9,2041,258,-351,351
60,9,2041,259,-351,351
60,9,2041,260,-359,343
60,9,2041,260,-351,351
60,9,2041,261,-351,351
60,9,2041,262,-351,351
60,9,2041,263,-359,343
60,9,2041,263,-351,351
60,9,2041,264,-359,343
60,9,2041,264,-351,351
60,9,2041,265,-351,351
60,9,2041,268,-359,343
60,9,2041,268,-351,351
60,9,2041,269,-351,351
60,9,2041,270,-359,343
60,9,2041,270,-351,351
60,9,2041,271,-359,343
60,9,2041,271,-351,351
60,9,2041,273,-359,343
60,9,2041,273,-351,351
60,9,2041,274,-351,351
60,9,2041,275,-359,343
60,9,2041,275,-351,351
60,9,2041,276,-351,351
60,9,2041,323,-345,-361
60,9,2042,252,-344,358
60,9,2042,254,-344,358
60,9,2042,271,-344,358
60,9,2042,279,-378,326
60,9,2042,292,-500,-25
60,9,2043,260,-418,-21
60,9,2043,265,-418,-21
60,9,2043,275,-417,30
60,9,2043,276,-417,30
60,9,2043,277,-417,30
60,9,2043,278,-417,30
60,9,2043,279,-417,30
60,9,2043,280,-417,30
60,9,2043,281,-417,30
60,9,2043,282,-417,30
60,9,2043,283,-417,30
60,9,2043,284,-417,30
60,9,2044,255,-340,325
60,9,2044,257,-340,325
60,9,2044,258,-340,325
60,9,2044,259,-340,325
60,9,2044,260,-340,325
60,9,2044,261,-340,325
60,9,2044,265,-340,325
60,9,2044,268,-340,325
60,9,2044,270,-340,325
60,9,2044,271,-340,325
60,9,2044,272,-340,325
60,9,2044,273,-340,325
60,9,2045,348,-500,0
60,9,2046,275,-371,335
60,9,2047,274,-392,19
60,9,2049,291,-500,0
60,9,2051,273,-366,18
60,9,2051,274,-366,18
60,9,2051,275,-366,18
60,9,2051,276,-366,18
60,9,2051,277,-366,18
60,9,2051,278,-366,18
60,9,2051,279,-366,18
60,9,2051,280,-366,18
60,9,2051,281,-366,18
60,9,2051,282,-366,18
60,9,2051,283,-366,18
60,9,2051,284,-366,18
60,9,2052,291,-340,0
60,9,2052,331,-366,0
60,9,2053,275,-340,0
60,9,2053,276,-340,0
60,9,2053,281,-340,0
60,9,2053,323,-369,0
60,9,2054,291,-500,0
60,9,2055,291,-500,0
61,2,1995,108,-24,-10
61,2,1995,115,-20,16
61,2,1995,115,0,0
61,2,1995,116,-25,4
61,2,1995,117,0,0
61,2,1995,119,0,130
61,2,1995,139,0,-421
61,2,1995,142,0,-314
61,2,2004,161,-132,-482
61,2,2006,165,-144,-478
61,2,2006,165,-132,-482
61,2,2009,111,122,204
61,2,2013,111,20,208
61,2,2017,123,-248,273
61,2,2019,117,-76,-76
61,2,2019,134,-345,-361
61,2,2019,135,-277,-416
61,2,2020,118,-75,334
61,2,2020,134,-345,-361
61,2,2021,111,-130,259
61,2,2021,135,-326,-378
61,2,2024,149,-345,-361
61,2,2027,127,-407,-244
61,2,2028,149,-353,-353
61,2,2033,137,-335,-371
61,2,2034,148,-353,-353
61,2,2036,144,-345,-361
61,2,2041,141,-345,-361
61,2,2048,148,-353,-353
61,2,2052,121,-442,-170
61,2,2053,137,-300,-332
61,2,2056,107,-407,0
61,2,2056,118,-393,-151
61,2,2058,100,-421,0
61,2,2059,100,-421,0
61,2,2060,100,-421,0
61,2,2061,119,-484,-121
61,2,2063,116,-358,-80
61,2,2065,100,-473,0
61,2,2066,120,-488,-109
61,2,2069,100,-473,0
61,2,2069,107,-473,0
61,2,2071,122,-484,-121
61,2,2073,124,-416,-277
61,2,2073,125,-416,-277
61,2,2074,100,-500,0
61,2,2075,121,-408,-287
61,2,2075,122,-482,-132
61,2,2075,123,-482,-132
61,2,2081,113,-466,-179
94,44,3008,1485,0,-447
94,44,3021,1498,85,-492
94,44,3026,1489,24,-478
94,44,3027,1486,22,-447
94,44,3027,1495,8,-380
94,44,3028,1485,0,-447
94,44,3028,1485,22,-447
94,44,3042,1349,-345,361
94,44,3076,1472,-351,-273
94,44,3097,1464,-385,-171
94,44,3098,1472,-372,-248
94,44,3102,1475,-394,-262
94,44,3105,1429,-291,-304
94,44,3108,1439,-332,-258
94,44,3108,1473,-319,-275
94,44,3109,1419,-104,0
94,44,3109,1422,-326,-217
94,44,3109,1473,-447,-224
94,44,3113,1422,-185,346
94,44,3113,1422,-173,324
94,44,3113,1424,-416,-62
94,44,3113,1424,-198,-369
94,44,3113,1426,-415,-72
94,44,3114,1420,-257,257
94,44,3114,1421,-419,-31
94,44,3114,1426,-413,-82
94,44,3114,1428,-419,41
94,44,3114,1429,-419,41
94,44,3114,1430,-419,41
94,44,3114,1438,-345,-361
94,44,3114,1448,-419,41
94,44,3114,1458,-99,-185
94,44,3114,1462,-459,-114
94,44,3115,1409,0,433
94,44,3115,1416,0,203
94,44,3115,1422,-419,-31
94,44,3115,1428,0,-261
94,44,3115,1437,-408,-102
94,44,3115,1438,0,-444
94,44,3115,1439,-34,-457
94,44,3115,1439,0,-500
94,44,3115,1441,0,-500
94,44,3115,1443,0,-500
94,44,3115,1445,-366,-300
94,44,3115,1462,-459,-114
94,44,3115,1483,-421,-267
94,44,3116,1419,-102,337
94,44,3116,1440,-60,-496
94,44,3116,1442,-60,-496
94,44,3116,1460,-433,-108
94,44,3116,1462,-459,-114
94,44,3117,1422,-446,-33
94,44,3117,1439,-109,-488
94,44,3117,1439,-97,-490
94,44,3117,1440,-121,-484
94,44,3117,1440,-97,-490
94,44,3117,1442,-447,10
94,44,3117,1449,-447,10
94,44,3117,1462,-459,-114
94,44,3118,1419,-447,0
94,44,3118,1440,-121,-484
94,44,3118,1443,-109,-488
94,44,3118,1448,-394,-306
94,44,3118,1462,-459,-114
94,44,3118,1476,-451,-212
94,44,3119,1438,-203,-457
94,44,3119,1438,-191,-462
94,44,3119,1462,-459,-114
94,44,3119,1484,-429,-257
94,44,3120,1441,-191,-462
94,44,3120,1441,-167,-470
94,44,3120,1442,-212,-451
94,44,3120,1445,-144,-478
94,44,3120,1446,-132,-482
94,44,3120,1462,-459,-114
94,44,3121,1378,-353,353
94,44,3121,1402,-203,457
94,44,3121,1443,-191,-462
94,44,3121,1445,-203,-457
94,44,3121,1445,-179,-466
94,44,3121,1446,-156,-474
94,44,3121,1462,-459,-114
94,44,3122,1438,-296,-402
94,44,3122,1442,-224,-447
94,44,3122,1444,-212,-451
94,44,3122,1444,-179,-466
94,44,3122,1445,-191,-462
94,44,3122,1446,-191,-462
94,44,3122,1478,-451,-212
94,44,3123,1444,-224,-447
94,44,3124,1433,-447,-224
94,44,3124,1434,-386,-316
94,44,3124,1448,-353,-353
94,44,3124,1465,-484,-121
94,44,3125,1440,-316,-386
94,44,3125,1442,-296,-402
94,44,3125,1444,-277,-416
94,44,3126,1442,-287,-408
94,44,3127,1440,-361,-345
94,44,3127,1446,-345,-361
94,44,3128,1371,-353,353
94,44,3128,1405,-441,236
94,44,3128,1408,-394,306
94,44,3128,1439,-378,-326
94,44,3128,1439,-361,-345
94,44,3128,1440,-371,-335
94,44,3128,1440,-361,-345
94,44,3128,1442,-361,-345
94,44,3128,1442,-345,-361
94,44,3128,1444,-326,-378
94,44,3128,1452,-345,-361
94,44,3128,1466,-484,-121
94,44,3129,1404,-335,371
94,44,3129,1410,-435,246
94,44,3129,1411,-447,224
94,44,3129,1439,-236,-441
94,44,3131,1413,-478,144
94,44,3131,1430,-500,0
94,44,3131,1438,-421,-267
94,44,3131,1466,-470,-167
94,44,3132,1415,-490,97
94,44,3132,1436,-287,-408
94,44,3132,1469,-500,0
95,43,3076,1319,-386,316
95,43,3083,1424,-101,-25
95,43,3108,1424,-162,302
95,43,3108,1428,-150,-279
95,43,3110,1421,-88,132
95,43,3111,1420,-117,62
95,43,3112,1428,24,-10
95,43,3114,1449,7,-157
95,43,3115,1426,0,157
95,43,3115,1433,0,0
95,43,3115,1442,0,-52
95,43,3115,1442,0,-26
95,43,3115,1451,0,-421
95,43,3115,1451,0,-287
95,43,3115,1470,0,-500
95,43,3115,1480,0,-500
95,43,3116,1417,81,-105
95,43,3116,1432,128,227
95,43,3117,1411,-74,167
95,43,3118,1387,0,0
95,43,3122,1430,-203,-61
95,43,3122,1440,-132,-344
95,43,3122,1473,-132,-482
95,43,3123,1444,-123,-375
95,43,3123,1473,-132,-482
95,43,3124,1418,279,-150
95,43,3124,1448,-141,-396
95,43,3125,1448,-141,-396
95,43,3125,1452,-140,-425
95,43,3126,1447,-161,-390
95,43,3127,1451,-160,-417
95,43,3129,1454,-181,-438
95,43,3130,1454,-192,-433
95,43,3132,1408,-113,-108
95,43,3133,1456,-48,-498
95,43,3134,1387,-261,0
95,43,3134,1463,-225,-338
95,43,3136,1404,-264,13
95,43,3136,1426,-172,-164
95,43,3137,1431,-255,-188
95,43,3137,1436,-277,-277
95,43,3138,1404,-290,14
95,43,3138,1450,-361,-345
95,43,3140,1459,-345,-361
95,43,3143,1455,-345,-361
95,43,3144,1404,-395,8
95,43,3144,1459,-345,-361
95,43,3144,1461,-345,-361
95,43,3146,1404,-421,0
95,43,3147,1404,-421,0
95,43,3147,1461,-353,-353
95,43,3149,1387,-447,0
95,43,3149,1404,-447,0
95,43,3149,1460,-361,-345
95,43,3150,1456,-353,-353
95,43,3152,1404,-447,0
95,43,3152,1461,-353,-353
95,43,3153,1436,-287,-408
95,43,3154,1449,-353,-353
95,43,3155,1405,-287,-408
95,43,3155,1460,-361,-345
95,43,3156,1387,-500,0
95,43,3156,1432,-353,-353
95,43,3157,1453,-361,-345
95,43,3157,1456,-353,-353
95,43,3158,1405,-148,-450
95,43,3158,1453,-361,-345
95,43,3159,1411,-335,-371
95,43,3159,1418,-345,-361
95,43,3159,1441,-500,0
95,43,3159,1444,-287,-408
95,43,3159,1453,-378,-326
95,43,3160,1412,-361,-345
95,43,3161,1379,-447,224
95,43,3161,1427,-345,-361
95,43,3161,1434,-359,-344
95,43,3161,1435,-359,-344
95,43,3161,1437,-334,-369
95,43,3161,1438,-359,-344
95,43,3161,1440,-359,-344
95,43,3161,1441,-359,-344
95,43,3161,1443,-359,-344
95,43,3161,1444,-359,-344
95,43,3161,1444,-351,-351
95,43,3161,1445,-359,-344
95,43,3161,1445,-351,-351
95,43,3161,1446,-359,-344
95,43,3161,1447,-359,-344
95,43,3161,1447,-351,-351
95,43,3161,1448,-359,-344
95,43,3161,1456,-351,-351
95,43,3162,1433,-351,-351
95,43,3162,1434,-359,-344
95,43,3162,1434,-351,-351
95,43,3162,1435,-351,-351
95,43,3163,1422,-371,-335
95,43,3163,1429,-371,-335
95,43,3163,1434,-369,-334
95,43,3163,1434,-359,-344
95,43,3163,1435,-369,-334
95,43,3164,1426,-371,-335
95,43,3164,1429,-371,-335
95,43,3165,1404,-500,0
95,43,3165,1412,-500,0
95,43,3165,1426,-371,-335
95,43,3165,1429,-416,-277
95,43,3166,1387,-500,0
95,43,3166,1403,-500,25
95,43,3167,1431,-408,-287
95,43,3167,1432,-408,-287
95,43,3172,1412,-500,0
95,43,3175,1387,-500,0
95,43,3175,1401,-500,25
95,43,3175,1402,-500,11
95,43,3175,1404,-500,0
95,43,3175,1412,-500,0
95,43,3176,1400,-498,48
95,43,3176,1402,-500,11
95,43,3176,1403,-500,11
95,45,3083,1420,-21,-14
95,45,3083,1423,-97,87
95,45,3096,1427,126,-34
95,45,3097,1427,115,-62
95,45,3103,1533,-345,-361
95,45,3106,1426,101,-152
95,45,3109,1419,40,-233
95,45,3109,1427,141,-75
95,45,3111,1419,0,0
95,45,3111,1419,104,0
95,45,3111,1425,-178,-153
95,45,3112,1427,-146,-65
95,45,3113,1427,138,-74
95,45,3113,1427,156,-31
95,45,3114,1426,86,-130
95,45,3114,1427,-25,-7
95,45,3114,1427,128,-25
95,45,3114,1427,156,-31
95,45,3114,1427,182,-36
95,45,3115,1410,0,26
95,45,3115,1415,-5,25
95,45,3115,1415,0,26
95,45,3115,1416,-16,19
95,45,3115,1417,-24,9
95,45,3115,1417,-23,10
95,45,3115,1419,-26,-2
95,45,3115,1419,-24,9
95,45,3115,1419,0,0
95,45,3115,1420,-21,-14
95,45,3115,1420,-12,-23
95,45,3115,1421,0,-133
95,45,3115,1423,0,-212
95,45,3115,1423,0,-185
95,45,3115,1425,0,-212
95,45,3115,1426,143,-117
95,45,3115,1427,0,-185
95,45,3115,1427,115,-62
95,45,3115,1507,0,-26
95,45,3116,1418,62,-46
95,45,3116,1427,130,-7
95,45,3116,1428,128,35
95,45,3116,1442,137,256
95,45,3117,1424,267,-110
95,45,3117,1427,127,-28
95,45,3117,1430,152,101
95,45,3117,1431,176,117
95,45,3118,1428,155,-35
95,45,3118,1518,-156,-474
95,45,3119,1513,-37,-498
95,45,3119,1517,-132,-482
95,45,3120,1516,-144,-478
95,45,3120,1523,-109,-488
95,45,3121,1472,-74,-494
95,45,3121,1480,-74,-494
95,45,3121,1481,-60,-496
95,45,3121,1482,-60,-496
95,45,3121,1483,-60,-496
95,45,3121,1496,-191,-462
95,45,3122,1467,-92,-464
95,45,3122,1472,-85,-492
95,45,3122,1528,-156,-474
95,45,3123,1415,-45,-260
95,45,3123,1417,-52,-232
95,45,3123,1468,-103,-462
95,45,3123,1472,-97,-490
95,45,3123,1480,-85,-492
95,45,3123,1482,-277,-416
95,45,3123,1485,-488,-109
95,45,3124,1417,82,-251
95,45,3124,1422,218,-229
95,45,3124,1501,-277,-416
95,45,3125,1483,-126,-457
95,45,3125,1542,-121,-484
95,45,3126,1541,-132,-482
95,45,3126,1542,-156,-474
95,45,3126,1542,-144,-478
95,45,3127,1488,-109,-488
95,45,3127,1489,-441,-236
95,45,3127,1542,-156,-474
95,45,3128,1417,95,-383
95,45,3128,1540,-156,-474
95,45,3129,1392,-248,372
95,45,3129,1456,-193,213
95,45,3132,1492,-500,0
95,45,3132,1498,-500,0
95,45,3132,1506,-500,0
95,45,3132,1508,-500,0
95,45,3132,1509,-500,0
95,45,3132,1515,-500,0
95,45,3133,1509,-361,-345
95,45,3133,1526,48,-498
95,45,3134,1482,-185,0
95,45,3134,1508,-496,60
95,45,3134,1515,-496,60
95,45,3136,1442,-238,0
95,45,3136,1511,-335,-371
95,45,3136,1512,-361,-345
95,45,3136,1529,0,-500
95,45,3139,1505,-500,0
95,45,3139,1508,-498,37
95,45,3139,1514,-498,37
95,45,3139,1515,-345,-361
95,45,3140,1479,-290,0
95,45,3141,1470,-392,0
95,45,3141,1506,-500,25
95,45,3142,1410,-350,233
95,45,3142,1472,-416,-277
95,45,3143,1469,-418,-10
95,45,3143,1469,-418,0
95,45,3143,1489,-500,0
95,45,3143,1519,-345,-361
95,45,3144,1491,-500,25
95,45,3144,1492,-500,25
95,45,3144,1493,-500,25
95,45,3144,1494,-500,25
95,45,3144,1498,-500,25
95,45,3144,1499,-500,25
95,45,3144,1502,-500,25
95,45,3144,1504,-500,25
95,45,3144,1505,-500,25
95,45,3144,1506,-500,25
95,45,3144,1507,-498,48
95,45,3144,1510,-500,25
95,45,3144,1514,-500,25
95,45,3144,1520,-335,-371
95,45,3145,1521,-335,-371
95,45,3146,1506,-500,11
95,45,3149,1469,-498,-37
95,45,3149,1470,-392,-9
95,45,3149,1470,-392,0
95,45,3149,1506,-495,36
95,45,3150,1469,-500,0
95,45,3152,1470,-471,-11
95,45,3153,1468,-314,-95
95,45,3154,1443,-326,378
95,45,3154,1465,-471,10
95,45,3154,1469,-471,-11
95,45,3154,1469,-471,10
95,45,3154,1470,-469,-46
95,45,3154,1474,-471,23
95,45,3154,1478,-471,23
95,45,3154,1479,-471,23
95,45,3154,1480,-471,10
95,45,3154,1482,-471,10
95,45,3154,1506,-471,23
95,45,3156,1469,-444,-10
95,45,3156,1469,-444,0
95,45,3157,1468,-500,0
95,45,3157,1470,-353,-353
95,45,3158,1468,-444,0
95,45,3158,1490,-444,22
95,45,3158,1500,-444,22
95,45,3159,1506,-444,22
95,45,3160,1473,-351,-351
95,45,3160,1474,-351,-351
95,45,3161,1456,-351,-351
95,45,3161,1468,-440,0
95,45,3161,1472,-351,-351
95,45,3161,1475,-490,-97
95,45,3162,1401,-457,203
95,45,3162,1464,-482,132
95,45,3162,1487,-382,-229
95,45,3163,1465,-418,0
95,45,3163,1466,-418,0
95,45,3163,1467,-417,30
95,45,3163,1468,-417,30
95,45,3163,1470,-417,-31
95,45,3163,1470,-417,30
95,45,3163,1471,-418,-21
95,45,3163,1471,-417,-41
95,45,3163,1471,-417,-31
95,45,3163,1471,-417,30
95,45,3163,1472,-417,30
95,45,3163,1473,-417,30
95,45,3163,1474,-417,30
95,45,3163,1474,-412,-72
95,45,3163,1475,-417,30
95,45,3163,1476,-417,30
95,45,3163,1477,-417,30
95,45,3163,1477,-340,-325
95,45,3163,1478,-417,30
95,45,3163,1479,-418,0
95,45,3163,1479,-417,30
95,45,3163,1480,-417,30
95,45,3163,1481,-418,0
95,45,3163,1481,-417,30
95,45,3163,1482,-418,0
95,45,3163,1487,-387,-219
95,45,3164,1412,-500,0
95,45,3164,1468,-414,0
95,45,3164,1477,-333,-333
95,45,3165,1465,-495,36
95,45,3165,1469,-500,0
95,45,3165,1475,-492,-85
95,45,3166,1451,-500,0
95,45,3166,1465,-469,34
95,45,3166,1468,-392,0
95,45,3166,1469,-500,0
95,45,3166,1469,-471,0
95,45,3166,1470,-392,-9
95,45,3166,1470,-392,0
95,45,3166,1471,-392,-9
95,45,3166,1476,-490,-97
95,45,3167,1458,-478,144
95,45,3167,1468,-457,0
95,45,3167,1468,-392,0
95,45,3167,1471,-392,-9
95,45,3167,1489,-364,-206
95,45,3168,1494,-348,-232
95,45,3169,1465,-494,74
95,45,3169,1468,-366,0
95,45,3169,1491,-337,-202
95,45,3170,1468,-366,0
95,45,3170,1470,-366,-8
95,45,3170,1470,-366,0
95,45,3170,1471,-366,-8
95,45,3171,1465,-366,0
95,45,3171,1466,-366,0
95,45,3171,1466,-366,18
95,45,3171,1467,-366,18
95,45,3171,1468,-395,0
95,45,3171,1468,-366,0
95,45,3171,1468,-366,18
95,45,3171,1469,-418,0
95,45,3171,1469,-366,0
95,45,3171,1469,-366,18
95,45,3171,1470,-366,-8
95,45,3171,1470,-366,18
95,45,3171,1471,-366,-18
95,45,3171,1471,-366,-8
95,45,3171,1471,-366,0
95,45,3171,1471,-366,18
95,45,3171,1471,-365,-27
95,45,3171,1472,-366,0
95,45,3171,1472,-366,18
95,45,3171,1472,-365,-35
95,45,3171,1472,-365,-27
95,45,3171,1473,-366,0
95,45,3171,1473,-366,18
95,45,3171,1473,-363,-44
95,45,3171,1474,-366,18
95,45,3171,1475,-366,0
95,45,3171,1475,-366,18
95,45,3171,1475,-360,-63
95,45,3171,1476,-366,0
95,45,3171,1476,-366,18
95,45,3171,1477,-366,18
95,45,3171,1478,-366,0
95,45,3171,1478,-366,18
95,45,3171,1479,-366,0
95,45,3171,1479,-366,18
95,45,3171,1480,-366,0
95,45,3171,1480,-366,18
95,45,3171,1481,-366,0
95,45,3171,1482,-366,0
95,45,3172,1457,-478,144
95,45,3172,1458,-478,144
95,45,3172,1468,-431,0
95,45,3172,1468,-361,0
95,45,3172,1469,-340,0
95,45,3172,1478,-358,-80
95,45,3172,1481,-350,-106
95,45,3173,1468,-369,0
95,45,3173,1468,-361,0
95,45,3173,1469,-500,0
95,45,3173,1469,-497,0
95,45,3173,1469,-340,0
95,45,3173,1470,-500,-25
95,45,3173,1470,-340,0
95,45,3174,1464,-443,43
95,45,3174,1471,-500,-25
95,45,3174,1478,-492,-85
95,45,3175,1464,-417,40
95,45,3175,1469,-471,0
95,45,3175,1469,-418,0
95,45,3175,1477,-492,-85
95,45,3175,1478,-490,-97
95,45,3176,1469,-500,0
95,45,3176,1477,-492,-85
95,46,3115,1445,-16,19
95,46,3115,1446,-23,12
95,46,3115,1447,-24,9
95,46,3115,1448,-26,-2
95,46,3115,1450,0,78
95,46,3115,1452,-12,-23
95,46,3115,1454,0,0
95,46,3115,1456,0,0
95,46,3115,1458,-74,-138
95,46,3116,1451,-22,-13
95,46,3119,1452,-182,148
95,46,3120,1542,-77,-387
95,46,3121,1459,-51,417
95,46,3121,1546,-92,-411
95,46,3125,1532,-169,-298
95,46,3125,1544,-151,-393
95,46,3125,1548,-140,-425
95,46,3127,1435,-148,449
95,46,3127,1547,-160,-417
95,46,3127,1548,-150,-421
95,46,3129,1430,-144,478
95,46,3130,1542,-207,-367
95,46,3130,1550,-192,-433
95,46,3133,1470,-157,0
95,46,3133,1496,-154,-27
95,46,3134,1482,-185,0
95,46,3137,1467,-421,0
95,46,3139,1468,-314,0
95,46,3139,1494,-261,0
95,46,3140,1479,-290,0
95,46,3143,1474,-418,0
95,46,3143,1478,-418,0
95,46,3143,1479,-316,0
95,46,3143,1487,-418,0
95,46,3143,1505,-418,0
95,46,3143,1512,-418,0
95,46,3145,1480,-359,308
95,46,3147,1479,-342,0
95,46,3149,1445,-496,60
95,46,3149,1483,-495,36
95,46,3150,1479,-353,353
95,46,3152,1474,-471,0
95,46,3152,1474,-371,335
95,46,3152,1487,-471,0
95,46,3152,1506,-471,0
95,46,3152,1512,-471,0
95,46,3153,1468,-473,0
95,46,3153,1469,-473,0
95,46,3154,1469,-471,23
95,46,3154,1470,-471,23
95,46,3154,1472,-471,-11
95,46,3154,1472,-471,23
95,46,3154,1475,-471,23
95,46,3154,1475,-353,353
95,46,3154,1479,-471,23
95,46,3154,1482,-471,23
95,46,3154,1487,-471,23
95,46,3154,1488,-471,10
95,46,3154,1488,-471,23
95,46,3154,1489,-471,23
95,46,3154,1490,-471,23
95,46,3154,1491,-471,23
95,46,3154,1495,-471,23
95,46,3154,1496,-471,23
95,46,3154,1497,-471,23
95,46,3154,1498,-471,23
95,46,3154,1500,-471,23
95,46,3154,1502,-471,23
95,46,3154,1508,-471,23
95,46,3154,1509,-471,23
95,46,3154,1510,-471,23
95,46,3154,1511,-471,10
95,46,3154,1512,-471,23
95,46,3155,1468,-500,11
95,46,3156,1469,-500,0
95,46,3156,1470,-444,-22
95,46,3156,1470,-378,326
95,46,3157,1469,-500,0
95,46,3157,1472,-353,353
95,46,3157,1533,-353,-353
95,46,3158,1534,-361,-345
95,46,3160,1469,-500,0
95,46,3160,1536,-353,-353
95,46,3160,1537,-353,-353
95,46,3161,1471,-498,-37
95,46,3161,1505,-444,22
95,46,3161,1536,-353,-353
95,46,3161,1537,-361,-345
95,46,3161,1537,-353,-353
95,46,3162,1464,-482,132
95,46,3162,1537,-353,-353
95,46,3162,1539,-353,-353
95,46,3163,1467,-417,30
95,46,3163,1468,-417,30
95,46,3163,1469,-417,30
95,46,3163,1470,-417,30
95,46,3163,1471,-418,-21
95,46,3163,1471,-417,30
95,46,3163,1472,-418,-21
95,46,3163,1472,-418,0
95,46,3163,1472,-417,30
95,46,3163,1473,-417,30
95,46,3163,1474,-417,30
95,46,3163,1475,-417,30
95,46,3163,1476,-417,30
95,46,3163,1477,-417,30
95,46,3163,1478,-417,30
95,46,3163,1479,-418,0
95,46,3163,1479,-417,30
95,46,3163,1480,-417,30
95,46,3163,1481,-417,30
95,46,3163,1482,-417,30
95,46,3163,1483,-417,30
95,46,3163,1484,-417,30
95,46,3163,1485,-417,30
95,46,3163,1486,-417,30
95,46,3163,1487,-417,30
95,46,3163,1488,-418,0
95,46,3163,1488,-417,30
95,46,3163,1489,-417,30
95,46,3163,1490,-417,30
95,46,3163,1491,-417,30
95,46,3163,1492,-417,30
95,46,3163,1493,-417,30
95,46,3163,1494,-417,30
95,46,3163,1495,-417,30
95,46,3163,1496,-417,30
95,46,3163,1497,-417,30
95,46,3163,1498,-417,30
95,46,3163,1499,-417,30
95,46,3163,1500,-417,30
95,46,3163,1502,-417,30
95,46,3163,1503,-417,30
95,46,3163,1504,-418,0
95,46,3163,1504,-417,30
95,46,3163,1505,-417,30
95,46,3163,1506,-417,30
95,46,3163,1507,-417,30
95,46,3163,1508,-417,30
95,46,3163,1509,-417,30
95,46,3163,1510,-417,30
95,46,3163,1511,-418,0
95,46,3163,1511,-417,30
95,46,3163,1512,-417,30
95,46,3163,1513,-417,30
95,46,3163,1538,-353,-353
95,46,3163,1540,-345,-361
95,46,3164,1462,-466,179
95,46,3164,1507,-500,0
95,46,3164,1540,-361,-345
95,46,3164,1540,-353,-353
95,46,3165,1468,-500,0
95,46,3165,1469,-471,0
95,46,3165,1470,-500,0
95,46,3165,1507,-392,0
95,46,3165,1508,-500,0
95,46,3165,1508,-392,0
95,46,3165,1540,-353,-353
95,46,3166,1468,-392,0
95,46,3166,1469,-500,0
95,46,3166,1469,-471,0
95,46,3166,1471,-392,-9
95,46,3166,1489,-392,0
95,46,3166,1508,-392,0
95,46,3167,1457,-478,144
95,46,3167,1458,-478,144
95,46,3167,1468,-392,0
95,46,3167,1471,-392,-9
95,46,3167,1473,-392,-9
95,46,3167,1474,-392,-9
95,46,3167,1504,-392,19
95,46,3168,1469,-500,0
95,46,3168,1491,-500,0
95,46,3169,1469,-500,0
95,46,3169,1507,-366,0
95,46,3169,1508,-366,0
95,46,3170,1468,-366,0
95,46,3170,1470,-366,-8
95,46,3170,1471,-366,-8
95,46,3170,1471,-366,0
95,46,3170,1474,-366,-8
95,46,3170,1489,-366,0
95,46,3171,1466,-366,0
95,46,3171,1466,-366,18
95,46,3171,1467,-366,18
95,46,3171,1468,-366,0
95,46,3171,1468,-366,18
95,46,3171,1469,-418,0
95,46,3171,1469,-366,0
95,46,3171,1469,-366,18
95,46,3171,1470,-366,18
95,46,3171,1471,-366,-8
95,46,3171,1471,-366,18
95,46,3171,1472,-366,-8
95,46,3171,1472,-366,0
95,46,3171,1472,-366,18
95,46,3171,1473,-366,-8
95,46,3171,1473,-366,18
95,46,3171,1474,-366,18
95,46,3171,1475,-366,18
95,46,3171,1476,-366,18
95,46,3171,1477,-366,18
95,46,3171,1478,-366,0
95,46,3171,1478,-366,18
95,46,3171,1479,-366,0
95,46,3171,1479,-366,18
95,46,3171,1480,-366,0
95,46,3171,1480,-366,18
95,46,3171,1481,-366,18
95,46,3171,1482,-366,18
95,46,3171,1483,-366,18
95,46,3171,1484,-366,18
95,46,3171,1485,-366,18
95,46,3171,1486,-366,18
95,46,3171,1487,-366,18
95,46,3171,1488,-366,0
95,46,3171,1488,-366,18
95,46,3171,1489,-366,18
95,46,3171,1490,-366,0
95,46,3171,1490,-366,18
95,46,3171,1491,-366,18
95,46,3171,1492,-366,18
95,46,3171,1493,-366,18
95,46,3171,1494,-366,18
95,46,3171,1495,-366,18
95,46,3171,1496,-366,18
95,46,3171,1497,-366,18
95,46,3171,1498,-366,18
95,46,3171,1499,-366,18
95,46,3171,1500,-366,18
95,46,3171,1501,-366,18
95,46,3171,1502,-366,0
95,46,3171,1502,-366,18
95,46,3171,1503,-366,18
95,46,3171,1504,-366,0
95,46,3171,1504,-366,18
95,46,3171,1505,-366,18
95,46,3171,1506,-366,18
95,46,3171,1507,-366,18
95,46,3171,1508,-366,18
95,46,3171,1509,-366,18
95,46,3171,1510,-366,18
95,46,3171,1511,-366,0
95,46,3171,1511,-366,18
95,46,3171,1512,-366,18
95,46,3172,1456,-478,144
95,46,3172,1457,-478,144
95,46,3172,1458,-478,144
95,46,3172,1468,-431,0
95,46,3172,1468,-361,0
95,46,3172,1469,-340,0
95,46,3172,1470,-340,-8
95,46,3172,1471,-340,-17
95,46,3172,1472,-500,-25
95,46,3173,1469,-340,0
95,46,3173,1474,-340,0
95,46,3173,1476,-340,0
95,46,3173,1478,-340,0
95,46,3173,1482,-500,0
95,46,3173,1484,-340,0
95,46,3173,1487,-340,0
95,46,3173,1491,-500,0
95,46,3173,1502,-340,0
95,46,3173,1505,-340,0
95,46,3173,1506,-340,0
95,46,3173,1507,-500,0
95,46,3173,1510,-340,0
95,46,3173,1511,-340,0
95,46,3173,1512,-340,0
95,46,3173,1514,-500,0
95,46,3173,1514,-340,0
95,46,3174,1460,-478,144
95,46,3174,1465,-417,40
95,46,3174,1469,-500,0
95,46,3174,1469,-418,0
95,46,3174,1483,-469,34
95,46,3174,1504,-366,18
95,46,3174,1507,-500,0
95,46,3175,1468,-500,0
95,46,3175,1470,-500,0
95,46,3175,1471,-500,-11
95,46,3175,1508,-473,0
95,46,3176,1472,-498,-48
95,46,3176,1472,-498,-37
96,42,3115,1389,-85,59
96,42,3115,1389,-2,-26
96,42,3115,1390,-98,-37
96,42,3115,1390,-85,59
96,42,3115,1390,-77,70
96,42,3115,1390,-12,23
96,42,3115,1391,-117,-58
96,42,3115,1391,-104,5
96,42,3115,1391,-88,96
96,42,3115,1391,-25,5
96,42,3115,1391,-8,-25
96,42,3115,1391,0,52
96,42,3115,1392,-147,88
96,42,3115,1392,-31,41
96,42,3115,1392,0,0
96,42,3115,1393,-138,-74
96,42,3115,1393,0,78
96,42,3115,1394,0,104
96,42,3115,1395,0,0
96,42,3115,1396,0,0
96,42,3115,1398,-42,66
96,42,3115,1416,0,-392
96,42,3115,1419,0,-421
96,42,3115,1428,-224,-447
96,42,3116,1389,-207,25
96,42,3116,1403,173,323
96,42,3117,1404,-58,-391
96,42,3123,1417,-112,-407
96,42,3124,1420,-129,-428
96,42,3124,1420,-119,-432
96,42,3125,1420,-140,-425
96,42,3125,1422,-119,-432
96,42,3125,1446,-121,-484
96,42,3126,1422,-140,-425
96,42,3126,1424,-137,-453
96,42,3126,1428,-126,-457
96,42,3126,1445,-132,-482
96,42,3127,1422,-150,-421
96,42,3127,1444,-156,-474
96,42,3127,1445,-156,-474
96,42,3128,1418,-182,-409
96,42,3128,1445,-156,-474
96,42,3131,1425,-287,-408
96,42,3132,1436,0,-500
96,42,3133,1391,-101,82
96,42,3136,1388,115,61
96,42,3136,1416,0,-395
96,42,3136,1429,0,-473
96,42,3138,1400,-139,313
96,42,3139,1414,-345,-361
96,42,3139,1415,-277,-416
96,42,3140,1398,-75,334
96,42,3140,1414,-326,-378
96,42,3140,1415,-345,-361
96,42,3141,1388,151,80
96,42,3141,1415,-326,-378
96,42,3141,1428,-345,-361
96,42,3142,1389,-250,149
96,42,3144,1427,-345,-361
96,42,3144,1429,-345,-361
96,42,3144,1430,-345,-361
96,42,3146,1427,-277,-416
96,42,3147,1388,-131,-62
96,42,3147,1422,-345,-361
96,42,3147,1422,-335,-371
96,42,3148,1429,-353,-353
96,42,3150,1387,-145,0
96,42,3150,1427,-345,-361
96,42,3151,1424,-345,-361
96,42,3151,1426,-335,-371
96,42,3151,1429,-335,-371
96,42,3152,1387,-117,-144
96,42,3152,1423,-353,-353
96,42,3152,1428,-353,-353
96,42,3153,1421,-345,-361
96,42,3153,1424,-345,-361
96,42,3153,1431,-353,-353
96,42,3154,1413,-345,-361
96,42,3154,1428,-353,-353
96,42,3155,1414,-345,-361
96,42,3155,1417,-335,-371
96,42,3155,1421,-345,-361
96,42,3155,1426,-361,-345
96,42,3155,1427,-361,-345
96,42,3156,1419,-371,-335
96,42,3156,1424,-345,-361
96,42,3156,1428,-353,-353
96,42,3157,1433,-345,-361
96,42,3158,1406,-498,-48
96,42,3158,1417,-335,-371
96,42,3159,1387,-159,0
96,42,3161,1437,-334,-369
96,42,3164,1424,-353,-353
96,42,3165,1424,-345,-361
96,42,3167,1422,-371,-335
96,42,3167,1427,-353,-353
96,42,3168,1428,-345,-361
96,42,3171,1396,-433,-108
96,42,3173,1417,-300,-332
96,42,3175,1392,-356,-98
96,42,3176,1387,-407,0
96,42,3176,1429,-361,-345
96,42,3177,1396,-464,-92
96,42,3177,1396,-462,-103
96,42,3178,1386,-314,0
96,42,3178,1387,-421,0
96,42,3178,1429,-361,-345
96,42,3180,1432,-353,-353
96,42,3181,1356,-447,0
96,42,3181,1387,-447,0
96,42,3181,1399,-484,-121
96,42,3181,1431,-345,-361
96,42,3181,1432,-345,-361
96,42,3182,1432,-353,-353
96,42,3185,1387,-473,0
96,42,3185,1409,-361,-345
96,42,3186,1387,-354,0
96,42,3189,1387,-473,0
96,42,3189,1408,-498,-48
96,42,3189,1418,-345,-361
96,42,3190,1402,-484,-121
96,42,3191,1400,-482,-132
96,42,3191,1401,-488,-109
96,42,3191,1402,-484,-121
96,42,3193,1404,-416,-277
96,42,3194,1405,-416,-277
96,42,3195,1387,-500,-11
96,42,3195,1403,-482,-132
96,42,3196,1402,-457,-203
96,42,3198,1388,-500,-11
98,41,3145,1400,345,-361
98,41,3147,1361,0,0
98,41,3147,1397,345,-361
98,41,3148,1360,71,134
98,41,3148,1398,-262,-394
98,41,3150,1406,167,-470
98,41,3152,1387,21,-421
98,41,3153,1366,87,-289
98,41,3154,1386,31,-419
98,41,3155,1386,21,-421
98,41,3156,1374,0,-395
98,41,3156,1378,0,-157
98,41,3156,1386,-451,-212
98,41,3157,1387,-435,-246
98,41,3158,1404,-48,-498
98,41,3159,1388,-478,-144
98,41,3161,1388,-478,-144
98,41,3162,1388,-498,-37
98,41,3162,1389,-484,-121
98,41,3162,1389,-482,-132
98,41,3164,1387,-500,0
98,41,3164,1387,-75,-248
98,41,3165,1387,-77,-256
98,41,3166,1401,-296,-402
98,41,3167,1402,-287,-408
98,41,3169,1390,-490,-97
98,41,3169,1397,-416,-277
98,41,3169,1397,-402,-296
98,41,3170,1389,-498,-37
98,41,3170,1391,-484,-121
98,41,3170,1395,-441,-236
98,41,3170,1398,-402,-296
98,41,3170,1399,-386,-316
98,41,3170,1400,-378,-326
98,41,3170,1400,-371,-335
98,41,3171,1391,-488,-109
98,41,3171,1393,-466,-179
98,41,3171,1394,-457,-203
98,41,3171,1395,-435,-246
98,41,3171,1398,-386,-316
98,41,3172,1393,-478,-144
98,41,3172,1393,-470,-167
98,41,3172,1393,-466,-179
98,41,3172,1393,-457,-203
98,41,3172,1394,-462,-191
98,41,3172,1394,-451,-212
98,41,3173,1393,-470,-167
98,41,3173,1395,-457,-203
98,41,3173,1397,-435,-246
98,41,3173,1397,-429,-257
98,41,3174,1391,-490,-97
98,41,3175,1394,-474,-156
98,41,3175,1394,-470,-167
98,41,3179,1386,0,-421
98,41,3179,1387,0,-421
98,41,3188,1386,21,-421
98,41,3189,1386,0,-421
98,41,3194,1387,0,-421
98,41,3195,1386,21,-421
98,41,3196,1383,0,-395
98,41,3196,1386,0,-421
98,41,3197,1386,21,-421
98,41,3199,1386,21,-421
98,41,3200,1386,0,-421
98,41,3200,1397,0,-473
98,41,3206,1386,0,-421
98,41,3210,1375,-190,-285
98,41,3211,1386,0,-421
98,41,3216,1386,-72,-415
98,41,3235,1377,-319,-275
98,41,3239,1361,-128,-22
98,41,3241,1309,-157,3
98,41,3242,1327,-98,-437
98,41,3243,1311,-416,62
98,41,3243,1331,-121,-484
98,41,3243,1342,-85,-492
98,41,3243,1342,0,-471
98,41,3243,1345,0,-500
98,41,3243,1346,-60,-496
98,41,3243,1346,0,-444
98,41,3244,1344,-179,-466
98,41,3244,1345,-167,-470
98,41,3245,1343,-92,-462
98,41,3245,1345,-60,-496
98,41,3247,1309,-442,66
98,41,3247,1341,-179,-466
98,41,3247,1343,-179,-466
98,41,3249,1300,-473,0
98,41,3249,1348,-179,-466
98,41,3251,1348,-236,-441
98,41,3252,1300,-500,0
98,41,3253,1300,-473,0
98,41,3261,1333,-416,-277
99,42,3132,1431,85,-492
99,42,3133,1432,85,-492
99,42,3134,1429,48,-498
99,42,3135,1417,109,-488
99,42,3147,1379,2,25
99,42,3147,1379,14,21
99,42,3147,1413,141,-369
99,42,3155,1379,-87,-164
99,42,3155,1382,-27,-183
99,42,3156,1389,19,129
99,42,3157,1423,386,-316
99,42,3158,1388,61,115
99,42,3164,1389,-40,96
99,42,3165,1417,386,-316
99,42,3192,1448,47,-389
99,42,3193,1434,45,-469
99,42,3193,1435,45,-469
99,42,3193,1439,40,-417
99,42,3193,1444,38,-391
99,42,3194,1444,0,-366
99,42,3196,1403,0,-104
99,42,3196,1432,0,-500
99,42,3196,1433,0,-497
99,42,3196,1434,0,-500
99,42,3196,1434,0,-471
99,42,3196,1435,0,-418
99,42,3196,1438,0,-471
99,42,3196,1438,0,-392
99,42,3196,1439,0,-418
99,42,3196,1442,0,-366
99,42,3196,1443,0,-444
99,42,3196,1443,0,-392
99,42,3196,1443,0,-366
99,42,3196,1444,0,-418
99,42,3196,1445,0,-418
99,42,3196,1445,0,-392
99,42,3196,1445,0,-366
99,42,3196,1446,0,-500
99,42,3196,1446,0,-366
99,42,3196,1447,0,-418
99,42,3196,1447,0,-392
99,42,3196,1449,0,-500
99,42,3197,1403,0,-238
99,42,3197,1429,46,-472
99,42,3199,1412,0,-392
99,42,3199,1445,0,-340
99,42,3200,1413,-22,-444
99,42,3200,1427,0,-466
99,42,3200,1436,-21,-418
99,42,3200,1438,0,-500
99,42,3200,1438,0,-416
99,42,3200,1438,0,-392
99,42,3200,1442,0,-390
99,42,3200,1442,0,-366
99,42,3200,1443,0,-500
99,42,3200,1446,0,-361
99,42,3201,1416,0,-418
99,42,3201,1422,-25,-497
99,42,3201,1427,-37,-495
99,42,3201,1436,-22,-444
99,42,3201,1436,-21,-418
99,42,3201,1439,-21,-418
99,42,3201,1441,-20,-403
99,42,3201,1443,-29,-391
99,42,3201,1444,-27,-365
99,42,3201,1444,-18,-366
99,42,3201,1444,-8,-366
99,42,3201,1445,0,-340
99,42,3202,1425,-46,-469
99,42,3202,1436,-31,-417
99,42,3202,1436,-21,-418
99,42,3202,1444,-27,-365
99,42,3202,1444,-18,-366
99,42,3202,1445,-29,-391
99,42,3202,1445,0,-340
99,42,3203,1413,0,-444
99,42,3203,1436,-41,-417
99,42,3203,1436,-21,-418
99,42,3203,1444,-35,-365
99,42,3203,1444,-27,-365
99,42,3203,1444,-18,-366
99,42,3203,1445,-48,-498
99,42,3203,1445,0,-340
99,42,3204,1425,0,-471
99,42,3204,1436,-21,-418
99,42,3204,1444,-35,-365
99,42,3204,1444,-18,-366
99,42,3204,1445,0,-340
99,42,3204,1446,-33,-339
99,42,3205,1412,0,-392
99,42,3205,1425,0,-471
99,42,3205,1436,-21,-418
99,42,3205,1444,-18,-366
99,42,3205,1445,0,-340
99,42,3206,1436,-21,-418
99,42,3206,1444,-63,-360
99,42,3206,1444,-18,-366
99,42,3207,1424,-353,-353
99,42,3207,1433,-107,-431
99,42,3207,1436,-21,-418
99,42,3207,1444,-18,-366
99,42,3208,1422,0,-497
99,42,3208,1424,-345,-361
99,42,3208,1436,-21,-418
99,42,3208,1444,-18,-366
99,42,3208,1444,0,-366
99,42,3208,1445,-80,-358
99,42,3209,1436,-21,-418
99,42,3209,1444,-18,-366
99,42,3209,1445,0,-340
99,42,3210,1436,-21,-418
99,42,3210,1444,-18,-366
99,42,3210,1445,-89,-355
99,42,3211,1424,-353,-353
99,42,3211,1436,-21,-418
99,42,3211,1444,-18,-366
99,42,3211,1445,0,-340
99,42,3212,1424,-353,-353
99,42,3212,1425,-267,-421
99,42,3212,1436,-21,-418
99,42,3212,1443,-114,-348
99,42,3212,1444,-18,-366
99,42,3212,1445,-106,-350
99,42,3213,1431,-353,-353
99,42,3213,1436,-21,-418
99,42,3213,1442,-132,-369
99,42,3213,1444,-18,-366
99,42,3214,1416,0,-418
99,42,3214,1431,-345,-361
99,42,3214,1436,-21,-418
99,42,3214,1444,-18,-366
99,42,3214,1445,0,-340
99,42,3215,1431,-345,-361
99,42,3215,1436,-21,-418
99,42,3215,1444,-18,-366
99,42,3216,1431,-345,-361
99,42,3216,1434,-351,-351
99,42,3216,1436,-21,-418
99,42,3216,1444,-18,-366
99,42,3217,1422,-361,-345
99,42,3217,1422,-353,-353
99,42,3217,1431,-345,-361
99,42,3217,1434,-351,-351
99,42,3217,1435,-344,-359
99,42,3217,1436,-219,-387
99,42,3217,1436,-21,-418
99,42,3217,1436,0,-418
99,42,3217,1444,-18,-366
99,42,3217,1444,0,-366
99,42,3217,1444,8,-366
99,42,3217,1444,18,-366
99,42,3217,1445,0,-340
99,42,3218,1431,-345,-361
99,42,3218,1435,-344,-359
99,42,3218,1436,-21,-418
99,42,3218,1444,-18,-366
99,42,3218,1444,18,-366
99,42,3219,1406,-317,-273
99,42,3219,1422,25,-497
99,42,3219,1431,-345,-361
99,42,3219,1435,-344,-359
99,42,3219,1436,-21,-418
99,42,3219,1437,0,-500
99,42,3219,1440,-206,-364
99,42,3219,1444,-18,-366
99,42,3219,1444,18,-366
99,42,3219,1447,0,-500
99,42,3220,1422,25,-497
99,42,3220,1431,-353,-353
99,42,3220,1431,-345,-361
99,42,3220,1435,-344,-359
99,42,3220,1436,-21,-418
99,42,3220,1437,-238,-375
99,42,3220,1444,-18,-366
99,42,3220,1444,18,-366
99,42,3221,1431,-353,-353
99,42,3221,1431,-345,-361
99,42,3221,1434,-359,-344
99,42,3221,1435,-344,-359
99,42,3221,1436,-21,-418
99,42,3221,1444,-18,-366
99,42,3222,1321,-263,19
99,42,3222,1430,-335,-371
99,42,3222,1431,-353,-353
99,42,3222,1431,-345,-361
99,42,3222,1432,-345,-361
99,42,3222,1434,-351,-351
99,42,3222,1435,-344,-359
99,42,3222,1436,-21,-418
99,42,3222,1440,-232,-348
99,42,3222,1444,-18,-366
99,42,3222,1444,18,-366
99,42,3222,1445,0,-340
99,42,3223,1406,-353,-274
99,42,3223,1431,-361,-345
99,42,3223,1431,-345,-361
99,42,3223,1432,-345,-361
99,42,3223,1434,-351,-351
99,42,3223,1435,-344,-359
99,42,3223,1436,-21,-418
99,42,3223,1444,-18,-366
99,42,3224,1434,-351,-351
99,42,3224,1435,-344,-359
99,42,3224,1436,-21,-418
99,42,3224,1441,-232,-348
99,42,3224,1444,-18,-366
99,42,3225,1430,-361,-345
99,42,3225,1431,-361,-345
99,42,3225,1432,-345,-361
99,42,3225,1434,-359,-344
99,42,3225,1434,-351,-351
99,42,3225,1434,-344,-359
99,42,3225,1435,-344,-359
99,42,3225,1436,-21,-418
99,42,3225,1444,-18,-366
99,42,3225,1444,18,-366
99,42,3226,1410,-346,-283
99,42,3226,1430,-361,-345
99,42,3226,1434,-344,-359
99,42,3226,1434,-334,-369
99,42,3226,1435,-344,-359
99,42,3226,1436,-21,-418
99,42,3226,1444,-18,-366
99,42,3227,1429,-378,-326
99,42,3227,1431,-361,-345
99,42,3227,1436,-21,-418
99,42,3227,1444,-18,-366
99,42,3227,1444,18,-366
99,42,3228,1431,-361,-345
99,42,3228,1432,-361,-345
99,42,3228,1433,-361,-345
99,42,3228,1433,-353,-353
99,42,3228,1433,-345,-361
99,42,3228,1435,-369,-334
99,42,3228,1436,-21,-418
99,42,3228,1444,-18,-366
99,42,3228,1444,18,-366
99,42,3229,1329,183,-225
99,42,3229,1433,-361,-345
99,42,3229,1434,-361,-345
99,42,3229,1436,-21,-418
99,42,3229,1437,-316,-350
99,42,3229,1444,-18,-366
99,42,3229,1444,18,-366
99,42,3230,1436,-21,-418
99,42,3230,1444,-18,-366
99,42,3230,1444,18,-366
99,42,3230,1445,0,-340
99,42,3231,1406,-170,-126
99,42,3231,1432,-386,-316
99,42,3231,1436,-21,-418
99,42,3231,1437,-345,-361
99,42,3231,1444,-18,-366
99,42,3231,1444,18,-366
99,42,3232,1330,143,-117
99,42,3232,1434,-359,-344
99,42,3232,1436,-21,-418
99,42,3232,1444,-18,-366
99,42,3232,1444,18,-366
99,42,3233,1436,-21,-418
99,42,3233,1444,-18,-366
99,42,3233,1444,18,-366
99,42,3233,1445,0,-340
99,42,3234,1422,25,-497
99,42,3234,1436,-21,-418
99,42,3234,1444,-18,-366
99,42,3234,1444,18,-366
99,42,3235,1422,25,-497
99,42,3235,1436,-21,-418
99,42,3235,1444,-18,-366
99,42,3235,1444,18,-366
99,42,3235,1445,0,-340
99,42,3236,1422,25,-497
99,42,3236,1436,-21,-418
99,42,3236,1444,-18,-366
99,42,3236,1444,18,-366
99,42,3237,1422,25,-497
99,42,3237,1436,-21,-418
99,42,3237,1444,-18,-366
99,42,3237,1444,18,-366
99,42,3238,1404,68,-38
99,42,3238,1436,-21,-418
99,42,3238,1444,-18,-366
99,42,3238,1444,18,-366
99,42,3238,1445,0,-340
99,42,3239,1422,25,-497
99,42,3239,1436,-21,-418
99,42,3239,1436,30,-417
99,42,3239,1444,-18,-366
99,42,3239,1444,18,-366
99,42,3240,1397,0,-340
99,42,3240,1422,25,-497
99,42,3240,1436,-21,-418
99,42,3240,1444,-18,-366
99,42,3240,1444,18,-366
99,42,3240,1445,0,-340
99,42,3241,1422,25,-497
99,42,3241,1436,-21,-418
99,42,3241,1444,-18,-366
99,42,3241,1444,18,-366
99,42,3242,1422,25,-497
99,42,3242,1436,-21,-418
99,42,3242,1444,-18,-366
99,42,3242,1444,18,-366
99,42,3243,1425,0,-471
99,42,3243,1429,0,-444
99,42,3243,1431,32,-443
99,42,3243,1436,-21,-418
99,42,3243,1436,30,-417
99,42,3243,1444,-18,-366
99,42,3243,1444,18,-366
99,42,3243,1445,0,-340
99,42,3243,1446,0,-340
99,42,3244,1436,-21,-418
99,42,3244,1436,30,-417
99,42,3244,1444,-18,-366
99,42,3244,1444,18,-366
99,42,3245,1422,-25,-497
99,42,3245,1431,32,-443
99,42,3245,1432,-345,-361
99,42,3245,1442,0,-366
99,42,3245,1444,-18,-366
99,42,3245,1445,0,-340
99,42,3246,1432,-353,-353
99,42,3246,1440,28,-391
99,42,3247,1396,-160,-417
99,42,3247,1440,28,-391
99,42,3247,1444,-18,-366
99,42,3248,1440,28,-391
99,42,3248,1442,0,-366
99,42,3248,1447,-85,-492
99,42,3249,1440,0,-392
99,42,3249,1440,28,-391
99,42,3250,1436,-353,-353
99,42,3250,1436,30,-417
99,42,3250,1440,-29,-391
99,42,3250,1440,28,-391
99,42,3251,1432,-371,-335
99,42,3252,1383,0,0
99,42,3252,1387,0,0
99,42,3252,1434,0,-418
99,42,3252,1442,0,-366
99,42,3253,1436,-21,-418
99,42,3253,1440,-29,-391
99,42,3254,1387,0,0
99,42,3254,1388,0,0
99,42,3254,1406,-176,-194
99,42,3255,1387,0,0
99,42,3256,1428,-416,-277
99,42,3261,1383,-146,-114
99,42,3264,1297,-488,109
99,42,3268,1300,-500,0
99,42,3268,1300,-451,212
99,42,3278,1380,-204,0
99,42,3282,1420,-345,-361
99,42,3284,1426,-371,-335
99,42,3285,1423,-361,-345
99,42,3285,1423,-353,-353
99,42,3286,1423,-361,-345
99,42,3293,1393,-462,-191
99,42,3298,1395,-462,-191
101,81,3202,2538,277,416
101,81,3218,2551,29,393
101,81,3259,2525,85,492
101,81,3259,2526,85,492
101,81,3260,2519,0,500
101,81,3260,2521,0,500
101,81,3260,2522,0,500
101,81,3261,2525,45,469
101,81,3261,2525,57,467
101,81,3262,2523,26,364
101,81,3262,2564,-75,72
101,81,3263,2522,21,418
101,81,3264,2522,0,340
101,81,3264,2523,0,340
101,81,3264,2525,0,366
101,81,3264,2526,0,366
101,81,3264,2526,0,387
101,81,3264,2527,0,366
101,81,3264,2530,0,392
101,81,3264,2535,0,364
101,81,3264,2553,74,494
101,81,3264,2564,-58,116
101,81,3266,2522,0,340
101,81,3268,2522,0,340
101,81,3269,2522,0,340
101,81,3269,2524,18,366
101,81,3269,2555,-323,309
101,81,3270,2522,0,340
101,81,3271,2522,0,340
101,81,3272,2522,0,340
101,81,3274,2522,0,340
101,81,3274,2548,-345,361
101,81,3275,2522,0,340
101,81,3275,2559,498,48
101,81,3276,2522,0,340
101,81,3276,2563,-170,162
101,81,3277,2522,0,340
101,81,3278,2522,0,340
101,81,3279,2522,0,340
101,81,3280,2522,0,340
101,81,3280,2558,0,261
101,81,3280,2559,0,261
101,81,3280,2560,0,235
101,81,3280,2561,0,235
101,81,3280,2566,0,104
101,81,3281,2523,0,340
101,81,3282,2522,0,340
101,81,3282,2523,26,364
101,81,3282,2534,0,418
101,81,3283,2522,0,340
101,81,3284,2522,0,340
101,81,3284,2523,0,340
101,81,3285,2522,0,340
101,81,3285,2537,-353,353
101,81,3286,2522,0,340
101,81,3286,2523,0,340
101,81,3287,2522,0,340
101,81,3287,2532,-359,343
101,81,3287,2537,-353,353
101,81,3288,2522,0,340
101,81,3288,2537,-353,353
101,81,3288,2559,0,261
101,81,3288,2562,0,209
101,81,3289,2522,0,340
101,81,3289,2537,-353,353
101,81,3290,2522,0,340
101,81,3291,2522,0,340
101,81,3291,2533,-351,351
101,81,3292,2522,0,340
101,81,3292,2537,-353,353
101,81,3293,2522,0,340
101,81,3293,2533,-351,351
101,81,3293,2537,-353,353
101,81,3294,2522,0,340
101,81,3294,2523,0,340
101,81,3294,2523,26,364
101,81,3294,2537,-353,353
101,81,3295,2522,0,340
101,81,3296,2522,0,340
101,81,3297,2522,0,340
101,81,3298,2522,0,340
101,81,3299,2522,0,340
101,81,3299,2537,-353,353
101,81,3300,2522,0,340
101,81,3300,2523,0,340
101,81,3301,2522,0,340
101,81,3301,2523,0,340
101,81,3302,2522,0,340
101,81,3302,2523,0,340
101,81,3302,2537,-353,353
101,81,3303,2522,0,340
101,81,3303,2523,0,340
101,81,3304,2522,0,340
101,81,3304,2532,-359,343
101,81,3305,2522,0,340
101,81,3305,2523,0,340
101,81,3306,2522,0,340
101,81,3307,2521,0,500
101,81,3307,2522,0,340
101,81,3307,2523,0,340
101,81,3308,2580,52,0
101,81,3308,2580,78,0
101,81,3308,2583,186,348
101,81,3308,2584,45,204
101,81,3309,2583,104,0
101,81,3309,2585,-88,55
101,81,3310,2587,169,69
101,81,3310,2588,140,-155
101,81,3310,2595,169,69
101,81,3311,2594,203,-109
101,81,3311,2602,83,62
101,81,3312,2582,209,-5
101,81,3312,2590,212,100
101,81,3312,2612,261,0
101,81,3313,2533,-359,343
101,81,3313,2533,-351,351
101,81,3313,2586,273,285
101,81,3315,2587,240,240
101,81,3315,2588,360,265
101,81,3316,2588,179,-108
101,81,3316,2612,340,0
101,81,3317,2580,283,6
101,81,3317,2584,97,-154
101,81,3317,2590,287,14
101,81,3318,2584,127,28
101,81,3318,2589,286,-21
101,81,3318,2589,340,-17
101,81,3319,2531,-344,358
101,81,3320,2582,338,-25
101,81,3320,2584,224,-135
101,81,3321,2559,-60,85
101,81,3321,2584,338,33
101,81,3321,2593,347,114
101,81,3322,2598,223,213
101,81,3324,2583,135,-254
101,81,3324,2583,141,-250
101,81,3325,2579,0,-340
101,81,3325,2585,294,-217
101,81,3326,2559,-185,346
101,81,3326,2579,294,-217
101,81,3326,2587,296,219
101,81,3326,2596,339,250
101,81,3327,2569,-139,-313
101,81,3327,2579,-17,-342
101,81,3327,2591,160,300
101,81,3328,2537,0,447
101,81,3328,2538,0,444
101,81,3328,2538,0,473
101,81,3328,2539,0,418
101,81,3328,2539,0,444
101,81,3328,2539,0,466
101,81,3328,2541,0,466
101,81,3328,2554,0,500
101,81,3328,2573,27,-367
101,81,3328,2575,0,-421
101,81,3328,2583,-16,-314
101,81,3329,2575,145,-309
101,81,3329,2605,30,-312
101,81,3330,2536,-66,439
101,81,3330,2538,-66,439
101,81,3330,2538,-48,498
101,81,3330,2538,-43,442
101,81,3330,2582,399,-253
101,81,3331,2536,-66,439
101,81,3331,2568,-329,-219
101,81,3332,2538,-97,434
101,81,3332,2574,9,-421
101,81,3333,2540,-158,443
101,81,3335,2570,-187,-349
101,81,3336,2574,0,-395
101,81,3337,2540,-244,432
101,81,3337,2574,0,-421
101,81,3337,2578,211,-395
101,81,3337,2589,0,387
101,81,3339,2543,-335,371
101,81,3339,2564,-384,-270
101,81,3339,2625,0,-500
101,81,3340,2537,-353,353
101,81,3343,2544,-353,353
101,81,3343,2552,-345,361
101,81,3345,2582,-473,-11
101,81,3347,2547,-353,353
101,81,3347,2548,-345,361
101,81,3348,2546,-353,353
101,81,3348,2548,-378,326
101,81,3350,2562,-345,361
102,82,3290,2572,236,441
102,82,3291,2574,470,167
102,82,3294,2570,402,296
102,82,3296,2568,0,500
102,82,3297,2580,500,0
102,82,3299,2580,500,0
102,82,3301,2578,484,121
102,82,3302,2580,194,194
102,82,3306,2563,0,500
102,82,3306,2580,435,246
102,82,3307,2575,0,287
102,82,3307,2577,0,447
102,82,3307,2581,0,421
102,82,3308,2582,323,173
102,82,3308,2586,108,360
102,82,3310,2584,-58,390
102,82,3314,2584,-96,382
102,82,3315,2584,-114,378
102,82,3315,2589,-124,347
102,82,3316,2580,-121,403
102,82,3316,2586,-132,371
102,82,3319,2576,-140,424
102,82,3319,2584,-171,385
102,82,3319,2587,-177,353
102,82,3320,2572,-159,445
102,82,3320,2574,-130,364
102,82,3320,2580,-182,408
102,82,3320,2584,-171,385
102,82,3322,2572,-170,442
102,82,3323,2583,-199,371
102,82,3324,2585,-20,395
102,82,3325,2581,-21,421
102,82,3327,2574,-224,417
102,82,3327,2579,-230,384
102,82,3328,2578,0,447
102,82,3331,2576,-262,394
102,82,3338,2581,21,421
102,82,3339,2571,-316,386
102,82,3339,2577,0,447
102,82,3339,2581,0,421
102,82,3342,2578,-26,263
102,82,3343,2612,181,-22
102,82,3345,2573,-306,394
102,82,3347,2566,-371,335
102,82,3368,2588,-371,288
105,82,3321,2590,332,258
105,82,3325,2594,315,232
105,82,3332,2592,141,396
105,82,3336,2612,9,24
105,82,3337,2602,57,230
105,82,3337,2605,46,207
105,82,3338,2609,28,130
105,82,3339,2601,0,264
105,82,3339,2605,0,212
105,82,3339,2615,12,-23
105,82,3343,2609,-40,-71
105,82,3344,2588,71,361
105,82,3345,2578,31,259
105,82,3345,2581,41,419
105,82,3345,2581,50,417
105,82,3346,2581,41,419
105,82,3347,2584,29,393
105,82,3347,2613,-75,141
105,82,3347,2613,-50,94
105,82,3348,2581,0,421
105,82,3353,2611,-164,-87
105,82,3359,2579,239,377
105,82,3359,2579,248,372
105,82,3359,2580,257,365
105,82,3365,2576,192,432
105,82,3366,2580,190,403
105,82,3367,2576,160,417
105,82,3367,2587,186,348
105,82,3368,2587,177,353
105,82,3368,2590,174,325
105,82,3369,2580,141,396
105,82,3371,2584,123,375
105,82,3372,2584,114,378
105,82,3373,2588,106,353
105,82,3374,2588,89,357
105,82,3375,2584,76,387
105,82,3376,2578,478,144
105,82,3376,2584,67,389
105,82,3376,2585,67,389
105,82,3376,2588,71,361
105,82,3377,2581,41,419
105,82,3377,2581,50,417
105,82,3378,2571,0,500
105,82,3378,2579,454,125
105,82,3378,2579,482,132
105,82,3378,2581,31,419
105,82,3379,2581,21,421
105,82,3379,2581,31,419
105,82,3380,2572,0,500
105,82,3380,2574,0,473
105,82,3380,2580,-235,0
105,82,3380,2581,0,421
105,82,3380,2588,0,183
105,82,3380,2603,0,0
105,82,3380,2603,195,130
105,82,3380,2606,14,-21
105,82,3380,2606,159,89
105,82,3380,2606,194,33
105,82,3380,2608,23,11
105,82,3380,2608,104,-5
105,82,3380,2608,117,55
105,82,3380,2609,102,17
105,82,3381,2580,-135,192
105,82,3381,2580,248,372
105,82,3382,2575,-246,435
105,82,3382,2580,-262,0
105,82,3386,2562,-156,474
105,82,3387,2563,0,500
105,82,3387,2580,-500,0
105,82,3388,2566,-361,345
105,82,3388,2568,-361,345
105,82,3388,2569,-361,345
105,82,3389,2567,-236,441
105,82,3389,2572,-386,316
105,82,3389,2572,-246,435
105,82,3390,2565,-287,408
105,82,3392,2565,-335,371
105,82,3392,2569,-236,441
105,82,3392,2580,-361,345
105,82,3393,2567,-236,441
105,82,3394,2576,-484,121
106,10,3324,367,474,-156
106,10,3328,366,474,-156
106,10,3330,367,462,-191
106,10,3331,370,401,-189
106,10,3332,356,444,0
106,10,3332,369,435,-246
106,10,3337,351,471,35
106,10,3337,356,471,0
106,10,3337,379,500,0
106,10,3337,380,500,-25
106,10,3338,374,462,-103
106,10,3339,378,494,74
106,10,3339,382,353,-353
106,10,3340,379,500,0
106,10,3340,381,432,-192
106,10,3341,378,492,85
106,10,3342,356,447,0
106,10,3342,356,471,0
106,10,3342,356,473,0
106,10,3342,363,447,0
106,10,3342,386,335,-371
106,10,3342,401,353,-353
106,10,3343,379,500,0
106,10,3343,381,224,-447
106,10,3343,381,361,-345
106,10,3343,387,345,-361
106,10,3343,408,353,-353
106,10,3344,375,428,-129
106,10,3344,384,361,-345
106,10,3345,356,392,0
106,10,3346,356,444,0
106,10,3346,365,260,-19
106,10,3346,366,260,-19
106,10,3347,297,428,129
106,10,3347,372,437,-98
106,10,3347,376,358,-128
106,10,3347,405,361,-345
106,10,3348,362,209,0
106,10,3348,376,421,-150
106,10,3349,356,418,0
106,10,3349,363,421,0
106,10,3349,365,286,-21
106,10,3350,359,260,-19
106,10,3350,374,384,-230
106,10,3351,355,395,0
106,10,3351,356,392,0
106,10,3351,356,395,0
106,10,3351,363,340,0
106,10,3351,363,395,0
106,10,3351,365,261,-13
106,10,3351,372,403,-121
106,10,3351,374,393,-151
106,10,3351,375,393,-151
106,10,3352,374,393,-151
106,10,3353,363,286,-21
106,10,3353,371,381,-105
106,10,3353,372,371,-132
106,10,3353,372,378,-114
106,10,3354,271,281,381
106,10,3354,286,332,258
106,10,3354,290,328,219
106,10,3354,291,403,190
106,10,3354,371,381,-105
106,10,3354,372,378,-114
106,10,3354,373,371,-132
106,10,3355,291,403,190
106,10,3355,374,368,-142
106,10,3356,291,403,190
106,10,3356,355,369,8
106,10,3356,365,314,-16
106,10,3356,370,355,-98
106,10,3356,370,357,-89
106,10,3356,370,412,-82
106,10,3357,288,384,230
106,10,3357,290,389,220
106,10,3357,368,444,-54
106,10,3357,370,355,-98
106,10,3357,371,347,-124
106,10,3359,361,214,-101
106,10,3359,371,411,-92
106,10,3360,369,330,-91
106,10,3360,404,345,-361
106,10,3361,404,345,-361
106,10,3361,404,353,-353
106,10,3362,358,196,-81
106,10,3362,370,322,-115
106,10,3362,400,353,-353
106,10,3363,369,300,-99
106,10,3365,368,280,-77
106,10,3365,400,353,-353
106,10,3366,404,345,-361
106,10,3369,384,343,-242
106,10,3370,392,371,-335
106,10,3370,401,353,-353
106,10,3371,404,353,-353
106,10,3372,389,345,-361
106,10,3372,390,345,-361
106,10,3372,390,361,-345
106,10,3372,393,345,-361
106,10,3372,400,353,-353
106,10,3372,401,353,-353
106,10,3372,402,361,-345
106,10,3372,403,361,-345
106,10,3372,404,345,-361
106,10,3372,405,353,-353
106,10,3373,389,345,-361
106,10,3373,394,345,-361
106,10,3373,397,335,-371
106,10,3373,400,353,-353
106,10,3373,401,353,-353
106,10,3373,403,361,-345
106,10,3373,404,345,-361
106,10,3373,405,345,-361
106,10,3373,406,335,-371
106,10,3373,406,345,-361
106,10,3374,393,345,-361
106,10,3374,396,345,-361
106,10,3374,397,335,-371
106,10,3374,397,345,-361
106,10,3374,404,345,-361
106,10,3374,405,345,-361
106,10,3374,405,353,-353
106,10,3374,406,353,-353
106,10,3375,389,345,-361
106,10,3375,390,345,-361
106,10,3375,400,353,-353
106,10,3375,405,335,-371
106,10,3375,409,296,-402
106,10,3376,399,353,-353
106,10,3376,401,353,-353
106,10,3376,407,345,-361
106,10,3376,409,296,-402
106,10,3377,401,345,-361
106,10,3377,402,345,-361
106,10,3378,402,361,-345
106,10,3378,403,361,-345
106,10,3378,408,287,-408
106,10,3379,365,-101,152
106,10,3380,407,345,-361
106,10,3381,369,-101,244
106,10,3381,402,296,-402
106,10,3382,289,191,182
106,10,3382,400,345,-361
106,10,3382,401,296,-402
106,10,3382,401,345,-361
106,10,3382,401,361,-345
106,10,3382,407,335,-371
106,10,3383,406,345,-361
106,10,3384,364,-164,87
106,10,3385,398,345,-361
106,10,3385,399,345,-361
106,10,3385,407,345,-361
106,10,3386,365,265,216
106,10,3387,404,345,-361
106,10,3388,404,345,-361
106,10,3389,400,361,-345
106,10,3389,405,326,-378
106,10,3389,405,345,-361
106,10,3390,403,335,-371
106,10,3392,397,335,-371
106,10,3396,270,0,447
106,10,3396,396,361,-345
106,10,3396,412,0,-500
106,10,3397,367,82,101
106,10,3397,396,192,-433
106,10,3397,398,192,-433
106,10,3399,394,181,-409
106,10,3399,420,156,-474
106,10,3400,420,144,-478
106,10,3401,400,136,-453
106,10,3401,415,156,-474
106,10,3402,418,121,-484
106,10,3402,422,121,-484
106,10,3403,364,23,12
106,10,3403,399,114,-459
106,10,3403,411,144,-478
106,10,3404,394,121,-403
106,10,3405,393,111,-407
106,10,3406,377,141,-341
106,10,3406,425,74,-494
106,10,3408,371,130,-260
106,10,3408,387,70,-281
106,10,3409,384,69,-255
106,10,3410,382,57,-230
106,10,3410,384,57,-230
106,10,3410,388,53,-309
106,10,3411,366,290,0
106,10,3411,385,38,-314
106,10,3412,365,49,92
106,10,3412,367,0,0
106,10,3412,367,65,43
106,10,3412,367,190,285
106,10,3412,375,24,-10
106,10,3412,376,16,-20
106,10,3412,380,0,-26
106,10,3412,385,0,-290
106,10,3412,386,0,-157
106,10,3412,394,0,-421
106,10,3412,395,0,-421
106,10,3412,397,0,-447
106,10,3412,399,0,-366
106,10,3412,401,0,-473
106,10,3412,404,0,-500
106,10,3413,411,-21,-418
106,10,3419,409,-224,-447
106,10,3419,410,-224,-447
106,10,3419,413,-203,-457
106,10,3425,278,-14,287
106,10,3427,272,-14,290
106,10,3435,279,0,340
106,10,3439,261,345,361
106,10,3446,266,335,371
106,10,3452,270,0,447
106,20,3318,635,500,0
106,20,3321,629,500,0
106,20,3322,676,500,0
106,20,3327,617,500,-11
106,20,3329,612,500,0
106,20,3329,633,462,191
106,20,3330,614,500,0
106,20,3331,613,500,-11
106,20,3331,638,462,191
106,20,3332,612,500,0
106,20,3334,611,500,0
106,20,3335,600,361,345
106,20,3336,598,345,361
106,20,3336,600,361,345
106,20,3336,600,371,335
106,20,3337,599,353,353
106,20,3337,600,345,361
106,20,3337,600,361,345
106,20,3337,619,464,92
106,20,3337,637,473,0
106,20,3337,666,471,35
106,20,3337,677,471,35
106,20,3337,681,473,10
106,20,3338,592,353,353
106,20,3339,616,498,-37
106,20,3339,616,500,0
106,20,3339,617,498,-37
106,20,3340,603,345,361
106,20,3340,604,345,361
106,20,3340,604,361,345
106,20,3340,608,500,0
106,20,3340,611,500,0
106,20,3340,631,361,345
106,20,3340,668,444,0
106,20,3340,708,500,0
106,20,3341,595,335,371
106,20,3341,619,437,97
106,20,3341,635,345,361
106,20,3341,700,438,-181
106,20,3342,603,500,0
106,20,3342,619,437,97
106,20,3342,620,438,87
106,20,3342,640,447,0
106,20,3342,648,447,0
106,20,3342,708,500,0
106,20,3343,584,345,361
106,20,3344,585,353,353
106,20,3345,613,414,171
106,20,3345,680,447,0
106,20,3345,692,278,-69
106,20,3345,710,500,-25
106,20,3346,620,411,92
106,20,3346,636,447,0
106,20,3346,644,447,0
106,20,3346,648,261,0
106,20,3346,648,447,0
106,20,3346,649,447,0
106,20,3346,675,447,0
106,20,3346,712,497,-11
106,20,3347,637,421,0
106,20,3347,642,261,13
106,20,3348,628,287,0
106,20,3348,704,377,-239
106,20,3349,602,346,283
106,20,3349,603,353,274
106,20,3349,604,353,274
106,20,3349,608,223,417
106,20,3349,615,417,160
106,20,3349,712,500,0
106,20,3350,622,387,76
106,20,3350,622,412,82
106,20,3350,699,400,-201
106,20,3351,615,385,171
106,20,3351,636,395,0
106,20,3351,637,395,0
106,20,3351,640,395,0
106,20,3351,644,395,0
106,20,3351,648,395,0
106,20,3351,649,395,0
106,20,3351,668,395,0
106,20,3351,676,395,0
106,20,3351,700,384,-230
106,20,3351,717,371,-335
106,20,3352,597,309,323
106,20,3353,607,339,250
106,20,3353,694,371,-132
106,20,3353,697,376,-189
106,20,3354,603,304,291
106,20,3354,613,276,148
106,20,3354,618,368,141
106,20,3354,623,414,72
106,20,3354,646,-49,148
106,20,3354,648,-283,-346
106,20,3354,693,371,-132
106,20,3355,596,283,346
106,20,3355,601,327,342
106,20,3355,604,304,291
106,20,3355,615,453,136
106,20,3355,618,433,108
106,20,3355,631,-25,260
106,20,3355,648,369,0
106,20,3355,668,369,0
106,20,3355,698,339,-203
106,20,3355,702,339,-250
106,20,3355,706,310,-281
106,20,3356,602,291,304
106,20,3356,603,304,291
106,20,3356,606,365,257
106,20,3356,615,421,150
106,20,3356,619,408,101
106,20,3356,620,347,123
106,20,3356,620,411,92
106,20,3356,681,369,0
106,20,3356,682,369,0
106,20,3357,600,339,291
106,20,3357,601,282,312
106,20,3357,602,282,312
106,20,3358,597,457,125
106,20,3358,601,258,332
106,20,3358,602,282,312
106,20,3358,607,293,265
106,20,3358,711,378,-326
106,20,3359,611,359,215
106,20,3360,601,381,281
106,20,3360,605,265,293
106,20,3360,606,273,285
106,20,3360,609,350,233
106,20,3360,615,421,150
106,20,3360,619,408,101
106,20,3361,675,316,7
106,20,3362,648,264,0
106,20,3364,609,240,279
106,20,3364,612,333,211
106,20,3365,600,339,291
106,20,3365,608,226,291
106,20,3365,610,322,226
106,20,3366,611,223,259
106,20,3366,612,223,259
106,20,3367,580,351,351
106,20,3367,581,358,343
106,20,3367,614,311,197
106,20,3367,618,133,0
106,20,3369,604,360,265
106,20,3369,607,339,250
106,20,3369,612,291,226
106,20,3369,613,194,249
106,20,3370,604,130,-87
106,20,3370,707,312,-283
106,20,3371,585,343,358
106,20,3371,589,353,353
106,20,3371,608,332,258
106,20,3371,609,326,240
106,20,3371,614,265,216
106,20,3372,584,353,353
106,20,3372,584,361,345
106,20,3372,588,353,353
106,20,3372,589,353,353
106,20,3372,592,353,353
106,20,3372,595,345,361
106,20,3373,584,353,353
106,20,3373,585,353,353
106,20,3373,585,361,345
106,20,3373,586,335,371
106,20,3373,586,345,361
106,20,3373,587,353,353
106,20,3373,588,353,353
106,20,3373,588,361,345
106,20,3373,589,353,353
106,20,3373,592,353,353
106,20,3373,594,353,353
106,20,3373,595,345,361
106,20,3373,596,345,361
106,20,3373,599,345,361
106,20,3373,603,345,361
106,20,3373,607,332,258
106,20,3373,608,350,233
106,20,3373,616,133,0
106,20,3374,583,316,386
106,20,3374,585,345,361
106,20,3374,585,353,353
106,20,3374,585,361,345
106,20,3374,586,335,371
106,20,3374,586,361,345
106,20,3374,587,335,371
106,20,3374,587,345,361
106,20,3374,587,353,353
106,20,3374,588,345,361
106,20,3374,588,353,353
106,20,3374,592,353,353
106,20,3374,595,345,361
106,20,3374,599,345,361
106,20,3374,605,335,371
106,20,3375,586,353,353
106,20,3375,586,361,345
106,20,3375,592,353,353
106,20,3375,599,345,361
106,20,3375,603,345,361
106,20,3375,605,335,371
106,20,3375,605,361,345
106,20,3375,606,335,371
106,20,3376,586,353,353
106,20,3376,592,353,353
106,20,3376,606,361,345
106,20,3377,584,296,402
106,20,3377,610,322,226
106,20,3377,611,322,226
106,20,3377,612,291,226
106,20,3377,613,296,219
106,20,3377,681,-208,-111
106,20,3378,587,353,353
106,20,3378,588,353,353
106,20,3378,589,353,353
106,20,3378,590,353,353
106,20,3378,611,-257,-129
106,20,3378,615,-260,130
106,20,3378,682,-185,-99
106,20,3378,721,18,-369
106,20,3379,615,275,203
106,20,3379,721,8,-369
106,20,3380,586,353,353
106,20,3380,587,353,353
106,20,3380,606,377,239
106,20,3380,611,-256,-137
106,20,3380,613,301,211
106,20,3380,627,43,-29
106,20,3380,627,46,-22
106,20,3380,700,297,-256
106,20,3381,587,345,361
106,20,3381,587,361,345
106,20,3381,588,345,361
106,20,3381,589,345,361
106,20,3381,612,291,226
106,20,3381,617,-185,-104
106,20,3381,622,124,-233
106,20,3382,612,247,237
106,20,3383,585,345,361
106,20,3383,586,345,361
106,20,3383,615,275,203
106,20,3383,618,27,-287
106,20,3383,621,-17,-237
106,20,3383,624,94,-189
106,20,3383,627,191,-90
106,20,3383,711,378,-326
106,20,3384,617,-127,-201
106,20,3384,623,35,-235
106,20,3385,587,345,361
106,20,3385,588,345,361
106,20,3385,615,-141,-223
106,20,3385,622,39,-261
106,20,3386,575,264,357
106,20,3386,598,312,-283
106,20,3386,619,-21,-289
106,20,3386,619,130,-260
106,20,3386,620,-14,-290
106,20,3386,624,-164,-134
106,20,3386,624,-18,-185
106,20,3387,617,-23,-315
106,20,3387,620,5,-264
106,20,3387,626,88,-133
106,20,3387,627,-117,-63
106,20,3387,715,21,-421
106,20,3388,589,345,361
106,20,3388,590,345,361
106,20,3388,601,309,-323
106,20,3388,619,191,-141
106,20,3388,715,0,-421
106,20,3388,718,0,-444
106,20,3388,725,0,-473
106,20,3389,617,-21,-289
106,20,3389,618,117,-266
106,20,3389,620,110,-269
106,20,3389,626,-88,-133
106,20,3389,721,-10,-421
106,20,3390,617,117,-266
106,20,3390,621,-17,-234
106,20,3390,623,-15,-208
106,20,3390,627,46,-25
106,20,3391,626,107,-118
106,20,3392,604,408,101
106,20,3393,623,-23,-234
106,20,3395,623,-28,-233
106,20,3395,624,-17,-182
106,20,3396,715,0,-421
106,20,3396,721,0,-473
106,20,3396,725,0,-473
106,20,3396,737,0,-500
106,20,3396,742,0,-500
106,20,3397,587,158,445
106,20,3397,622,50,-203
106,20,3397,625,-27,-181
106,20,3397,626,-90,-128
106,20,3398,609,-233,285
106,20,3399,596,-389,160
106,20,3399,615,90,-328
106,20,3399,703,0,-264
106,20,3400,619,63,-283
106,20,3400,626,-132,-162
106,20,3402,616,49,-286
106,20,3402,705,304,-291
106,20,3402,713,353,-353
106,20,3403,626,-141,-155
106,20,3403,734,0,-500
106,20,3403,744,0,-500
106,20,3405,730,345,-361
106,20,3406,620,167,204
106,20,3408,590,43,445
106,20,3408,609,-273,-182
106,20,3408,612,-307,-205
106,20,3411,610,-149,-278
106,20,3411,613,-174,-326
106,20,3411,613,-160,-300
106,20,3411,614,-136,-255
106,20,3412,591,0,366
106,20,3412,593,0,366
106,20,3412,616,0,-130
106,20,3412,616,0,0
106,20,3412,616,0,261
106,20,3412,617,0,-157
106,20,3412,617,0,107
106,20,3412,618,17,19
106,20,3412,619,0,-340
106,20,3412,619,0,104
106,20,3412,619,25,-4
106,20,3412,619,25,-2
106,20,3412,619,25,6
106,20,3412,619,393,-29
106,20,3412,620,0,-104
106,20,3412,620,17,185
106,20,3412,620,19,-17
106,20,3412,620,37,97
106,20,3412,621,19,-17
106,20,3412,621,25,-7
106,20,3412,622,0,-78
106,20,3412,622,0,0
106,20,3412,622,25,-4
106,20,3412,623,0,0
106,20,3412,623,168,29
106,20,3412,623,170,-70
106,20,3412,624,0,-261
106,20,3412,624,0,0
106,20,3412,624,45,150
106,20,3412,624,149,26
106,20,3412,625,102,17
106,20,3412,626,0,-26
106,20,3412,626,75,-65
106,20,3412,626,78,-61
106,20,3412,626,80,-59
106,20,3412,626,83,-55
106,20,3412,626,84,-53
106,20,3412,626,87,-91
106,20,3416,708,0,-395
106,20,3420,716,150,-421
106,20,3424,715,0,-421
106,20,3424,742,-60,-496
106,20,3427,594,-496,60
106,20,3427,730,353,-353
106,20,3431,725,490,-97
106,20,3431,728,353,-353
106,20,3434,723,353,-353
106,20,3434,726,353,-353
106,20,3435,704,0,-264
106,20,3435,711,0,-395
106,20,3435,715,0,-421
106,20,3435,740,25,-500
106,20,3439,703,0,-212
106,20,3440,715,0,-421
106,20,3443,715,0,-421
106,20,3444,701,62,-175
106,20,3444,707,0,-369
106,20,3444,714,0,-421
106,20,3444,715,0,-421
106,20,3444,727,0,-500
106,20,3447,725,335,-371
106,20,3452,703,0,-290
106,20,3452,705,0,-316
106,20,3452,711,0,-369
106,20,3452,715,0,-421
106,20,3452,721,0,-473
106,20,3452,725,0,-473
106,20,3452,727,0,-473
106,20,3452,727,0,-471
106,20,3452,732,0,-500
106,20,3452,742,0,-500
106,20,3453,721,-11,-473
106,20,3456,704,0,-264
106,20,3456,715,0,-421
106,20,3457,740,0,-500
106,20,3460,705,0,-264
106,20,3460,725,0,-473
106,20,3461,686,-260,25
106,20,3465,686,-160,300
106,20,3467,724,0,-500
106,20,3470,667,173,116
106,20,3473,725,-70,-468
106,20,3473,736,0,-500
106,20,3473,737,0,-500
106,20,3477,720,-126,-457
106,20,3477,733,-361,-345
106,20,3486,713,-378,-326
106,20,3496,695,-390,-161
106,20,3497,717,-318,-351
106,81,3328,2580,361,345
106,81,3328,2580,500,0
106,81,3333,2580,500,0
106,81,3341,2565,326,378
106,81,3343,2567,316,386
106,81,3346,2537,353,353
106,81,3348,2569,453,136
106,81,3348,2620,248,-75
106,81,3352,2532,368,333
106,81,3353,2580,0,-421
106,81,3354,2583,-10,-421
106,81,3354,2591,8,-369
106,81,3355,2574,-10,-421
106,81,3355,2587,-9,-395
106,81,3356,2535,371,335
106,81,3358,2534,386,316
106,81,3358,2572,-21,-421
106,81,3359,2533,361,345
106,81,3360,2531,353,353
106,81,3360,2531,355,340
106,81,3360,2532,355,340
106,81,3360,2532,358,343
106,81,3360,2533,351,351
106,81,3360,2533,368,333
106,81,3361,2533,361,345
106,81,3361,2603,-212,301
106,81,3361,2611,69,-35
106,81,3361,2612,46,-22
106,81,3361,2612,49,-17
106,81,3362,2532,361,345
106,81,3362,2533,358,343
106,81,3362,2598,-367,207
106,81,3362,2612,25,-5
106,81,3363,2532,343,358
106,81,3363,2533,351,351
106,81,3363,2533,358,343
106,81,3363,2537,353,353
106,81,3363,2604,-378,114
106,81,3364,2531,316,349
106,81,3364,2533,358,343
106,81,3364,2536,371,335
106,81,3364,2595,-189,376
106,81,3365,2533,358,343
106,81,3365,2594,-250,194
106,81,3366,2533,358,343
106,81,3366,2590,-353,274
106,81,3367,2533,358,343
106,81,3368,2533,351,351
106,81,3368,2533,358,343
106,81,3368,2612,24,-9
106,81,3369,2533,351,351
106,81,3369,2533,358,343
106,81,3369,2537,353,353
106,81,3369,2603,-181,189
106,81,3369,2612,22,-12
106,81,3369,2612,287,0
106,81,3370,2532,351,351
106,81,3370,2533,358,343
106,81,3370,2583,-312,-23
106,81,3370,2587,-332,258
106,81,3370,2612,26,-1
106,81,3371,2533,358,343
106,81,3372,2526,0,366
106,81,3372,2533,358,343
106,81,3373,2526,0,366
106,81,3373,2533,358,343
106,81,3374,2526,0,366
106,81,3374,2532,351,351
106,81,3374,2533,358,343
106,81,3375,2532,351,351
106,81,3375,2533,358,343
106,81,3375,2582,-221,-140
106,81,3376,2532,343,358
106,81,3376,2533,358,343
106,81,3377,2523,0,340
106,81,3377,2533,358,343
106,81,3377,2561,189,180
106,81,3377,2588,-123,-136
106,81,3377,2589,-116,-174
106,81,3377,2594,-124,168
106,81,3378,2522,0,340
106,81,3378,2523,18,366
106,81,3378,2523,26,364
106,81,3378,2524,18,366
106,81,3378,2524,26,364
106,81,3378,2533,351,351
106,81,3378,2533,358,343
106,81,3378,2588,-110,-150
106,81,3379,2521,0,500
106,81,3379,2522,0,340
106,81,3379,2524,18,366
106,81,3379,2530,0,392
106,81,3379,2533,358,343
106,81,3379,2582,-86,-162
106,81,3379,2582,-74,-138
106,81,3379,2587,-75,-141
106,81,3380,2521,0,342
106,81,3380,2522,0,340
106,81,3380,2523,0,340
106,81,3380,2526,0,366
106,81,3380,2532,351,351
106,81,3380,2533,358,343
106,81,3381,2522,0,340
106,81,3381,2523,26,364
106,81,3381,2532,351,351
106,81,3381,2533,358,343
106,81,3382,2522,0,340
106,81,3382,2532,351,351
106,81,3382,2537,353,353
106,81,3383,2522,0,340
106,81,3383,2523,0,340
106,81,3383,2533,351,351
106,81,3383,2533,358,343
106,81,3384,2522,0,340
106,81,3384,2523,0,340
106,81,3384,2523,26,364
106,81,3384,2533,358,343
106,81,3385,2522,0,340
106,81,3385,2523,18,366
106,81,3385,2525,71,358
106,81,3385,2532,351,351
106,81,3385,2533,358,343
106,81,3386,2522,0,340
106,81,3386,2525,62,360
106,81,3386,2526,54,362
106,81,3386,2532,351,351
106,81,3386,2533,358,343
106,81,3386,2537,353,353
106,81,3386,2537,361,345
106,81,3387,2522,0,340
106,81,3387,2527,67,386
106,81,3387,2527,76,384
106,81,3387,2533,358,343
106,81,3388,2522,0,340
106,81,3388,2532,351,351
106,81,3388,2533,358,343
106,81,3388,2563,153,178
106,81,3388,2563,169,162
106,81,3389,2522,0,340
106,81,3389,2522,25,338
106,81,3389,2527,38,391
106,81,3389,2533,358,343
106,81,3389,2537,353,353
106,81,3390,2522,0,340
106,81,3390,2522,17,340
106,81,3390,2524,-18,366
106,81,3390,2527,38,391
106,81,3390,2532,351,351
106,81,3390,2533,358,343
106,81,3391,2522,0,340
106,81,3391,2522,20,414
106,81,3391,2523,0,340
106,81,3391,2524,19,387
106,81,3392,2522,0,340
106,81,3392,2522,7,340
106,81,3392,2523,0,340
106,81,3392,2524,0,500
106,81,3392,2532,351,351
106,81,3392,2533,358,343
106,81,3393,2533,358,343
106,81,3394,2533,358,343
106,81,3394,2534,351,351
106,81,3395,2533,358,343
106,81,3395,2537,353,353
106,81,3395,2547,21,421
106,81,3395,2564,0,104
106,81,3396,2518,0,447
106,81,3396,2521,0,500
106,81,3396,2522,0,340
106,81,3396,2523,0,340
106,81,3396,2523,0,366
106,81,3396,2523,0,500
106,81,3396,2524,0,392
106,81,3396,2524,0,500
106,81,3396,2526,0,418
106,81,3396,2527,0,444
106,81,3396,2527,0,500
106,81,3396,2529,0,500
106,81,3396,2530,0,500
106,81,3396,2533,358,343
106,81,3396,2556,0,369
106,81,3396,2563,0,104
106,81,3396,2564,0,104
106,81,3397,2525,0,418
106,81,3397,2528,0,471
106,81,3397,2533,358,343
106,81,3398,2523,-18,366
106,81,3398,2533,358,343
106,81,3399,2524,-20,392
106,81,3399,2528,-31,416
106,81,3399,2532,351,351
106,81,3399,2533,358,343
106,81,3400,2532,351,351
106,81,3400,2533,358,343
106,81,3401,2533,351,351
106,81,3401,2563,-130,0
106,81,3402,2532,351,351
106,81,3402,2533,358,343
106,81,3405,2533,358,343
106,81,3407,2537,353,353
106,81,3409,2524,0,366
106,81,3410,2561,189,180
106,81,3412,2563,153,178
106,81,3412,2563,169,162
106,81,3421,2563,0,133
106,81,3422,2530,0,500
106,81,3423,2519,0,500
106,81,3440,2556,0,130
106,81,3444,2563,0,133
106,81,3452,2561,0,238
106,81,3452,2562,0,185
106,81,3452,2562,0,238
106,81,3452,2563,0,212
106,81,3452,2564,0,185
106,81,3456,2524,0,500
106,81,3456,2546,0,447
106,81,3456,2551,0,395
106,81,3460,2564,0,185
107,11,3352,378,500,11
107,11,3352,380,500,0
107,11,3352,386,500,11
107,11,3352,387,500,0
107,11,3353,388,500,0
107,11,3354,379,500,0
107,11,3354,383,498,-37
107,11,3354,388,500,0
107,11,3354,392,500,0
107,11,3355,365,366,-18
107,11,3355,387,418,0
107,11,3356,372,488,-109
107,11,3356,377,498,37
107,11,3357,378,500,25
107,11,3357,388,500,0
107,11,3357,390,478,-144
107,11,3360,406,421,-267
107,11,3361,377,498,48
107,11,3361,407,408,-287
107,11,3361,408,408,-287
107,11,3361,409,408,-287
107,11,3362,387,500,0
107,11,3362,413,386,-316
107,11,3363,360,496,60
107,11,3363,388,500,0
107,11,3364,411,368,-334
107,11,3364,414,421,-267
107,11,3364,417,340,-325
107,11,3364,418,340,-325
107,11,3364,419,340,-325
107,11,3364,420,340,-325
107,11,3364,421,340,-325
107,11,3364,422,340,-325
107,11,3364,423,340,-325
107,11,3364,424,340,-325
107,11,3364,425,340,-325
107,11,3364,426,340,-325
107,11,3364,427,340,-325
107,11,3364,427,353,-353
107,11,3364,428,332,-333
107,11,3364,428,340,-325
107,11,3365,410,358,-344
107,11,3365,410,368,-334
107,11,3365,411,358,-344
107,11,3365,412,351,-351
107,11,3365,415,343,-359
107,11,3366,395,371,-335
107,11,3366,401,353,-353
107,11,3366,410,368,-334
107,11,3366,411,368,-334
107,11,3366,413,343,-359
107,11,3366,421,343,-359
107,11,3366,424,343,-359
107,11,3366,424,358,-344
107,11,3366,425,358,-344
107,11,3366,428,343,-359
107,11,3366,431,333,-369
107,11,3366,431,343,-359
107,11,3366,434,343,-359
107,11,3367,401,353,-353
107,11,3367,405,361,-345
107,11,3367,415,351,-351
107,11,3367,416,351,-351
107,11,3367,417,351,-351
107,11,3367,418,351,-351
107,11,3367,419,351,-351
107,11,3367,420,351,-351
107,11,3367,421,351,-351
107,11,3367,422,351,-351
107,11,3367,433,351,-351
107,11,3368,417,441,-236
107,11,3368,434,335,-371
107,11,3369,407,361,-345
107,11,3369,407,371,-335
107,11,3369,435,353,-353
107,11,3369,438,335,-371
107,11,3370,421,361,-345
107,11,3370,440,335,-371
107,11,3371,408,361,-345
107,11,3371,409,361,-345
107,11,3371,410,361,-345
107,11,3371,411,361,-345
107,11,3371,412,361,-345
107,11,3371,413,361,-345
107,11,3371,414,361,-345
107,11,3371,415,361,-345
107,11,3371,417,361,-345
107,11,3371,418,361,-345
107,11,3371,419,361,-345
107,11,3371,420,361,-345
107,11,3371,421,353,-353
107,11,3371,421,361,-345
107,11,3371,430,361,-345
107,11,3372,409,326,-378
107,11,3372,409,335,-371
107,11,3372,413,441,-236
107,11,3372,420,500,0
107,11,3372,423,335,-371
107,11,3372,425,335,-371
107,11,3372,426,335,-371
107,11,3372,427,335,-371
107,11,3373,413,296,-402
107,11,3374,392,447,0
107,11,3374,396,345,-361
107,11,3374,405,353,-353
107,11,3374,412,353,-353
107,11,3374,436,353,-353
107,11,3375,407,421,-267
107,11,3375,426,335,-371
107,11,3375,430,296,-402
107,11,3378,378,447,10
107,11,3379,378,421,0
107,11,3379,440,335,-371
107,11,3380,353,0,500
107,11,3380,354,0,500
107,11,3380,355,0,500
107,11,3380,357,0,500
107,11,3380,359,182,149
107,11,3380,361,26,275
107,11,3380,363,0,500
107,11,3380,364,98,184
107,11,3382,371,406,-112
107,11,3382,379,419,31
107,11,3382,438,335,-371
107,11,3383,379,395,0
107,11,3383,380,395,0
107,11,3383,395,395,0
107,11,3384,370,385,-86
107,11,3384,428,457,125
107,11,3385,363,104,0
107,11,3386,377,366,44
107,11,3387,379,369,18
107,11,3389,363,78,0
107,11,3391,384,194,-216
107,11,3391,388,295,-296
107,11,3392,399,218,-229
107,11,3392,439,0,-500
107,11,3393,380,316,7
107,11,3393,384,0,0
107,11,3394,380,131,22
107,11,3394,389,151,-144
107,11,3396,383,94,-90
107,11,3396,436,148,-450
107,11,3397,381,62,-117
107,11,3397,430,181,-438
107,11,3397,430,192,-433
107,11,3398,399,33,-102
107,11,3398,430,181,-438
107,11,3399,363,157,0
107,11,3399,431,169,-442
107,11,3402,424,151,-393
107,11,3402,428,139,-425
107,11,3402,431,118,-432
107,11,3402,437,125,-457
107,11,3402,450,121,-484
107,11,3403,449,132,-482
107,11,3404,414,172,-200
107,11,3404,451,121,-484
107,11,3405,447,121,-484
107,11,3405,449,132,-482
107,11,3405,451,132,-482
107,11,3406,425,-196,80
107,11,3406,446,121,-484
107,11,3407,429,66,-442
107,11,3408,397,-144,151
107,11,3409,394,-151,-41
107,11,3409,395,-208,-20
107,11,3409,398,-70,169
107,11,3409,400,-90,217
107,11,3410,395,-180,-45
107,11,3410,395,-155,-19
107,11,3410,396,-121,99
107,11,3410,401,76,-198
107,11,3410,413,63,-230
107,11,3410,414,85,-135
107,11,3410,415,46,-207
107,11,3411,394,-63,-117
107,11,3411,396,-121,99
107,11,3411,403,25,-263
107,11,3411,410,110,-266
107,11,3411,411,25,-210
107,11,3411,414,44,-180
107,11,3412,410,5,-25
107,11,3412,412,0,-26
107,11,3412,421,0,-157
107,11,3412,426,0,-421
107,11,3412,426,0,-209
107,11,3412,429,0,-447
107,11,3412,437,0,-473
107,11,3412,446,0,-500
107,11,3412,451,0,-500
107,11,3413,397,-3,130
107,11,3413,400,-5,209
107,11,3414,399,-10,209
107,11,3414,404,-62,-115
107,11,3414,446,335,-371
107,11,3415,396,116,105
107,11,3415,403,203,339
107,11,3416,396,143,63
107,11,3416,396,223,141
107,11,3416,396,226,136
107,11,3416,397,108,113
107,11,3416,399,-135,224
107,11,3416,404,-78,0
107,11,3416,404,-26,0
107,11,3416,404,-23,12
107,11,3416,404,-14,21
107,11,3416,404,0,0
107,11,3416,429,-66,-439
107,11,3417,404,-26,0
107,11,3417,405,-41,340
107,11,3418,397,201,66
107,11,3418,398,149,249
107,11,3418,402,16,316
107,11,3418,404,-46,62
107,11,3418,413,217,294
107,11,3419,401,128,289
107,11,3419,404,-22,-13
107,11,3420,404,-26,-1
107,11,3422,402,62,282
107,11,3422,408,258,332
107,11,3422,412,195,277
107,11,3423,447,306,-394
107,11,3426,398,-210,147
107,11,3426,443,306,-394
107,11,3429,420,226,-323
107,11,3429,439,306,-394
107,11,3431,423,186,-349
107,11,3436,453,121,-484
107,11,3438,410,150,-213
107,11,3444,426,0,-447
107,11,3444,429,0,-447
107,11,3444,433,0,-473
107,11,3444,436,0,-500
107,11,3444,436,167,-470
107,11,3450,300,421,211
107,11,3453,301,377,178
107,11,3456,292,262,394
107,11,3459,290,191,462
107,11,3459,308,500,0
107,11,3461,292,167,470
107,11,3518,419,-265,-324
107,11,3522,424,-283,-346
107,11,3522,424,-274,-353
107,11,3522,424,-248,-303
107,13,3351,445,500,0
107,13,3352,445,500,0
107,13,3352,449,405,-30
107,13,3352,450,417,-31
107,13,3353,441,469,34
107,13,3353,449,405,-30
107,13,3354,416,500,0
107,13,3354,458,500,0
107,13,3354,459,500,0
107,13,3354,463,393,-29
107,13,3355,444,340,0
107,13,3355,444,500,0
107,13,3355,445,340,0
107,13,3355,445,392,0
107,13,3355,445,418,0
107,13,3355,445,500,0
107,13,3355,446,340,0
107,13,3355,446,361,-8
107,13,3355,446,361,0
107,13,3355,447,340,0
107,13,3355,448,340,0
107,13,3355,449,340,0
107,13,3355,450,340,0
107,13,3355,452,340,0
107,13,3355,453,340,0
107,13,3355,454,340,0
107,13,3355,455,340,0
107,13,3355,456,340,0
107,13,3355,457,340,0
107,13,3355,458,340,0
107,13,3355,459,340,0
107,13,3355,461,340,0
107,13,3355,462,340,0
107,13,3356,442,366,18
107,13,3356,445,366,0
107,13,3356,446,366,-18
107,13,3356,446,366,0
107,13,3356,447,366,-18
107,13,3356,447,366,-8
107,13,3356,450,467,-70
107,13,3356,451,358,-71
107,13,3356,460,366,-8
107,13,3356,461,366,-8
107,13,3356,462,366,0
107,13,3357,445,366,0
107,13,3357,446,366,-8
107,13,3357,446,366,0
107,13,3357,447,366,-18
107,13,3357,447,366,-8
107,13,3357,461,366,-18
107,13,3357,461,366,-8
107,13,3358,446,366,0
107,13,3358,447,366,-8
107,13,3358,447,386,-28
107,13,3358,451,358,-71
107,13,3358,452,357,-80
107,13,3358,464,353,-167
107,13,3358,465,346,-185
107,13,3359,444,366,0
107,13,3359,444,421,0
107,13,3359,446,366,-8
107,13,3359,446,387,0
107,13,3359,447,364,-35
107,13,3359,447,364,-27
107,13,3359,448,363,-44
107,13,3359,448,364,-35
107,13,3359,450,360,-63
107,13,3359,451,366,0
107,13,3359,452,366,0
107,13,3359,459,366,0
107,13,3359,468,366,0
107,13,3359,470,366,0
107,13,3360,444,471,10
107,13,3360,445,471,0
107,13,3360,446,392,0
107,13,3360,460,392,0
107,13,3360,461,392,-9
107,13,3360,462,392,0
107,13,3360,467,353,-224
107,13,3360,472,392,0
107,13,3361,461,392,-9
107,13,3361,465,359,-216
107,13,3361,465,364,-206
107,13,3362,465,364,-206
107,13,3362,466,353,-224
107,13,3362,470,392,0
107,13,3362,474,337,-290
107,13,3362,478,497,-25
107,13,3363,388,500,0
107,13,3363,463,392,0
107,13,3363,468,392,0
107,13,3363,475,392,0
107,13,3363,476,392,0
107,13,3364,481,340,-325
107,13,3365,476,418,0
107,13,3365,478,418,0
107,13,3365,480,418,0
107,13,3366,463,382,-229
107,13,3366,472,343,-359
107,13,3366,479,361,-345
107,13,3367,448,418,0
107,13,3367,450,418,0
107,13,3367,453,418,0
107,13,3367,457,418,0
107,13,3367,458,418,0
107,13,3367,466,361,-345
107,13,3367,478,418,0
107,13,3367,479,418,0
107,13,3367,480,418,0
107,13,3369,478,335,-371
107,13,3369,480,444,-10
107,13,3369,481,444,-10
107,13,3369,482,444,-10
107,13,3371,415,335,371
107,13,3371,462,361,-345
107,13,3371,464,361,-345
107,13,3371,465,361,-345
107,13,3371,470,361,-345
107,13,3371,474,361,-345
107,13,3371,483,361,-345
107,13,3371,489,361,-345
107,13,3372,448,444,0
107,13,3372,449,444,0
107,13,3372,450,444,0
107,13,3372,452,444,0
107,13,3372,453,444,0
107,13,3372,454,444,0
107,13,3372,455,444,0
107,13,3372,456,444,0
107,13,3372,457,444,0
107,13,3372,458,444,0
107,13,3372,464,335,-371
107,13,3372,465,335,-371
107,13,3372,482,444,0
107,13,3372,483,444,0
107,13,3372,484,444,0
107,13,3374,445,447,0
107,13,3374,445,473,0
107,13,3374,482,471,-11
107,13,3374,483,471,-11
107,13,3374,484,471,-11
107,13,3374,485,471,-11
107,13,3376,456,471,0
107,13,3376,486,471,0
107,13,3376,492,287,-408
107,13,3377,502,353,-353
107,13,3379,501,353,-353
107,13,3381,490,497,0
107,13,3381,498,345,-361
107,13,3385,455,418,0
107,13,3385,456,418,0
107,13,3385,494,345,-361
107,13,3385,494,361,-345
107,13,3388,452,316,0
107,13,3388,500,257,-429
107,13,3391,452,290,0
107,13,3392,468,437,-98
107,13,3394,465,175,-194
107,13,3395,446,130,0
107,13,3396,446,104,0
107,13,3396,451,75,-72
107,13,3396,453,104,0
107,13,3397,446,78,0
107,13,3402,429,130,-167
107,13,3405,459,-209,10
107,13,3408,483,399,-253
107,13,3409,460,151,-38
107,13,3409,461,-180,107
107,13,3409,465,30,312
107,13,3410,460,-121,99
107,13,3410,461,-70,169
107,13,3410,470,-180,107
107,13,3411,434,-86,-162
107,13,3411,438,-86,-162
107,13,3411,459,30,312
107,13,3411,460,-121,99
107,13,3411,464,7,340
107,13,3411,464,17,340
107,13,3412,460,-115,61
107,13,3412,460,0,52
107,13,3412,460,300,160
107,13,3413,462,-5,235
107,13,3413,464,-12,235
107,13,3413,464,-5,235
107,13,3414,461,253,135
107,13,3414,472,-140,220
107,13,3414,472,135,253
107,13,3415,462,-12,130
107,13,3415,464,-15,208
107,13,3416,460,-134,71
107,13,3416,462,173,260
107,13,3416,462,192,247
107,13,3416,462,194,249
107,13,3416,470,-54,308
107,13,3416,470,-27,364
107,13,3417,470,298,330
107,13,3417,477,160,387
107,13,3417,477,161,389
107,13,3418,465,201,273
107,13,3418,465,203,275
107,13,3418,466,208,268
107,13,3418,468,-31,315
107,13,3419,469,164,327
107,13,3420,465,-130,259
107,13,3420,465,-129,257
107,13,3420,468,224,289
107,13,3420,468,226,291
107,13,3420,470,122,317
107,13,3420,476,131,341
107,13,3420,480,303,248
107,13,3420,480,305,250
107,13,3420,488,291,-339
107,13,3420,489,283,-346
107,13,3421,462,-234,117
107,13,3421,472,167,356
107,13,3422,473,281,343
107,13,3423,464,22,229
107,13,3423,471,240,309
107,13,3423,483,413,62
107,13,3424,466,-94,244
107,13,3424,467,-112,292
107,13,3425,480,304,291
107,13,3426,465,148,247
107,13,3426,483,408,91
107,13,3427,464,-105,210
107,13,3430,460,-82,101
107,13,3432,465,-81,134
107,13,3435,466,233,-172
107,13,3438,468,139,-189
107,13,3440,465,277,-76
107,13,3444,463,65,43
107,13,3444,470,0,-264
107,13,3444,486,0,-261
107,13,3444,491,0,-209
107,13,3497,401,-198,-369
107,13,3531,449,0,-500
107,16,3353,550,500,-25
107,16,3354,500,500,0
107,16,3354,519,500,0
107,16,3354,535,500,0
107,16,3354,544,442,-43
107,16,3354,547,366,0
107,16,3354,548,496,-60
107,16,3355,500,340,0
107,16,3355,501,340,0
107,16,3355,502,340,0
107,16,3355,503,340,0
107,16,3355,504,340,0
107,16,3355,505,340,0
107,16,3355,506,340,0
107,16,3355,507,340,0
107,16,3355,508,340,0
107,16,3355,509,340,0
107,16,3355,510,340,0
107,16,3355,511,340,0
107,16,3355,512,340,0
107,16,3355,513,340,0
107,16,3355,515,340,0
107,16,3355,516,340,0
107,16,3355,517,340,0
107,16,3355,518,340,0
107,16,3355,519,340,0
107,16,3355,521,340,0
107,16,3355,523,340,0
107,16,3355,524,340,0
107,16,3355,527,340,0
107,16,3355,532,340,0
107,16,3355,533,340,0
107,16,3355,534,340,0
107,16,3355,535,340,0
107,16,3355,536,340,0
107,16,3355,539,340,0
107,16,3355,540,340,0
107,16,3355,541,340,0
107,16,3355,542,340,0
107,16,3355,543,340,0
107,16,3355,545,445,-43
107,16,3355,547,392,0
107,16,3356,503,366,0
107,16,3356,542,366,-8
107,16,3356,543,366,-18
107,16,3356,544,471,-46
107,16,3356,547,500,0
107,16,3356,548,384,-76
107,16,3357,543,366,-18
107,16,3357,547,418,0
107,16,3358,544,364,-35
107,16,3358,547,418,0
107,16,3359,487,366,0
107,16,3359,491,366,0
107,16,3359,500,366,0
107,16,3359,503,366,0
107,16,3359,506,366,0
107,16,3359,509,366,0
107,16,3359,532,366,0
107,16,3359,540,366,0
107,16,3359,541,366,0
107,16,3359,544,364,-35
107,16,3360,547,471,0
107,16,3362,547,500,0
107,16,3363,484,414,0
107,16,3364,484,414,0
107,16,3364,484,418,0
107,16,3364,547,497,0
107,16,3365,483,418,0
107,16,3365,484,418,0
107,16,3365,486,418,0
107,16,3365,491,353,353
107,16,3365,494,351,351
107,16,3365,499,361,345
107,16,3367,479,345,361
107,16,3367,479,361,345
107,16,3367,479,418,0
107,16,3367,482,358,343
107,16,3367,483,358,343
107,16,3367,484,358,343
107,16,3367,484,418,0
107,16,3367,485,358,343
107,16,3367,486,358,343
107,16,3367,487,358,343
107,16,3367,488,358,343
107,16,3367,489,358,343
107,16,3367,490,358,343
107,16,3367,491,358,343
107,16,3367,492,358,343
107,16,3367,493,358,343
107,16,3367,494,358,343
107,16,3367,495,358,343
107,16,3367,496,358,343
107,16,3367,497,358,343
107,16,3369,469,421,267
107,16,3369,481,444,-10
107,16,3369,482,444,-10
107,16,3369,500,361,345
107,16,3371,489,353,353
107,16,3371,495,353,353
107,16,3371,547,500,0
107,16,3372,475,444,0
107,16,3372,477,444,0
107,16,3372,478,444,0
107,16,3374,478,471,-11
107,16,3374,497,353,353
107,16,3376,472,471,0
107,16,3376,506,345,-361
107,16,3377,547,500,0
107,16,3378,474,500,0
107,16,3378,510,353,-353
107,16,3378,511,444,10
107,16,3379,501,353,-353
107,16,3379,503,353,-353
107,16,3379,504,345,-361
107,16,3380,475,496,-60
107,16,3380,500,353,-353
107,16,3380,502,335,-371
107,16,3380,578,0,-500
107,16,3381,470,497,0
107,16,3381,471,497,0
107,16,3381,498,345,-361
107,16,3381,499,353,-353
107,16,3381,547,421,0
107,16,3382,501,353,-353
107,16,3382,525,346,-283
107,16,3384,479,435,246
107,16,3384,494,345,-361
107,16,3384,495,345,-361
107,16,3384,544,390,-58
107,16,3385,495,345,-361
107,16,3385,500,311,-54
107,16,3385,540,277,-416
107,16,3386,544,441,-236
107,16,3387,478,215,262
107,16,3387,548,150,-363
107,16,3388,490,345,-361
107,16,3388,491,361,-345
107,16,3388,492,326,-378
107,16,3389,499,345,-361
107,16,3389,550,240,-342
107,16,3392,487,335,-371
107,16,3392,500,52,0
107,16,3392,529,265,-360
107,16,3393,529,248,-372
107,16,3393,532,230,-384
107,16,3394,507,132,126
107,16,3396,480,148,-450
107,16,3396,481,148,-450
107,16,3396,482,361,-345
107,16,3396,521,104,0
107,16,3396,539,104,0
107,16,3400,474,500,0
107,16,3406,469,92,411
107,16,3408,474,394,262
107,16,3409,482,-339,-203
107,16,3410,486,-202,-121
107,16,3411,499,-119,-102
107,16,3412,478,372,248
107,16,3412,492,0,-235
107,16,3412,494,80,-194
107,16,3412,497,387,76
107,16,3412,498,0,-235
107,16,3412,498,0,-157
107,16,3412,499,0,-130
107,16,3413,487,-135,-225
107,16,3413,489,-121,-202
107,16,3413,493,-13,-261
107,16,3413,494,74,-138
107,16,3413,496,74,-138
107,16,3413,497,74,-138
107,16,3413,498,74,-138
107,16,3414,486,-260,-130
107,16,3414,486,192,-433
107,16,3414,492,-19,-260
107,16,3414,494,111,-208
107,16,3414,495,-90,-218
107,16,3414,495,152,-101
107,16,3414,497,-116,-174
107,16,3414,497,233,-285
107,16,3414,498,57,-174
107,16,3415,493,152,-101
107,16,3415,494,152,-101
107,16,3415,495,152,-101
107,16,3415,497,-111,-208
107,16,3416,483,-344,-194
107,16,3416,493,208,-20
107,16,3416,494,250,-305
107,16,3416,494,299,-366
107,16,3416,498,-132,-126
107,16,3416,499,-115,-62
107,16,3417,464,290,373
107,16,3417,499,-162,-86
107,16,3417,499,292,-121
107,16,3417,556,113,108
107,16,3418,471,372,-248
107,16,3418,490,-41,-340
107,16,3418,493,-40,-232
107,16,3418,494,258,-332
107,16,3418,497,130,12
107,16,3419,480,305,-250
107,16,3419,486,-242,-312
107,16,3419,487,309,-323
107,16,3419,490,266,-326
107,16,3419,498,-132,-126
107,16,3420,471,346,-283
107,16,3420,493,-63,-253
107,16,3420,498,-134,-164
107,16,3420,499,-162,-86
107,16,3421,488,-107,-325
107,16,3421,490,290,-374
107,16,3421,491,-16,-316
107,16,3421,494,-111,-269
107,16,3421,498,-162,-132
107,16,3422,473,339,-292
107,16,3422,474,339,-292
107,16,3423,473,332,-300
107,16,3423,489,-114,-296
107,16,3423,492,-106,-298
107,16,3423,496,-20,-208
107,16,3424,475,403,-121
107,16,3424,477,414,-72
107,16,3424,489,-121,-293
107,16,3424,495,162,-208
107,16,3425,485,234,-318
107,16,3425,488,233,-350
107,16,3426,478,371,132
107,16,3426,492,-35,-288
107,16,3426,493,76,-137
107,16,3426,494,-58,-258
107,16,3426,495,-151,-216
107,16,3427,476,411,-92
107,16,3427,485,282,-312
107,16,3427,492,-35,-285
107,16,3428,470,406,-112
107,16,3428,490,-16,-314
107,16,3428,493,100,-242
107,16,3428,496,-23,-234
107,16,3429,471,198,371
107,16,3429,491,121,-293
107,16,3431,463,437,97
107,16,3431,495,-23,-234
107,16,3432,495,22,-234
107,16,3432,499,-100,30
107,16,3433,493,87,-246
107,16,3434,475,332,-157
107,16,3434,483,-335,-149
107,16,3434,485,284,-42
107,16,3436,493,57,-255
107,16,3439,499,23,-12
107,16,3440,499,-31,-42
107,16,3441,497,-40,-97
107,16,3441,499,-23,-11
107,16,3443,478,328,90
107,16,3444,480,0,26
107,16,3444,484,0,26
107,16,3444,485,1,26
107,16,3444,488,202,165
107,16,3444,490,0,-287
107,16,3444,490,0,26
107,16,3444,491,0,0
107,16,3444,491,20,210
107,16,3444,491,163,-171
107,16,3444,492,80,193
107,16,3444,493,0,52
107,16,3444,494,183,8
107,16,3444,495,86,130
107,16,3444,496,6,51
107,16,3444,496,89,128
107,16,3444,496,140,27
107,16,3444,497,0,0
107,16,3444,498,55,-83
107,16,3444,498,70,37
107,16,3444,499,37,-36
107,16,3497,558,-173,323
107,16,3499,587,0,-421
107,16,3499,606,0,-500
107,16,3499,607,0,-500
107,16,3499,614,0,-500
107,16,3507,536,242,-100
107,18,3354,563,500,-11
107,18,3354,580,500,0
107,18,3356,559,423,212
107,18,3358,552,500,0
107,18,3359,552,500,0
107,18,3359,559,346,185
107,18,3359,559,417,223
107,18,3359,560,346,185
107,18,3359,565,441,236
107,18,3360,559,341,192
107,18,3360,559,364,205
107,18,3360,561,351,176
107,18,3361,543,471,46
107,18,3361,547,500,0
107,18,3361,548,392,0
107,18,3361,559,364,205
107,18,3362,542,494,74
107,18,3362,546,392,0
107,18,3362,547,418,0
107,18,3362,549,500,0
107,18,3362,558,353,223
107,18,3362,558,359,215
107,18,3363,542,494,74
107,18,3363,543,389,47
107,18,3363,546,392,0
107,18,3363,547,392,0
107,18,3363,547,418,0
107,18,3363,548,414,0
107,18,3363,550,418,0
107,18,3364,534,382,169
107,18,3364,535,394,140
107,18,3364,541,492,85
107,18,3364,547,392,0
107,18,3364,547,418,0
107,18,3364,547,444,0
107,18,3364,547,471,0
107,18,3364,547,500,0
107,18,3364,548,414,0
107,18,3364,548,418,0
107,18,3364,549,418,0
107,18,3364,550,332,332
107,18,3364,550,418,0
107,18,3365,535,353,353
107,18,3365,536,394,140
107,18,3365,537,397,130
107,18,3365,543,496,60
107,18,3365,545,418,21
107,18,3365,546,418,0
107,18,3365,546,418,21
107,18,3365,548,414,0
107,18,3365,548,418,0
107,18,3365,549,418,0
107,18,3365,551,349,316
107,18,3365,553,356,307
107,18,3365,568,353,353
107,18,3365,569,353,353
107,18,3365,576,351,351
107,18,3366,539,403,110
107,18,3366,540,405,101
107,18,3366,545,418,21
107,18,3366,546,418,0
107,18,3366,546,418,21
107,18,3366,547,444,0
107,18,3366,547,471,0
107,18,3366,550,418,0
107,18,3366,575,358,343
107,18,3366,575,371,335
107,18,3367,533,397,199
107,18,3367,534,358,343
107,18,3367,537,358,343
107,18,3367,545,343,358
107,18,3367,545,418,0
107,18,3367,546,358,343
107,18,3367,546,418,0
107,18,3367,547,358,343
107,18,3367,547,418,0
107,18,3367,547,471,0
107,18,3367,548,358,343
107,18,3367,549,358,343
107,18,3367,550,358,343
107,18,3367,551,358,343
107,18,3367,552,358,343
107,18,3367,553,358,343
107,18,3367,554,358,343
107,18,3367,555,358,343
107,18,3367,556,358,343
107,18,3367,557,358,343
107,18,3367,558,358,343
107,18,3367,559,358,343
107,18,3367,560,358,343
107,18,3367,561,358,343
107,18,3367,562,358,343
107,18,3367,563,358,343
107,18,3367,564,358,343
107,18,3367,565,358,343
107,18,3367,566,358,343
107,18,3367,567,358,343
107,18,3367,568,358,343
107,18,3367,569,358,343
107,18,3367,570,358,343
107,18,3367,572,358,343
107,18,3367,573,358,343
107,18,3367,574,358,343
107,18,3367,575,351,351
107,18,3367,575,358,343
107,18,3367,576,358,343
107,18,3367,577,358,343
107,18,3368,534,401,189
107,18,3368,535,406,180
107,18,3368,536,415,159
107,18,3368,547,500,0
107,18,3370,547,500,0
107,18,3371,545,444,0
107,18,3371,561,353,353
107,18,3371,566,353,353
107,18,3371,568,353,353
107,18,3372,547,500,0
107,18,3373,523,353,353
107,18,3373,525,353,353
107,18,3373,554,437,97
107,18,3374,564,353,353
107,18,3381,568,421,0
107,18,3383,548,500,-25
107,18,3383,554,156,474
107,18,3385,547,500,11
107,18,3385,574,335,371
107,18,3388,557,355,98
107,18,3389,584,130,-3
107,18,3389,597,209,0
107,18,3391,543,285,273
107,18,3391,564,316,0
107,18,3391,580,316,0
107,18,3392,587,279,279
107,18,3393,563,237,247
107,18,3394,606,137,-311
107,18,3395,597,211,-395
107,18,3396,581,153,178
107,18,3397,529,181,438
107,18,3397,587,158,174
107,18,3400,601,158,-446
107,18,3401,527,129,428
107,18,3401,535,161,389
107,18,3401,570,185,0
107,18,3402,505,121,484
107,18,3402,532,131,400
107,18,3403,535,131,400
107,18,3403,552,185,0
107,18,3404,521,148,449
107,18,3404,536,114,378
107,18,3404,540,123,347
107,18,3405,521,81,466
107,18,3406,572,133,0
107,18,3407,531,72,414
107,18,3407,552,-209,0
107,18,3409,557,408,181
107,18,3410,557,76,252
107,18,3410,559,-108,-72
107,18,3411,556,96,-92
107,18,3411,557,31,262
107,18,3412,545,0,26
107,18,3412,549,3,25
107,18,3412,549,189,-140
107,18,3412,551,0,26
107,18,3412,555,0,0
107,18,3412,560,0,-238
107,18,3412,563,46,-22
107,18,3413,555,49,92
107,18,3413,561,-3,-130
107,18,3413,561,0,-130
107,18,3413,561,74,-138
107,18,3414,555,-119,-198
107,18,3414,555,-26,0
107,18,3414,555,6,-276
107,18,3414,557,-6,-261
107,18,3414,560,-51,-230
107,18,3414,561,-7,-130
107,18,3414,563,-14,-22
107,18,3414,563,365,151
107,18,3415,555,-115,-62
107,18,3415,555,-26,0
107,18,3415,555,-23,11
107,18,3415,555,-1,-26
107,18,3415,556,-23,-12
107,18,3415,557,-17,-234
107,18,3415,559,-15,-208
107,18,3415,559,-10,-209
107,18,3415,560,-10,-209
107,18,3415,562,72,-108
107,18,3415,562,86,-130
107,18,3415,563,69,-37
107,18,3415,563,92,-49
107,18,3416,555,-126,-198
107,18,3416,555,-26,0
107,18,3416,555,0,0
107,18,3416,560,46,-207
107,18,3416,562,-157,7
107,18,3417,555,-130,0
107,18,3417,556,-26,0
107,18,3417,556,10,-447
107,18,3417,557,-23,-234
107,18,3417,557,-17,-234
107,18,3417,558,208,-20
107,18,3417,562,198,-132
107,18,3418,555,-130,0
107,18,3418,561,163,-134
107,18,3418,562,294,-176
107,18,3419,555,-130,0
107,18,3419,555,-108,-140
107,18,3419,555,-23,12
107,18,3419,561,253,-143
107,18,3419,563,-7,-78
107,18,3420,550,-199,-372
107,18,3420,555,-167,-74
107,18,3420,555,-98,-37
107,18,3420,558,0,183
107,18,3421,555,-167,-74
107,18,3421,555,-26,1
107,18,3421,555,-22,13
107,18,3421,555,0,0
107,18,3421,559,234,-318
107,18,3421,563,-172,-71
107,18,3422,555,-171,-66
107,18,3422,555,-21,14
107,18,3422,555,-15,-103
107,18,3422,558,-62,115
107,18,3422,558,198,-372
107,18,3423,560,-18,-185
107,18,3424,555,-21,15
107,18,3425,555,23,11
107,18,3427,562,86,-130
107,18,3430,543,211,301
107,18,3430,559,338,25
107,18,3431,558,415,50
107,18,3431,560,338,25
107,18,3431,561,340,17
107,18,3433,557,311,37
107,18,3433,557,401,48
107,18,3434,558,310,46
107,18,3435,559,364,35
107,18,3435,560,364,26
107,18,3435,560,364,35
107,18,3435,561,364,26
107,18,3440,555,-141,-394
107,18,3440,557,217,-294
107,18,3440,559,444,43
107,18,3445,527,148,449
107,18,3450,561,-61,-172
107,18,3477,672,361,-345
107,18,3478,671,294,-281
107,18,3478,672,361,-345
107,18,3479,670,340,-308
107,18,3480,670,255,-244
107,18,3481,669,258,-259
107,18,3483,675,287,-408
107,18,3498,652,21,-421
107,18,3501,656,0,-500
107,18,3503,629,-76,-307
107,18,3506,674,-132,-482
107,18,3508,647,-108,-433
107,18,3508,679,-132,-482
107,19,3352,605,500,0
107,19,3352,613,500,-25
107,19,3353,604,500,0
107,19,3353,605,500,0
107,19,3354,598,494,74
107,19,3354,608,500,0
107,19,3354,619,500,0
107,19,3356,617,484,121
107,19,3358,608,500,0
107,19,3359,585,416,277
107,19,3360,622,492,85
107,19,3361,586,408,287
107,19,3361,632,490,-97
107,19,3361,635,474,-156
107,19,3362,580,500,0
107,19,3362,583,402,296
107,19,3362,584,402,296
107,19,3362,585,402,296
107,19,3362,587,416,277
107,19,3362,631,494,-74
107,19,3362,632,490,-97
107,19,3363,623,492,85
107,19,3363,631,492,-85
107,19,3364,568,332,332
107,19,3364,581,368,333
107,19,3364,584,386,316
107,19,3364,588,361,345
107,19,3364,633,424,-140
107,19,3365,581,358,343
107,19,3365,581,368,333
107,19,3365,582,358,343
107,19,3365,638,416,-277
107,19,3365,639,408,-287
107,19,3365,640,394,-306
107,19,3366,575,358,343
107,19,3366,575,371,335
107,19,3366,577,335,371
107,19,3366,577,343,358
107,19,3366,578,343,358
107,19,3366,579,343,358
107,19,3366,581,358,343
107,19,3366,588,345,361
107,19,3366,588,353,353
107,19,3366,589,345,361
107,19,3366,590,416,277
107,19,3366,593,345,361
107,19,3366,641,378,-326
107,19,3366,641,441,-236
107,19,3366,643,361,-345
107,19,3367,564,392,210
107,19,3367,566,358,343
107,19,3367,567,358,343
107,19,3367,568,358,343
107,19,3367,569,358,343
107,19,3367,570,358,343
107,19,3367,571,358,343
107,19,3367,572,358,343
107,19,3367,573,358,343
107,19,3367,574,351,351
107,19,3367,574,358,343
107,19,3367,575,358,343
107,19,3367,576,358,343
107,19,3367,577,358,343
107,19,3367,578,358,343
107,19,3367,579,343,358
107,19,3367,579,358,343
107,19,3367,580,343,358
107,19,3367,580,358,343
107,19,3367,581,351,351
107,19,3367,581,353,353
107,19,3367,581,358,343
107,19,3367,581,361,345
107,19,3367,582,358,343
107,19,3367,588,353,353
107,19,3367,589,353,353
107,19,3367,592,353,353
107,19,3367,641,361,-345
107,19,3367,642,361,-345
107,19,3368,581,343,358
107,19,3368,599,361,345
107,19,3368,638,394,-306
107,19,3368,641,345,-361
107,19,3368,644,500,0
107,19,3369,585,361,345
107,19,3369,599,345,361
107,19,3369,599,361,345
107,19,3369,601,471,35
107,19,3369,607,471,35
107,19,3369,644,277,-416
107,19,3370,641,326,-378
107,19,3370,643,267,-421
107,19,3371,561,400,294
107,19,3371,580,353,353
107,19,3371,581,353,353
107,19,3371,592,353,353
107,19,3371,612,361,-345
107,19,3372,611,361,345
107,19,3372,626,500,0
107,19,3372,640,500,0
107,19,3374,557,353,353
107,19,3374,580,353,353
107,19,3374,612,457,125
107,19,3374,614,447,-23
107,19,3376,570,394,262
107,19,3377,572,500,0
107,19,3377,599,345,361
107,19,3378,612,447,0
107,19,3378,630,386,-316
107,19,3378,631,257,-429
107,19,3378,641,277,-416
107,19,3379,580,500,0
107,19,3380,621,0,-500
107,19,3380,628,0,-500
107,19,3380,628,0,-366
107,19,3380,631,0,-287
107,19,3380,634,0,-500
107,19,3380,635,0,-500
107,19,3380,636,48,-498
107,19,3380,638,0,-500
107,19,3380,638,37,-498
107,19,3381,558,361,345
107,19,3381,612,421,0
107,19,3381,613,419,-31
107,19,3381,628,130,-243
107,19,3381,628,421,0
107,19,3382,624,204,-382
107,19,3382,628,108,-164
107,19,3382,693,335,-371
107,19,3383,613,395,0
107,19,3386,601,297,297
107,19,3386,613,235,-5
107,19,3386,613,369,-8
107,19,3387,572,304,291
107,19,3387,597,283,346
107,19,3387,612,369,-8
107,19,3388,556,361,345
107,19,3388,600,366,0
107,19,3389,603,75,20
107,19,3389,620,212,156
107,19,3390,611,293,265
107,19,3390,628,287,0
107,19,3391,580,361,345
107,19,3391,598,273,285
107,19,3391,602,213,223
107,19,3391,602,223,213
107,19,3392,582,441,236
107,19,3392,590,361,345
107,19,3393,578,451,212
107,19,3393,605,177,196
107,19,3393,611,290,0
107,19,3393,622,170,125
107,19,3394,580,212,423
107,19,3394,589,-300,366
107,19,3394,595,-87,438
107,19,3394,601,255,266
107,19,3394,606,132,126
107,19,3394,628,143,0
107,19,3395,592,500,0
107,19,3395,607,116,135
107,19,3396,548,0,500
107,19,3396,570,361,345
107,19,3396,574,361,345
107,19,3396,576,293,265
107,19,3396,583,361,345
107,19,3396,589,234,317
107,19,3396,601,225,355
107,19,3396,607,150,174
107,19,3396,607,153,178
107,19,3396,607,166,159
107,19,3396,608,94,90
107,19,3396,609,113,108
107,19,3396,611,169,162
107,19,3397,594,-87,437
107,19,3397,597,-87,437
107,19,3397,609,94,90
107,19,3397,616,159,0
107,19,3398,560,181,438
107,19,3398,587,158,445
107,19,3398,588,-266,324
107,19,3398,593,-266,324
107,19,3398,594,-266,324
107,19,3398,600,121,401
107,19,3399,569,141,366
107,19,3399,595,171,414
107,19,3400,587,136,453
107,19,3400,592,139,424
107,19,3400,598,-71,358
107,19,3400,598,171,385
107,19,3401,541,121,484
107,19,3401,585,125,457
107,19,3401,590,136,453
107,19,3401,592,-364,150
107,19,3402,594,129,428
107,19,3402,596,131,400
107,19,3402,605,156,331
107,19,3402,684,129,-428
107,19,3403,538,246,435
107,19,3403,540,121,484
107,19,3403,540,257,429
107,19,3403,586,262,394
107,19,3403,590,-291,119
107,19,3403,593,108,433
107,19,3403,595,-56,282
107,19,3403,596,131,400
107,19,3403,600,123,375
107,19,3403,601,123,375
107,19,3404,538,212,451
107,19,3404,539,121,484
107,19,3404,575,-48,498
107,19,3404,575,97,437
107,19,3404,581,101,408
107,19,3404,582,441,236
107,19,3404,588,-165,202
107,19,3404,592,-165,202
107,19,3404,593,-165,202
107,19,3404,594,-165,202
107,19,3404,595,-56,282
107,19,3404,596,101,408
107,19,3405,537,191,462
107,19,3405,539,179,466
107,19,3405,588,92,464
107,19,3405,592,-218,89
107,19,3405,592,97,437
107,19,3405,593,-218,89
107,19,3406,537,167,470
107,19,3406,538,156,474
107,19,3406,538,179,466
107,19,3406,539,179,466
107,19,3406,539,191,462
107,19,3406,539,212,451
107,19,3410,592,-152,-101
107,19,3411,544,109,488
107,19,3411,545,121,484
107,19,3412,535,0,418
107,19,3412,555,361,345
107,19,3412,565,0,421
107,19,3412,572,0,26
107,19,3412,576,4,25
107,19,3412,580,16,20
107,19,3412,581,24,9
107,19,3412,587,0,0
107,19,3412,589,0,0
107,19,3412,590,0,-289
107,19,3412,591,0,-289
107,19,3412,592,0,-289
107,19,3412,593,0,-157
107,19,3412,593,0,-104
107,19,3412,594,0,-104
107,19,3412,595,0,-104
107,19,3414,540,-30,312
107,19,3418,590,304,-291
107,19,3422,573,0,209
107,19,3423,567,-18,185
107,19,3424,550,-335,371
107,19,3438,568,-339,203
107,19,3440,577,351,176
107,19,3444,542,0,500
107,19,3444,573,0,264
107,19,3452,696,337,-290
107,19,3453,696,361,-345
107,19,3454,695,371,-335
107,19,3455,683,500,0
107,19,3455,699,287,-408
107,19,3456,684,470,-167
107,19,3456,699,287,-408
107,19,3456,700,0,-500
107,19,3456,700,287,-408
107,19,3458,683,271,-47
107,19,3458,683,500,0
107,19,3458,684,421,-267
107,19,3458,698,277,-416
107,19,3458,701,0,-500
107,19,3459,698,246,-435
107,19,3460,698,212,-451
107,19,3460,702,191,-462
107,19,3461,692,287,-408
107,19,3462,692,267,-421
107,19,3462,698,144,-478
107,19,3462,701,132,-482
107,19,3462,702,144,-478
107,19,3463,683,149,-183
107,19,3463,683,302,0
107,19,3463,693,203,-457
107,19,3464,698,0,-500
107,19,3465,696,58,-388
107,19,3465,699,48,-498
107,19,3465,700,74,-494
107,19,3466,688,167,-470
107,19,3466,703,25,-500
107,19,3467,660,-115,-110
107,19,3467,674,0,-52
107,19,3467,681,0,-421
107,19,3467,682,0,-421
107,19,3467,685,0,-447
107,19,3467,705,-25,-500
107,19,3468,705,-25,-500
107,19,3468,710,-25,-500
107,19,3469,681,207,-111
107,19,3470,678,218,-327
107,19,3470,681,323,-173
107,19,3470,681,369,-198
107,19,3473,708,-97,-490
107,19,3474,688,-76,-441
107,19,3477,681,-132,-400
107,19,3478,707,-123,-372
107,19,3482,676,-211,-333
107,19,3482,681,-201,-400
107,19,3484,689,0,-473
107,19,3486,576,280,-141
107,19,3486,683,-248,-372
107,19,3490,695,0,-500
107,19,3496,591,-236,-441
107,19,3499,693,0,-473
107,19,3499,714,0,-500
107,19,3503,685,-66,-442
107,19,3507,671,-131,-317
107,19,3508,684,-129,-428
107,19,3515,684,-201,-400
107,19,3516,700,0,-500
107,19,3520,694,0,-500
108,14,3388,461,366,0
108,14,3388,465,494,-74
108,14,3389,474,392,0
108,14,3390,441,484,-121
108,14,3393,450,457,203
108,14,3393,453,482,132
108,14,3394,454,484,121
108,14,3395,459,497,0
108,14,3396,447,500,0
108,14,3396,448,500,0
108,14,3396,449,435,246
108,14,3396,449,500,0
108,14,3396,451,500,0
108,14,3396,453,500,0
108,14,3396,455,488,109
108,14,3396,458,500,0
108,14,3397,446,500,0
108,14,3399,447,441,236
108,14,3400,445,500,0
108,14,3400,446,441,236
108,14,3400,447,441,236
108,14,3400,448,361,345
108,14,3400,448,441,236
108,14,3400,483,432,-192
108,14,3400,510,361,-345
108,14,3401,475,457,-126
108,14,3401,478,423,-212
108,14,3401,482,457,-126
108,14,3401,486,353,-353
108,14,3402,501,316,-386
108,14,3403,453,500,0
108,14,3404,449,386,316
108,14,3406,433,445,33
108,14,3406,444,447,0
108,14,3406,445,447,0
108,14,3406,446,447,0
108,14,3406,484,447,0
108,14,3407,445,203,457
108,14,3407,485,456,-114
108,14,3407,504,180,435
108,14,3407,535,361,-345
108,14,3408,446,144,478
108,14,3408,535,361,-345
108,14,3409,505,417,-160
108,14,3410,445,447,0
108,14,3410,446,447,0
108,14,3410,447,447,0
108,14,3410,449,447,0
108,14,3410,450,447,0
108,14,3410,452,447,0
108,14,3410,453,447,0
108,14,3410,454,447,0
108,14,3410,455,447,0
108,14,3410,456,447,0
108,14,3410,457,447,0
108,14,3410,459,447,0
108,14,3410,460,447,0
108,14,3410,461,447,-10
108,14,3410,462,445,-33
108,14,3410,462,447,-23
108,14,3410,462,447,0
108,14,3410,463,445,-43
108,14,3410,463,447,0
108,14,3410,464,445,-43
108,14,3410,470,447,0
108,14,3410,472,447,0
108,14,3410,473,447,0
108,14,3410,474,447,0
108,14,3410,475,447,0
108,14,3410,476,447,0
108,14,3410,477,447,0
108,14,3410,478,447,0
108,14,3410,479,447,0
108,14,3410,480,447,0
108,14,3410,481,447,0
108,14,3410,481,447,10
108,14,3410,482,447,0
108,14,3410,483,447,0
108,14,3410,484,447,0
108,14,3410,485,447,0
108,14,3410,486,447,0
108,14,3410,490,447,0
108,14,3410,491,447,0
108,14,3412,456,0,328
108,14,3413,461,135,253
108,14,3413,476,421,0
108,14,3413,479,419,41
108,14,3413,480,419,41
108,14,3413,484,421,21
108,14,3414,430,414,72
108,14,3414,459,421,0
108,14,3414,464,417,-51
108,14,3414,465,414,-72
108,14,3414,465,416,-62
108,14,3414,466,412,-82
108,14,3414,467,411,-92
108,14,3414,486,339,-292
108,14,3415,480,395,19
108,14,3415,485,339,-292
108,14,3415,510,323,-309
108,14,3416,471,393,38
108,14,3416,475,393,38
108,14,3416,479,393,38
108,14,3418,459,104,0
108,14,3418,493,299,-366
108,14,3418,494,290,-374
108,14,3418,544,296,-402
108,14,3419,406,281,343
108,14,3419,446,183,0
108,14,3419,451,183,0
108,14,3420,422,341,192
108,14,3420,449,183,0
108,14,3420,459,183,0
108,14,3420,488,291,-339
108,14,3420,489,283,-346
108,14,3421,458,-58,-87
108,14,3421,459,209,0
108,14,3421,489,274,-353
108,14,3421,490,265,-360
108,14,3422,404,196,279
108,14,3422,459,104,0
108,14,3422,485,87,-439
108,14,3422,498,244,-407
108,14,3423,409,266,325
108,14,3423,488,176,-227
108,14,3424,461,78,-5
108,14,3424,477,212,0
108,14,3424,545,277,-416
108,14,3425,412,264,323
108,14,3425,461,103,12
108,14,3425,474,212,-424
108,14,3426,483,23,-10
108,14,3427,490,194,-344
108,14,3427,491,111,-208
108,14,3428,423,353,177
108,14,3428,465,226,-323
108,14,3428,467,211,-395
108,14,3428,471,200,-400
108,14,3428,489,167,-470
108,14,3430,464,189,-377
108,14,3433,459,-314,0
108,14,3434,459,-104,0
108,14,3435,459,0,0
108,14,3435,518,74,-494
108,14,3437,459,-104,0
108,14,3437,459,23,-12
108,14,3438,459,-36,-180
108,14,3438,471,-237,17
108,14,3438,471,-220,-91
108,14,3438,479,233,-125
108,14,3439,547,97,-490
108,14,3441,459,-196,-130
108,14,3441,520,-326,-378
108,14,3442,484,-174,-116
108,14,3443,462,-33,40
108,14,3444,498,12,23
108,14,3444,500,0,0
108,14,3444,504,0,-500
108,14,3444,532,0,-500
108,14,3449,542,-121,-484
108,14,3452,533,0,-473
108,14,3453,415,323,264
108,14,3455,418,297,255
108,14,3456,533,0,-500
108,14,3460,428,494,74
108,14,3460,523,0,-421
108,14,3482,420,359,215
108,14,3482,519,-10,-209
108,14,3497,534,-63,-363
108,14,3499,395,0,500
108,14,3509,538,421,-267
108,14,3512,539,378,-326
108,14,3516,545,0,-500
108,14,3516,550,0,-500
108,14,3517,551,224,-447
108,14,3519,547,224,-447
108,14,3520,523,500,-25
108,14,3520,546,224,-447
108,14,3524,550,132,-482
108,14,3524,551,144,-478
108,14,3529,432,-173,-323
108,14,3529,433,-173,-323
108,14,3531,551,0,-500
108,14,3538,482,-54,-362
108,14,3538,490,-41,-340
108,14,3546,508,-227,-323
108,14,3548,511,-225,-355
108,14,3553,542,-277,-416
108,14,3558,540,-296,-402
108,14,3558,541,-277,-416
108,14,3559,540,-277,-416
108,14,3559,541,-277,-416
108,14,3562,540,-287,-408
108,15,3395,490,496,-60
108,15,3396,467,500,11
108,15,3396,501,500,0
108,15,3396,502,500,0
108,15,3396,504,500,0
108,15,3396,506,500,0
108,15,3396,507,500,0
108,15,3396,509,500,0
108,15,3396,511,500,0
108,15,3397,527,343,-359
108,15,3399,501,469,-46
108,15,3400,461,441,236
108,15,3400,463,441,236
108,15,3400,483,432,-192
108,15,3400,512,441,-236
108,15,3401,477,423,-212
108,15,3401,478,423,-212
108,15,3401,482,457,-126
108,15,3401,517,35,-472
108,15,3403,465,296,402
108,15,3403,484,361,-345
108,15,3403,514,287,-408
108,15,3403,515,277,-416
108,15,3403,516,267,-421
108,15,3403,516,277,-416
108,15,3403,542,361,-345
108,15,3406,471,296,402
108,15,3406,484,447,0
108,15,3406,512,191,-462
108,15,3406,524,447,0
108,15,3406,532,438,-87
108,15,3407,513,277,-416
108,15,3408,473,386,271
108,15,3409,473,296,402
108,15,3409,482,447,10
108,15,3409,514,109,-488
108,15,3410,468,447,0
108,15,3410,469,447,0
108,15,3410,470,447,0
108,15,3410,472,447,0
108,15,3410,473,447,0
108,15,3410,474,447,0
108,15,3410,475,447,0
108,15,3410,476,447,0
108,15,3410,477,447,0
108,15,3410,478,447,0
108,15,3410,479,447,0
108,15,3410,480,419,31
108,15,3410,480,447,0
108,15,3410,481,447,0
108,15,3410,481,447,10
108,15,3410,482,447,0
108,15,3410,483,447,0
108,15,3410,484,447,0
108,15,3410,485,447,0
108,15,3410,486,447,0
108,15,3410,487,447,0
108,15,3410,488,447,0
108,15,3410,489,447,0
108,15,3410,491,447,0
108,15,3410,492,447,0
108,15,3410,494,447,0
108,15,3410,496,447,0
108,15,3410,498,447,0
108,15,3410,499,447,0
108,15,3410,500,447,0
108,15,3410,501,447,0
108,15,3410,503,447,0
108,15,3410,504,447,0
108,15,3410,505,191,-462
108,15,3410,505,447,0
108,15,3410,506,447,0
108,15,3410,507,447,0
108,15,3410,508,447,0
108,15,3410,509,447,0
108,15,3410,510,447,0
108,15,3410,511,447,0
108,15,3410,512,447,0
108,15,3410,523,447,0
108,15,3411,465,385,-171
108,15,3411,508,109,-488
108,15,3412,500,0,-500
108,15,3412,500,0,-366
108,15,3412,500,219,189
108,15,3412,503,0,-276
108,15,3412,504,171,-232
108,15,3412,507,0,-500
108,15,3412,507,156,-474
108,15,3412,509,37,-498
108,15,3412,510,37,-498
108,15,3413,474,421,0
108,15,3413,481,421,0
108,15,3414,494,414,72
108,15,3414,500,421,0
108,15,3414,516,414,72
108,15,3416,467,393,38
108,15,3416,470,393,38
108,15,3416,479,393,38
108,15,3417,474,287,408
108,15,3417,478,287,408
108,15,3417,479,287,408
108,15,3418,474,395,0
108,15,3418,476,319,274
108,15,3418,500,104,0
108,15,3419,500,369,0
108,15,3419,503,183,0
108,15,3420,477,367,35
108,15,3420,498,314,314
108,15,3421,468,265,360
108,15,3421,480,305,250
108,15,3421,500,209,0
108,15,3421,510,209,0
108,15,3423,410,203,457
108,15,3423,473,266,325
108,15,3424,500,316,0
108,15,3424,510,290,0
108,15,3425,487,241,343
108,15,3426,477,176,351
108,15,3427,478,176,351
108,15,3427,478,248,303
108,15,3427,489,200,400
108,15,3428,476,187,374
108,15,3428,483,187,374
108,15,3428,485,234,317
108,15,3428,487,226,322
108,15,3428,490,234,317
108,15,3428,491,234,317
108,15,3430,470,-279,279
108,15,3430,548,203,-339
108,15,3431,463,-51,-230
108,15,3431,500,23,-10
108,15,3432,500,9,24
108,15,3434,566,353,-353
108,15,3436,498,256,-137
108,15,3436,500,-45,26
108,15,3436,500,0,0
108,15,3436,549,291,-304
108,15,3436,569,394,-306
108,15,3438,500,9,24
108,15,3439,461,-259,-51
108,15,3439,525,-124,168
108,15,3440,467,-175,52
108,15,3440,469,-70,-77
108,15,3441,471,-121,-293
108,15,3442,459,-245,-200
108,15,3442,478,-188,-146
108,15,3442,486,-155,-103
108,15,3443,474,-63,117
108,15,3443,486,-38,-152
108,15,3443,497,-74,138
108,15,3444,459,0,0
108,15,3444,558,0,-340
108,15,3444,564,0,-316
108,15,3454,547,-369,8
108,15,3459,567,335,-371
108,15,3462,547,266,-255
108,15,3499,555,0,-421
108,15,3499,557,0,-447
108,15,3499,565,0,-473
108,15,3499,578,0,-500
108,15,3505,573,-156,-474
108,15,3506,578,-132,-482
108,81,3385,2566,484,121
108,81,3387,2576,492,85
108,81,3388,2571,482,132
108,81,3388,2575,482,132
108,81,3389,2573,482,132
108,81,3392,2580,500,0
108,81,3397,2580,500,0
108,81,3420,2571,408,101
108,81,3423,2568,421,150
108,81,3423,2572,411,92
108,81,3424,2567,421,150
108,81,3424,2571,408,101
108,81,3425,2570,403,121
108,81,3429,2540,353,353
108,81,3430,2571,408,101
108,81,3432,2574,414,72
108,81,3433,2544,353,353
108,81,3435,2555,361,345
108,81,3436,2540,361,345
108,81,3436,2547,345,361
108,81,3437,2538,335,371
108,81,3437,2539,345,361
108,81,3437,2540,353,353
108,81,3437,2541,353,353
108,81,3437,2544,353,353
108,81,3438,2538,345,361
108,81,3438,2539,335,371
108,81,3438,2539,353,353
108,81,3438,2540,353,353
108,81,3438,2544,353,353
108,81,3438,2551,345,361
108,81,3438,2555,345,361
108,81,3439,2558,335,371
108,81,3439,2558,361,345
108,81,3440,2558,361,345
108,81,3442,2536,287,408
108,81,3442,2540,353,353
108,81,3442,2541,353,353
108,81,3442,2542,353,353
108,81,3442,2570,431,118
108,81,3443,2573,412,82
108,81,3445,2539,361,345
108,81,3445,2557,365,257
108,81,3447,2537,345,361
108,81,3449,2542,345,361
108,81,3450,2574,25,-263
108,81,3452,2540,361,345
108,81,3452,2556,304,291
108,81,3453,2576,146,-220
108,81,3455,2556,274,319
108,81,3456,2543,361,345
108,81,3456,2551,0,395
108,81,3457,2576,20,-211
108,81,3458,2537,306,394
108,81,3461,2529,275,413
108,81,3461,2545,181,408
108,81,3462,2528,224,447
108,81,3463,2548,181,408
108,81,3465,2543,129,428
108,81,3466,2521,121,484
108,81,3467,2525,121,484
108,81,3467,2527,121,484
108,81,3468,2527,132,482
108,81,3469,2538,287,408
108,81,3470,2542,66,442
108,81,3470,2557,170,231
108,81,3471,2530,121,484
108,81,3471,2532,156,474
108,81,3471,2559,177,196
108,81,3472,2532,144,478
108,81,3472,2557,118,236
108,81,3473,2559,107,212
108,81,3473,2562,91,130
108,81,3473,2562,91,220
108,81,3474,2561,76,197
108,81,3474,2563,76,197
108,81,3475,2564,77,74
108,81,3475,2565,25,210
108,81,3476,2551,-19,261
108,81,3476,2571,0,212
108,81,3476,2571,342,0
108,116,3385,3716,500,0
108,116,3386,3720,500,0
108,116,3387,3714,496,60
108,116,3391,3714,444,22
108,116,3395,3774,414,0
108,116,3396,3771,416,30
108,116,3396,3774,418,0
108,116,3396,3778,340,-325
108,116,3396,3780,340,-325
108,116,3397,3771,418,21
108,116,3397,3774,418,0
108,116,3398,3768,343,-359
108,116,3399,3732,353,-353
108,116,3399,3746,351,-351
108,116,3400,3745,351,-351
108,116,3402,3775,444,-22
108,116,3403,3728,353,-353
108,116,3403,3737,361,-345
108,116,3403,3738,361,-345
108,116,3403,3739,361,-345
108,116,3403,3741,361,-345
108,116,3403,3742,361,-345
108,116,3403,3745,361,-345
108,116,3403,3746,361,-345
108,116,3403,3747,361,-345
108,116,3403,3749,361,-345
108,116,3403,3750,361,-345
108,116,3403,3751,361,-345
108,116,3403,3755,361,-345
108,116,3403,3756,361,-345
108,116,3403,3760,361,-345
108,116,3403,3761,361,-345
108,116,3403,3762,361,-345
108,116,3403,3763,361,-345
108,116,3403,3764,361,-345
108,116,3403,3766,361,-345
108,116,3403,3768,361,-345
108,116,3403,3771,361,-345
108,116,3403,3774,361,-345
108,116,3403,3776,361,-345
108,116,3403,3777,361,-345
108,116,3403,3778,361,-345
108,116,3403,3780,361,-345
108,116,3403,3781,361,-345
108,116,3406,3761,353,-353
108,116,3406,3769,353,-353
108,116,3406,3774,471,-11
108,116,3408,3780,471,0
108,116,3410,3772,495,36
108,116,3411,3772,495,36
108,116,3411,3774,497,-11
108,116,3412,3774,497,-11
108,116,3413,3751,345,-361
108,116,3413,3775,498,-37
108,116,3414,3760,345,-361
108,116,3414,3765,345,-361
108,116,3416,3775,500,0
108,116,3417,3765,345,-361
108,116,3426,3773,500,0
108,116,3427,3773,494,74
108,116,3427,3775,496,-60
108,116,3427,3780,500,0
108,116,3428,3744,179,-466
108,116,3428,3773,492,-85
108,116,3429,3731,200,-400
108,116,3430,3736,181,-438
108,116,3430,3753,156,-474
108,116,3431,3735,160,-417
108,116,3432,3730,161,-390
108,116,3432,3733,160,-417
108,116,3432,3770,441,-236
108,116,3432,3777,441,-236
108,116,3433,3747,136,-453
108,116,3434,3814,121,-484
108,116,3435,3755,97,-490
108,116,3435,3782,108,-433
108,116,3436,3756,85,-492
108,116,3436,3761,85,-492
108,116,3436,3768,85,-492
108,116,3436,3770,85,-492
108,116,3437,3770,429,-257
108,116,3437,3774,104,-381
108,116,3439,3703,-233,-125
108,116,3440,3706,-220,-146
108,116,3440,3744,-305,-203
108,116,3440,3761,25,-341
108,116,3441,3705,-174,-116
108,116,3441,3706,-198,-132
108,116,3441,3707,-146,-153
108,116,3442,3703,-164,-172
108,116,3443,3705,-112,-210
108,116,3443,3707,-112,-210
108,116,3443,3714,-112,-210
108,116,3444,3758,74,138
108,116,3444,3758,416,277
108,116,3444,3759,0,0
108,116,3444,3759,152,101
108,116,3444,3760,0,0
108,116,3444,3761,0,0
108,116,3444,3764,21,14
108,116,3444,3765,21,14
108,116,3444,3766,25,2
108,116,3444,3770,16,-20
108,116,3444,3775,5,-25
108,116,3451,3641,-25,500
108,116,3453,3657,-11,473
108,117,3385,3779,496,-60
108,117,3385,3780,496,-60
108,117,3387,3774,340,0
108,117,3387,3774,361,0
108,117,3387,3775,340,0
108,117,3387,3776,340,0
108,117,3387,3777,340,0
108,117,3387,3778,340,0
108,117,3387,3779,340,0
108,117,3387,3780,340,0
108,117,3387,3780,361,0
108,117,3387,3781,340,0
108,117,3387,3782,340,0
108,117,3387,3783,340,0
108,117,3387,3784,340,0
108,117,3387,3785,340,0
108,117,3387,3786,340,0
108,117,3387,3787,340,0
108,117,3388,3770,366,18
108,117,3388,3773,366,0
108,117,3388,3774,366,0
108,117,3388,3775,366,-8
108,117,3388,3780,340,0
108,117,3388,3780,361,0
108,117,3389,3765,385,86
108,117,3389,3773,366,0
108,117,3389,3774,366,-8
108,117,3389,3774,366,0
108,117,3389,3775,366,-8
108,117,3389,3775,366,0
108,117,3389,3780,366,0
108,117,3390,3774,366,0
108,117,3390,3780,366,0
108,117,3391,3774,366,0
108,117,3391,3780,366,0
108,117,3391,3796,366,0
108,117,3391,3797,366,0
108,117,3391,3801,366,0
108,117,3392,3775,392,-9
108,117,3392,3798,392,-9
108,117,3392,3799,392,0
108,117,3393,3774,392,0
108,117,3393,3780,392,0
108,117,3393,3798,392,-9
108,117,3393,3798,392,0
108,117,3394,3780,392,0
108,117,3395,3780,414,0
108,117,3395,3796,392,0
108,117,3396,3780,414,0
108,117,3396,3809,340,-325
108,117,3396,3820,340,-325
108,117,3398,3823,343,-359
108,117,3399,3781,418,0
108,117,3399,3801,418,0
108,117,3399,3809,418,0
108,117,3399,3816,351,-351
108,117,3403,3797,361,-345
108,117,3403,3802,361,-345
108,117,3403,3813,361,-345
108,117,3404,3776,444,0
108,117,3404,3777,444,0
108,117,3404,3778,444,0
108,117,3404,3779,444,0
108,117,3404,3781,444,0
108,117,3404,3782,444,0
108,117,3404,3783,444,0
108,117,3404,3784,444,0
108,117,3404,3785,444,0
108,117,3404,3786,444,0
108,117,3404,3787,444,0
108,117,3404,3815,335,-371
108,117,3408,3815,471,0
108,117,3410,3761,338,25
108,117,3413,3755,334,334
108,117,3413,3817,497,0
108,117,3416,3758,316,316
108,117,3417,3778,418,0
108,117,3424,3722,441,236
108,117,3424,3771,237,247
108,117,3425,3760,314,-7
108,117,3428,3772,75,-72
108,117,3428,3776,145,0
108,117,3429,3770,124,47
108,117,3432,3819,160,-417
108,117,3433,3732,121,484
108,117,3433,3819,160,-417
108,117,3434,3797,-208,-20
108,117,3434,3820,139,-425
108,117,3436,3809,151,-393
108,117,3439,3761,-234,-23
108,117,3441,3780,230,123
108,117,3441,3782,230,123
108,117,3441,3785,-174,-116
108,117,3441,3788,-204,45
108,117,3442,3786,-130,-87
108,117,3442,3788,-157,3
108,117,3443,3777,-86,-162
108,117,3443,3788,-183,0
108,117,3443,3788,-121,99
108,117,3443,3807,323,173
108,117,3444,3797,-180,107
108,117,3444,3797,209,4
108,117,3444,3798,23,-10
108,117,3444,3803,0,-26
108,117,3444,3804,208,20
108,117,3444,3830,0,-328
108,117,3446,3789,101,152
108,117,3446,3791,-10,209
108,117,3446,3793,-12,235
108,117,3447,3796,-14,21
108,117,3447,3796,-3,51
108,117,3447,3796,-1,25
108,117,3447,3796,0,0
108,117,3448,3788,220,139
108,117,3449,3672,-97,490
108,117,3450,3792,139,313
108,117,3450,3796,-45,64
108,117,3450,3796,-26,0
108,117,3450,3796,-9,77
108,117,3451,3671,0,500
108,117,3451,3796,-26,-3
108,117,3451,3796,0,0
108,117,3452,3790,44,177
108,117,3452,3796,-3,25
108,117,3456,3796,0,0
108,119,3386,3796,447,0
108,119,3387,3796,340,0
108,119,3387,3798,340,0
108,119,3387,3799,340,0
108,119,3387,3800,340,0
108,119,3387,3801,340,0
108,119,3387,3802,340,0
108,119,3387,3803,340,0
108,119,3387,3805,340,0
108,119,3387,3806,340,0
108,119,3387,3807,340,0
108,119,3387,3809,340,0
108,119,3387,3811,340,0
108,119,3387,3814,340,0
108,119,3387,3815,340,0
108,119,3387,3816,340,0
108,119,3387,3817,340,0
108,119,3387,3818,340,0
108,119,3387,3820,340,0
108,119,3387,3821,340,0
108,119,3387,3822,340,0
108,119,3387,3824,340,0
108,119,3387,3826,340,0
108,119,3387,3827,340,0
108,119,3387,3829,340,0
108,119,3387,3830,340,0
108,119,3387,3831,340,0
108,119,3387,3832,340,0
108,119,3387,3833,340,0
108,119,3387,3834,340,0
108,119,3387,3835,340,0
108,119,3387,3836,340,0
108,119,3387,3837,340,0
108,119,3387,3838,340,0
108,119,3387,3840,340,0
108,119,3387,3842,340,0
108,119,3387,3844,340,0
108,119,3387,3845,340,0
108,119,3387,3846,340,0
108,119,3387,3847,340,0
108,119,3387,3848,340,0
108,119,3387,3850,340,0
108,119,3387,3851,340,0
108,119,3387,3855,340,0
108,119,3387,3858,340,0
108,119,3388,3798,366,-8
108,119,3388,3799,366,-18
108,119,3388,3799,366,0
108,119,3388,3837,366,-8
108,119,3388,3838,366,-8
108,119,3388,3839,366,-18
108,119,3388,3853,366,-8
108,119,3388,3854,366,0
108,119,3389,3798,366,-8
108,119,3389,3798,366,0
108,119,3389,3799,366,-18
108,119,3389,3839,366,-18
108,119,3389,3850,344,-123
108,119,3389,3853,366,-8
108,119,3390,3844,357,-80
108,119,3390,3859,435,-246
108,119,3391,3836,366,0
108,119,3391,3837,366,0
108,119,3391,3860,366,0
108,119,3391,3862,366,0
108,119,3391,3863,366,0
108,119,3391,3865,366,0
108,119,3392,3838,392,-20
108,119,3392,3853,392,-9
108,119,3392,3854,392,0
108,119,3394,3851,462,-191
108,119,3395,3780,392,0
108,119,3395,3780,414,0
108,119,3395,3867,392,0
108,119,3396,3780,414,0
108,119,3396,3867,500,0
108,119,3398,3780,418,0
108,119,3399,3780,418,0
108,119,3404,3842,444,0
108,119,3404,3844,444,0
108,119,3404,3845,444,0
108,119,3404,3847,444,0
108,119,3404,3851,444,0
108,119,3405,3876,471,-24
108,119,3406,3875,500,0
108,119,3417,3844,418,0
108,119,3417,3845,418,0
108,119,3417,3848,418,0
108,119,3417,3851,418,0
108,119,3419,3762,315,232
108,119,3420,3873,500,0
108,119,3427,3839,239,106
108,119,3428,3835,104,0
108,119,3437,3789,-51,-257
108,119,3438,3792,-183,-223
108,119,3440,3791,-149,-149
108,119,3442,3795,-235,23
108,119,3443,3748,25,500
108,119,3443,3786,-154,-98
108,119,3443,3787,22,234
108,119,3443,3834,-86,-162
108,119,3443,3844,-78,-7
108,119,3443,3851,-128,25
108,119,3443,3864,-85,383
108,119,3444,3745,0,500
108,119,3444,3793,387,76
108,119,3444,3795,0,-130
108,119,3444,3852,0,52
108,119,3444,3852,40,32
108,119,3444,3865,-225,134
108,119,3444,3868,-317,131
108,119,3445,3787,-131,-78
108,119,3445,3860,-21,286
108,119,3445,3861,-14,287
108,119,3445,3862,-121,202
108,119,3446,3795,5,-25
108,119,3446,3857,-17,234
108,119,3446,3860,-19,260
108,119,3446,3860,-13,261
108,119,3446,3863,-21,286
108,119,3447,3789,152,-101
108,119,3447,3790,-60,-145
108,119,3447,3795,152,-42
108,119,3447,3867,-161,241
108,119,3448,3787,0,0
108,119,3448,3789,208,-20
108,119,3448,3791,175,-263
108,119,3448,3795,155,-31
108,119,3448,3795,229,-63
108,119,3448,3880,304,203
108,119,3449,3787,-28,-288
108,119,3449,3788,30,-315
108,119,3450,3788,43,-446
108,119,3451,3791,8,-184
108,119,3451,3794,163,-134
108,119,3452,3787,136,-453
108,119,3453,3787,0,0
108,119,3453,3857,124,232
108,119,3454,3788,-26,1
108,119,3457,3794,86,-130
108,119,3460,3787,-25,-8
108,119,3465,3793,230,51
108,119,3470,3789,158,174
108,119,3471,3787,-44,-363
108,119,3472,3858,214,-101
108,119,3474,3789,56,146
108,119,3476,3792,22,13
108,119,3479,3852,138,74
108,119,3482,3852,138,74
108,119,3484,3852,138,74
108,119,3490,3852,138,74
108,122,3395,3875,392,0
108,122,3395,3875,500,0
108,122,3395,3878,418,0
108,122,3396,3875,500,0
108,122,3396,3877,418,0
108,122,3397,3870,358,343
108,122,3397,3872,351,351
108,122,3397,3875,500,0
108,122,3397,3886,351,351
108,122,3398,3870,353,353
108,122,3398,3871,358,343
108,122,3398,3871,371,335
108,122,3398,3874,418,0
108,122,3398,3884,358,343
108,122,3398,3885,358,343
108,122,3398,3886,358,343
108,122,3399,3863,358,343
108,122,3399,3864,358,343
108,122,3399,3865,358,343
108,122,3399,3866,358,343
108,122,3399,3867,358,343
108,122,3399,3868,358,343
108,122,3399,3869,358,343
108,122,3399,3870,351,351
108,122,3399,3870,358,343
108,122,3399,3871,351,351
108,122,3399,3871,358,343
108,122,3399,3871,418,0
108,122,3399,3872,358,343
108,122,3399,3872,418,0
108,122,3399,3873,358,343
108,122,3399,3873,418,0
108,122,3399,3874,358,343
108,122,3399,3874,418,0
108,122,3399,3875,358,343
108,122,3399,3876,358,343
108,122,3399,3877,358,343
108,122,3399,3878,358,343
108,122,3399,3879,358,343
108,122,3399,3880,358,343
108,122,3399,3881,358,343
108,122,3399,3882,358,343
108,122,3399,3884,358,343
108,122,3399,3885,358,343
108,122,3399,3886,358,343
108,122,3399,3887,358,343
108,122,3399,3889,358,343
108,122,3400,3876,500,0
108,122,3402,3875,361,345
108,122,3403,3873,444,0
108,122,3403,3881,353,353
108,122,3403,3882,353,353
108,122,3403,3884,353,353
108,122,3403,3885,353,353
108,122,3403,3889,345,361
108,122,3403,3889,353,353
108,122,3403,3891,353,353
108,122,3403,3896,353,353
108,122,3404,3867,444,0
108,122,3407,3868,471,0
108,122,3411,3864,500,0
108,122,3412,3874,497,11
108,122,3413,3862,497,0
108,122,3413,3863,497,0
108,122,3415,3886,387,76
108,122,3418,3860,500,0
108,122,3420,3854,345,361
108,122,3424,3883,408,101
108,122,3428,3861,500,0
108,122,3428,3862,500,0
108,122,3433,3855,129,428
108,122,3434,3860,131,400
108,122,3435,3880,185,0
108,122,3443,3883,13,-261
108,122,3443,3907,-86,-162
108,122,3444,3851,0,500
108,122,3444,3853,0,473
108,122,3444,3854,0,447
108,122,3444,3858,0,447
108,122,3444,3876,-197,-311
108,122,3444,3891,45,-25
108,122,3445,3891,24,-46
108,122,3447,3886,152,-101
108,122,3448,3881,-38,-314
108,122,3449,3875,-329,-219
108,122,3450,3889,39,-179
108,122,3450,3889,140,-155
108,122,3451,3877,-225,-355
108,122,3452,3871,360,-266
108,122,3452,3878,-199,-372
108,122,3455,3885,80,-360
108,122,3456,3880,108,-433
108,122,3456,3885,-45,-257
108,122,3457,3882,-23,312
108,122,3457,3884,-25,-260
108,122,3459,3879,226,-323
108,122,3459,3886,298,98
108,122,3463,3875,-345,-123
108,122,3473,3887,184,-185
108,122,3473,3891,57,-87
108,122,3476,3880,0,183
108,122,3476,3883,0,235
108,122,3476,3890,70,37
108,123,3384,3940,500,0
108,123,3386,3940,500,0
108,123,3386,3956,500,0
108,123,3394,3911,402,296
108,123,3394,3913,402,296
108,123,3397,3909,358,343
108,123,3397,3909,368,333
108,123,3398,3906,343,358
108,123,3398,3907,343,358
108,123,3398,3909,358,343
108,123,3399,3894,358,343
108,123,3399,3895,358,343
108,123,3399,3896,358,343
108,123,3399,3897,358,343
108,123,3399,3898,358,343
108,123,3399,3899,358,343
108,123,3399,3900,358,343
108,123,3399,3901,358,343
108,123,3399,3905,358,343
108,123,3399,3906,358,343
108,123,3399,3907,343,358
108,123,3399,3907,358,343
108,123,3399,3908,343,358
108,123,3399,3909,358,343
108,123,3401,3907,335,371
108,123,3401,3923,345,361
108,123,3401,3928,345,361
108,123,3403,3906,353,353
108,123,3408,3896,353,353
108,123,3421,4009,283,-346
108,123,3423,3926,273,285
108,123,3428,3900,361,345
108,123,3429,3919,156,474
108,123,3431,3867,156,474
108,123,3432,3939,136,453
108,123,3432,3943,150,421
108,123,3433,3918,-364,150
108,123,3433,3935,114,458
108,123,3433,3937,125,455
108,123,3434,3940,125,457
108,123,3434,3948,141,396
108,123,3435,3865,121,484
108,123,3435,3866,121,484
108,123,3436,3897,101,408
108,123,3436,3900,101,408
108,123,3436,3914,101,408
108,123,3436,3918,-366,-35
108,123,3436,3932,101,408
108,123,3436,3935,101,408
108,123,3436,3937,101,408
108,123,3436,3940,101,408
108,123,3437,3933,54,362
108,123,3442,3917,-152,-101
108,123,3442,3918,-152,-101
108,123,3442,3919,-152,-101
108,123,3442,3920,-152,-101
108,123,3443,3914,-149,-278
108,123,3444,3893,0,421
108,123,3444,3903,0,26
108,123,3444,3905,4,25
108,123,3444,3916,0,0
108,123,3444,3918,-74,-138
108,123,3444,3920,0,-130
108,123,3444,3921,0,-104
108,123,3444,3922,0,-104
108,123,3444,3922,116,-206
108,123,3444,3923,5,-262
109,80,3416,2558,500,-25
109,80,3416,2564,500,0
109,80,3417,2556,500,0
109,80,3421,2571,484,121
109,80,3422,2548,500,0
109,80,3425,2538,408,287
109,80,3426,2532,500,0
109,80,3426,2535,402,296
109,80,3426,2536,402,296
109,80,3426,2537,402,296
109,80,3428,2515,332,332
109,80,3428,2521,332,332
109,80,3428,2536,386,316
109,80,3429,2533,358,343
109,80,3429,2533,368,333
109,80,3429,2534,358,343
109,80,3430,2519,358,343
109,80,3430,2533,358,343
109,80,3431,2518,351,351
109,80,3431,2518,358,343
109,80,3431,2519,351,351
109,80,3431,2519,358,343
109,80,3431,2521,358,343
109,80,3431,2522,358,343
109,80,3431,2524,358,343
109,80,3431,2525,358,343
109,80,3431,2526,358,343
109,80,3431,2527,358,343
109,80,3431,2528,358,343
109,80,3431,2529,358,343
109,80,3431,2530,358,343
109,80,3431,2531,358,343
109,80,3431,2532,358,343
109,80,3431,2533,358,343
109,80,3431,2533,361,345
109,80,3431,2537,353,353
109,80,3431,2541,353,353
109,80,3432,2544,353,353
109,80,3432,2551,345,361
109,80,3433,2506,368,333
109,80,3433,2552,345,361
109,80,3435,2505,343,358
109,80,3435,2505,351,351
109,80,3435,2525,353,353
109,80,3435,2528,361,345
109,80,3435,2531,353,353
109,80,3435,2532,353,353
109,80,3435,2563,492,-85
109,80,3435,2563,500,0
109,80,3436,2562,316,386
109,80,3438,2526,353,353
109,80,3439,2503,361,345
109,80,3442,2505,353,353
109,80,3442,2564,421,0
109,80,3442,2564,447,0
109,80,3444,2509,361,345
109,80,3445,2508,345,361
109,80,3445,2508,361,345
109,80,3445,2510,345,361
109,80,3448,2525,365,257
109,80,3451,2564,369,-8
109,80,3455,2501,361,345
109,80,3455,2550,273,285
109,80,3456,2560,194,215
109,80,3458,2536,-37,498
109,80,3458,2556,-451,212
109,80,3459,2512,48,498
109,80,3460,2500,0,500
109,80,3460,2533,153,178
109,80,3460,2560,113,108
109,80,3461,2507,169,442
109,80,3461,2513,181,408
109,80,3461,2563,133,0
109,80,3461,2568,-233,210
109,80,3464,2559,-298,106
109,80,3465,2531,183,224
109,80,3466,2515,139,424
109,80,3466,2521,151,365
109,80,3466,2540,0,0
109,80,3466,2558,-316,7
109,80,3467,2519,131,400
109,80,3467,2553,-289,-21
109,80,3467,2559,-310,-46
109,80,3469,2557,-344,132
109,80,3470,2580,0,0
109,80,3470,2580,23,12
109,80,3471,2551,-234,-23
109,80,3471,2580,23,-12
109,80,3472,2552,-231,-46
109,80,3474,2556,-152,-101
109,80,3474,2556,-133,-88
109,80,3474,2557,-133,-88
109,80,3475,2564,-124,-96
109,80,3476,2498,0,500
109,80,3486,2532,0,238
109,80,3496,2528,216,226
109,80,3506,2532,377,178
109,80,3553,2517,0,421
109,80,3556,2510,0,447
109,80,3557,2545,-260,-25
109,80,3559,2543,-261,-174
109,80,3559,2544,-239,-159
109,80,3561,2545,-148,-277
109,80,3566,2520,-58,390
109,80,3567,2515,-62,416
109,80,3567,2518,-51,417
109,80,3567,2519,-67,389
109,80,3567,2519,-58,390
109,80,3567,2520,-67,389
109,80,3568,2515,-72,414
109,80,3568,2518,-72,414
109,80,3568,2518,-62,416
109,80,3568,2520,-77,387
109,80,3568,2521,-77,387
109,80,3569,2505,-70,467
109,80,3569,2509,-76,440
109,80,3569,2518,-92,411
109,80,3569,2535,0,159
109,80,3570,2510,-87,438
109,80,3570,2515,-87,438
109,80,3572,2503,0,500
109,80,3572,2508,0,500
109,80,3572,2509,0,500
109,80,3572,2536,0,185
109,80,3572,2536,0,264
109,80,3572,2537,0,238
109,118,3428,3780,500,0
109,118,3428,3781,474,156
109,118,3428,3782,500,0
109,118,3428,3797,500,0
109,118,3431,3775,441,236
109,118,3431,3807,361,-345
109,118,3432,3775,441,236
109,118,3433,3783,470,167
109,118,3433,3787,457,-126
109,118,3435,3813,224,-447
109,118,3442,3801,191,-462
109,118,3444,3786,112,223
109,118,3444,3804,248,-75
109,118,3446,3793,416,-62
109,118,3447,3794,259,-164
109,118,3450,3792,389,-67
109,118,3463,3796,25,5
109,118,3463,3796,26,0
109,118,3465,3787,-62,-115
109,118,3467,3796,9,24
109,118,3469,3787,-1,-26
109,118,3469,3788,0,-26
109,118,3470,3795,-75,-23
109,118,3472,3787,-10,-144
109,118,3472,3796,0,0
109,118,3473,3787,-1,-26
109,118,3531,3733,0,421
109,121,3428,3839,287,408
109,121,3428,3903,416,-277
109,121,3431,3840,378,326
109,121,3432,3838,441,236
109,121,3436,3842,361,345
109,121,3438,3841,277,416
109,121,3442,3861,447,0
109,121,3442,3867,447,0
109,121,3442,3875,447,0
109,121,3442,3897,191,-462
109,121,3443,3838,36,495
109,121,3443,3840,109,488
109,121,3446,3854,414,72
109,121,3447,3851,301,91
109,121,3448,3865,393,38
109,121,3462,3861,-45,-260
109,121,3466,3861,-269,-111
109,121,3467,3867,-289,21
109,121,3468,3855,-269,110
109,121,3469,3880,-242,100
109,121,3473,3863,-172,-71
109,121,3473,3870,-125,-138
109,121,3474,3871,-142,-157
109,121,3475,3871,-87,-164
109,121,3476,3855,-81,-196
109,121,3477,3858,88,-133
109,121,3477,3859,94,-50
109,121,3552,3855,66,-201
109,121,3555,3857,163,-134
109,121,3555,3858,117,-144
109,121,3556,3854,51,-232
109,121,3563,3819,0,500
