0,54,77,1741,126,31
0,54,77,1747,-264,0
0,54,79,1748,52,0
0,54,105,1744,-416,-62
0,54,107,1733,0,433
0,54,107,1742,-419,-31
0,54,107,1748,0,-261
0,54,107,1755,-109,-488
0,54,107,1760,-109,-488
0,54,107,1760,0,-500
0,54,107,1761,0,-500
0,54,107,1763,0,-500
0,54,110,1760,-121,-484
0,54,110,1760,-97,-490
0,54,110,1762,-109,-488
0,54,110,1765,-121,-484
0,54,111,1762,-132,-482
0,54,111,1764,-121,-484
0,54,111,1765,-132,-482
0,54,111,1766,-132,-482
0,54,111,1767,-132,-482
0,54,111,1767,-109,-488
0,54,115,1725,-257,429
0,54,115,1767,-203,-457
0,54,121,1748,-500,0
0,54,122,1758,-429,-257
0,54,123,1733,-478,144
0,54,123,1758,-421,-267
0,54,136,1748,-500,0
0,56,66,1844,-26,1
0,56,69,1844,24,9
0,56,70,1844,22,-13
0,56,71,1844,48,61
0,56,73,1836,-105,116
0,56,73,1836,-74,110
0,56,73,1838,-15,158
0,56,77,1835,-204,-46
0,56,78,1839,117,-55
0,56,79,1803,-85,-60
0,56,80,1835,217,89
0,56,89,1847,-336,-67
0,56,97,1866,-266,-360
0,56,98,1864,-283,-346
0,56,98,1864,-274,-353
0,56,103,1823,-394,38
0,56,104,1858,-353,-274
0,56,105,1806,-173,324
0,56,105,1841,-416,-62
0,56,106,1825,-421,21
0,56,107,1800,0,302
0,56,107,1810,-415,-72
0,56,107,1823,-418,50
0,56,109,1803,-447,0
0,56,109,1806,-447,-23
0,56,109,1806,-446,-33
0,56,109,1817,-447,0
0,56,109,1822,-447,0
0,56,109,1824,-447,0
0,56,109,1825,-447,0
0,56,109,1825,-447,10
0,56,109,1826,-447,0
0,56,109,1827,-447,0
0,56,109,1829,-447,0
0,56,109,1832,-447,0
0,56,109,1833,-447,0
0,56,109,1834,-447,0
0,56,109,1835,-447,0
0,56,110,1803,-447,0
0,56,110,1822,-447,22
0,56,110,1825,-447,0
0,56,110,1826,-447,0
0,56,110,1834,-447,0
0,56,110,1835,-447,0
0,56,113,1808,-472,-46
0,56,118,1855,-441,-236
0,56,122,1794,-429,257
0,56,122,1798,-482,132
0,56,123,1793,-500,0
0,56,123,1793,-435,246
0,56,123,1797,-478,144
0,56,123,1850,-470,-167
0,56,124,1795,-500,0
0,56,124,1798,-478,144
0,56,124,1799,-482,132
0,56,124,1800,-500,0
0,56,124,1852,-451,-212
0,56,124,1852,-421,-267
0,56,124,1852,-402,-296
0,56,124,1852,-361,-345
0,56,124,1852,-253,-400
0,58,13,1946,85,-492
0,58,18,1934,33,-446
0,58,19,1934,22,-447
0,58,74,1840,-21,-211
0,58,74,1843,-141,-75
0,58,74,1843,-25,-5
0,58,74,1843,176,-48
0,58,75,1837,91,-220
0,58,75,1839,45,-231
0,58,75,1843,115,-62
0,58,76,1844,129,15
0,58,76,1845,115,61
0,58,76,1846,61,115
0,58,76,1846,85,59
0,58,76,1876,-123,319
0,58,77,1845,126,34
0,58,77,1846,129,15
0,58,77,1846,130,86
0,58,77,1849,130,12
0,58,79,1840,128,-165
0,58,79,1842,158,-136
0,58,81,1831,-60,-200
0,58,87,1826,-97,-273
0,58,95,1817,-258,332
0,58,97,1815,-274,334
0,58,97,1826,-312,242
0,58,97,1827,-318,234
0,58,99,1825,-332,258
0,58,102,1864,-395,-9
0,58,107,1887,-144,-478
0,58,107,1889,0,-500
0,58,108,1888,-109,-488
0,58,109,1844,-447,0
0,58,109,1845,-447,0
0,58,109,1852,-447,0
0,58,109,1872,-446,43
0,58,109,1873,-447,22
0,58,109,1875,-447,0
0,58,109,1876,-447,0
0,58,110,1844,-447,0
0,58,110,1845,-447,0
0,58,110,1876,-447,0
0,58,110,1880,-267,-421
0,58,110,1887,-361,-345
0,58,112,1881,-335,-371
0,58,112,1883,-296,-402
0,58,113,1852,-473,0
0,58,116,1879,-482,-132
0,58,119,1888,-441,-236
0,58,119,1889,-441,-236
0,58,119,1890,-474,-156
0,58,119,1891,-490,-97
0,58,120,1888,-441,-236
0,58,120,1889,-441,-236
0,58,121,1883,-457,-203
0,58,122,1881,-482,-132
0,58,123,1888,-441,-236
0,58,124,1831,-500,0
0,58,124,1832,-500,0
0,58,124,1879,-500,0
0,58,124,1885,-500,0
0,58,125,1883,-466,-179
0,90,60,2940,-233,-211
0,90,75,2955,0,-209
0,90,84,2951,-154,-307
0,90,103,2924,-395,-9
0,90,105,2862,-173,324
0,90,105,2895,-418,50
0,90,106,2860,-155,289
0,90,106,2895,-421,21
0,90,107,2890,0,-500
0,90,107,2901,0,-392
0,90,107,2913,0,-500
0,90,107,2914,0,-500
0,90,109,2877,-447,0
0,90,109,2891,-447,0
0,90,109,2906,-447,10
0,90,109,2908,-447,0
0,90,109,2909,-447,0
0,90,109,2923,-447,0
0,90,110,2884,-447,22
0,90,110,2886,-447,22
0,90,110,2895,-447,22
0,90,110,2902,-451,-212
0,90,110,2918,-97,-490
0,90,110,2939,-433,-192
0,90,111,2914,-167,-470
0,90,112,2913,-191,-462
0,90,112,2914,-179,-466
0,90,113,2881,-473,0
0,90,113,2908,-473,0
0,90,113,2917,-179,-466
0,90,114,2916,-179,-466
0,90,114,2919,-167,-470
0,90,115,2850,-283,271
0,90,115,2918,-203,-457
0,90,116,2892,-500,0
0,90,116,2916,-267,-421
0,90,116,2916,-246,-435
0,90,116,2917,-246,-435
0,90,117,2914,-296,-402
0,90,118,2915,-296,-402
0,90,119,2940,-470,-167
0,90,120,2909,-427,-256
0,90,120,2911,-500,0
0,90,120,2911,-378,-326
0,90,122,2905,-474,-156
0,90,123,2853,-478,144
0,90,123,2906,-470,-167
0,90,123,2907,-462,-191
0,90,123,2908,-478,-144
0,90,123,2911,-500,0
0,90,123,2912,-500,0
0,90,124,2906,-500,0
0,90,124,2907,-500,0
0,90,124,2908,-500,0
0,90,124,2908,-451,-212
0,90,124,2908,-421,-267
0,90,124,2908,-361,-345
0,90,124,2909,-500,0
0,90,124,2910,-287,-408
0,90,124,2911,-500,0
0,92,13,3034,85,-492
0,92,78,2955,0,0
0,92,78,2964,0,0
0,92,79,3032,-345,-361
0,92,82,2955,14,-21
0,92,95,2995,-437,-98
0,92,96,3001,-446,-159
0,92,101,2955,-104,0
0,92,101,2958,-326,-217
0,92,101,2960,-389,-67
0,92,104,2955,-338,101
0,92,105,2960,-416,-62
0,92,105,2960,-198,-369
0,92,105,2961,-416,-62
0,92,106,2916,-404,190
0,92,106,2960,-416,-62
0,92,106,2961,-415,-72
0,92,106,3030,-361,-345
0,92,107,2972,0,-444
0,92,107,2979,0,-500
0,92,108,2946,-224,447
0,92,108,2948,-256,-51
0,92,108,2975,-109,-488
0,92,108,2999,-484,-121
0,92,109,2954,-447,0
0,92,109,2955,-447,0
0,92,109,2959,-446,-43
0,92,109,2960,-446,-43
0,92,109,2975,-121,-484
0,92,109,2975,-97,-490
0,92,109,2977,-85,-492
0,92,109,2987,-447,0
0,92,110,2944,-97,490
0,92,110,2975,-121,-484
0,92,110,2975,-97,-490
0,92,110,2977,-85,-492
0,92,110,2978,-109,-488
0,92,111,2937,-132,482
0,92,111,2974,-203,-457
0,92,111,2974,-191,-462
0,92,111,2978,-132,-482
0,92,111,2980,-121,-484
0,92,111,2981,-121,-484
0,92,111,2982,-132,-482
0,92,111,2983,-109,-488
0,92,112,2974,-224,-447
0,92,112,2977,-191,-462
0,92,112,2981,-144,-478
0,92,112,2983,-156,-474
0,92,113,2948,-473,0
0,92,113,2979,-212,-451
0,92,113,2982,-179,-466
0,92,114,2978,-224,-447
0,92,114,2979,-212,-451
0,92,114,2982,-191,-462
0,92,116,2938,-277,416
0,92,116,2941,-287,408
0,92,116,2978,-287,-408
0,92,116,2980,-219,-387
0,92,117,2941,-441,236
0,92,118,2977,-326,-378
0,92,118,2979,-441,-236
0,92,119,2942,-441,236
0,92,119,2976,-361,-345
0,92,119,2977,-441,-236
0,92,119,3008,-361,-345
0,92,123,2949,-478,144
0,92,124,2948,-402,296
0,92,124,2950,-500,0
0,92,124,2950,-478,144
0,92,124,2954,-500,0
1,6,16,265,62,-416
1,6,75,276,-421,-267
1,6,104,238,-75,181
1,6,104,239,-20,208
1,6,107,237,0,104
1,6,107,238,0,290
1,6,107,251,0,-26
1,6,107,257,0,-290
1,6,107,269,0,-447
1,6,107,282,0,-500
1,6,107,296,0,-500
1,6,110,212,26,0
1,6,112,212,209,0
1,6,114,212,53,216
1,6,115,260,-142,-283
1,6,117,212,-342,7
1,6,118,249,-266,-118
1,6,125,252,-400,-201
1,6,128,249,-446,-159
1,6,131,203,-183,0
1,6,131,212,-183,0
1,6,135,205,-240,159
1,6,135,249,-380,-179
1,6,137,209,-111,-208
1,6,138,205,-419,-31
1,6,138,220,-421,0
1,6,139,190,0,500
1,6,139,212,0,-418
1,6,139,220,0,-444
1,6,139,225,0,-500
1,6,139,226,0,-500
1,6,139,227,0,-500
1,6,140,191,-60,496
1,6,141,220,-447,0
1,6,141,221,-447,0
1,6,141,222,-447,0
1,6,141,223,-97,-490
1,6,141,226,-447,0
1,6,141,226,-85,-492
1,6,141,230,-447,0
1,6,141,235,-447,0
1,6,142,198,-287,408
1,6,142,220,-447,0
1,6,142,222,-167,-470
1,6,142,223,-167,-470
1,6,142,223,-156,-474
1,6,142,223,-121,-484
1,6,142,223,-97,-490
1,6,142,224,-277,-416
1,6,142,225,-85,-492
1,6,142,226,-109,-488
1,6,142,235,-447,0
1,6,143,193,-203,457
1,6,143,204,-457,125
1,6,143,222,-203,-457
1,6,143,222,-167,-470
1,6,143,223,-191,-462
1,6,143,226,-167,-470
1,6,144,205,-424,212
1,6,144,205,-387,271
1,6,144,225,-191,-462
1,6,144,226,-179,-466
1,6,145,220,-473,0
1,6,145,228,-212,-451
1,6,145,230,-167,-470
1,6,146,228,-203,-457
1,6,146,228,-179,-466
1,6,147,229,-224,-447
1,6,148,187,-267,421
1,6,149,222,-473,0
1,6,151,223,-371,-335
1,6,151,227,-441,-236
1,6,151,228,-441,-236
1,6,152,255,-378,-326
1,6,152,256,-378,-326
1,6,154,217,-474,-156
1,6,154,218,-466,-179
1,6,154,222,-500,0
1,6,155,218,-470,-167
1,6,155,223,-500,0
1,6,156,196,-500,0
1,6,156,196,-148,449
1,6,156,213,-287,-408
1,6,156,220,-500,0
1,6,156,220,-361,-345
1,6,156,221,-500,0
1,6,157,220,-500,0
1,6,159,200,-498,48
1,6,168,208,-498,48
1,8,20,213,0,421
1,8,20,333,0,-447
1,8,105,300,-74,110
1,8,107,316,0,-26
1,8,107,333,0,-447
1,8,110,270,80,66
1,8,110,275,80,196
1,8,111,317,-112,-238
1,8,119,311,-253,-63
1,8,121,267,0,0
1,8,123,312,-386,-86
1,8,129,266,-369,0
1,8,133,270,-326,-217
1,8,133,301,-157,-8
1,8,133,307,-381,-105
1,8,133,308,-378,-114
1,8,135,288,-394,-29
1,8,136,235,-403,121
1,8,137,228,-400,200
1,8,137,269,-148,276
1,8,137,273,-416,-62
1,8,137,308,-407,-112
1,8,137,309,-403,-121
1,8,138,273,-415,-72
1,8,138,314,-404,-190
1,8,139,253,0,500
1,8,139,276,0,-287
1,8,139,279,0,-302
1,8,139,287,0,-500
1,8,139,288,-419,-41
1,8,139,288,0,-500
1,8,139,290,0,-500
1,8,140,252,-60,496
1,8,140,286,-37,-498
1,8,140,289,-37,-498
1,8,140,291,-60,-496
1,8,141,248,-447,0
1,8,141,252,-85,492
1,8,141,260,-447,0
1,8,141,266,-447,0
1,8,141,267,-447,0
1,8,141,271,-446,-43
1,8,141,273,-442,-66
1,8,141,285,-447,0
1,8,141,286,-447,0
1,8,141,287,-447,0
1,8,141,287,-97,-490
1,8,141,289,-60,-496
1,8,141,290,-85,-492
1,8,141,295,-447,0
1,8,141,299,-447,0
1,8,141,303,-446,-43
1,8,142,253,-109,488
1,8,142,253,-85,492
1,8,142,256,-97,490
1,8,142,266,-447,0
1,8,142,267,-447,0
1,8,142,287,-121,-484
1,8,142,287,-97,-490
1,8,142,288,-121,-484
1,8,142,289,-85,-492
1,8,142,291,-109,-488
1,8,142,294,-97,-490
1,8,142,298,-447,0
1,8,142,299,-447,0
1,8,143,249,-121,484
1,8,143,256,-179,466
1,8,143,270,-132,-482
1,8,143,286,-203,-457
1,8,143,286,-191,-462
1,8,143,286,-167,-470
1,8,143,290,-132,-482
1,8,143,293,-132,-482
1,8,143,293,-121,-484
1,8,144,290,-156,-474
1,8,144,294,-132,-482
1,8,145,260,-473,0
1,8,145,290,-203,-457
1,8,145,293,-179,-466
1,8,146,292,-212,-451
1,8,146,320,-498,48
1,8,147,283,-386,-316
1,8,147,292,-224,-447
1,8,148,250,-277,416
1,8,148,290,-287,-408
1,8,148,293,-236,-441
1,8,148,293,-224,-447
1,8,149,291,-287,-408
1,8,150,287,-441,-236
1,8,151,288,-345,-361
1,8,151,290,-441,-236
1,8,155,260,-421,267
1,8,155,261,-478,144
1,8,155,281,-500,0
1,8,155,285,-500,0
1,8,155,314,-470,-167
1,8,156,256,-500,0
1,8,156,259,-500,0
1,8,156,260,-402,296
1,8,156,262,-500,0
1,8,156,262,-478,144
1,8,156,266,-500,0
1,8,156,281,-500,0
1,8,157,261,-400,120
1,10,36,422,0,-500
1,10,45,418,132,-482
1,10,51,394,21,-421
1,10,51,398,22,-447
1,10,52,394,0,-421
1,10,52,397,0,-447
1,10,99,299,44,-297
1,10,103,299,112,-160
1,10,108,340,-77,105
1,10,112,340,-51,7
1,10,115,293,-217,144
1,10,115,297,-50,-336
1,10,117,331,-342,0
1,10,120,251,-167,470
1,10,121,281,-198,369
1,10,125,284,-192,247
1,10,127,281,-258,332
1,10,129,320,-369,0
1,10,130,289,-297,219
1,10,131,340,-183,0
1,10,133,317,-157,3
1,10,133,319,-157,0
1,10,133,327,-157,0
1,10,133,340,-157,0
1,10,133,373,-372,-132
1,10,135,349,-126,34
1,10,137,292,-400,200
1,10,137,302,-415,72
1,10,137,333,-149,278
1,10,137,368,-198,-369
1,10,138,292,-404,190
1,10,139,319,0,500
1,10,139,359,-209,0
1,10,140,320,-277,416
1,10,140,321,-121,484
1,10,141,308,-447,0
1,10,141,313,-447,0
1,10,141,314,-447,0
1,10,141,316,-447,0
1,10,141,318,-447,0
1,10,141,320,-447,0
1,10,141,320,-97,490
1,10,141,322,-447,0
1,10,141,323,-447,0
1,10,142,308,-447,0
1,10,142,313,-97,490
1,10,142,316,-109,488
1,10,142,319,-277,416
1,10,142,320,-167,470
1,10,142,320,-121,484
1,10,142,323,-447,0
1,10,142,329,-447,0
1,10,142,339,-447,0
1,10,142,340,-208,-112
1,10,143,314,-132,482
1,10,143,317,-167,470
1,10,143,344,-335,-371
1,10,143,349,-179,-466
1,10,143,358,-132,-482
1,10,144,314,-156,474
1,10,144,350,-224,-447
1,10,144,350,-212,-451
1,10,144,351,-212,-451
1,10,145,310,-473,0
1,10,145,316,-473,0
1,10,145,323,-473,0
1,10,145,354,-473,10
1,10,145,354,-224,-447
1,10,145,355,-224,-447
1,10,145,380,-438,-181
1,10,146,317,-224,447
1,10,146,323,-447,0
1,10,146,355,-224,-447
1,10,146,356,-191,-462
1,10,147,315,-441,236
1,10,147,323,-447,0
1,10,147,324,-386,316
1,10,147,357,-224,-447
1,10,148,313,-277,416
1,10,148,317,-287,408
1,10,148,353,-296,-402
1,10,148,355,-500,0
1,10,148,356,-267,-421
1,10,149,346,-473,0
1,10,149,355,-287,-408
1,10,150,315,-441,236
1,10,150,317,-441,236
1,10,150,318,-441,236
1,10,151,315,-441,236
1,10,151,317,-441,236
1,10,151,318,-441,236
1,10,151,353,-441,-236
1,10,151,353,-345,-361
1,10,151,382,-378,-326
1,10,152,350,-402,-296
1,10,154,321,-500,0
1,10,154,326,-482,132
1,10,154,326,-474,156
1,10,154,328,-492,85
1,10,155,320,-500,0
1,10,155,321,-500,0
1,10,155,324,-470,167
1,10,155,325,-500,0
1,10,155,325,-478,144
1,10,155,346,-466,-179
1,10,155,349,-441,-236
1,10,155,350,-421,-267
1,10,156,320,-500,0
1,10,156,322,-306,394
1,10,156,323,-500,0
1,10,156,323,-488,109
1,10,156,323,-381,281
1,10,156,325,-500,0
1,10,156,327,-490,97
1,10,156,328,-224,447
1,10,157,327,-490,97
1,10,157,328,-494,74
1,10,157,336,-429,257
1,10,159,301,-392,0
1,10,159,327,-492,85
1,10,161,301,-366,0
1,53,75,1743,-102,-20
1,53,100,1744,-162,302
1,53,100,1744,-154,306
1,53,100,1744,-131,317
1,53,101,1748,-39,33
1,53,101,1748,0,0
1,53,101,1748,14,21
1,53,101,1748,23,11
1,53,101,1748,26,0
1,53,102,1748,43,65
1,53,102,1748,44,64
1,53,105,1740,-121,99
1,53,105,1742,35,179
1,53,106,1745,-75,-141
1,53,107,1753,0,0
1,53,107,1761,0,-369
1,53,107,1762,0,-52
1,53,107,1770,0,-421
1,53,107,1773,0,-447
1,53,107,1788,0,-500
1,53,107,1790,0,-500
1,53,107,1793,0,-500
1,53,107,1797,0,-500
1,53,107,1798,0,-500
1,53,107,1800,0,-500
1,53,111,1739,217,89
1,53,111,1763,-91,-303
1,53,112,1766,-99,-328
1,53,113,1781,-70,-468
1,53,114,1793,-132,-482
1,53,115,1777,-361,-345
1,53,115,1799,-121,-484
1,53,117,1752,-107,353
1,53,118,1771,-160,-417
1,53,119,1779,-148,-450
1,53,131,1745,-314,-314
1,53,141,1732,-447,0
1,53,141,1768,-500,0
1,53,142,1757,-361,-345
1,53,146,1769,-353,-353
1,53,149,1728,-500,0
1,53,149,1758,-306,-394
1,53,149,1773,-361,-345
1,53,150,1763,-500,0
1,53,150,1773,-361,-345
1,53,151,1763,-353,-353
1,53,152,1684,-345,361
1,53,153,1757,-344,-359
1,53,153,1757,-334,-369
1,53,153,1760,-351,-351
1,53,153,1761,-359,-344
1,53,153,1764,-359,-344
1,53,153,1765,-359,-344
1,53,153,1766,-359,-344
1,53,153,1767,-359,-344
1,53,153,1767,-351,-351
1,53,153,1768,-359,-344
1,53,153,1776,-351,-351
1,53,154,1760,-351,-351
1,53,154,1761,-369,-334
1,53,154,1761,-359,-344
1,53,154,1766,-351,-351
1,53,154,1767,-351,-351
1,53,155,1732,-500,0
1,53,155,1755,-369,-334
1,53,155,1762,-369,-334
1,53,155,1762,-359,-344
1,53,157,1764,-340,-325
1,53,160,1707,-500,0
1,53,161,1672,-500,0
1,53,161,1736,-500,0
1,53,165,1707,-500,0
1,53,165,1732,-500,0
1,53,166,1736,-500,0
1,53,167,1732,-500,0
1,55,75,1812,0,0
1,55,75,1831,-115,-350
1,55,87,1818,-278,76
1,55,96,1815,-206,160
1,55,104,1811,-100,242
1,55,106,1805,12,130
1,55,110,1773,173,116
1,55,116,1832,-141,-396
1,55,117,1826,-151,-366
1,55,117,1836,-140,-425
1,55,118,1832,-151,-393
1,55,118,1835,-160,-417
1,55,120,1736,-185,0
1,55,121,1838,-181,-438
1,55,122,1838,-192,-433
1,55,128,1850,-359,-192
1,55,129,1772,11,50
1,55,129,1778,-340,7
1,55,134,1740,-383,95
1,55,135,1838,-345,-361
1,55,135,1839,-345,-361
1,55,136,1832,-500,25
1,55,139,1842,-345,-361
1,55,141,1829,-497,11
1,55,141,1843,-353,-353
1,55,141,1845,-353,-353
1,55,141,1845,-345,-361
1,55,144,1797,-353,-353
1,55,144,1802,-471,0
1,55,146,1787,-471,23
1,55,146,1793,-471,23
1,55,146,1795,-471,23
1,55,146,1796,-471,23
1,55,146,1798,-471,23
1,55,146,1825,-471,23
1,55,146,1826,-471,10
1,55,149,1789,-361,345
1,55,149,1834,-361,-345
1,55,150,1822,-444,22
1,55,151,1836,-353,-353
1,55,151,1844,-335,-371
1,55,153,1823,-344,-359
1,55,153,1825,-344,-359
1,55,154,1809,-418,0
1,55,154,1821,-344,-359
1,55,155,1759,-444,-10
1,55,155,1787,-417,30
1,55,155,1788,-417,30
1,55,155,1790,-417,30
1,55,155,1791,-418,-21
1,55,155,1791,-417,30
1,55,155,1792,-418,0
1,55,155,1792,-417,30
1,55,155,1793,-417,30
1,55,155,1794,-417,30
1,55,155,1795,-417,30
1,55,155,1796,-417,30
1,55,155,1797,-417,30
1,55,155,1798,-417,30
1,55,155,1799,-418,0
1,55,155,1799,-417,30
1,55,155,1800,-417,30
1,55,155,1801,-417,30
1,55,157,1795,-392,0
1,55,158,1789,-500,0
1,55,158,1790,-392,-9
1,55,158,1810,-392,8
1,55,159,1775,-457,203
1,55,159,1791,-392,-9
1,55,159,1809,-392,19
1,55,160,1763,-500,0
1,55,161,1736,-500,0
1,55,161,1737,-498,-37
1,55,161,1795,-366,0
1,55,162,1790,-366,0
1,55,162,1791,-366,-8
1,55,162,1809,-366,0
1,55,163,1786,-366,18
1,55,163,1787,-366,18
1,55,163,1788,-366,18
1,55,163,1789,-366,18
1,55,163,1790,-366,18
1,55,163,1791,-366,-8
1,55,163,1791,-366,18
1,55,163,1792,-366,0
1,55,163,1792,-366,18
1,55,163,1793,-366,18
1,55,163,1794,-366,18
1,55,163,1795,-366,18
1,55,163,1796,-366,0
1,55,163,1796,-366,18
1,55,163,1797,-366,18
1,55,163,1798,-366,18
1,55,163,1799,-366,0
1,55,163,1799,-366,18
1,55,163,1800,-366,0
1,55,163,1800,-366,18
1,55,163,1809,-366,0
1,55,164,1760,-392,0
1,55,164,1784,-340,0
1,55,164,1792,-366,0
1,55,165,1763,-500,0
1,55,165,1789,-340,0
1,55,165,1790,-340,0
1,55,165,1801,-340,0
1,55,165,1802,-340,0
1,55,166,1779,-478,144
1,55,167,1780,-488,109
1,55,168,1789,-500,0
1,59,69,1844,201,201
1,59,69,1844,203,203
1,59,70,1844,194,194
1,59,75,1849,0,78
1,59,75,1861,-5,25
1,59,75,1866,-5,235
1,59,75,1868,-22,-13
1,59,76,1867,-23,234
1,59,76,1871,-104,0
1,59,78,1868,-259,31
1,59,87,1875,99,-121
1,59,88,1982,361,-345
1,59,92,1873,21,-182
1,59,93,1980,447,-224
1,59,94,1871,121,-202
1,59,97,1853,-189,180
1,59,97,1857,-344,-242
1,59,97,1863,-131,-317
1,59,98,1864,-198,-242
1,59,99,1866,-190,-404
1,59,99,1870,176,-227
1,59,100,1863,-177,-353
1,59,100,1866,-159,-239
1,59,100,1988,-306,-394
1,59,101,1870,-250,-339
1,59,101,1870,-233,-350
1,59,102,1874,-231,-123
1,59,102,1875,130,-7
1,59,103,1868,-6,-261
1,59,103,1869,-40,-232
1,59,103,1875,128,-25
1,59,104,1852,-224,417
1,59,104,1870,-23,-234
1,59,104,1871,105,-210
1,59,104,1873,116,-174
1,59,104,1874,132,-126
1,59,105,1874,-132,-162
1,59,105,1875,138,-74
1,59,106,1873,116,-174
1,59,106,1875,134,-81
1,59,107,1823,0,459
1,59,107,1835,-121,484
1,59,110,1846,-109,488
1,59,117,1926,-121,-484
1,59,119,1936,-121,-484
1,59,123,1882,-107,0
1,59,126,1884,-269,161
1,59,128,1877,-183,0
1,59,130,1846,-498,-37
1,59,131,1907,-369,18
1,59,132,1842,-494,74
1,59,135,1891,-500,0
1,59,136,1904,-323,-309
1,59,139,1863,-497,-11
1,59,139,1929,-421,0
1,59,139,1949,-500,0
1,59,144,1849,-471,-11
1,59,144,1889,-471,0
1,59,145,1891,-473,0
1,59,146,1878,-471,23
1,59,146,1879,-471,23
1,59,146,1883,-471,23
1,59,146,1887,-471,23
1,59,146,1890,-469,34
1,59,146,1891,-395,0
1,59,148,1892,-444,0
1,59,148,1916,-488,-109
1,59,149,1831,-316,386
1,59,150,1875,-405,242
1,59,150,1892,-498,-37
1,59,151,1891,-444,0
1,59,153,1840,-344,358
1,59,153,1892,-500,-25
1,59,153,1892,-496,-60
1,59,153,1930,-345,-361
1,59,154,1860,-418,0
1,59,154,1873,-375,237
1,59,154,1892,-496,-60
1,59,155,1861,-418,-21
1,59,155,1872,-382,229
1,59,155,1873,-382,229
1,59,155,1875,-417,30
1,59,155,1876,-417,30
1,59,155,1877,-417,30
1,59,155,1878,-417,30
1,59,155,1879,-417,30
1,59,155,1880,-417,30
1,59,155,1881,-417,30
1,59,155,1882,-417,30
1,59,155,1883,-417,30
1,59,155,1884,-417,30
1,59,155,1885,-417,30
1,59,155,1886,-417,30
1,59,155,1887,-417,30
1,59,155,1888,-417,30
1,59,155,1889,-417,30
1,59,155,1890,-417,30
1,59,155,1892,-418,0
1,59,156,1885,-410,81
1,59,157,1884,-488,109
1,59,157,1891,-444,0
1,59,157,1891,-392,0
1,59,158,1863,-392,0
1,59,158,1884,-490,97
1,59,158,1888,-392,0
1,59,158,1889,-392,8
1,59,158,1891,-500,0
1,59,159,1870,-362,217
1,59,159,1870,-360,215
1,59,159,1889,-392,8
1,59,159,1889,-392,19
1,59,160,1892,-500,0
1,59,160,1912,-500,0
1,59,161,1868,-337,202
1,59,161,1868,-331,209
1,59,161,1891,-366,0
1,59,162,1872,-366,0
1,59,162,1875,-366,0
1,59,162,1888,-366,0
1,59,162,1889,-386,28
1,59,162,1889,-366,8
1,59,162,1889,-366,18
1,59,163,1872,-366,0
1,59,163,1873,-366,18
1,59,163,1874,-366,18
1,59,163,1875,-366,18
1,59,163,1876,-366,18
1,59,163,1877,-366,18
1,59,163,1878,-366,18
1,59,163,1879,-366,18
1,59,163,1880,-366,18
1,59,163,1881,-366,18
1,59,163,1882,-366,18
1,59,163,1883,-366,0
1,59,163,1883,-366,18
1,59,163,1884,-366,18
1,59,163,1885,-366,18
1,59,163,1886,-366,18
1,59,163,1887,-366,0
1,59,163,1887,-366,18
1,59,163,1888,-366,18
1,59,163,1888,-365,26
1,59,163,1889,-366,18
1,59,163,1889,-365,26
1,59,163,1892,-366,0
1,59,164,1883,-358,80
1,59,164,1888,-340,0
1,59,164,1891,-500,0
1,59,164,1892,-340,0
1,59,165,1875,-500,0
1,59,165,1875,-340,0
1,59,165,1884,-340,0
1,59,165,1887,-340,0
1,59,165,1888,-340,0
1,59,165,1889,-340,0
1,59,165,1890,-340,0
1,59,165,1891,-418,0
1,59,165,1892,-500,0
1,59,166,1890,-393,0
1,59,166,1891,-497,0
1,59,166,1891,-392,0
1,59,167,1882,-490,97
1,59,168,1891,-500,0
1,60,98,2010,-345,-361
1,60,107,1845,0,500
1,60,107,1848,0,500
1,60,107,1850,0,500
1,60,107,1858,0,500
1,60,107,1894,-24,9
1,60,107,1895,-24,9
1,60,107,1896,-26,-2
1,60,107,1897,-26,-2
1,60,107,1899,-21,-14
1,60,107,1901,0,0
1,60,107,1902,-12,-23
1,60,107,1903,-152,-101
1,60,107,1903,-118,-220
1,60,107,1903,-74,-138
1,60,107,1903,0,0
1,60,107,1904,0,0
1,60,107,1905,-152,-101
1,60,107,1905,-21,-14
1,60,107,1906,-74,-138
1,60,107,1907,-74,-138
1,60,108,1857,-121,484
1,60,108,1907,-12,-23
1,60,108,1919,112,210
1,60,110,1918,239,159
1,60,110,1920,239,159
1,60,110,1922,239,159
1,60,111,1916,282,188
1,60,111,1917,282,188
1,60,112,1916,350,233
1,60,112,1918,282,188
1,60,112,1921,350,233
1,60,112,1926,350,233
1,60,113,1903,-74,494
1,60,113,1905,-74,494
1,60,113,1920,312,30
1,60,113,1921,312,30
1,60,114,1873,-19,155
1,60,115,1886,-85,492
1,60,115,1895,-85,492
1,60,115,1899,-85,492
1,60,115,1907,-85,492
1,60,117,1924,-132,400
1,60,118,1918,-137,453
1,60,119,1882,-441,236
1,60,119,1893,-441,236
1,60,120,1878,-441,236
1,60,120,1879,-441,236
1,60,120,1881,-441,236
1,60,120,1885,-441,236
1,60,120,1898,-224,447
1,60,120,1932,-179,380
1,60,121,2010,-345,-361
1,60,123,1873,-361,345
1,60,123,1927,-201,427
1,60,123,1928,-201,427
1,60,123,1929,-201,400
1,60,124,1877,-500,0
1,60,124,1891,-500,0
1,60,124,1895,-441,236
1,60,124,1895,-353,353
1,60,124,2014,-353,-353
1,60,125,1880,-494,-74
1,60,125,1948,-260,-19
1,60,126,1924,-224,417
1,60,127,1890,-488,109
1,60,128,1892,-500,0
1,60,128,1914,-191,462
1,60,129,1892,-500,0
1,60,129,1892,-492,85
1,60,129,1892,-255,57
1,60,129,1896,-500,0
1,60,130,1877,-498,-37
1,60,130,1880,-498,-37
1,60,130,1881,-498,-37
1,60,130,1884,-498,-37
1,60,130,1890,-498,37
1,60,130,1892,-500,0
1,60,130,1913,-224,447
1,60,131,1890,-498,37
1,60,131,1890,-408,287
1,60,131,1892,-498,48
1,60,131,1893,-488,-109
1,60,131,1912,-224,447
1,60,131,1929,-274,353
1,60,132,1891,-488,109
1,60,132,1892,-498,48
1,60,133,1888,-500,0
1,60,133,1892,-500,0
1,60,133,1902,-203,457
1,60,133,1907,-212,451
1,60,133,1910,-224,447
1,60,134,1888,-416,277
1,60,135,1878,-500,-25
1,60,135,1887,-408,287
1,60,135,1890,-500,25
1,60,135,1898,-361,345
1,60,135,1899,-361,345
1,60,135,1900,-361,345
1,60,136,1890,-500,25
1,60,136,1891,-500,25
1,60,136,1902,-277,416
1,60,136,1921,-306,394
1,60,139,1898,-345,361
1,60,139,1948,-209,0
1,60,141,1891,-495,48
1,60,141,1948,-447,0
1,60,142,1895,-353,353
1,60,142,1899,-353,353
1,60,143,1913,-316,386
1,60,143,1970,-441,-76
1,60,144,1879,-471,-11
1,60,144,1882,-335,371
1,60,144,1896,-500,0
1,60,145,1884,-471,-11
1,60,146,1879,-406,285
1,60,146,1887,-353,353
1,60,146,1910,-316,386
1,60,149,1887,-353,353
1,60,149,1892,-444,-10
1,60,149,1896,-500,0
1,60,151,1889,-493,60
1,60,151,1889,-444,22
1,60,151,1890,-443,43
1,60,153,1879,-359,343
1,60,153,1879,-351,351
1,60,153,1880,-359,343
1,60,153,1880,-351,351
1,60,153,1881,-359,343
1,60,153,1881,-351,351
1,60,153,1882,-359,343
1,60,153,1882,-351,351
1,60,153,1883,-359,343
1,60,153,1883,-351,351
1,60,153,1884,-359,343
1,60,153,1884,-351,351
1,60,153,1885,-418,0
1,60,153,1885,-359,343
1,60,153,1885,-351,351
1,60,153,1886,-418,0
1,60,153,1886,-351,351
1,60,153,1888,-351,351
1,60,153,1889,-359,343
1,60,153,1890,-351,351
1,60,153,1891,-359,343
1,60,153,1891,-351,351
1,60,153,1892,-359,343
1,60,153,1892,-351,351
1,60,153,1893,-359,343
1,60,153,1893,-351,351
1,60,153,1894,-351,351
1,60,153,1895,-359,343
1,60,153,1895,-351,351
1,60,153,1896,-500,0
1,60,153,1896,-359,343
1,60,153,1896,-351,351
1,60,153,1898,-351,351
1,60,153,1899,-351,351
1,60,153,1900,-359,343
1,60,153,1900,-351,351
1,60,153,1902,-359,343
1,60,153,1902,-351,351
1,60,153,1903,-359,343
1,60,153,1903,-351,351
1,60,153,1904,-359,343
1,60,153,1904,-351,351
1,60,153,1905,-351,351
1,60,153,1907,-359,343
1,60,153,1907,-351,351
1,60,153,1908,-351,351
1,60,153,1916,-351,351
1,60,154,1896,-500,-25
1,60,154,1903,-344,358
1,60,156,1888,-340,325
1,60,156,1889,-340,325
1,60,156,1890,-340,325
1,60,156,1891,-340,325
1,60,156,1893,-340,325
1,60,156,1895,-340,325
1,60,156,1896,-340,325
1,60,156,1897,-340,325
1,60,156,1899,-340,325
1,60,156,1900,-340,325
1,60,156,1901,-340,325
1,60,156,1904,-340,325
1,60,156,1905,-340,325
1,60,158,1878,-371,335
1,60,158,1883,-371,335
1,60,158,1888,-371,335
1,60,158,1895,-371,335
1,60,158,1897,-371,335
1,60,161,1972,-500,0
1,60,163,1960,-466,-179
1,88,81,2891,-306,-394
1,88,107,2900,-224,-447
1,88,107,2900,-109,-488
1,88,107,2900,0,-500
1,88,112,2908,-121,-484
1,88,114,2913,-132,-482
1,88,115,2885,-114,-378
1,88,115,2889,-112,-407
1,88,115,2913,-132,-482
1,88,116,2913,-132,-482
1,88,116,2914,-132,-482
1,88,117,2892,-140,-425
1,88,117,2915,-121,-484
1,88,118,2865,-260,-122
1,88,121,2894,-181,-438
1,88,124,2845,-133,0
1,88,124,2897,-287,-408
1,88,125,2829,-159,0
1,88,126,2844,-237,17
1,88,128,2844,-185,17
1,88,130,2844,-237,17
1,88,131,2827,-183,0
1,88,132,2899,-345,-361
1,88,133,2843,-395,19
1,88,135,2840,-395,19
1,88,136,2901,-345,-361
1,88,137,2828,-215,224
1,88,138,2842,-419,41
1,88,138,2844,-421,0
1,88,139,2827,0,236
1,88,139,2842,-419,41
1,88,139,2843,-421,0
1,88,139,2844,-421,0
1,88,141,2844,-447,0
1,88,141,2844,-447,10
1,88,144,2841,-446,43
1,88,145,2844,-473,0
1,88,145,2844,-473,10
1,88,147,2900,-361,-345
1,88,149,2844,-473,10
1,88,149,2852,-473,0
1,88,149,2869,-353,-353
1,88,151,2858,-345,-361
1,88,151,2862,-361,-345
1,88,151,2883,-353,-353
1,88,152,2862,-361,-345
1,88,153,2865,-353,-353
1,88,153,2874,-359,-344
1,88,153,2879,-344,-359
1,88,153,2880,-344,-359
1,88,154,2874,-351,-351
1,88,154,2875,-351,-351
1,88,154,2877,-500,0
1,88,154,2880,-334,-369
1,88,154,2887,-351,-351
1,88,157,2842,-498,37
1,88,157,2844,-500,0
1,88,160,2826,-444,10
1,88,167,2841,-500,25
1,88,167,2843,-500,11
1,88,167,2844,-500,0
1,88,167,2849,-500,25
1,88,167,2850,-500,11
1,88,167,2852,-500,0
1,88,168,2842,-500,11
1,91,93,2957,0,104
1,91,98,2873,-403,-39
1,91,101,2885,-205,-307
1,91,101,2972,-140,-339
1,91,102,2964,0,0
1,91,102,2964,173,260
1,91,103,2964,23,312
1,91,104,2894,-30,-73
1,91,104,2964,0,0
1,91,104,2964,153,242
1,91,105,2956,-132,198
1,91,105,2956,-121,99
1,91,105,2956,-115,61
1,91,105,2957,-70,169
1,91,105,2964,17,342
1,91,105,2964,18,369
1,91,106,2899,-1,-52
1,91,106,2960,71,171
1,91,107,2956,0,52
1,91,107,2959,66,41
1,91,107,2965,159,89
1,91,108,2895,-10,-209
1,91,111,2970,304,203
1,91,113,2989,-87,-439
1,91,115,2980,-142,-283
1,91,117,2867,-140,424
1,91,117,2981,-142,-369
1,91,117,2988,-140,-425
1,91,118,2984,-161,-390
1,91,118,2984,-151,-393
1,91,126,2918,-212,0
1,91,129,2961,-255,-266
1,91,135,2951,-418,0
1,91,138,2908,-421,0
1,91,139,2909,-421,0
1,91,141,2909,-447,0
1,91,144,2917,-471,0
1,91,144,2943,-471,0
1,91,144,2945,-471,0
1,91,144,2949,-471,0
1,91,144,2954,-471,0
1,91,146,2909,-471,23
1,91,146,2909,-447,0
1,91,146,2910,-471,23
1,91,146,2918,-471,23
1,91,146,2922,-471,23
1,91,146,2923,-471,23
1,91,146,2924,-471,23
1,91,146,2931,-471,23
1,91,146,2932,-471,23
1,91,146,2940,-471,23
1,91,146,2951,-471,23
1,91,146,2952,-471,23
1,91,148,2909,-444,0
1,91,149,2909,-473,0
1,91,149,2973,-353,-353
1,91,149,2976,-444,0
1,91,149,2977,-444,0
1,91,150,2909,-500,0
1,91,150,2974,-361,-345
1,91,150,2974,-345,-361
1,91,151,2909,-500,0
1,91,151,2915,-444,22
1,91,152,2904,-482,132
1,91,152,2976,-353,-353
1,91,152,2976,-345,-361
1,91,152,2977,-353,-353
1,91,153,2959,-447,0
1,91,153,2974,-418,0
1,91,153,2976,-353,-353
1,91,153,2978,-353,-353
1,91,154,2975,-351,-351
1,91,154,2979,-353,-353
1,91,155,2907,-417,30
1,91,155,2908,-417,30
1,91,155,2909,-417,30
1,91,155,2910,-417,30
1,91,155,2911,-418,-21
1,91,155,2911,-417,30
1,91,155,2912,-418,-21
1,91,155,2912,-417,30
1,91,155,2913,-417,30
1,91,155,2914,-417,30
1,91,155,2915,-417,30
1,91,155,2916,-417,30
1,91,155,2917,-417,30
1,91,155,2918,-417,30
1,91,155,2919,-417,30
1,91,155,2920,-417,30
1,91,155,2921,-417,30
1,91,155,2922,-417,30
1,91,155,2923,-417,30
1,91,155,2924,-417,30
1,91,155,2925,-417,30
1,91,155,2926,-417,30
1,91,155,2927,-417,30
1,91,155,2928,-417,30
1,91,155,2929,-417,30
1,91,155,2930,-417,30
1,91,155,2931,-417,30
1,91,155,2932,-417,30
1,91,155,2933,-417,30
1,91,155,2934,-417,30
1,91,155,2935,-417,30
1,91,155,2936,-417,30
1,91,155,2937,-417,30
1,91,155,2938,-417,30
1,91,155,2939,-417,30
1,91,155,2940,-417,30
1,91,155,2942,-417,30
1,91,155,2943,-417,30
1,91,155,2944,-418,0
1,91,155,2944,-417,30
1,91,155,2945,-417,30
1,91,155,2946,-417,30
1,91,155,2947,-417,30
1,91,155,2948,-417,30
1,91,155,2949,-417,30
1,91,155,2950,-417,30
1,91,155,2951,-417,30
1,91,155,2952,-417,30
1,91,155,2953,-417,30
1,91,155,2960,-418,0
1,91,155,2978,-353,-353
1,91,155,2980,-345,-361
1,91,156,2980,-353,-353
1,91,157,2908,-500,0
1,91,157,2947,-392,0
1,91,157,2963,-392,0
1,91,158,2908,-392,0
1,91,158,2909,-500,0
1,91,158,2909,-471,0
1,91,158,2910,-392,-9
1,91,158,2910,-392,0
1,91,158,2911,-392,-9
1,91,158,2911,-392,0
1,91,159,2897,-478,144
1,91,159,2898,-478,144
1,91,159,2908,-500,0
1,91,159,2908,-392,0
1,91,159,2911,-392,-9
1,91,159,2913,-392,-9
1,91,159,2914,-392,-9
1,91,159,2916,-492,-85
1,91,159,2943,-392,19
1,91,159,2952,-392,19
1,91,159,2961,-392,19
1,91,160,2909,-500,0
1,91,161,2909,-500,0
1,91,161,2909,-392,0
1,91,161,2947,-366,0
1,91,161,2963,-366,0
1,91,162,2908,-366,0
1,91,162,2909,-418,0
1,91,162,2909,-392,0
1,91,162,2910,-366,-8
1,91,162,2910,-366,0
1,91,162,2911,-366,-8
1,91,162,2911,-366,0
1,91,162,2914,-366,-8
1,91,162,2948,-366,0
1,91,163,2906,-366,18
1,91,163,2907,-366,18
1,91,163,2908,-366,0
1,91,163,2908,-366,18
1,91,163,2909,-418,0
1,91,163,2909,-366,0
1,91,163,2909,-366,18
1,91,163,2910,-366,18
1,91,163,2911,-366,-8
1,91,163,2911,-366,18
1,91,163,2912,-366,-8
1,91,163,2912,-366,0
1,91,163,2912,-366,18
1,91,163,2913,-366,-8
1,91,163,2913,-366,18
1,91,163,2914,-366,18
1,91,163,2915,-366,18
1,91,163,2916,-366,18
1,91,163,2917,-366,18
1,91,163,2918,-366,18
1,91,163,2919,-366,18
1,91,163,2920,-366,18
1,91,163,2921,-366,18
1,91,163,2922,-366,18
1,91,163,2923,-366,18
1,91,163,2924,-366,18
1,91,163,2925,-366,18
1,91,163,2926,-366,18
1,91,163,2927,-366,18
1,91,163,2928,-366,18
1,91,163,2929,-366,18
1,91,163,2930,-366,18
1,91,163,2931,-366,18
1,91,163,2932,-366,18
1,91,163,2933,-366,18
1,91,163,2934,-366,18
1,91,163,2935,-366,18
1,91,163,2936,-366,18
1,91,163,2937,-366,18
1,91,163,2938,-366,18
1,91,163,2939,-366,18
1,91,163,2940,-366,18
1,91,163,2941,-366,18
1,91,163,2942,-366,18
1,91,163,2943,-366,18
1,91,163,2944,-366,0
1,91,163,2944,-366,18
1,91,163,2945,-366,18
1,91,163,2946,-366,18
1,91,163,2947,-366,18
1,91,163,2948,-366,18
1,91,163,2949,-366,18
1,91,163,2950,-366,18
1,91,163,2951,-366,18
1,91,163,2952,-366,18
1,91,163,2960,-366,0
1,91,164,2896,-478,144
1,91,164,2897,-478,144
1,91,164,2898,-478,144
1,91,164,2908,-500,0
1,91,164,2908,-361,0
1,91,164,2917,-494,-74
1,91,164,2948,-340,0
1,91,165,2908,-361,0
1,91,165,2909,-340,0
1,91,165,2916,-340,0
1,91,165,2917,-340,0
1,91,165,2920,-340,0
1,91,165,2922,-340,0
1,91,165,2942,-340,0
1,91,165,2943,-340,0
1,91,165,2944,-340,0
1,91,165,2945,-340,0
1,91,165,2949,-340,0
1,91,165,2951,-340,0
1,91,165,2953,-340,0
1,91,165,2954,-340,0
1,91,166,2899,-478,144
1,91,166,2900,-478,144
1,91,166,2959,-369,0
1,91,167,2908,-500,0
1,91,167,2909,-500,0
1,91,168,2909,-500,0
1,93,97,2955,0,0
1,93,97,2955,25,1
1,93,99,2955,44,-298
1,93,99,2955,46,-23
1,93,99,2955,70,-468
1,93,99,2962,-95,-142
1,93,99,2963,201,-60
1,93,100,2955,22,12
1,93,100,2955,22,13
1,93,100,2955,46,-63
1,93,100,2955,130,0
1,93,100,2957,-316,-316
1,93,101,2957,-83,-332
1,93,101,2958,-233,-350
1,93,101,2958,-43,-446
1,93,101,2963,152,101
1,93,102,2955,0,0
1,93,102,2955,22,12
1,93,102,2955,30,-312
1,93,102,2955,94,-44
1,93,102,2955,204,-167
1,93,102,2956,-41,-340
1,93,102,2962,133,-164
1,93,102,2963,-113,-108
1,93,103,2955,23,12
1,93,103,2955,25,7
1,93,103,2955,30,-312
1,93,103,2957,-33,-339
1,93,103,2962,-303,-162
1,93,104,2955,23,11
1,93,104,2957,-27,-275
1,93,104,2963,108,72
1,93,105,2957,13,-261
1,93,106,2955,-26,-1
1,93,106,2963,-29,-43
1,93,106,2963,-25,-8
1,93,107,2941,-361,345
1,93,107,2949,-5,25
1,93,107,2951,-5,25
1,93,107,2953,-26,-2
1,93,107,2953,-24,9
1,93,107,2955,-172,71
1,93,107,2955,-24,9
1,93,107,3028,-441,-236
1,93,108,2963,130,-3
1,93,108,2964,179,-35
1,93,110,2955,158,79
1,93,113,2933,-92,411
1,93,113,2954,257,129
1,93,113,3010,-58,-391
1,93,114,2946,-303,-91
1,93,114,2951,-87,-289
1,93,122,2992,-189,-377
1,93,123,2997,-201,-400
1,93,123,3009,-104,0
1,93,123,3010,-195,-216
1,93,123,3037,-201,-400
1,93,124,3000,-212,0
1,93,125,2983,-210,270
1,93,127,2959,-191,182
1,93,128,2985,-183,0
1,93,128,2989,-183,0
1,93,128,3011,-342,0
1,93,129,3010,-290,14
1,93,130,3004,-260,-19
1,93,130,3017,-255,-266
1,93,135,3024,-323,-309
1,93,138,3011,-421,0
1,93,141,2982,-495,36
1,93,144,3008,-390,-220
1,93,145,2959,-470,57
1,93,146,2938,-471,10
1,93,146,2966,-471,23
1,93,146,2968,-471,23
1,93,146,2978,-471,23
1,93,146,2981,-471,23
1,93,146,2987,-471,23
1,93,146,2988,-471,23
1,93,146,2989,-471,23
1,93,146,2992,-471,23
1,93,146,2995,-471,23
1,93,146,2996,-471,23
1,93,146,2997,-471,23
1,93,146,2999,-471,23
1,93,146,3001,-471,23
1,93,146,3006,-471,23
1,93,146,3009,-471,23
1,93,147,3004,-444,0
1,93,148,2947,-345,361
1,93,148,3004,-444,0
1,93,150,2933,-416,277
1,93,150,3011,-498,-37
1,93,150,3012,-498,-37
1,93,150,3014,-488,-109
1,93,151,2940,-335,371
1,93,151,2983,-444,22
1,93,151,3011,-500,0
1,93,151,3024,-361,-345
1,93,152,2931,-392,260
1,93,152,2943,-345,361
1,93,153,2940,-351,351
1,93,153,2941,-351,351
1,93,153,2944,-351,351
1,93,153,3012,-500,-25
1,93,153,3012,-496,-60
1,93,154,3012,-500,-25
1,93,154,3012,-496,-60
1,93,154,3019,-451,-212
1,93,154,3035,-371,-335
1,93,155,2939,-345,361
1,93,155,2946,-417,30
1,93,155,2963,-417,30
1,93,155,2964,-417,30
1,93,155,2965,-417,30
1,93,155,2966,-417,30
1,93,155,2967,-417,30
1,93,155,2968,-417,30
1,93,155,2969,-417,30
1,93,155,2970,-417,30
1,93,155,2971,-417,30
1,93,155,2972,-417,30
1,93,155,2973,-417,30
1,93,155,2974,-417,30
1,93,155,2975,-417,30
1,93,155,2976,-417,30
1,93,155,2977,-417,30
1,93,155,2978,-417,30
1,93,155,2979,-417,30
1,93,155,2980,-417,30
1,93,155,2981,-417,30
1,93,155,2982,-417,30
1,93,155,2983,-417,30
1,93,155,2984,-417,30
1,93,155,2985,-417,30
1,93,155,2986,-417,30
1,93,155,2987,-417,30
1,93,155,2988,-417,30
1,93,155,2989,-417,30
1,93,155,2990,-417,30
1,93,155,2991,-417,30
1,93,155,2992,-418,0
1,93,155,2992,-417,30
1,93,155,2993,-417,30
1,93,155,2994,-417,30
1,93,155,2995,-418,0
1,93,155,2995,-417,30
1,93,155,2996,-418,0
1,93,155,2996,-417,30
1,93,155,2997,-417,30
1,93,155,2998,-418,0
1,93,155,2998,-417,30
1,93,155,2999,-417,30
1,93,155,3000,-418,0
1,93,155,3000,-417,30
1,93,155,3001,-417,30
1,93,155,3002,-418,0
1,93,155,3002,-417,30
1,93,155,3003,-417,30
1,93,155,3004,-417,30
1,93,155,3005,-418,0
1,93,155,3006,-417,30
1,93,155,3007,-417,30
1,93,155,3008,-417,30
1,93,155,3009,-417,30
1,93,155,3011,-500,0
1,93,157,2948,-392,0
1,93,157,3011,-500,0
1,93,157,3012,-500,0
1,93,158,2944,-441,53
1,93,158,3011,-500,0
1,93,160,3004,-366,0
1,93,162,3008,-366,0
1,93,163,2960,-366,0
1,93,163,2961,-366,18
1,93,163,2962,-366,18
1,93,163,2963,-366,18
1,93,163,2964,-366,18
1,93,163,2965,-366,18
1,93,163,2966,-366,18
1,93,163,2967,-366,18
1,93,163,2968,-366,18
1,93,163,2969,-366,18
1,93,163,2970,-366,18
1,93,163,2971,-366,18
1,93,163,2972,-366,18
1,93,163,2973,-366,18
1,93,163,2974,-366,18
1,93,163,2975,-366,18
1,93,163,2976,-366,18
1,93,163,2977,-366,18
1,93,163,2978,-366,18
1,93,163,2979,-366,18
1,93,163,2980,-366,18
1,93,163,2981,-366,18
1,93,163,2982,-366,18
1,93,163,2983,-366,18
1,93,163,2984,-366,18
1,93,163,2985,-366,18
1,93,163,2986,-366,18
1,93,163,2987,-366,18
1,93,163,2988,-366,18
1,93,163,2989,-366,18
1,93,163,2990,-366,18
1,93,163,2991,-366,18
1,93,163,2992,-366,0
1,93,163,2992,-366,18
1,93,163,2993,-366,0
1,93,163,2993,-366,18
1,93,163,2994,-366,0
1,93,163,2994,-366,18
1,93,163,2995,-366,0
1,93,163,2995,-366,18
1,93,163,2996,-366,0
1,93,163,2996,-366,18
1,93,163,2997,-366,0
1,93,163,2997,-366,18
1,93,163,2998,-366,0
1,93,163,2998,-366,18
1,93,163,2999,-366,0
1,93,163,2999,-366,18
1,93,163,3000,-366,0
1,93,163,3000,-366,18
1,93,163,3001,-366,18
1,93,163,3002,-366,0
1,93,163,3002,-366,18
1,93,163,3003,-366,18
1,93,163,3004,-366,-8
1,93,163,3004,-366,0
1,93,163,3004,-366,18
1,93,163,3005,-366,0
1,93,163,3005,-366,18
1,93,163,3006,-366,18
1,93,163,3007,-366,18
1,93,163,3008,-366,18
1,93,164,3004,-340,0
1,93,165,2963,-340,0
1,93,165,2969,-340,0
1,93,165,2972,-340,0
1,93,165,2976,-340,0
1,93,165,2977,-340,0
1,93,165,2982,-340,0
1,93,165,2987,-340,0
1,93,165,2988,-340,0
1,93,165,2990,-340,0
1,93,165,2995,-500,0
1,93,165,3000,-340,0
1,93,165,3001,-340,0
1,93,165,3003,-500,0
1,93,165,3006,-361,0
1,93,165,3006,-340,0
1,93,165,3008,-340,0
1,93,165,3010,-387,0
1,93,166,2963,-500,0
1,93,166,3011,-500,0
1,93,167,2963,-473,0
1,93,167,3011,-500,0
1,93,167,3011,-471,0
1,93,167,3012,-500,0
1,93,168,3011,-500,0
1,94,107,2974,0,26
1,94,107,2983,-24,9
1,94,107,2983,-23,10
1,94,107,2985,-26,-2
1,94,107,2989,-12,-23
1,94,107,2989,0,0
1,94,107,2990,-74,-138
1,94,107,2990,0,0
1,94,107,2992,-74,-138
1,94,107,2992,0,0
1,94,107,2993,-141,-236
1,94,107,2993,-74,-138
1,94,107,2995,-130,-242
1,94,107,2995,-74,-138
1,94,108,2984,-26,-1
1,94,108,2986,0,26
1,94,111,3005,282,188
1,94,112,2953,-74,494
1,94,112,2991,-43,445
1,94,113,3001,-60,496
1,94,115,2976,-85,492
1,94,115,2978,-85,492
1,94,115,2979,-85,492
1,94,115,2982,-85,492
1,94,115,2985,-85,492
1,94,115,3002,-85,492
1,94,116,2973,-277,416
1,94,116,3003,-108,433
1,94,117,2973,-277,416
1,94,117,3010,-126,457
1,94,118,2964,-121,484
1,94,120,2968,-441,236
1,94,120,2971,-441,236
1,94,120,2988,-441,236
1,94,120,2989,-441,236
1,94,121,2966,-156,474
1,94,121,3098,-345,-361
1,94,123,2975,-148,449
1,94,124,2966,-500,0
1,94,124,2967,-500,0
1,94,124,2972,-361,345
1,94,124,2973,-148,449
1,94,124,3102,-353,-353
1,94,129,2966,-498,-37
1,94,130,2988,-498,-37
1,94,134,2988,-500,-25
1,94,135,2972,-500,-25
1,94,135,2986,-488,-109
1,94,135,2989,-488,-109
1,94,135,3065,-424,-212
1,94,138,3011,-421,0
1,94,138,3015,-418,0
1,94,140,3027,-148,-450
1,94,141,3051,-447,0
1,94,142,3011,-447,0
1,94,143,3009,-340,-8
1,94,143,3032,-335,-371
1,94,144,2998,-471,0
1,94,144,3001,-471,0
1,94,144,3003,-471,0
1,94,144,3004,-471,0
1,94,144,3005,-471,0
1,94,144,3008,-471,0
1,94,144,3010,-471,10
1,94,144,3031,-335,-371
1,94,145,2988,-471,-11
1,94,146,3002,-471,23
1,94,146,3003,-471,23
1,94,146,3004,-471,23
1,94,146,3005,-471,23
1,94,146,3007,-471,10
1,94,146,3036,-361,-345
1,94,147,3004,-444,0
1,94,147,3011,-500,0
1,94,148,3051,-500,0
1,94,148,3072,-500,0
1,94,149,2988,-444,-10
1,94,150,3012,-498,-37
1,94,151,2995,-444,22
1,94,151,3072,-500,0
1,94,152,3044,-498,37
1,94,152,3052,-498,37
1,94,152,3073,-466,-179
1,94,153,2972,-418,0
1,94,153,2976,-418,0
1,94,153,2985,-418,0
1,94,153,2991,-335,371
1,94,153,3012,-500,-25
1,94,153,3012,-496,-60
1,94,153,3043,-345,-361
1,94,153,3043,-335,-371
1,94,154,2970,-344,358
1,94,154,2991,-344,358
1,94,154,3012,-500,-25
1,94,154,3012,-496,-60
1,94,155,2980,-418,-21
1,94,155,2981,-418,-21
1,94,155,2995,-417,30
1,94,155,2996,-417,30
1,94,155,2997,-417,30
1,94,155,2998,-417,30
1,94,155,2999,-417,30
1,94,155,3000,-417,30
1,94,155,3001,-417,30
1,94,155,3002,-417,30
1,94,155,3003,-418,0
1,94,155,3003,-417,30
1,94,155,3004,-417,30
1,94,155,3005,-417,30
1,94,155,3006,-417,30
1,94,155,3007,-417,30
1,94,155,3008,-417,30
1,94,155,3009,-417,30
1,94,155,3062,-371,-335
1,94,156,3065,-500,11
1,94,157,3004,-488,109
1,94,157,3012,-500,0
1,94,157,3068,-500,0
1,94,158,3004,-490,97
1,94,158,3009,-392,8
1,94,158,3011,-500,0
1,94,158,3028,-500,0
1,94,159,2994,-392,19
1,94,159,3009,-392,8
1,94,159,3009,-392,19
1,94,160,3004,-366,0
1,94,162,3009,-366,8
1,94,162,3010,-366,8
1,94,163,2993,-366,18
1,94,163,2994,-366,18
1,94,163,2995,-366,18
1,94,163,2996,-366,0
1,94,163,2996,-366,18
1,94,163,2997,-366,18
1,94,163,2998,-366,18
1,94,163,2999,-366,0
1,94,163,2999,-366,18
1,94,163,3000,-366,18
1,94,163,3001,-366,0
1,94,163,3001,-366,18
1,94,163,3002,-366,18
1,94,163,3003,-490,97
1,94,163,3003,-366,0
1,94,163,3003,-366,18
1,94,163,3004,-366,18
1,94,163,3005,-366,18
1,94,163,3006,-366,18
1,94,163,3007,-366,0
1,94,163,3007,-366,18
1,94,163,3008,-366,18
1,94,164,3004,-340,0
1,94,165,2995,-340,0
1,94,165,2998,-340,0
1,94,165,3001,-340,0
1,94,165,3002,-340,0
1,94,165,3003,-340,0
1,94,165,3004,-340,0
1,94,165,3005,-340,0
1,94,165,3006,-340,0
1,94,165,3007,-340,0
1,94,165,3008,-340,0
1,94,165,3009,-340,0
1,94,165,3009,-340,7
1,94,165,3010,-340,0
1,94,165,3013,-366,-8
1,94,167,3002,-490,97
1,94,167,3012,-500,0
1,94,168,3011,-500,0
1,115,16,3753,62,-416
1,115,31,3635,21,421
1,115,36,3634,0,447
1,115,45,3644,-35,364
1,115,51,3612,8,366
1,115,51,3643,8,183
1,115,54,3636,-262,0
1,115,57,3619,-150,421
1,115,57,3634,-482,132
1,115,58,3618,-167,470
1,115,58,3620,-179,466
1,115,59,3627,-287,408
1,115,59,3636,-500,0
1,115,59,3636,-444,0
1,115,60,3636,-500,0
1,115,62,3633,-478,144
1,115,63,3622,-316,386
1,115,63,3630,-148,449
1,115,65,3623,-361,345
1,115,66,3621,-335,371
1,115,66,3630,-466,179
1,115,67,3622,-378,326
1,115,68,3624,-402,296
1,115,105,3724,-74,110
1,115,105,3732,23,-11
1,115,106,3725,-103,154
1,115,107,3739,0,-26
1,115,107,3742,0,-238
1,115,109,3752,-212,-451
1,115,113,3626,-353,353
1,115,115,3748,-142,-283
1,115,116,3734,-230,-57
1,115,116,3738,-225,-135
1,115,121,3782,-158,-443
1,115,127,3776,-287,-408
1,115,129,3742,-139,-119
1,115,130,3743,-242,-100
1,115,131,3691,-183,0
1,115,132,3742,-149,-105
1,115,133,3691,-157,0
1,115,133,3744,-144,-112
1,115,135,3719,-395,19
1,115,135,3724,-395,-9
1,115,135,3737,-380,-179
1,115,137,3695,-418,50
1,115,137,3729,-416,-62
1,115,138,3693,-419,-31
1,115,138,3695,-418,50
1,115,138,3695,-98,-437
1,115,138,3700,-99,-185
1,115,138,3729,-415,-72
1,115,139,3678,0,500
1,115,139,3680,0,500
1,115,139,3712,0,-500
1,115,139,3712,0,-483
1,115,139,3714,0,-500
1,115,140,3679,-60,496
1,115,140,3700,-220,-118
1,115,141,3691,-447,0
1,115,141,3696,-444,53
1,115,141,3706,-447,10
1,115,141,3707,-447,0
1,115,141,3708,-447,0
1,115,141,3709,-447,0
1,115,141,3711,-97,-490
1,115,141,3711,-74,-494
1,115,141,3714,-85,-492
1,115,141,3718,-447,0
1,115,141,3720,-447,0
1,115,141,3721,-447,0
1,115,141,3722,-447,0
1,115,141,3723,-447,0
1,115,141,3727,-446,-43
1,115,142,3708,-447,0
1,115,142,3711,-167,-470
1,115,142,3711,-156,-474
1,115,142,3711,-121,-484
1,115,142,3715,-109,-488
1,115,142,3718,-447,0
1,115,142,3718,-447,22
1,115,142,3721,-447,0
1,115,143,3681,-203,457
1,115,143,3692,-457,125
1,115,143,3710,-167,-470
1,115,143,3711,-191,-462
1,115,143,3713,-167,-470
1,115,143,3714,-167,-470
1,115,143,3715,-121,-484
1,115,144,3692,-457,125
1,115,144,3708,-287,-408
1,115,144,3711,-212,-451
1,115,144,3714,-212,-451
1,115,144,3714,-179,-466
1,115,145,3708,-473,0
1,115,145,3715,-203,-457
1,115,145,3718,-167,-470
1,115,146,3716,-179,-466
1,115,146,3717,-191,-462
1,115,147,3691,-361,345
1,115,147,3717,-224,-447
1,115,148,3691,-361,345
1,115,148,3716,-277,-416
1,115,149,3713,-306,-394
1,115,149,3750,-345,-361
1,115,150,3677,-296,402
1,115,150,3714,-287,-408
1,115,152,3680,-394,306
1,115,152,3711,-378,-326
1,115,152,3713,-361,-345
1,115,152,3715,-335,-371
1,115,152,3745,-469,-35
1,115,153,3683,-500,0
1,115,153,3686,-361,345
1,115,154,3686,-482,132
1,115,154,3686,-408,287
1,115,154,3705,-474,-156
1,115,154,3706,-466,-179
1,115,155,3689,-496,60
1,115,155,3706,-470,-167
1,115,155,3709,-500,0
1,115,155,3711,-500,0
1,115,156,3680,-500,0
1,115,156,3684,-500,0
1,115,156,3684,-148,449
1,115,156,3688,-500,0
1,115,156,3688,-496,60
1,115,156,3706,-500,0
1,115,156,3707,-500,0
1,115,156,3708,-500,0
1,115,156,3709,-500,0
1,115,157,3688,-494,74
1,115,157,3703,-494,-74
1,115,157,3708,-498,-48
1,115,159,3688,-498,48
1,115,162,3696,-496,60
1,115,164,3697,-498,37
1,117,19,3701,21,421
1,117,20,3701,0,421
1,117,20,3821,0,-447
1,117,104,3788,120,-57
1,117,105,3788,-141,75
1,117,105,3788,-74,110
1,117,105,3789,-84,103
1,117,107,3701,0,421
1,117,107,3709,0,354
1,117,107,3788,144,67
1,117,109,3764,9,24
1,117,111,3755,-85,-60
1,117,111,3764,-57,189
1,117,111,3764,-51,6
1,117,112,3755,130,-315
1,117,112,3808,-141,-281
1,117,112,3813,-123,-345
1,117,114,3755,0,0
1,117,115,3812,-166,-330
1,117,117,3764,104,0
1,117,119,3769,-261,0
1,117,122,3840,-178,-378
1,117,124,3802,-409,-182
1,117,126,3812,-198,-242
1,117,127,3816,-171,-232
1,117,128,3705,-258,332
1,117,129,3744,-369,0
1,117,129,3764,-447,0
1,117,130,3816,-274,-353
1,117,131,3737,-183,0
1,117,131,3745,-183,0
1,117,131,3747,-183,0
1,117,131,3764,-183,0
1,117,131,3774,-183,0
1,117,132,3712,-147,108
1,117,133,3760,-389,-67
1,117,133,3806,-149,-105
1,117,134,3724,-383,95
1,117,135,3776,-394,-29
1,117,137,3760,-416,-62
1,117,137,3761,-416,-62
1,117,137,3763,-411,-92
1,117,138,3716,-404,190
1,117,138,3745,-421,21
1,117,138,3756,-149,278
1,117,138,3761,-415,-72
1,117,139,3740,0,485
1,117,139,3740,0,500
1,117,139,3741,0,500
1,117,139,3743,0,500
1,117,139,3749,-421,0
1,117,139,3752,0,444
1,117,139,3753,-209,0
1,117,139,3754,0,392
1,117,139,3755,0,183
1,117,139,3776,-419,-41
1,117,139,3778,0,-500
1,117,139,3779,0,-500
1,117,140,3745,-74,494
1,117,140,3774,-37,-498
1,117,140,3779,-60,-496
1,117,141,3731,-447,0
1,117,141,3732,-447,0
1,117,141,3737,-447,0
1,117,141,3740,-85,492
1,117,141,3743,-97,490
1,117,141,3744,-447,0
1,117,141,3745,-447,0
1,117,141,3746,-447,0
1,117,141,3747,-447,0
1,117,141,3748,-447,0
1,117,141,3749,-447,0
1,117,141,3750,-447,0
1,117,141,3754,-447,0
1,117,141,3755,-447,0
1,117,141,3757,-447,0
1,117,141,3759,-447,0
1,117,141,3759,-446,-43
1,117,141,3773,-447,0
1,117,141,3774,-447,0
1,117,141,3775,-447,0
1,117,141,3775,-121,-484
1,117,141,3775,-97,-490
1,117,141,3779,-447,0
1,117,141,3787,-447,0
1,117,141,3791,-446,-43
1,117,141,3792,-442,-66
1,117,141,3802,-438,-181
1,117,141,3803,-409,-182
1,117,142,3737,-447,0
1,117,142,3737,-203,457
1,117,142,3741,-109,488
1,117,142,3743,-132,369
1,117,142,3744,-97,490
1,117,142,3745,-267,421
1,117,142,3750,-378,326
1,117,142,3755,-447,0
1,117,142,3757,-447,0
1,117,142,3775,-121,-484
1,117,142,3775,-97,-490
1,117,142,3776,-156,-474
1,117,142,3776,-121,-484
1,117,142,3777,-109,-488
1,117,142,3777,-85,-492
1,117,142,3778,-109,-488
1,117,142,3779,-109,-488
1,117,142,3782,-97,-490
1,117,142,3787,-447,0
1,117,143,3737,-109,488
1,117,143,3774,-191,-462
1,117,143,3774,-167,-470
1,117,143,3780,-121,-484
1,117,143,3781,-121,-484
1,117,143,3782,-132,-482
1,117,144,3737,-132,482
1,117,144,3742,-191,462
1,117,144,3777,-191,-462
1,117,144,3778,-156,-474
1,117,144,3782,-132,-482
1,117,144,3808,-500,0
1,117,145,3738,-179,466
1,117,145,3748,-473,0
1,117,145,3758,-473,-24
1,117,145,3778,-203,-457
1,117,147,3781,-277,-416
1,117,147,3803,-386,-316
1,117,148,3710,-500,-11
1,117,148,3779,-277,-416
1,117,148,3781,-236,-441
1,117,149,3777,-335,-371
1,117,149,3800,-500,0
1,117,149,3808,-447,-224
1,117,151,3739,-441,236
1,117,151,3742,-441,236
1,117,151,3743,-441,236
1,117,151,3744,-441,236
1,117,151,3779,-316,-386
1,117,151,3808,-441,-236
1,117,155,3748,-421,267
1,117,155,3749,-478,144
1,117,155,3802,-470,-167
1,117,156,3744,-500,0
1,117,156,3745,-500,0
1,117,156,3746,-500,0
1,117,156,3748,-500,0
1,117,156,3748,-402,296
1,117,156,3748,-148,449
1,117,156,3749,-500,0
1,117,156,3750,-500,0
1,117,156,3750,-478,144
1,117,156,3752,-500,0
1,117,156,3754,-500,0
1,117,156,3768,-500,0
1,117,156,3769,-500,0
1,119,16,3768,58,390
1,119,20,3736,0,500
1,119,20,3765,0,421
1,119,64,3873,-217,-227
1,119,106,3794,73,-111
1,119,107,3739,0,433
1,119,107,3755,-224,447
1,119,107,3755,-167,470
1,119,107,3758,0,380
1,119,109,3771,23,155
1,119,110,3776,-94,244
1,119,110,3880,26,-154
1,119,115,3785,-230,57
1,119,122,3876,-169,-267
1,119,125,3828,-421,0
1,119,126,3769,-186,252
1,119,128,3769,-258,332
1,119,129,3811,-369,0
1,119,129,3825,-379,37
1,119,131,3828,-183,0
1,119,132,3823,-392,-48
1,119,133,3760,-290,373
1,119,133,3789,-153,33
1,119,133,3808,-157,0
1,119,133,3812,-157,0
1,119,134,3782,-377,189
1,119,134,3788,-383,95
1,119,134,3810,-311,-38
1,119,134,3822,-387,76
1,119,134,3856,-200,-245
1,119,135,3783,-390,161
1,119,135,3856,-27,-154
1,119,136,3859,-101,-25
1,119,137,3788,-411,92
1,119,137,3790,-415,72
1,119,137,3831,-105,77
1,119,137,3856,-198,-369
1,119,138,3788,-407,111
1,119,138,3811,-421,0
1,119,138,3828,-421,0
1,119,139,3776,-384,230
1,119,139,3804,0,500
1,119,139,3805,0,500
1,119,139,3808,0,300
1,119,139,3817,0,393
1,119,140,3808,-109,488
1,119,140,3809,-121,484
1,119,141,3796,-447,0
1,119,141,3797,-447,0
1,119,141,3798,-447,0
1,119,141,3801,-447,0
1,119,141,3804,-447,0
1,119,141,3805,-447,0
1,119,141,3807,-447,0
1,119,141,3808,-447,0
1,119,141,3809,-447,0
1,119,141,3810,-447,0
1,119,141,3811,-447,0
1,119,141,3813,-447,0
1,119,141,3817,-447,0
1,119,141,3826,-447,10
1,119,142,3780,-433,192
1,119,142,3783,-425,139
1,119,142,3796,-447,0
1,119,142,3797,-447,0
1,119,142,3806,-277,416
1,119,142,3807,-447,0
1,119,142,3807,-277,416
1,119,142,3807,-121,484
1,119,142,3809,-132,482
1,119,142,3811,-447,0
1,119,142,3817,-447,0
1,119,142,3817,-441,236
1,119,142,3827,-447,0
1,119,142,3839,-156,-474
1,119,143,3804,-121,484
1,119,143,3805,-167,470
1,119,143,3805,-156,474
1,119,143,3837,-179,-466
1,119,143,3838,-203,-457
1,119,143,3846,-132,-482
1,119,144,3794,-447,22
1,119,144,3803,-167,470
1,119,144,3838,-224,-447
1,119,144,3838,-212,-451
1,119,145,3798,-473,0
1,119,145,3800,-167,470
1,119,145,3800,-144,478
1,119,145,3801,-473,0
1,119,145,3803,-179,466
1,119,145,3804,-473,0
1,119,145,3808,-473,0
1,119,145,3810,-473,10
1,119,145,3811,-473,0
1,119,145,3842,-224,-447
1,119,145,3843,-224,-447
1,119,146,3801,-191,462
1,119,146,3804,-212,451
1,119,146,3843,-212,-451
1,119,146,3846,-208,-268
1,119,147,3812,-386,316
1,119,147,3830,-453,-137
1,119,147,3835,-386,-316
1,119,148,3805,-287,408
1,119,149,3841,-306,-394
1,119,150,3803,-441,236
1,119,150,3804,-441,236
1,119,150,3806,-441,236
1,119,151,3803,-441,236
1,119,151,3805,-482,132
1,119,151,3805,-441,236
1,119,151,3806,-441,236
1,119,151,3807,-441,236
1,119,151,3808,-441,236
1,119,152,3806,-371,335
1,119,152,3839,-394,-306
1,119,152,3843,-326,-378
1,119,153,3836,-447,-224
1,119,154,3779,-361,345
1,119,154,3809,-500,0
1,119,154,3810,-498,37
1,119,154,3813,-474,156
1,119,154,3814,-482,132
1,119,154,3814,-474,156
1,119,154,3814,-316,386
1,119,154,3816,-500,0
1,119,154,3816,-492,85
1,119,155,3808,-500,0
1,119,155,3809,-500,0
1,119,155,3813,-500,0
1,119,155,3813,-478,144
1,119,155,3815,-488,109
1,119,156,3810,-306,394
1,119,156,3811,-500,0
1,119,156,3811,-381,281
1,119,156,3811,-306,394
1,119,156,3812,-306,394
1,119,156,3813,-500,0
1,119,156,3814,-484,121
1,119,156,3814,-306,394
1,119,156,3815,-490,97
1,119,156,3816,-306,394
1,119,157,3811,-500,0
1,119,157,3815,-490,97
1,119,158,3819,-444,10
1,119,159,3815,-492,85
1,119,159,3829,-498,-37
2,5,100,111,0,421
2,5,107,237,0,-261
2,5,125,204,-7,78
2,5,127,207,-57,-161
2,5,127,212,24,162
2,5,128,212,26,0
2,5,130,112,-14,290
2,5,130,208,-242,311
2,5,130,212,25,-1
2,5,131,107,0,264
2,5,131,206,-48,176
2,5,131,212,-61,307
2,5,131,212,-26,1
2,5,131,212,26,0
2,5,132,204,-141,75
2,5,132,204,128,68
2,5,132,204,129,65
2,5,132,210,-83,118
2,5,132,212,24,-10
2,5,132,212,25,2
2,5,132,212,48,61
2,5,132,212,78,0
2,5,133,204,128,68
2,5,133,204,183,103
2,5,133,205,-347,123
2,5,133,205,94,142
2,5,133,205,114,126
2,5,133,205,123,136
2,5,133,207,19,196
2,5,133,210,-105,255
2,5,133,212,-25,-5
2,5,133,212,62,83
2,5,134,212,-148,449
2,5,134,212,26,0
2,5,134,212,33,338
2,5,135,204,80,120
2,5,135,204,217,123
2,5,135,205,112,177
2,5,135,205,150,166
2,5,135,206,9,130
2,5,135,207,-378,114
2,5,135,207,-49,164
2,5,135,212,-118,-220
2,5,135,212,23,-12
2,5,136,111,0,287
2,5,136,116,30,312
2,5,136,204,-203,55
2,5,136,204,-120,132
2,5,136,206,-66,170
2,5,136,207,-369,141
2,5,136,208,-407,111
2,5,136,208,60,242
2,5,136,210,37,151
2,5,136,212,-77,13
2,5,136,212,0,0
2,5,136,212,26,0
2,5,136,212,126,199
2,5,136,212,144,77
2,5,137,204,-121,99
2,5,137,204,-119,102
2,5,137,204,57,86
2,5,137,205,86,130
2,5,137,212,13,276
2,5,137,212,15,314
2,5,137,212,18,367
2,5,138,204,-93,50
2,5,138,204,-29,43
2,5,138,206,-30,149
2,5,138,206,17,182
2,5,139,110,0,290
2,5,139,111,0,290
2,5,139,115,8,183
2,5,139,204,0,52
2,5,139,207,-396,-141
2,5,139,207,-168,-168
2,5,139,212,96,271
2,5,139,215,0,0
2,5,139,216,0,130
2,5,139,218,-10,-24
2,5,139,218,0,235
2,5,139,229,0,-235
2,5,140,207,-381,-105
2,5,140,214,157,94
2,5,140,217,130,243
2,5,141,116,-21,286
2,5,142,112,-31,315
2,5,142,205,-139,-119
2,5,142,218,207,138
2,5,142,231,-58,-391
2,5,144,243,-38,-311
2,5,145,234,-82,-413
2,5,147,229,-114,-378
2,5,147,234,-112,-407
2,5,148,138,-78,0
2,5,148,216,-95,314
2,5,148,233,-121,-403
2,5,148,235,-19,-155
2,5,148,261,-132,-480
2,5,149,236,-129,-428
2,5,150,139,-130,0
2,5,150,240,-137,-453
2,5,154,138,-208,20
2,5,155,138,-234,17
2,5,155,139,-208,20
2,5,159,214,-176,-194
2,5,163,234,-498,37
2,5,167,231,-500,25
2,5,168,231,-500,25
2,5,168,232,-500,25
2,5,168,233,-500,25
2,5,169,208,-416,-62
2,5,169,212,-407,-112
2,5,170,138,-403,121
2,5,170,217,-409,-182
2,5,171,142,-416,62
2,5,171,231,-500,-11
2,5,173,219,-433,-192
2,5,176,214,-457,-126
2,5,177,153,-472,-46
2,5,177,155,-473,0
2,5,178,224,-471,23
2,5,178,225,-471,10
2,5,178,225,-471,23
2,5,178,226,-471,10
2,5,178,227,-471,10
2,5,178,227,-471,23
2,5,179,240,-386,-316
2,5,181,196,-473,0
2,5,181,223,-444,0
2,5,181,234,-361,-345
2,5,182,220,-444,22
2,5,182,221,-444,22
2,5,182,221,-415,-160
2,5,182,222,-444,22
2,5,182,224,-444,-10
2,5,182,225,-361,-345
2,5,183,224,-444,10
2,5,183,227,-353,-353
2,5,183,236,-405,-242
2,5,183,236,-353,-353
2,5,184,218,-478,-144
2,5,184,226,-492,-85
2,5,185,207,-359,-344
2,5,185,210,-359,-344
2,5,185,213,-359,-344
2,5,185,219,-359,-344
2,5,185,220,-440,0
2,5,185,221,-418,0
2,5,185,222,-418,0
2,5,185,226,-496,-60
2,5,185,226,-494,-74
2,5,185,237,-353,-353
2,5,186,219,-418,21
2,5,186,220,-500,0
2,5,186,220,-418,0
2,5,186,221,-500,-25
2,5,186,221,-351,-351
2,5,186,222,-418,-21
2,5,186,222,-418,0
2,5,186,223,-418,0
2,5,186,225,-496,-60
2,5,186,226,-494,-74
2,5,186,227,-492,-85
2,5,186,231,-351,-351
2,5,187,216,-500,0
2,5,187,217,-418,0
2,5,187,218,-418,0
2,5,187,220,-418,0
2,5,187,221,-500,0
2,5,187,223,-418,-21
2,5,187,227,-492,-85
2,5,188,220,-414,0
2,5,188,221,-500,0
2,5,188,221,-418,-10
2,5,188,226,-494,-74
2,5,188,227,-492,-85
2,5,188,231,-400,-121
2,5,189,160,-500,0
2,5,189,164,-500,0
2,5,189,220,-500,0
2,5,189,220,-414,0
2,5,189,221,-500,0
2,5,189,221,-392,0
2,5,189,222,-392,0
2,5,189,227,-494,-74
2,5,189,227,-492,-85
2,5,190,132,-500,0
2,5,190,139,-500,0
2,5,190,196,-500,0
2,5,190,226,-494,-74
2,5,190,227,-494,-74
2,5,191,226,-472,-46
2,5,192,138,-366,0
2,5,192,141,-366,0
2,5,193,155,-500,0
2,5,195,139,-366,0
2,5,198,157,-500,0
2,5,198,159,-500,0
2,5,198,160,-500,0
2,5,198,164,-500,0
2,5,198,168,-500,0
2,5,199,160,-500,0
2,5,199,164,-500,0
2,5,200,196,-500,0
2,7,107,273,-4,78
2,7,128,276,-25,6
2,7,130,203,0,0
2,7,131,209,35,179
2,7,132,276,26,-1
2,7,133,269,76,-137
2,7,134,276,0,0
2,7,135,276,30,312
2,7,136,270,-48,176
2,7,136,272,15,156
2,7,136,276,26,0
2,7,137,268,-132,198
2,7,137,268,-121,99
2,7,137,268,-119,102
2,7,137,268,-81,66
2,7,137,269,-70,169
2,7,137,269,-66,170
2,7,137,271,-17,182
2,7,137,271,10,209
2,7,137,272,10,209
2,7,137,275,13,276
2,7,137,275,17,340
2,7,137,276,14,287
2,7,137,276,17,342
2,7,137,276,18,369
2,7,138,268,-369,-142
2,7,138,268,-132,145
2,7,138,268,-58,86
2,7,138,270,-12,130
2,7,138,274,13,274
2,7,138,276,0,78
2,7,139,211,25,-5
2,7,139,268,0,52
2,7,139,269,26,220
2,7,139,277,0,314
2,7,139,279,0,0
2,7,139,287,0,-52
2,7,139,309,0,-473
2,7,140,282,141,265
2,7,141,282,148,276
2,7,143,291,278,185
2,7,145,298,-92,-411
2,7,148,296,-141,-396
2,7,149,283,419,41
2,7,150,293,-418,-224
2,7,151,299,-160,-417
2,7,155,241,-126,-170
2,7,156,222,-130,0
2,7,157,222,-157,0
2,7,157,229,-212,0
2,7,157,231,-212,0
2,7,157,299,-220,-390
2,7,160,274,-261,-261
2,7,161,229,-211,-16
2,7,161,254,-26,0
2,7,162,299,-500,0
2,7,166,298,-500,0
2,7,167,260,-418,0
2,7,167,297,-500,0
2,7,168,213,-392,19
2,7,168,263,-335,-371
2,7,169,258,-341,33
2,7,170,221,-421,0
2,7,171,226,-421,0
2,7,173,259,-495,48
2,7,176,228,-471,0
2,7,176,264,-471,0
2,7,176,266,-471,0
2,7,176,291,-471,0
2,7,176,293,-471,0
2,7,177,221,-473,0
2,7,177,223,-471,0
2,7,177,291,-471,0
2,7,177,293,-471,0
2,7,178,225,-471,23
2,7,178,231,-471,23
2,7,178,233,-471,23
2,7,178,234,-471,23
2,7,178,238,-471,23
2,7,178,241,-471,23
2,7,178,247,-471,23
2,7,178,256,-471,10
2,7,178,256,-471,23
2,7,178,259,-471,23
2,7,178,262,-471,23
2,7,178,265,-471,23
2,7,178,274,-471,23
2,7,180,221,-444,-10
2,7,180,262,-444,0
2,7,180,265,-444,0
2,7,180,285,-353,-353
2,7,181,221,-473,0
2,7,181,285,-353,-353
2,7,181,285,-345,-361
2,7,181,289,-444,0
2,7,181,289,-287,-408
2,7,182,221,-500,0
2,7,182,266,-361,-345
2,7,182,286,-361,-345
2,7,182,287,-444,-10
2,7,182,288,-444,-10
2,7,182,290,-444,-10
2,7,183,221,-498,48
2,7,183,251,-444,22
2,7,184,288,-353,-353
2,7,184,289,-353,-353
2,7,185,221,-500,0
2,7,185,270,-344,-359
2,7,185,278,-344,-359
2,7,185,279,-344,-359
2,7,185,282,-344,-359
2,7,185,284,-344,-359
2,7,185,287,-351,-351
2,7,185,288,-353,-353
2,7,185,288,-351,-351
2,7,185,289,-361,-345
2,7,185,289,-353,-353
2,7,186,270,-344,-359
2,7,186,281,-344,-359
2,7,186,283,-418,0
2,7,186,285,-418,0
2,7,186,285,-344,-359
2,7,186,286,-418,0
2,7,186,290,-353,-353
2,7,186,290,-345,-361
2,7,186,291,-353,-353
2,7,187,219,-417,30
2,7,187,220,-417,30
2,7,187,221,-417,30
2,7,187,222,-417,30
2,7,187,223,-418,-21
2,7,187,223,-417,30
2,7,187,224,-418,-21
2,7,187,224,-417,30
2,7,187,225,-417,30
2,7,187,226,-417,30
2,7,187,227,-417,30
2,7,187,228,-417,30
2,7,187,229,-417,30
2,7,187,230,-417,30
2,7,187,231,-417,30
2,7,187,232,-417,30
2,7,187,233,-417,30
2,7,187,234,-417,30
2,7,187,235,-417,30
2,7,187,236,-417,30
2,7,187,237,-417,30
2,7,187,238,-417,30
2,7,187,239,-417,30
2,7,187,240,-417,30
2,7,187,241,-417,30
2,7,187,242,-417,30
2,7,187,243,-417,30
2,7,187,244,-417,30
2,7,187,245,-417,30
2,7,187,246,-417,30
2,7,187,247,-417,30
2,7,187,248,-417,30
2,7,187,249,-417,30
2,7,187,250,-417,30
2,7,187,251,-417,30
2,7,187,252,-417,30
2,7,187,254,-417,30
2,7,187,255,-417,30
2,7,187,256,-418,0
2,7,187,256,-417,30
2,7,187,257,-417,30
2,7,187,258,-417,30
2,7,187,259,-417,30
2,7,187,260,-417,30
2,7,187,261,-417,30
2,7,187,262,-417,30
2,7,187,263,-417,30
2,7,187,264,-417,30
2,7,187,265,-417,30
2,7,187,272,-418,0
2,7,187,282,-418,0
2,7,187,284,-418,0
2,7,187,286,-418,0
2,7,187,287,-418,0
2,7,187,288,-418,0
2,7,187,291,-353,-353
2,7,188,292,-361,-345
2,7,188,292,-353,-353
2,7,189,215,-478,144
2,7,189,259,-392,0
2,7,189,275,-392,0
2,7,189,292,-353,-353
2,7,190,220,-392,0
2,7,190,221,-500,0
2,7,190,222,-392,-9
2,7,190,222,-392,0
2,7,190,223,-392,-9
2,7,190,223,-392,0
2,7,190,272,-419,31
2,7,190,282,-392,0
2,7,190,283,-392,0
2,7,191,210,-478,144
2,7,191,219,-392,19
2,7,191,220,-392,0
2,7,191,223,-392,-9
2,7,191,225,-392,-9
2,7,191,226,-392,-9
2,7,191,228,-492,-85
2,7,191,273,-392,19
2,7,191,280,-392,0
2,7,191,282,-392,0
2,7,193,221,-500,0
2,7,193,259,-366,0
2,7,193,275,-366,0
2,7,194,220,-366,0
2,7,194,222,-366,-8
2,7,194,222,-366,0
2,7,194,223,-366,-8
2,7,194,223,-366,0
2,7,194,226,-366,-8
2,7,194,272,-394,29
2,7,195,218,-366,18
2,7,195,219,-366,18
2,7,195,220,-366,0
2,7,195,220,-366,18
2,7,195,220,-361,0
2,7,195,221,-421,0
2,7,195,221,-366,0
2,7,195,221,-366,18
2,7,195,222,-366,18
2,7,195,223,-366,-8
2,7,195,223,-366,18
2,7,195,224,-366,-8
2,7,195,224,-366,18
2,7,195,225,-366,-8
2,7,195,225,-366,18
2,7,195,226,-366,18
2,7,195,227,-366,18
2,7,195,228,-366,18
2,7,195,229,-366,18
2,7,195,230,-366,18
2,7,195,231,-366,18
2,7,195,232,-366,18
2,7,195,233,-366,18
2,7,195,234,-366,18
2,7,195,235,-366,18
2,7,195,236,-366,18
2,7,195,237,-366,18
2,7,195,238,-366,18
2,7,195,239,-366,18
2,7,195,240,-366,18
2,7,195,241,-366,18
2,7,195,242,-366,18
2,7,195,243,-366,18
2,7,195,244,-366,18
2,7,195,245,-366,18
2,7,195,246,-366,18
2,7,195,247,-366,18
2,7,195,248,-366,18
2,7,195,249,-366,18
2,7,195,250,-366,18
2,7,195,251,-366,18
2,7,195,252,-366,18
2,7,195,253,-366,18
2,7,195,254,-366,18
2,7,195,255,-366,18
2,7,195,256,-366,0
2,7,195,256,-366,18
2,7,195,257,-366,18
2,7,195,258,-366,-8
2,7,195,258,-366,18
2,7,195,259,-366,18
2,7,195,260,-366,18
2,7,195,261,-366,18
2,7,195,262,-366,18
2,7,195,263,-366,18
2,7,195,264,-366,18
2,7,195,269,-366,-8
2,7,195,272,-366,0
2,7,196,208,-478,144
2,7,196,209,-478,144
2,7,196,220,-500,0
2,7,196,220,-361,0
2,7,196,229,-494,-74
2,7,196,270,-470,57
2,7,197,221,-340,-8
2,7,197,221,-340,0
2,7,197,227,-340,0
2,7,197,228,-340,0
2,7,197,229,-340,0
2,7,197,232,-340,0
2,7,197,235,-340,0
2,7,197,238,-340,0
2,7,197,241,-340,0
2,7,197,243,-340,0
2,7,197,244,-340,0
2,7,197,247,-340,0
2,7,197,252,-340,0
2,7,197,254,-340,0
2,7,197,255,-340,0
2,7,197,256,-340,0
2,7,197,258,-340,0
2,7,197,259,-340,0
2,7,197,260,-340,0
2,7,197,261,-340,0
2,7,197,262,-340,0
2,7,197,264,-340,0
2,7,197,265,-340,0
2,7,197,266,-340,0
2,7,198,212,-478,144
2,7,198,221,-500,0
2,7,200,221,-500,0
2,7,200,222,-500,0
2,9,129,267,24,-10
2,9,132,267,22,12
2,9,133,270,-233,-350
2,9,133,270,-43,-446
2,9,134,267,26,-275
2,9,134,267,93,-47
2,9,134,267,94,-44
2,9,134,267,204,-167
2,9,134,268,-41,-340
2,9,135,267,0,0
2,9,135,274,-303,-162
2,9,135,337,-110,266
2,9,135,340,23,312
2,9,136,332,115,61
2,9,136,333,-136,158
2,9,136,333,-70,169
2,9,136,334,-66,170
2,9,136,336,18,155
2,9,136,340,0,0
2,9,136,340,13,21
2,9,137,271,-205,-307
2,9,137,332,-115,61
2,9,137,333,-70,169
2,9,137,334,-70,169
2,9,137,335,-17,182
2,9,137,336,10,209
2,9,137,337,11,235
2,9,138,275,-23,-12
2,9,138,275,-23,-11
2,9,138,333,-231,45
2,9,138,334,-12,130
2,9,138,340,107,179
2,9,139,265,-24,10
2,9,139,274,134,-81
2,9,139,332,-29,43
2,9,139,332,0,52
2,9,139,333,0,78
2,9,139,335,0,183
2,9,139,336,62,83
2,9,139,345,-24,-10
2,9,139,349,0,-26
2,9,140,331,-157,-8
2,9,140,332,-153,-34
2,9,140,335,98,184
2,9,141,339,152,101
2,9,143,347,260,173
2,9,143,350,271,181
2,9,148,264,-107,-353
2,9,149,363,-161,-390
2,9,153,312,-159,0
2,9,154,323,-290,14
2,9,155,364,-211,-395
2,9,156,311,-212,0
2,9,156,312,-212,0
2,9,156,316,-130,0
2,9,157,321,-157,0
2,9,158,315,-212,0
2,9,158,316,-154,-27
2,9,158,321,-157,0
2,9,163,320,-366,0
2,9,165,321,-392,0
2,9,166,313,-264,13
2,9,166,316,-418,0
2,9,167,317,-418,0
2,9,167,319,-418,0
2,9,167,320,-418,0
2,9,168,313,-418,0
2,9,169,321,-418,0
2,9,169,339,-408,-102
2,9,170,323,-421,0
2,9,171,313,-444,0
2,9,173,312,-495,36
2,9,173,321,-392,0
2,9,173,347,-433,-192
2,9,174,323,-500,0
2,9,176,279,-471,0
2,9,176,304,-471,0
2,9,176,308,-471,0
2,9,176,313,-471,0
2,9,176,315,-471,0
2,9,176,319,-471,0
2,9,176,321,-471,0
2,9,176,322,-471,0
2,9,178,278,-471,23
2,9,178,279,-471,23
2,9,178,281,-471,23
2,9,178,282,-471,23
2,9,178,294,-471,23
2,9,178,297,-471,23
2,9,178,298,-471,23
2,9,178,299,-471,23
2,9,178,303,-471,23
2,9,178,313,-471,23
2,9,178,315,-471,23
2,9,178,339,-345,-361
2,9,178,356,-500,0
2,9,178,356,-326,-378
2,9,180,259,-345,361
2,9,180,322,-444,0
2,9,181,321,-444,22
2,9,181,338,-473,-11
2,9,182,245,-416,277
2,9,182,324,-492,-85
2,9,183,323,-500,0
2,9,183,324,-494,-74
2,9,184,243,-392,260
2,9,184,255,-345,361
2,9,185,256,-351,351
2,9,185,324,-500,-25
2,9,185,324,-496,-60
2,9,186,256,-351,351
2,9,186,256,-344,358
2,9,186,324,-500,-25
2,9,186,324,-496,-60
2,9,187,251,-345,361
2,9,187,258,-417,30
2,9,187,275,-417,30
2,9,187,276,-417,30
2,9,187,277,-417,30
2,9,187,278,-417,30
2,9,187,279,-417,30
2,9,187,280,-417,30
2,9,187,281,-417,30
2,9,187,282,-417,30
2,9,187,283,-417,30
2,9,187,284,-417,30
2,9,187,285,-417,30
2,9,187,286,-417,30
2,9,187,287,-417,30
2,9,187,288,-417,30
2,9,187,289,-417,30
2,9,187,290,-417,30
2,9,187,291,-417,30
2,9,187,292,-417,30
2,9,187,293,-417,30
2,9,187,294,-417,30
2,9,187,295,-417,30
2,9,187,296,-417,30
2,9,187,297,-417,30
2,9,187,298,-417,30
2,9,187,299,-417,30
2,9,187,300,-417,30
2,9,187,301,-417,30
2,9,187,302,-417,30
2,9,187,303,-417,30
2,9,187,304,-417,30
2,9,187,305,-417,30
2,9,187,306,-417,30
2,9,187,307,-417,30
2,9,187,308,-417,30
2,9,187,309,-417,30
2,9,187,310,-417,30
2,9,187,311,-417,30
2,9,187,312,-417,30
2,9,187,313,-417,30
2,9,187,314,-417,30
2,9,187,315,-417,30
2,9,187,316,-417,30
2,9,187,318,-418,-21
2,9,187,318,-417,30
2,9,187,319,-417,30
2,9,187,320,-417,30
2,9,187,321,-418,21
2,9,187,321,-417,30
2,9,187,323,-444,0
2,9,187,323,-418,-21
2,9,187,350,-361,-345
2,9,188,316,-490,97
2,9,188,323,-500,0
2,9,188,323,-444,0
2,9,189,260,-392,0
2,9,189,323,-500,0
2,9,190,310,-392,0
2,9,190,311,-392,0
2,9,190,320,-392,0
2,9,190,321,-392,8
2,9,190,323,-471,0
2,9,190,324,-392,0
2,9,191,320,-392,0
2,9,191,321,-392,8
2,9,191,321,-392,19
2,9,191,323,-471,0
2,9,191,326,-392,0
2,9,192,315,-492,85
2,9,192,315,-490,97
2,9,192,316,-366,0
2,9,192,317,-500,0
2,9,192,323,-471,0
2,9,193,323,-392,0
2,9,193,341,-441,-236
2,9,194,284,-366,0
2,9,194,310,-366,0
2,9,194,311,-366,0
2,9,194,312,-366,0
2,9,194,320,-366,0
2,9,194,321,-366,8
2,9,194,321,-366,18
2,9,194,324,-366,-8
2,9,194,324,-366,0
2,9,195,272,-366,0
2,9,195,273,-366,18
2,9,195,274,-366,18
2,9,195,275,-366,18
2,9,195,276,-366,18
2,9,195,277,-366,18
2,9,195,278,-366,18
2,9,195,279,-366,18
2,9,195,280,-366,18
2,9,195,281,-366,0
2,9,195,281,-366,18
2,9,195,282,-366,18
2,9,195,283,-366,0
2,9,195,283,-366,18
2,9,195,284,-366,0
2,9,195,284,-366,18
2,9,195,285,-366,18
2,9,195,286,-366,0
2,9,195,286,-366,18
2,9,195,287,-366,18
2,9,195,288,-366,18
2,9,195,289,-366,18
2,9,195,290,-366,0
2,9,195,290,-366,18
2,9,195,291,-366,18
2,9,195,292,-366,18
2,9,195,293,-366,18
2,9,195,294,-366,18
2,9,195,295,-366,18
2,9,195,296,-366,18
2,9,195,297,-366,18
2,9,195,298,-366,18
2,9,195,299,-366,18
2,9,195,300,-366,18
2,9,195,301,-366,18
2,9,195,302,-366,18
2,9,195,303,-366,18
2,9,195,304,-366,18
2,9,195,305,-366,18
2,9,195,306,-366,18
2,9,195,307,-366,18
2,9,195,308,-366,18
2,9,195,309,-366,18
2,9,195,310,-366,18
2,9,195,311,-366,0
2,9,195,311,-366,18
2,9,195,312,-366,18
2,9,195,313,-366,18
2,9,195,314,-366,18
2,9,195,315,-366,18
2,9,195,316,-366,18
2,9,195,317,-366,18
2,9,195,318,-366,-8
2,9,195,318,-366,18
2,9,195,319,-366,18
2,9,195,320,-366,0
2,9,195,320,-366,18
2,9,195,323,-500,0
2,9,195,323,-366,-8
2,9,195,325,-366,-8
2,9,195,326,-366,0
2,9,196,316,-340,0
2,9,196,322,-340,0
2,9,196,323,-392,0
2,9,197,275,-340,0
2,9,197,278,-340,0
2,9,197,279,-340,0
2,9,197,286,-340,0
2,9,197,290,-340,0
2,9,197,295,-340,0
2,9,197,299,-340,0
2,9,197,301,-340,0
2,9,197,304,-340,0
2,9,197,305,-340,0
2,9,197,306,-340,0
2,9,197,308,-500,0
2,9,197,308,-340,0
2,9,197,313,-340,0
2,9,197,314,-490,97
2,9,197,315,-492,85
2,9,197,315,-340,0
2,9,197,317,-500,0
2,9,197,317,-340,0
2,9,197,318,-340,0
2,9,197,319,-340,0
2,9,197,320,-340,0
2,9,197,321,-340,0
2,9,197,322,-340,0
2,9,197,323,-444,0
2,9,197,323,-392,0
2,9,198,314,-490,97
2,9,198,323,-500,0
2,9,199,323,-500,0
2,9,200,322,-500,11
2,11,107,332,-21,-14
2,11,107,336,-49,-92
2,11,119,334,-263,-26
2,11,122,338,-101,-152
2,11,123,326,-319,-275
2,11,123,338,-87,-130
2,11,124,331,-21,15
2,11,125,327,-88,-246
2,11,125,339,-162,-86
2,11,127,332,-234,-318
2,11,127,332,-23,-11
2,11,127,333,-253,-400
2,11,127,333,51,-230
2,11,128,331,-26,0
2,11,128,331,-23,11
2,11,128,331,26,-1
2,11,128,331,217,-362
2,11,129,331,0,0
2,11,129,331,26,0
2,11,129,331,51,-59
2,11,129,331,58,-296
2,11,129,331,225,-355
2,11,129,332,-279,-279
2,11,129,332,-233,-285
2,11,129,332,-16,-20
2,11,129,332,0,0
2,11,129,339,182,-36
2,11,130,331,0,0
2,11,130,331,24,-10
2,11,130,331,25,2
2,11,130,331,55,-88
2,11,130,331,80,-103
2,11,130,331,95,-42
2,11,130,333,-217,-265
2,11,130,333,-24,-10
2,11,130,333,0,0
2,11,131,332,-108,-433
2,11,131,332,70,-468
2,11,131,337,-53,-175
2,11,131,338,-141,-155
2,11,132,325,-132,126
2,11,132,331,22,12
2,11,132,331,22,13
2,11,132,331,130,0
2,11,132,333,-107,-325
2,11,132,335,-146,-309
2,11,132,339,-111,-111
2,11,133,331,22,13
2,11,133,331,130,0
2,11,133,332,-58,-337
2,11,133,338,-418,-51
2,11,134,336,119,-139
2,11,135,336,-94,-157
2,11,135,337,-61,-172
2,11,136,331,23,11
2,11,136,331,112,-67
2,11,136,331,130,0
2,11,136,331,138,74
2,11,136,337,-80,-103
2,11,136,339,-233,-46
2,11,137,331,26,-1
2,11,138,338,-26,-74
2,11,138,339,-353,177
2,11,138,339,-26,0
2,11,138,339,-25,-6
2,11,138,339,13,-22
2,11,138,339,156,15
2,11,139,331,-24,10
2,11,139,339,156,15
2,11,140,325,-285,56
2,11,141,339,140,35
2,11,142,334,-19,-260
2,11,148,311,-132,400
2,11,149,334,419,41
2,11,151,299,-137,453
2,11,152,329,-183,0
2,11,152,343,428,-129
2,11,155,340,297,297
2,11,156,328,-193,213
2,11,156,378,-201,-427
2,11,157,307,-494,-74
2,11,157,377,-212,-424
2,11,157,383,-203,-457
2,11,158,367,-170,162
2,11,158,377,-224,-418
2,11,158,382,-212,-451
2,11,160,381,-224,-447
2,11,161,317,-500,0
2,11,161,355,-290,0
2,11,162,309,-498,-37
2,11,162,310,-498,-37
2,11,162,314,-500,0
2,11,163,309,-500,0
2,11,166,310,-500,0
2,11,166,311,-500,0
2,11,167,310,-500,0
2,11,167,311,-500,0
2,11,167,312,-500,-25
2,11,167,313,-500,-25
2,11,168,344,-157,3
2,11,169,312,-500,0
2,11,171,312,-497,0
2,11,171,313,-497,0
2,11,171,314,-497,0
2,11,172,312,-500,11
2,11,172,322,-495,36
2,11,173,384,-447,0
2,11,174,329,-428,129
2,11,175,330,-433,108
2,11,176,314,-471,-11
2,11,176,332,-441,76
2,11,176,332,-439,87
2,11,177,316,-471,0
2,11,177,317,-500,0
2,11,177,328,-500,0
2,11,177,328,-494,74
2,11,178,319,-471,-11
2,11,178,342,-361,345
2,11,179,316,-444,0
2,11,179,323,-500,0
2,11,180,328,-500,0
2,11,180,328,-498,48
2,11,181,320,-444,0
2,11,181,321,-444,0
2,11,181,323,-500,0
2,11,181,327,-498,37
2,11,181,328,-500,0
2,11,181,328,-498,-37
2,11,181,332,-466,81
2,11,181,388,-473,0
2,11,182,317,-490,97
2,11,182,319,-444,10
2,11,182,320,-444,10
2,11,182,321,-444,-22
2,11,182,321,-444,-10
2,11,183,318,-444,10
2,11,183,319,-444,10
2,11,184,322,-418,0
2,11,184,323,-471,0
2,11,184,323,-418,0
2,11,185,303,-335,371
2,11,185,311,-359,343
2,11,185,312,-359,343
2,11,185,312,-351,351
2,11,185,313,-359,343
2,11,185,313,-351,351
2,11,185,314,-359,343
2,11,185,314,-351,351
2,11,185,315,-359,343
2,11,185,315,-351,351
2,11,185,316,-351,351
2,11,185,317,-359,343
2,11,185,317,-351,351
2,11,185,318,-351,351
2,11,185,319,-359,343
2,11,185,319,-351,351
2,11,185,320,-359,343
2,11,185,320,-351,351
2,11,185,321,-418,0
2,11,185,321,-359,343
2,11,185,321,-351,351
2,11,185,322,-418,0
2,11,185,322,-359,343
2,11,185,322,-351,351
2,11,185,323,-500,0
2,11,185,323,-444,0
2,11,185,323,-359,343
2,11,185,323,-351,351
2,11,185,324,-359,343
2,11,185,324,-351,351
2,11,185,325,-359,343
2,11,185,326,-359,343
2,11,185,326,-351,351
2,11,185,327,-359,343
2,11,185,327,-351,351
2,11,185,328,-359,343
2,11,185,328,-351,351
2,11,185,329,-351,351
2,11,185,330,-359,343
2,11,185,330,-351,351
2,11,185,331,-351,351
2,11,185,332,-359,343
2,11,185,332,-351,351
2,11,185,334,-359,343
2,11,185,334,-351,351
2,11,185,335,-359,343
2,11,185,335,-351,351
2,11,185,337,-359,343
2,11,185,337,-351,351
2,11,185,338,-359,343
2,11,185,339,-359,343
2,11,185,339,-351,351
2,11,185,340,-359,343
2,11,185,340,-351,351
2,11,186,303,-344,358
2,11,186,304,-344,358
2,11,186,321,-500,0
2,11,186,321,-418,21
2,11,186,322,-418,0
2,11,186,324,-418,0
2,11,186,325,-418,0
2,11,186,327,-344,358
2,11,186,330,-344,358
2,11,186,403,-345,-361
2,11,187,316,-490,97
2,11,187,321,-418,21
2,11,187,322,-418,21
2,11,187,323,-444,0
2,11,187,326,-418,0
2,11,188,316,-490,97
2,11,188,316,-340,325
2,11,188,317,-492,85
2,11,188,317,-340,325
2,11,188,318,-340,325
2,11,188,319,-340,325
2,11,188,320,-340,325
2,11,188,321,-340,325
2,11,188,323,-444,0
2,11,188,323,-418,0
2,11,188,323,-340,325
2,11,188,324,-500,0
2,11,188,324,-340,325
2,11,188,325,-340,325
2,11,188,326,-418,0
2,11,188,326,-340,325
2,11,188,327,-340,325
2,11,188,329,-340,325
2,11,188,331,-340,325
2,11,188,332,-340,325
2,11,188,334,-340,325
2,11,188,336,-340,325
2,11,188,337,-340,325
2,11,189,316,-488,109
2,11,189,317,-492,85
2,11,189,318,-470,57
2,11,189,321,-392,8
2,11,189,323,-418,0
2,11,190,310,-371,335
2,11,190,313,-371,335
2,11,190,314,-371,335
2,11,190,318,-371,335
2,11,190,319,-472,46
2,11,190,321,-392,8
2,11,190,321,-371,335
2,11,190,323,-500,0
2,11,190,325,-371,335
2,11,190,326,-371,335
2,11,190,356,-500,0
2,11,191,317,-494,74
2,11,191,388,-500,0
2,11,193,384,-500,0
2,11,194,328,-500,0
2,11,195,388,-500,0
2,11,198,384,-500,0
2,11,199,384,-500,0
2,11,200,356,-500,0
2,12,85,459,-302,0
2,12,85,474,-60,-496
2,12,87,478,-66,-442
2,12,88,459,-407,0
2,12,89,475,-167,-470
2,12,90,459,-485,0
2,12,90,479,-144,-478
2,12,92,477,-212,-451
2,12,93,475,-232,-410
2,12,95,365,-25,-6
2,12,95,470,-283,-271
2,12,96,471,-361,-345
2,12,99,369,-70,-169
2,12,103,367,-117,-207
2,12,104,364,94,-157
2,12,122,328,-296,402
2,12,131,362,-190,-404
2,12,136,365,-45,-257
2,12,139,338,0,447
2,12,139,349,0,209
2,12,139,351,-5,25
2,12,139,361,-26,-2
2,12,139,361,-26,-1
2,12,139,365,-12,-23
2,12,139,365,0,0
2,12,139,366,-12,-23
2,12,139,366,0,0
2,12,139,368,-273,-182
2,12,139,368,-74,-138
2,12,139,368,0,0
2,12,139,370,-74,-138
2,12,139,371,-189,-119
2,12,139,371,-74,-138
2,12,139,371,0,-130
2,12,140,320,-109,488
2,12,140,321,-121,484
2,12,140,354,0,26
2,12,140,364,-13,-22
2,12,140,370,-149,-248
2,12,142,310,-109,488
2,12,142,373,156,15
2,12,142,384,239,159
2,12,143,312,-144,478
2,12,143,329,-97,490
2,12,143,390,307,204
2,12,145,323,-132,482
2,12,145,383,312,30
2,12,146,398,338,33
2,12,148,314,-121,484
2,12,148,315,-121,484
2,12,148,316,-121,484
2,12,148,346,-108,433
2,12,148,348,-108,433
2,12,148,352,-108,433
2,12,148,364,-108,433
2,12,148,369,-108,433
2,12,149,318,-121,484
2,12,150,314,-132,482
2,12,150,317,-132,482
2,12,150,374,-151,393
2,12,151,370,-150,421
2,12,151,374,-171,385
2,12,152,371,-171,414
2,12,153,313,-121,484
2,12,153,351,-144,478
2,12,154,370,338,33
2,12,154,380,-227,322
2,12,155,370,-190,403
2,12,156,315,-178,377
2,12,156,337,-306,394
2,12,156,338,-306,394
2,12,156,362,-277,416
2,12,156,366,-306,394
2,12,156,383,-96,123
2,12,158,365,-172,200
2,12,159,360,-227,216
2,12,159,375,-266,360
2,12,159,377,-258,332
2,12,159,377,-250,339
2,12,160,363,-195,215
2,12,160,367,-194,249
2,12,160,377,-266,325
2,12,160,378,-266,325
2,12,160,378,-176,194
2,12,160,379,-275,319
2,12,161,370,457,44
2,12,161,373,-272,386
2,12,161,373,-266,360
2,12,161,378,-300,332
2,12,162,361,-212,234
2,12,162,366,-283,312
2,12,162,373,-274,353
2,12,163,358,-326,378
2,12,163,361,-326,378
2,12,163,363,-326,378
2,12,163,367,-345,361
2,12,163,369,-345,361
2,12,163,371,-290,373
2,12,163,374,-283,346
2,12,163,375,-309,358
2,12,163,375,-292,339
2,12,164,365,-277,416
2,12,164,368,-272,386
2,12,164,374,-309,358
2,12,165,362,-300,332
2,12,165,369,-290,373
2,12,166,369,-300,366
2,12,167,361,-361,345
2,12,167,362,-361,345
2,12,167,362,-345,361
2,12,167,363,-361,345
2,12,167,364,-361,345
2,12,167,367,-361,345
2,12,167,374,-345,361
2,12,167,377,216,405
2,12,167,394,-395,-20
2,12,168,355,-300,160
2,12,168,356,-500,0
2,12,168,361,-345,361
2,12,168,362,-287,408
2,12,168,367,-361,345
2,12,169,377,216,405
2,12,169,400,-210,-392
2,12,169,401,-148,-277
2,12,170,365,-345,361
2,12,170,393,-421,0
2,12,171,358,-361,345
2,12,171,361,-345,361
2,12,171,362,-378,326
2,12,171,365,-345,361
2,12,171,366,-345,361
2,12,171,393,-457,125
2,12,171,394,-419,-31
2,12,171,404,0,-183
2,12,171,407,0,-444
2,12,171,407,0,-340
2,12,171,407,0,-287
2,12,171,415,0,-500
2,12,171,415,0,-444
2,12,171,416,-224,-447
2,12,171,417,0,-500
2,12,171,418,0,-500
2,12,172,363,-287,408
2,12,172,380,0,447
2,12,172,420,-421,0
2,12,174,354,-353,353
2,12,174,356,-353,353
2,12,174,357,-353,353
2,12,174,360,-353,353
2,12,174,363,-353,353
2,12,174,364,-353,353
2,12,175,354,-353,353
2,12,175,356,-371,335
2,12,175,358,-353,353
2,12,175,360,-371,335
2,12,175,361,-353,353
2,12,175,364,-353,353
2,12,175,392,-335,-371
2,12,176,367,-361,345
2,12,176,372,-402,296
2,12,176,383,-335,371
2,12,176,392,-148,449
2,12,177,352,-353,353
2,12,177,358,-353,353
2,12,177,363,-345,361
2,12,178,350,-361,345
2,12,178,350,-353,353
2,12,178,351,-361,345
2,12,178,351,-353,353
2,12,178,352,-353,353
2,12,178,353,-361,345
2,12,178,353,-353,353
2,12,178,354,-361,345
2,12,178,354,-353,353
2,12,178,355,-371,335
2,12,178,357,-361,345
2,12,178,357,-353,353
2,12,178,358,-353,353
2,12,178,359,-335,371
2,12,178,360,-361,345
2,12,179,352,-287,408
2,12,179,357,-361,345
2,12,179,384,-500,0
2,12,180,355,-361,345
2,12,180,387,-361,345
2,12,180,387,-335,371
2,12,180,391,-361,345
2,12,180,395,-361,345
2,12,181,349,-353,353
2,12,181,350,-353,353
2,12,181,351,-353,353
2,12,181,351,-287,408
2,12,181,354,-353,353
2,12,181,355,-353,353
2,12,181,355,-345,361
2,12,181,365,-345,361
2,12,181,368,-345,361
2,12,181,369,-345,361
2,12,181,386,-361,345
2,12,181,386,-335,371
2,12,181,387,-335,371
2,12,181,388,-473,0
2,12,182,337,-361,345
2,12,182,348,-287,408
2,12,182,349,-378,326
2,12,182,351,-353,353
2,12,182,354,-361,345
2,12,182,354,-353,353
2,12,182,355,-500,0
2,12,182,357,-353,353
2,12,182,367,-353,353
2,12,182,368,-353,353
2,12,182,375,-361,345
2,12,183,330,-335,371
2,12,183,354,-361,345
2,12,183,417,-345,-361
2,12,184,352,-361,345
2,12,184,361,-353,353
2,12,184,362,-345,361
2,12,184,375,-361,345
2,12,184,414,-394,-306
2,12,184,417,-361,-345
2,12,185,342,-359,343
2,12,185,342,-351,351
2,12,185,343,-359,343
2,12,185,343,-351,351
2,12,185,344,-359,343
2,12,185,344,-351,351
2,12,185,345,-359,343
2,12,185,345,-351,351
2,12,185,346,-359,343
2,12,185,346,-351,351
2,12,185,347,-359,343
2,12,185,347,-351,351
2,12,185,348,-359,343
2,12,185,348,-351,351
2,12,185,349,-359,343
2,12,185,349,-351,351
2,12,185,350,-361,345
2,12,185,350,-359,343
2,12,185,350,-351,351
2,12,185,351,-351,351
2,12,185,352,-359,343
2,12,185,352,-351,351
2,12,185,352,-344,358
2,12,185,353,-359,343
2,12,185,353,-351,351
2,12,185,354,-359,343
2,12,185,354,-351,351
2,12,185,354,-334,368
2,12,185,355,-359,343
2,12,185,355,-351,351
2,12,185,356,-359,343
2,12,185,356,-351,351
2,12,185,357,-359,343
2,12,185,357,-351,351
2,12,185,363,-353,353
2,12,185,364,-345,361
2,12,185,365,-353,353
2,12,185,365,-345,361
2,12,185,414,-408,-287
2,12,185,417,-378,-326
2,12,185,438,-345,-361
2,12,186,341,-344,358
2,12,186,342,-359,343
2,12,186,343,-344,358
2,12,186,344,-344,358
2,12,186,345,-344,358
2,12,186,346,-344,358
2,12,186,347,-344,358
2,12,186,348,-344,358
2,12,186,349,-345,361
2,12,186,349,-344,358
2,12,186,350,-359,343
2,12,186,352,-334,368
2,12,186,357,-359,343
2,12,186,360,-378,326
2,12,186,361,-378,326
2,12,186,364,-353,353
2,12,186,364,-345,361
2,12,186,403,-345,-361
2,12,186,409,-474,-156
2,12,186,410,-474,-156
2,12,187,357,-369,333
2,12,187,357,-359,343
2,12,188,342,-340,325
2,12,188,344,-340,325
2,12,188,347,-333,332
2,12,188,351,-340,325
2,12,188,352,-340,325
2,12,188,353,-340,325
2,12,188,354,-340,325
2,12,188,357,-386,316
2,12,188,364,-408,287
2,12,188,379,-386,316
2,12,188,407,-496,-60
2,12,188,408,-490,-97
2,12,188,411,-462,-191
2,12,189,360,-394,306
2,12,189,363,-408,287
2,12,189,408,-490,-97
2,12,189,409,-484,-121
2,12,189,409,-482,-132
2,12,190,341,-371,335
2,12,190,342,-371,335
2,12,190,343,-371,335
2,12,190,344,-371,335
2,12,190,345,-371,335
2,12,190,346,-371,335
2,12,190,351,-371,335
2,12,190,353,-371,335
2,12,190,355,-378,326
2,12,190,356,-378,326
2,12,190,357,-378,326
2,12,190,362,-408,287
2,12,190,411,-474,-156
2,12,190,411,-470,-167
2,12,191,359,-394,306
2,12,191,361,-408,287
2,12,191,388,-500,0
2,12,192,360,-402,296
2,12,192,361,-408,287
2,12,193,384,-500,0
2,12,193,388,-500,0
2,12,198,384,-500,0
2,12,198,388,-500,0
2,12,198,392,-500,0
2,12,199,380,-500,0
2,12,199,384,-500,0
2,12,200,384,-500,0
2,87,89,2829,-103,154
2,87,107,2828,0,0
2,87,107,2829,-180,107
2,87,107,2829,-23,-12
2,87,107,2829,-23,11
2,87,107,2829,-14,-22
2,87,107,2830,-89,97
2,87,107,2830,-29,-43
2,87,107,2830,0,26
2,87,107,2831,-130,111
2,87,107,2831,0,52
2,87,107,2832,-2,-26
2,87,107,2833,0,0
2,87,107,2834,-71,-142
2,87,107,2834,-46,23
2,87,107,2834,-15,21
2,87,107,2834,0,0
2,87,107,2834,0,78
2,87,107,2836,0,104
2,87,107,2837,0,0
2,87,107,2837,0,104
2,87,107,2838,0,340
2,87,107,2840,0,130
2,87,107,2841,0,-26
2,87,107,2842,0,-261
2,87,107,2849,0,-447
2,87,107,2849,0,-290
2,87,107,2859,0,-421
2,87,107,2861,0,-447
2,87,107,2868,-109,-488
2,87,108,2830,-237,-17
2,87,108,2842,161,302
2,87,108,2843,130,243
2,87,110,2847,229,153
2,87,110,2876,-109,-488
2,87,111,2847,282,188
2,87,113,2838,-142,-283
2,87,114,2877,-109,-488
2,87,116,2860,-119,-432
2,87,117,2886,-121,-484
2,87,118,2864,-137,-453
2,87,118,2879,-156,-474
2,87,120,2858,-182,-409
2,87,120,2884,-156,-474
2,87,121,2838,-76,306
2,87,124,2831,122,204
2,87,124,2840,-106,322
2,87,125,2829,143,117
2,87,127,2828,138,74
2,87,127,2830,-225,183
2,87,127,2830,103,154
2,87,129,2828,201,66
2,87,129,2838,-121,292
2,87,130,2828,128,25
2,87,130,2830,164,171
2,87,130,2840,-139,313
2,87,131,2834,-139,313
2,87,131,2837,-16,316
2,87,132,2834,123,262
2,87,132,2838,-75,334
2,87,133,2856,-335,-371
2,87,134,2828,-262,123
2,87,134,2828,-210,112
2,87,136,2832,22,234
2,87,136,2869,-345,-361
2,87,139,2839,0,26
2,87,139,2865,-345,-361
2,87,140,2833,-141,250
2,87,144,2853,-345,-361
2,87,144,2869,-335,-371
2,87,145,2834,-323,-115
2,87,145,2857,-335,-371
2,87,145,2861,-345,-361
2,87,146,2853,-345,-361
2,87,146,2857,-335,-371
2,87,146,2861,-345,-361
2,87,146,2864,-345,-361
2,87,146,2872,-345,-361
2,87,147,2857,-335,-371
2,87,147,2861,-345,-361
2,87,148,2864,-345,-361
2,87,153,2861,-345,-361
2,87,155,2845,-191,-183
2,87,156,2864,-353,-353
2,87,157,2864,-345,-361
2,87,160,2836,-439,-87
2,87,160,2868,-353,-353
2,87,160,2868,-345,-361
2,87,161,2826,-298,-106
2,87,163,2838,-432,-119
2,87,164,2836,-439,-87
2,87,164,2838,-369,-142
2,87,165,2857,-300,-332
2,87,166,2820,-287,21
2,87,166,2825,-287,14
2,87,166,2836,-367,-207
2,87,166,2842,-418,-224
2,87,168,2815,-260,19
2,87,168,2825,-261,13
2,87,168,2827,-407,0
2,87,168,2837,-403,-121
2,87,168,2838,-393,-151
2,87,169,2842,-424,-212
2,87,170,2841,-409,-182
2,87,170,2846,-361,-345
2,87,171,2840,-421,-150
2,87,172,2820,-421,0
2,87,173,2819,-447,0
2,87,173,2827,-447,0
2,87,173,2839,-484,-121
2,87,173,2841,-417,-160
2,87,175,2824,-234,17
2,87,175,2836,-358,-80
2,87,175,2846,-316,-386
2,87,175,2850,-335,-371
2,87,176,2850,-335,-371
2,87,176,2851,-335,-371
2,87,176,2856,-345,-361
2,87,177,2818,-473,10
2,87,177,2820,-473,0
2,87,177,2827,-473,0
2,87,177,2836,-332,-74
2,87,177,2850,-335,-371
2,87,177,2861,-345,-361
2,87,179,2854,-326,-378
2,87,179,2859,-345,-361
2,87,179,2861,-345,-361
2,87,180,2820,-418,0
2,87,180,2827,-500,0
2,87,180,2867,-353,-353
2,87,181,2818,-473,10
2,87,181,2820,-473,0
2,87,181,2827,-473,0
2,87,181,2853,-361,-345
2,87,181,2858,-345,-361
2,87,182,2827,-500,0
2,87,182,2842,-484,-121
2,87,183,2820,-471,0
2,87,183,2841,-488,-109
2,87,183,2842,-484,-121
2,87,183,2845,-361,-345
2,87,187,2841,-408,-287
2,87,187,2842,-482,-132
2,87,187,2843,-482,-132
2,87,187,2845,-361,-345
2,87,188,2842,-457,-203
2,87,188,2845,-361,-345
2,87,188,2846,-316,-386
2,87,189,2845,-361,-345
2,87,190,2827,-431,-107
2,87,193,2833,-466,-179
2,87,195,2834,-466,-179
2,114,68,3577,0,500
2,114,70,3591,361,345
2,114,72,3602,0,447
2,114,85,3607,-17,342
2,114,92,3606,0,395
2,114,100,3598,0,447
2,114,100,3602,0,447
2,114,111,3602,0,447
2,114,112,3576,0,500
2,114,114,3596,-345,361
2,114,122,3694,160,241
2,114,124,3596,-6,264
2,114,124,3598,0,447
2,114,126,3692,-7,78
2,114,126,3703,-190,285
2,114,127,3692,-150,-106
2,114,129,3591,-361,345
2,114,129,3696,73,223
2,114,129,3703,-151,365
2,114,130,3615,17,342
2,114,130,3692,179,49
2,114,130,3698,-141,341
2,114,130,3700,0,0
2,114,131,3611,0,369
2,114,131,3696,-197,279
2,114,131,3699,-137,453
2,114,131,3700,-26,1
2,114,131,3700,130,0
2,114,132,3693,114,109
2,114,132,3696,-162,302
2,114,132,3696,-154,306
2,114,132,3696,-139,313
2,114,132,3696,-123,319
2,114,132,3700,-242,-161
2,114,132,3700,-150,-279
2,114,132,3700,-26,3
2,114,132,3700,-19,261
2,114,132,3700,0,0
2,114,132,3700,22,-13
2,114,132,3700,23,10
2,114,132,3700,62,83
2,114,132,3700,78,0
2,114,132,3704,58,390
2,114,133,3693,-347,123
2,114,133,3693,114,126
2,114,133,3693,123,136
2,114,133,3694,-57,173
2,114,133,3695,20,209
2,114,133,3698,-177,353
2,114,134,3698,-41,340
2,114,134,3698,-33,341
2,114,135,3692,-117,62
2,114,135,3692,80,120
2,114,135,3692,128,68
2,114,135,3696,11,156
2,114,135,3700,-75,250
2,114,135,3700,0,0
2,114,135,3700,13,21
2,114,135,3700,22,12
2,114,135,3700,23,12
2,114,135,3700,26,0
2,114,135,3700,44,64
2,114,136,3692,-141,75
2,114,136,3693,-298,297
2,114,136,3693,-171,155
2,114,136,3694,-75,182
2,114,136,3694,94,142
2,114,136,3695,-83,235
2,114,136,3696,60,242
2,114,136,3700,0,0
2,114,136,3700,22,12
2,114,136,3700,23,312
2,114,136,3700,26,0
2,114,137,3692,-66,98
2,114,137,3693,-73,109
2,114,137,3695,-20,209
2,114,137,3700,0,0
2,114,138,3598,0,287
2,114,138,3692,-105,56
2,114,138,3694,-11,151
2,114,138,3699,-112,-208
2,114,138,3700,10,447
2,114,139,3593,0,238
2,114,139,3598,0,290
2,114,139,3599,0,290
2,114,139,3692,6,51
2,114,139,3694,-387,-77
2,114,139,3695,0,183
2,114,139,3697,-155,-180
2,114,139,3703,-15,-21
2,114,139,3705,0,0
2,114,139,3707,0,-26
2,114,139,3708,0,-26
2,114,139,3710,0,-26
2,114,139,3714,0,-78
2,114,139,3717,0,-395
2,114,139,3722,0,-235
2,114,139,3730,5,-261
2,114,140,3707,-285,-57
2,114,145,3722,-82,-413
2,114,146,3696,266,325
2,114,147,3607,-115,61
2,114,147,3610,-114,378
2,114,147,3717,-114,-378
2,114,147,3722,-112,-407
2,114,148,3627,-78,0
2,114,148,3703,-107,353
2,114,148,3704,-95,314
2,114,148,3721,-121,-403
2,114,148,3727,-119,-432
2,114,149,3626,-78,0
2,114,149,3724,-140,-425
2,114,149,3724,-129,-428
2,114,150,3726,-140,-425
2,114,150,3728,-137,-453
2,114,151,3614,-174,325
2,114,151,3726,-150,-421
2,114,152,3600,-335,371
2,114,152,3725,-171,-414
2,114,152,3726,-170,-442
2,114,152,3727,-170,-442
2,114,153,3608,-199,371
2,114,153,3616,-226,291
2,114,153,3626,-208,20
2,114,154,3627,-207,25
2,114,154,3736,-167,-470
2,114,155,3591,11,500
2,114,155,3736,-287,-408
2,114,156,3729,-287,-408
2,114,159,3700,-337,-150
2,114,160,3639,-212,0
2,114,160,3664,-75,-72
2,114,160,3675,49,60
2,114,161,3601,-277,416
2,114,162,3715,-370,-246
2,114,162,3732,-335,-371
2,114,163,3641,-316,0
2,114,163,3723,-498,37
2,114,164,3732,-345,-361
2,114,167,3719,-500,25
2,114,168,3719,-500,25
2,114,168,3720,-500,25
2,114,169,3700,-407,-112
2,114,170,3688,-421,0
2,114,170,3702,-459,-114
2,114,171,3719,-500,-11
2,114,172,3717,-497,11
2,114,173,3643,-447,0
2,114,173,3717,-495,36
2,114,175,3609,-345,361
2,114,175,3621,-490,97
2,114,176,3702,-457,-126
2,114,177,3641,-472,-46
2,114,177,3641,-472,-35
2,114,177,3643,-473,0
2,114,177,3692,-473,0
2,114,178,3713,-471,23
2,114,178,3714,-471,10
2,114,179,3605,-371,335
2,114,179,3728,-386,-316
2,114,179,3730,-361,-345
2,114,179,3736,-361,-345
2,114,180,3709,-500,0
2,114,181,3641,-472,-46
2,114,181,3656,-473,0
2,114,181,3706,-361,-345
2,114,181,3709,-500,0
2,114,181,3711,-444,0
2,114,181,3714,-492,-85
2,114,181,3722,-361,-345
2,114,182,3700,-478,144
2,114,182,3708,-444,22
2,114,182,3709,-444,22
2,114,182,3712,-444,-10
2,114,182,3724,-417,-250
2,114,183,3691,-353,-353
2,114,183,3709,-444,10
2,114,183,3710,-444,10
2,114,183,3712,-444,10
2,114,183,3714,-353,-353
2,114,183,3715,-353,-353
2,114,183,3724,-405,-242
2,114,183,3724,-353,-353
2,114,183,3730,-353,-353
2,114,184,3620,-500,0
2,114,184,3706,-484,-121
2,114,184,3706,-478,-144
2,114,184,3714,-492,-85
2,114,185,3691,-359,-344
2,114,185,3695,-359,-344
2,114,185,3696,-359,-344
2,114,185,3703,-359,-344
2,114,185,3705,-359,-344
2,114,185,3706,-351,-351
2,114,185,3707,-359,-344
2,114,185,3708,-440,0
2,114,185,3709,-418,0
2,114,185,3709,-359,-344
2,114,185,3710,-418,0
2,114,185,3710,-351,-351
2,114,185,3711,-359,-344
2,114,185,3712,-359,-344
2,114,185,3713,-359,-344
2,114,185,3714,-359,-344
2,114,185,3715,-359,-344
2,114,185,3716,-359,-344
2,114,185,3716,-351,-351
2,114,185,3717,-359,-344
2,114,185,3717,-351,-351
2,114,185,3718,-359,-344
2,114,185,3718,-351,-351
2,114,185,3719,-359,-344
2,114,185,3719,-351,-351
2,114,185,3720,-359,-344
2,114,185,3725,-353,-353
2,114,185,3729,-392,-261
2,114,186,3696,-351,-351
2,114,186,3697,-351,-351
2,114,186,3708,-500,0
2,114,186,3708,-418,0
2,114,186,3710,-418,-21
2,114,186,3710,-418,0
2,114,186,3711,-418,-21
2,114,186,3711,-418,0
2,114,186,3711,-351,-351
2,114,186,3713,-351,-351
2,114,186,3714,-494,-74
2,114,186,3714,-351,-351
2,114,186,3715,-492,-85
2,114,186,3716,-351,-351
2,114,186,3717,-351,-351
2,114,186,3718,-351,-351
2,114,186,3719,-351,-351
2,114,187,3705,-418,0
2,114,187,3706,-418,0
2,114,187,3707,-418,21
2,114,187,3707,-417,30
2,114,187,3708,-500,-11
2,114,187,3708,-418,0
2,114,187,3709,-500,0
2,114,187,3709,-417,30
2,114,187,3711,-418,-21
2,114,187,3715,-492,-85
2,114,188,3620,-500,0
2,114,188,3693,-361,-345
2,114,188,3708,-500,0
2,114,188,3708,-414,0
2,114,188,3709,-500,0
2,114,188,3714,-494,-74
2,114,188,3715,-492,-85
2,114,189,3620,-500,0
2,114,189,3704,-494,74
2,114,189,3707,-392,0
2,114,189,3708,-414,0
2,114,189,3709,-500,0
2,114,189,3712,-340,-325
2,114,189,3715,-494,-74
2,114,189,3715,-492,-85
2,114,189,3723,-340,-325
2,114,190,3620,-500,0
2,114,190,3627,-500,0
2,114,190,3714,-494,-74
2,114,191,3705,-392,0
2,114,192,3684,-500,0
2,114,193,3634,-441,236
2,114,193,3684,-500,0
2,114,193,3688,-500,0
2,114,195,3680,-500,0
2,114,196,3684,-500,0
2,114,198,3645,-500,0
2,114,198,3647,-496,60
2,114,198,3684,-500,0
2,114,198,3688,-500,0
2,114,199,3643,-500,0
2,114,199,3644,-496,60
2,114,199,3652,-500,0
2,114,199,3654,-500,0
2,114,199,3684,-500,0
2,114,200,3647,-500,0
2,114,200,3684,-500,0
2,114,200,3688,-500,0
2,116,107,3767,0,0
2,116,128,3764,-25,6
2,116,131,3758,74,-138
2,116,132,3756,0,-183
2,116,133,3764,29,72
2,116,134,3762,-41,340
2,116,134,3764,0,0
2,116,134,3764,14,21
2,116,134,3764,23,12
2,116,135,3764,0,0
2,116,135,3764,5,78
2,116,135,3764,26,0
2,116,136,3758,-70,169
2,116,136,3758,-44,177
2,116,136,3758,60,201
2,116,136,3760,-98,237
2,116,136,3760,-10,209
2,116,136,3764,0,0
2,116,137,3756,-132,198
2,116,137,3756,-121,99
2,116,137,3757,-80,207
2,116,137,3757,-73,191
2,116,137,3757,-70,169
2,116,137,3757,-66,170
2,116,137,3757,-19,195
2,116,137,3758,-92,239
2,116,137,3759,10,209
2,116,137,3760,10,209
2,116,137,3763,16,326
2,116,137,3763,20,282
2,116,137,3764,0,0
2,116,137,3764,13,21
2,116,137,3764,15,314
2,116,137,3764,17,342
2,116,137,3764,18,369
2,116,138,3756,28,43
2,116,138,3759,-71,171
2,116,138,3760,71,171
2,116,138,3761,-99,-185
2,116,138,3764,-24,-10
2,116,139,3662,0,289
2,116,139,3662,0,447
2,116,139,3675,0,183
2,116,139,3756,-36,37
2,116,139,3756,0,52
2,116,139,3757,49,92
2,116,139,3759,51,91
2,116,139,3763,0,117
2,116,139,3766,0,0
2,116,139,3767,-18,-19
2,116,139,3767,0,0
2,116,139,3767,0,342
2,116,139,3769,-66,-295
2,116,139,3777,0,-290
2,116,140,3672,-20,395
2,116,140,3700,126,34
2,116,141,3756,-139,-119
2,116,143,3760,11,235
2,116,143,3778,-72,-362
2,116,145,3786,-92,-411
2,116,146,3755,-277,148
2,116,148,3767,-107,353
2,116,149,3771,419,41
2,116,149,3783,-248,-372
2,116,155,3742,-191,-183
2,116,155,3754,-126,-170
2,116,157,3717,-212,0
2,116,158,3718,-212,0
2,116,159,3667,-262,394
2,116,159,3717,-185,0
2,116,159,3751,-158,-175
2,116,163,3718,-237,-17
2,116,166,3786,-500,0
2,116,167,3749,-418,0
2,116,168,3784,-500,25
2,116,170,3707,-421,0
2,116,170,3709,-421,0
2,116,171,3783,-497,0
2,116,176,3744,-471,0
2,116,176,3745,-471,0
2,116,176,3748,-471,0
2,116,176,3752,-471,0
2,116,176,3754,-471,0
2,116,176,3779,-471,0
2,116,176,3781,-471,0
2,116,177,3709,-473,0
2,116,177,3710,-457,125
2,116,177,3781,-471,0
2,116,178,3710,-471,23
2,116,178,3720,-471,23
2,116,178,3722,-471,23
2,116,178,3723,-471,23
2,116,178,3725,-471,23
2,116,178,3744,-471,23
2,116,178,3749,-471,23
2,116,178,3762,-471,23
2,116,180,3684,-500,0
2,116,180,3709,-444,0
2,116,181,3676,-287,408
2,116,181,3773,-353,-353
2,116,183,3766,-353,-353
2,116,183,3767,-353,-353
2,116,183,3775,-353,-353
2,116,184,3708,-471,10
2,116,184,3776,-353,-353
2,116,185,3680,-500,0
2,116,185,3759,-447,0
2,116,185,3760,-344,-359
2,116,185,3766,-344,-359
2,116,185,3767,-344,-359
2,116,185,3768,-344,-359
2,116,185,3769,-344,-359
2,116,185,3770,-344,-359
2,116,185,3772,-344,-359
2,116,185,3775,-351,-351
2,116,185,3776,-353,-353
2,116,185,3777,-361,-345
2,116,185,3777,-353,-353
2,116,185,3777,-345,-361
2,116,185,3778,-344,-359
2,116,186,3762,-344,-359
2,116,186,3766,-351,-351
2,116,186,3767,-344,-359
2,116,186,3771,-351,-351
2,116,186,3775,-359,-344
2,116,186,3775,-351,-351
2,116,186,3778,-353,-353
2,116,186,3779,-353,-353
2,116,187,3707,-417,30
2,116,187,3708,-417,30
2,116,187,3709,-417,30
2,116,187,3710,-417,30
2,116,187,3711,-418,-21
2,116,187,3711,-417,30
2,116,187,3712,-418,-21
2,116,187,3712,-418,0
2,116,187,3712,-417,30
2,116,187,3713,-417,30
2,116,187,3714,-417,30
2,116,187,3715,-417,30
2,116,187,3716,-417,30
2,116,187,3717,-417,30
2,116,187,3718,-417,30
2,116,187,3719,-417,30
2,116,187,3720,-417,30
2,116,187,3721,-417,30
2,116,187,3722,-417,30
2,116,187,3723,-417,30
2,116,187,3724,-417,30
2,116,187,3725,-417,30
2,116,187,3726,-417,30
2,116,187,3727,-417,30
2,116,187,3728,-417,30
2,116,187,3729,-417,30
2,116,187,3730,-417,30
2,116,187,3731,-417,30
2,116,187,3732,-417,30
2,116,187,3733,-417,30
2,116,187,3734,-417,30
2,116,187,3735,-417,30
2,116,187,3736,-417,30
2,116,187,3737,-417,30
2,116,187,3738,-417,30
2,116,187,3739,-417,30
2,116,187,3740,-417,30
2,116,187,3742,-417,30
2,116,187,3743,-417,30
2,116,187,3744,-418,0
2,116,187,3744,-417,30
2,116,187,3745,-417,30
2,116,187,3746,-417,30
2,116,187,3747,-417,30
2,116,187,3748,-417,30
2,116,187,3749,-417,30
2,116,187,3750,-418,0
2,116,187,3750,-417,30
2,116,187,3751,-418,0
2,116,187,3751,-417,30
2,116,187,3752,-417,30
2,116,187,3753,-417,30
2,116,187,3760,-418,0
2,116,187,3771,-418,0
2,116,187,3772,-418,0
2,116,187,3778,-353,-353
2,116,187,3780,-345,-361
2,116,188,3780,-361,-345
2,116,188,3780,-353,-353
2,116,189,3703,-478,144
2,116,189,3747,-392,0
2,116,189,3763,-392,0
2,116,190,3684,-500,0
2,116,190,3708,-392,0
2,116,190,3709,-500,0
2,116,190,3710,-392,-9
2,116,190,3710,-392,0
2,116,190,3711,-392,-9
2,116,190,3711,-392,0
2,116,191,3697,-478,144
2,116,191,3698,-478,144
2,116,191,3708,-500,0
2,116,191,3708,-392,0
2,116,191,3711,-392,-9
2,116,191,3711,-392,0
2,116,191,3713,-392,-9
2,116,191,3714,-392,-9
2,116,191,3752,-392,0
2,116,191,3761,-392,19
2,116,192,3754,-500,0
2,116,193,3709,-500,0
2,116,193,3747,-366,0
2,116,193,3763,-366,0
2,116,194,3708,-366,0
2,116,194,3710,-366,-8
2,116,194,3710,-366,0
2,116,194,3711,-366,-8
2,116,194,3711,-366,0
2,116,194,3714,-366,-8
2,116,195,3706,-366,18
2,116,195,3707,-366,18
2,116,195,3708,-366,0
2,116,195,3708,-366,18
2,116,195,3709,-366,18
2,116,195,3710,-366,18
2,116,195,3711,-366,-8
2,116,195,3711,-366,0
2,116,195,3711,-366,18
2,116,195,3712,-366,-8
2,116,195,3712,-366,0
2,116,195,3712,-366,18
2,116,195,3713,-366,-8
2,116,195,3713,-366,18
2,116,195,3714,-366,18
2,116,195,3715,-366,18
2,116,195,3716,-366,18
2,116,195,3717,-366,18
2,116,195,3718,-366,18
2,116,195,3719,-366,18
2,116,195,3720,-366,18
2,116,195,3721,-366,18
2,116,195,3722,-366,18
2,116,195,3723,-366,18
2,116,195,3724,-366,18
2,116,195,3725,-366,18
2,116,195,3726,-366,18
2,116,195,3727,-366,18
2,116,195,3728,-366,18
2,116,195,3729,-366,18
2,116,195,3730,-366,18
2,116,195,3731,-366,18
2,116,195,3732,-366,18
2,116,195,3733,-366,18
2,116,195,3734,-366,0
2,116,195,3734,-366,18
2,116,195,3735,-366,18
2,116,195,3736,-366,18
2,116,195,3737,-366,18
2,116,195,3738,-366,18
2,116,195,3739,-366,18
2,116,195,3740,-366,0
2,116,195,3740,-366,18
2,116,195,3741,-366,18
2,116,195,3742,-366,18
2,116,195,3743,-366,18
2,116,195,3744,-366,0
2,116,195,3744,-366,18
2,116,195,3745,-366,18
2,116,195,3746,-366,18
2,116,195,3747,-366,18
2,116,195,3748,-366,18
2,116,195,3749,-366,18
2,116,195,3750,-366,0
2,116,195,3750,-366,18
2,116,195,3751,-366,0
2,116,195,3751,-366,18
2,116,195,3752,-366,0
2,116,195,3752,-366,18
2,116,195,3757,-366,-8
2,116,195,3760,-366,0
2,116,195,3761,-366,18
2,116,196,3696,-478,144
2,116,196,3696,-466,179
2,116,196,3697,-478,144
2,116,196,3708,-500,0
2,116,196,3758,-470,57
2,116,197,3709,-500,0
2,116,197,3709,-340,-8
2,116,197,3709,-340,0
2,116,197,3713,-340,0
2,116,197,3714,-340,0
2,116,197,3715,-340,0
2,116,197,3717,-340,0
2,116,197,3720,-340,0
2,116,197,3727,-340,0
2,116,197,3728,-340,0
2,116,197,3741,-340,0
2,116,197,3742,-340,0
2,116,197,3744,-340,0
2,116,197,3745,-340,0
2,116,197,3746,-340,0
2,116,197,3748,-340,0
2,116,197,3749,-340,0
2,116,197,3750,-340,0
2,116,197,3751,-340,0
2,116,197,3752,-340,0
2,116,197,3754,-500,0
2,116,197,3754,-340,0
2,116,198,3687,-496,60
2,116,198,3700,-478,144
2,116,198,3709,-500,0
2,116,198,3754,-500,0
2,116,198,3759,-369,0
2,116,200,3709,-500,0
2,118,123,3763,-87,-130
2,118,127,3755,-25,-5
2,118,127,3755,25,2
2,118,129,3755,242,-312
2,118,129,3759,0,130
2,118,131,3755,26,1
2,118,132,3755,22,12
2,118,132,3757,-316,-316
2,118,133,3755,22,12
2,118,133,3755,158,-175
2,118,133,3758,-233,-350
2,118,133,3758,-43,-446
2,118,133,3763,-179,-35
2,118,134,3755,0,0
2,118,134,3755,94,-44
2,118,135,3755,23,12
2,118,135,3755,116,-58
2,118,135,3761,-66,-171
2,118,135,3762,-303,-162
2,118,136,3828,-41,32
2,118,136,3828,0,0
2,118,136,3828,23,-12
2,118,137,3755,130,0
2,118,137,3757,13,-261
2,118,137,3820,-121,99
2,118,137,3826,-95,-215
2,118,137,3828,23,-11
2,118,138,3758,-200,-172
2,118,138,3763,-29,-43
2,118,138,3763,-25,-8
2,118,138,3763,0,-52
2,118,138,3820,-121,99
2,118,138,3820,-119,53
2,118,138,3820,-58,86
2,118,139,3712,0,500
2,118,139,3731,0,433
2,118,139,3746,0,238
2,118,139,3763,156,15
2,118,139,3820,0,52
2,118,139,3823,0,183
2,118,139,3828,0,0
2,118,139,3831,-15,-21
2,118,139,3834,-3,-26
2,118,140,3820,-203,-50
2,118,141,3819,155,-19
2,118,141,3820,-200,-60
2,118,142,3821,66,-81
2,118,145,3733,-92,411
2,118,145,3762,286,27
2,118,153,3799,-159,0
2,118,155,3772,-313,46
2,118,156,3800,-212,0
2,118,157,3809,-157,0
2,118,158,3809,-157,0
2,118,159,3774,-210,200
2,118,159,3801,-211,20
2,118,159,3811,-342,0
2,118,161,3792,-260,-19
2,118,165,3802,-290,14
2,118,166,3802,-342,0
2,118,166,3805,-392,0
2,118,167,3803,-418,0
2,118,167,3805,-418,0
2,118,167,3811,-395,0
2,118,168,3802,-418,0
2,118,168,3811,-395,0
2,118,169,3809,-418,0
2,118,170,3804,-444,0
2,118,170,3811,-421,0
2,118,170,3821,-421,-21
2,118,171,3802,-421,0
2,118,171,3811,-473,0
2,118,171,3811,-421,0
2,118,173,3809,-392,0
2,118,175,3752,-446,158
2,118,176,3764,-471,0
2,118,176,3798,-471,0
2,118,176,3801,-471,0
2,118,176,3803,-471,0
2,118,176,3805,-471,0
2,118,176,3807,-471,0
2,118,176,3809,-471,0
2,118,176,3810,-471,0
2,118,178,3768,-471,23
2,118,178,3775,-471,23
2,118,178,3777,-471,23
2,118,178,3778,-471,23
2,118,178,3788,-471,23
2,118,178,3789,-471,23
2,118,178,3795,-471,23
2,118,178,3799,-471,23
2,118,178,3803,-471,23
2,118,178,3806,-490,97
2,118,178,3806,-471,23
2,118,178,3808,-471,23
2,118,179,3804,-444,0
2,118,180,3810,-444,0
2,118,182,3748,-353,353
2,118,182,3811,-498,-37
2,118,182,3812,-498,-37
2,118,182,3812,-492,-85
2,118,185,3741,-351,351
2,118,185,3744,-351,351
2,118,185,3748,-418,0
2,118,185,3812,-500,-25
2,118,185,3812,-496,-60
2,118,186,3742,-498,48
2,118,186,3812,-500,-25
2,118,186,3812,-496,-60
2,118,187,3746,-417,30
2,118,187,3747,-418,0
2,118,187,3763,-417,30
2,118,187,3764,-417,30
2,118,187,3765,-417,30
2,118,187,3766,-417,30
2,118,187,3767,-417,30
2,118,187,3768,-417,30
2,118,187,3769,-417,30
2,118,187,3770,-417,30
2,118,187,3771,-417,30
2,118,187,3772,-417,30
2,118,187,3773,-417,30
2,118,187,3774,-417,30
2,118,187,3775,-417,30
2,118,187,3776,-417,30
2,118,187,3777,-417,30
2,118,187,3778,-417,30
2,118,187,3779,-417,30
2,118,187,3780,-417,30
2,118,187,3781,-417,30
2,118,187,3782,-417,30
2,118,187,3783,-417,30
2,118,187,3784,-417,30
2,118,187,3785,-417,30
2,118,187,3786,-417,30
2,118,187,3787,-417,30
2,118,187,3788,-417,30
2,118,187,3789,-417,30
2,118,187,3790,-417,30
2,118,187,3791,-417,30
2,118,187,3792,-417,30
2,118,187,3793,-417,30
2,118,187,3794,-417,30
2,118,187,3795,-417,30
2,118,187,3796,-417,30
2,118,187,3797,-417,30
2,118,187,3798,-417,30
2,118,187,3799,-417,30
2,118,187,3800,-417,30
2,118,187,3801,-417,30
2,118,187,3802,-417,30
2,118,187,3803,-417,30
2,118,187,3804,-417,30
2,118,187,3806,-417,30
2,118,187,3807,-417,30
2,118,187,3808,-417,30
2,118,187,3809,-417,30
2,118,187,3811,-444,0
2,118,187,3811,-418,-21
2,118,187,3814,-418,0
2,118,188,3811,-444,0
2,118,189,3748,-392,0
2,118,189,3811,-500,0
2,118,190,3808,-392,0
2,118,190,3809,-392,8
2,118,191,3750,-392,0
2,118,191,3751,-392,0
2,118,191,3752,-392,0
2,118,191,3804,-392,19
2,118,191,3808,-392,0
2,118,191,3809,-392,8
2,118,191,3809,-392,19
2,118,191,3811,-500,0
2,118,192,3754,-500,0
2,118,192,3803,-492,85
2,118,192,3803,-490,97
2,118,192,3805,-500,0
2,118,193,3811,-500,0
2,118,193,3811,-418,0
2,118,194,3804,-366,0
2,118,194,3808,-366,0
2,118,194,3809,-366,8
2,118,194,3809,-366,18
2,118,194,3813,-366,0
2,118,195,3760,-366,0
2,118,195,3761,-366,18
2,118,195,3762,-366,18
2,118,195,3763,-366,18
2,118,195,3764,-366,18
2,118,195,3765,-366,18
2,118,195,3766,-366,18
2,118,195,3767,-366,18
2,118,195,3768,-366,18
2,118,195,3769,-366,18
2,118,195,3770,-366,18
2,118,195,3771,-366,18
2,118,195,3772,-366,18
2,118,195,3773,-366,18
2,118,195,3774,-366,18
2,118,195,3775,-366,18
2,118,195,3776,-366,18
2,118,195,3777,-366,18
2,118,195,3778,-366,18
2,118,195,3779,-366,18
2,118,195,3780,-366,18
2,118,195,3781,-366,18
2,118,195,3782,-366,18
2,118,195,3783,-366,18
2,118,195,3784,-366,18
2,118,195,3785,-366,18
2,118,195,3786,-366,18
2,118,195,3787,-366,18
2,118,195,3788,-366,18
2,118,195,3789,-366,18
2,118,195,3790,-366,18
2,118,195,3791,-366,18
2,118,195,3792,-366,18
2,118,195,3793,-366,18
2,118,195,3794,-366,18
2,118,195,3795,-366,18
2,118,195,3796,-366,18
2,118,195,3797,-366,18
2,118,195,3798,-366,0
2,118,195,3798,-366,18
2,118,195,3799,-366,18
2,118,195,3800,-366,18
2,118,195,3801,-366,18
2,118,195,3802,-366,18
2,118,195,3803,-366,18
2,118,195,3804,-366,18
2,118,195,3805,-366,18
2,118,195,3806,-366,18
2,118,195,3807,-366,18
2,118,195,3808,-366,18
2,118,195,3811,-392,0
2,118,195,3811,-366,-8
2,118,195,3814,-366,0
2,118,196,3804,-340,0
2,118,196,3810,-340,0
2,118,196,3811,-418,0
2,118,196,3811,-392,0
2,118,197,3763,-340,0
2,118,197,3764,-340,0
2,118,197,3768,-340,0
2,118,197,3769,-340,0
2,118,197,3770,-340,0
2,118,197,3774,-340,0
2,118,197,3775,-340,0
2,118,197,3777,-340,0
2,118,197,3778,-340,0
2,118,197,3779,-340,0
2,118,197,3780,-340,0
2,118,197,3782,-340,0
2,118,197,3783,-340,0
2,118,197,3785,-340,0
2,118,197,3792,-340,0
2,118,197,3795,-340,0
2,118,197,3798,-340,0
2,118,197,3800,-340,0
2,118,197,3801,-340,0
2,118,197,3802,-490,97
2,118,197,3802,-340,0
2,118,197,3803,-492,85
2,118,197,3803,-340,0
2,118,197,3805,-500,0
2,118,197,3805,-340,0
2,118,197,3806,-340,0
2,118,197,3807,-340,0
2,118,197,3807,-339,-25
2,118,197,3808,-340,0
2,118,197,3809,-340,0
2,118,197,3809,-340,7
2,118,197,3810,-340,0
2,118,197,3811,-392,0
2,118,197,3814,-366,-18
2,118,198,3759,-369,0
2,118,198,3796,-417,30
2,118,198,3802,-490,97
2,118,198,3811,-500,0
2,118,198,3814,-366,-18
2,118,199,3811,-500,0
2,118,199,3811,-407,0
2,118,200,3763,-447,0
2,118,200,3811,-500,0
2,120,107,3820,-21,-14
2,120,107,3824,0,0
2,120,119,3825,101,-82
2,120,120,3820,-277,148
2,120,121,3822,101,-244
2,120,122,3815,-99,-328
2,120,123,3827,-87,-130
2,120,124,3819,0,0
2,120,124,3827,-154,-30
2,120,125,3819,225,-68
2,120,125,3827,-191,-85
2,120,127,3819,0,0
2,120,127,3820,-234,-318
2,120,127,3820,-26,1
2,120,128,3819,0,0
2,120,128,3819,16,-76
2,120,128,3819,26,-1
2,120,128,3819,49,16
2,120,128,3819,217,-362
2,120,128,3822,-364,-55
2,120,128,3822,-199,-372
2,120,129,3819,25,1
2,120,129,3819,26,0
2,120,129,3819,47,-271
2,120,129,3819,225,-355
2,120,129,3820,-279,-279
2,120,129,3820,-16,-20
2,120,129,3827,-105,-116
2,120,129,3827,182,-36
2,120,130,3819,0,0
2,120,130,3819,21,13
2,120,130,3819,25,2
2,120,130,3819,26,0
2,120,130,3819,77,-105
2,120,130,3819,80,-103
2,120,130,3819,96,-40
2,120,130,3819,97,-37
2,120,130,3819,119,-53
2,120,130,3819,121,-47
2,120,130,3819,134,-81
2,120,130,3821,-217,-265
2,120,130,3821,-24,-10
2,120,130,3821,-17,-19
2,120,130,3821,0,0
2,120,131,3819,130,0
2,120,131,3820,-381,-281
2,120,131,3820,70,-468
2,120,132,3808,-147,108
2,120,132,3819,22,12
2,120,132,3819,22,13
2,120,132,3819,89,128
2,120,132,3822,152,101
2,120,132,3825,-53,-175
2,120,133,3810,-355,225
2,120,133,3826,-418,-51
2,120,133,3827,121,-99
2,120,134,3819,25,3
2,120,135,3819,30,-312
2,120,135,3819,130,0
2,120,135,3823,-446,-43
2,120,135,3823,204,-167
2,120,135,3825,-61,-172
2,120,135,3825,-57,-174
2,120,136,3819,23,-312
2,120,136,3819,23,11
2,120,136,3819,130,0
2,120,137,3808,-19,195
2,120,137,3819,115,-62
2,120,137,3819,164,-87
2,120,137,3821,-472,-35
2,120,137,3826,69,-169
2,120,138,3822,0,-421
2,120,138,3826,2,-104
2,120,138,3827,156,15
2,120,139,3777,0,500
2,120,139,3787,0,500
2,120,139,3790,0,447
2,120,139,3797,0,421
2,120,139,3805,0,290
2,120,139,3818,0,0
2,120,139,3827,-177,-44
2,120,139,3885,0,238
2,120,140,3786,-132,482
2,120,140,3819,-26,-1
2,120,140,3827,108,76
2,120,140,3829,164,109
2,120,142,3811,-298,-298
2,120,142,3821,-409,181
2,120,142,3826,169,-70
2,120,142,3827,-9,-183
2,120,143,3829,185,17
2,120,144,3819,165,77
2,120,146,3812,-303,-91
2,120,147,3875,-66,-333
2,120,149,3769,-121,484
2,120,151,3787,-137,453
2,120,151,3820,66,-336
2,120,152,3771,-156,474
2,120,154,3780,-257,429
2,120,156,3866,-201,-427
2,120,157,3795,-494,-74
2,120,157,3807,-500,0
2,120,158,3870,-212,-451
2,120,160,3805,-261,260
2,120,161,3802,-500,0
2,120,161,3805,-500,0
2,120,162,3797,-498,-37
2,120,166,3797,-500,-25
2,120,166,3798,-500,0
2,120,166,3799,-500,0
2,120,167,3798,-500,0
2,120,167,3799,-500,-25
2,120,167,3800,-500,-25
2,120,168,3818,-403,121
2,120,169,3798,-498,48
2,120,169,3800,-500,0
2,120,169,3833,-366,0
2,120,170,3844,-421,0
2,120,171,3800,-500,11
2,120,171,3800,-497,0
2,120,171,3801,-498,-37
2,120,171,3801,-497,0
2,120,171,3802,-497,0
2,120,172,3800,-497,0
2,120,172,3802,-497,0
2,120,173,3785,-335,371
2,120,173,3800,-497,11
2,120,173,3811,-500,0
2,120,173,3876,-447,0
2,120,175,3818,-433,108
2,120,176,3803,-471,0
2,120,176,3804,-471,0
2,120,177,3803,-471,0
2,120,177,3805,-500,0
2,120,178,3803,-471,10
2,120,178,3807,-471,-11
2,120,179,3804,-444,0
2,120,180,3816,-500,0
2,120,181,3808,-444,0
2,120,181,3809,-444,0
2,120,182,3787,-345,361
2,120,182,3805,-490,97
2,120,182,3807,-444,-10
2,120,182,3807,-444,10
2,120,182,3809,-444,-10
2,120,183,3806,-444,10
2,120,183,3807,-444,10
2,120,184,3810,-418,0
2,120,184,3811,-471,0
2,120,184,3811,-444,0
2,120,184,3819,-482,-132
2,120,185,3791,-335,371
2,120,185,3809,-418,0
2,120,185,3810,-418,0
2,120,185,3810,-359,343
2,120,185,3810,-351,351
2,120,185,3811,-471,0
2,120,185,3811,-359,343
2,120,185,3811,-351,351
2,120,185,3812,-359,343
2,120,185,3812,-351,351
2,120,185,3813,-359,343
2,120,185,3813,-351,351
2,120,185,3814,-359,343
2,120,185,3814,-351,351
2,120,185,3815,-359,343
2,120,185,3815,-351,351
2,120,185,3816,-359,343
2,120,185,3816,-351,351
2,120,185,3817,-359,343
2,120,185,3818,-359,343
2,120,185,3818,-351,351
2,120,185,3819,-359,343
2,120,185,3819,-351,351
2,120,185,3820,-359,343
2,120,185,3820,-351,351
2,120,185,3821,-359,343
2,120,185,3822,-359,343
2,120,185,3822,-351,351
2,120,185,3823,-359,343
2,120,185,3823,-351,351
2,120,185,3824,-351,351
2,120,185,3825,-359,343
2,120,185,3825,-351,351
2,120,185,3828,-359,343
2,120,185,3828,-351,351
2,120,185,3840,-457,203
2,120,186,3791,-344,358
2,120,186,3796,-344,358
2,120,186,3806,-496,60
2,120,186,3808,-418,0
2,120,186,3809,-418,21
2,120,186,3810,-418,0
2,120,186,3811,-472,0
2,120,186,3811,-444,0
2,120,186,3813,-418,0
2,120,186,3820,-353,353
2,120,187,3804,-490,97
2,120,187,3805,-494,74
2,120,187,3806,-470,57
2,120,187,3809,-418,21
2,120,187,3811,-471,0
2,120,187,3811,-466,0
2,120,187,3811,-444,0
2,120,187,3813,-418,-21
2,120,187,3814,-418,0
2,120,188,3804,-490,97
2,120,188,3805,-492,85
2,120,188,3807,-340,325
2,120,188,3808,-340,325
2,120,188,3809,-340,325
2,120,188,3810,-340,325
2,120,188,3811,-500,0
2,120,188,3811,-444,0
2,120,188,3811,-418,0
2,120,188,3811,-340,325
2,120,188,3812,-500,0
2,120,188,3812,-340,325
2,120,188,3813,-340,325
2,120,188,3814,-418,0
2,120,188,3815,-340,325
2,120,188,3817,-340,325
2,120,188,3819,-340,325
2,120,188,3820,-340,325
2,120,188,3821,-340,325
2,120,188,3825,-340,325
2,120,189,3804,-492,85
2,120,189,3804,-488,109
2,120,189,3805,-492,85
2,120,189,3809,-392,8
2,120,189,3810,-392,0
2,120,189,3810,-392,8
2,120,189,3811,-444,0
2,120,189,3811,-418,0
2,120,189,3812,-500,0
2,120,190,3804,-494,74
2,120,190,3804,-492,85
2,120,190,3805,-494,74
2,120,190,3807,-472,46
2,120,190,3809,-392,8
2,120,191,3804,-494,74
2,120,191,3805,-494,74
2,120,194,3816,-500,0
2,120,197,3830,-418,0
2,120,198,3880,-500,0
2,121,95,3853,-25,-6
2,121,120,3856,51,232
2,121,129,3846,-168,-357
2,121,131,3850,-190,-404
2,121,131,3852,-26,-263
2,121,137,3859,138,-74
2,121,139,3798,0,500
2,121,139,3800,0,500
2,121,139,3808,0,500
2,121,139,3829,0,421
2,121,139,3835,0,369
2,121,139,3837,0,0
2,121,139,3837,0,209
2,121,139,3849,-26,-1
2,121,139,3853,-12,-23
2,121,139,3856,-273,-182
2,121,139,3856,-74,-138
2,121,139,3856,0,0
2,121,139,3857,-74,-138
2,121,139,3858,-109,-203
2,121,139,3858,-74,-138
2,121,139,3859,-189,-119
2,121,139,3859,-74,-138
2,121,139,3859,0,-130
2,121,140,3808,-109,488
2,121,140,3809,-121,484
2,121,140,3844,-3,25
2,121,140,3862,108,72
2,121,141,3845,-1,26
2,121,142,3820,-121,484
2,121,142,3883,260,173
2,121,143,3800,-144,478
2,121,143,3805,-167,470
2,121,143,3817,-97,490
2,121,144,3870,350,233
2,121,144,3872,360,240
2,121,144,3875,350,233
2,121,144,3876,328,219
2,121,145,3801,-167,470
2,121,147,3805,-109,488
2,121,147,3822,-85,492
2,121,147,3844,-108,433
2,121,147,3853,-114,458
2,121,147,3860,173,116
2,121,148,3802,-121,484
2,121,148,3830,-121,403
2,121,148,3843,-108,433
2,121,148,3844,-108,433
2,121,148,3855,-108,433
2,121,148,3856,-108,433
2,121,148,3858,-129,428
2,121,149,3839,-330,256
2,121,150,3844,-132,482
2,121,151,3837,-137,453
2,121,151,3839,-106,350
2,121,151,3882,207,-199
2,121,152,3832,-144,478
2,121,152,3846,-144,478
2,121,152,3852,-159,445
2,121,153,3828,-144,478
2,121,153,3858,312,30
2,121,153,3874,-226,291
2,121,154,3820,-181,438
2,121,154,3829,-132,482
2,121,154,3868,-227,322
2,121,155,3849,-148,449
2,121,156,3834,-203,304
2,121,156,3836,-361,345
2,121,156,3851,-306,394
2,121,156,3854,-306,394
2,121,156,3865,-242,343
2,121,156,3871,-96,123
2,121,157,3849,-361,345
2,121,157,3852,-361,345
2,121,157,3869,-116,141
2,121,157,3871,-185,346
2,121,158,3830,-277,416
2,121,158,3852,-172,200
2,121,158,3853,-172,200
2,121,158,3866,-141,155
2,121,159,3850,-227,216
2,121,159,3865,-258,332
2,121,159,3865,-250,339
2,121,159,3867,-158,174
2,121,159,3870,-279,279
2,121,160,3841,-293,265
2,121,160,3851,-195,215
2,121,160,3855,-194,249
2,121,160,3866,-266,325
2,121,161,3850,-279,279
2,121,161,3861,-272,386
2,121,161,3861,-266,360
2,121,162,3849,-212,234
2,121,163,3855,-345,361
2,121,163,3857,-345,361
2,121,163,3863,-309,358
2,121,164,3844,-281,343
2,121,164,3853,-361,345
2,121,164,3856,-272,386
2,121,164,3859,-281,381
2,121,164,3862,-318,351
2,121,164,3862,-309,358
2,121,165,3844,-360,215
2,121,165,3854,-287,408
2,121,166,3861,-345,361
2,121,167,3826,-345,361
2,121,167,3849,-361,345
2,121,167,3850,-345,361
2,121,167,3855,-361,345
2,121,167,3865,216,405
2,121,167,3872,-345,361
2,121,167,3887,-283,-189
2,121,168,3851,-345,361
2,121,168,3856,-361,345
2,121,168,3856,-345,361
2,121,168,3856,-316,386
2,121,168,3857,-345,361
2,121,168,3867,-211,394
2,121,169,3819,-335,371
2,121,169,3858,-326,378
2,121,170,3881,-421,0
2,121,171,3846,-345,361
2,121,171,3849,-345,361
2,121,171,3850,-378,326
2,121,171,3853,-361,345
2,121,171,3882,-419,-31
2,121,171,3903,-85,-492
2,121,172,3851,-287,408
2,121,172,3863,-402,296
2,121,173,3876,-447,0
2,121,173,3884,-437,97
2,121,174,3843,-353,353
2,121,174,3844,-353,353
2,121,174,3848,-353,353
2,121,174,3851,-353,353
2,121,174,3852,-353,353
2,121,175,3843,-353,353
2,121,175,3846,-371,335
2,121,175,3849,-371,335
2,121,175,3849,-353,353
2,121,175,3850,-353,353
2,121,175,3850,-335,371
2,121,175,3851,-353,353
2,121,175,3852,-353,353
2,121,176,3851,-335,371
2,121,176,3855,-361,345
2,121,176,3880,-148,449
2,121,177,3840,-353,353
2,121,177,3851,-345,361
2,121,178,3838,-361,345
2,121,178,3838,-353,353
2,121,178,3839,-353,353
2,121,178,3840,-361,345
2,121,178,3840,-353,353
2,121,178,3841,-361,345
2,121,178,3841,-353,353
2,121,178,3842,-371,335
2,121,178,3842,-353,353
2,121,178,3843,-371,335
2,121,178,3845,-371,335
2,121,178,3846,-353,353
2,121,178,3847,-345,361
2,121,178,3847,-335,371
2,121,178,3893,-494,-74
2,121,178,3908,-441,-236
2,121,179,3831,-335,371
2,121,179,3840,-287,408
2,121,179,3899,-416,-277
2,121,180,3875,-361,345
2,121,180,3875,-335,371
2,121,180,3883,-361,345
2,121,181,3836,-353,353
2,121,181,3837,-353,353
2,121,181,3838,-353,353
2,121,181,3839,-353,353
2,121,181,3839,-287,408
2,121,181,3842,-353,353
2,121,181,3843,-353,353
2,121,181,3843,-345,361
2,121,181,3853,-345,361
2,121,181,3854,-353,353
2,121,181,3856,-345,361
2,121,181,3857,-345,361
2,121,181,3861,-345,361
2,121,181,3874,-361,345
2,121,181,3874,-316,386
2,121,181,3875,-361,345
2,121,181,3875,-335,371
2,121,181,3876,-473,0
2,121,182,3836,-287,408
2,121,182,3837,-378,326
2,121,182,3843,-345,361
2,121,182,3874,-361,345
2,121,182,3905,-335,-371
2,121,183,3818,-335,371
2,121,183,3856,-361,345
2,121,183,3904,-361,-345
2,121,184,3839,-351,351
2,121,184,3840,-351,351
2,121,184,3844,-451,212
2,121,184,3850,-345,361
2,121,184,3854,-345,361
2,121,184,3902,-402,-296
2,121,185,3830,-359,343
2,121,185,3830,-351,351
2,121,185,3831,-359,343
2,121,185,3831,-351,351
2,121,185,3832,-359,343
2,121,185,3832,-351,351
2,121,185,3833,-359,343
2,121,185,3833,-351,351
2,121,185,3834,-359,343
2,121,185,3834,-351,351
2,121,185,3835,-351,351
2,121,185,3836,-351,351
2,121,185,3837,-359,343
2,121,185,3837,-351,351
2,121,185,3838,-361,345
2,121,185,3838,-359,343
2,121,185,3838,-351,351
2,121,185,3839,-359,343
2,121,185,3839,-351,351
2,121,185,3839,-344,358
2,121,185,3840,-359,343
2,121,185,3840,-351,351
2,121,185,3840,-344,358
2,121,185,3841,-359,343
2,121,185,3841,-351,351
2,121,185,3842,-359,343
2,121,185,3842,-351,351
2,121,185,3842,-334,368
2,121,185,3843,-359,343
2,121,185,3843,-351,351
2,121,185,3844,-359,343
2,121,185,3844,-351,351
2,121,185,3845,-359,343
2,121,185,3845,-351,351
2,121,185,3849,-353,353
2,121,185,3851,-353,353
2,121,185,3852,-345,361
2,121,186,3823,-344,358
2,121,186,3828,-344,358
2,121,186,3830,-359,343
2,121,186,3831,-344,358
2,121,186,3833,-344,358
2,121,186,3834,-344,358
2,121,186,3837,-344,358
2,121,186,3838,-359,343
2,121,186,3838,-344,358
2,121,186,3839,-344,358
2,121,186,3840,-334,368
2,121,186,3845,-359,343
2,121,186,3852,-408,287
2,121,187,3845,-369,333
2,121,187,3845,-359,343
2,121,187,3850,-394,306
2,121,187,3900,-457,-203
2,121,187,3902,-421,-267
2,121,188,3828,-361,345
2,121,188,3829,-340,325
2,121,188,3830,-371,335
2,121,188,3830,-340,325
2,121,188,3831,-340,325
2,121,188,3832,-340,325
2,121,188,3835,-340,325
2,121,188,3835,-333,332
2,121,188,3836,-340,325
2,121,188,3839,-340,325
2,121,188,3840,-340,325
2,121,188,3841,-340,325
2,121,188,3842,-340,325
2,121,188,3844,-386,316
2,121,188,3895,-496,-60
2,121,188,3896,-482,-132
2,121,188,3899,-462,-191
2,121,189,3896,-490,-97
2,121,189,3897,-484,-121
2,121,190,3829,-371,335
2,121,190,3830,-371,335
2,121,190,3831,-371,335
2,121,190,3832,-371,335
2,121,190,3833,-371,335
2,121,190,3834,-371,335
2,121,190,3835,-371,335
2,121,190,3836,-371,335
2,121,190,3839,-371,335
2,121,190,3841,-371,335
2,121,190,3848,-402,296
2,121,190,3848,-394,306
2,121,190,3849,-402,296
2,121,190,3850,-408,287
2,121,190,3899,-474,-156
2,121,191,3847,-394,306
2,121,191,3849,-408,287
2,121,193,3870,-500,-25
2,121,193,3872,-500,0
2,121,198,3872,-500,0
2,121,198,3885,-490,97
2,121,200,3875,-500,11
3,13,91,487,29,-394
3,13,100,491,0,-421
3,13,102,492,13,-182
3,13,115,494,23,-312
3,13,132,491,0,-421
3,13,132,496,0,-447
3,13,139,344,0,500
3,13,139,366,0,447
3,13,139,366,0,473
3,13,139,375,0,395
3,13,139,377,0,104
3,13,139,380,0,369
3,13,139,391,-9,24
3,13,139,391,0,26
3,13,139,391,0,290
3,13,139,392,-16,19
3,13,139,396,-25,-4
3,13,140,373,-31,419
3,13,140,373,-21,421
3,13,140,374,323,173
3,13,140,401,-283,-63
3,13,141,369,-33,445
3,13,141,383,-56,204
3,13,141,396,-262,-19
3,13,141,398,-470,-57
3,13,141,398,-457,-126
3,13,142,397,-466,-81
3,13,142,398,-104,0
3,13,142,400,-290,14
3,13,143,385,-84,278
3,13,143,385,-63,283
3,13,143,392,-104,271
3,13,145,353,-132,482
3,13,146,380,-107,353
3,13,146,399,-25,-207
3,13,147,385,-165,234
3,13,147,389,-132,161
3,13,148,349,-121,484
3,13,148,350,-121,484
3,13,149,385,-287,408
3,13,149,393,-62,-310
3,13,150,364,-326,378
3,13,150,401,35,-179
3,13,151,389,-383,-96
3,13,154,357,-335,371
3,13,154,369,-192,432
3,13,154,396,-57,-255
3,13,154,396,106,-298
3,13,154,397,54,-312
3,13,156,402,86,-130
3,13,156,499,0,-447
3,13,156,501,0,-473
3,13,156,512,0,-500
3,13,156,518,0,-500
3,13,157,366,-361,345
3,13,157,392,-159,-446
3,13,158,355,-305,392
3,13,158,399,122,-205
3,13,160,402,86,-130
3,13,161,394,-110,-266
3,13,163,362,-326,378
3,13,163,363,-326,378
3,13,163,393,-123,-262
3,13,163,394,-118,-266
3,13,163,399,-183,-289
3,13,164,359,-335,371
3,13,164,364,-345,361
3,13,164,397,-227,-217
3,13,164,397,-100,-242
3,13,164,498,0,-473
3,13,165,364,-345,361
3,13,165,395,15,-314
3,13,166,358,-335,371
3,13,166,361,-335,371
3,13,167,362,-345,361
3,13,167,362,-316,386
3,13,167,363,-345,361
3,13,167,364,-345,361
3,13,167,368,-345,361
3,13,167,399,107,-241
3,13,168,363,-345,361
3,13,169,360,-335,371
3,13,169,363,-335,371
3,13,169,366,-345,361
3,13,169,498,17,-342
3,13,170,367,-345,361
3,13,170,399,-112,-210
3,13,170,402,-181,-41
3,13,170,403,-179,49
3,13,170,497,8,-369
3,13,170,500,7,-342
3,13,171,361,-361,345
3,13,171,362,-361,345
3,13,171,363,-361,345
3,13,171,386,-361,345
3,13,172,365,-345,361
3,13,172,366,-345,361
3,13,172,387,-148,449
3,13,172,458,184,-99
3,13,173,360,-277,416
3,13,173,361,-335,371
3,13,173,362,-335,371
3,13,174,359,-277,416
3,13,174,372,-361,345
3,13,174,372,-345,361
3,13,174,375,-345,361
3,13,174,376,-345,361
3,13,174,379,-345,361
3,13,174,498,-25,-341
3,13,175,361,-353,353
3,13,175,362,-353,353
3,13,175,362,-345,361
3,13,175,363,-345,361
3,13,175,364,-353,353
3,13,175,372,-345,361
3,13,175,375,-345,361
3,13,175,376,-345,361
3,13,175,379,-345,361
3,13,175,506,-361,-345
3,13,176,359,-335,371
3,13,176,360,-335,371
3,13,176,362,-353,353
3,13,176,362,-335,371
3,13,176,368,-353,353
3,13,176,372,-345,361
3,13,176,375,-345,361
3,13,176,382,-335,371
3,13,177,360,-353,353
3,13,177,368,-353,353
3,13,177,369,-345,361
3,13,177,372,-345,361
3,13,177,379,-345,361
3,13,178,361,-335,371
3,13,178,362,-353,353
3,13,178,362,-335,371
3,13,178,363,-335,371
3,13,178,364,-353,353
3,13,178,364,-345,361
3,13,178,365,-353,353
3,13,178,368,-353,353
3,13,178,368,-345,361
3,13,178,371,-345,361
3,13,178,372,-345,361
3,13,178,379,-345,361
3,13,179,362,-353,353
3,13,179,364,-361,345
3,13,179,364,-345,361
3,13,179,365,-353,353
3,13,179,368,-353,353
3,13,179,368,-345,361
3,13,179,371,-361,345
3,13,179,371,-335,371
3,13,179,372,-353,353
3,13,179,372,-345,361
3,13,179,378,-361,345
3,13,179,378,-345,361
3,13,179,379,-345,361
3,13,179,384,-324,264
3,13,179,388,-151,144
3,13,179,389,-132,161
3,13,180,388,-151,144
3,13,180,388,-136,158
3,13,181,378,-159,358
3,13,182,472,-200,-245
3,13,183,485,-111,-236
3,13,185,382,-217,226
3,13,187,475,-400,-201
3,13,188,389,-303,248
3,13,188,406,-212,0
3,13,190,483,-339,-292
3,13,191,378,-350,316
3,13,191,400,-238,0
3,13,191,447,-339,-51
3,13,191,484,-266,-326
3,13,192,455,-255,-70
3,13,193,404,-264,0
3,13,193,456,-316,0
3,13,193,456,-290,0
3,13,193,483,-429,-257
3,13,193,484,-346,-283
3,13,193,484,-339,-292
3,13,194,482,-473,10
3,13,196,382,-326,266
3,13,196,386,-344,241
3,13,196,452,-395,0
3,13,196,478,-335,-335
3,13,197,395,-378,114
3,13,197,469,-372,-132
3,13,197,480,-412,-233
3,13,197,494,-290,-374
3,13,198,397,-383,95
3,13,198,473,-377,-189
3,13,199,457,-395,0
3,13,199,488,-345,-361
3,13,199,488,-316,-316
3,13,200,394,-403,121
3,13,200,462,-419,-31
3,13,200,473,-442,-170
3,13,200,488,-323,-309
3,13,200,492,-332,-300
3,13,201,377,-339,291
3,13,201,393,-396,141
3,13,201,395,-403,121
3,13,202,389,-409,181
3,13,202,412,-421,0
3,13,202,450,-421,0
3,13,202,457,-421,0
3,13,202,470,-355,-89
3,13,203,416,-421,0
3,13,203,470,-425,-140
3,13,204,469,-462,-103
3,13,204,474,-478,-144
3,13,204,477,-421,0
3,13,205,388,-433,192
3,13,205,427,-447,0
3,13,205,455,-447,0
3,13,205,474,-438,-181
3,13,206,384,-500,0
3,13,206,389,-438,181
3,13,206,392,-428,129
3,13,206,454,-447,10
3,13,206,483,-441,-236
3,13,206,488,-500,0
3,13,207,384,-361,345
3,13,207,384,-345,361
3,13,207,451,-316,0
3,13,208,384,-345,361
3,13,208,412,-473,0
3,13,208,474,-478,-144
3,13,209,364,-345,361
3,13,209,365,-345,361
3,13,209,366,-361,345
3,13,209,366,-353,353
3,13,209,390,-361,345
3,13,209,412,-473,0
3,13,209,420,-473,0
3,13,209,424,-473,0
3,13,209,451,-473,10
3,13,209,460,-473,-11
3,13,209,462,-473,-24
3,13,210,363,-345,361
3,13,210,363,-335,371
3,13,210,366,-353,353
3,13,210,373,-353,353
3,13,210,476,-500,0
3,13,211,366,-361,345
3,13,211,379,-345,361
3,13,211,380,-361,345
3,13,211,380,-335,371
3,13,211,485,-441,-236
3,13,212,365,-361,345
3,13,212,379,-335,371
3,13,213,394,-464,92
3,13,213,395,-466,81
3,13,213,395,-464,92
3,13,213,397,-468,70
3,13,213,412,-473,0
3,13,213,420,-473,0
3,13,213,424,-473,0
3,13,213,449,-473,0
3,13,213,452,-473,0
3,13,213,462,-316,-16
3,13,213,465,-470,-57
3,13,214,369,-353,353
3,13,216,384,-500,0
3,13,216,482,-353,-353
3,13,217,384,-500,0
3,13,218,387,-500,0
3,13,218,477,-478,-144
3,13,220,388,-500,0
3,13,220,402,-441,236
3,13,221,388,-392,304
3,13,222,388,-500,0
3,13,222,422,-498,-37
3,13,223,393,-500,0
3,13,223,394,-500,-11
3,13,224,395,-498,-37
3,13,224,400,-441,236
3,13,224,404,-441,236
3,13,224,424,-500,0
3,13,225,452,-500,0
3,13,226,419,-498,-37
3,13,226,423,-498,-37
3,13,230,452,-500,0
3,13,233,414,-498,-37
3,122,139,3832,0,500
3,122,139,3853,0,380
3,122,139,3854,0,447
3,122,139,3858,0,447
3,122,139,3864,0,287
3,122,139,3881,-23,12
3,122,139,3884,-25,-4
3,122,139,3884,0,212
3,122,140,3857,-33,445
3,122,140,3861,-31,419
3,122,140,3861,-21,421
3,122,140,3863,-20,395
3,122,140,3883,-41,234
3,122,141,3857,-33,445
3,122,141,3871,-56,204
3,122,142,3865,216,324
3,122,142,3883,-340,-41
3,122,142,3885,-466,-81
3,122,142,3886,-472,-35
3,122,143,3873,-84,278
3,122,143,3885,-386,86
3,122,146,3868,-107,353
3,122,146,3885,-198,170
3,122,148,3836,-121,484
3,122,148,3838,-121,484
3,122,148,3859,-119,431
3,122,148,3865,-132,371
3,122,150,3860,-160,417
3,122,151,3851,-137,453
3,122,151,3856,-140,424
3,122,151,3877,-383,-96
3,122,152,3851,-148,449
3,122,153,3862,-201,400
3,122,154,3878,-99,-328
3,122,154,3881,-51,-339
3,122,154,3884,106,-298
3,122,157,3885,27,-287
3,122,157,3891,86,-130
3,122,159,3881,-160,-417
3,122,160,3834,0,500
3,122,161,3881,-118,-266
3,122,161,3883,-94,90
3,122,161,3889,-299,-258
3,122,163,3850,-326,378
3,122,163,3880,-128,-289
3,122,163,3889,153,-146
3,122,164,3847,-335,371
3,122,164,3885,-100,-242
3,122,165,3876,-189,-377
3,122,165,3884,14,-290
3,122,165,3885,-5,-238
3,122,165,3886,89,-218
3,122,166,3849,-335,371
3,122,166,3885,-41,-234
3,122,166,3890,153,-146
3,122,167,3846,-316,386
3,122,167,3850,-345,361
3,122,167,3851,-345,361
3,122,167,3852,-345,361
3,122,167,3856,-345,361
3,122,167,3870,-193,213
3,122,167,3885,-91,-220
3,122,168,3849,-345,361
3,122,168,3850,-345,361
3,122,168,3880,-176,-294
3,122,169,3850,-335,371
3,122,169,3854,-345,361
3,122,171,3849,-361,345
3,122,171,3850,-361,345
3,122,171,3851,-361,345
3,122,171,3874,-361,345
3,122,173,3848,-335,371
3,122,173,3848,-277,416
3,122,173,3849,-361,345
3,122,173,3849,-335,371
3,122,173,3850,-335,371
3,122,173,3867,-345,361
3,122,173,3870,-279,279
3,122,173,3871,-335,371
3,122,174,3860,-345,361
3,122,174,3863,-345,361
3,122,174,3864,-345,361
3,122,174,3867,-345,361
3,122,175,3850,-353,353
3,122,175,3850,-345,361
3,122,175,3850,-335,371
3,122,175,3851,-345,361
3,122,175,3860,-345,361
3,122,175,3863,-345,361
3,122,175,3864,-345,361
3,122,175,3867,-345,361
3,122,176,3848,-335,371
3,122,176,3850,-353,353
3,122,176,3851,-335,371
3,122,176,3856,-353,353
3,122,176,3863,-345,361
3,122,177,3848,-353,353
3,122,177,3849,-353,353
3,122,177,3849,-345,361
3,122,177,3852,-361,345
3,122,177,3857,-345,361
3,122,178,3849,-335,371
3,122,178,3850,-345,361
3,122,178,3850,-335,371
3,122,178,3851,-353,353
3,122,178,3851,-345,361
3,122,178,3851,-335,371
3,122,178,3852,-345,361
3,122,178,3853,-353,353
3,122,178,3856,-353,353
3,122,178,3857,-345,361
3,122,178,3858,-361,345
3,122,178,3860,-345,361
3,122,178,3867,-345,361
3,122,179,3851,-361,345
3,122,179,3853,-361,345
3,122,179,3853,-353,353
3,122,179,3856,-345,361
3,122,179,3859,-345,361
3,122,179,3859,-335,371
3,122,179,3860,-345,361
3,122,179,3861,-345,361
3,122,179,3866,-361,345
3,122,179,3866,-345,361
3,122,179,3867,-345,361
3,122,179,3876,-151,144
3,122,179,3876,-116,141
3,122,179,3877,-151,144
3,122,179,3877,-132,161
3,122,180,3876,-151,144
3,122,180,3876,-136,158
3,122,181,3854,-353,353
3,122,181,3858,-345,361
3,122,182,3874,-176,194
3,122,183,3871,-285,273
3,122,185,3869,-319,274
3,122,185,3870,-227,216
3,122,185,3870,-217,226
3,122,185,3870,-205,237
3,122,185,3902,0,0
3,122,191,3925,-285,273
3,122,191,3977,-257,-365
3,122,192,3874,-299,257
3,122,194,3865,-283,312
3,122,194,3966,-384,-230
3,122,195,3869,-304,291
3,122,196,3870,-326,266
3,122,196,3871,-326,266
3,122,196,3877,-442,169
3,122,196,3962,-409,-182
3,122,199,3866,-332,300
3,122,199,3908,-395,0
3,122,199,3979,-497,0
3,122,200,3882,-403,121
3,122,200,3955,-408,-102
3,122,201,3868,-360,265
3,122,201,3883,-403,121
3,122,201,3884,-408,101
3,122,202,3900,-421,0
3,122,202,3932,-418,0
3,122,202,3936,-421,0
3,122,202,3945,-421,0
3,122,202,3951,-418,-51
3,122,203,3921,-390,220
3,122,203,3966,-357,-168
3,122,204,3884,-437,97
3,122,205,3877,-414,171
3,122,205,3886,-442,66
3,122,205,3900,-447,0
3,122,205,3901,-447,0
3,122,205,3911,-446,-33
3,122,205,3936,-447,0
3,122,205,3943,-447,0
3,122,205,3962,-438,-181
3,122,206,3863,-345,361
3,122,206,3878,-442,169
3,122,207,3872,-361,345
3,122,207,3872,-345,361
3,122,208,3848,-378,326
3,122,208,3872,-345,361
3,122,208,3905,-447,0
3,122,209,3852,-345,361
3,122,209,3854,-361,345
3,122,209,3854,-353,353
3,122,209,3854,-345,361
3,122,209,3904,-473,0
3,122,209,3908,-473,0
3,122,210,3851,-345,361
3,122,210,3851,-335,371
3,122,210,3854,-361,345
3,122,210,3854,-353,353
3,122,211,3854,-361,345
3,122,211,3867,-345,361
3,122,211,3868,-361,345
3,122,211,3868,-335,371
3,122,211,3906,-314,0
3,122,211,3938,-316,7
3,122,211,3942,-498,-37
3,122,211,3973,-441,-236
3,122,212,3853,-361,345
3,122,212,3867,-335,371
3,122,213,3882,-464,92
3,122,213,3883,-464,92
3,122,213,3908,-473,0
3,122,213,3912,-473,0
3,122,213,3926,-473,0
3,122,213,3940,-473,0
3,122,214,3855,-335,371
3,122,218,3875,-500,0
3,122,222,3876,-500,0
3,122,222,3912,-500,0
3,122,222,3928,-471,-11
3,122,223,3881,-500,0
3,122,224,3883,-498,-37
3,122,226,3939,-498,-37
3,122,226,3957,-498,-37
3,122,227,3881,-500,0
3,122,229,3947,-500,0
3,122,230,3890,-500,0
3,122,230,3912,-500,0
3,122,230,3940,-500,0
3,122,232,3912,-500,0
25,31,894,991,38,-314
25,31,896,988,66,-336
25,31,902,1044,57,-87
25,31,904,1044,-395,19
25,31,904,1044,-109,164
25,31,907,1055,0,-264
25,31,907,1057,0,-290
25,31,907,1058,-218,145
25,31,907,1058,-202,19
25,31,907,1059,0,-342
25,31,918,982,-265,293
25,31,919,1046,-259,-51
25,31,928,986,-378,178
25,31,931,1063,-500,0
25,31,935,1052,-500,0
25,31,938,1055,-345,-361
25,31,940,1066,-386,-316
25,31,941,986,-500,0
25,31,942,992,-359,71
25,31,942,1063,-429,-257
25,31,943,1064,-421,-267
25,31,944,1052,-492,0
25,31,944,1057,-492,-85
25,31,944,1061,-353,-353
25,31,945,1052,-471,0
25,31,945,1054,-471,-11
25,31,946,1053,-471,-11
25,31,946,1055,-471,-11
25,31,947,1052,-500,0
25,31,947,1057,-494,-74
25,31,947,1065,-361,-345
25,31,948,1049,-471,23
25,31,948,1052,-466,0
25,31,949,1058,-492,-85
25,31,950,996,-500,0
25,31,950,1052,-444,0
25,31,951,996,-500,0
25,31,952,996,-500,0
25,34,877,1099,104,0
25,34,879,1108,-23,234
25,34,905,1104,-416,-62
25,34,905,1105,-416,-62
25,34,906,1105,-415,-72
25,34,907,1084,0,485
25,34,907,1086,0,500
25,34,907,1087,0,500
25,34,907,1111,0,-302
25,34,909,1103,-446,-43
25,34,909,1119,-121,-484
25,34,909,1120,-121,-484
25,34,910,1087,-121,484
25,34,910,1088,-97,490
25,34,910,1119,-97,-490
25,34,910,1120,-121,-484
25,34,910,1121,-121,-484
25,34,911,1118,-203,-457
25,34,911,1118,-191,-462
25,34,911,1122,-132,-482
25,34,911,1126,-132,-482
25,34,913,1122,-212,-451
25,34,914,1121,-224,-447
25,34,915,1126,-203,-457
25,34,916,1125,-224,-447
25,34,923,1092,-421,267
25,34,923,1093,-478,144
25,34,924,1092,-402,296
25,34,924,1094,-478,144
26,33,899,1005,344,184
26,33,899,1040,0,0
26,33,907,1038,-187,186
26,33,907,1100,0,52
26,33,907,1101,26,220
26,33,907,1101,49,92
26,33,907,1102,0,130
26,33,909,1023,-230,-384
26,33,914,1135,-92,-464
26,33,914,1135,-87,-439
26,33,917,1011,-140,424
26,33,917,1132,-140,-425
26,33,918,1011,-140,424
26,33,920,1130,-182,-409
26,33,922,1134,-192,-433
26,33,923,1053,-130,0
26,33,926,1062,-212,0
26,33,940,1078,-231,-46
26,33,941,1050,-447,0
26,33,944,1051,-495,36
26,33,946,1052,-471,23
26,33,946,1056,-471,23
26,33,946,1057,-471,23
26,33,946,1060,-471,23
26,33,946,1062,-471,23
26,33,946,1088,-471,10
26,33,946,1088,-471,23
26,33,946,1091,-471,23
26,33,946,1093,-471,23
26,33,948,1052,-444,0
26,33,949,1117,-353,-353
26,33,953,1050,-443,32
26,33,953,1120,-353,-353
26,33,953,1121,-353,-353
26,33,954,1123,-353,-353
26,33,955,1051,-417,30
26,33,955,1052,-417,30
26,33,955,1053,-417,30
26,33,955,1054,-417,30
26,33,955,1055,-418,-21
26,33,955,1055,-417,30
26,33,955,1056,-418,-21
26,33,955,1056,-417,30
26,33,955,1057,-417,30
26,33,955,1058,-417,30
26,33,955,1059,-417,30
26,33,955,1060,-417,30
26,33,955,1061,-417,30
26,33,955,1063,-417,30
26,33,955,1064,-417,30
26,33,955,1065,-417,30
26,33,955,1066,-417,30
26,33,955,1067,-417,30
26,33,955,1068,-417,30
26,33,955,1082,-417,30
26,33,955,1087,-417,30
26,33,955,1088,-418,0
26,33,955,1089,-417,30
26,33,955,1090,-417,30
26,33,955,1091,-417,30
26,33,955,1093,-417,30
26,33,955,1095,-417,30
26,33,955,1097,-417,30
26,33,955,1104,-418,0
26,33,955,1122,-353,-353
26,33,957,1052,-500,0
26,33,957,1091,-392,0
26,33,958,1052,-392,0
26,33,958,1054,-392,0
26,33,958,1055,-392,0
26,33,958,1092,-392,0
26,33,959,1052,-392,0
26,33,959,1055,-392,-9
26,33,959,1057,-392,-9
26,33,959,1058,-392,-9
26,33,959,1089,-391,28
26,33,959,1105,-392,19
26,33,960,1107,-500,0
26,33,961,1091,-366,0
26,33,962,1045,-488,109
26,33,962,1052,-366,0
26,33,962,1054,-366,-8
26,33,962,1054,-366,0
26,33,962,1055,-366,-8
26,33,962,1055,-366,0
26,33,962,1058,-366,-8
26,33,962,1092,-366,0
26,33,963,1050,-366,18
26,33,963,1051,-366,18
26,33,963,1052,-366,0
26,33,963,1052,-366,18
26,33,963,1053,-366,18
26,33,963,1054,-366,18
26,33,963,1055,-366,-8
26,33,963,1055,-366,18
26,33,963,1056,-366,-8
26,33,963,1056,-366,18
26,33,963,1057,-366,-8
26,33,963,1057,-366,18
26,33,963,1058,-366,18
26,33,963,1059,-366,18
26,33,963,1060,-366,18
26,33,963,1061,-366,18
26,33,963,1062,-366,18
26,33,963,1063,-366,18
26,33,963,1064,-366,18
26,33,963,1065,-366,18
26,33,963,1066,-366,18
26,33,963,1067,-366,18
26,33,963,1079,-366,18
26,33,963,1081,-366,18
26,33,963,1084,-366,18
26,33,963,1086,-366,18
26,33,963,1087,-366,18
26,33,963,1088,-366,0
26,33,963,1088,-366,18
26,33,963,1089,-366,18
26,33,963,1090,-366,18
26,33,963,1091,-366,18
26,33,963,1092,-366,18
26,33,963,1094,-366,18
26,33,963,1095,-366,18
26,33,963,1096,-366,18
26,33,963,1104,-366,0
26,33,964,1041,-478,144
26,33,964,1042,-478,144
26,33,964,1052,-340,0
26,33,964,1054,-340,-8
26,33,964,1055,-340,-17
26,33,964,1092,-340,0
26,33,965,1053,-340,0
26,33,965,1066,-340,0
26,33,965,1089,-340,0
26,33,965,1090,-340,0
26,33,966,1049,-365,26
26,33,967,1052,-500,0
26,33,967,1053,-500,0
26,35,875,1104,0,0
26,35,894,1106,-128,-165
26,35,894,1107,-150,45
26,35,897,1099,0,0
26,35,897,1099,25,1
26,35,898,1107,179,-49
26,35,899,1099,70,-468
26,35,899,1106,-136,-142
26,35,900,1099,22,12
26,35,901,1102,-233,-350
26,35,901,1102,-43,-446
26,35,901,1107,25,-5
26,35,902,1099,25,6
26,35,902,1099,80,134
26,35,902,1099,130,0
26,35,902,1107,159,-8
26,35,903,1099,116,-58
26,35,903,1105,-61,-172
26,35,903,1106,-303,-162
26,35,906,1099,-26,-2
26,35,906,1107,-29,-43
26,35,906,1107,176,-48
26,35,907,1097,-24,9
26,35,907,1107,-133,-7
26,35,907,1107,115,-62
26,35,907,1193,-41,-419
26,35,908,1108,126,34
26,35,908,1198,-248,-372
26,35,910,1107,193,-29
26,35,913,1077,-92,411
26,35,913,1108,196,-81
26,35,923,1121,-172,164
26,35,930,1151,-170,125
26,35,934,1148,-418,0
26,35,938,1155,-421,0
26,35,946,1139,-471,23
26,35,946,1152,-471,23
26,35,950,1077,-416,277
26,35,950,1155,-498,-37
26,35,950,1156,-498,-37
26,35,951,1155,-500,0
26,35,951,1156,-494,-74
26,35,951,1174,-335,-371
26,35,952,1175,-335,-371
26,35,953,1092,-418,0
26,35,953,1156,-500,-25
26,35,953,1156,-496,-60
26,35,954,1156,-500,-25
26,35,955,1090,-417,30
26,35,955,1148,-417,30
26,35,955,1150,-417,30
26,35,955,1151,-417,30
26,35,955,1153,-417,30
26,35,956,1148,-414,0
26,35,957,1092,-392,0
26,35,957,1152,-392,0
26,35,957,1155,-500,0
26,35,958,1088,-441,53
26,35,958,1153,-392,8
26,35,960,1148,-366,0
26,35,961,1152,-366,0
26,35,962,1153,-366,8
26,35,963,1104,-366,0
26,35,963,1105,-366,18
26,35,963,1129,-366,18
26,35,963,1138,-366,18
26,35,963,1147,-366,18
26,35,963,1148,-366,18
26,35,963,1149,-366,18
26,35,963,1150,-366,18
26,35,963,1151,-366,18
26,35,963,1152,-366,18
26,35,963,1173,-377,-189
26,35,964,1148,-361,0
26,35,964,1148,-340,0
26,35,965,1107,-340,0
26,35,965,1131,-340,0
26,35,965,1150,-340,0
26,35,965,1154,-340,0
26,35,967,1155,-500,0
26,35,968,1155,-500,0
26,35,969,1154,-500,0
27,29,891,987,142,-283
27,29,891,990,-7,-316
27,29,892,988,110,-269
27,29,892,988,121,-293
27,29,894,987,42,-287
27,29,894,988,-97,-273
27,29,898,990,-299,-258
27,29,899,1007,0,-209
27,29,901,978,-300,98
27,29,902,989,219,146
27,29,904,1006,-76,-441
27,29,907,1012,0,-500
27,29,908,972,86,130
27,29,916,989,-261,-261
27,29,926,1004,-361,-345
27,29,928,995,-374,-290
27,29,928,999,-323,-309
27,29,929,984,-131,317
27,29,929,996,-366,-300
27,29,934,995,-400,-253
27,29,938,985,-446,-159
27,29,939,1006,-335,-371
27,29,940,1005,-371,-335
27,29,941,976,-392,-48
27,29,945,978,-320,-123
27,29,948,992,-326,-266
27,29,949,1016,-345,-361
27,29,949,1017,-345,-361
27,29,949,1026,-287,-408
27,29,951,1015,-371,-335
27,29,953,1011,-408,-287
27,29,956,1015,-345,-361
27,29,959,980,-407,-112
27,29,961,982,-428,-129
27,29,963,981,-433,-108
27,29,963,982,-432,-119
27,29,964,982,-459,-114
27,29,968,982,-459,-114
27,29,968,983,-482,-132
27,29,972,983,-482,-132
27,29,973,983,-484,-121
27,29,977,985,-484,-121
27,29,987,971,-302,0
27,29,990,971,-500,0
27,29,991,971,-266,-73
27,29,999,971,-500,0
27,29,1000,971,-500,0
27,29,1001,971,-500,0
27,29,1003,971,-500,0
28,99,997,3126,-141,396
28,99,1003,3140,0,500
28,99,1003,3165,0,500
28,99,1003,3188,0,0
28,99,1004,3144,-19,387
28,99,1007,3181,-286,-50
28,99,1008,3154,-132,482
28,99,1009,3143,-109,488
28,99,1010,3145,-144,478
28,99,1015,3185,-413,-82
28,99,1017,3166,-139,119
28,99,1018,3184,-416,-62
28,99,1020,3150,0,500
28,99,1023,3185,-444,-54
28,99,1024,3152,0,500
28,99,1025,3146,-335,371
28,99,1028,3142,-277,416
28,99,1029,3188,-473,0
28,99,1031,3185,-466,179
28,99,1032,3185,-470,167
28,99,1033,3153,-361,345
28,99,1033,3185,-470,167
28,99,1035,3167,-492,-85
28,99,1035,3167,-488,-109
28,99,1035,3190,-500,-25
28,99,1036,3155,-371,335
28,99,1036,3155,-361,345
28,99,1038,3164,-500,-11
28,99,1038,3164,-500,0
28,99,1038,3166,-494,-74
28,99,1038,3167,-494,-74
28,99,1039,3167,-496,-60
28,99,1040,3156,-402,296
28,99,1041,3171,-500,0
28,99,1043,3167,-494,-74
28,99,1044,3171,-148,449
28,99,1047,3173,-496,60
28,99,1047,3175,-498,37
28,99,1048,3176,-500,25
29,29,925,1028,48,-498
29,29,928,1027,0,-500
29,29,961,972,162,87
29,29,969,977,210,270
29,29,970,975,226,136
29,29,974,1015,-345,-361
29,29,976,1015,-345,-361
29,29,976,1025,132,-482
29,29,977,1015,-353,-353
29,29,977,1015,-345,-361
29,29,981,973,-353,177
29,29,982,1015,-345,-361
29,29,984,1015,-345,-361
29,29,984,1028,40,-417
29,29,984,1029,28,-391
29,29,985,1007,-54,-444
29,29,985,1019,-344,-359
29,29,986,1007,48,-498
29,29,986,1015,-345,-361
29,29,987,982,-488,-109
29,29,987,1015,-345,-361
29,29,987,1016,-345,-361
29,29,987,1019,-344,-359
29,29,988,980,-488,-109
29,29,988,1015,-345,-361
29,29,988,1021,0,-392
29,29,988,1022,0,-444
29,29,988,1023,0,-392
29,29,988,1024,0,-392
29,29,988,1025,0,-366
29,29,988,1026,0,-418
29,29,988,1026,0,-366
29,29,989,1015,-345,-361
29,29,989,1018,0,-418
29,29,989,1026,0,-366
29,29,992,1002,0,-500
29,29,992,1003,0,-500
29,29,992,1004,0,-497
29,29,992,1009,0,-471
29,29,992,1010,0,-497
29,29,992,1019,-344,-359
29,29,993,1004,-48,-495
29,29,993,1015,-345,-361
29,29,993,1016,-22,-444
29,29,993,1020,-21,-418
29,29,993,1024,-20,-392
29,29,993,1025,-31,-417
29,29,994,1015,-345,-361
29,29,994,1024,-38,-391
29,29,996,1015,-345,-361
29,29,996,1019,-344,-359
29,29,996,1020,-21,-418
29,29,997,1015,-345,-361
29,29,997,1020,-21,-418
29,29,999,1019,-344,-359
29,29,1000,1015,-345,-361
29,29,1000,1015,32,-443
29,29,1000,1019,-344,-359
29,29,1002,975,-395,-20
29,29,1002,1015,-345,-361
29,29,1003,1015,-345,-361
29,29,1003,1015,32,-443
29,29,1003,1019,-344,-359
29,29,1004,1015,-353,-353
29,29,1004,1015,-345,-361
29,29,1005,1015,-345,-361
29,29,1005,1019,-344,-359
29,29,1007,1018,-351,-351
29,29,1008,1015,-353,-353
29,29,1008,1019,-344,-359
29,29,1009,1006,-361,-345
29,29,1009,1011,23,-471
29,29,1009,1015,-345,-361
29,29,1011,1015,-345,-361
29,29,1014,1010,-361,-345
29,29,1014,1011,-361,-345
29,29,1015,1009,-378,-326
29,29,1016,1016,-345,-361
29,29,1017,1014,-361,-345
29,29,1018,1014,-361,-345
29,29,1019,1013,-378,-326
29,29,1019,1015,-361,-345
29,29,1019,1016,-353,-353
29,29,1020,1017,-361,-345
29,29,1023,1000,-309,-323
29,29,1028,980,-408,-102
29,29,1029,972,-500,0
29,29,1033,977,-498,-48
29,29,1036,982,-459,-114
29,29,1037,980,-462,-103
29,29,1044,972,-500,0
29,29,1049,972,-500,0
29,29,1056,971,-451,-212
29,29,1059,971,-361,345
29,98,1003,3066,0,500
29,98,1003,3067,0,500
29,98,1003,3085,0,473
29,98,1003,3090,0,447
29,98,1005,3106,-56,204
29,98,1005,3128,117,220
29,98,1005,3141,110,-195
29,98,1006,3141,123,-186
29,98,1014,3101,-225,134
29,98,1015,3083,-137,453
29,98,1019,3087,-361,345
29,98,1026,3174,-95,189
29,98,1026,3174,-55,117
29,98,1030,3092,-500,-25
29,98,1031,3107,-500,0
29,98,1031,3115,-378,114
29,98,1036,3098,-497,-11
29,98,1041,3101,-471,-11
29,98,1041,3112,-494,74
29,98,1043,3111,-453,136
29,98,1043,3166,-314,-7
29,98,1045,3105,-444,0
29,98,1046,3092,-392,260
29,98,1046,3106,-353,353
29,98,1047,3092,-397,251
29,98,1048,3106,-418,0
29,98,1049,3094,-392,210
29,98,1049,3095,-359,343
29,98,1049,3095,-351,351
29,98,1049,3097,-359,343
29,98,1049,3098,-359,343
29,98,1049,3098,-351,351
29,98,1049,3099,-359,343
29,98,1049,3099,-351,351
29,98,1049,3101,-359,343
29,98,1049,3101,-351,351
29,98,1049,3102,-359,343
29,98,1049,3102,-351,351
29,98,1049,3103,-359,343
29,98,1049,3103,-351,351
29,98,1049,3104,-465,69
29,98,1049,3105,-351,351
29,98,1049,3106,-351,351
29,98,1049,3107,-418,0
29,98,1049,3107,-359,343
29,98,1049,3107,-351,351
29,98,1049,3108,-418,0
29,98,1049,3108,-351,351
29,98,1049,3109,-359,343
29,98,1049,3109,-351,351
29,98,1049,3110,-351,351
29,98,1049,3112,-351,351
29,98,1049,3113,-359,343
29,98,1049,3113,-351,351
29,98,1049,3114,-359,343
29,98,1049,3115,-359,343
29,98,1049,3115,-351,351
29,98,1049,3116,-351,351
29,98,1049,3118,-359,343
29,98,1049,3119,-351,351
29,98,1049,3121,-359,343
29,98,1049,3121,-351,351
29,98,1049,3123,-359,343
29,98,1049,3123,-351,351
29,98,1049,3124,-359,343
29,98,1050,3102,-359,343
29,98,1050,3105,-418,21
29,98,1050,3107,-500,11
29,98,1050,3108,-500,0
29,98,1050,3108,-418,0
29,98,1050,3109,-418,-21
29,98,1051,3105,-418,21
29,98,1051,3105,-417,30
29,98,1051,3108,-471,0
29,98,1051,3108,-451,0
29,98,1052,3100,-340,325
29,98,1052,3101,-359,343
29,98,1052,3102,-340,325
29,98,1052,3104,-340,325
29,98,1052,3107,-500,0
29,98,1052,3107,-500,11
29,98,1052,3107,-418,9
29,98,1052,3107,-340,325
29,98,1052,3108,-500,0
29,98,1052,3108,-392,0
29,98,1052,3110,-418,0
29,98,1052,3110,-340,325
29,98,1052,3112,-340,325
29,98,1052,3113,-340,325
29,98,1052,3118,-340,325
29,98,1052,3120,-340,325
29,98,1053,3105,-392,8
29,98,1053,3107,-500,0
29,98,1053,3108,-500,0
29,98,1053,3112,-418,0
29,98,1054,3094,-371,335
29,98,1054,3100,-371,335
29,98,1054,3106,-371,335
29,98,1054,3108,-500,0
29,98,1054,3108,-440,0
29,98,1054,3115,-371,335
29,98,1061,3177,-418,-10
29,100,987,3183,-53,147
29,100,1003,3128,0,500
29,100,1003,3130,0,500
29,100,1003,3179,-367,-27
29,100,1013,3129,-132,482
29,100,1014,3130,-144,478
29,100,1015,3133,-125,412
29,100,1016,3168,-372,248
29,100,1018,3154,22,447
29,100,1020,3191,-29,43
29,100,1020,3191,160,361
29,100,1021,3172,-94,90
29,100,1021,3202,85,-222
29,100,1024,3132,0,500
29,100,1024,3194,112,144
29,100,1025,3197,250,305
29,100,1025,3200,283,-63
29,100,1026,3193,337,58
29,100,1027,3178,-298,98
29,100,1031,3194,292,-121
29,100,1031,3203,198,242
29,100,1034,3187,-157,27
29,100,1035,3185,-232,51
29,100,1035,3187,-179,49
29,100,1035,3189,204,-167
29,100,1037,3183,-273,97
29,100,1037,3184,-256,63
29,100,1037,3186,-232,51
29,100,1038,3185,-255,69
29,100,1040,3184,-253,76
29,100,1041,3183,-305,83
29,100,1042,3188,-78,0
29,100,1043,3136,-287,408
29,100,1044,3192,386,-272
29,100,1045,3182,-331,91
29,100,1046,3134,-296,402
29,100,1046,3188,-395,0
29,100,1046,3188,200,-400
29,100,1049,3138,-334,368
29,100,1049,3139,-344,358
29,100,1049,3139,-334,368
29,100,1049,3140,-344,358
29,100,1049,3182,-362,71
29,100,1049,3182,-360,80
29,100,1050,3179,-407,111
29,100,1051,3141,-359,343
29,100,1052,3187,-183,0
29,100,1052,3188,-447,0
29,100,1055,3159,-345,361
29,100,1055,3179,-439,87
29,100,1057,3188,-473,0
29,100,1058,3155,-345,361
29,100,1058,3157,-353,353
29,100,1059,3160,-345,361
29,100,1059,3174,-500,-25
29,100,1061,3153,-353,353
29,100,1061,3188,-500,0
29,100,1063,3153,-361,345
29,100,1063,3173,-500,0
29,100,1067,3177,-457,203
29,100,1068,3169,-361,345
29,100,1070,3173,-441,236
29,100,1070,3174,-441,236
29,100,1071,3174,-447,224
29,100,1073,3176,-466,179
29,100,1073,3178,-478,144
29,100,1074,3176,-466,179
29,100,1074,3177,-474,156
29,100,1076,3180,-488,109
29,100,1077,3178,-482,132
29,100,1077,3188,-500,0
32,101,1019,3188,167,470
32,101,1019,3188,224,447
32,101,1020,3186,21,421
32,101,1026,3195,246,-272
32,101,1027,3211,215,-95
32,101,1032,3186,150,421
32,101,1035,3194,132,371
32,101,1036,3216,-84,-132
32,101,1037,3212,-27,-181
32,101,1038,3214,-124,-168
32,101,1039,3189,31,419
32,101,1039,3192,-189,282
32,101,1040,3191,47,392
32,101,1040,3219,-23,-12
32,101,1041,3198,41,340
32,101,1044,3189,0,421
32,101,1044,3207,8,24
32,101,1044,3209,0,0
32,101,1044,3209,87,246
32,101,1044,3210,23,10
32,101,1044,3211,17,182
32,101,1044,3211,207,111
32,101,1044,3212,12,-103
32,101,1044,3212,17,182
32,101,1044,3215,181,31
32,101,1045,3188,-435,246
32,101,1048,3171,-148,449
32,101,1048,3175,-361,345
32,101,1049,3186,-482,132
32,101,1049,3188,-494,74
32,101,1051,3188,-500,0
32,101,1052,3188,-500,0
32,101,1055,3173,-287,408
32,101,1055,3183,-470,167
32,101,1055,3183,-462,191
32,101,1055,3184,-470,167
32,101,1055,3185,-492,85
32,101,1056,3172,-306,394
32,101,1056,3176,-361,345
32,101,1056,3183,-474,156
32,101,1056,3184,-470,167
32,101,1056,3186,-494,74
32,101,1057,3182,-457,203
32,101,1057,3183,-470,167
32,101,1057,3183,-466,179
32,101,1057,3185,-490,97
32,101,1058,3184,-484,121
32,101,1058,3185,-490,97
32,101,1060,3183,-482,132
32,101,1061,3178,-429,257
32,101,1061,3181,-466,179
32,101,1087,3189,21,421
32,101,1088,3191,0,342
32,101,1088,3191,0,395
32,101,1129,3246,-199,371
32,101,1140,3252,-500,0
33,2,1018,128,332,-258
33,2,1020,137,283,-346
33,2,1024,150,361,-345
33,2,1024,151,0,-500
33,2,1026,155,353,-353
33,2,1028,146,361,-345
33,2,1041,139,41,-419
33,2,1061,156,353,-353
33,2,1061,158,272,-351
33,2,1062,156,345,-361
33,2,1072,163,141,-396
33,2,1076,135,0,-395
33,2,1076,139,0,-421
33,2,1076,148,148,-450
33,2,1081,150,267,-421
33,2,1083,163,74,-494
33,2,1084,139,0,-421
33,2,1084,154,0,-500
33,2,1084,159,0,-500
33,2,1084,164,0,-500
33,2,1084,169,0,-500
33,2,1086,139,41,-419
33,2,1088,152,-22,-444
33,2,1088,156,-21,-418
33,2,1088,158,0,-414
33,2,1088,158,0,-392
33,2,1088,162,-18,-366
33,2,1088,162,0,-387
33,2,1088,162,0,-366
33,2,1089,156,-21,-418
33,2,1089,164,-18,-366
33,2,1090,164,-18,-366
33,2,1091,136,0,-418
33,2,1091,145,0,-471
33,2,1091,164,-18,-366
33,2,1091,165,0,-340
33,2,1092,152,-22,-444
33,2,1092,156,-21,-418
33,2,1093,156,-21,-418
33,2,1093,164,-18,-366
33,2,1093,165,0,-340
33,2,1094,156,-21,-418
33,2,1094,164,-18,-366
33,2,1095,164,-18,-366
33,2,1097,152,-22,-444
33,2,1097,164,-18,-366
33,2,1098,164,-18,-366
33,2,1100,152,-22,-444
33,2,1100,156,-21,-418
33,2,1100,164,-18,-366
33,2,1101,164,-18,-366
33,2,1103,151,-353,-353
33,2,1103,164,-18,-366
33,2,1104,151,-345,-361
33,2,1105,151,-345,-361
33,2,1105,164,-18,-366
33,2,1106,164,18,-366
33,2,1107,142,25,-497
33,2,1107,151,-345,-361
33,2,1107,151,32,-443
33,2,1107,152,-22,-444
33,2,1107,155,-344,-359
33,2,1107,164,18,-366
33,2,1108,152,-22,-444
33,2,1108,155,-344,-359
33,2,1108,164,-18,-366
33,2,1109,151,-345,-361
33,2,1109,152,-345,-361
33,2,1109,152,-22,-444
33,2,1109,156,-21,-418
33,2,1109,164,-18,-366
33,2,1110,155,-344,-359
33,2,1110,164,-18,-366
33,2,1111,151,-345,-361
33,2,1111,164,-18,-366
33,2,1112,152,-22,-444
33,2,1112,155,-344,-359
33,2,1113,152,-345,-361
33,2,1113,164,-18,-366
33,2,1114,155,-344,-359
33,2,1115,152,-371,-335
33,2,1115,164,18,-366
33,2,1116,152,-22,-444
33,2,1117,164,-18,-366
33,2,1118,156,-21,-418
33,2,1118,164,-18,-366
33,2,1119,152,-22,-444
33,2,1119,164,-18,-366
33,2,1120,156,-21,-418
33,2,1120,164,-18,-366
33,2,1121,145,0,-471
33,2,1121,156,-21,-418
33,2,1121,164,-18,-366
33,2,1121,165,0,-340
33,2,1122,152,-22,-444
33,2,1122,156,-21,-418
33,2,1122,164,-18,-366
33,2,1123,156,-21,-418
33,2,1123,164,-18,-366
33,2,1124,164,-18,-366
33,2,1125,164,-18,-366
33,2,1126,156,-21,-418
33,2,1126,164,-18,-366
33,2,1127,156,-21,-418
33,2,1127,164,-18,-366
33,2,1128,156,-21,-418
33,2,1128,164,-18,-366
33,2,1129,164,-18,-366
33,2,1129,164,18,-366
33,2,1129,165,0,-340
33,2,1130,156,-21,-418
33,2,1130,164,-18,-366
33,2,1130,165,0,-340
33,2,1131,145,0,-471
33,2,1131,156,-21,-418
33,2,1131,164,-18,-366
33,2,1131,165,0,-340
33,2,1131,166,0,-340
33,2,1131,167,0,-500
33,2,1132,95,78,-7
33,2,1132,100,37,151
33,2,1132,105,76,-137
33,2,1132,105,99,121
33,2,1132,107,99,121
33,2,1132,156,-21,-418
33,2,1132,160,-29,-391
33,2,1132,164,-18,-366
33,2,1133,101,108,147
33,2,1133,101,124,168
33,2,1133,104,154,-98
33,2,1133,104,170,-66
33,2,1133,105,170,-66
33,2,1133,107,169,69
33,2,1133,156,0,-418
33,2,1133,164,-18,-366
33,2,1133,164,0,-366
33,2,1134,104,182,17
33,2,1134,107,217,89
33,2,1134,108,169,69
33,2,1135,103,198,-65
33,2,1136,87,112,67
33,2,1136,100,266,-255
33,2,1136,102,224,-135
33,2,1136,106,209,0
33,2,1137,96,289,28
33,2,1137,103,235,11
33,2,1137,104,234,22
33,2,1137,105,261,5
33,2,1138,156,30,-417
33,2,1138,160,28,-391
33,2,1139,152,-371,-335
33,2,1141,99,400,-132
33,2,1141,103,312,30
33,2,1141,156,-21,-418
33,2,1141,160,-29,-391
33,2,1142,102,367,27
33,2,1142,103,314,15
33,2,1142,103,337,41
33,2,1143,95,295,113
33,2,1143,97,294,-217
33,2,1143,109,418,-10
33,2,1144,97,466,81
33,2,1144,100,334,75
33,2,1144,102,338,25
33,2,1144,103,340,17
33,2,1144,104,337,41
33,2,1144,105,100,212
33,2,1144,105,247,148
33,2,1144,111,364,-27
33,2,1146,108,340,-8
33,2,1147,102,299,257
33,2,1147,104,148,-247
33,2,1147,105,269,161
33,2,1147,113,-144,306
33,2,1148,75,-26,0
33,2,1148,104,286,182
33,2,1148,107,141,250
33,2,1148,110,141,250
33,2,1149,102,343,241
33,2,1149,103,279,240
33,2,1149,104,308,195
33,2,1150,107,314,-189
33,2,1152,105,160,300
33,2,1152,109,-31,419
33,2,1152,109,153,242
33,2,1152,137,0,-500
33,2,1152,148,0,-471
33,2,1152,149,0,-466
33,2,1152,149,0,-444
33,2,1152,150,0,-466
33,2,1152,150,0,-444
33,2,1152,151,0,-466
33,2,1152,151,0,-444
33,2,1152,152,0,-444
33,2,1153,100,26,-365
33,2,1153,147,-35,-469
33,2,1153,152,-22,-444
33,2,1154,110,182,286
33,2,1154,149,-48,-498
33,2,1156,141,-179,-466
33,2,1163,75,-209,0
33,2,1168,121,-242,404
33,2,1169,142,-361,-345
33,2,1173,145,-353,-353
33,2,1173,146,-353,-353
33,2,1174,143,-361,-345
33,2,1176,147,-421,-267
33,100,1019,3147,156,474
33,100,1024,3147,0,500
33,100,1033,3197,-300,-99
33,100,1062,3155,-27,364
33,100,1076,3133,121,484
33,100,1077,3138,132,482
33,100,1081,3131,38,391
33,100,1081,3136,40,416
33,100,1082,3135,28,391
33,100,1084,3127,0,500
33,100,1084,3154,0,447
33,100,1084,3171,0,104
33,100,1088,3130,0,340
33,100,1088,3132,0,387
33,100,1088,3134,0,366
33,100,1088,3136,0,414
33,100,1088,3137,-21,418
33,100,1088,3151,0,366
33,100,1088,3174,-32,126
33,100,1089,3130,0,340
33,100,1089,3131,-20,392
33,100,1089,3133,-20,392
33,100,1089,3134,-20,405
33,100,1089,3134,-18,366
33,100,1089,3170,-44,177
33,100,1089,3171,-27,180
33,100,1090,3130,0,340
33,100,1090,3134,-27,364
33,100,1091,3130,0,340
33,100,1091,3134,-35,364
33,100,1091,3166,-90,273
33,100,1091,3167,-96,270
33,100,1091,3172,-94,90
33,100,1092,3130,0,340
33,100,1092,3171,-113,108
33,100,1094,3130,0,340
33,100,1094,3133,-80,357
33,100,1098,3163,-345,361
33,100,1098,3168,-191,182
33,100,1099,3133,-114,347
33,100,1100,3130,0,340
33,100,1101,3130,0,340
33,100,1102,3130,0,340
33,100,1102,3132,-132,341
33,100,1103,3130,0,340
33,100,1104,3130,0,340
33,100,1104,3145,-353,353
33,100,1104,3166,0,261
33,100,1104,3167,0,261
33,100,1104,3168,0,235
33,100,1105,3145,-353,353
33,100,1106,3130,0,340
33,100,1107,3130,0,340
33,100,1107,3141,-344,358
33,100,1107,3145,-353,353
33,100,1108,3130,0,340
33,100,1108,3131,0,340
33,100,1108,3145,-353,353
33,100,1109,3130,0,340
33,100,1109,3145,-353,353
33,100,1110,3130,0,340
33,100,1110,3131,0,340
33,100,1111,3130,0,340
33,100,1111,3136,-232,348
33,100,1111,3141,-344,358
33,100,1112,3130,0,340
33,100,1112,3131,0,340
33,100,1112,3145,-353,353
33,100,1112,3166,0,261
33,100,1112,3167,0,261
33,100,1113,3130,0,340
33,100,1113,3145,-353,353
33,100,1116,3143,-361,345
33,100,1116,3144,-371,335
33,100,1117,3139,-325,340
33,100,1117,3145,-361,345
33,100,1118,3130,0,340
33,100,1118,3131,0,340
33,100,1118,3140,-351,351
33,100,1119,3130,0,340
33,100,1119,3131,0,340
33,100,1119,3140,-353,353
33,100,1119,3141,-369,333
33,100,1120,3140,-371,335
33,100,1120,3140,-356,340
33,100,1120,3140,-348,348
33,100,1120,3141,-369,333
33,100,1120,3144,-386,316
33,100,1121,3131,26,364
33,100,1121,3142,-378,326
33,100,1121,3187,138,-74
33,100,1122,3130,0,340
33,100,1123,3130,0,340
33,100,1124,3130,0,340
33,100,1126,3130,0,340
33,100,1126,3131,26,364
33,100,1127,3130,0,340
33,100,1129,3130,0,340
33,100,1130,3130,0,340
33,100,1131,3130,0,340
33,100,1138,3134,0,366
33,100,1140,3134,0,366
33,100,1145,3165,-309,323
33,100,1148,3145,-353,353
33,100,1152,3158,-345,361
33,100,1158,3174,-377,189
33,100,1163,3163,-361,345
33,100,1167,3159,-345,361
33,100,1167,3160,-345,361
34,1,1029,60,451,-212
34,1,1031,64,441,-236
34,1,1058,74,210,15
34,1,1088,108,0,-421
34,1,1113,113,478,-144
34,1,1114,117,416,-277
34,1,1114,117,429,-257
34,1,1115,116,447,-224
34,1,1116,118,408,-287
34,1,1118,119,371,-335
34,1,1121,120,-156,-474
34,1,1121,121,306,-394
34,1,1122,125,0,-500
34,1,1126,110,451,-212
34,1,1126,125,-361,-345
34,1,1128,107,444,0
34,1,1129,91,-367,-207
34,1,1129,125,0,-500
34,1,1130,107,435,-246
34,1,1131,106,0,-421
34,1,1131,110,0,-447
34,1,1137,113,-81,-466
34,1,1138,118,262,-394
34,1,1140,101,-132,-372
34,1,1141,99,-151,-366
34,1,1141,111,-119,-432
34,1,1142,105,-151,-393
34,1,1143,115,-137,-453
34,1,1144,103,-179,-380
34,1,1144,106,-182,-409
34,1,1144,107,-182,-409
34,1,1144,109,-160,-417
34,1,1144,111,-170,-442
34,1,1144,115,-159,-446
34,1,1145,104,-189,-377
34,1,1145,114,-170,-442
34,1,1146,109,-182,-409
34,1,1146,110,-192,-433
34,1,1146,120,-167,-470
34,1,1147,108,-201,-400
34,1,1147,111,-192,-433
34,1,1148,102,0,-395
34,1,1148,106,0,-421
34,1,1148,111,-201,-427
34,1,1152,109,0,-447
34,1,1152,117,0,-473
34,1,1153,103,-20,-395
34,1,1153,110,-224,-447
34,1,1160,98,-353,-274
34,1,1160,109,-309,-359
34,1,1162,113,-113,-375
34,1,1165,99,-394,-262
35,100,1108,3156,0,497
35,100,1108,3159,0,500
35,100,1112,3151,0,444
35,100,1117,3188,-254,135
35,100,1119,3143,361,345
35,100,1121,3145,353,353
35,100,1121,3147,378,326
35,100,1123,3148,378,326
35,100,1124,3144,361,345
35,100,1124,3148,371,335
35,100,1124,3149,378,326
35,100,1125,3145,361,345
35,100,1126,3145,345,361
35,100,1126,3149,353,353
35,100,1126,3149,361,345
35,100,1127,3145,353,353
35,100,1127,3146,361,345
35,100,1128,3141,0,418
35,100,1128,3188,-211,394
35,100,1128,3188,-111,110
35,100,1128,3188,-73,29
35,100,1131,3134,0,366
35,100,1131,3135,0,366
35,100,1131,3135,28,391
35,100,1131,3189,0,0
35,100,1131,3190,-78,-4
35,100,1131,3190,-66,-81
35,100,1131,3190,-5,-104
35,100,1131,3191,-73,-30
35,100,1131,3191,-43,28
35,100,1132,3134,0,366
35,100,1132,3135,28,391
35,100,1133,3134,0,366
35,100,1133,3191,23,-12
35,100,1134,3134,0,366
35,100,1134,3187,-78,-165
35,100,1135,3134,0,366
35,100,1135,3136,-20,392
35,100,1135,3136,28,391
35,100,1135,3154,0,447
35,100,1136,3134,0,366
35,100,1136,3136,28,391
35,100,1136,3187,-70,-169
35,100,1137,3134,0,366
35,100,1137,3135,0,366
35,100,1138,3134,0,366
35,100,1138,3146,358,343
35,100,1139,3134,0,366
35,100,1139,3145,351,351
35,100,1139,3146,358,343
35,100,1140,3134,0,366
35,100,1140,3190,-177,-44
35,100,1141,3134,0,366
35,100,1141,3136,122,372
35,100,1142,3134,0,366
35,100,1142,3134,103,378
35,100,1142,3136,113,375
35,100,1143,3134,0,366
35,100,1143,3135,94,380
35,100,1144,3134,0,366
35,100,1144,3135,0,392
35,100,1144,3135,94,380
35,100,1145,3134,0,366
35,100,1145,3135,85,383
35,100,1146,3134,0,366
35,100,1147,3134,0,366
35,100,1148,3134,0,366
35,100,1148,3134,44,363
35,100,1149,3134,0,366
35,100,1150,3142,46,471
35,100,1151,3134,0,366
35,100,1152,3134,0,366
35,100,1152,3135,0,392
35,100,1152,3136,0,395
35,100,1152,3140,0,414
35,100,1152,3140,0,421
35,100,1152,3142,0,418
35,100,1152,3144,0,440
35,100,1153,3134,0,366
35,100,1154,3134,0,366
35,100,1154,3135,0,366
35,100,1154,3137,0,392
35,100,1155,3134,0,366
35,100,1156,3134,0,366
35,100,1156,3138,0,421
35,100,1157,3134,0,366
35,100,1158,3134,0,366
35,100,1158,3136,26,364
35,100,1158,3154,0,500
35,100,1159,3134,0,366
35,100,1160,3134,0,366
35,100,1160,3135,0,340
35,100,1161,3134,0,366
35,100,1162,3134,0,366
35,100,1163,3134,0,366
35,100,1166,3135,28,391
35,100,1167,3135,28,391
35,100,1168,3135,28,391
35,100,1169,3135,28,391
35,100,1170,3134,0,366
35,100,1172,3138,0,392
35,100,1174,3134,0,366
35,100,1174,3138,0,392
35,100,1175,3135,28,391
35,100,1177,3135,28,391
35,100,1177,3149,-353,353
35,100,1178,3134,0,366
35,100,1178,3138,0,392
35,100,1179,3134,0,366
35,100,1180,3135,28,391
35,100,1181,3134,0,366
35,100,1181,3135,0,366
35,100,1182,3134,0,366
35,100,1183,3134,0,366
35,100,1183,3138,0,392
35,100,1184,3134,0,366
35,100,1184,3135,0,340
35,100,1185,3134,0,366
35,100,1186,3134,0,366
35,100,1186,3138,0,392
35,100,1187,3134,0,366
35,100,1188,3134,0,366
35,100,1188,3135,28,391
35,100,1191,3135,28,391
35,100,1192,3135,28,391
35,100,1193,3136,28,391
35,100,1194,3134,0,366
35,100,1194,3138,0,392
35,100,1195,3134,0,366
35,100,1197,3145,-361,345
35,100,1202,3173,-255,266
35,100,1215,3173,-312,282
35,100,1216,3151,0,471
35,100,1217,3151,-37,498
35,100,1219,3151,25,500
35,100,1220,3169,-339,291
35,100,1223,3175,-367,207
35,100,1225,3165,-339,291
35,100,1227,3156,-408,287
35,100,1229,3148,-361,345
35,100,1231,3152,-416,277
36,1,1109,19,421,0
36,1,1121,102,366,-300
36,1,1130,94,305,-250
36,1,1130,107,435,-246
36,1,1135,104,402,-296
36,1,1135,104,435,-246
36,1,1142,98,360,-266
36,1,1145,96,339,-250
36,1,1146,96,332,-258
36,1,1146,96,339,-250
36,1,1147,105,291,-339
36,1,1151,106,21,-421
36,1,1151,110,22,-447
36,1,1152,97,0,-369
36,1,1152,100,0,-421
36,1,1152,100,0,-369
36,1,1152,104,0,-447
36,1,1152,109,0,-447
36,1,1152,113,0,-473
36,1,1152,117,0,-473
36,1,1153,113,23,-473
36,1,1153,117,-148,-450
36,1,1154,96,19,-395
36,1,1155,95,17,-342
36,1,1155,106,21,-421
36,1,1156,103,0,-395
36,1,1156,120,167,-470
36,1,1157,85,464,-92
36,1,1159,115,148,-450
36,1,1160,100,177,-353
36,1,1163,91,78,0
36,1,1165,133,38,-391
36,1,1166,126,0,-497
36,1,1169,98,0,-369
36,1,1171,78,179,-49
36,1,1171,89,29,-394
36,1,1171,103,-50,-251
36,1,1172,78,49,92
36,1,1172,80,88,47
36,1,1172,82,69,104
36,1,1172,83,0,0
36,1,1172,85,25,2
36,1,1172,86,16,-20
36,1,1172,87,16,-20
36,1,1172,89,16,-20
36,1,1172,89,237,-98
36,1,1172,92,282,27
36,1,1172,98,0,-157
36,1,1172,102,0,-395
36,1,1172,106,0,-421
36,1,1172,110,0,-447
36,1,1174,107,108,-164
36,1,1174,125,0,-500
36,1,1175,102,0,-395
36,1,1175,106,0,-421
36,1,1176,106,0,-421
36,1,1181,107,-75,-248
36,1,1182,124,0,-500
36,1,1185,119,-378,-326
36,1,1188,115,-457,-203
36,1,1189,113,-470,-167
36,1,1189,115,-457,-203
36,1,1190,116,-416,-277
36,1,1200,106,0,-421
36,1,1201,106,0,-421
36,1,1205,107,-62,-416
36,1,1256,98,-353,-274
36,1,1259,67,0,-500
37,2,1131,107,361,-345
37,2,1131,107,402,-296
37,2,1134,145,353,-353
37,2,1135,105,457,-126
37,2,1137,136,345,-361
37,2,1137,136,361,-345
37,2,1147,107,369,0
37,2,1154,105,-294,217
37,2,1155,91,-258,-222
37,2,1156,108,-136,253
37,2,1160,95,-285,-190
37,2,1160,103,-339,33
37,2,1161,103,-339,33
37,2,1163,87,-174,-57
37,2,1164,88,-261,-13
37,2,1165,99,-260,19
37,2,1165,156,-21,-418
37,2,1166,108,-233,-211
37,2,1166,155,343,-359
37,2,1167,99,-234,22
37,2,1167,101,-235,-165
37,2,1167,156,358,-344
37,2,1169,103,-210,-155
37,2,1169,160,-20,-392
37,2,1170,152,353,-353
37,2,1171,107,-78,0
37,2,1171,164,-18,-366
37,2,1172,144,0,-471
37,2,1172,145,0,-471
37,2,1172,165,0,-340
37,2,1172,166,0,-340
37,2,1172,167,0,-500
37,2,1173,156,-21,-418
37,2,1174,156,-21,-418
37,2,1174,156,0,-418
37,2,1174,164,-18,-366
37,2,1174,164,0,-366
37,2,1174,165,0,-340
37,2,1175,156,-21,-418
37,2,1175,164,-18,-366
37,2,1176,156,-21,-418
37,2,1176,164,-18,-366
37,2,1177,156,-21,-418
37,2,1177,164,-18,-366
37,2,1177,165,0,-340
37,2,1178,156,-21,-418
37,2,1178,164,-18,-366
37,2,1179,164,-18,-366
37,2,1180,142,-25,-497
37,2,1180,147,-24,-471
37,2,1180,156,-21,-418
37,2,1180,164,-18,-366
37,2,1181,164,-18,-366
37,2,1182,147,-24,-471
37,2,1182,156,-21,-418
37,2,1182,164,-18,-366
37,2,1183,142,-25,-497
37,2,1183,156,-21,-418
37,2,1183,164,-18,-366
37,2,1184,147,-24,-471
37,2,1184,156,-21,-418
37,2,1184,156,358,-344
37,2,1184,164,-18,-366
37,2,1185,156,-21,-418
37,2,1185,156,351,-351
37,2,1185,156,353,-353
37,2,1185,156,358,-344
37,2,1185,164,-18,-366
37,2,1185,165,0,-340
37,2,1186,154,361,-345
37,2,1186,156,-21,-418
37,2,1186,164,-18,-366
37,2,1186,165,0,-340
37,2,1187,153,361,-345
37,2,1187,153,371,-335
37,2,1187,155,343,-359
37,2,1187,156,-21,-418
37,2,1187,164,-18,-366
37,2,1188,152,353,-353
37,2,1188,164,-18,-366
37,2,1188,165,0,-340
37,2,1189,142,-25,-497
37,2,1189,147,-24,-471
37,2,1189,155,343,-359
37,2,1189,156,-21,-418
37,2,1190,155,343,-359
37,2,1190,156,-21,-418
37,2,1190,164,-18,-366
37,2,1191,150,361,-345
37,2,1191,152,-22,-444
37,2,1191,152,353,-353
37,2,1191,155,343,-359
37,2,1191,156,-21,-418
37,2,1191,159,264,-358
37,2,1191,164,-18,-366
37,2,1192,149,361,-345
37,2,1192,155,343,-359
37,2,1192,161,232,-348
37,2,1192,164,-18,-366
37,2,1193,152,-22,-444
37,2,1193,159,277,-416
37,2,1193,164,-18,-366
37,2,1194,151,353,-353
37,2,1194,164,-18,-366
37,2,1194,165,0,-340
37,2,1195,152,-22,-444
37,2,1195,155,343,-359
37,2,1195,164,-18,-366
37,2,1196,155,287,-408
37,2,1196,155,343,-359
37,2,1196,164,-18,-366
37,2,1197,154,260,-392
37,2,1197,156,-21,-418
37,2,1197,164,-18,-366
37,2,1198,163,176,-351
37,2,1198,164,-18,-366
37,2,1199,156,-21,-418
37,2,1199,164,-18,-366
37,2,1200,156,-21,-418
37,2,1200,163,159,-358
37,2,1200,164,-18,-366
37,2,1201,156,-21,-418
37,2,1201,164,-18,-366
37,2,1201,165,0,-340
37,2,1202,152,-22,-444
37,2,1202,156,-21,-418
37,2,1202,162,141,-366
37,2,1202,164,-18,-366
37,2,1202,165,0,-340
37,2,1203,156,-21,-418
37,2,1203,164,-18,-366
37,2,1203,164,18,-366
37,2,1204,156,-21,-418
37,2,1204,162,122,-372
37,2,1204,164,-18,-366
37,2,1204,164,18,-366
37,2,1204,165,105,-350
37,2,1205,142,25,-497
37,2,1205,144,267,-421
37,2,1205,156,-21,-418
37,2,1205,158,130,-397
37,2,1205,164,-18,-366
37,2,1205,164,18,-366
37,2,1205,165,0,-340
37,2,1206,142,25,-497
37,2,1206,152,-22,-444
37,2,1206,156,-21,-418
37,2,1206,156,30,-417
37,2,1206,164,-18,-366
37,2,1206,164,0,-366
37,2,1206,164,18,-366
37,2,1206,165,0,-340
37,2,1206,165,97,-353
37,2,1207,133,0,-444
37,2,1207,142,25,-497
37,2,1207,156,-21,-418
37,2,1207,164,-18,-366
37,2,1207,164,18,-366
37,2,1207,165,0,-340
37,2,1208,142,25,-497
37,2,1208,156,-21,-418
37,2,1208,164,-18,-366
37,2,1208,165,71,-359
37,2,1208,165,80,-358
37,2,1209,153,107,-431
37,2,1209,156,-21,-418
37,2,1209,164,-18,-366
37,2,1209,164,18,-366
37,2,1210,142,25,-497
37,2,1210,152,-22,-444
37,2,1210,156,-21,-418
37,2,1210,157,81,-410
37,2,1210,161,76,-385
37,2,1210,162,80,-358
37,2,1210,164,-18,-366
37,2,1210,165,0,-340
37,2,1211,143,132,-480
37,2,1211,147,-24,-471
37,2,1211,161,67,-386
37,2,1211,164,-18,-366
37,2,1212,156,-21,-418
37,2,1212,161,67,-386
37,2,1212,162,44,-363
37,2,1212,164,44,-363
37,2,1212,164,54,-362
37,2,1213,156,-21,-418
37,2,1213,156,50,-415
37,2,1213,156,62,-414
37,2,1213,160,38,-391
37,2,1213,164,-18,-366
37,2,1213,165,0,-340
37,2,1214,156,-21,-418
37,2,1214,160,28,-391
37,2,1214,160,38,-391
37,2,1214,161,30,-412
37,2,1214,164,-18,-366
37,2,1214,164,26,-365
37,2,1215,133,0,-444
37,2,1215,156,21,-418
37,2,1215,158,20,-414
37,2,1215,163,19,-387
37,2,1215,164,-18,-366
37,2,1215,164,19,-387
37,2,1216,155,22,-440
37,2,1216,156,0,-418
37,2,1216,156,22,-440
37,2,1216,158,0,-414
37,2,1216,158,0,-392
37,2,1216,161,0,-387
37,2,1216,162,0,-387
37,2,1216,162,0,-366
37,2,1216,163,0,-500
37,2,1216,164,-18,-366
37,2,1216,164,18,-366
37,2,1217,164,-18,-366
37,2,1218,156,-21,-418
37,2,1219,126,0,-157
37,2,1219,129,0,-209
37,2,1219,164,-18,-366
37,2,1220,139,0,-421
37,2,1220,154,0,-500
37,2,1220,156,0,-500
37,2,1220,156,0,-497
37,2,1220,157,0,-500
37,2,1220,158,0,-500
37,2,1220,165,0,-500
37,2,1220,166,0,-497
37,2,1220,166,0,-444
37,2,1220,167,0,-497
37,2,1220,168,0,-471
37,2,1220,169,0,-500
37,2,1221,142,-25,-500
37,2,1222,159,-41,-417
37,2,1223,163,-29,-391
37,2,1223,165,-29,-391
37,2,1229,161,-156,-474
37,2,1229,165,-132,-482
37,2,1250,137,-378,-326
37,2,1280,149,0,-500
40,2,1220,120,488,-109
40,2,1220,121,447,-224
40,2,1220,121,457,-203
40,2,1220,122,457,-203
40,2,1225,107,473,0
40,2,1225,127,457,-203
40,2,1226,107,314,0
40,2,1229,125,432,-192
40,2,1229,135,361,-345
40,2,1230,107,447,0
40,2,1231,149,361,-345
40,2,1232,118,431,-119
40,2,1234,121,415,-160
40,2,1234,152,353,-353
40,2,1235,120,421,-150
40,2,1236,106,314,0
40,2,1236,152,353,-353
40,2,1237,107,421,0
40,2,1237,121,414,-171
40,2,1237,148,345,-361
40,2,1239,107,395,0
40,2,1239,118,393,-151
40,2,1240,118,393,-151
40,2,1241,116,378,-114
40,2,1242,116,378,-114
40,2,1242,117,371,-132
40,2,1243,111,281,-70
40,2,1243,117,371,-132
40,2,1244,107,369,0
40,2,1244,114,355,-98
40,2,1244,114,357,-89
40,2,1245,114,355,-98
40,2,1245,115,347,-124
40,2,1245,115,350,-115
40,2,1250,144,353,-353
40,2,1254,109,179,-49
40,2,1257,137,345,-361
40,2,1259,97,5,-25
40,2,1259,131,371,-335
40,2,1259,147,361,-345
40,2,1260,100,1,-26
40,2,1260,105,12,-133
40,2,1260,133,345,-361
40,2,1260,145,353,-353
40,2,1260,146,361,-345
40,2,1260,147,361,-345
40,2,1261,145,353,-353
40,2,1261,149,345,-361
40,2,1261,150,335,-371
40,2,1261,150,345,-361
40,2,1262,131,335,-371
40,2,1262,148,345,-361
40,2,1262,148,353,-353
40,2,1262,149,353,-353
40,2,1263,137,345,-361
40,2,1263,153,296,-402
40,2,1265,145,345,-361
40,2,1265,146,345,-361
40,2,1265,146,353,-353
40,2,1269,146,296,-402
40,2,1273,154,345,-361
40,2,1274,110,-164,133
40,2,1276,136,291,-339
40,2,1280,142,335,-371
40,2,1284,108,23,12
40,2,1287,164,156,-474
40,2,1292,121,75,-72
40,2,1295,110,271,-163
40,2,1298,124,233,117
40,2,1300,115,21,14
40,2,1300,139,0,-421
40,2,1300,141,0,-447
40,2,1300,145,148,-450
41,3,1240,123,500,11
41,3,1240,124,500,0
41,3,1240,130,500,11
41,3,1240,131,500,0
41,3,1241,132,500,0
41,3,1242,123,500,11
41,3,1242,126,494,74
41,3,1242,129,500,25
41,3,1244,120,498,37
41,3,1244,121,498,37
41,3,1244,128,498,37
41,3,1245,121,500,25
41,3,1245,122,500,25
41,3,1245,129,500,25
41,3,1245,130,500,11
41,3,1247,127,496,60
41,3,1248,128,498,48
41,3,1248,151,408,-287
41,3,1249,105,442,32
41,3,1249,149,416,-277
41,3,1249,151,408,-287
41,3,1249,152,408,-287
41,3,1250,131,500,0
41,3,1251,132,500,0
41,3,1252,155,368,-334
41,3,1252,161,340,-325
41,3,1252,163,340,-325
41,3,1252,164,340,-325
41,3,1253,145,353,-353
41,3,1253,154,368,-334
41,3,1253,155,368,-334
41,3,1254,154,358,-344
41,3,1254,154,368,-334
41,3,1254,155,368,-334
41,3,1254,157,343,-359
41,3,1255,139,371,-335
41,3,1255,142,361,-345
41,3,1257,123,473,10
41,3,1257,151,361,-345
41,3,1259,107,500,0
41,3,1259,154,361,-345
41,3,1259,156,361,-345
41,3,1259,157,361,-345
41,3,1259,158,361,-345
41,3,1259,160,361,-345
41,3,1259,161,361,-345
41,3,1259,162,361,-345
41,3,1259,165,361,-345
41,3,1261,157,296,-402
41,3,1262,125,447,0
41,3,1265,122,447,10
41,3,1270,135,332,-300
41,3,1273,107,289,0
41,3,1273,141,299,-366
41,3,1273,143,345,-361
41,3,1273,150,345,-361
41,3,1277,123,-105,-381
41,3,1277,138,265,-360
41,3,1278,117,-123,-320
41,3,1279,122,338,50
41,3,1279,138,262,-394
41,3,1279,139,262,-394
41,3,1280,156,272,-351
41,3,1281,124,131,22
41,3,1281,131,266,-326
41,3,1282,136,248,-372
41,3,1283,125,133,0
41,3,1283,128,113,-108
41,3,1284,127,94,-90
41,3,1284,152,224,-447
41,3,1286,169,156,-474
41,3,1287,135,-326,-174
41,3,1287,169,144,-478
41,3,1287,175,169,-442
41,3,1288,125,-328,98
41,3,1290,166,121,-484
41,3,1290,172,139,-425
41,3,1290,195,121,-484
41,3,1290,196,121,-484
41,3,1291,107,212,0
41,3,1291,142,108,-433
41,3,1291,198,132,-482
41,3,1293,120,-258,-39
41,3,1293,122,-258,-58
41,3,1293,122,-232,-52
41,3,1294,187,60,-496
41,3,1295,122,-205,-51
41,3,1295,122,-198,-76
41,3,1295,200,60,-496
41,3,1296,134,-332,300
41,3,1297,122,-144,151
41,3,1297,123,-155,-103
41,3,1300,158,0,0
41,3,1309,196,-167,-470
41,3,1310,193,-153,-304
41,3,1316,200,0,-500
41,3,1375,191,175,-292
41,4,1240,131,500,0
41,4,1248,185,392,0
41,4,1249,195,496,-60
41,4,1250,193,470,-35
41,4,1251,188,500,0
41,4,1251,189,500,0
41,4,1251,190,414,-21
41,4,1251,190,414,0
41,4,1252,185,418,0
41,4,1252,186,418,0
41,4,1252,187,416,30
41,4,1252,187,418,21
41,4,1252,189,500,0
41,4,1252,190,416,-31
41,4,1252,190,418,-21
41,4,1252,191,433,-10
41,4,1252,193,340,-325
41,4,1252,194,340,-325
41,4,1252,195,340,-325
41,4,1252,196,340,-325
41,4,1252,197,340,-325
41,4,1252,198,340,-325
41,4,1252,199,340,-325
41,4,1252,200,340,-325
41,4,1252,201,340,-325
41,4,1252,202,340,-325
41,4,1252,204,340,-325
41,4,1253,186,418,0
41,4,1253,188,500,0
41,4,1253,190,416,-31
41,4,1253,190,418,-21
41,4,1253,190,418,0
41,4,1253,191,416,-31
41,4,1253,191,418,-21
41,4,1253,199,390,-150
41,4,1254,188,418,0
41,4,1254,189,418,-10
41,4,1254,190,418,0
41,4,1255,177,351,-351
41,4,1255,188,418,0
41,4,1255,189,343,-359
41,4,1255,189,418,-10
41,4,1255,190,440,0
41,4,1255,192,351,-351
41,4,1255,192,418,0
41,4,1255,193,351,-351
41,4,1255,194,351,-351
41,4,1255,196,351,-351
41,4,1255,197,351,-351
41,4,1255,198,351,-351
41,4,1256,205,384,-270
41,4,1257,190,444,-22
41,4,1258,202,404,-242
41,4,1259,168,361,-345
41,4,1259,169,361,-345
41,4,1259,171,361,-345
41,4,1259,172,361,-345
41,4,1259,173,361,-345
41,4,1259,174,361,-345
41,4,1259,175,361,-345
41,4,1259,176,361,-345
41,4,1259,177,361,-345
41,4,1259,178,361,-345
41,4,1259,179,361,-345
41,4,1259,181,361,-345
41,4,1259,182,361,-345
41,4,1259,184,361,-345
41,4,1259,185,361,-345
41,4,1259,186,361,-345
41,4,1259,187,361,-345
41,4,1259,188,361,-345
41,4,1259,189,361,-345
41,4,1259,190,361,-345
41,4,1259,191,361,-345
41,4,1259,192,361,-345
41,4,1259,193,361,-345
41,4,1259,194,361,-345
41,4,1259,195,361,-345
41,4,1259,197,361,-345
41,4,1260,195,444,0
41,4,1263,196,500,0
41,4,1264,198,471,0
41,4,1264,199,471,0
41,4,1266,197,500,0
41,4,1268,188,474,-156
41,4,1268,216,277,-416
41,4,1269,167,345,-361
41,4,1269,185,408,-182
41,4,1269,200,497,0
41,4,1269,201,497,0
41,4,1269,202,497,0
41,4,1270,174,345,-361
41,4,1274,179,381,-105
41,4,1274,203,500,0
41,4,1279,205,500,0
41,4,1280,148,0,-130
41,4,1280,181,50,12
41,4,1283,142,217,362
41,4,1286,157,-367,207
41,4,1286,160,-367,207
41,4,1286,161,-367,207
41,4,1286,164,-367,207
41,4,1286,167,-367,207
41,4,1286,168,-367,207
41,4,1289,159,-266,-118
41,4,1289,208,136,-453
41,4,1290,201,141,-396
41,4,1290,202,141,-396
41,4,1291,203,129,-428
41,4,1293,166,-293,-265
41,4,1294,132,-255,57
41,4,1295,125,-234,22
41,4,1295,159,-237,23
41,4,1295,205,76,-441
41,4,1296,168,-108,-433
41,4,1297,154,-198,132
41,4,1297,165,-141,155
41,4,1298,168,-152,101
41,4,1299,146,25,101
41,4,1300,199,0,-395
41,4,1300,203,0,-421
41,4,1300,212,0,-500
41,4,1301,203,-10,-209
41,4,1302,209,-23,-234
41,4,1303,208,-25,-207
41,4,1304,211,-20,-208
41,4,1307,223,167,-470
41,4,1310,222,179,-466
41,4,1316,197,0,-395
41,4,1316,205,0,-447
41,4,1316,212,0,-500
41,4,1316,212,191,-462
41,4,1316,213,0,-473
41,4,1339,194,48,-62
55,125,1729,3937,335,371
55,125,1740,3934,0,366
55,125,1756,3926,0,500
55,125,1756,3929,0,500
55,125,1756,3959,0,395
55,125,1756,3962,48,324
55,125,1756,3964,0,369
55,125,1757,3926,-11,500
55,125,1758,3930,38,391
55,125,1758,3932,38,391
55,125,1760,3930,7,340
55,125,1760,3931,0,340
55,125,1760,3933,0,366
55,125,1760,3934,0,366
55,125,1760,3935,0,366
55,125,1760,3942,0,376
55,125,1760,3955,0,459
55,125,1762,3930,0,340
55,125,1767,3930,0,340
55,125,1770,3930,0,340
55,125,1770,3931,0,340
55,125,1771,3931,0,340
55,125,1776,3931,0,340
55,125,1776,3965,0,104
55,125,1776,3967,0,261
55,125,1776,3968,0,235
55,125,1776,3972,0,183
55,125,1780,3930,0,340
55,125,1782,3930,0,340
55,125,1785,3930,0,340
55,125,1788,3930,0,340
55,125,1790,3930,0,340
55,125,1799,3930,0,340
55,125,1800,3966,0,261
55,125,1802,3930,0,340
55,125,1804,3930,0,340
55,125,1805,3930,0,340
55,125,1807,3930,0,340
55,125,1809,3930,0,340
55,125,1810,3931,26,364
55,125,1811,3930,0,340
55,125,1814,3930,0,340
55,125,1814,3931,0,340
55,125,1818,3931,26,364
55,125,1819,3954,-353,353
55,125,1820,3930,0,340
55,125,1821,3930,0,340
55,125,1822,3930,0,340
55,125,1824,3933,0,366
55,125,1824,3934,0,366
55,125,1824,3934,0,387
55,125,1824,3935,0,366
55,125,1824,3935,0,387
55,125,1824,3938,0,392
55,125,1825,3931,-32,438
55,125,1825,3934,-18,366
55,125,1826,3930,0,340
55,125,1826,3934,-33,442
55,125,1826,3934,-27,364
55,125,1827,3930,0,340
55,125,1827,3934,-35,364
55,125,1828,3930,0,340
55,125,1828,3951,-35,285
55,125,1829,3930,0,340
55,125,1829,3931,0,340
55,125,1829,3933,-71,358
55,125,1830,3930,0,340
55,125,1831,3930,0,340
55,125,1831,3935,-95,380
55,125,1831,3970,-116,141
55,125,1832,3930,0,340
55,125,1832,3931,0,340
55,125,1832,3932,8,366
55,125,1832,3981,-46,-472
55,125,1833,3930,0,340
55,125,1833,3931,0,340
55,125,1834,3928,0,473
55,125,1834,3930,0,340
55,125,1835,3928,0,473
55,125,1835,3930,0,340
55,125,1835,3931,0,340
55,125,1835,3933,0,366
55,125,1835,3987,-32,126
55,125,1836,3930,0,340
55,125,1836,3931,0,366
55,125,1836,3982,6,-287
55,125,1836,3986,0,-183
55,125,1836,3988,37,35
55,125,1836,3988,52,0
55,125,1836,3988,78,0
55,125,1836,3988,78,7
55,125,1836,3989,74,167
55,125,1836,3989,86,57
55,125,1836,3990,61,115
55,125,1836,3991,211,333
55,125,1836,3991,350,233
55,125,1836,3993,105,116
55,125,1836,3999,43,-29
55,125,1836,4000,-32,-126
55,125,1836,4003,26,180
55,125,1836,4005,108,72
55,125,1837,3931,0,366
55,125,1837,3988,78,0
55,125,1837,3989,130,86
55,125,1837,3990,130,86
55,125,1837,3990,164,128
55,125,1837,3990,169,69
55,125,1837,3991,169,69
55,125,1837,3991,211,333
55,125,1837,3992,130,86
55,125,1838,3935,-167,353
55,125,1838,3940,-369,333
55,125,1838,3984,-75,250
55,125,1838,3989,156,15
55,125,1838,4005,-23,-75
55,125,1839,3989,-162,86
55,125,1839,3989,209,0
55,125,1839,3990,209,-5
55,125,1839,3994,-185,98
55,125,1839,3996,176,111
55,125,1840,3993,350,233
55,125,1841,3982,-46,230
55,125,1841,3983,-129,-129
55,125,1841,3984,-67,-112
55,125,1841,3989,117,-55
55,125,1841,3990,209,-5
55,125,1841,3993,260,-19
55,125,1841,3997,-208,-111
55,125,1842,3983,-70,-169
55,125,1842,3990,261,-6
55,125,1842,4020,-51,11
55,125,1843,3990,-111,-208
55,125,1843,3990,261,-6
55,125,1843,3994,445,43
55,125,1844,3989,287,0
55,125,1844,3990,0,0
55,125,1844,3990,235,0
55,125,1844,3990,287,-7
55,125,1844,3991,-51,-7
55,125,1844,3991,-11,-23
55,125,1844,3991,0,0
55,125,1844,3991,1,-26
55,125,1844,3991,5,-25
55,125,1844,3991,13,-22
55,125,1844,3991,22,-13
55,125,1844,3991,22,-12
55,125,1844,3991,24,-10
55,125,1844,3991,89,-54
55,125,1844,3993,1,-78
55,125,1844,3993,66,-42
55,125,1844,3993,287,-14
55,125,1844,3993,471,-35
55,125,1844,3994,0,-26
55,125,1844,3994,445,43
55,125,1844,3994,471,-46
55,125,1845,3939,-307,356
55,125,1846,3988,-242,100
55,125,1846,3988,-10,24
55,125,1847,3988,235,0
55,125,1847,3988,261,0
55,125,1848,3987,-165,202
55,125,1849,3974,-151,-366
55,125,1849,3976,334,-66
55,125,1849,3986,182,-223
55,125,1850,3976,392,-9
55,125,1850,3985,130,-196
55,125,1850,3988,-16,19
55,125,1850,3988,173,-92
55,125,1852,3943,-345,361
55,125,1853,3945,-361,345
55,125,1853,3988,-26,0
55,125,1854,3942,-361,345
55,125,1857,3988,-52,0
55,125,1859,3939,-353,353
55,125,1859,3979,-177,-353
55,125,1860,3962,-298,297
55,125,1867,3971,-324,-265
57,126,1781,3994,386,316
57,126,1811,3966,0,500
57,126,1812,3966,0,500
57,126,1823,3978,394,306
57,126,1824,3988,466,179
57,126,1825,3983,441,236
57,126,1826,3976,236,441
57,126,1826,3978,326,378
57,126,1826,3980,236,441
57,126,1828,3975,85,492
57,126,1829,3979,287,408
57,126,1834,3971,0,500
57,126,1835,3989,0,421
57,126,1836,4007,-266,110
57,126,1840,3993,67,389
57,126,1840,3996,71,361
57,126,1841,3989,41,419
57,126,1841,4003,76,387
57,126,1842,3989,41,419
57,126,1843,4009,-116,-217
57,126,1844,4008,21,14
57,126,1844,4009,190,-140
57,126,1844,4010,0,-257
57,126,1844,4011,23,10
57,126,1844,4011,75,210
57,126,1844,4014,80,134
57,126,1844,4015,0,0
57,126,1844,4015,145,-152
57,126,1844,4015,149,26
57,126,1844,4015,181,31
57,126,1844,4016,123,21
57,126,1844,4017,89,-218
57,126,1844,4017,102,17
57,126,1844,4018,87,-91
57,126,1844,4018,94,-31
57,126,1845,3988,-435,246
57,126,1846,3989,21,421
57,126,1848,3974,0,500
57,126,1848,3989,21,421
57,126,1854,3975,-236,441
57,126,1855,3983,-470,167
57,126,1856,3985,-488,109
57,126,1857,3978,-402,296
57,126,1857,3983,-478,144
57,126,1857,3983,-416,277
57,126,1857,3985,-484,121
57,126,1859,3978,-416,277
57,126,1860,3976,-402,296
57,126,1860,3978,-416,277
57,126,1864,3989,21,421
58,125,1785,3976,482,132
58,125,1805,3956,345,361
58,125,1805,3956,361,345
58,125,1836,3934,0,366
58,125,1837,3934,0,366
58,125,1837,3972,151,144
58,125,1837,3973,132,161
58,125,1838,3934,0,366
58,125,1839,3934,0,366
58,125,1839,3992,-263,175
58,125,1840,3934,0,366
58,125,1841,3930,0,340
58,125,1841,3931,0,340
58,125,1841,3990,-289,28
58,125,1842,3930,0,340
58,125,1842,3931,26,364
58,125,1843,3930,0,340
58,125,1844,3930,0,340
58,125,1845,3930,0,340
58,125,1845,3931,26,364
58,125,1846,3930,0,340
58,125,1847,3930,0,340
58,125,1847,3931,0,340
58,125,1848,3930,0,340
58,125,1848,3967,0,261
58,125,1848,3969,0,235
58,125,1849,3930,0,340
58,125,1849,3931,0,340
58,125,1850,3930,0,340
58,125,1850,3931,0,340
58,125,1851,3930,0,340
58,125,1852,3930,0,340
58,125,1853,3930,0,340
58,125,1853,3931,0,340
58,125,1854,3930,0,340
58,125,1855,3930,0,340
58,125,1855,3940,355,340
58,125,1856,3930,0,340
58,125,1856,3939,355,340
58,125,1856,3940,348,348
58,125,1856,3940,355,340
58,125,1857,3930,0,340
58,125,1857,3940,351,351
58,125,1857,3941,368,333
58,125,1858,3930,0,340
58,125,1858,3931,0,340
58,125,1858,3940,361,345
58,125,1858,3941,361,345
58,125,1858,3942,361,345
58,125,1859,3930,0,340
58,125,1859,3931,26,364
58,125,1859,3941,358,343
58,125,1859,3942,361,345
58,125,1859,3943,361,345
58,125,1860,3930,0,340
58,125,1860,3931,0,340
58,125,1860,3931,26,364
58,125,1860,3937,290,337
58,125,1860,3940,351,351
58,125,1860,3941,358,343
58,125,1860,3942,351,351
58,125,1861,3930,0,340
58,125,1861,3936,281,343
58,125,1861,3941,358,343
58,125,1862,3930,0,340
58,125,1862,3941,358,343
58,125,1863,3930,0,340
58,125,1863,3941,358,343
58,125,1864,3930,0,340
58,125,1864,3936,240,341
58,125,1864,3940,351,351
58,125,1864,3941,358,343
58,125,1865,3930,0,340
58,125,1865,3931,26,364
58,125,1865,3940,351,351
58,125,1865,3941,358,343
58,125,1866,3930,0,340
58,125,1866,3940,351,351
58,125,1866,3941,358,343
58,125,1867,3930,0,340
58,125,1867,3931,0,340
58,125,1867,3938,332,332
58,125,1867,3945,353,353
58,125,1868,3930,0,340
58,125,1868,3940,351,351
58,125,1868,3941,358,343
58,125,1869,3930,0,340
58,125,1869,3931,0,366
58,125,1869,3940,351,351
58,125,1869,3941,358,343
58,125,1870,3930,0,340
58,125,1870,3940,351,351
58,125,1870,3941,351,351
58,125,1870,3941,358,343
58,125,1871,3930,0,340
58,125,1871,3931,0,340
58,125,1871,3935,176,351
58,125,1871,3945,353,353
58,125,1872,3930,0,340
58,125,1872,3931,0,340
58,125,1872,3964,0,287
58,125,1873,3930,0,340
58,125,1873,3944,353,353
58,125,1874,3930,0,340
58,125,1875,3930,0,340
58,125,1875,3932,131,341
58,125,1876,3930,0,340
58,125,1876,3933,114,347
58,125,1876,3951,267,421
58,125,1877,3930,0,340
58,125,1878,3930,0,340
58,125,1878,3933,97,353
58,125,1879,3930,0,340
58,125,1879,3942,0,418
58,125,1880,3930,0,340
58,125,1880,3933,71,358
58,125,1881,3930,0,340
58,125,1882,3930,0,340
58,125,1883,3930,0,340
58,125,1883,3934,54,362
58,125,1884,3929,69,465
58,125,1884,3930,0,340
58,125,1884,3971,169,162
58,125,1885,3930,0,340
58,125,1885,3930,25,338
58,125,1885,3930,33,338
58,125,1886,3930,0,340
58,125,1887,3930,0,340
58,125,1887,3930,7,340
58,125,1887,3932,19,387
58,125,1888,3930,0,340
58,125,1888,3932,0,387
58,125,1888,3932,19,387
58,125,1888,3934,0,366
58,125,1888,3934,0,387
58,125,1888,3938,0,392
58,125,1891,3972,0,104
58,125,1892,3926,0,447
58,125,1892,3926,0,500
58,125,1892,3927,0,447
58,125,1892,3927,0,471
58,125,1892,3927,0,500
58,125,1892,3930,0,340
58,125,1892,3930,0,447
58,125,1892,3930,0,500
58,125,1892,3931,0,395
58,125,1892,3972,0,104
58,125,1894,3932,-29,391
58,125,1895,3931,-8,366
58,125,1895,3932,-29,391
58,125,1902,3986,101,-152
58,125,1931,3947,0,500
58,125,1935,3990,219,84
58,125,1940,3993,0,0
58,125,1940,3995,19,-48
58,125,1952,3947,0,500
58,125,1952,3951,0,500
59,126,1880,3989,0,421
59,126,1882,3989,0,421
59,126,1882,3995,-27,367
59,126,1903,4002,322,226
59,126,1907,4002,322,226
59,126,1911,4002,322,226
59,126,1912,3982,474,156
59,126,1913,3981,466,179
59,126,1915,3981,466,179
59,126,1915,3982,457,203
59,126,1915,3982,478,144
59,126,1916,3980,435,246
59,126,1916,3980,447,224
59,126,1916,3982,466,179
59,126,1916,3982,470,167
59,126,1916,3984,478,144
59,126,1916,3984,488,109
59,126,1917,3980,441,236
59,126,1917,3984,484,121
59,126,1920,3972,287,408
59,126,1920,3976,361,345
59,126,1923,3971,488,109
59,126,1923,3987,494,74
59,126,1923,3988,74,248
59,126,1923,3988,500,0
59,126,1924,3988,500,0
59,126,1927,3989,0,421
59,126,1930,3988,435,246
59,126,1931,3989,0,421
59,126,1931,3994,0,104
59,126,1931,4004,0,26
59,126,1932,3989,-21,421
59,126,1934,4019,16,-19
59,126,1935,3989,0,421
59,126,1940,4009,10,23
59,126,1945,3974,-167,470
59,126,1945,3977,-212,451
59,126,1945,3977,-203,457
59,126,1951,3977,-371,335
61,125,1887,3979,482,132
61,125,1900,3982,484,121
61,125,1901,3979,437,97
61,125,1903,3943,353,353
61,125,1903,3963,345,361
61,125,1904,3943,361,345
61,125,1904,3966,361,345
61,125,1906,3943,353,353
61,125,1906,3945,353,353
61,125,1908,3974,417,160
61,125,1909,3945,353,353
61,125,1910,3979,406,111
61,125,1911,3978,403,121
61,125,1914,3979,378,114
61,125,1914,3988,290,0
61,125,1920,3979,408,101
61,125,1921,3978,403,121
61,125,1929,3945,361,345
61,125,1929,3959,345,361
61,125,1931,3946,358,343
61,125,1932,3948,353,353
61,125,1932,3949,353,353
61,125,1933,3946,335,371
61,125,1933,3947,345,361
61,125,1933,3947,353,353
61,125,1933,3948,353,353
61,125,1933,3949,353,353
61,125,1933,3955,345,361
61,125,1934,3945,353,353
61,125,1934,3946,335,371
61,125,1934,3947,335,371
61,125,1934,3947,345,361
61,125,1934,3947,353,353
61,125,1934,3948,353,353
61,125,1936,3942,287,408
61,125,1936,3952,353,353
61,125,1936,3966,361,345
61,125,1938,3950,353,353
61,125,1939,3999,35,-141
61,125,1941,3950,287,408
61,125,1942,3972,247,237
61,125,1956,3980,57,-255
61,125,1960,3931,156,474
61,125,1961,3959,161,389
61,125,1962,3956,122,372
61,125,1963,3955,129,428
61,125,1965,3950,0,447
61,125,1969,3954,53,444
61,125,1969,3967,-214,-142
61,125,1969,3980,364,-55
61,125,1971,3957,21,421
61,125,1972,3964,0,369
61,125,1972,3979,342,0
61,125,1972,3980,0,238
61,125,1972,3981,0,0
61,125,1972,3981,37,35
61,125,1972,3982,0,0
61,125,1972,3982,186,-145
61,125,1972,3983,0,0
61,125,1972,3984,92,126
61,125,1972,3986,78,-61
61,125,2059,3999,0,500
61,125,2059,4000,0,500
62,123,1914,3923,500,-11
62,123,1921,3907,500,0
62,123,1922,3908,419,0
62,123,1923,3906,392,0
62,123,1923,3907,392,0
62,123,1923,3907,500,0
62,123,1923,3908,414,0
62,123,1923,3908,431,0
62,123,1923,3908,500,0
62,123,1924,3896,340,325
62,123,1924,3897,332,332
62,123,1924,3900,353,353
62,123,1924,3907,500,0
62,123,1924,3908,414,0
62,123,1924,3908,433,0
62,123,1924,3909,418,-21
62,123,1924,3909,418,0
62,123,1925,3909,418,0
62,123,1926,3894,358,343
62,123,1926,3903,358,343
62,123,1926,3903,371,335
62,123,1926,3906,418,0
62,123,1926,3907,500,0
62,123,1927,3893,351,351
62,123,1927,3893,358,343
62,123,1927,3894,358,343
62,123,1927,3897,351,351
62,123,1927,3897,358,343
62,123,1927,3898,358,343
62,123,1927,3899,358,343
62,123,1927,3900,358,343
62,123,1927,3901,358,343
62,123,1927,3902,351,351
62,123,1927,3902,358,343
62,123,1927,3903,351,351
62,123,1927,3903,358,343
62,123,1927,3904,358,343
62,123,1927,3904,418,0
62,123,1927,3905,358,343
62,123,1927,3906,358,343
62,123,1927,3906,418,0
62,123,1927,3907,358,343
62,123,1927,3908,358,343
62,123,1927,3908,440,0
62,123,1927,3909,358,343
62,123,1927,3910,358,343
62,123,1927,3912,358,343
62,123,1927,3913,358,343
62,123,1927,3914,358,343
62,123,1927,3915,358,343
62,123,1927,3916,358,343
62,123,1927,3917,358,343
62,123,1927,3918,358,343
62,123,1927,3920,351,351
62,123,1927,3920,358,343
62,123,1927,3921,358,343
62,123,1927,3922,358,343
62,123,1927,3923,358,343
62,123,1927,3924,358,343
62,123,1928,3891,410,231
62,123,1928,3906,371,335
62,123,1928,3907,500,11
62,123,1928,3919,335,371
62,123,1930,3891,397,251
62,123,1931,3901,353,353
62,123,1931,3905,353,353
62,123,1931,3905,444,0
62,123,1931,3906,444,10
62,123,1931,3922,353,353
62,123,1931,3925,353,353
62,123,1932,3900,444,0
62,123,1932,3907,444,0
62,123,1934,3885,353,353
62,123,1935,3906,471,10
62,123,1936,3896,471,0
62,123,1936,3898,471,0
62,123,1937,3908,492,0
62,123,1938,3908,492,0
62,123,1939,3897,421,267
62,123,1940,3980,160,387
62,123,1941,3894,497,0
62,123,1941,3895,497,0
62,123,1941,3905,497,0
62,123,1944,3910,188,89
62,123,1946,3892,500,0
62,123,1946,3893,500,0
62,123,1946,3900,371,288
62,123,1948,3908,134,80
62,123,1951,3891,500,0
62,123,1952,3887,361,345
62,123,1952,3922,20,-105
62,123,1954,3891,496,-60
62,123,1954,3907,277,238
62,123,1956,3887,361,345
62,123,1956,3892,500,0
62,123,1956,3894,500,0
62,123,1956,3895,500,0
62,123,1957,3940,115,141
62,123,1959,3912,232,210
62,123,1961,3887,129,428
62,123,1964,3920,257,299
62,123,1965,3920,85,192
62,123,1965,3922,0,81
62,123,1965,3930,0,316
62,123,1967,3953,-246,-88
62,123,1969,3970,-141,-155
62,123,1970,3932,-141,-155
62,123,1971,3932,-86,-162
62,123,1971,3944,-146,-220
62,123,1972,3889,0,314
62,123,1972,3890,0,447
62,123,1980,3870,94,380
62,123,1984,3907,118,236
62,123,1988,3890,0,447
62,123,2088,3950,-316,316
62,123,2094,3915,-448,100
62,123,2098,3940,-361,345
62,123,2101,3915,-394,262
62,124,1912,3972,500,0
62,124,1912,3973,500,0
62,124,1916,3980,490,97
62,124,1917,3979,484,121
62,124,1921,3966,498,-37
62,124,1922,3945,402,296
62,124,1924,3945,386,316
62,124,1925,3941,358,343
62,124,1925,3941,368,333
62,124,1926,3938,343,358
62,124,1926,3941,358,343
62,124,1927,3927,358,343
62,124,1927,3933,358,343
62,124,1927,3939,343,358
62,124,1927,3941,351,351
62,124,1927,3941,358,343
62,124,1927,3941,361,345
62,124,1927,3945,353,353
62,124,1929,3945,361,345
62,124,1930,3959,345,361
62,124,1935,3973,423,212
62,124,1940,3979,408,101
62,124,1945,3910,203,304
62,124,1951,3958,273,285
62,124,1953,3971,238,0
62,124,1954,3966,132,126
62,124,1955,3913,277,416
62,124,1955,3971,133,0
62,124,1957,3972,185,-18
62,124,1959,3899,156,474
62,124,1959,3931,148,449
62,124,1960,3931,148,449
62,124,1960,3947,136,453
62,124,1960,3954,150,421
62,124,1961,3924,121,484
62,124,1961,3929,125,457
62,124,1961,3950,136,453
62,124,1962,3936,139,424
62,124,1962,3953,118,431
62,124,1963,3897,121,484
62,124,1963,3898,121,484
62,124,1963,3933,141,341
62,124,1963,3957,131,400
62,124,1963,3988,0,0
62,124,1965,3906,132,482
62,124,1966,3939,74,494
62,124,1967,3937,48,498
62,124,1967,3988,-164,87
62,124,1967,3988,0,0
62,124,1969,3975,-198,132
62,124,1970,3973,-100,187
62,124,1971,3906,62,360
62,124,1973,3907,-224,447
62,124,1975,3924,-354,0
62,124,1979,3909,-224,447
62,124,1981,3899,-167,470
62,124,1983,3899,-212,451
62,124,2059,3954,-12,-23
62,124,2070,3958,-141,341
62,124,2076,3949,-234,317
62,124,2080,3944,-290,373
62,124,2081,3943,-274,353
62,124,2084,3939,-300,366
62,124,2087,3936,-306,394
62,124,2090,3932,-306,394
62,124,2095,3925,-298,382
62,124,2095,3943,-361,345
62,124,2098,3940,-361,345
62,124,2102,3936,-361,345
64,3,1992,143,386,-316
64,3,2006,145,323,-309
64,3,2017,141,266,-326
64,3,2112,194,212,-451
64,3,2116,198,144,-478
64,3,2118,198,97,-490
64,3,2123,163,0,-26
64,3,2128,158,-48,-498
64,3,2128,174,-25,-260
64,3,2128,179,-39,-405
64,3,2129,154,-102,-408
64,3,2129,171,-44,-363
64,3,2130,153,-92,-411
64,3,2130,193,-132,-482
64,3,2132,107,-26,-1
64,3,2132,107,2,-26
64,3,2132,198,-132,-482
64,3,2132,198,-121,-484
64,3,2133,107,-14,-22
64,3,2133,146,-126,-457
64,3,2133,166,-121,-484
64,3,2133,167,-121,-484
64,3,2134,107,-10,-24
64,3,2137,169,-156,-474
64,3,2137,174,-144,-478
64,3,2138,108,-20,16
64,3,2140,128,-113,-108
64,3,2140,147,0,-500
64,3,2141,107,-25,5
64,3,2141,110,-73,29
64,3,2141,125,-159,0
64,3,2141,133,-242,-344
64,3,2141,172,-25,-500
64,3,2143,131,-266,-326
64,3,2145,107,-52,0
64,3,2148,136,-309,-359
64,3,2149,146,-277,-416
64,3,2151,149,-361,-345
64,3,2152,124,-395,8
64,3,2155,104,0,288
64,3,2155,150,-361,-345
64,3,2155,154,-361,-345
64,3,2156,107,-340,0
64,3,2156,174,-361,-345
64,3,2157,100,-263,-52
64,3,2158,146,-361,-345
64,3,2160,124,-447,0
64,3,2162,157,-361,-345
64,3,2162,159,-361,-345
64,3,2162,161,-361,-345
64,3,2164,160,-287,-408
64,3,2167,131,-335,-371
64,3,2168,154,-359,-344
64,3,2169,136,-361,-345
64,3,2169,154,-359,-344
64,3,2169,155,-359,-344
64,3,2169,157,-359,-344
64,3,2169,157,-334,-369
64,3,2169,159,-359,-344
64,3,2169,163,-359,-344
64,3,2169,164,-359,-344
64,3,2169,165,-351,-351
64,3,2169,166,-359,-344
64,3,2169,166,-344,-359
64,3,2169,167,-344,-359
64,3,2169,168,-359,-344
64,3,2169,169,-344,-359
64,3,2169,170,-344,-359
64,3,2170,154,-369,-334
64,3,2170,154,-359,-344
64,3,2170,160,-351,-351
64,3,2170,168,-359,-344
64,3,2171,154,-359,-344
64,3,2173,124,-500,0
64,3,2173,126,-444,22
64,3,2173,151,-402,-296
64,3,2175,151,-408,-287
64,3,2177,151,-416,-277
64,3,2181,126,-392,8
64,3,2183,121,-500,25
64,3,2183,124,-500,0
64,3,2184,122,-500,11
64,4,2002,172,421,0
64,4,2006,145,323,-309
64,4,2111,219,-120,-482
64,4,2125,174,-61,-148
64,4,2128,159,193,-80
64,4,2129,193,-106,-350
64,4,2129,204,217,-90
64,4,2131,199,-121,-403
64,4,2131,200,-97,-353
64,4,2132,171,42,-193
64,4,2132,199,61,-308
64,4,2133,204,-129,-428
64,4,2134,208,-137,-453
64,4,2135,211,-148,-450
64,4,2135,211,-91,-303
64,4,2137,182,-248,-372
64,4,2138,222,-167,-470
64,4,2140,201,-500,0
64,4,2150,190,-500,-25
64,4,2151,189,-327,-24
64,4,2152,200,-498,48
64,4,2152,201,-500,25
64,4,2154,201,-497,0
64,4,2156,188,-497,0
64,4,2160,178,-498,37
64,4,2162,194,-471,23
64,4,2165,179,-361,-345
64,4,2165,197,-361,-345
64,4,2165,198,-345,-361
64,4,2166,188,-444,0
64,4,2166,189,-500,0
64,4,2166,196,-361,-345
64,4,2166,198,-361,-345
64,4,2167,192,-444,10
64,4,2167,205,-397,-252
64,4,2169,179,-351,-351
64,4,2169,180,-359,-344
64,4,2169,181,-359,-344
64,4,2169,183,-359,-344
64,4,2169,184,-351,-351
64,4,2169,185,-359,-344
64,4,2169,188,-359,-344
64,4,2169,189,-418,-10
64,4,2169,189,-359,-344
64,4,2169,190,-418,0
64,4,2169,191,-359,-344
64,4,2169,192,-359,-344
64,4,2169,192,-344,-359
64,4,2169,193,-359,-344
64,4,2169,194,-359,-344
64,4,2169,195,-359,-344
64,4,2169,196,-359,-344
64,4,2169,196,-351,-351
64,4,2169,197,-359,-344
64,4,2169,199,-351,-351
64,4,2169,200,-359,-344
64,4,2169,202,-359,-344
64,4,2169,209,-392,-261
64,4,2170,188,-500,0
64,4,2170,188,-418,0
64,4,2170,190,-418,-21
64,4,2171,188,-418,0
64,4,2171,190,-418,-21
64,4,2172,185,-418,0
64,4,2172,188,-414,0
64,4,2173,188,-500,0
64,4,2173,188,-414,0
64,4,2173,189,-500,0
64,4,2173,190,-392,0
64,4,2174,195,-494,-74
65,2,2025,99,296,-402
65,2,2036,90,0,-500
65,2,2123,114,-6,25
65,2,2123,115,-18,-19
65,2,2123,115,0,0
65,2,2123,135,0,-418
65,2,2123,139,0,-421
65,2,2125,158,-74,-494
65,2,2130,157,-109,-488
65,2,2131,137,-112,-407
65,2,2133,166,-121,-484
65,2,2135,164,-156,-474
65,2,2136,144,-114,-320
65,2,2147,135,-277,-416
65,2,2148,133,-361,-345
65,2,2148,134,-345,-361
65,2,2149,133,-386,-316
65,2,2149,135,-326,-378
65,2,2149,153,-345,-361
65,2,2152,108,-210,112
65,2,2152,147,-345,-361
65,2,2152,149,-345,-361
65,2,2158,147,-345,-361
65,2,2160,144,-345,-361
65,2,2161,151,-353,-353
65,2,2162,133,-345,-361
65,2,2164,144,-345,-361
65,2,2164,147,-353,-353
65,2,2166,126,-498,-48
65,2,2167,149,-353,-353
65,2,2173,144,-345,-361
65,2,2176,148,-353,-353
65,2,2179,117,-433,-108
65,2,2182,107,-316,0
65,2,2184,117,-464,-92
65,2,2184,149,-361,-345
65,2,2187,120,-478,-144
65,2,2188,152,-353,-353
65,2,2189,119,-484,-121
65,2,2190,152,-353,-353
65,2,2193,129,-361,-345
65,2,2195,152,-371,-335
65,2,2199,121,-488,-109
65,2,2199,122,-484,-121
65,2,2201,124,-416,-277
65,2,2202,125,-416,-277
65,2,2203,123,-482,-132
65,2,2204,122,-457,-203
65,2,2209,107,-500,0
65,2,2214,107,-500,0
67,1,2149,120,212,-451
67,1,2150,117,212,-451
67,1,2152,107,353,0
67,1,2153,120,345,-361
67,1,2155,99,0,-183
67,1,2158,116,257,-429
67,1,2158,116,287,-408
67,1,2163,106,21,-421
67,1,2170,109,-482,-132
67,1,2172,107,-500,0
67,1,2175,122,-287,-408
67,1,2177,110,-490,-97
67,1,2179,114,-457,-203
67,1,2179,115,-451,-212
67,1,2180,113,-478,-144
67,1,2180,113,-474,-156
67,1,2180,113,-470,-167
67,1,2180,113,-457,-203
67,1,2180,114,-462,-191
67,1,2180,116,-447,-224
67,1,2181,113,-470,-167
67,1,2181,116,-451,-212
67,1,2182,109,-498,-37
67,1,2182,114,-466,-179
67,1,2183,112,-488,-109
68,2,2136,150,203,-457
68,2,2143,149,361,-345
68,2,2147,146,371,-335
68,2,2158,106,-183,27
68,2,2162,106,-78,-1
68,2,2163,104,-121,-99
68,2,2163,106,-14,-22
68,2,2200,162,50,-415
68,2,2200,163,40,-417
68,2,2201,158,53,-441
68,2,2201,159,40,-417
68,2,2201,164,38,-391
68,2,2202,150,34,-469
68,2,2202,160,34,-469
68,2,2204,127,0,-183
68,2,2204,154,0,-500
68,2,2204,158,0,-471
68,2,2204,165,0,-418
68,2,2204,167,0,-497
68,2,2204,167,0,-418
68,2,2204,169,0,-500
68,2,2208,142,0,-497
68,2,2208,147,0,-466
68,2,2208,162,0,-366
68,2,2208,163,0,-403
68,2,2208,163,0,-387
68,2,2209,147,-37,-495
68,2,2209,156,-22,-444
68,2,2209,156,-21,-418
68,2,2209,164,-27,-365
68,2,2210,133,0,-444
68,2,2210,146,-46,-469
68,2,2210,152,-22,-444
68,2,2210,164,-18,-366
68,2,2210,165,-29,-391
68,2,2211,152,-22,-444
68,2,2211,156,-41,-417
68,2,2211,164,-35,-365
68,2,2211,164,-18,-366
68,2,2211,165,0,-340
68,2,2212,156,-21,-418
68,2,2212,164,-35,-365
68,2,2212,164,-18,-366
68,2,2213,164,-18,-366
68,2,2214,133,0,-444
68,2,2214,164,-63,-360
68,2,2215,140,-345,-361
68,2,2216,149,-147,-447
68,2,2216,164,-18,-366
68,2,2218,165,-89,-355
68,2,2220,145,-267,-421
68,2,2220,162,-123,-372
68,2,2220,165,-106,-350
68,2,2220,165,0,-340
68,2,2221,156,-21,-418
68,2,2222,151,-345,-361
68,2,2222,152,-22,-444
68,2,2222,164,-18,-366
68,2,2223,151,-345,-361
68,2,2223,162,-150,-363
68,2,2223,164,-18,-366
68,2,2224,164,-18,-366
68,2,2225,142,-361,-345
68,2,2225,151,-345,-361
68,2,2225,156,0,-418
68,2,2225,164,0,-366
68,2,2226,151,-345,-361
68,2,2226,152,-22,-444
68,2,2226,155,-344,-359
68,2,2226,163,-167,-354
68,2,2226,164,-18,-366
68,2,2226,164,18,-366
68,2,2227,142,25,-497
68,2,2227,151,-345,-361
68,2,2227,152,-371,-335
68,2,2227,156,-21,-418
68,2,2227,164,-18,-366
68,2,2227,165,0,-340
68,2,2228,151,-345,-361
68,2,2228,156,-21,-418
68,2,2228,157,-238,-375
68,2,2228,164,-18,-366
68,2,2229,151,-345,-361
68,2,2229,152,-345,-361
68,2,2229,155,-344,-359
68,2,2229,156,-21,-418
68,2,2229,164,-18,-366
68,2,2230,164,-18,-366
68,2,2231,155,-344,-359
68,2,2232,155,-344,-359
68,2,2233,150,-361,-345
68,2,2233,153,-344,-359
68,2,2234,150,-361,-345
68,2,2234,150,-353,-353
68,2,2234,156,-21,-418
68,2,2234,159,-273,-351
68,2,2234,164,18,-366
68,2,2235,164,-18,-366
68,2,2236,153,-361,-345
68,2,2236,164,-18,-366
68,2,2237,153,-361,-345
68,2,2237,154,-361,-345
68,2,2237,164,-18,-366
68,2,2237,165,0,-340
68,2,2238,156,-21,-418
68,2,2238,164,-18,-366
68,2,2239,156,-21,-418
68,2,2239,164,-18,-366
68,2,2240,156,-21,-418
68,2,2240,164,-18,-366
68,2,2241,164,-18,-366
68,2,2241,164,18,-366
68,2,2242,156,-21,-418
68,2,2243,164,-18,-366
68,2,2244,156,-21,-418
68,2,2245,164,-18,-366
68,2,2245,164,18,-366
68,2,2246,164,-18,-366
68,2,2246,164,18,-366
68,2,2247,164,-18,-366
68,2,2248,156,-21,-418
68,2,2248,164,18,-366
68,2,2249,164,-18,-366
68,2,2249,164,18,-366
68,2,2250,156,-21,-418
68,2,2250,164,-18,-366
68,2,2250,164,18,-366
68,2,2251,164,-18,-366
68,2,2252,106,12,-23
68,2,2252,156,-21,-418
68,2,2252,164,-18,-366
68,2,2253,156,0,-418
68,2,2253,164,-18,-366
68,2,2253,164,0,-366
68,2,2254,160,28,-391
68,2,2255,160,28,-391
68,2,2256,160,28,-391
68,2,2257,160,-29,-391
68,2,2261,156,-21,-418
68,2,2261,160,-29,-391
68,2,2280,107,-407,0
69,1,2233,112,484,-121
69,1,2234,111,484,-121
69,1,2235,110,492,-85
69,1,2235,115,457,-203
69,1,2235,116,447,-224
69,1,2235,119,416,-277
69,1,2236,115,451,-212
69,1,2239,123,287,-408
69,1,2250,107,435,-246
69,1,2250,125,0,-500
69,1,2251,106,0,-421
69,1,2256,106,-72,-415
69,1,2257,125,85,-492
69,1,2261,107,-380,0
69,1,2262,125,0,-500
69,1,2269,120,-236,-441
69,1,2270,120,-236,-441
69,1,2271,107,-500,0
69,1,2272,107,-451,-212
69,1,2272,124,0,-500
69,1,2276,117,-416,-277
69,1,2277,117,-435,-246
69,1,2325,45,-470,57
71,2,2237,152,378,-326
71,2,2237,153,378,-326
71,2,2239,153,361,-345
71,2,2239,156,353,-353
71,2,2240,154,361,-345
71,2,2242,150,361,-345
71,2,2243,150,353,-353
71,2,2243,151,353,-353
71,2,2243,155,343,-359
71,2,2244,107,26,0
71,2,2244,107,78,0
71,2,2247,107,52,0
71,2,2250,107,0,0
71,2,2250,111,74,167
71,2,2250,161,43,-443
71,2,2251,93,10,-51
71,2,2251,100,0,104
71,2,2251,103,-340,17
71,2,2251,103,-314,15
71,2,2251,103,-148,247
71,2,2251,103,0,130
71,2,2251,103,10,23
71,2,2251,104,0,0
71,2,2251,104,10,23
71,2,2251,107,157,0
71,2,2252,107,130,0
71,2,2254,103,-287,-28
71,2,2254,108,-157,-94
71,2,2256,107,-235,0
71,2,2256,156,368,-334
71,2,2257,100,-172,-61
71,2,2257,105,-169,-70
71,2,2258,91,-130,-87
71,2,2258,100,-152,101
71,2,2258,101,-130,-87
71,2,2258,106,-130,-87
71,2,2259,83,-49,92
71,2,2259,92,-130,-87
71,2,2259,94,-74,138
71,2,2259,97,-26,-74
71,2,2259,101,-74,138
71,2,2259,103,101,152
71,2,2259,105,-111,-208
71,2,2259,106,-52,0
71,2,2259,106,-23,12
71,2,2259,107,-52,0
71,2,2259,112,-136,-254
71,2,2259,112,-120,290
71,2,2260,108,-25,-123
71,2,2260,145,0,-471
71,2,2260,152,371,-335
71,2,2260,153,371,-335
71,2,2260,165,0,-340
71,2,2261,156,-21,-418
71,2,2261,165,0,-340
71,2,2262,156,-21,-418
71,2,2262,156,0,-418
71,2,2262,162,131,-369
71,2,2262,164,-18,-366
71,2,2262,164,0,-366
71,2,2263,164,-18,-366
71,2,2264,156,-21,-418
71,2,2264,156,0,-418
71,2,2264,158,140,-394
71,2,2264,164,-18,-366
71,2,2264,164,0,-366
71,2,2265,156,-21,-418
71,2,2265,156,0,-418
71,2,2265,164,-18,-366
71,2,2265,164,0,-366
71,2,2265,164,8,-366
71,2,2266,156,-21,-418
71,2,2266,164,-18,-366
71,2,2266,165,0,-340
71,2,2267,156,-21,-418
71,2,2267,164,-18,-366
71,2,2268,161,67,-386
71,2,2268,164,-18,-366
71,2,2268,165,0,-340
71,2,2269,156,-21,-418
71,2,2269,165,50,-418
71,2,2270,160,28,-391
71,2,2270,164,-18,-366
71,2,2271,156,-21,-418
71,2,2271,161,19,-387
71,2,2272,156,-21,-418
71,2,2272,158,0,-414
71,2,2272,158,0,-392
71,2,2272,161,0,-387
71,2,2272,162,0,-387
71,2,2272,162,0,-366
71,2,2272,164,-18,-366
71,2,2273,133,0,-444
71,2,2273,156,-21,-418
71,2,2273,164,-18,-366
71,2,2274,164,-18,-366
71,2,2275,125,0,-238
71,2,2275,164,-18,-366
71,2,2277,156,-21,-418
71,2,2277,164,-18,-366
71,2,2278,164,-18,-366
71,2,2281,133,0,-444
71,2,2282,164,-18,-366
71,2,2283,156,-21,-418
71,2,2283,164,-18,-366
71,2,2284,156,-21,-418
71,2,2284,164,-18,-366
71,2,2285,164,-18,-366
71,2,2286,155,343,-359
71,2,2287,164,-18,-366
71,2,2294,164,-18,-366
71,2,2295,164,18,-366
71,2,2296,142,25,-497
71,2,2296,156,-21,-418
71,2,2297,156,-21,-418
71,2,2297,164,-18,-366
71,2,2298,156,-21,-418
71,2,2298,164,-18,-366
71,2,2299,164,-18,-366
71,2,2302,164,-18,-366
71,2,2304,156,-21,-418
71,2,2305,164,-18,-366
71,2,2312,156,-21,-418
71,2,2313,164,-18,-366
71,2,2324,164,-18,-366
71,2,2327,164,-18,-366
71,2,2328,156,-21,-418
71,2,2329,164,-18,-366
71,2,2330,156,-21,-418
71,2,2331,164,-18,-366
71,2,2335,164,-18,-366
71,2,2337,156,-21,-418
71,2,2337,164,-27,-365
71,2,2338,139,-31,-419
71,2,2339,145,-81,-466
71,2,2340,138,0,-421
71,2,2340,139,0,-421
71,2,2348,130,-16,-316
71,2,2353,161,0,-366
71,2,2362,156,-353,-353
71,2,2366,132,-266,-326
85,123,2755,3902,6,130
85,123,2779,3890,22,447
85,123,2780,3886,0,447
85,123,2780,3890,0,447
85,123,2780,3893,0,421
85,123,2780,3895,0,395
85,123,2780,3898,19,395
85,123,2782,3875,-74,494
85,123,2783,3890,0,447
85,123,2787,3892,-63,280
85,123,2788,3874,-191,462
85,123,2789,3872,-167,470
85,123,2792,3871,-203,457
85,123,2793,3893,11,235
85,123,2793,3897,25,338
85,123,2794,3891,10,209
85,123,2794,3892,10,209
85,123,2795,3886,0,447
85,123,2797,3928,117,220
85,123,2797,3932,67,112
85,123,2797,3935,198,-132
85,123,2798,3941,123,-186
85,123,2798,3947,-223,-141
85,123,2799,3900,-72,361
85,123,2799,3940,221,-164
85,123,2799,3953,76,136
85,123,2800,3896,-77,387
85,123,2800,3907,-91,300
85,123,2800,3940,220,-118
85,123,2801,3939,294,-66
85,123,2802,3940,298,-44
85,123,2803,3883,0,445
85,123,2803,3896,-76,277
85,123,2806,3912,-212,0
85,123,2807,3883,-137,453
85,123,2809,3931,353,177
85,123,2812,3904,-56,88
85,123,2813,3891,-494,-74
85,123,2814,3929,-253,264
85,123,2815,3915,-337,149
85,123,2818,3887,-253,399
85,123,2818,3893,-498,-37
85,123,2818,3894,-498,-37
85,123,2822,3892,-500,-25
85,123,2822,3893,-500,-25
85,123,2823,3896,-500,-25
85,123,2823,3896,-488,-109
85,123,2825,3896,-500,0
85,123,2826,3910,-414,171
85,123,2827,3895,-497,0
85,123,2828,3899,-497,-11
85,123,2829,3907,-495,48
85,123,2831,3895,-498,37
85,123,2832,3898,-471,0
85,123,2832,3899,-471,0
85,123,2833,3900,-471,-11
85,123,2833,3903,-471,-11
85,123,2834,3897,-471,23
85,123,2834,3900,-471,-24
85,123,2836,3898,-444,10
85,123,2836,3907,-500,0
85,123,2836,3912,-500,0
85,123,2837,3904,-444,0
85,123,2837,3905,-444,0
85,123,2837,3910,-353,353
85,123,2838,3903,-444,0
85,123,2838,3904,-444,-10
85,123,2838,3904,-444,10
85,123,2838,3907,-500,0
85,123,2841,3904,-465,69
85,123,2841,3906,-359,343
85,123,2841,3906,-351,351
85,123,2841,3907,-500,11
85,123,2841,3907,-418,9
85,123,2841,3907,-359,343
85,123,2841,3907,-351,351
85,123,2841,3908,-418,0
85,123,2841,3908,-351,351
85,123,2841,3909,-359,343
85,123,2841,3909,-351,351
85,123,2841,3910,-359,343
85,123,2841,3911,-359,343
85,123,2841,3911,-351,351
85,123,2841,3912,-359,343
85,123,2841,3912,-351,351
85,123,2841,3913,-359,343
85,123,2841,3913,-351,351
85,123,2841,3914,-359,343
85,123,2841,3914,-351,351
85,123,2841,3915,-359,343
85,123,2841,3915,-351,351
85,123,2841,3916,-359,343
85,123,2841,3916,-351,351
85,123,2841,3917,-359,343
85,123,2841,3917,-351,351
85,123,2841,3918,-359,343
85,123,2841,3919,-359,343
85,123,2841,3919,-351,351
85,123,2841,3920,-351,351
85,123,2841,3921,-359,343
85,123,2841,3921,-351,351
85,123,2841,3922,-351,351
85,123,2841,3923,-359,343
85,123,2841,3923,-351,351
85,123,2841,3924,-359,343
85,123,2841,3924,-351,351
85,123,2841,3925,-359,343
85,123,2842,3894,-398,199
85,123,2842,3902,-496,60
85,123,2842,3903,-496,60
85,123,2842,3905,-418,21
85,123,2842,3906,-438,32
85,123,2842,3906,-418,0
85,123,2842,3907,-500,11
85,123,2842,3908,-500,0
85,123,2842,3908,-418,0
85,123,2842,3910,-378,326
85,123,2842,3910,-359,343
85,123,2842,3917,-359,343
85,123,2843,3905,-417,30
85,123,2843,3907,-444,0
85,123,2843,3908,-483,11
85,123,2843,3908,-418,0
85,123,2843,3909,-418,-21
85,123,2843,3917,-359,343
85,123,2844,3903,-340,325
85,123,2844,3904,-340,325
85,123,2844,3905,-340,325
85,123,2844,3906,-340,325
85,123,2844,3907,-500,0
85,123,2844,3907,-500,11
85,123,2844,3907,-418,9
85,123,2844,3908,-392,0
85,123,2844,3908,-340,325
85,123,2844,3909,-340,325
85,123,2844,3910,-340,325
85,123,2844,3911,-340,325
85,123,2844,3912,-340,325
85,123,2844,3913,-340,325
85,123,2844,3914,-340,325
85,123,2844,3916,-340,325
85,123,2844,3917,-340,325
85,123,2844,3918,-340,325
85,123,2844,3919,-340,325
85,123,2844,3920,-340,325
85,123,2844,3921,-340,325
85,123,2845,3900,-492,85
85,123,2845,3900,-488,109
85,123,2845,3901,-492,85
85,123,2845,3905,-392,8
85,123,2845,3906,-392,0
85,123,2845,3906,-392,8
85,123,2845,3907,-500,0
85,123,2845,3907,-500,25
85,123,2845,3908,-500,0
85,123,2846,3900,-490,97
85,123,2846,3901,-494,74
85,123,2846,3902,-494,74
85,123,2846,3902,-468,70
85,123,2846,3905,-392,8
85,123,2846,3906,-371,335
85,123,2846,3909,-371,335
85,123,2846,3923,-371,335
85,123,2855,3964,-500,0
85,124,2700,3935,-48,498
85,124,2700,3936,-48,498
85,124,2703,3926,-441,236
85,124,2705,3926,-202,273
85,124,2773,3905,291,263
85,124,2778,3907,-156,474
85,124,2780,3899,-167,470
85,124,2780,3901,-167,470
85,124,2780,3901,74,494
85,124,2780,3903,-224,447
85,124,2788,3895,132,482
85,124,2788,3897,103,378
85,124,2792,3918,-277,416
85,124,2792,3924,354,0
85,124,2794,3902,30,312
85,124,2794,3903,7,314
85,124,2794,3924,1,78
85,124,2795,3933,0,209
85,124,2795,3955,-189,-119
85,124,2796,3964,-66,-99
85,124,2797,3976,152,-101
85,124,2798,3907,-378,326
85,124,2798,3965,101,82
85,124,2798,3968,125,37
85,124,2798,3970,171,-164
85,124,2799,3988,-101,123
85,124,2800,3926,-70,467
85,124,2800,3937,-81,466
85,124,2800,3988,7,103
85,124,2801,3913,-60,496
85,124,2801,3931,-85,492
85,124,2801,3931,-60,496
85,124,2801,3934,-82,412
85,124,2801,3935,-82,412
85,124,2801,3936,-82,412
85,124,2801,3938,-74,494
85,124,2801,3942,-86,385
85,124,2801,3942,-66,442
85,124,2801,3946,-102,408
85,124,2801,3963,255,-120
85,124,2802,3910,-277,416
85,124,2802,3911,-277,416
85,124,2802,3933,-60,496
85,124,2802,3943,-85,492
85,124,2802,3947,-112,406
85,124,2803,3920,-85,492
85,124,2803,3921,-85,492
85,124,2803,3922,-85,492
85,124,2803,3924,-85,492
85,124,2804,3898,-121,484
85,124,2804,3901,-130,397
85,124,2804,3924,-97,490
85,124,2804,3927,-82,-164
85,124,2804,3941,-97,490
85,124,2804,3941,-92,464
85,124,2805,3919,-119,431
85,124,2805,3919,-97,490
85,124,2805,3920,-97,490
85,124,2805,3973,237,-248
85,124,2805,3988,242,242
85,124,2806,3914,-179,466
85,124,2806,3915,-203,457
85,124,2806,3924,-121,484
85,124,2807,3925,-132,482
85,124,2807,3931,-148,449
85,124,2807,3951,-159,445
85,124,2807,3954,-150,421
85,124,2808,3910,-394,306
85,124,2808,3910,-378,326
85,124,2808,3914,-277,416
85,124,2808,3925,-132,482
85,124,2808,3927,-144,478
85,124,2808,3936,-150,421
85,124,2808,3941,-150,421
85,124,2808,3953,-160,417
85,124,2808,3969,357,-89
85,124,2808,3980,165,235
85,124,2809,3942,-156,474
85,124,2810,3915,-179,466
85,124,2810,3931,-181,438
85,124,2810,3943,-199,371
85,124,2810,3970,474,156
85,124,2811,3916,-144,478
85,124,2811,3943,-179,466
85,124,2812,3907,-500,0
85,124,2812,3907,-492,85
85,124,2812,3907,-488,109
85,124,2812,3913,-277,416
85,124,2812,3958,-101,123
85,124,2812,3961,-242,343
85,124,2812,3962,-242,343
85,124,2812,3988,-52,0
85,124,2812,3988,-26,0
85,124,2812,3988,-25,-5
85,124,2813,3927,-191,462
85,124,2813,3947,-248,372
85,124,2813,3962,-242,343
85,124,2813,3965,-242,311
85,124,2813,3988,-74,-26
85,124,2813,3988,-26,0
85,124,2813,3988,-25,-5
85,124,2814,3907,-496,-60
85,124,2814,3949,-172,200
85,124,2814,3972,266,255
85,124,2814,3988,-74,-24
85,124,2814,3988,-52,0
85,124,2814,3988,-50,-14
85,124,2814,3988,-49,-17
85,124,2814,3988,-26,0
85,124,2814,3988,-25,-7
85,124,2815,3961,-250,339
85,124,2815,3975,291,226
85,124,2816,3934,-233,412
85,124,2816,3947,-195,215
85,124,2816,3987,-258,299
85,124,2816,3987,-95,-42
85,124,2816,3988,-48,-20
85,124,2816,3988,-25,-7
85,124,2816,3988,-24,-9
85,124,2817,3935,-335,371
85,124,2817,3957,-272,386
85,124,2817,3961,-292,339
85,124,2817,3962,-300,332
85,124,2817,3988,-50,-12
85,124,2817,3988,-48,-20
85,124,2817,3988,-25,-5
85,124,2818,3945,-212,234
85,124,2819,3924,-274,353
85,124,2819,3953,-345,361
85,124,2820,3926,-257,429
85,124,2820,3926,-246,435
85,124,2820,3931,-361,345
85,124,2820,3980,33,-341
85,124,2821,3925,-292,339
85,124,2821,3950,-287,408
85,124,2821,3959,-300,332
85,124,2822,3922,-224,447
85,124,2823,3922,-246,435
85,124,2823,3945,-361,345
85,124,2823,3948,-361,345
85,124,2823,3951,-361,345
85,124,2823,3952,-361,345
85,124,2823,3953,-361,345
85,124,2823,3988,-395,0
85,124,2824,3953,-345,361
85,124,2827,3923,-500,0
85,124,2827,3949,-345,361
85,124,2830,3941,-353,353
85,124,2830,3945,-353,353
85,124,2830,3946,-353,353
85,124,2830,3947,-353,353
85,124,2830,3948,-353,353
85,124,2830,3966,-494,-74
85,124,2831,3921,-353,353
85,124,2832,3967,-488,-109
85,124,2834,3937,-361,345
85,124,2834,3937,-353,353
85,124,2834,3938,-353,353
85,124,2834,3943,-361,345
85,124,2837,3934,-353,353
85,124,2837,3935,-353,353
85,124,2837,3952,-345,361
85,124,2838,3930,-296,402
85,124,2838,3940,-353,353
85,124,2841,3926,-359,343
85,124,2841,3926,-351,351
85,124,2841,3927,-359,343
85,124,2841,3927,-351,351
85,124,2841,3928,-359,343
85,124,2841,3928,-351,351
85,124,2841,3929,-359,343
85,124,2841,3929,-351,351
85,124,2841,3930,-359,343
85,124,2841,3930,-351,351
85,124,2841,3931,-359,343
85,124,2841,3931,-351,351
85,124,2841,3932,-351,351
85,124,2841,3933,-359,343
85,124,2841,3933,-351,351
85,124,2841,3934,-359,343
85,124,2841,3934,-351,351
85,124,2841,3935,-359,343
85,124,2841,3935,-351,351
85,124,2841,3936,-359,343
85,124,2841,3936,-351,351
85,124,2841,3937,-359,343
85,124,2841,3937,-351,351
85,124,2841,3948,-345,361
85,124,2842,3930,-351,351
85,124,2842,3995,-451,-212
85,124,2844,3928,-340,325
85,124,2844,3933,-340,325
85,124,2844,3940,-386,316
85,124,2844,3979,-482,132
85,124,2845,3965,-500,0
85,124,2845,3969,-496,-60
85,124,2845,3969,-494,-74
85,124,2846,3926,-371,335
85,124,2846,3929,-371,335
85,124,2846,3935,-371,335
85,124,2847,3971,-490,-97
85,124,2849,3978,-478,144
85,124,2851,3972,-490,-97
85,124,2853,3969,-496,-60
85,124,2854,3969,-496,-60
85,124,2855,3965,-500,0
85,124,2855,3966,-500,-11
85,124,2855,3969,-496,-60
85,124,2855,3970,-494,-74
85,124,2856,3965,-500,0
86,125,2795,3950,0,447
86,125,2795,3951,0,366
86,125,2795,3954,0,447
86,125,2795,3957,0,421
86,125,2795,3959,0,395
86,125,2795,3960,0,395
86,125,2795,3964,0,369
86,125,2795,3978,-24,10
86,125,2795,3978,0,0
86,125,2795,3980,-25,-4
86,125,2796,3953,-33,445
86,125,2796,3957,-21,421
86,125,2801,3977,-176,194
86,125,2803,3934,-132,482
86,125,2804,3951,-108,433
86,125,2812,3970,-129,129
86,125,2814,3932,37,498
86,125,2817,3983,22,-234
86,125,2818,3979,-118,-266
86,125,2820,3968,-170,125
86,125,2827,3970,-361,345
86,125,2828,3993,14,50
86,125,2829,3944,-277,416
86,125,2829,3991,178,-146
86,125,2831,3946,-345,361
86,125,2831,3946,-335,371
86,125,2831,3947,-353,353
86,125,2831,3948,-353,353
86,125,2831,3959,-345,361
86,125,2831,3963,-345,361
86,125,2832,3946,-335,371
86,125,2832,3952,-353,353
86,125,2832,3956,-345,361
86,125,2833,3944,-353,353
86,125,2833,3945,-353,353
86,125,2834,3945,-353,353
86,125,2834,3945,-335,371
86,125,2834,3946,-345,361
86,125,2834,3946,-335,371
86,125,2834,3947,-345,361
86,125,2834,3947,-335,371
86,125,2834,3948,-345,361
86,125,2834,3949,-353,353
86,125,2834,3955,-345,361
86,125,2834,3996,285,233
86,125,2835,3946,-345,361
86,125,2835,3948,-345,361
86,125,2835,3973,-132,161
86,125,2840,3976,-238,0
86,125,2841,3966,-217,226
86,125,2842,3980,-381,104
86,125,2842,4003,353,106
86,125,2847,3958,-345,361
86,125,2848,3987,-208,36
86,125,2849,3963,-283,312
86,125,2849,3979,-411,92
86,125,2852,3974,-442,169
86,125,2852,3976,-366,151
86,125,2852,3979,-433,108
86,125,2852,3985,-283,63
86,125,2853,3979,-378,114
86,125,2854,3979,-378,114
86,125,2854,3980,-383,95
86,125,2855,3976,-393,151
86,125,2856,3977,-393,151
86,125,2856,3978,-462,103
86,125,2857,3963,-353,274
86,125,2857,3964,-353,274
86,125,2857,3979,-464,92
86,125,2857,3979,-407,111
86,125,2858,3975,-417,160
86,125,2858,3979,-407,111
86,125,2859,3974,-417,160
86,125,2859,3976,-421,150
86,125,2859,3977,-425,139
86,125,2860,3945,-353,353
86,125,2860,3978,-387,271
86,125,2860,3979,-323,309
86,125,2861,3945,-353,353
86,125,2862,3973,-438,181
86,125,2863,3979,-437,97
86,125,2863,3980,-457,125
86,125,2864,3967,-418,223
86,125,2864,3968,-345,361
86,125,2865,3950,-353,353
86,125,2865,3950,-345,361
86,125,2865,3974,-361,345
86,125,2865,3975,-316,386
86,125,2866,3969,-233,412
86,125,2869,3988,-473,0
86,125,2870,3974,-500,-25
86,125,2871,3985,-488,109
86,125,2874,3972,-500,0
86,125,2874,3988,-500,0
86,125,2874,3989,-500,0
86,125,2882,3978,-484,121
86,125,2882,3986,-496,60
86,125,2883,3983,-496,60
86,125,2885,3979,-482,132
86,125,2888,3988,-500,0
89,27,2802,964,394,-306
89,27,2811,975,203,-457
89,27,2815,975,74,-494
89,27,2816,976,0,-492
89,27,2837,984,-22,-444
89,27,2837,988,-21,-418
89,27,2840,969,0,-500
89,27,2845,984,-22,-444
89,27,2845,988,-21,-418
89,27,2854,978,361,-345
89,27,2856,969,0,-500
89,27,2858,975,371,-335
89,27,2860,984,-22,-444
89,27,2860,988,-21,-418
89,27,2861,954,234,-212
89,27,2861,984,-22,-444
89,27,2863,951,247,-237
89,27,2864,951,247,-237
89,27,2873,969,0,-500
89,27,2873,986,0,-418
89,27,2874,984,-22,-444
89,27,2874,986,0,-418
89,27,2875,984,-22,-444
89,27,2875,988,-21,-418
89,27,2877,984,-22,-444
89,27,2877,988,-21,-418
89,27,2880,969,0,-500
89,27,2880,977,0,-492
89,27,2880,980,0,-471
89,27,2880,981,0,-444
89,27,2880,982,0,-444
89,27,2880,983,0,-466
89,27,2880,983,0,-444
89,27,2881,984,-22,-444
89,27,2881,988,-21,-418
89,27,2883,968,-121,-484
89,27,2883,971,-144,-478
89,27,2884,986,0,-418
89,27,2885,984,-22,-444
89,27,2885,986,0,-418
89,27,2885,988,-21,-418
89,27,2886,972,-54,-309
89,27,2886,979,-24,-471
89,27,2886,986,0,-418
89,27,2887,983,-128,-426
89,27,2887,984,-22,-444
89,27,2887,985,-107,-431
89,27,2887,986,0,-418
89,27,2887,988,-21,-418
89,27,2890,967,-361,-345
89,27,2890,982,85,-492
89,27,2890,984,-22,-444
89,27,2890,987,109,-488
89,27,2890,988,-21,-418
89,27,2891,984,-22,-444
89,27,2891,988,-21,-418
89,27,2892,982,109,-488
89,27,2893,943,0,-421
89,27,2894,983,22,-444
89,27,2894,987,30,-417
89,27,2896,984,-22,-444
89,27,2896,986,0,-418
89,27,2896,988,-21,-418
89,27,2897,984,-22,-444
89,27,2897,986,0,-418
89,27,2898,974,-353,-353
89,27,2898,975,-345,-361
89,27,2898,984,-22,-444
89,27,2898,986,0,-418
89,27,2899,984,-22,-444
89,27,2900,938,0,78
89,27,2900,939,207,-138
89,27,2900,954,0,-314
89,27,2900,984,-22,-444
89,27,2900,986,0,-418
89,27,2900,988,-21,-418
89,27,2901,975,-361,-345
89,27,2901,979,-345,-361
89,27,2901,984,-22,-444
89,27,2901,988,-21,-418
89,27,2902,976,-345,-361
89,27,2903,939,75,-107
89,27,2903,974,-378,-326
89,27,2903,977,-353,-353
89,27,2903,979,-361,-345
89,27,2905,978,-353,-353
89,27,2905,979,-345,-361
89,27,2907,940,-208,-41
89,27,2907,978,-378,-326
89,27,2916,975,-353,-353
89,27,2919,979,-353,-353
89,27,2925,963,0,-500
89,126,2827,3966,0,500
89,126,2865,3983,482,132
89,126,2870,3989,0,421
89,126,2874,3986,0,447
89,126,2876,3960,0,500
89,126,2876,3989,0,421
89,126,2876,3991,0,395
89,126,2876,3996,0,369
89,126,2879,3985,22,447
89,126,2880,3976,-148,449
89,126,2880,3977,-148,449
89,126,2880,3985,0,447
89,126,2880,3986,0,447
89,126,2880,3989,0,421
89,126,2880,3991,0,395
89,126,2882,4004,23,315
89,126,2883,3989,0,421
89,126,2885,4018,101,-152
89,126,2887,3990,0,395
89,126,2889,4006,157,-333
89,126,2891,3989,0,421
89,126,2892,3989,0,421
89,126,2896,3989,0,421
89,126,2897,3989,0,421
89,126,2898,3989,0,421
89,126,2899,3985,0,447
89,126,2899,3989,0,421
89,126,2899,3989,21,421
89,126,2900,3989,0,421
89,126,2900,3997,18,369
89,126,2901,4000,-339,250
89,126,2904,3971,0,500
89,126,2904,3974,0,500
89,126,2905,3986,-466,179
89,126,2906,3988,-500,0
89,126,2907,3988,-500,0
89,126,2908,3988,-500,0
89,126,2909,3988,-500,0
89,126,2915,3983,-474,156
89,126,2917,3981,-466,179
91,28,2845,947,488,-109
91,28,2846,950,482,-132
91,28,2855,959,371,-335
91,28,2865,968,361,-345
91,28,2875,935,0,-130
91,28,2894,992,-29,-391
91,28,2895,992,-29,-391
91,28,2896,992,-20,-392
91,28,2897,992,-20,-392
91,28,2898,992,-20,-392
91,28,2901,988,-21,-418
91,28,2901,992,-29,-391
91,28,2902,996,-18,-366
91,28,2903,988,-21,-418
91,28,2904,996,-18,-366
91,28,2906,996,-18,-366
91,28,2909,988,-21,-418
91,28,2910,996,-18,-366
91,28,2913,988,351,-351
91,28,2914,984,-22,-444
91,28,2914,987,358,-344
91,28,2914,996,-18,-366
91,28,2915,985,361,-345
91,28,2915,985,371,-335
91,28,2915,987,361,-345
91,28,2915,996,-18,-366
91,28,2916,996,-18,-366
91,28,2917,984,353,-353
91,28,2917,996,-18,-366
91,28,2918,987,343,-359
91,28,2918,996,-18,-366
91,28,2919,987,343,-359
91,28,2919,997,0,-340
91,28,2920,987,343,-359
91,28,2920,993,232,-348
91,28,2920,996,-18,-366
91,28,2922,987,343,-359
91,28,2923,962,0,-104
91,28,2924,988,-21,-418
91,28,2924,996,-18,-366
91,28,2925,987,343,-359
91,28,2925,988,0,-418
91,28,2925,996,-18,-366
91,28,2925,996,0,-366
91,28,2925,997,0,-340
91,28,2926,987,343,-359
91,28,2926,987,351,-351
91,28,2926,988,-21,-418
91,28,2927,996,-18,-366
91,28,2931,955,81,0
91,28,2931,988,-21,-418
91,28,2932,994,122,-372
91,28,2932,996,-18,-366
91,28,2932,997,105,-350
91,28,2933,988,-21,-418
91,28,2933,996,18,-366
91,28,2933,997,97,-353
91,28,2934,975,236,-441
91,28,2934,996,-18,-366
91,28,2934,996,0,-366
91,28,2934,996,18,-366
91,28,2934,997,0,-340
91,28,2934,997,97,-353
91,28,2935,974,25,-497
91,28,2935,996,18,-366
91,28,2936,953,175,-292
91,28,2936,974,25,-497
91,28,2936,988,-21,-418
91,28,2936,996,-18,-366
91,28,2936,997,0,-340
91,28,2937,988,-21,-418
91,28,2937,996,-18,-366
91,28,2938,988,-21,-418
91,28,2938,993,76,-385
91,28,2938,996,-18,-366
91,28,2939,996,-18,-366
91,28,2940,967,66,-439
91,28,2940,984,-22,-444
91,28,2940,996,-18,-366
91,28,2940,996,54,-362
91,28,2940,997,47,-392
91,28,2941,988,53,-444
91,28,2941,988,62,-414
91,28,2941,992,58,-388
91,28,2941,996,-18,-366
91,28,2942,992,28,-391
91,28,2942,992,38,-391
91,28,2942,996,26,-365
91,28,2943,995,19,-387
91,28,2943,996,19,-387
91,28,2944,978,0,-492
91,28,2944,990,0,-414
91,28,2944,990,0,-392
91,28,2944,993,0,-392
91,28,2944,994,0,-387
91,28,2944,994,0,-366
91,28,2946,984,-22,-444
91,28,2947,957,0,-157
91,28,2947,961,0,-209
91,28,2947,994,0,-366
91,28,2947,996,-18,-366
91,28,2948,986,0,-500
91,28,2948,999,0,-418
91,28,2948,1000,0,-471
91,28,2948,1000,0,-418
91,28,2948,1001,0,-500
91,28,2950,984,-35,-469
91,28,2951,993,-41,-417
91,28,2951,995,-29,-391
91,28,2951,997,-29,-391
91,28,2955,994,-109,-488
91,28,2972,992,0,-500
91,28,2988,936,2,-130
91,28,3008,964,0,-183
91,28,3017,961,-372,-248
91,28,3017,962,-360,-266
91,125,2841,3976,482,132
91,125,2851,3968,394,306
91,125,2869,4018,421,21
91,125,2871,3981,355,-225
91,125,2872,3984,0,-421
91,125,2873,3988,0,-421
91,125,2875,3995,-9,-395
91,125,2875,4020,100,-28
91,125,2878,3980,-21,-421
91,125,2879,3979,0,-316
91,125,2879,4008,-150,249
91,125,2880,3977,167,-357
91,125,2881,4008,-229,218
91,125,2882,3975,291,-226
91,125,2882,3983,-281,-381
91,125,2882,3990,-441,-236
91,125,2883,4003,-136,-254
91,125,2883,4003,-129,-257
91,125,2884,4005,-267,169
91,125,2884,4018,-263,-175
91,125,2884,4020,24,-10
91,125,2885,3996,-255,-266
91,125,2885,4007,-319,-275
91,125,2885,4008,-80,-194
91,125,2885,4010,-265,167
91,125,2885,4011,-242,198
91,125,2885,4012,-261,173
91,125,2886,4004,-414,-171
91,125,2887,4014,-213,150
91,125,2888,3997,271,104
91,125,2888,4011,-339,33
91,125,2888,4014,-225,134
91,125,2888,4020,24,-8
91,125,2889,3999,259,-130
91,125,2890,3967,353,-107
91,125,2890,4009,-289,-21
91,125,2891,3984,-273,-90
91,125,2891,4008,-287,14
91,125,2891,4013,-287,27
91,125,2891,4016,-176,111
91,125,2891,4020,-2,25
91,125,2892,3961,80,360
91,125,2892,4020,-28,44
91,125,2893,4009,-257,44
91,125,2893,4020,104,0
91,125,2894,3987,-261,13
91,125,2894,3999,-372,248
91,125,2894,4007,-261,13
91,125,2895,3987,-209,4
91,125,2895,4005,-329,219
91,125,2895,4020,-28,44
91,125,2895,4020,0,0
91,125,2895,4020,9,24
91,125,2895,4020,123,96
91,125,2895,4020,179,35
91,125,2896,3968,0,235
91,125,2896,3969,0,235
91,125,2896,3970,0,209
91,125,2896,3971,0,183
91,125,2896,3971,0,209
91,125,2896,3975,0,78
91,125,2896,3994,-232,-52
91,125,2897,4003,-176,-117
91,125,2897,4016,99,121
91,125,2898,3931,18,366
91,125,2898,3932,18,366
91,125,2898,3932,26,364
91,125,2898,4008,-152,101
91,125,2899,3930,0,340
91,125,2899,3938,0,392
91,125,2899,3989,-49,92
91,125,2899,4005,-87,-164
91,125,2899,4012,-105,-210
91,125,2899,4013,-99,-121
91,125,2899,4016,-87,-58
91,125,2900,3929,0,342
91,125,2900,3930,0,340
91,125,2900,3931,0,340
91,125,2900,3987,-122,-47
91,125,2901,3930,0,340
91,125,2901,3930,7,340
91,125,2901,3931,0,340
91,125,2902,3930,0,340
91,125,2903,3930,0,340
91,125,2903,3931,0,340
91,125,2904,3930,0,340
91,125,2904,3966,0,261
91,125,2904,3967,0,261
91,125,2905,3945,408,287
91,125,2906,3930,0,340
91,125,2906,3941,378,326
91,125,2907,3930,0,340
91,125,2907,3931,0,340
91,125,2907,3942,386,316
91,125,2908,3930,0,340
91,125,2908,3938,345,361
91,125,2908,3939,353,353
91,125,2908,3939,358,343
91,125,2908,3943,378,326
91,125,2908,3943,386,316
91,125,2909,3930,0,340
91,125,2909,3943,378,326
91,125,2909,3944,378,326
91,125,2910,3930,0,340
91,125,2910,3942,361,345
91,125,2911,3930,0,340
91,125,2911,3940,353,353
91,125,2911,3941,345,361
91,125,2912,3930,0,340
91,125,2913,3930,0,340
91,125,2913,3931,0,340
91,125,2913,3941,361,345
91,125,2914,3930,0,340
91,125,2914,3931,0,340
91,125,2914,3941,361,345
91,125,2914,3942,361,345
91,125,2915,3930,0,340
91,125,2915,3941,358,343
91,125,2915,3943,353,353
91,125,2915,3964,0,366
91,125,2916,3930,0,340
91,125,2916,3931,0,340
91,125,2917,3930,0,340
91,125,2917,3937,272,350
91,125,2918,3930,0,340
91,125,2919,3930,0,340
91,125,2919,3941,358,343
91,125,2920,3930,0,340
91,125,2920,3935,240,341
91,125,2920,3936,240,341
91,125,2920,3967,0,261
91,125,2921,3930,0,340
91,125,2922,3930,0,340
91,125,2922,3931,0,340
91,125,2923,3930,0,340
91,125,2923,3931,0,340
91,125,2923,3934,192,341
91,125,2924,3930,0,340
91,125,2924,3931,0,340
91,125,2924,3947,0,444
91,125,2925,3930,0,340
91,125,2925,3934,185,346
91,125,2926,3930,0,340
91,125,2926,3931,0,340
91,125,2927,3930,0,340
91,125,2927,3931,0,340
91,125,2928,3930,0,340
91,125,2928,3931,0,340
91,125,2928,3935,166,353
91,125,2928,3966,0,261
91,125,2928,3967,0,261
91,125,2928,3968,0,235
91,125,2928,3969,0,235
91,125,2928,3971,0,183
91,125,2928,3973,0,130
91,125,2928,3973,0,157
91,125,2928,3974,0,78
91,125,2929,3930,0,340
91,125,2929,3932,131,341
91,125,2930,3930,0,340
91,125,2930,3986,101,-152
91,125,2931,3930,0,340
91,125,2932,3930,0,340
91,125,2932,3932,123,344
91,125,2932,3933,114,347
91,125,2933,3930,0,340
91,125,2934,3927,43,442
91,125,2934,3930,0,340
91,125,2934,3933,97,353
91,125,2935,3930,0,340
91,125,2936,3930,0,340
91,125,2937,3930,0,340
91,125,2937,3947,0,444
91,125,2938,3930,0,340
91,125,2938,3967,170,231
91,125,2939,3930,0,340
91,125,2940,3930,0,340
91,125,2940,3945,-81,466
91,125,2941,3930,0,340
91,125,2941,3932,53,444
91,125,2942,3930,0,340
91,125,2943,3930,0,340
91,125,2944,3930,0,340
91,125,2944,3931,0,340
91,125,2944,3933,0,366
91,125,2944,3934,0,366
91,125,2944,3934,0,387
91,125,2944,3974,0,104
91,125,2944,3975,0,104
91,125,2944,3977,0,78
91,125,2945,3930,0,340
91,125,2946,3930,0,340
91,125,2946,3933,0,366
91,125,2946,3971,0,104
91,125,2947,3930,0,340
91,125,2948,3930,0,340
91,125,2949,3930,0,340
91,125,2950,3930,0,340
91,125,2951,3930,0,340
91,125,2952,3930,0,340
91,125,2952,3971,0,183
91,125,2953,3930,0,340
91,125,2953,3931,0,366
91,125,2953,3931,8,366
91,125,2954,3930,0,340
91,125,2955,3930,0,340
91,125,2955,3931,8,366
91,125,2956,3930,0,340
91,125,2956,3931,0,366
91,125,2957,3930,0,340
91,125,2958,3930,0,340
91,125,2959,3930,0,340
91,125,2960,3930,0,340
91,125,2960,3931,8,366
91,125,2960,3967,0,261
91,125,2960,3973,0,157
91,125,2961,3930,0,340
91,125,2961,3931,0,340
91,125,2962,3930,0,340
91,125,2962,3931,8,366
91,125,2962,3942,-353,353
91,125,2963,3930,0,340
91,125,2964,3930,0,340
91,125,2964,3931,0,340
91,125,2965,3930,0,340
91,125,2966,3930,0,340
91,125,2966,3931,0,340
91,125,2967,3930,0,340
91,125,2968,3930,0,340
91,125,2968,3967,0,261
91,125,2969,3930,0,340
91,125,2970,3930,0,340
91,125,2971,3930,0,340
91,125,2972,3930,0,340
91,125,2973,3930,0,340
91,125,2973,3945,-361,345
91,125,2975,3930,0,340
91,125,2975,3970,-355,225
91,125,2976,3930,0,340
91,125,2976,3967,0,261
91,125,2978,3973,-307,204
91,125,2979,3968,-384,230
91,125,2981,3956,-361,345
91,125,2983,3970,-355,225
91,125,2987,3930,0,340
91,125,2988,3975,-453,136
91,125,2988,3980,-437,97
91,125,2989,3976,-421,150
91,125,2993,3970,-312,242
91,125,2996,3968,-332,258
91,125,2997,3979,-464,92
91,125,3005,3968,-236,441
91,125,3021,4043,-447,0
91,125,3039,3978,-447,224
91,125,3044,3975,-441,236
91,126,2865,4018,447,10
91,126,2869,4018,419,31
91,126,2869,4018,421,21
91,126,2875,3986,482,132
91,126,2876,3979,0,500
91,126,2876,3982,0,500
91,126,2876,3983,0,500
91,126,2876,3984,0,500
91,126,2876,3988,361,345
91,126,2876,4005,0,500
91,126,2879,4006,168,-298
91,126,2881,4005,301,-212
91,126,2882,3988,223,417
91,126,2885,3985,181,408
91,126,2885,4020,25,5
91,126,2887,4020,25,5
91,126,2888,3995,177,353
91,126,2888,4020,19,16
91,126,2891,4020,-2,25
91,126,2892,4020,-14,21
91,126,2892,4020,0,0
91,126,2893,3970,167,470
91,126,2895,4020,-23,-12
91,126,2896,4018,43,145
91,126,2897,3989,41,419
91,126,2897,4017,-66,80
91,126,2898,3989,31,419
91,126,2898,4020,-115,61
91,126,2899,3966,0,500
91,126,2899,3989,21,421
91,126,2899,4019,-75,141
91,126,2899,4020,-78,7
91,126,2899,4020,-21,14
91,126,2900,3966,0,500
91,126,2900,3989,0,421
91,126,2900,4011,255,63
91,126,2902,3971,-148,449
91,126,2902,3987,-496,60
91,126,2903,3988,-444,0
91,126,2904,3971,-148,449
91,126,2904,3974,0,500
91,126,2904,3975,-361,345
91,126,2905,3986,-466,179
91,126,2906,3971,-148,449
91,126,2906,3971,0,500
91,126,2906,3972,-361,345
91,126,2906,3986,-484,121
91,126,2906,3988,-500,0
91,126,2908,3971,-148,449
91,126,2908,3986,-494,74
91,126,2908,3988,-500,0
91,126,2909,3988,-500,0
91,126,2910,3987,-500,25
91,126,2911,3982,-447,224
91,126,2911,3986,-492,85
91,126,2912,3976,-224,447
91,126,2912,3976,-148,449
91,126,2912,3984,-482,132
91,126,2912,3986,-494,74
91,126,2913,3983,-416,277
91,126,2913,3984,-484,121
91,126,2913,3985,-484,121
91,126,2914,3974,-371,335
91,126,2914,3982,-451,212
91,126,2914,3983,-478,144
91,126,2915,3975,-236,441
91,126,2915,3977,-386,316
91,126,2915,3978,-416,277
91,126,2915,3983,-474,156
91,126,2915,3984,-484,121
91,126,2915,3986,-496,60
91,126,2916,3984,-361,345
91,126,2919,3984,-490,97
91,126,2920,3983,-482,132
91,126,2940,3989,21,421
91,126,2941,3982,0,447
91,126,2941,3989,0,421
91,126,2971,3989,0,421
91,126,2987,3989,0,421
91,126,2995,3991,-34,126
91,126,3000,4043,-21,14
91,126,3008,4045,-289,-28
91,126,3011,4045,-313,-47
91,126,3015,4049,-394,29
91,126,3017,4047,-418,50
91,126,3018,4048,-419,41
91,126,3018,4048,-418,50
91,126,3019,4049,-419,31
91,126,3026,3993,-335,371
91,126,3029,4050,-473,10
91,126,3038,4048,-494,-74
91,126,3048,4049,-496,-60
92,27,2901,875,421,0
92,27,2970,949,441,-236
92,27,2971,945,457,-203
92,27,2971,945,466,-179
92,27,2971,945,470,-167
92,27,2971,946,451,-212
92,27,2971,946,457,-203
92,27,2972,945,466,-179
92,27,2973,946,457,-203
92,27,2974,939,418,0
92,27,2974,939,497,0
92,27,2974,939,500,0
92,27,2974,943,456,-114
92,27,2974,944,470,-167
92,27,2975,939,500,0
92,27,2976,939,500,0
92,27,2976,943,466,-179
92,27,2976,954,287,-408
92,27,2979,954,246,-435
92,27,2986,939,435,-246
92,27,2987,911,-77,-11
92,27,2987,913,-119,-102
92,27,2987,931,0,-183
92,27,2987,933,0,-157
92,27,2987,937,0,-185
92,27,2987,938,0,-421
92,27,2988,938,-21,-421
92,27,2989,938,0,-421
92,27,2990,908,-15,76
92,27,2996,912,0,26
92,27,2996,918,0,-287
92,27,2996,919,0,-311
92,27,3002,939,-211,-211
92,27,3010,953,-371,-335
92,27,3010,954,-361,-345
93,125,2900,3988,500,0
93,125,2915,3965,361,345
93,125,2915,3988,361,345
93,125,2934,3965,466,179
93,125,2939,3982,467,70
93,125,2946,3975,291,-226
93,125,2948,3939,351,351
93,125,2948,3941,358,343
93,125,2949,3988,19,16
93,125,2951,3988,9,24
93,125,2952,3988,-2,25
93,125,2953,3974,488,109
93,125,2954,3939,30,416
93,125,2955,3944,32,442
93,125,2955,3972,482,132
93,125,2955,3988,-14,21
93,125,2956,3988,-23,12
93,125,2957,3944,32,442
93,125,2958,3944,32,442
93,125,2958,3988,0,0
93,125,2959,3959,37,498
93,125,2959,3988,0,0
93,125,2960,3944,32,442
93,125,2960,3971,0,500
93,125,2960,3988,-101,152
93,125,2960,3988,0,0
93,125,2961,3944,32,442
93,125,2961,3947,0,444
93,125,2961,3984,-60,200
93,125,2961,3988,-138,74
93,125,2961,3988,-101,152
93,125,2961,3988,0,0
93,125,2962,3931,18,366
93,125,2962,3931,26,364
93,125,2962,3944,32,442
93,125,2962,3970,316,386
93,125,2962,3971,470,167
93,125,2962,3988,-138,74
93,125,2962,3988,-101,152
93,125,2963,3931,26,364
93,125,2963,3988,-138,74
93,125,2964,3930,0,340
93,125,2964,3931,0,340
93,125,2964,3975,478,144
93,125,2965,3930,0,340
93,125,2965,3931,0,340
93,125,2965,3941,358,343
93,125,2966,3930,0,340
93,125,2966,3987,138,-74
93,125,2967,3930,0,340
93,125,2967,3984,20,-208
93,125,2968,3930,0,340
93,125,2968,3931,26,364
93,125,2968,3966,0,261
93,125,2968,3967,0,261
93,125,2968,3968,0,235
93,125,2968,3986,101,-152
93,125,2969,3930,0,340
93,125,2969,3969,-41,234
93,125,2969,3978,494,74
93,125,2970,3930,0,340
93,125,2970,3931,26,364
93,125,2970,3932,-18,366
93,125,2970,3978,494,74
93,125,2971,3930,0,340
93,125,2971,3981,33,-339
93,125,2971,3986,130,-196
93,125,2971,3987,276,-148
93,125,2972,3930,0,340
93,125,2972,3973,484,121
93,125,2972,3978,494,74
93,125,2972,3979,408,101
93,125,2972,3979,492,85
93,125,2972,3986,130,-196
93,125,2973,3930,0,340
93,125,2973,3932,-18,366
93,125,2973,3977,431,118
93,125,2973,3978,494,74
93,125,2974,3930,0,340
93,125,2974,3931,0,340
93,125,2974,3931,26,364
93,125,2974,3932,-18,366
93,125,2974,3978,494,74
93,125,2974,3979,492,85
93,125,2974,3985,144,-217
93,125,2975,3930,0,340
93,125,2975,3931,0,340
93,125,2975,3932,-18,366
93,125,2975,3976,421,150
93,125,2975,3976,424,139
93,125,2976,3930,0,340
93,125,2976,3938,332,332
93,125,2976,3971,0,183
93,125,2976,3975,421,150
93,125,2976,3979,408,101
93,125,2976,3979,492,85
93,125,2976,3984,498,37
93,125,2977,3930,0,340
93,125,2977,3978,403,121
93,125,2977,3979,492,85
93,125,2978,3930,0,340
93,125,2978,3931,0,340
93,125,2978,3975,380,94
93,125,2978,3979,492,85
93,125,2978,3983,203,-305
93,125,2979,3930,0,340
93,125,2979,3979,492,85
93,125,2980,3930,0,340
93,125,2980,3940,351,351
93,125,2980,3941,358,343
93,125,2981,3930,0,340
93,125,2981,3932,-18,366
93,125,2981,3941,358,343
93,125,2982,3930,0,340
93,125,2982,3931,0,340
93,125,2982,3941,358,343
93,125,2983,3930,0,340
93,125,2983,3941,358,343
93,125,2984,3930,0,340
93,125,2984,3940,351,351
93,125,2984,3982,277,-416
93,125,2985,3930,0,340
93,125,2985,3931,26,364
93,125,2985,3940,351,351
93,125,2986,3930,0,340
93,125,2986,3931,0,340
93,125,2986,3940,351,351
93,125,2986,3941,358,343
93,125,2986,3969,189,180
93,125,2986,3970,158,174
93,125,2987,3930,0,340
93,125,2987,3931,0,340
93,125,2987,3940,351,351
93,125,2987,3941,358,343
93,125,2987,3970,158,174
93,125,2987,3970,169,162
93,125,2987,3971,153,178
93,125,2987,3971,169,162
93,125,2988,3930,0,340
93,125,2988,3940,351,351
93,125,2988,3941,358,343
93,125,2988,3971,153,178
93,125,2988,3971,169,162
93,125,2989,3930,0,340
93,125,2989,3940,351,351
93,125,2989,3941,358,343
93,125,2989,3972,115,141
93,125,2990,3930,0,340
93,125,2990,3931,0,340
93,125,2990,3940,351,351
93,125,2990,3941,358,343
93,125,2991,3930,0,340
93,125,2991,3931,0,340
93,125,2991,3941,358,343
93,125,2991,3955,345,361
93,125,2991,3975,75,72
93,125,2991,3979,456,114
93,125,2992,3930,0,340
93,125,2992,3931,0,340
93,125,2992,3967,0,261
93,125,2992,3969,0,235
93,125,2992,3982,414,72
93,125,2993,3930,0,340
93,125,2993,3931,26,364
93,125,2993,3982,219,-329
93,125,2994,3930,0,340
93,125,2994,3941,358,343
93,125,2994,3974,414,171
93,125,2994,3979,408,101
93,125,2995,3930,0,340
93,125,2995,3942,351,351
93,125,2995,3979,408,101
93,125,2996,3930,0,340
93,125,2996,3941,358,343
93,125,2997,3930,0,340
93,125,2997,3941,358,343
93,125,2998,3930,0,340
93,125,2998,3941,358,343
93,125,2998,3942,351,351
93,125,2999,3930,0,340
93,125,3000,3930,0,340
93,125,3000,3967,0,261
93,125,3001,3930,0,340
93,125,3002,3930,0,340
93,125,3003,3930,0,340
93,125,3003,3970,169,162
93,125,3003,3971,169,162
93,125,3004,3930,0,340
93,125,3005,3930,0,340
93,125,3006,3930,0,340
93,125,3006,3968,151,144
93,125,3007,3930,0,340
93,125,3008,3930,0,340
93,125,3008,3934,0,366
93,125,3008,3934,0,387
93,125,3008,3935,0,340
93,125,3008,3935,0,366
93,125,3008,3957,0,366
93,125,3008,3967,0,261
93,125,3009,3986,103,-155
93,125,3010,3931,-37,498
93,125,3010,3934,-33,442
93,125,3010,3944,-48,498
93,125,3011,3971,153,178
93,125,3012,3927,0,500
93,125,3012,3930,0,500
93,125,3012,3933,-74,494
93,125,3012,3947,-306,394
93,125,3012,3947,-167,470
93,125,3012,3952,0,316
93,125,3015,3933,-47,389
93,125,3017,3963,-316,316
93,125,3019,3941,-212,451
93,125,3021,3986,187,-100
93,125,3023,3982,25,-263
93,125,3025,3986,187,-100
93,125,3026,3963,-316,316
93,125,3027,3934,0,369
93,125,3028,3982,25,-263
93,125,3028,3986,187,-100
93,125,3029,3982,25,-263
93,125,3030,3982,25,-263
93,125,3032,3945,-326,378
93,125,3035,3957,0,421
93,125,3036,3939,-326,378
93,125,3038,3938,-335,371
93,125,3043,3959,0,395
93,125,3048,3943,-353,353
93,125,3052,3953,-16,314
93,125,3060,3961,-123,375
93,125,3063,3952,-140,424
93,125,3063,3966,-174,325
93,125,3071,3967,-273,285
93,125,3074,3963,-283,312
93,125,3077,3956,-500,0
93,125,3077,3966,-332,258
93,125,3084,3971,-361,345
93,125,3098,3963,-353,353
94,28,2953,959,457,-203
94,28,2956,957,432,-192
94,28,2958,939,447,0
94,28,2962,984,353,-353
94,28,2962,984,361,-345
94,28,2966,980,353,-353
94,28,2967,939,395,0
94,28,2967,950,393,-151
94,28,2969,948,378,-114
94,28,2970,948,378,-114
94,28,2970,969,300,-332
94,28,2972,946,355,-98
94,28,2972,946,357,-89
94,28,2973,947,347,-124
94,28,2974,955,234,-165
94,28,2978,976,353,-353
94,28,2986,979,361,-345
94,28,2987,974,361,-345
94,28,2988,965,345,-361
94,28,2988,973,335,-371
94,28,2988,978,361,-345
94,28,2989,977,353,-353
94,28,2989,981,345,-361
94,28,2989,982,335,-371
94,28,2989,982,345,-361
94,28,2990,980,345,-361
94,28,2991,985,296,-402
94,28,2993,978,345,-361
94,28,2993,978,353,-353
94,28,2994,983,287,-408
94,28,2997,978,296,-402
94,28,3004,979,345,-361
94,28,3028,951,0,-261
94,28,3031,971,-169,-217
94,28,3031,987,-97,-490
94,28,3032,991,-85,-492
94,28,3034,990,-121,-484
95,29,2968,954,500,11
95,29,2968,956,500,0
95,29,2973,961,500,25
95,29,2976,983,408,-287
95,29,2977,983,408,-287
95,29,2979,985,386,-316
95,29,2980,987,368,-334
95,29,2980,995,340,-325
95,29,2980,996,340,-325
95,29,2980,1000,340,-325
95,29,2980,1004,340,-325
95,29,2981,986,368,-334
95,29,2982,986,368,-334
95,29,2982,987,358,-344
95,29,2982,987,368,-334
95,29,2985,955,473,10
95,29,2985,983,361,-345
95,29,2987,988,361,-345
95,29,2987,989,361,-345
95,29,2987,993,361,-345
95,29,2987,996,361,-345
95,29,2987,997,353,-353
95,29,2987,997,361,-345
95,29,2989,989,296,-402
95,29,2995,952,406,-112
95,29,3000,955,395,19
95,29,3003,955,369,18
95,29,3007,948,151,-144
95,29,3009,955,61,-48
95,29,3010,961,132,-126
95,29,3015,1007,169,-442
95,29,3016,1003,160,-417
95,29,3016,1018,335,-371
95,29,3017,1003,160,-417
95,29,3018,1004,139,-425
95,29,3024,1026,179,-466
95,29,3026,959,-176,117
95,29,3036,1015,0,-500
95,29,3037,1013,-361,-345
95,29,3123,964,0,-130
95,29,3123,971,0,-342
95,29,3127,974,-89,-357
95,30,2981,1022,418,0
95,30,2982,1022,418,0
95,30,2982,1023,418,-21
95,30,2983,1021,444,-10
95,30,2983,1021,447,-10
95,30,2983,1024,470,-35
95,30,2984,1024,483,-36
95,30,2985,1017,444,10
95,30,2985,1022,442,-43
95,30,2985,1022,444,-22
95,30,2985,1022,444,-10
95,30,2985,1023,444,-22
95,30,2985,1026,494,-74
95,30,2986,1020,500,0
95,30,2986,1021,444,-10
95,30,2986,1022,444,-22
95,30,2986,1022,444,-10
95,30,2986,1022,444,0
95,30,2986,1023,444,-22
95,30,2987,1020,444,0
95,30,2987,1021,444,-10
95,30,2987,1022,466,-23
95,30,2988,1020,444,0
95,30,2988,1021,444,-10
95,30,2990,1009,361,-345
95,30,2997,1035,497,0
95,30,2997,1035,500,0
95,30,2997,1036,497,0
95,30,2998,1002,345,-361
95,30,2998,1004,345,-361
95,30,2998,1006,345,-361
95,30,2998,1007,345,-361
95,30,2998,1010,345,-361
95,30,2998,1011,345,-361
95,30,2998,1013,345,-361
95,30,2998,1013,361,-345
95,30,2998,1014,345,-361
95,30,2998,1014,361,-345
95,30,2998,1018,440,-76
95,30,2999,1019,462,-103
95,30,3002,1021,234,-23
95,30,3005,1003,361,-345
95,30,3007,1035,500,0
95,30,3016,1037,417,-224
95,30,3018,1041,248,-372
95,30,3020,1041,211,-395
95,30,3104,1045,0,-447
95,30,3115,915,-140,220
95,30,3115,1072,0,-500
95,30,3116,1049,0,-473
95,30,3116,1053,0,-473
95,30,3120,1015,-236,441
95,97,2971,3111,494,74
95,97,2977,3167,494,-74
95,97,2989,3077,326,378
95,97,2989,3078,361,345
95,97,2990,3078,326,378
95,97,2991,3079,316,386
95,97,2992,3165,490,-97
95,97,2993,3087,233,28
95,97,2996,3081,453,136
95,97,2998,3087,416,62
95,97,2999,3078,361,345
95,97,3004,3083,408,101
95,97,3004,3146,167,-470
95,97,3007,3045,345,361
95,97,3008,3042,332,332
95,97,3008,3043,355,340
95,97,3008,3044,345,361
95,97,3008,3044,355,340
95,97,3010,3044,353,353
95,97,3011,3045,358,343
95,97,3013,3045,358,343
95,97,3014,3045,358,343
95,97,3015,3045,358,343
95,97,3017,3045,351,351
95,97,3017,3045,358,343
95,97,3017,3071,325,266
95,97,3018,3044,351,351
95,97,3018,3045,358,343
95,97,3019,3045,358,343
95,97,3020,3038,0,366
95,97,3020,3039,0,366
95,97,3020,3045,358,343
95,97,3021,3039,0,366
95,97,3021,3039,28,391
95,97,3021,3045,358,343
95,97,3022,3038,0,366
95,97,3022,3045,358,343
95,97,3023,3038,0,366
95,97,3023,3044,351,351
95,97,3023,3045,358,343
95,97,3024,3044,351,351
95,97,3024,3045,358,343
95,97,3024,3075,0,209
95,97,3025,3045,351,351
95,97,3025,3045,358,343
95,97,3026,3044,351,351
95,97,3026,3045,351,351
95,97,3026,3045,358,343
95,97,3027,3034,0,340
95,97,3027,3044,351,351
95,97,3027,3045,358,343
95,97,3027,3049,353,353
95,97,3028,3035,26,364
95,97,3028,3045,358,343
95,97,3028,3075,0,500
95,97,3029,3034,0,340
95,97,3029,3045,358,343
95,97,3030,3034,0,340
95,97,3030,3035,0,340
95,97,3030,3045,358,343
95,97,3031,3034,0,340
95,97,3031,3035,26,364
95,97,3031,3045,358,343
95,97,3032,3045,358,343
95,97,3033,3034,0,340
95,97,3033,3044,351,351
95,97,3033,3045,358,343
95,97,3034,3034,0,340
95,97,3034,3045,358,343
95,97,3035,3034,0,340
95,97,3035,3045,358,343
95,97,3036,3034,0,340
95,97,3036,3035,26,364
95,97,3036,3045,358,343
95,97,3036,3075,153,178
95,97,3036,3075,169,162
95,97,3037,3034,0,340
95,97,3037,3045,358,343
95,97,3038,3034,0,340
95,97,3038,3035,26,364
95,97,3038,3044,351,351
95,97,3038,3045,358,343
95,97,3039,3035,0,340
95,97,3039,3035,26,364
95,97,3039,3036,19,387
95,97,3039,3045,358,343
95,97,3040,3034,0,340
95,97,3040,3034,7,340
95,97,3040,3035,0,366
95,97,3040,3036,-18,366
95,97,3040,3039,0,366
95,97,3040,3044,351,351
95,97,3040,3045,358,343
95,97,3040,3049,353,353
95,97,3041,3034,0,340
95,97,3041,3044,351,351
95,97,3041,3045,358,343
95,97,3042,3034,0,340
95,97,3042,3036,18,366
95,97,3042,3044,351,351
95,97,3042,3045,358,343
95,97,3043,3037,8,366
95,97,3043,3044,351,351
95,97,3043,3045,358,343
95,97,3043,3076,0,104
95,97,3044,3031,0,500
95,97,3044,3034,0,340
95,97,3044,3035,0,366
95,97,3044,3037,0,366
95,97,3044,3040,0,471
95,97,3044,3045,358,343
95,97,3044,3054,0,473
95,97,3044,3063,0,395
95,97,3044,3068,0,369
95,97,3044,3083,492,85
95,97,3045,3035,-18,366
95,97,3045,3044,351,351
95,97,3045,3045,358,343
95,97,3046,3035,-18,366
95,97,3047,3037,-20,392
95,97,3047,3037,-9,392
95,97,3047,3038,-29,391
95,97,3047,3039,-20,392
95,97,3047,3045,358,343
95,97,3048,3044,351,351
95,97,3048,3045,358,343
95,97,3049,3044,351,351
95,97,3049,3045,358,343
95,97,3050,3044,351,351
95,97,3050,3045,358,343
95,97,3051,3044,351,351
95,97,3051,3045,358,343
95,97,3052,3044,351,351
95,97,3052,3045,358,343
95,97,3053,3038,-48,498
95,97,3053,3046,351,351
95,97,3054,3044,351,351
95,97,3054,3045,358,343
95,97,3054,3046,351,351
95,97,3054,3091,-208,-111
95,97,3055,3049,353,353
95,97,3058,3086,467,70
95,97,3059,3042,332,332
95,97,3062,3045,351,351
95,97,3063,3045,358,343
95,97,3063,3046,351,351
95,97,3076,3089,-116,-174
95,97,3085,3090,-132,-126
95,97,3093,3090,187,-100
95,97,3095,3089,132,-198
95,97,3098,3086,-91,-220
95,97,3101,3085,-13,-261
95,97,3106,3089,-170,-162
95,97,3116,3092,52,0
97,97,3059,3139,421,0
97,97,3063,3140,395,0
97,97,3076,3086,207,366
97,97,3078,3101,162,169
97,97,3080,3063,345,361
97,97,3082,3065,371,335
97,97,3083,3066,361,345
97,97,3084,3067,345,361
97,97,3085,3085,488,109
97,97,3086,3082,478,144
97,97,3086,3088,496,60
97,97,3090,3092,500,0
97,97,3091,3092,500,0
97,97,3092,3091,498,37
97,97,3092,3092,488,109
97,97,3092,3092,492,85
97,97,3092,3092,500,0
97,97,3093,3079,148,449
97,97,3093,3092,500,0
97,97,3094,3091,500,11
97,97,3094,3092,500,0
97,97,3095,3074,353,353
97,97,3095,3092,500,0
97,97,3097,3089,478,144
97,97,3097,3090,484,121
97,97,3098,3067,361,345
97,97,3098,3087,482,132
97,97,3098,3090,484,121
97,97,3098,3091,482,132
97,97,3100,3062,277,416
97,97,3100,3066,345,361
97,97,3100,3067,345,361
97,97,3101,3064,345,361
97,97,3103,3074,316,386
97,97,3107,3065,316,386
97,97,3107,3066,316,386
97,97,3108,3057,97,490
97,97,3108,3060,361,345
97,97,3110,3060,85,492
97,97,3110,3079,244,407
97,97,3111,3060,60,496
97,97,3117,3112,-20,-208
97,97,3127,3065,97,490
97,97,3130,3095,50,338
97,97,3131,3099,273,-97
97,97,3156,3073,0,500
98,92,3066,2972,500,0
98,92,3066,2987,500,0
98,92,3067,2963,340,0
98,92,3067,2970,340,0
98,92,3067,2972,369,0
98,92,3067,2973,340,0
98,92,3067,2976,340,0
98,92,3067,2982,340,0
98,92,3067,2985,340,0
98,92,3067,2986,340,0
98,92,3067,2987,340,0
98,92,3068,2972,340,0
98,92,3068,2974,366,-8
98,92,3068,2975,366,-18
98,92,3068,2989,366,-8
98,92,3068,2990,366,0
98,92,3069,2975,366,-18
98,92,3069,2985,366,0
98,92,3069,2989,366,-8
98,92,3070,2980,357,-80
98,92,3070,2987,369,0
98,92,3070,2995,435,-246
98,92,3071,2972,366,0
98,92,3071,2973,366,0
98,92,3071,2987,366,0
98,92,3071,2987,500,0
98,92,3072,2989,392,-9
98,92,3072,2990,392,0
98,92,3073,2989,392,-9
98,92,3075,2963,332,332
98,92,3075,2972,392,0
98,92,3076,3011,148,-450
98,92,3077,2992,277,-195
98,92,3079,2914,391,28
98,92,3079,2916,418,0
98,92,3079,2943,345,361
98,92,3079,2966,358,343
98,92,3080,2899,408,287
98,92,3083,2970,353,353
98,92,3083,3010,444,0
98,92,3084,2909,500,0
98,92,3084,2976,444,0
98,92,3084,2987,444,0
98,92,3084,3010,444,0
98,92,3084,3011,500,0
98,92,3085,3012,500,0
98,92,3087,3011,500,0
98,92,3092,2907,416,277
98,92,3093,3002,403,-190
98,92,3096,2987,500,0
98,92,3097,2991,345,361
98,92,3101,2988,52,-1
98,92,3102,2915,317,234
98,92,3103,2977,176,-112
98,92,3104,3012,266,-326
98,92,3106,2956,216,-48
98,92,3106,2976,115,141
98,92,3107,2933,192,432
98,92,3107,2973,88,-56
98,92,3107,2974,228,-57
98,92,3111,2939,233,285
98,92,3115,2999,90,300
98,92,3116,3002,240,240
98,92,3121,2985,-174,-116
98,92,3122,2988,-121,99
98,92,3122,2988,170,-66
98,92,3122,3005,140,339
98,92,3123,2987,-151,-41
98,92,3123,2988,207,111
98,92,3124,2988,29,42
98,92,3124,2989,207,25
98,92,3124,2997,25,1
98,92,3124,3000,16,-20
98,92,3124,3001,16,-20
98,92,3125,2988,-234,-23
98,92,3125,2995,-7,287
98,92,3126,2990,192,135
98,92,3126,2991,20,208
98,92,3126,2994,127,271
98,92,3127,2991,72,-30
98,92,3127,2993,0,-178
98,92,3127,2995,-7,287
98,92,3127,2996,-26,0
98,92,3127,2996,-25,338
98,92,3127,2996,-23,312
98,92,3127,2996,-14,21
98,92,3127,2996,0,0
98,92,3128,2990,61,172
98,92,3128,2994,33,338
98,92,3128,2994,41,340
98,92,3128,2996,-14,21
98,92,3128,2996,0,0
98,92,3129,2990,57,173
98,92,3130,2989,16,-19
98,92,3131,2996,-26,-1
98,92,3132,2989,98,148
98,92,3134,2988,153,-34
98,92,3138,2991,30,206
98,92,3145,2989,25,-128
98,94,3063,3011,500,0
98,94,3064,3011,500,0
98,94,3066,3010,444,0
98,94,3067,2996,340,0
98,94,3067,2997,340,0
98,94,3067,2998,340,0
98,94,3067,2999,340,0
98,94,3067,3000,340,0
98,94,3067,3001,340,0
98,94,3067,3002,340,0
98,94,3067,3003,340,0
98,94,3067,3004,340,0
98,94,3067,3006,340,0
98,94,3067,3007,340,0
98,94,3067,3008,340,0
98,94,3067,3010,340,0
98,94,3067,3011,340,0
98,94,3067,3023,482,-132
98,94,3068,3010,340,0
98,94,3068,3013,366,-8
98,94,3069,3009,366,8
98,94,3070,3009,366,8
98,94,3071,2985,366,0
98,94,3071,2987,366,0
98,94,3071,2987,395,0
98,94,3071,2987,500,0
98,94,3071,2988,429,257
98,94,3071,2999,366,0
98,94,3072,2989,392,-20
98,94,3072,2989,392,-9
98,94,3072,2990,364,205
98,94,3072,2990,392,0
98,94,3073,2989,392,-20
98,94,3073,2989,392,-9
98,94,3073,2991,364,205
98,94,3074,2990,359,215
98,94,3075,2978,392,0
98,94,3075,2980,392,0
98,94,3080,3012,440,0
98,94,3083,2972,444,0
98,94,3083,2973,345,361
98,94,3084,2972,444,0
98,94,3084,2974,444,0
98,94,3084,2975,496,-60
98,94,3084,3071,500,0
98,94,3086,2972,500,0
98,94,3086,2973,471,-24
98,94,3086,2974,471,-24
98,94,3087,2972,471,0
98,94,3088,3032,335,-371
98,94,3090,3044,447,0
98,94,3090,3052,447,0
98,94,3090,3066,438,-181
98,94,3091,3056,416,-62
98,94,3093,2957,345,361
98,94,3093,2958,345,361
98,94,3096,3042,353,-353
98,94,3097,2995,392,19
98,94,3097,3061,375,-123
98,94,3098,2972,500,0
98,94,3101,2972,500,0
98,94,3101,3056,337,-58
98,94,3101,3075,297,-298
98,94,3101,3080,417,-224
98,94,3103,3011,261,0
98,94,3105,3010,183,0
98,94,3106,2990,100,30
98,94,3106,3070,260,-261
98,94,3107,3010,130,0
98,94,3107,3010,157,0
98,94,3108,3010,104,0
98,94,3114,2937,121,484
98,94,3117,2994,248,-82
98,94,3122,2995,-179,-40
98,94,3123,3002,-86,-162
98,94,3124,2981,0,104
98,94,3124,2982,52,0
98,94,3124,2995,46,-25
98,94,3124,2995,46,-22
98,94,3127,2989,194,-176
98,94,3127,2991,152,-101
98,94,3128,2989,208,-20
98,94,3128,2991,175,-263
98,94,3129,2990,28,-289
98,94,3129,2994,73,-110
98,94,3130,2987,0,0
98,94,3130,2988,-25,-5
98,94,3131,2987,-46,-153
98,94,3156,2992,90,94
98,95,3072,3092,500,0
98,95,3080,3068,500,0
98,95,3083,3025,361,345
98,95,3084,3083,500,0
98,95,3085,3048,326,378
98,95,3085,3050,335,371
98,95,3086,3014,353,353
98,95,3086,3028,353,353
98,95,3086,3029,353,353
98,95,3086,3047,316,386
98,95,3086,3050,345,361
98,95,3086,3051,335,371
98,95,3086,3051,345,361
98,95,3086,3051,353,353
98,95,3086,3052,353,353
98,95,3086,3053,353,353
98,95,3087,3048,353,353
98,95,3087,3049,316,386
98,95,3087,3050,353,353
98,95,3088,3032,353,353
98,95,3088,3051,335,371
98,95,3089,3031,361,345
98,95,3089,3050,306,394
98,95,3089,3051,316,386
98,95,3089,3054,335,371
98,95,3089,3054,345,361
98,95,3089,3059,345,361
98,95,3089,3060,345,361
98,95,3090,3031,353,353
98,95,3090,3055,345,361
98,95,3091,3014,497,0
98,95,3092,3022,353,353
98,95,3092,3092,488,109
98,95,3092,3092,500,0
98,95,3093,3011,497,0
98,95,3094,3021,345,361
98,95,3096,3013,500,-25
98,95,3096,3025,361,345
98,95,3097,3024,345,361
98,95,3098,3091,447,0
98,95,3101,3060,421,0
98,95,3101,3092,421,0
98,95,3103,3052,395,0
98,95,3112,3072,194,215
98,95,3117,2996,169,442
98,95,3123,3047,53,150
98,95,3124,3033,0,421
98,95,3124,3042,0,238
98,95,3128,3051,0,0
98,95,3128,3105,-249,88
98,95,3134,3093,61,172
98,95,3134,3097,-23,237
98,95,3134,3100,-32,262
99,93,3097,3010,500,0
99,93,3099,2992,364,35
99,93,3102,3010,500,0
99,93,3106,3001,484,-121
99,93,3107,3002,470,-167
99,93,3108,2976,500,0
99,93,3108,2986,500,0
99,93,3108,3000,488,-109
99,93,3108,3006,435,-246
99,93,3108,3008,402,-296
99,93,3109,3001,482,-132
99,93,3110,2979,447,224
99,93,3110,3010,361,-345
99,93,3110,3010,500,0
99,93,3111,2976,378,326
99,93,3111,3008,441,-236
99,93,3111,3011,326,-378
99,93,3112,2974,441,236
99,93,3112,2975,441,236
99,93,3112,3008,441,-236
99,93,3112,3010,335,-371
99,93,3113,3008,361,-345
99,93,3115,2977,345,361
99,93,3118,2974,447,0
99,93,3120,2973,167,470
99,93,3122,2974,447,0
99,93,3122,2985,447,0
99,93,3122,2993,447,0
99,93,3122,2996,447,0
99,93,3122,3010,447,0
99,93,3122,3011,447,0
99,93,3124,2980,121,484
99,93,3124,2980,167,470
99,93,3124,2999,471,-35
99,93,3124,3003,48,-498
99,93,3126,2990,414,72
99,93,3126,2990,416,62
99,93,3126,2991,416,62
99,93,3126,2993,416,-62
99,93,3127,3010,395,0
99,93,3129,3007,283,189
99,93,3130,2996,104,0
99,93,3138,3015,237,-17
99,93,3141,2991,353,106
99,93,3143,2996,25,5
99,93,3145,2996,23,-12
99,93,3145,2996,26,0
99,93,3147,2996,9,24
99,93,3149,2987,0,0
99,93,3150,2992,94,-157
99,93,3150,2996,126,92
99,93,3151,2996,0,0
99,93,3152,2996,0,0
123,15,3864,480,500,0
123,15,3865,483,500,0
123,15,3866,488,500,0
123,15,3867,456,500,0
123,15,3867,457,500,0
123,15,3869,457,500,0
123,15,3869,458,500,-11
123,15,3869,481,498,48
123,15,3869,533,447,-224
123,15,3871,529,441,-236
123,15,3872,458,500,-25
123,15,3874,531,447,-224
123,15,3875,467,386,316
123,15,3876,452,500,0
123,15,3881,448,500,0
123,15,3881,485,473,0
123,15,3883,448,500,0
123,15,3883,456,498,-37
123,15,3883,456,500,0
123,15,3883,457,498,-37
123,15,3884,548,500,0
123,15,3885,435,335,371
123,15,3885,459,437,97
123,15,3886,436,345,361
123,15,3886,460,438,87
123,15,3887,455,316,386
123,15,3890,445,500,0
123,15,3890,460,411,92
123,15,3890,515,447,0
123,15,3891,464,417,50
123,15,3893,481,421,0
123,15,3893,506,421,0
123,15,3894,441,339,291
123,15,3894,462,412,82
123,15,3894,493,346,-283
123,15,3895,455,262,116
123,15,3895,455,453,136
123,15,3895,468,395,0
123,15,3895,480,395,0
123,15,3895,484,395,0
123,15,3895,503,395,0
123,15,3895,508,395,0
123,15,3895,512,395,0
123,15,3895,516,395,0
123,15,3896,497,395,0
123,15,3898,451,403,190
123,15,3898,532,378,-114
123,15,3898,533,371,-132
123,15,3899,455,453,136
123,15,3899,538,339,-203
123,15,3899,547,304,-291
123,15,3900,459,408,101
123,15,3900,518,369,0
123,15,3900,553,283,-346
123,15,3901,440,339,291
123,15,3901,530,440,-76
123,15,3903,486,299,-258
123,15,3903,537,317,-190
123,15,3904,455,421,150
123,15,3904,459,408,101
123,15,3904,556,371,-335
123,15,3905,440,339,291
123,15,3906,488,238,0
123,15,3907,459,350,115
123,15,3907,516,164,-87
123,15,3908,452,333,211
123,15,3909,553,342,-327
123,15,3912,547,321,-307
123,15,3912,550,323,-309
123,15,3913,452,291,226
123,15,3914,547,312,-283
123,15,3915,429,361,345
123,15,3915,462,305,83
123,15,3915,510,0,500
123,15,3916,428,353,353
123,15,3916,429,353,353
123,15,3916,430,353,353
123,15,3916,432,353,353
123,15,3916,435,345,361
123,15,3916,577,0,-500
123,15,3917,423,345,361
123,15,3917,426,335,371
123,15,3917,427,345,361
123,15,3917,427,353,353
123,15,3917,428,353,353
123,15,3917,429,353,353
123,15,3917,431,345,361
123,15,3917,431,353,353
123,15,3917,432,353,353
123,15,3917,435,345,361
123,15,3917,435,353,353
123,15,3917,436,345,361
123,15,3917,439,345,361
123,15,3918,425,345,361
123,15,3918,425,353,353
123,15,3918,426,353,353
123,15,3918,427,335,371
123,15,3918,427,345,361
123,15,3918,427,353,353
123,15,3918,428,345,361
123,15,3918,428,353,353
123,15,3918,428,361,345
123,15,3918,431,353,353
123,15,3918,432,353,353
123,15,3918,432,371,335
123,15,3918,435,345,361
123,15,3918,438,345,361
123,15,3918,439,345,361
123,15,3918,443,345,361
123,15,3918,565,81,-466
123,15,3919,432,353,353
123,15,3919,439,345,361
123,15,3919,443,345,361
123,15,3919,445,335,371
123,15,3919,446,335,371
123,15,3920,427,353,353
123,15,3920,432,353,353
123,15,3920,446,361,345
123,15,3921,427,345,361
123,15,3921,452,291,226
123,15,3921,520,-101,-152
123,15,3922,427,353,353
123,15,3922,428,353,353
123,15,3922,429,353,353
123,15,3922,430,353,353
123,15,3923,450,255,266
123,15,3923,564,7,-342
123,15,3924,426,353,353
123,15,3924,551,0,-395
123,15,3925,427,345,361
123,15,3925,428,345,361
123,15,3925,464,-121,-202
123,15,3927,425,345,361
123,15,3927,467,191,-90
123,15,3927,575,-17,-237
123,15,3928,457,113,-296
123,15,3928,459,6,-290
123,15,3928,463,-82,-251
123,15,3929,427,345,361
123,15,3929,428,345,361
123,15,3929,429,345,361
123,15,3929,430,345,361
123,15,3929,461,5,-264
123,15,3929,463,-26,-263
123,15,3929,466,-160,-96
123,15,3930,460,-14,-290
123,15,3930,461,5,-264
123,15,3930,464,-18,-185
123,15,3931,462,279,-279
123,15,3931,467,-117,-63
123,15,3932,429,345,361
123,15,3932,552,0,-395
123,15,3933,449,177,196
123,15,3933,465,-182,-109
123,15,3934,465,204,-123
123,15,3934,552,0,-395
123,15,3935,467,175,-62
123,15,3935,576,0,-500
123,15,3937,451,178,-40
123,15,3938,456,114,-320
123,15,3940,464,-25,-210
123,15,3940,555,0,-421
123,15,3940,570,0,-500
123,15,3941,466,-90,-128
123,15,3942,543,0,-290
123,15,3943,461,57,-255
123,15,3945,426,136,453
123,15,3946,436,131,400
123,15,3947,461,-46,230
123,15,3949,440,95,382
123,15,3952,460,-141,58
123,15,3953,461,128,227
123,15,3954,450,56,204
123,15,3954,454,40,181
123,15,3954,454,51,258
123,15,3955,450,-149,-278
123,15,3955,450,46,152
123,15,3956,430,0,447
123,15,3956,434,0,447
123,15,3956,444,0,369
123,15,3956,446,0,52
123,15,3956,456,0,-130
123,15,3956,458,0,-104
123,15,3956,458,17,19
123,15,3956,460,0,-104
123,15,3956,460,19,-17
123,15,3956,461,37,167
123,15,3956,461,133,155
123,15,3956,462,0,0
123,15,3956,462,5,78
123,15,3956,462,49,16
123,15,3956,463,0,0
123,15,3956,463,168,29
123,15,3956,464,149,26
123,15,3956,466,0,-52
123,15,3956,466,1,-52
123,15,3956,466,75,-65
123,15,3956,466,78,-61
123,15,3964,560,361,-345
123,15,3978,556,0,-369
123,122,3863,3901,500,0
123,122,3864,3940,500,0
123,122,3865,3901,500,0
123,122,3867,3880,500,0
123,122,3867,3881,500,0
123,122,3870,3892,500,0
123,122,3870,3938,421,0
123,122,3870,3956,500,0
123,122,3872,3880,500,0
123,122,3872,3882,500,-25
123,122,3872,3900,500,0
123,122,3873,3876,500,0
123,122,3874,3876,500,0
123,122,3874,3940,500,0
123,122,3874,3961,500,0
123,122,3876,3876,500,0
123,122,3876,3908,500,0
123,122,3877,3876,500,0
123,122,3879,3875,500,0
123,122,3881,3864,345,361
123,122,3881,3876,500,0
123,122,3883,3880,498,-37
123,122,3883,3880,500,0
123,122,3883,3881,498,-37
123,122,3884,3868,345,361
123,122,3884,3895,335,371
123,122,3884,3895,361,345
123,122,3884,3908,451,212
123,122,3885,3883,437,97
123,122,3885,3900,473,0
123,122,3885,3964,438,-181
123,122,3886,3884,438,87
123,122,3886,3904,447,0
123,122,3888,3849,353,353
123,122,3889,3944,447,0
123,122,3890,3884,411,92
123,122,3890,3908,447,0
123,122,3890,3976,500,0
123,122,3891,3879,453,136
123,122,3891,3893,314,0
123,122,3891,3976,500,0
123,122,3892,3879,417,160
123,122,3892,3883,492,85
123,122,3893,3908,421,0
123,122,3893,3912,421,0
123,122,3893,3944,421,0
123,122,3894,3946,369,0
123,122,3894,3963,400,-201
123,122,3895,3901,395,0
123,122,3895,3904,395,-9
123,122,3895,3908,395,0
123,122,3895,3909,395,0
123,122,3895,3912,395,0
123,122,3895,3913,395,0
123,122,3895,3929,395,0
123,122,3895,3940,395,0
123,122,3895,3944,395,0
123,122,3895,3973,500,0
123,122,3896,3946,395,0
123,122,3897,3888,390,58
123,122,3897,3963,389,-220
123,122,3897,3966,350,-233
123,122,3898,3951,364,-55
123,122,3898,3957,371,-132
123,122,3899,3879,453,136
123,122,3899,3884,411,92
123,122,3899,3944,369,0
123,122,3900,3869,274,353
123,122,3900,3883,408,101
123,122,3900,3884,411,92
123,122,3901,3864,339,291
123,122,3901,3883,408,101
123,122,3903,3845,358,343
123,122,3905,3864,339,291
123,122,3905,3874,389,220
123,122,3906,3912,238,0
123,122,3907,3955,289,-128
123,122,3909,3864,339,291
123,122,3909,3907,120,56
123,122,3910,3869,317,273
123,122,3911,3844,351,351
123,122,3911,3845,358,343
123,122,3913,3876,291,226
123,122,3913,3877,296,219
123,122,3914,3856,353,353
123,122,3915,3850,358,343
123,122,3915,3853,353,353
123,122,3916,3852,361,345
123,122,3916,3853,353,353
123,122,3916,3859,345,361
123,122,3917,3847,345,361
123,122,3917,3848,353,353
123,122,3917,3850,335,371
123,122,3917,3851,353,353
123,122,3917,3852,353,353
123,122,3917,3853,353,353
123,122,3917,3855,345,361
123,122,3917,3856,353,353
123,122,3917,3859,335,371
123,122,3917,3859,345,361
123,122,3917,3860,345,361
123,122,3917,3863,345,361
123,122,3917,3866,345,361
123,122,3917,3867,345,361
123,122,3917,3875,285,233
123,122,3918,3849,353,353
123,122,3918,3849,361,345
123,122,3918,3851,335,371
123,122,3918,3851,345,361
123,122,3918,3851,353,353
123,122,3918,3852,353,353
123,122,3918,3855,353,353
123,122,3918,3856,353,353
123,122,3918,3859,345,361
123,122,3918,3863,345,361
123,122,3918,3867,345,361
123,122,3918,3960,234,-212
123,122,3919,3856,353,353
123,122,3919,3863,345,361
123,122,3919,3867,345,361
123,122,3919,3869,361,345
123,122,3919,3870,335,371
123,122,3920,3847,306,394
123,122,3920,3850,353,353
123,122,3920,3850,361,345
123,122,3920,3851,345,361
123,122,3920,3856,353,353
123,122,3920,3870,361,345
123,122,3920,3873,312,282
123,122,3921,3851,345,361
123,122,3922,3852,353,353
123,122,3922,3853,353,353
123,122,3922,3854,353,353
123,122,3924,3851,353,353
123,122,3924,3852,361,345
123,122,3925,3843,353,353
123,122,3925,3851,345,361
123,122,3925,3852,345,361
123,122,3925,3853,345,361
123,122,3927,3849,345,361
123,122,3927,3891,-160,-96
123,122,3927,3891,191,-90
123,122,3928,3874,303,248
123,122,3928,3886,107,-213
123,122,3928,3887,-82,-251
123,122,3929,3851,345,361
123,122,3929,3852,345,361
123,122,3929,3854,345,361
123,122,3929,3886,23,-237
123,122,3929,3889,-194,-137
123,122,3929,3890,-172,-164
123,122,3929,3890,-160,-96
123,122,3930,3884,25,-263
123,122,3930,3886,80,-196
123,122,3930,3888,-18,-185
123,122,3931,3889,-205,-123
123,122,3931,3889,-164,-134
123,122,3931,3891,-117,-63
123,122,3932,3854,345,361
123,122,3932,3885,100,-242
123,122,3934,3883,-16,-316
123,122,3934,3883,-16,-314
123,122,3935,3872,307,-205
123,122,3935,3883,30,-312
123,122,3935,3886,-136,-227
123,122,3935,3887,-119,-236
123,122,3935,3887,-62,-227
123,122,3935,3889,-117,-176
123,122,3935,3890,-103,-155
123,122,3936,3854,361,345
123,122,3936,3886,-70,-255
123,122,3936,3887,-23,-237
123,122,3936,3888,-73,-223
123,122,3937,3887,-73,-223
123,122,3938,3869,-77,387
123,122,3938,3880,114,-320
123,122,3938,3885,-62,-310
123,122,3939,3889,-17,-182
123,122,3940,3868,-233,285
123,122,3941,3851,158,445
123,122,3941,3890,-90,-128
123,122,3942,3883,76,-280
123,122,3942,3889,117,-176
123,122,3943,3835,156,474
123,122,3943,3875,322,114
123,122,3944,3890,-132,-162
123,122,3946,3854,118,431
123,122,3946,3875,328,-99
123,122,3947,3864,-367,-36
123,122,3947,3868,253,-264
123,122,3947,3888,-68,-225
123,122,3948,3864,-366,-35
123,122,3952,3882,117,265
123,122,3953,3877,-196,-130
123,122,3954,3874,56,204
123,122,3954,3875,40,181
123,122,3954,3878,-180,-120
123,122,3955,3848,132,482
123,122,3955,3873,28,130
123,122,3955,3874,-149,-278
123,122,3955,3886,149,110
123,122,3956,3832,0,500
123,122,3956,3848,148,449
123,122,3956,3858,0,447
123,122,3956,3860,0,314
123,122,3956,3861,0,421
123,122,3956,3868,0,369
123,122,3956,3874,0,238
123,122,3956,3882,0,78
123,122,3956,3882,17,19
123,122,3956,3882,23,12
123,122,3956,3883,0,-287
123,122,3956,3883,0,-104
123,122,3956,3883,25,-4
123,122,3956,3884,0,-104
123,122,3956,3886,0,-104
123,122,3956,3886,0,0
123,122,3956,3886,0,130
123,122,3956,3887,0,0
123,122,3956,3887,46,23
123,122,3956,3887,85,115
123,122,3956,3887,168,29
123,122,3956,3888,0,0
123,122,3956,3888,149,26
123,122,3956,3889,99,-32
123,122,3956,3889,105,-110
123,122,3956,3890,0,-26
123,122,3956,3890,75,-65
123,122,3956,3890,78,-61
123,122,3956,3890,83,-55
123,122,3956,3890,84,-53
123,122,3956,3891,42,-95
124,7,3896,219,500,0
124,7,3897,205,500,0
124,7,3898,211,500,0
124,7,3898,221,500,0
124,7,3898,228,500,0
124,7,3899,260,340,0
124,7,3900,203,500,0
124,7,3901,203,500,0
124,7,3901,204,500,0
124,7,3901,215,372,122
124,7,3903,203,500,0
124,7,3903,207,500,0
124,7,3903,219,500,0
124,7,3905,288,457,-34
124,7,3906,196,500,0
124,7,3906,287,419,-10
124,7,3906,287,433,-10
124,7,3906,288,444,-33
124,7,3906,288,459,-23
124,7,3907,285,500,0
124,7,3907,286,414,0
124,7,3907,288,457,-34
124,7,3908,196,500,0
124,7,3908,283,416,30
124,7,3908,287,416,-31
124,7,3908,288,444,-33
124,7,3908,293,340,-325
124,7,3908,295,340,-325
124,7,3908,296,340,-325
124,7,3908,298,340,-325
124,7,3908,299,340,-325
124,7,3908,300,340,-325
124,7,3909,196,500,0
124,7,3909,286,416,-31
124,7,3909,286,418,-21
124,7,3909,286,418,0
124,7,3909,286,500,-25
124,7,3909,287,418,-21
124,7,3909,287,418,0
124,7,3909,288,457,-34
124,7,3909,288,470,-46
124,7,3909,288,470,-35
124,7,3909,292,492,-85
124,7,3909,299,361,-345
124,7,3910,284,418,0
124,7,3910,285,500,0
124,7,3910,286,418,0
124,7,3910,287,418,-21
124,7,3910,288,483,-36
124,7,3910,303,343,-359
124,7,3911,285,418,-10
124,7,3911,286,440,0
124,7,3911,288,418,0
124,7,3911,288,470,-35
124,7,3911,289,351,-351
124,7,3911,289,418,0
124,7,3911,289,485,0
124,7,3911,291,351,-351
124,7,3912,285,471,0
124,7,3913,285,497,0
124,7,3913,295,353,-353
124,7,3913,307,335,-371
124,7,3914,196,500,0
124,7,3914,287,444,0
124,7,3914,291,490,-97
124,7,3915,277,361,-345
124,7,3915,278,361,-345
124,7,3915,279,457,-126
124,7,3915,286,361,-345
124,7,3915,288,361,-345
124,7,3915,289,361,-345
124,7,3915,291,361,-345
124,7,3915,292,361,-345
124,7,3915,293,361,-345
124,7,3915,302,361,-345
124,7,3916,221,500,0
124,7,3916,292,444,0
124,7,3916,295,335,-371
124,7,3917,284,494,74
124,7,3918,196,500,0
124,7,3918,219,447,0
124,7,3919,286,471,-24
124,7,3922,206,416,62
124,7,3922,252,447,0
124,7,3923,206,414,72
124,7,3924,278,424,-140
124,7,3925,203,403,190
124,7,3925,281,408,-182
124,7,3926,262,416,62
124,7,3927,260,395,0
124,7,3933,179,316,386
124,7,3933,303,361,-345
124,7,3933,320,277,-416
124,7,3936,284,488,-109
124,7,3940,202,234,17
124,7,3940,300,361,-345
124,7,3940,308,148,-450
124,7,3941,306,179,-466
124,7,3943,272,-300,366
124,7,3943,280,-48,392
124,7,3945,304,136,-453
124,7,3946,202,78,0
124,7,3946,203,78,0
124,7,3946,297,141,-396
124,7,3947,297,121,-403
124,7,3947,300,118,-432
124,7,3949,204,159,0
124,7,3953,266,147,60
124,7,3953,274,408,-182
124,7,3953,275,-144,-68
124,7,3954,271,-218,89
124,7,3956,169,-5,238
124,7,3956,170,0,238
124,7,3956,271,396,-141
124,7,3956,278,24,-10
124,7,3956,289,0,-290
124,7,3957,274,-6,261
124,7,3958,268,65,170
124,7,3958,269,65,170
124,7,3959,269,-237,-23
124,7,3959,275,203,339
124,7,3960,268,14,50
124,7,3960,268,226,136
124,7,3960,271,403,121
124,7,3960,276,-146,219
124,7,3960,276,-26,0
124,7,3960,276,-23,-12
124,7,3960,276,-23,12
124,7,3960,276,-14,21
124,7,3960,276,0,0
124,7,3961,269,146,153
124,7,3961,274,-32,262
124,7,3961,274,-26,263
124,7,3961,274,190,317
124,7,3961,274,254,187
124,7,3961,276,-146,219
124,7,3961,276,-26,0
124,7,3961,276,-23,-12
124,7,3962,269,88,132
124,7,3962,269,182,191
124,7,3962,270,146,153
124,7,3962,270,149,249
124,7,3962,271,63,229
124,7,3962,276,-46,62
124,7,3962,276,-23,-12
124,7,3962,287,147,-108
124,7,3963,276,-46,62
124,7,3963,294,411,92
124,7,3964,276,-313,139
124,7,3964,276,-26,-1
124,7,3964,276,-26,1
124,7,3964,276,-22,-14
124,7,3964,276,-11,77
124,7,3964,276,0,0
124,7,3965,269,146,153
124,7,3966,276,-26,0
124,7,3969,276,25,-3
124,7,3970,276,-25,-4
124,7,3971,268,153,30
124,7,3976,269,-162,-208
124,9,3896,285,500,0
124,9,3896,289,405,-30
124,9,3896,304,442,32
124,9,3896,318,498,-48
124,9,3897,289,405,-30
124,9,3897,290,417,-31
124,9,3898,285,500,0
124,9,3898,331,500,0
124,9,3899,286,340,0
124,9,3899,286,361,0
124,9,3899,287,340,0
124,9,3899,288,340,0
124,9,3899,289,340,0
124,9,3899,291,340,0
124,9,3899,292,340,0
124,9,3899,293,340,0
124,9,3899,294,340,0
124,9,3899,295,340,0
124,9,3899,296,340,0
124,9,3899,297,340,0
124,9,3899,298,340,0
124,9,3899,299,340,0
124,9,3899,300,340,0
124,9,3899,301,340,0
124,9,3899,302,340,0
124,9,3899,303,340,0
124,9,3899,305,340,0
124,9,3899,306,340,0
124,9,3899,307,340,0
124,9,3899,308,340,0
124,9,3899,309,340,0
124,9,3899,310,340,0
124,9,3899,311,340,0
124,9,3899,312,340,0
124,9,3899,313,340,0
124,9,3899,314,340,0
124,9,3899,315,340,0
124,9,3899,316,340,0
124,9,3899,317,340,0
124,9,3899,318,340,0
124,9,3899,319,340,0
124,9,3899,320,340,0
124,9,3899,321,340,0
124,9,3899,322,340,0
124,9,3899,323,340,0
124,9,3899,324,340,0
124,9,3899,325,340,0
124,9,3899,326,340,0
124,9,3899,327,340,0
124,9,3899,328,340,0
124,9,3899,329,340,0
124,9,3899,330,340,0
124,9,3899,331,340,0
124,9,3899,331,369,0
124,9,3900,285,366,0
124,9,3900,286,366,0
124,9,3900,287,366,-8
124,9,3900,309,340,0
124,9,3900,333,366,0
124,9,3900,334,366,0
124,9,3901,286,366,-8
124,9,3901,286,366,0
124,9,3901,287,366,0
124,9,3901,288,366,0
124,9,3901,334,366,0
124,9,3902,286,366,-8
124,9,3903,285,444,0
124,9,3903,286,366,-8
124,9,3903,296,366,0
124,9,3903,303,366,0
124,9,3903,310,366,0
124,9,3903,316,366,0
124,9,3903,343,366,0
124,9,3903,343,500,0
124,9,3903,344,500,0
124,9,3904,333,392,0
124,9,3904,334,392,0
124,9,3905,334,392,0
124,9,3907,283,496,60
124,9,3907,348,392,0
124,9,3907,349,392,0
124,9,3908,356,353,-353
124,9,3910,342,361,-345
124,9,3910,346,361,-345
124,9,3910,347,418,0
124,9,3911,325,418,0
124,9,3911,328,418,0
124,9,3911,331,353,-353
124,9,3911,350,418,0
124,9,3911,351,418,0
124,9,3915,329,361,-345
124,9,3915,345,361,-345
124,9,3915,349,353,-353
124,9,3916,320,444,0
124,9,3916,321,444,0
124,9,3916,322,444,0
124,9,3916,323,444,0
124,9,3916,324,444,0
124,9,3916,326,444,0
124,9,3916,327,444,0
124,9,3916,328,444,0
124,9,3916,329,444,0
124,9,3916,330,444,0
124,9,3916,331,444,0
124,9,3916,354,444,0
124,9,3916,355,444,0
124,9,3916,356,444,0
124,9,3918,285,473,0
124,9,3920,359,471,0
124,9,3925,331,444,0
124,9,3930,363,500,0
124,9,3932,285,369,0
124,9,3932,339,375,-113
124,9,3937,288,197,0
124,9,3937,369,212,-424
124,9,3938,323,115,-141
124,9,3938,324,132,-126
124,9,3944,354,417,-224
124,9,3946,243,139,424
124,9,3947,312,-367,-36
124,9,3947,333,-291,119
124,9,3947,343,90,300
124,9,3948,357,142,-283
124,9,3948,368,97,-437
124,9,3953,342,26,364
124,9,3954,340,14,287
124,9,3955,332,-121,99
124,9,3956,274,0,-104
124,9,3956,275,0,-130
124,9,3956,333,207,25
124,9,3956,334,144,217
124,9,3956,336,275,-203
124,9,3956,342,25,1
124,9,3956,346,4,-25
124,9,3956,347,183,3
124,9,3956,356,0,-354
124,9,3956,364,0,-407
124,9,3957,267,0,0
124,9,3957,272,74,-138
124,9,3957,273,74,-138
124,9,3957,274,0,-78
124,9,3957,274,74,-138
124,9,3957,334,-5,235
124,9,3957,336,-5,235
124,9,3957,340,-7,314
124,9,3958,333,101,152
124,9,3958,334,149,105
124,9,3958,335,20,208
124,9,3958,337,-12,235
124,9,3959,332,116,105
124,9,3959,334,94,157
124,9,3959,336,-15,208
124,9,3959,340,-182,102
124,9,3959,340,-130,0
124,9,3960,267,201,55
124,9,3960,333,110,110
124,9,3960,340,-26,0
124,9,3960,340,-23,-12
124,9,3960,340,-14,21
124,9,3960,340,0,0
124,9,3961,340,0,0
124,9,3965,332,108,113
124,9,3966,340,-22,-14
124,9,3968,336,19,203
124,9,3978,361,131,-400
124,9,3984,267,-112,-71
124,9,3988,335,0,0
124,11,3895,387,447,0
124,11,3896,387,500,0
124,11,3897,387,366,0
124,11,3897,387,500,0
124,11,3897,390,500,-25
124,11,3898,356,500,0
124,11,3898,387,395,0
124,11,3898,395,463,-81
124,11,3899,340,340,0
124,11,3899,341,340,0
124,11,3899,342,340,0
124,11,3899,343,340,0
124,11,3899,344,340,0
124,11,3899,345,340,0
124,11,3899,346,340,0
124,11,3899,346,444,-22
124,11,3899,347,340,0
124,11,3899,348,340,0
124,11,3899,349,340,0
124,11,3899,350,340,0
124,11,3899,351,340,0
124,11,3899,352,340,0
124,11,3899,353,340,0
124,11,3899,354,340,0
124,11,3899,355,340,0
124,11,3899,356,340,0
124,11,3899,357,340,0
124,11,3899,358,340,0
124,11,3899,359,340,0
124,11,3899,360,340,0
124,11,3899,361,340,0
124,11,3899,362,340,0
124,11,3899,363,340,0
124,11,3899,364,340,0
124,11,3899,365,340,0
124,11,3899,366,340,0
124,11,3899,367,340,0
124,11,3899,368,340,0
124,11,3899,369,340,0
124,11,3899,370,340,0
124,11,3899,371,340,0
124,11,3899,372,340,0
124,11,3899,373,340,0
124,11,3899,374,340,0
124,11,3899,375,340,0
124,11,3899,376,340,0
124,11,3899,377,340,0
124,11,3899,378,340,0
124,11,3899,379,340,0
124,11,3899,380,340,0
124,11,3899,381,340,0
124,11,3899,382,340,0
124,11,3899,383,340,0
124,11,3899,384,340,0
124,11,3899,385,340,0
124,11,3899,386,340,0
124,11,3899,387,340,0
124,11,3899,387,366,0
124,11,3899,387,447,0
124,11,3899,398,482,-132
124,11,3899,399,482,-132
124,11,3900,387,340,0
124,11,3900,387,366,0
124,11,3900,389,366,-8
124,11,3900,389,366,0
124,11,3901,385,366,8
124,11,3902,385,366,8
124,11,3902,386,366,0
124,11,3903,331,366,0
124,11,3903,349,366,0
124,11,3903,373,366,0
124,11,3903,375,366,0
124,11,3903,380,366,0
124,11,3903,386,366,0
124,11,3903,387,473,0
124,11,3903,387,500,0
124,11,3904,333,392,-20
124,11,3904,333,392,-9
124,11,3904,334,392,0
124,11,3904,387,471,0
124,11,3904,389,392,0
124,11,3904,397,482,-132
124,11,3904,398,482,-132
124,11,3905,333,392,-20
124,11,3905,333,392,-9
124,11,3905,385,392,8
124,11,3905,387,500,0
124,11,3906,385,392,8
124,11,3906,387,500,0
124,11,3907,387,418,0
124,11,3907,387,500,0
124,11,3908,389,418,-21
124,11,3909,387,497,0
124,11,3910,319,358,343
124,11,3910,320,351,351
124,11,3910,387,444,0
124,11,3911,319,345,361
124,11,3911,319,361,345
124,11,3911,336,358,343
124,11,3911,386,418,0
124,11,3911,387,418,0
124,11,3915,387,444,0
124,11,3916,315,444,0
124,11,3916,317,444,0
124,11,3916,384,444,0
124,11,3916,385,444,0
124,11,3916,386,444,0
124,11,3916,387,444,0
124,11,3918,333,471,-24
124,11,3920,312,471,10
124,11,3920,349,471,0
124,11,3922,385,392,0
124,11,3923,394,416,-62
124,11,3928,386,392,0
124,11,3929,325,369,197
124,11,3939,385,104,0
124,11,3939,385,130,0
124,11,3939,387,237,17
124,11,3940,344,104,0
124,11,3940,347,104,0
124,11,3940,384,104,0
124,11,3942,422,198,-372
124,11,3944,337,-316,-386
124,11,3948,421,142,-283
124,11,3952,404,20,282
124,11,3953,388,230,123
124,11,3953,396,-131,78
124,11,3953,400,-90,217
124,11,3954,394,-200,39
124,11,3955,396,-121,99
124,11,3956,306,0,447
124,11,3956,339,46,-25
124,11,3956,408,200,113
124,11,3956,411,3,-26
124,11,3957,331,80,194
124,11,3957,337,74,-138
124,11,3957,338,74,-138
124,11,3957,339,24,-46
124,11,3957,339,92,-49
124,11,3958,331,173,-93
124,11,3958,333,-12,-235
124,11,3958,336,124,-232
124,11,3959,338,371,-199
124,11,3959,404,0,0
124,11,3960,335,175,-263
124,11,3960,400,108,72
124,11,3962,332,-25,-5
124,11,3962,332,43,-446
124,11,3962,332,225,67
124,11,3963,337,400,-201
124,11,3963,338,348,-187
124,11,3966,397,86,130
124,11,3979,338,101,-152
124,11,3988,335,24,-248
124,13,3898,433,482,-132
124,13,3900,411,498,-48
124,13,3902,392,500,0
124,13,3903,392,500,0
124,13,3904,417,488,-109
124,13,3905,387,500,0
124,13,3906,387,392,0
124,13,3906,387,418,0
124,13,3907,386,392,0
124,13,3907,387,392,0
124,13,3907,387,418,0
124,13,3907,390,418,0
124,13,3908,387,392,0
124,13,3908,387,418,0
124,13,3908,387,444,0
124,13,3908,387,500,0
124,13,3908,389,418,-21
124,13,3908,389,418,0
124,13,3908,390,418,0
124,13,3909,385,418,21
124,13,3909,387,444,0
124,13,3910,385,418,21
124,13,3910,386,418,0
124,13,3910,386,418,21
124,13,3910,389,444,-22
124,13,3911,375,358,343
124,13,3911,376,358,343
124,13,3911,377,358,343
124,13,3911,378,358,343
124,13,3911,379,358,343
124,13,3911,380,358,343
124,13,3911,381,358,343
124,13,3911,382,358,343
124,13,3911,383,358,343
124,13,3911,383,418,0
124,13,3911,384,358,343
124,13,3911,384,418,0
124,13,3911,385,358,343
124,13,3911,385,418,0
124,13,3911,386,358,343
124,13,3911,387,358,343
124,13,3911,387,418,0
124,13,3911,388,358,343
124,13,3911,389,358,343
124,13,3911,390,358,343
124,13,3911,391,358,343
124,13,3911,392,358,343
124,13,3911,393,358,343
124,13,3911,395,358,343
124,13,3911,396,358,343
124,13,3911,397,358,343
124,13,3911,398,358,343
124,13,3911,400,358,343
124,13,3911,401,358,343
124,13,3911,402,358,343
124,13,3911,404,358,343
124,13,3911,407,490,-97
124,13,3911,409,488,-109
124,13,3913,369,361,345
124,13,3914,384,444,0
124,13,3915,369,353,353
124,13,3915,385,444,0
124,13,3915,399,353,353
124,13,3916,379,444,0
124,13,3916,380,444,0
124,13,3917,384,494,-74
124,13,3918,365,353,353
124,13,3920,376,471,0
124,13,3923,376,500,0
124,13,3924,386,497,11
124,13,3925,375,497,0
124,13,3927,377,498,-48
124,13,3927,398,387,76
124,13,3927,455,134,-81
124,13,3928,375,500,0
124,13,3930,372,500,0
124,13,3930,373,500,0
124,13,3935,371,500,0
124,13,3935,420,316,0
124,13,3939,437,211,-395
124,13,3945,367,129,428
124,13,3945,398,-419,41
124,13,3946,376,248,372
124,13,3947,392,185,0
124,13,3950,379,500,0
124,13,3950,417,117,-266
124,13,3951,403,-243,-100
124,13,3953,400,-242,-100
124,13,3956,386,0,26
124,13,3956,394,-29,-43
124,13,3956,395,0,0
124,13,3956,399,0,-209
124,13,3956,403,0,-130
124,13,3956,403,46,-22
124,13,3956,403,50,-12
124,13,3957,401,217,-96
124,13,3958,398,111,-208
124,13,3958,400,8,-395
124,13,3958,400,148,-278
124,13,3958,401,148,-278
124,13,3958,403,121,-99
124,13,3959,395,-1,-26
124,13,3959,396,-1,-26
124,13,3959,396,221,-16
124,13,3959,396,223,11
124,13,3959,399,-10,-209
124,13,3959,403,69,-37
124,13,3960,397,-19,-260
124,13,3961,396,-26,0
124,13,3961,402,198,-132
124,13,3961,403,298,-106
124,13,3962,395,-23,12
124,13,3962,400,172,-233
124,13,3962,401,163,-134
124,13,3962,402,157,-142
124,13,3964,395,-98,-37
124,13,3964,401,85,-194
124,13,3965,395,-128,-22
124,13,3966,395,-21,14
124,13,3966,398,198,-372
124,13,3969,395,23,11
124,13,3970,396,-25,-8
124,13,3976,402,101,-152
124,13,3983,395,82,-329
124,13,3987,401,133,0
124,13,3988,396,0,209
124,14,3897,436,500,0
124,14,3897,444,500,0
124,14,3897,445,500,0
124,14,3897,465,498,37
124,14,3898,448,500,0
124,14,3903,425,416,277
124,14,3903,457,471,0
124,14,3906,424,394,306
124,14,3906,425,402,296
124,14,3906,473,482,-132
124,14,3907,463,492,85
124,14,3907,472,490,-97
124,14,3907,472,492,-85
124,14,3908,408,332,332
124,14,3908,423,353,353
124,14,3908,424,386,316
124,14,3908,472,462,-103
124,14,3909,420,361,345
124,14,3909,421,358,343
124,14,3909,421,368,333
124,14,3909,475,457,-203
124,14,3910,407,358,343
124,14,3910,418,343,358
124,14,3910,421,351,351
124,14,3910,421,358,343
124,14,3910,428,345,361
124,14,3910,430,416,277
124,14,3910,433,345,361
124,14,3910,480,386,-316
124,14,3911,406,358,343
124,14,3911,407,358,343
124,14,3911,408,358,343
124,14,3911,409,358,343
124,14,3911,410,358,343
124,14,3911,411,358,343
124,14,3911,412,358,343
124,14,3911,413,358,343
124,14,3911,414,358,343
124,14,3911,415,358,343
124,14,3911,416,358,343
124,14,3911,417,358,343
124,14,3911,418,358,343
124,14,3911,419,358,343
124,14,3911,420,343,358
124,14,3911,420,358,343
124,14,3911,421,351,351
124,14,3911,421,358,343
124,14,3911,421,361,345
124,14,3911,423,353,353
124,14,3911,425,353,353
124,14,3911,428,353,353
124,14,3911,429,353,353
124,14,3911,478,402,-296
124,14,3912,425,353,353
124,14,3912,476,429,-257
124,14,3912,482,335,-371
124,14,3913,425,361,345
124,14,3913,439,361,345
124,14,3913,458,464,92
124,14,3915,415,353,353
124,14,3915,417,353,353
124,14,3917,450,316,386
124,14,3917,459,437,97
124,14,3918,425,353,353
124,14,3918,484,191,-462
124,14,3922,474,179,-466
124,14,3923,453,421,0
124,14,3924,474,0,-500
124,14,3924,475,0,-500
124,14,3924,480,306,-394
124,14,3924,483,0,-500
124,14,3924,483,85,-492
124,14,3929,461,382,95
124,14,3932,420,500,0
124,14,3932,456,71,142
124,14,3932,460,183,0
124,14,3935,438,273,285
124,14,3936,429,-92,464
124,14,3936,430,-92,464
124,14,3937,428,-300,366
124,14,3938,435,136,453
124,14,3938,441,255,266
124,14,3938,446,132,126
124,14,3939,431,316,386
124,14,3940,404,361,345
124,14,3940,423,361,345
124,14,3940,431,361,345
124,14,3940,447,75,72
124,14,3941,433,181,438
124,14,3941,434,-87,437
124,14,3941,437,-87,437
124,14,3942,427,158,445
124,14,3942,428,-266,324
124,14,3942,433,-266,324
124,14,3942,438,179,380
124,14,3942,440,121,401
124,14,3943,421,132,482
124,14,3943,435,171,414
124,14,3944,433,-232,283
124,14,3944,434,150,421
124,14,3944,438,171,385
124,14,3945,425,125,457
124,14,3945,432,-364,150
124,14,3945,434,150,421
124,14,3946,380,121,484
124,14,3946,381,121,484
124,14,3946,434,129,428
124,14,3947,378,121,484
124,14,3947,379,121,484
124,14,3947,430,-291,119
124,14,3948,381,121,484
124,14,3948,420,101,408
124,14,3948,427,-366,-35
124,14,3948,427,101,408
124,14,3948,433,-165,202
124,14,3948,435,-56,282
124,14,3948,436,121,403
124,14,3954,429,-152,-101
124,14,3956,376,0,500
124,14,3956,429,0,0
124,14,3956,433,0,-104
124,14,3956,435,5,-262
124,14,3961,425,198,-372
124,14,3998,523,500,0
124,14,4000,523,482,-132
124,14,4000,526,470,-167
124,14,4001,537,270,-384
124,14,4001,539,277,-416
124,14,4004,540,191,-462
124,14,4011,523,383,-85
124,14,4014,521,323,-173
124,14,4014,521,369,-198
124,41,3900,1286,470,167
124,41,3901,1290,484,121
124,41,3904,1290,470,167
124,41,3911,1271,371,335
124,41,3912,1272,361,345
124,41,3912,1297,470,167
124,41,3913,1272,345,361
124,41,3915,1300,500,0
124,41,3917,1291,437,97
124,41,3918,1300,447,0
124,41,3919,1284,361,345
124,41,3919,1287,361,345
124,41,3919,1300,366,0
124,41,3921,1303,234,-17
124,41,3923,1301,421,0
124,41,3924,1286,445,158
124,41,3927,1294,387,76
124,41,3927,1298,261,13
124,41,3927,1300,395,0
124,41,3927,1301,395,0
124,41,3927,1302,260,-19
124,41,3927,1307,260,-19
124,41,3928,1303,338,-25
124,41,3932,1286,445,158
124,41,3932,1293,355,98
124,41,3935,1288,421,150
124,41,3936,1291,408,101
124,41,3937,1290,403,121
124,41,3938,1300,314,0
124,41,3947,1273,132,371
124,41,3948,1258,353,353
124,41,3948,1264,353,353
124,41,3948,1267,345,361
124,41,3949,1261,353,353
124,41,3949,1264,353,353
124,41,3949,1267,335,371
124,41,3949,1267,345,361
124,41,3949,1271,345,361
124,41,3949,1299,233,46
124,41,3950,1258,345,361
124,41,3950,1259,335,371
124,41,3950,1260,353,353
124,41,3950,1264,353,353
124,41,3950,1267,345,361
124,41,3951,1271,345,361
124,41,3952,1278,361,345
124,41,3953,1259,345,361
124,41,3954,1260,353,353
124,41,3957,1259,345,361
124,41,3959,1292,45,-260
124,41,3959,1298,-101,-152
124,41,3961,1260,345,361
124,41,3961,1262,345,361
124,41,3962,1295,153,-146
124,41,3963,1299,-253,-76
124,41,3964,1260,361,345
124,41,3965,1252,298,364
124,41,3965,1290,54,-312
124,41,3965,1299,-103,30
124,41,3969,1295,-23,-234
124,41,3971,1264,316,386
124,41,3971,1295,-119,-236
124,41,3974,1287,91,-331
124,41,3976,1290,393,29
124,41,3978,1271,151,393
124,41,3979,1267,129,428
124,41,3982,1295,166,166
124,41,3984,1280,-284,-189
124,41,3985,1285,-196,-130
124,41,3987,1285,-74,-138
124,41,3988,1241,0,500
124,41,3988,1276,0,369
124,41,3988,1288,19,17
124,41,3988,1290,17,19
124,41,3988,1290,21,14
124,41,3988,1292,0,-104
124,41,3988,1292,19,-17
124,41,3988,1294,0,0
124,41,3988,1295,52,0
124,41,3988,1295,85,115
124,41,3988,1295,168,29
124,41,3988,1296,15,156
124,41,3988,1296,180,-108
124,41,3988,1298,78,-61
124,41,3989,1257,148,449
124,114,3896,3643,500,0
124,114,3896,3680,500,0
124,114,3896,3684,500,0
124,114,3897,3646,496,60
124,114,3897,3652,500,0
124,114,3898,3648,500,0
124,114,3898,3649,500,0
124,114,3898,3652,500,0
124,114,3898,3656,500,0
124,114,3898,3684,500,0
124,114,3899,3649,498,25
124,114,3902,3633,441,236
124,114,3902,3634,441,236
124,114,3902,3642,500,11
124,114,3902,3689,500,0
124,114,3903,3627,366,0
124,114,3903,3643,500,0
124,114,3903,3684,500,0
124,114,3904,3652,500,0
124,114,3905,3627,500,0
124,114,3905,3712,457,-34
124,114,3906,3620,500,0
124,114,3906,3708,500,0
124,114,3906,3709,500,0
124,114,3906,3711,419,-10
124,114,3906,3712,431,-32
124,114,3906,3712,441,-53
124,114,3906,3712,444,-33
124,114,3906,3712,459,-23
124,114,3907,3620,500,0
124,114,3907,3708,392,0
124,114,3907,3708,500,0
124,114,3907,3709,392,0
124,114,3907,3709,500,0
124,114,3907,3710,414,-21
124,114,3907,3710,414,0
124,114,3907,3712,457,-34
124,114,3908,3620,471,0
124,114,3908,3620,500,0
124,114,3908,3709,500,0
124,114,3908,3710,416,-31
124,114,3908,3710,418,-21
124,114,3908,3711,418,0
124,114,3908,3713,340,-325
124,114,3908,3713,470,-46
124,114,3908,3717,340,-325
124,114,3908,3719,340,-325
124,114,3908,3720,340,-325
124,114,3908,3721,340,-325
124,114,3908,3722,340,-325
124,114,3908,3723,340,-325
124,114,3908,3724,332,-333
124,114,3908,3724,340,-325
124,114,3909,3707,418,21
124,114,3909,3710,416,-31
124,114,3909,3710,418,-21
124,114,3909,3710,418,0
124,114,3909,3710,438,-32
124,114,3909,3711,416,-31
124,114,3909,3711,418,-21
124,114,3909,3711,418,0
124,114,3909,3712,457,-34
124,114,3909,3712,470,-46
124,114,3909,3712,470,-35
124,114,3909,3714,494,-74
124,114,3909,3723,361,-345
124,114,3910,3626,361,345
124,114,3910,3630,361,345
124,114,3910,3646,361,345
124,114,3910,3708,418,0
124,114,3910,3708,497,0
124,114,3910,3708,500,0
124,114,3910,3710,418,-21
124,114,3910,3710,418,0
124,114,3910,3710,438,-32
124,114,3910,3710,500,-25
124,114,3910,3711,418,-21
124,114,3910,3720,358,-344
124,114,3910,3727,343,-359
124,114,3911,3699,358,-344
124,114,3911,3708,418,0
124,114,3911,3709,418,-10
124,114,3911,3710,418,0
124,114,3911,3710,440,0
124,114,3911,3711,446,-22
124,114,3911,3712,418,0
124,114,3911,3712,470,-35
124,114,3911,3713,351,-351
124,114,3911,3713,485,0
124,114,3911,3717,351,-351
124,114,3911,3723,387,-219
124,114,3912,3709,471,0
124,114,3912,3709,500,0
124,114,3912,3724,394,-262
124,114,3912,3725,391,-261
124,114,3913,3605,361,345
124,114,3913,3708,444,22
124,114,3913,3709,444,0
124,114,3913,3709,497,0
124,114,3913,3711,444,-10
124,114,3913,3719,353,-353
124,114,3913,3723,397,-252
124,114,3914,3643,500,0
124,114,3914,3711,444,-10
124,114,3914,3711,444,0
124,114,3915,3688,361,-345
124,114,3915,3689,361,-345
124,114,3915,3692,361,-345
124,114,3915,3693,361,-345
124,114,3915,3694,361,-345
124,114,3915,3696,361,-345
124,114,3915,3698,361,-345
124,114,3915,3699,361,-345
124,114,3915,3701,361,-345
124,114,3915,3703,361,-345
124,114,3915,3703,457,-126
124,114,3915,3706,361,-345
124,114,3915,3710,361,-345
124,114,3915,3712,361,-345
124,114,3915,3713,361,-345
124,114,3915,3714,361,-345
124,114,3915,3715,361,-345
124,114,3915,3716,353,-353
124,114,3915,3716,361,-345
124,114,3915,3717,361,-345
124,114,3915,3726,361,-345
124,114,3915,3729,361,-345
124,114,3916,3714,444,0
124,114,3916,3715,444,0
124,114,3916,3716,444,0
124,114,3916,3717,444,0
124,114,3916,3719,335,-371
124,114,3916,3726,378,-326
124,114,3917,3628,500,0
124,114,3918,3643,447,0
124,114,3918,3645,440,76
124,114,3918,3691,353,-353
124,114,3918,3704,500,0
124,114,3918,3722,289,-225
124,114,3919,3705,353,-353
124,114,3920,3719,471,0
124,114,3922,3652,447,0
124,114,3922,3676,447,0
124,114,3922,3684,447,0
124,114,3922,3687,353,-353
124,114,3922,3688,353,-353
124,114,3923,3626,431,118
124,114,3923,3630,414,72
124,114,3924,3702,424,-140
124,114,3924,3708,474,-156
124,114,3925,3698,412,-82
124,114,3925,3709,500,0
124,114,3925,3721,497,0
124,114,3926,3643,395,0
124,114,3927,3625,396,141
124,114,3927,3643,395,0
124,114,3927,3684,395,0
124,114,3928,3720,500,0
124,114,3929,3652,395,0
124,114,3930,3724,500,0
124,114,3932,3604,361,345
124,114,3932,3628,353,106
124,114,3933,3727,361,-345
124,114,3937,3705,233,-285
124,114,3938,3725,500,0
124,114,3939,3607,225,355
124,114,3939,3683,81,-105
124,114,3940,3626,234,17
124,114,3941,3627,180,26
124,114,3941,3725,171,-414
124,114,3942,3626,155,-23
124,114,3943,3726,169,-442
124,114,3944,3597,114,378
124,114,3944,3597,155,471
124,114,3945,3697,-216,263
124,114,3945,3728,136,-453
124,114,3946,3626,78,0
124,114,3946,3627,78,0
124,114,3947,3627,115,61
124,114,3947,3721,121,-403
124,114,3947,3722,121,-403
124,114,3948,3610,114,378
124,114,3952,3621,83,275
124,114,3952,3700,21,286
124,114,3953,3696,411,-92
124,114,3953,3696,414,-72
124,114,3954,3696,-90,217
124,114,3955,3692,-121,99
124,114,3955,3695,-171,198
124,114,3956,3594,0,238
124,114,3956,3693,184,22
124,114,3956,3694,121,99
124,114,3956,3695,-66,80
124,114,3956,3695,396,-141
124,114,3956,3696,265,-217
124,114,3956,3706,5,-25
124,114,3956,3708,5,-25
124,114,3956,3709,0,-26
124,114,3956,3710,0,-26
124,114,3956,3713,0,-369
124,114,3956,3713,0,-52
124,114,3957,3598,14,287
124,114,3957,3607,0,340
124,114,3957,3695,271,104
124,114,3957,3697,-23,155
124,114,3957,3698,-27,180
124,114,3957,3698,-13,261
124,114,3957,3699,226,322
124,114,3957,3700,-7,287
124,114,3957,3700,-7,290
124,114,3958,3603,0,316
124,114,3958,3693,65,170
124,114,3958,3693,71,142
124,114,3958,3700,0,0
124,114,3959,3695,-10,209
124,114,3959,3697,419,-31
124,114,3959,3700,-26,0
124,114,3959,3700,0,0
124,114,3959,3700,431,118
124,114,3960,3692,110,110
124,114,3960,3692,223,141
124,114,3960,3692,226,136
124,114,3960,3695,403,121
124,114,3960,3700,-395,0
124,114,3960,3700,-175,263
124,114,3960,3700,-130,0
124,114,3960,3700,-35,471
124,114,3960,3700,-26,0
124,114,3960,3700,-23,12
124,114,3960,3700,-14,21
124,114,3960,3700,0,0
124,114,3960,3700,148,449
124,114,3960,3704,-212,301
124,114,3961,3694,35,179
124,114,3961,3700,-45,64
124,114,3961,3700,-26,-2
124,114,3961,3700,-23,-12
124,114,3961,3700,0,0
124,114,3962,3694,52,175
124,114,3962,3694,149,249
124,114,3962,3694,242,242
124,114,3962,3694,247,237
124,114,3962,3694,266,255
124,114,3962,3699,-48,392
124,114,3962,3699,-41,340
124,114,3962,3700,-46,62
124,114,3962,3700,-26,0
124,114,3962,3700,-23,-12
124,114,3962,3700,-9,77
124,114,3963,3694,57,173
124,114,3963,3697,128,289
124,114,3963,3700,-330,165
124,114,3963,3700,-227,322
124,114,3963,3700,-78,0
124,114,3963,3700,-46,62
124,114,3963,3700,-26,0
124,114,3963,3700,-23,-12
124,114,3963,3700,-15,21
124,114,3963,3700,0,0
124,114,3963,3718,411,92
124,114,3964,3692,105,116
124,114,3964,3692,108,113
124,114,3964,3700,-313,139
124,114,3964,3700,-217,96
124,114,3964,3700,-26,-1
124,114,3964,3700,-26,1
124,114,3964,3700,-25,500
124,114,3964,3700,-11,77
124,114,3964,3700,212,451
124,114,3965,3700,-26,-1
124,114,3965,3700,-11,77
124,114,3966,3698,-46,230
124,114,3966,3700,-54,311
124,114,3966,3700,-24,9
124,114,3966,3700,-21,75
124,114,3966,3704,25,341
124,114,3967,3700,-31,315
124,114,3968,3598,0,290
124,114,3968,3700,-10,51
124,114,3969,3700,-54,89
124,114,3970,3692,99,121
124,114,3971,3693,108,147
124,114,3971,3694,-41,-208
124,114,3971,3700,0,0
124,114,3972,3692,179,35
124,114,3976,3693,-41,-234
124,114,3978,3607,0,342
124,114,3988,3711,0,-52
124,114,3988,3720,0,-395
124,114,3996,3598,0,447
124,114,4009,3594,81,466
124,114,4026,3602,0,447
124,114,4027,3602,0,447
124,116,3896,3709,500,0
124,116,3896,3713,405,-30
124,116,3896,3714,417,-41
124,116,3897,3709,500,0
124,116,3897,3713,405,-30
124,116,3897,3714,417,-31
124,116,3898,3709,500,0
124,116,3898,3712,361,-18
124,116,3898,3755,500,0
124,116,3899,3710,340,0
124,116,3899,3710,361,0
124,116,3899,3711,340,0
124,116,3899,3712,340,0
124,116,3899,3713,340,0
124,116,3899,3714,340,0
124,116,3899,3715,340,0
124,116,3899,3716,340,0
124,116,3899,3717,340,0
124,116,3899,3718,340,0
124,116,3899,3719,340,0
124,116,3899,3720,340,0
124,116,3899,3721,340,0
124,116,3899,3722,340,0
124,116,3899,3723,340,0
124,116,3899,3724,340,0
124,116,3899,3725,340,0
124,116,3899,3726,340,0
124,116,3899,3727,340,0
124,116,3899,3728,340,0
124,116,3899,3729,340,0
124,116,3899,3730,340,0
124,116,3899,3731,340,0
124,116,3899,3732,340,0
124,116,3899,3733,340,0
124,116,3899,3734,340,0
124,116,3899,3735,340,0
124,116,3899,3736,340,0
124,116,3899,3737,340,0
124,116,3899,3738,340,0
124,116,3899,3739,340,0
124,116,3899,3740,340,0
124,116,3899,3741,340,0
124,116,3899,3742,340,0
124,116,3899,3743,340,0
124,116,3899,3744,340,0
124,116,3899,3745,340,0
124,116,3899,3746,340,0
124,116,3899,3747,340,0
124,116,3899,3748,340,0
124,116,3899,3748,361,0
124,116,3899,3749,340,0
124,116,3899,3750,340,0
124,116,3899,3751,340,0
124,116,3899,3752,340,0
124,116,3899,3753,340,0
124,116,3899,3754,340,0
124,116,3899,3755,340,0
124,116,3899,3755,369,0
124,116,3900,3709,366,0
124,116,3900,3709,500,0
124,116,3900,3710,366,0
124,116,3900,3711,366,-8
124,116,3900,3711,366,0
124,116,3900,3712,366,0
124,116,3900,3748,340,0
124,116,3900,3748,361,0
124,116,3900,3757,366,-8
124,116,3900,3757,366,0
124,116,3900,3758,366,0
124,116,3901,3710,366,-8
124,116,3901,3710,366,0
124,116,3901,3711,366,-8
124,116,3901,3711,366,0
124,116,3901,3712,366,0
124,116,3901,3713,366,0
124,116,3901,3748,366,0
124,116,3901,3756,366,0
124,116,3902,3709,366,0
124,116,3902,3710,366,-8
124,116,3903,3709,418,0
124,116,3903,3709,444,0
124,116,3903,3710,366,-8
124,116,3903,3710,387,0
124,116,3903,3713,366,0
124,116,3903,3721,366,0
124,116,3903,3738,366,0
124,116,3903,3748,366,0
124,116,3903,3752,366,0
124,116,3903,3755,366,0
124,116,3903,3755,500,0
124,116,3903,3766,366,0
124,116,3903,3767,366,0
124,116,3903,3767,500,0
124,116,3903,3768,366,0
124,116,3904,3758,392,0
124,116,3905,3748,392,0
124,116,3906,3709,500,0
124,116,3906,3768,392,0
124,116,3907,3707,496,60
124,116,3907,3748,392,0
124,116,3907,3748,414,0
124,116,3907,3767,392,0
124,116,3907,3770,392,0
124,116,3907,3771,392,0
124,116,3907,3773,392,0
124,116,3908,3748,414,0
124,116,3908,3780,353,-353
124,116,3908,3780,361,-345
124,116,3910,3777,351,-351
124,116,3910,3778,358,-344
124,116,3911,3753,418,0
124,116,3911,3775,418,0
124,116,3911,3780,335,-371
124,116,3914,3709,500,0
124,116,3915,3748,444,0
124,116,3915,3753,361,-345
124,116,3915,3763,361,-345
124,116,3915,3765,361,-345
124,116,3915,3769,361,-345
124,116,3915,3773,353,-353
124,116,3915,3773,361,-345
124,116,3916,3744,444,0
124,116,3916,3745,444,0
124,116,3916,3746,444,0
124,116,3916,3747,444,0
124,116,3916,3748,444,0
124,116,3916,3749,444,0
124,116,3916,3750,444,0
124,116,3916,3751,444,0
124,116,3916,3753,444,0
124,116,3916,3754,444,0
124,116,3916,3779,444,0
124,116,3916,3780,444,0
124,116,3916,3781,444,0
124,116,3918,3709,447,0
124,116,3920,3782,471,0
124,116,3920,3783,471,0
124,116,3922,3709,447,0
124,116,3923,3690,431,118
124,116,3923,3782,500,0
124,116,3925,3755,444,0
124,116,3925,3784,497,0
124,116,3925,3785,497,0
124,116,3925,3786,497,0
124,116,3927,3710,395,0
124,116,3928,3709,395,0
124,116,3929,3744,418,0
124,116,3929,3746,418,0
124,116,3929,3754,418,0
124,116,3930,3712,392,0
124,116,3930,3787,500,0
124,116,3932,3668,361,345
124,116,3932,3709,369,0
124,116,3933,3737,52,0
124,116,3933,3787,500,0
124,116,3935,3720,261,0
124,116,3935,3722,261,0
124,116,3935,3756,261,0
124,116,3937,3712,197,0
124,116,3937,3749,151,-144
124,116,3938,3747,115,-141
124,116,3939,3722,180,26
124,116,3940,3709,130,0
124,116,3940,3711,132,0
124,116,3942,3709,212,0
124,116,3947,3671,131,400
124,116,3947,3764,71,237
124,116,3948,3757,-339,140
124,116,3948,3770,240,240
124,116,3948,3772,350,105
124,116,3949,3777,115,-350
124,116,3950,3656,70,467
124,116,3950,3755,-273,-26
124,116,3952,3764,-198,-100
124,116,3952,3765,-200,-94
124,116,3953,3759,-90,217
124,116,3954,3756,-121,99
124,116,3955,3706,219,-329
124,116,3955,3723,-130,-87
124,116,3955,3755,-130,12
124,116,3955,3781,412,71
124,116,3956,3699,0,-130
124,116,3956,3756,-239,-159
124,116,3956,3756,0,52
124,116,3956,3756,163,44
124,116,3956,3760,265,-217
124,116,3956,3773,314,7
124,116,3956,3785,0,-130
124,116,3956,3789,0,-261
124,116,3957,3694,111,-208
124,116,3957,3696,74,-138
124,116,3957,3697,74,-138
124,116,3957,3698,0,-78
124,116,3957,3698,74,-138
124,116,3957,3756,49,92
124,116,3957,3758,-5,235
124,116,3957,3758,158,136
124,116,3958,3691,0,0
124,116,3958,3695,152,-101
124,116,3958,3756,-174,-57
124,116,3958,3756,253,135
124,116,3958,3757,101,152
124,116,3958,3758,51,5
124,116,3958,3759,20,208
124,116,3958,3759,69,210
124,116,3958,3761,-12,235
124,116,3958,3769,-203,304
124,116,3959,3757,65,170
124,116,3959,3759,-10,209
124,116,3960,3692,217,-145
124,116,3960,3756,153,-34
124,116,3960,3758,173,260
124,116,3960,3762,33,338
124,116,3960,3764,-29,391
124,116,3960,3764,-23,12
124,116,3960,3764,-14,21
124,116,3960,3764,0,0
124,116,3961,3756,105,116
124,116,3962,3758,52,175
124,116,3964,3772,173,-116
124,116,3967,3756,105,116
124,116,3968,3785,412,71
124,116,3971,3756,72,108
124,116,3971,3756,179,35
124,116,3979,3757,25,-128
124,116,3980,3691,0,0
124,116,3980,3691,25,5
124,116,3982,3765,148,-247
124,116,3984,3691,7,24
124,116,3988,3699,86,-130
124,116,3988,3757,73,-74
124,116,3988,3759,90,-94
124,118,3895,3811,447,0
124,118,3896,3811,500,0
124,118,3897,3811,500,0
124,118,3897,3814,500,-25
124,118,3898,3767,500,0
124,118,3898,3768,444,0
124,118,3898,3771,500,0
124,118,3898,3783,500,0
124,118,3898,3788,500,0
124,118,3898,3800,500,0
124,118,3898,3804,500,0
124,118,3898,3808,442,-43
124,118,3898,3811,340,0
124,118,3898,3811,392,0
124,118,3899,3764,340,0
124,118,3899,3765,340,0
124,118,3899,3766,340,0
124,118,3899,3767,340,0
124,118,3899,3768,340,0
124,118,3899,3769,340,0
124,118,3899,3770,340,0
124,118,3899,3771,340,0
124,118,3899,3772,340,0
124,118,3899,3773,340,0
124,118,3899,3774,340,0
124,118,3899,3775,340,0
124,118,3899,3776,340,0
124,118,3899,3777,340,0
124,118,3899,3778,340,0
124,118,3899,3779,340,0
124,118,3899,3780,340,0
124,118,3899,3781,340,0
124,118,3899,3782,340,0
124,118,3899,3783,340,0
124,118,3899,3784,340,0
124,118,3899,3785,340,0
124,118,3899,3786,340,0
124,118,3899,3787,340,0
124,118,3899,3788,340,0
124,118,3899,3789,340,0
124,118,3899,3790,340,0
124,118,3899,3791,340,0
124,118,3899,3792,340,0
124,118,3899,3793,340,0
124,118,3899,3794,340,0
124,118,3899,3795,340,0
124,118,3899,3796,340,0
124,118,3899,3797,340,0
124,118,3899,3798,340,0
124,118,3899,3799,340,0
124,118,3899,3800,340,0
124,118,3899,3801,340,0
124,118,3899,3802,340,0
124,118,3899,3803,340,0
124,118,3899,3804,340,0
124,118,3899,3805,340,0
124,118,3899,3806,340,0
124,118,3899,3807,340,0
124,118,3899,3808,340,0
124,118,3899,3809,340,0
124,118,3899,3809,445,-43
124,118,3899,3810,340,0
124,118,3899,3810,340,7
124,118,3899,3811,340,0
124,118,3899,3811,366,0
124,118,3899,3811,392,0
124,118,3899,3811,447,0
124,118,3899,3812,361,0
124,118,3899,3814,366,-18
124,118,3899,3822,482,-132
124,118,3899,3823,482,-132
124,118,3900,3804,340,0
124,118,3900,3805,366,-8
124,118,3900,3806,366,-8
124,118,3900,3807,366,-18
124,118,3900,3808,471,-46
124,118,3900,3809,389,-47
124,118,3900,3811,340,0
124,118,3900,3811,369,0
124,118,3900,3811,473,0
124,118,3900,3811,500,0
124,118,3900,3813,366,-8
124,118,3900,3813,366,0
124,118,3901,3807,366,-18
124,118,3901,3808,366,0
124,118,3901,3808,391,-29
124,118,3901,3808,442,-33
124,118,3901,3809,366,8
124,118,3902,3809,366,8
124,118,3902,3813,498,-37
124,118,3903,3753,366,0
124,118,3903,3754,366,0
124,118,3903,3755,366,0
124,118,3903,3756,366,0
124,118,3903,3756,395,0
124,118,3903,3777,366,0
124,118,3903,3796,366,0
124,118,3903,3803,366,0
124,118,3903,3804,366,0
124,118,3903,3805,366,0
124,118,3903,3807,366,0
124,118,3903,3808,364,-35
124,118,3903,3811,366,0
124,118,3903,3811,444,0
124,118,3903,3811,473,0
124,118,3903,3811,500,0
124,118,3904,3757,392,-20
124,118,3904,3757,392,-9
124,118,3904,3758,392,0
124,118,3904,3811,471,0
124,118,3904,3813,392,-9
124,118,3904,3813,392,0
124,118,3904,3821,482,-132
124,118,3904,3822,482,-132
124,118,3905,3757,392,-20
124,118,3905,3757,392,-9
124,118,3905,3808,392,0
124,118,3905,3809,392,8
124,118,3905,3811,500,0
124,118,3906,3809,392,8
124,118,3906,3811,500,0
124,118,3907,3748,414,0
124,118,3907,3804,392,0
124,118,3907,3811,500,0
124,118,3907,3812,414,0
124,118,3907,3813,418,-21
124,118,3908,3748,414,0
124,118,3908,3813,418,-21
124,118,3910,3729,421,267
124,118,3910,3729,429,257
124,118,3910,3744,351,351
124,118,3910,3748,418,0
124,118,3911,3743,345,361
124,118,3911,3743,361,345
124,118,3911,3748,418,0
124,118,3911,3803,418,0
124,118,3911,3808,418,0
124,118,3911,3809,418,0
124,118,3911,3811,418,0
124,118,3913,3732,404,242
124,118,3913,3733,421,267
124,118,3913,3745,364,35
124,118,3914,3817,441,-236
124,118,3915,3810,444,10
124,118,3915,3811,444,0
124,118,3916,3808,444,0
124,118,3916,3809,444,0
124,118,3916,3810,444,0
124,118,3916,3811,444,10
124,118,3916,3811,444,22
124,118,3917,3755,473,0
124,118,3919,3811,471,0
124,118,3922,3811,392,0
124,118,3922,3811,447,0
124,118,3925,3736,497,0
124,118,3925,3811,421,0
124,118,3928,3748,500,0
124,118,3928,3782,395,0
124,118,3929,3808,418,0
124,118,3930,3732,500,0
124,118,3935,3780,261,0
124,118,3935,3782,261,0
124,118,3935,3792,261,0
124,118,3936,3812,235,0
124,118,3937,3771,171,164
124,118,3938,3789,189,180
124,118,3939,3809,130,0
124,118,3940,3766,104,0
124,118,3940,3808,104,0
124,118,3940,3809,104,0
124,118,3940,3810,104,0
124,118,3943,3854,160,-417
124,118,3944,3855,158,-446
124,118,3949,3736,95,382
124,118,3950,3733,92,411
124,118,3952,3762,-183,-22
124,118,3954,3763,-235,23
124,118,3954,3818,-200,39
124,118,3954,3831,-176,111
124,118,3955,3763,-218,-90
124,118,3955,3770,-86,-162
124,118,3955,3819,152,101
124,118,3956,3703,0,500
124,118,3956,3763,0,-130
124,118,3956,3763,46,-25
124,118,3956,3820,-175,34
124,118,3956,3820,0,52
124,118,3956,3830,0,-26
124,118,3956,3834,5,-25
124,118,3957,3755,239,-159
124,118,3957,3760,74,-138
124,118,3957,3761,74,-138
124,118,3957,3762,0,-78
124,118,3957,3762,74,-138
124,118,3957,3763,25,-262
124,118,3958,3755,173,-93
124,118,3958,3757,-12,-236
124,118,3958,3760,124,-232
124,118,3958,3761,28,-289
124,118,3958,3763,57,-87
124,118,3958,3821,65,170
124,118,3959,3755,-23,12
124,118,3959,3823,-15,208
124,118,3960,3756,-60,-146
124,118,3960,3757,208,-20
124,118,3960,3759,175,-263
124,118,3960,3763,155,-31
124,118,3960,3822,61,172
124,118,3961,3757,28,-289
124,118,3961,3828,0,0
124,118,3962,3755,-26,-2
124,118,3962,3755,0,0
124,118,3962,3756,-25,-5
124,118,3962,3756,0,0
124,118,3962,3756,43,-446
124,118,3963,3755,-95,-42
124,118,3963,3755,78,-7
124,118,3963,3761,400,-201
124,118,3963,3762,348,-187
124,118,3963,3763,139,-75
124,118,3964,3756,35,-288
124,118,3980,3755,0,0
124,118,3983,3755,-71,-359
124,118,3986,3755,0,0
124,120,3897,3876,500,0
124,120,3897,3877,500,-11
124,120,3897,3877,500,0
124,120,3897,3881,500,0
124,120,3898,3827,500,-11
124,120,3898,3872,500,0
124,120,3900,3820,341,131
124,120,3902,3816,500,0
124,120,3902,3876,500,0
124,120,3902,3877,500,0
124,120,3903,3816,500,0
124,120,3905,3811,500,0
124,120,3905,3812,392,0
124,120,3906,3809,392,8
124,120,3906,3811,392,0
124,120,3906,3812,433,0
124,120,3907,3807,387,58
124,120,3907,3810,392,0
124,120,3907,3811,392,0
124,120,3907,3811,444,0
124,120,3907,3812,414,0
124,120,3907,3814,418,0
124,120,3908,3798,382,169
124,120,3908,3811,392,0
124,120,3908,3811,444,0
124,120,3908,3811,500,0
124,120,3908,3812,414,0
124,120,3908,3812,418,0
124,120,3908,3813,418,-21
124,120,3908,3813,418,0
124,120,3908,3814,332,332
124,120,3908,3814,418,0
124,120,3909,3799,387,160
124,120,3909,3809,418,21
124,120,3909,3810,418,0
124,120,3909,3812,418,0
124,120,3909,3813,418,0
124,120,3910,3809,418,21
124,120,3910,3810,418,0
124,120,3910,3810,418,21
124,120,3910,3812,418,0
124,120,3910,3813,442,-33
124,120,3910,3822,351,351
124,120,3911,3795,382,229
124,120,3911,3797,392,210
124,120,3911,3797,397,199
124,120,3911,3798,358,343
124,120,3911,3799,358,343
124,120,3911,3800,358,343
124,120,3911,3801,358,343
124,120,3911,3802,358,343
124,120,3911,3803,358,343
124,120,3911,3804,358,343
124,120,3911,3805,358,343
124,120,3911,3806,358,343
124,120,3911,3807,358,343
124,120,3911,3807,418,0
124,120,3911,3808,358,343
124,120,3911,3808,418,0
124,120,3911,3809,358,343
124,120,3911,3809,418,0
124,120,3911,3810,358,343
124,120,3911,3810,418,0
124,120,3911,3811,358,343
124,120,3911,3811,418,0
124,120,3911,3811,471,0
124,120,3911,3812,358,343
124,120,3911,3813,358,343
124,120,3911,3814,358,343
124,120,3911,3815,358,343
124,120,3911,3816,358,343
124,120,3911,3817,358,343
124,120,3911,3818,358,343
124,120,3911,3819,358,343
124,120,3911,3820,358,343
124,120,3911,3821,358,343
124,120,3911,3822,358,343
124,120,3911,3823,358,343
124,120,3911,3824,358,343
124,120,3911,3825,358,343
124,120,3911,3826,353,353
124,120,3911,3828,358,343
124,120,3912,3791,353,353
124,120,3912,3792,384,270
124,120,3913,3791,361,345
124,120,3913,3793,361,345
124,120,3913,3794,353,353
124,120,3913,3808,444,-10
124,120,3913,3835,498,37
124,120,3914,3795,404,242
124,120,3914,3808,444,0
124,120,3914,3811,500,0
124,120,3915,3793,353,353
124,120,3915,3793,400,294
124,120,3915,3809,444,0
124,120,3915,3814,353,353
124,120,3915,3815,353,353
124,120,3915,3817,353,353
124,120,3915,3820,353,353
124,120,3915,3821,353,353
124,120,3916,3790,378,326
124,120,3916,3803,444,0
124,120,3916,3804,444,0
124,120,3916,3806,444,0
124,120,3917,3790,371,335
124,120,3918,3804,500,0
124,120,3918,3805,471,-24
124,120,3918,3806,471,-24
124,120,3919,3806,471,-11
124,120,3920,3800,471,0
124,120,3920,3801,471,0
124,120,3921,3811,497,0
124,120,3922,3876,447,0
124,120,3923,3800,500,0
124,120,3925,3799,497,0
124,120,3927,3822,387,76
124,120,3927,3875,395,0
124,120,3928,3807,500,0
124,120,3928,3888,378,326
124,120,3930,3797,500,0
124,120,3932,3828,316,316
124,120,3933,3804,500,0
124,120,3935,3795,500,0
124,120,3935,3822,330,91
124,120,3935,3836,316,0
124,120,3939,3842,158,174
124,120,3939,3842,169,162
124,120,3940,3861,200,-400
124,120,3941,3846,151,144
124,120,3943,3771,156,474
124,120,3944,3771,144,478
124,120,3945,3791,129,428
124,120,3946,3769,121,484
124,120,3946,3796,131,400
124,120,3947,3816,185,0
124,120,3948,3804,123,347
124,120,3950,3825,-266,-110
124,120,3951,3827,-243,-100
124,120,3953,3814,-210,-394
124,120,3956,3815,0,309
124,120,3956,3819,0,130
124,120,3956,3824,396,141
124,120,3956,3827,46,-22
124,120,3957,3824,74,-138
124,120,3957,3825,74,-138
124,120,3957,3826,74,-138
124,120,3958,3822,111,-208
124,120,3958,3822,152,-101
124,120,3958,3824,8,-395
124,120,3958,3827,264,-13
124,120,3959,3819,-115,-62
124,120,3959,3820,221,-16
124,120,3959,3822,419,31
124,120,3959,3823,-15,-208
124,120,3959,3826,86,-130
124,120,3960,3820,171,47
124,120,3960,3823,-23,-234
124,120,3961,3819,-24,10
124,120,3961,3820,-117,-176
124,120,3961,3820,-26,0
124,120,3961,3826,198,-132
124,120,3961,3827,71,-38
124,120,3961,3827,298,-106
124,120,3962,3819,-45,25
124,120,3962,3819,123,-262
124,120,3962,3825,163,-134
124,120,3962,3826,294,-176
124,120,3962,3827,133,-7
124,120,3963,3819,-23,12
124,120,3965,3824,-19,-129
124,120,3966,3815,202,121
124,120,3966,3819,-171,-66
124,120,3966,3819,-21,14
124,120,3966,3819,23,11
124,120,3966,3822,198,-372
124,120,3966,3822,328,-219
124,120,3970,3823,28,-233
124,120,3976,3826,101,-152
124,120,3980,3819,25,6
124,120,3983,3819,-44,-363
124,120,3988,3801,0,104
124,120,3988,3819,-26,-2
124,120,3988,3824,90,94
124,121,3896,3872,500,0
124,121,3896,3875,500,0
124,121,3897,3876,500,0
124,121,3897,3877,500,-11
124,121,3897,3886,496,60
124,121,3898,3872,500,0
124,121,3900,3881,484,121
124,121,3901,3884,488,109
124,121,3901,3893,418,-21
124,121,3902,3884,482,132
124,121,3905,3850,408,287
124,121,3905,3899,474,-156
124,121,3906,3844,500,0
124,121,3906,3847,402,296
124,121,3906,3849,402,296
124,121,3906,3851,416,277
124,121,3906,3886,492,85
124,121,3906,3895,494,-74
124,121,3906,3896,490,-97
124,121,3906,3897,482,-132
124,121,3906,3899,474,-156
124,121,3907,3847,386,316
124,121,3907,3887,492,85
124,121,3908,3832,332,332
124,121,3908,3848,386,316
124,121,3908,3873,394,306
124,121,3908,3900,500,0
124,121,3909,3837,353,353
124,121,3909,3845,358,343
124,121,3909,3845,368,333
124,121,3909,3846,351,351
124,121,3909,3846,358,343
124,121,3909,3854,361,345
124,121,3909,3871,371,335
124,121,3909,3897,482,-132
124,121,3910,3831,358,343
124,121,3910,3839,358,343
124,121,3910,3839,371,335
124,121,3910,3840,333,368
124,121,3910,3842,343,358
124,121,3910,3843,343,358
124,121,3910,3843,358,343
124,121,3910,3844,361,345
124,121,3910,3845,351,351
124,121,3910,3845,358,343
124,121,3910,3852,353,353
124,121,3910,3853,345,361
124,121,3910,3857,345,361
124,121,3910,3864,378,326
124,121,3910,3899,466,-179
124,121,3910,3905,378,-326
124,121,3911,3830,358,343
124,121,3911,3831,358,343
124,121,3911,3832,358,343
124,121,3911,3833,358,343
124,121,3911,3834,358,343
124,121,3911,3835,358,343
124,121,3911,3836,358,343
124,121,3911,3837,358,343
124,121,3911,3838,351,351
124,121,3911,3838,358,343
124,121,3911,3839,351,351
124,121,3911,3839,358,343
124,121,3911,3840,358,343
124,121,3911,3841,358,343
124,121,3911,3842,358,343
124,121,3911,3843,358,343
124,121,3911,3844,358,343
124,121,3911,3845,351,351
124,121,3911,3845,353,353
124,121,3911,3845,358,343
124,121,3911,3845,361,345
124,121,3911,3853,353,353
124,121,3911,3854,353,353
124,121,3912,3852,353,353
124,121,3912,3875,500,0
124,121,3913,3849,361,345
124,121,3913,3856,353,353
124,121,3913,3863,345,361
124,121,3914,3849,353,353
124,121,3915,3842,353,353
124,121,3915,3876,361,-345
124,121,3915,3880,500,0
124,121,3918,3844,500,0
124,121,3918,3849,353,353
124,121,3919,3850,453,136
124,121,3922,3876,447,0
124,121,3924,3892,0,-500
124,121,3924,3903,0,-500
124,121,3924,3904,306,-394
124,121,3925,3867,358,308
124,121,3925,3876,421,0
124,121,3927,3876,395,0
124,121,3933,3859,291,304
124,121,3934,3850,281,381
124,121,3934,3875,293,265
124,121,3935,3862,273,285
124,121,3935,3866,213,223
124,121,3935,3866,223,213
124,121,3936,3836,500,0
124,121,3936,3853,361,345
124,121,3937,3856,136,453
124,121,3937,3868,193,213
124,121,3937,3869,177,196
124,121,3938,3837,166,353
124,121,3938,3853,-300,366
124,121,3938,3857,253,264
124,121,3938,3869,177,196
124,121,3938,3870,132,126
124,121,3938,3870,172,190
124,121,3939,3863,121,403
124,121,3939,3870,121,140
124,121,3940,3871,75,72
124,121,3940,3871,75,106
124,121,3940,3871,153,178
124,121,3940,3871,166,159
124,121,3940,3871,171,164
124,121,3940,3875,169,162
124,121,3941,3846,156,474
124,121,3941,3856,181,438
124,121,3941,3858,-87,437
124,121,3941,3861,-87,437
124,121,3941,3872,56,53
124,121,3941,3873,153,146
124,121,3941,3880,159,0
124,121,3942,3851,158,445
124,121,3942,3852,-266,324
124,121,3942,3857,-266,324
124,121,3942,3858,-266,324
124,121,3942,3864,121,401
124,121,3943,3821,121,484
124,121,3943,3859,171,414
124,121,3943,3867,113,376
124,121,3944,3847,132,482
124,121,3944,3851,136,453
124,121,3944,3854,148,449
124,121,3944,3856,-232,283
124,121,3945,3836,121,484
124,121,3945,3854,136,453
124,121,3945,3856,-364,150
124,121,3946,3855,118,431
124,121,3946,3856,118,431
124,121,3946,3865,141,366
124,121,3946,3869,156,331
124,121,3947,3801,121,484
124,121,3947,3802,121,484
124,121,3947,3859,-56,282
124,121,3948,3805,121,484
124,121,3948,3844,101,408
124,121,3948,3850,-366,-35
124,121,3948,3851,101,408
124,121,3948,3852,101,408
124,121,3948,3855,75,303
124,121,3948,3856,-165,202
124,121,3948,3857,-165,202
124,121,3948,3858,-165,202
124,121,3948,3859,-56,282
124,121,3948,3860,121,403
124,121,3949,3852,92,464
124,121,3949,3857,-218,89
124,121,3949,3860,-149,182
124,121,3950,3855,-218,89
124,121,3950,3856,-218,89
124,121,3950,3858,-218,89
124,121,3954,3854,-152,-101
124,121,3955,3808,109,488
124,121,3955,3809,121,484
124,121,3956,3800,0,500
124,121,3956,3835,0,183
124,121,3956,3843,15,20
124,121,3956,3854,0,-289
124,121,3956,3855,0,-235
124,121,3956,3857,0,0
124,121,3956,3859,5,-262
124,121,3957,3855,-23,-234
124,121,3958,3858,-116,-174
124,121,3963,3850,190,-404
124,121,3988,3835,0,369
125,8,3936,261,482,132
125,8,3940,282,466,-179
125,8,3940,285,492,-85
125,8,3940,285,500,0
125,8,3940,286,500,0
125,8,3940,287,500,0
125,8,3941,288,500,0
125,8,3944,267,432,-192
125,8,3944,282,441,-236
125,8,3944,290,441,-236
125,8,3946,289,306,-394
125,8,3947,251,267,421
125,8,3948,252,224,447
125,8,3948,280,451,-212
125,8,3949,256,316,386
125,8,3950,268,457,125
125,8,3951,288,203,-457
125,8,3951,289,191,-462
125,8,3951,290,156,-474
125,8,3951,290,167,-470
125,8,3951,292,167,-470
125,8,3952,289,144,-478
125,8,3953,289,109,-488
125,8,3954,281,191,-462
125,8,3954,282,179,-466
125,8,3954,285,447,0
125,8,3954,288,447,0
125,8,3954,294,447,0
125,8,3954,296,447,0
125,8,3954,298,447,0
125,8,3954,299,447,0
125,8,3955,260,48,498
125,8,3956,259,0,500
125,8,3956,266,112,223
125,8,3956,266,192,115
125,8,3956,277,267,-421
125,8,3956,285,0,-500
125,8,3957,268,421,0
125,8,3957,281,419,41
125,8,3959,268,274,-319
125,8,3961,324,232,-211
125,8,3962,276,104,0
125,8,3972,352,236,-441
125,8,3974,348,224,-447
125,8,3976,276,9,24
125,8,3979,276,10,23
125,8,3979,276,12,22
125,8,3980,276,0,0
125,8,3980,276,22,46
125,8,3983,274,5,104
125,8,3984,267,-142,-283
125,8,3985,271,-97,39
125,8,3989,302,15,158
125,8,4036,212,500,0
125,8,4037,212,500,0
125,8,4039,319,133,-164
125,10,3940,324,500,0
125,10,3940,329,500,0
125,10,3940,330,500,0
125,10,3940,343,500,0
125,10,3944,314,296,402
125,10,3944,316,441,236
125,10,3944,342,488,-109
125,10,3944,352,441,-236
125,10,3944,353,441,-236
125,10,3944,354,441,-236
125,10,3947,317,287,408
125,10,3947,348,361,-345
125,10,3947,354,287,-408
125,10,3947,355,277,-416
125,10,3947,356,277,-416
125,10,3948,381,361,-345
125,10,3950,352,191,-462
125,10,3951,354,156,-474
125,10,3951,355,144,-478
125,10,3951,357,144,-478
125,10,3952,355,121,-484
125,10,3953,316,109,488
125,10,3953,318,121,484
125,10,3953,346,224,-447
125,10,3953,353,109,-488
125,10,3953,353,121,-484
125,10,3953,354,109,-488
125,10,3954,309,447,0
125,10,3954,324,121,484
125,10,3954,331,447,0
125,10,3954,345,191,-462
125,10,3954,351,447,0
125,10,3954,352,447,0
125,10,3954,354,447,0
125,10,3954,357,447,0
125,10,3954,363,447,0
125,10,3954,364,447,0
125,10,3954,379,382,-170
125,10,3955,325,132,482
125,10,3955,346,132,-482
125,10,3956,347,0,-500
125,10,3957,292,403,190
125,10,3957,378,403,-190
125,10,3958,334,414,72
125,10,3958,334,416,62
125,10,3958,337,416,-62
125,10,3958,369,414,-72
125,10,3962,340,104,0
125,10,3964,293,339,203
125,10,3964,413,326,-378
125,10,3965,331,209,0
125,10,3968,409,326,-378
125,10,3970,409,294,-400
125,10,3971,332,26,-1
125,10,3973,332,-138,74
125,10,3976,331,-130,0
125,10,3976,331,21,-15
125,10,3979,338,338,50
125,10,3979,340,75,169
125,10,3980,340,26,-1
125,10,3982,331,235,11
125,10,3982,336,108,-147
125,10,3983,331,128,-90
125,10,3983,331,181,-22
125,10,3985,347,-72,361
125,10,3985,401,35,-472
125,10,3989,364,73,110
125,10,3992,372,-26,0
125,10,4075,277,0,421
125,10,4075,398,-23,-447
125,12,3935,359,366,0
125,12,3936,392,465,69
125,12,3939,387,500,0
125,12,3939,407,492,-85
125,12,3940,384,500,0
125,12,3940,385,500,0
125,12,3940,387,500,0
125,12,3940,388,361,345
125,12,3940,389,361,345
125,12,3940,389,500,0
125,12,3940,391,361,345
125,12,3940,408,482,-132
125,12,3940,409,474,-156
125,12,3940,410,466,-179
125,12,3940,414,421,-267
125,12,3941,384,500,0
125,12,3941,385,500,0
125,12,3941,389,466,179
125,12,3941,390,474,156
125,12,3942,386,500,0
125,12,3944,379,441,236
125,12,3944,380,441,236
125,12,3944,381,441,236
125,12,3945,337,361,345
125,12,3945,340,353,353
125,12,3945,379,287,408
125,12,3945,418,316,-386
125,12,3946,382,306,394
125,12,3947,381,287,408
125,12,3947,382,296,402
125,12,3949,381,224,447
125,12,3949,419,224,-447
125,12,3950,378,179,466
125,12,3950,379,212,451
125,12,3950,385,447,0
125,12,3950,408,447,0
125,12,3950,418,224,-447
125,12,3951,381,167,470
125,12,3951,382,191,462
125,12,3951,418,167,-470
125,12,3952,380,121,484
125,12,3952,382,167,470
125,12,3953,345,497,0
125,12,3953,389,224,447
125,12,3953,410,212,-451
125,12,3954,373,447,0
125,12,3954,374,447,0
125,12,3954,376,447,0
125,12,3954,377,447,0
125,12,3954,382,447,0
125,12,3954,387,447,0
125,12,3954,389,179,466
125,12,3955,389,132,482
125,12,3956,394,267,421
125,12,3956,404,197,-105
125,12,3956,407,0,-354
125,12,3956,407,0,-353
125,12,3956,412,248,-75
125,12,3956,438,0,-392
125,12,3957,357,403,190
125,12,3957,387,421,0
125,12,3957,399,416,62
125,12,3958,366,414,72
125,12,3958,366,416,62
125,12,3958,398,414,72
125,12,3959,387,183,0
125,12,3959,387,395,0
125,12,3959,429,156,15
125,12,3960,387,395,0
125,12,3964,406,369,0
125,12,3965,386,209,0
125,12,3972,395,23,12
125,12,3973,395,22,12
125,12,3974,320,199,397
125,12,3975,404,26,0
125,12,3977,395,-235,0
125,12,3979,404,-72,108
125,12,3979,404,9,24
125,12,3980,404,-12,23
125,12,3981,395,-1,-26
125,12,3982,403,-235,-12
125,12,3984,404,-162,302
125,12,3984,404,-12,23
125,12,3984,404,0,0
125,12,3986,395,97,-40
125,12,3988,370,0,-209
125,12,3990,367,-9,-185
125,12,3990,471,361,-345
125,12,4001,345,25,207
125,12,4043,461,0,-447
125,12,4043,478,0,-500
125,12,4048,475,-144,-478
125,12,4048,478,-156,-474
125,12,4050,482,-132,-482
125,12,4051,475,-224,-447
125,34,3928,1117,500,0
125,34,3929,1077,500,0
125,34,3929,1124,490,0
125,34,3929,1124,496,-60
125,34,3930,1117,444,0
125,34,3931,1087,395,0
125,34,3931,1118,340,0
125,34,3931,1118,361,0
125,34,3931,1120,340,0
125,34,3931,1121,340,0
125,34,3931,1123,340,0
125,34,3931,1124,361,0
125,34,3931,1126,340,0
125,34,3931,1127,340,0
125,34,3931,1128,340,0
125,34,3931,1129,340,0
125,34,3931,1130,340,0
125,34,3931,1131,340,0
125,34,3932,1118,366,0
125,34,3932,1119,366,-8
125,34,3933,1076,395,0
125,34,3933,1117,366,0
125,34,3933,1118,366,-8
125,34,3933,1118,366,0
125,34,3934,1064,500,0
125,34,3934,1118,366,0
125,34,3934,1119,366,-8
125,34,3935,1064,500,0
125,34,3935,1124,366,0
125,34,3939,1060,500,0
125,34,3939,1085,500,0
125,34,3939,1124,414,0
125,34,3947,1102,361,-345
125,34,3947,1103,361,-345
125,34,3947,1104,361,-345
125,34,3947,1114,361,-345
125,34,3947,1117,361,-345
125,34,3947,1119,361,-345
125,34,3947,1120,361,-345
125,34,3947,1122,361,-345
125,34,3947,1123,361,-345
125,34,3947,1124,361,-345
125,34,3947,1125,361,-345
125,34,3947,1152,361,-345
125,34,3948,1120,444,0
125,34,3948,1121,444,0
125,34,3948,1123,444,0
125,34,3948,1126,444,0
125,34,3948,1127,444,0
125,34,3948,1128,444,0
125,34,3948,1129,444,0
125,34,3948,1131,444,0
125,34,3948,1132,444,0
125,34,3950,1104,353,-353
125,34,3950,1107,353,-353
125,34,3950,1114,353,-353
125,34,3950,1115,353,-353
125,34,3950,1121,353,-353
125,34,3956,1088,345,361
125,34,3958,1070,414,72
125,34,3961,1068,382,95
125,34,3964,1126,366,18
125,34,3969,1163,500,0
125,34,3973,1094,159,0
125,34,3973,1150,121,-484
125,34,3974,1117,140,-394
125,34,3976,1162,441,-236
125,34,3978,1116,97,-353
125,34,3978,1124,68,-307
125,34,3978,1158,121,-484
125,34,3979,1126,277,-416
125,34,3979,1127,108,-433
125,34,3980,1121,97,-490
125,34,3980,1129,85,-492
125,34,3980,1151,85,-492
125,34,3980,1153,85,-492
125,34,3981,1115,92,-464
125,34,3984,1098,-220,-146
125,34,3985,1127,-174,-116
125,34,3986,1129,-130,-87
125,34,3987,1090,-87,-164
125,34,3987,1099,-112,-210
125,34,3987,1132,-78,-7
125,34,3988,1132,74,138
125,34,3988,1133,74,138
125,34,3988,1133,135,253
125,34,3988,1134,135,253
125,34,3988,1135,0,0
125,34,3988,1135,359,215
125,34,3988,1136,0,0
125,34,3988,1138,12,23
125,34,3988,1139,21,14
125,34,3988,1139,23,12
125,34,3988,1142,25,2
125,34,3988,1142,26,1
125,34,3988,1143,25,2
125,34,3988,1144,23,-11
125,34,3988,1145,24,-10
125,34,3988,1192,0,-500
125,35,3931,1118,361,0
125,35,3931,1120,340,0
125,35,3931,1121,340,0
125,35,3931,1121,340,17
125,35,3931,1124,340,0
125,35,3931,1124,361,0
125,35,3931,1125,340,0
125,35,3931,1128,340,0
125,35,3931,1129,340,0
125,35,3931,1131,340,0
125,35,3931,1133,340,0
125,35,3931,1134,340,0
125,35,3931,1137,340,0
125,35,3931,1138,340,0
125,35,3931,1139,340,0
125,35,3931,1140,340,0
125,35,3931,1141,340,0
125,35,3931,1142,340,0
125,35,3931,1143,340,0
125,35,3931,1144,340,0
125,35,3931,1145,340,0
125,35,3931,1147,340,0
125,35,3931,1148,340,0
125,35,3931,1149,340,0
125,35,3931,1150,340,0
125,35,3931,1151,340,0
125,35,3931,1152,340,0
125,35,3931,1154,340,0
125,35,3931,1155,340,0
125,35,3931,1156,340,0
125,35,3931,1157,340,0
125,35,3931,1158,340,0
125,35,3931,1159,340,0
125,35,3931,1160,340,0
125,35,3931,1161,340,0
125,35,3931,1163,340,0
125,35,3932,1117,500,0
125,35,3932,1163,395,0
125,35,3932,1163,421,0
125,35,3932,1166,366,0
125,35,3935,1124,366,0
125,35,3935,1163,366,0
125,35,3936,1163,447,0
125,35,3936,1166,392,0
125,35,3939,1163,392,0
125,35,3939,1180,392,0
125,35,3940,1180,392,0
125,35,3940,1185,340,-325
125,35,3940,1187,353,-353
125,35,3940,1188,353,-353
125,35,3940,1188,361,-345
125,35,3941,1092,371,335
125,35,3941,1182,418,-21
125,35,3941,1187,358,-344
125,35,3942,1174,361,-345
125,35,3942,1175,361,-345
125,35,3942,1183,361,-345
125,35,3942,1186,358,-344
125,35,3942,1195,392,-210
125,35,3943,1157,418,0
125,35,3943,1180,418,0
125,35,3943,1181,418,-10
125,35,3943,1184,353,-353
125,35,3943,1184,361,-345
125,35,3943,1192,401,-189
125,35,3943,1193,397,-200
125,35,3943,1196,397,-252
125,35,3947,1167,361,-345
125,35,3947,1173,361,-345
125,35,3947,1177,361,-345
125,35,3947,1178,361,-345
125,35,3947,1180,353,-353
125,35,3947,1181,353,-353
125,35,3947,1181,361,-345
125,35,3948,1152,444,0
125,35,3948,1155,444,0
125,35,3948,1156,444,0
125,35,3948,1157,444,0
125,35,3948,1158,444,0
125,35,3948,1159,444,0
125,35,3948,1160,444,0
125,35,3948,1161,444,0
125,35,3948,1163,444,0
125,35,3952,1152,444,0
125,35,3954,1117,447,0
125,35,3954,1118,447,0
125,35,3957,1181,273,-154
125,35,3967,1148,175,-194
125,35,3970,1155,115,-141
125,35,3972,1126,-94,-90
125,35,3972,1143,75,-72
125,35,3974,1123,181,438
125,35,3974,1140,209,0
125,35,3979,1162,-317,131
125,35,3980,1181,212,212
125,35,3980,1194,121,-403
125,35,3982,1194,92,-411
125,35,3985,1163,-221,-79
125,35,3985,1164,-152,37
125,35,3987,1137,-86,-162
125,35,3987,1163,-208,-20
125,35,3987,1164,150,-45
125,35,3988,1166,387,-77
125,35,3990,1165,65,170
125,35,3990,1167,20,208
125,35,3990,1171,-14,287
125,35,3991,1164,233,350
125,35,3992,1170,33,338
125,35,3993,1171,0,104
125,35,3994,1172,-46,62
125,35,3994,1172,-45,64
125,35,3995,1172,-23,-12
125,35,3996,1171,136,453
125,35,4010,1165,25,-128
125,35,4014,1172,25,7
125,35,4020,1168,104,-5
125,37,3927,1219,447,0
125,37,3928,1219,500,0
125,37,3928,1220,500,0
125,37,3929,1185,419,-41
125,37,3929,1219,500,0
125,37,3929,1220,500,0
125,37,3931,1172,340,0
125,37,3931,1173,340,0
125,37,3931,1175,340,0
125,37,3931,1176,340,0
125,37,3931,1177,340,0
125,37,3931,1178,340,0
125,37,3931,1181,340,0
125,37,3931,1182,340,0
125,37,3931,1183,340,0
125,37,3931,1184,340,0
125,37,3931,1186,340,0
125,37,3931,1188,340,0
125,37,3931,1189,340,0
125,37,3931,1190,340,0
125,37,3931,1191,340,0
125,37,3931,1192,340,0
125,37,3931,1193,340,0
125,37,3931,1194,340,0
125,37,3931,1197,340,0
125,37,3931,1198,340,0
125,37,3931,1199,340,0
125,37,3931,1200,340,0
125,37,3931,1201,340,0
125,37,3931,1203,340,0
125,37,3931,1204,340,0
125,37,3931,1205,340,0
125,37,3931,1206,340,0
125,37,3931,1207,340,0
125,37,3931,1208,340,0
125,37,3931,1209,340,0
125,37,3931,1211,340,0
125,37,3931,1212,340,0
125,37,3931,1213,340,0
125,37,3931,1214,340,0
125,37,3931,1215,340,0
125,37,3931,1216,340,0
125,37,3931,1218,340,0
125,37,3931,1219,340,0
125,37,3931,1220,361,0
125,37,3931,1231,482,-132
125,37,3932,1182,366,-8
125,37,3932,1183,366,-18
125,37,3932,1219,366,0
125,37,3932,1220,361,0
125,37,3932,1221,366,-8
125,37,3932,1221,366,0
125,37,3933,1182,366,-8
125,37,3933,1183,366,-18
125,37,3933,1184,366,0
125,37,3933,1217,366,8
125,37,3934,1215,366,0
125,37,3934,1217,366,8
125,37,3934,1219,418,0
125,37,3935,1163,366,0
125,37,3935,1180,366,0
125,37,3935,1182,366,0
125,37,3935,1209,366,0
125,37,3936,1163,366,0
125,37,3936,1165,392,-9
125,37,3936,1186,444,-10
125,37,3936,1219,471,0
125,37,3936,1219,500,0
125,37,3936,1230,482,-132
125,37,3937,1217,392,8
125,37,3937,1219,500,0
125,37,3938,1217,392,8
125,37,3938,1219,500,0
125,37,3939,1157,392,0
125,37,3939,1219,500,0
125,37,3939,1220,414,0
125,37,3940,1220,414,0
125,37,3940,1221,418,-21
125,37,3940,1224,482,-132
125,37,3943,1151,345,361
125,37,3943,1159,358,343
125,37,3943,1216,418,0
125,37,3943,1218,418,0
125,37,3943,1219,418,0
125,37,3944,1221,466,-179
125,37,3948,1216,444,0
125,37,3948,1218,444,0
125,37,3948,1219,444,0
125,37,3948,1219,444,10
125,37,3949,1220,471,-24
125,37,3950,1219,447,0
125,37,3955,1164,495,-37
125,37,3958,1217,395,19
125,37,3961,1218,418,0
125,37,3961,1219,418,0
125,37,3962,1140,500,0
125,37,3965,1145,282,312
125,37,3967,1186,261,0
125,37,3972,1206,104,0
125,37,3972,1208,235,0
125,37,3972,1216,104,0
125,37,3973,1131,169,442
125,37,3978,1143,151,393
125,37,3989,1165,98,-185
125,37,3989,1168,74,-138
125,37,3989,1169,74,-138
125,37,3990,1163,0,0
125,37,3990,1169,28,-289
125,37,3992,1167,175,-263
125,37,3994,1164,43,-446
125,37,3996,1165,176,48
125,37,4002,1171,121,-99
125,37,4005,1171,57,-87
125,37,4013,1164,66,80
125,37,4015,1163,122,-317
125,37,4020,1171,115,-62
125,40,3928,1276,500,0
125,40,3928,1277,500,0
125,40,3928,1278,500,-25
125,40,3928,1284,500,0
125,40,3929,1276,500,0
125,40,3930,1300,500,0
125,40,3933,1291,484,121
125,40,3935,1278,500,-11
125,40,3936,1300,500,0
125,40,3938,1253,378,326
125,40,3938,1257,402,296
125,40,3939,1258,416,277
125,40,3940,1235,332,332
125,40,3941,1253,358,343
125,40,3941,1253,368,333
125,40,3942,1250,343,358
125,40,3942,1253,358,343
125,40,3942,1254,358,343
125,40,3942,1254,368,333
125,40,3942,1260,345,361
125,40,3943,1238,358,343
125,40,3943,1239,358,343
125,40,3943,1240,358,343
125,40,3943,1241,358,343
125,40,3943,1242,358,343
125,40,3943,1243,358,343
125,40,3943,1244,358,343
125,40,3943,1245,358,343
125,40,3943,1246,358,343
125,40,3943,1247,358,343
125,40,3943,1248,358,343
125,40,3943,1249,358,343
125,40,3943,1250,358,343
125,40,3943,1251,358,343
125,40,3943,1253,351,351
125,40,3943,1253,358,343
125,40,3943,1253,361,345
125,40,3943,1261,353,353
125,40,3943,1264,386,316
125,40,3944,1250,351,351
125,40,3945,1257,361,345
125,40,3945,1267,345,361
125,40,3945,1271,345,361
125,40,3945,1272,345,361
125,40,3945,1273,345,361
125,40,3945,1284,473,0
125,40,3948,1283,335,371
125,40,3952,1226,353,353
125,40,3956,1228,353,353
125,40,3957,1228,345,361
125,40,3957,1240,500,0
125,40,3957,1284,421,0
125,40,3960,1278,392,0
125,40,3966,1251,317,234
125,40,3967,1270,273,285
125,40,3970,1254,414,171
125,40,3972,1279,75,72
125,40,3973,1232,171,414
125,40,3977,1264,-364,150
125,40,3978,1212,121,484
125,40,3978,1235,139,424
125,40,3979,1212,121,484
125,40,3980,1214,121,484
125,40,3980,1261,-366,-35
125,40,3980,1265,-165,202
125,40,3980,1266,-165,202
125,40,3981,1240,95,382
125,40,3984,1264,-208,-20
125,40,3986,1249,40,181
125,40,3988,1227,0,500
125,40,3988,1227,121,484
125,40,3988,1237,0,421
125,40,3988,1265,0,-104
125,40,3988,1267,46,-22
125,40,3993,1246,317,-190
125,40,3997,1240,339,-292
125,40,3997,1241,339,-292
125,40,4000,1246,416,-62
125,40,4007,1247,273,247
125,40,4008,1246,266,255
125,67,3929,2148,500,0
125,67,3938,2206,392,0
125,67,3938,2207,392,-9
125,67,3938,2207,417,-31
125,67,3939,2204,500,0
125,67,3939,2205,500,0
125,67,3939,2206,414,-21
125,67,3939,2207,431,-32
125,67,3939,2210,494,-74
125,67,3940,2205,500,0
125,67,3940,2206,416,-31
125,67,3940,2206,418,-21
125,67,3940,2207,418,0
125,67,3940,2207,446,-10
125,67,3940,2208,445,-43
125,67,3940,2208,445,-33
125,67,3941,2196,361,-345
125,67,3941,2205,418,-10
125,67,3941,2205,418,0
125,67,3941,2206,416,-31
125,67,3941,2206,418,-21
125,67,3941,2206,418,0
125,67,3941,2207,418,-21
125,67,3941,2207,438,-32
125,67,3942,2204,471,-11
125,67,3942,2205,340,-17
125,67,3942,2205,471,0
125,67,3942,2206,418,-21
125,67,3942,2206,418,0
125,67,3942,2206,438,-32
125,67,3942,2207,418,-21
125,67,3942,2207,440,-22
125,67,3942,2208,445,-33
125,67,3943,2193,351,-351
125,67,3943,2195,358,-344
125,67,3943,2204,500,0
125,67,3943,2205,418,-10
125,67,3943,2206,418,-21
125,67,3943,2206,418,0
125,67,3943,2209,418,0
125,67,3944,2214,411,-170
125,67,3944,2219,404,-242
125,67,3945,2218,410,-232
125,67,3946,2208,444,0
125,67,3947,2190,361,-345
125,67,3947,2191,361,-345
125,67,3947,2211,361,-345
125,67,3947,2222,361,-345
125,67,3948,2223,371,-335
125,67,3950,2202,353,-353
125,67,3953,2222,204,-238
125,67,3954,2186,353,-353
125,67,3959,2219,500,0
125,67,3963,2204,442,-43
125,67,3963,2205,233,-28
125,67,3964,2195,355,-98
125,67,3965,2222,498,-37
125,67,3969,2195,0,-81
125,67,3972,2126,290,0
125,67,3973,2123,287,14
125,67,3974,2124,159,0
125,67,3976,2124,212,0
125,67,3976,2228,148,-450
125,67,3983,2208,339,-292
125,67,3989,2189,-162,86
125,67,3991,2189,292,121
125,67,3992,2192,403,121
125,67,3992,2192,442,66
125,67,3994,2191,237,247
125,67,3994,2191,242,242
125,67,3994,2191,255,266
125,67,3994,2204,372,248
125,67,3995,2190,337,149
125,67,3996,2100,361,345
125,67,3996,2194,339,250
125,67,3996,2195,151,365
125,67,3997,2195,-63,283
125,67,3998,2192,-172,200
125,67,3998,2192,-136,226
125,67,3998,2198,83,305
125,67,3998,2201,25,341
125,67,3999,2189,-140,70
125,67,4001,2190,-197,131
125,67,4003,2091,345,361
125,67,4004,2196,279,-150
125,67,4005,2196,-91,330
125,67,4005,2196,69,253
125,67,4006,2204,212,234
125,67,4007,2201,332,-83
125,67,4011,2191,-130,-230
125,67,4015,2200,131,-317
125,67,4016,2191,115,-110
125,67,4016,2232,361,-345
125,67,4017,2219,403,-121
125,67,4018,2191,161,-91
125,67,4018,2193,31,-183
125,67,4018,2197,231,-40
125,67,4019,2196,21,14
125,67,4019,2198,25,2
125,67,4019,2200,16,-20
125,67,4019,2214,0,-78
125,67,4021,2219,-310,-94
125,67,4023,2219,-203,-184
125,67,4028,2219,-75,-250
125,68,3968,2188,500,0
125,68,3969,2185,494,74
125,68,3975,2178,345,361
125,68,3975,2239,361,-345
125,68,3977,2176,361,345
125,68,3981,2204,447,0
125,68,3981,2205,447,0
125,68,3981,2206,447,0
125,68,3981,2207,447,0
125,68,3981,2209,447,0
125,68,3981,2210,447,0
125,68,3981,2217,447,0
125,68,3981,2219,447,0
125,68,3981,2226,440,-76
125,68,3981,2227,438,-87
125,68,3984,2177,191,462
125,68,3985,2205,447,0
125,68,3986,2229,361,-345
125,68,3988,2176,0,500
125,68,3990,2204,395,0
125,68,3990,2206,395,0
125,68,3990,2207,395,0
125,68,3994,2242,319,-275
125,68,3997,2250,265,-360
125,68,3999,2245,266,-326
125,68,4002,2244,241,-344
125,68,4005,2217,-386,86
125,68,4008,2131,160,417
125,68,4009,2231,-286,-50
125,68,4015,2220,-174,116
125,68,4015,2225,-220,91
125,68,4019,2220,75,141
125,68,4019,2220,94,-90
125,68,4019,2220,156,30
125,68,4019,2224,20,210
125,68,4019,2228,-70,281
125,68,4020,2223,74,226
125,68,4020,2229,212,0
125,68,4021,2221,49,151
125,68,4021,2221,103,154
125,68,4021,2223,20,210
125,68,4021,2225,-12,238
125,68,4021,2225,-5,238
125,68,4021,2227,-111,268
125,68,4021,2227,-13,264
125,71,3928,2307,500,0
125,71,3929,2307,500,0
125,71,3929,2310,500,-25
125,71,3930,2283,500,0
125,71,3930,2292,500,0
125,71,3930,2307,500,0
125,71,3931,2260,340,0
125,71,3931,2261,340,0
125,71,3931,2262,340,0
125,71,3931,2263,340,0
125,71,3931,2264,340,0
125,71,3931,2265,340,0
125,71,3931,2266,340,0
125,71,3931,2267,340,0
125,71,3931,2268,340,0
125,71,3931,2269,340,0
125,71,3931,2270,340,0
125,71,3931,2271,340,0
125,71,3931,2272,340,0
125,71,3931,2273,340,0
125,71,3931,2274,340,0
125,71,3931,2275,340,0
125,71,3931,2276,340,0
125,71,3931,2277,340,0
125,71,3931,2278,340,0
125,71,3931,2279,340,0
125,71,3931,2280,340,0
125,71,3931,2281,340,0
125,71,3931,2282,340,0
125,71,3931,2283,340,0
125,71,3931,2284,340,0
125,71,3931,2287,340,0
125,71,3931,2288,340,0
125,71,3931,2290,340,0
125,71,3931,2291,340,0
125,71,3931,2292,340,0
125,71,3931,2293,340,0
125,71,3931,2294,340,0
125,71,3931,2295,340,0
125,71,3931,2297,340,0
125,71,3931,2298,340,0
125,71,3931,2300,340,0
125,71,3931,2307,340,0
125,71,3932,2309,366,-8
125,71,3934,2305,366,8
125,71,3934,2309,498,-37
125,71,3935,2263,366,0
125,71,3935,2307,500,0
125,71,3938,2307,500,0
125,71,3940,2309,418,-21
125,71,3948,2307,444,0
125,71,3961,2335,345,-361
125,71,3962,2242,334,334
125,71,3972,2266,104,0
125,71,3972,2294,104,0
125,71,3973,2233,339,291
125,71,3979,2230,121,403
125,71,3979,2295,108,-433
125,71,3980,2217,92,464
125,71,3981,2222,76,440
125,71,3982,2229,92,411
125,71,3985,2308,-261,-174
125,71,3987,2259,-29,-43
125,71,3987,2280,-86,-162
125,71,3988,2238,377,239
125,71,3988,2318,0,0
125,71,3988,2319,152,101
125,71,3988,2320,0,0
125,71,3988,2326,25,2
125,71,3988,2327,24,-10
125,71,3992,2242,355,225
125,71,3992,2257,-117,-176
125,71,3993,2254,250,-339
125,71,3993,2257,-151,-144
125,71,3994,2259,-115,-62
125,71,4008,2253,75,-250
125,71,4009,2255,-40,-232
125,71,4019,2246,21,289
125,71,4020,2241,0,26
125,71,4020,2253,170,-232
125,71,4020,2256,23,10
125,72,3928,2307,500,0
125,72,3928,2344,500,0
125,72,3929,2310,500,-25
125,72,3931,2292,340,0
125,72,3931,2293,340,0
125,72,3931,2294,340,0
125,72,3931,2295,340,0
125,72,3931,2296,340,0
125,72,3931,2297,340,0
125,72,3931,2298,340,0
125,72,3931,2299,340,0
125,72,3931,2300,340,0
125,72,3931,2301,340,0
125,72,3931,2302,340,0
125,72,3931,2303,340,0
125,72,3931,2304,340,0
125,72,3931,2305,340,0
125,72,3931,2305,340,7
125,72,3931,2306,340,0
125,72,3931,2307,340,0
125,72,3931,2307,447,0
125,72,3931,2309,366,-18
125,72,3931,2319,482,-132
125,72,3932,2309,366,-8
125,72,3932,2309,366,0
125,72,3932,2339,494,-74
125,72,3933,2305,366,8
125,72,3934,2305,366,8
125,72,3938,2308,498,-37
125,72,3939,2303,332,332
125,72,3939,2304,332,332
125,72,3939,2305,332,332
125,72,3939,2307,332,332
125,72,3939,2308,332,332
125,72,3939,2309,332,332
125,72,3939,2313,332,332
125,72,3939,2314,332,332
125,72,3941,2278,351,351
125,72,3943,2295,358,343
125,72,3943,2296,358,343
125,72,3943,2297,358,343
125,72,3943,2298,358,343
125,72,3943,2299,358,343
125,72,3943,2300,358,343
125,72,3943,2301,358,343
125,72,3943,2302,358,343
125,72,3943,2303,358,343
125,72,3943,2304,358,343
125,72,3943,2305,358,343
125,72,3943,2306,358,343
125,72,3943,2307,358,343
125,72,3943,2308,358,343
125,72,3943,2310,358,343
125,72,3943,2311,358,343
125,72,3943,2312,358,343
125,72,3943,2316,358,343
125,72,3943,2317,358,343
125,72,3944,2379,335,-371
125,72,3945,2368,500,0
125,72,3947,2299,353,353
125,72,3950,2303,353,353
125,72,3952,2260,471,0
125,72,3952,2283,471,0
125,72,3956,2273,497,-11
125,72,3967,2266,500,0
125,72,3967,2307,314,0
125,72,3972,2294,104,0
125,72,3973,2287,144,478
125,72,3976,2299,132,480
125,72,3977,2285,-364,150
125,72,3977,2287,-364,150
125,72,3978,2295,108,485
125,72,3978,2300,107,430
125,72,3978,2310,118,430
125,72,3979,2282,-286,118
125,72,3979,2312,118,431
125,72,3980,2245,85,492
125,72,3980,2271,85,492
125,72,3980,2272,-48,498
125,72,3980,2275,85,492
125,72,3980,2294,85,492
125,72,3980,2300,85,492
125,72,3981,2299,58,334
125,72,3981,2301,62,360
125,72,3981,2306,92,464
125,72,3982,2297,81,466
125,72,3984,2286,-284,-189
125,72,3985,2289,290,373
125,72,3986,2287,-192,-128
125,72,3986,2288,-152,-101
125,72,3986,2339,76,277
125,72,3987,2276,25,339
125,72,3987,2282,-149,-278
125,72,3988,2261,0,421
125,72,3988,2263,-12,250
125,72,3988,2266,0,276
125,72,3988,2287,-23,-234
125,72,3988,2288,0,-130
125,72,3988,2289,0,-130
125,72,3988,2289,0,-104
125,72,3988,2290,25,-262
125,72,3988,2290,131,-197
125,72,3988,2291,0,-104
125,72,3988,2291,14,-21
125,72,3988,2291,25,-262
125,72,3988,2355,0,159
125,72,3992,2348,16,49
125,72,4019,2252,0,500
125,74,3935,2345,416,277
125,74,3938,2345,402,296
125,74,3940,2323,332,332
125,74,3941,2339,353,353
125,74,3941,2341,358,343
125,74,3941,2341,368,333
125,74,3942,2327,358,343
125,74,3942,2338,343,358
125,74,3942,2341,358,343
125,74,3942,2353,345,361
125,74,3943,2326,358,343
125,74,3943,2327,358,343
125,74,3943,2328,358,343
125,74,3943,2329,358,343
125,74,3943,2330,358,343
125,74,3943,2331,358,343
125,74,3943,2332,358,343
125,74,3943,2333,358,343
125,74,3943,2336,358,343
125,74,3943,2339,358,343
125,74,3943,2340,358,343
125,74,3943,2341,351,351
125,74,3943,2341,358,343
125,74,3943,2398,498,48
125,74,3945,2409,490,-97
125,74,3947,2321,353,353
125,74,3947,2321,361,345
125,74,3967,2358,273,285
125,74,3968,2319,361,345
125,74,3972,2335,361,345
125,74,3976,2349,-446,43
125,74,3979,2300,121,484
125,74,3980,2302,121,484
125,74,3980,2302,132,482
125,74,3981,2336,-307,-30
125,74,3983,2355,-243,-100
125,74,3984,2343,88,248
125,74,3986,2305,74,494
125,74,3987,2340,46,152
125,74,3988,2325,0,421
125,74,3988,2355,46,-25
125,74,3989,2354,74,-138
125,74,3990,2351,152,-101
125,74,3990,2353,148,-278
125,74,3990,2354,289,-183
125,74,3991,2348,221,-16
125,74,3991,2350,152,-101
125,74,3991,2354,371,-199
125,74,3992,2347,-133,-210
125,74,3992,2347,-115,-62
125,74,3992,2347,-45,-64
125,74,3992,2347,-26,0
125,74,3992,2347,-23,11
125,74,3992,2347,0,0
125,74,3992,2348,-119,-236
125,74,3992,2349,208,-20
125,74,3992,2351,155,-276
125,74,3994,2348,-25,-5
125,74,3995,2353,400,-201
125,74,3995,2354,348,-187
125,74,4012,2347,25,-7
125,74,4019,2299,25,500
125,115,3932,3728,392,0
125,115,3936,3685,482,132
125,115,3936,3688,498,48
125,115,3936,3703,494,-74
125,115,3938,3688,496,60
125,115,3938,3709,500,0
125,115,3939,3683,144,478
125,115,3940,3681,435,246
125,115,3940,3684,500,0
125,115,3940,3688,496,60
125,115,3940,3689,496,60
125,115,3940,3690,500,11
125,115,3940,3703,148,-450
125,115,3940,3706,466,-179
125,115,3940,3707,474,-156
125,115,3940,3708,148,-450
125,115,3940,3708,361,-345
125,115,3940,3709,492,-85
125,115,3940,3709,500,0
125,115,3940,3710,500,0
125,115,3940,3711,500,0
125,115,3940,3712,500,0
125,115,3941,3676,361,345
125,115,3941,3680,408,287
125,115,3941,3705,474,-156
125,115,3941,3710,451,-212
125,115,3941,3745,287,-408
125,115,3942,3678,361,345
125,115,3942,3682,421,267
125,115,3942,3746,287,-408
125,115,3943,3679,378,326
125,115,3943,3743,361,-345
125,115,3943,3743,371,-335
125,115,3944,3691,432,-192
125,115,3944,3706,441,-236
125,115,3944,3711,441,-236
125,115,3944,3714,441,-236
125,115,3945,3677,316,386
125,115,3945,3704,470,-167
125,115,3945,3709,500,0
125,115,3945,3715,296,-402
125,115,3946,3702,484,-121
125,115,3946,3713,306,-394
125,115,3947,3674,224,447
125,115,3947,3675,267,421
125,115,3947,3677,267,421
125,115,3947,3678,316,386
125,115,3947,3715,257,-429
125,115,3947,3717,246,-435
125,115,3947,3745,296,-402
125,115,3948,3673,203,457
125,115,3948,3676,224,447
125,115,3950,3677,203,457
125,115,3950,3679,224,447
125,115,3950,3684,326,378
125,115,3950,3695,445,43
125,115,3950,3708,447,0
125,115,3950,3713,212,-451
125,115,3951,3692,457,125
125,115,3951,3693,386,271
125,115,3951,3693,457,125
125,115,3951,3712,203,-457
125,115,3951,3714,167,-470
125,115,3951,3715,144,-478
125,115,3951,3716,167,-470
125,115,3953,3713,109,-488
125,115,3954,3706,132,-482
125,115,3954,3706,179,-466
125,115,3954,3708,447,0
125,115,3954,3709,447,0
125,115,3954,3711,447,0
125,115,3954,3712,447,0
125,115,3954,3717,447,0
125,115,3954,3718,447,0
125,115,3954,3720,447,0
125,115,3954,3721,447,0
125,115,3954,3722,447,0
125,115,3954,3723,447,0
125,115,3955,3690,191,462
125,115,3955,3705,109,-488
125,115,3956,3690,112,223
125,115,3956,3691,191,-90
125,115,3956,3703,0,-302
125,115,3956,3708,248,-75
125,115,3956,3709,0,-500
125,115,3957,3705,419,31
125,115,3958,3691,261,19
125,115,3958,3709,421,0
125,115,3958,3729,414,-72
125,115,3958,3729,416,-62
125,115,3959,3669,395,0
125,115,3960,3696,390,58
125,115,3961,3696,390,58
125,115,3962,3698,362,-109
125,115,3962,3700,104,0
125,115,3963,3700,104,0
125,115,3963,3709,183,0
125,115,3963,3738,339,-203
125,115,3965,3770,306,-394
125,115,3966,3736,202,-121
125,115,3972,3699,130,28
125,115,3973,3737,303,-91
125,115,3975,3689,-119,-53
125,115,3976,3700,9,24
125,115,3976,3700,19,16
125,115,3977,3737,292,-121
125,115,3978,3691,26,0
125,115,3978,3700,0,0
125,115,3978,3735,252,-76
125,115,3979,3700,-72,108
125,115,3979,3700,9,24
125,115,3979,3700,10,23
125,115,3980,3700,0,0
125,115,3980,3700,21,13
125,115,3980,3700,22,46
125,115,3981,3699,182,-103
125,115,3981,3700,-23,46
125,115,3981,3700,0,0
125,115,3981,3700,86,161
125,115,3982,3733,185,-18
125,115,3983,3700,181,21
125,115,3984,3700,0,0
125,115,3984,3700,83,62
125,115,3985,3692,-90,-218
125,115,3985,3695,-177,-44
125,115,3985,3697,-104,7
125,115,3986,3694,25,-45
125,115,3986,3695,-47,-93
125,115,3986,3700,-92,49
125,115,3988,3748,22,-75
125,115,3988,3754,0,-421
125,115,3988,3755,0,-421
125,115,3988,3781,0,-500
125,115,3991,3732,0,0
125,115,3995,3734,-21,286
125,115,3997,3732,0,0
125,115,4028,3622,378,326
125,115,4029,3625,386,316
125,115,4029,3626,408,287
125,115,4029,3630,466,179
125,115,4033,3628,394,306
125,115,4034,3621,277,416
125,115,4035,3636,500,0
125,115,4037,3636,500,0
125,115,4042,3616,48,498
125,115,4045,3649,-89,248
125,115,4053,3612,-121,484
125,115,4060,3625,0,500
125,115,4060,3637,0,421
125,115,4063,3626,-132,482
125,115,4075,3757,0,-447
125,117,3938,3759,490,-97
125,117,3939,3747,498,37
125,117,3940,3747,451,212
125,117,3940,3748,361,345
125,117,3940,3748,402,296
125,117,3940,3748,435,246
125,117,3940,3749,474,156
125,117,3940,3749,500,0
125,117,3940,3752,500,0
125,117,3940,3775,500,0
125,117,3940,3776,500,0
125,117,3940,3797,500,0
125,117,3940,3802,466,-179
125,117,3944,3776,441,-236
125,117,3944,3777,441,-236
125,117,3944,3779,441,-236
125,117,3944,3780,441,-236
125,117,3945,3742,326,378
125,117,3945,3762,492,85
125,117,3947,3779,277,-416
125,117,3947,3781,277,-416
125,117,3948,3739,224,447
125,117,3948,3771,386,-316
125,117,3948,3779,441,-236
125,117,3948,3780,224,-447
125,117,3949,3713,432,192
125,117,3949,3739,212,451
125,117,3949,3752,500,0
125,117,3950,3748,447,0
125,117,3950,3752,470,167
125,117,3951,3778,156,-474
125,117,3951,3781,144,-478
125,117,3952,3741,132,482
125,117,3952,3742,144,478
125,117,3952,3777,144,-478
125,117,3952,3778,132,-482
125,117,3953,3740,109,488
125,117,3953,3741,109,488
125,117,3953,3757,438,87
125,117,3953,3775,121,-484
125,117,3953,3777,109,-488
125,117,3953,3778,109,-488
125,117,3953,3779,109,-488
125,117,3954,3732,447,0
125,117,3954,3733,447,0
125,117,3954,3738,447,0
125,117,3954,3746,447,0
125,117,3954,3749,191,462
125,117,3954,3750,447,0
125,117,3954,3752,447,0
125,117,3954,3755,447,0
125,117,3954,3756,447,0
125,117,3954,3765,447,0
125,117,3954,3769,191,-462
125,117,3954,3770,447,0
125,117,3954,3775,447,0
125,117,3954,3783,447,0
125,117,3954,3786,447,0
125,117,3954,3787,447,0
125,117,3954,3788,447,0
125,117,3954,3803,408,-182
125,117,3955,3749,132,482
125,117,3955,3770,132,-482
125,117,3956,3746,0,500
125,117,3956,3747,0,500
125,117,3956,3748,0,500
125,117,3956,3771,0,-500
125,117,3956,3772,0,-500
125,117,3957,3716,403,190
125,117,3957,3718,385,171
125,117,3957,3753,66,-333
125,117,3957,3802,403,-190
125,117,3958,3724,411,92
125,117,3958,3758,414,72
125,117,3958,3758,416,62
125,117,3958,3759,416,62
125,117,3958,3761,416,-62
125,117,3958,3792,417,-51
125,117,3958,3793,414,-72
125,117,3959,3748,183,0
125,117,3959,3752,395,0
125,117,3959,3787,183,0
125,117,3961,3761,283,-189
125,117,3962,3764,104,0
125,117,3962,3784,130,0
125,117,3962,3796,378,-114
125,117,3963,3747,183,0
125,117,3964,3761,364,35
125,117,3965,3755,209,0
125,117,3965,3802,438,-87
125,117,3966,3765,130,0
125,117,3967,3705,266,325
125,117,3967,3814,281,-344
125,117,3970,3709,208,268
125,117,3976,3755,21,-15
125,117,3976,3764,9,24
125,117,3977,3755,22,-12
125,117,3978,3755,-104,0
125,117,3978,3755,-78,0
125,117,3979,3755,-1,-26
125,117,3979,3764,9,24
125,117,3979,3813,180,-319
125,117,3980,3764,-22,46
125,117,3980,3764,0,0
125,117,3980,3764,22,13
125,117,3981,3755,-1,-26
125,117,3981,3800,196,-81
125,117,3982,3761,250,-82
125,117,3982,3763,-75,-23
125,117,3982,3764,126,92
125,117,3983,3755,11,-23
125,117,3983,3755,83,-62
125,117,3983,3755,128,-90
125,117,3983,3755,181,-22
125,117,3983,3764,-7,103
125,117,3984,3764,0,0
125,117,3985,3760,-174,57
125,117,3985,3762,-176,48
125,117,3985,3809,62,-360
125,117,3986,3759,82,-164
125,117,3988,3818,0,-421
125,117,4075,3701,0,421
125,117,4075,3822,-23,-447
125,117,4077,3819,-41,-419
125,119,3938,3818,500,0
125,119,3939,3811,500,0
125,119,3940,3807,500,0
125,119,3940,3808,361,345
125,119,3940,3808,500,0
125,119,3940,3810,500,0
125,119,3940,3811,361,345
125,119,3940,3811,490,97
125,119,3940,3811,500,0
125,119,3940,3812,361,345
125,119,3940,3812,500,0
125,119,3940,3813,500,0
125,119,3940,3823,497,11
125,119,3940,3834,466,-179
125,119,3940,3870,421,-267
125,119,3941,3808,500,0
125,119,3941,3809,500,0
125,119,3941,3811,500,25
125,119,3941,3812,500,0
125,119,3941,3813,466,179
125,119,3941,3814,474,156
125,119,3942,3812,500,0
125,119,3942,3840,386,-316
125,119,3942,3841,378,-326
125,119,3942,3867,361,-345
125,119,3943,3809,394,306
125,119,3943,3854,353,-353
125,119,3944,3803,441,236
125,119,3944,3804,441,236
125,119,3944,3805,474,156
125,119,3944,3806,441,236
125,119,3944,3806,474,156
125,119,3944,3808,441,236
125,119,3944,3813,451,212
125,119,3944,3841,345,-361
125,119,3944,3841,441,-236
125,119,3944,3842,326,-378
125,119,3945,3871,345,-361
125,119,3946,3806,306,394
125,119,3947,3806,296,402
125,119,3947,3836,402,-296
125,119,3948,3876,500,0
125,119,3949,3808,287,408
125,119,3949,3843,212,-451
125,119,3949,3843,224,-447
125,119,3949,3845,191,-462
125,119,3949,3847,167,-470
125,119,3950,3803,179,466
125,119,3950,3803,447,0
125,119,3950,3804,447,0
125,119,3950,3809,447,0
125,119,3950,3842,224,-447
125,119,3951,3805,167,470
125,119,3951,3840,203,-457
125,119,3951,3841,212,-451
125,119,3951,3842,167,-470
125,119,3952,3806,167,470
125,119,3953,3805,109,488
125,119,3953,3806,109,488
125,119,3953,3834,212,-451
125,119,3953,3834,224,-447
125,119,3953,3845,121,-484
125,119,3954,3796,447,0
125,119,3954,3797,447,0
125,119,3954,3799,447,0
125,119,3954,3801,447,0
125,119,3954,3803,447,0
125,119,3954,3804,447,0
125,119,3954,3806,447,0
125,119,3954,3807,447,0
125,119,3954,3809,447,0
125,119,3954,3810,447,0
125,119,3954,3811,447,0
125,119,3954,3812,121,484
125,119,3954,3813,179,466
125,119,3954,3825,211,301
125,119,3954,3833,224,-447
125,119,3954,3835,85,-492
125,119,3954,3835,121,-484
125,119,3954,3842,109,-488
125,119,3955,3813,132,482
125,119,3955,3824,417,-51
125,119,3956,3810,0,500
125,119,3956,3812,0,500
125,119,3956,3812,121,484
125,119,3956,3812,224,447
125,119,3956,3816,26,275
125,119,3956,3828,197,-105
125,119,3956,3834,48,-498
125,119,3956,3834,203,-203
125,119,3956,3836,248,-75
125,119,3956,3852,395,0
125,119,3956,3864,0,-387
125,119,3957,3780,403,190
125,119,3957,3824,419,41
125,119,3957,3826,421,21
125,119,3958,3767,361,345
125,119,3958,3790,414,72
125,119,3958,3820,180,319
125,119,3958,3822,414,72
125,119,3958,3865,389,-161
125,119,3959,3794,395,19
125,119,3959,3808,395,0
125,119,3959,3811,395,0
125,119,3959,3827,392,19
125,119,3961,3824,390,58
125,119,3961,3854,327,-218
125,119,3962,3772,319,274
125,119,3962,3815,293,265
125,119,3962,3854,344,-229
125,119,3962,3862,365,-151
125,119,3962,3870,149,-105
125,119,3963,3783,453,136
125,119,3963,3874,271,-246
125,119,3964,3771,304,291
125,119,3967,3763,257,365
125,119,3967,3769,266,325
125,119,3967,3879,176,-227
125,119,3971,3785,424,139
125,119,3971,3828,70,-33
125,119,3972,3828,23,12
125,119,3973,3828,52,0
125,119,3975,3828,26,0
125,119,3976,3760,-159,239
125,119,3976,3819,21,-15
125,119,3976,3820,11,-23
125,119,3978,3819,276,0
125,119,3978,3820,21,-14
125,119,3979,3828,9,24
125,119,3980,3819,-261,0
125,119,3980,3828,0,0
125,119,3981,3819,-84,-132
125,119,3981,3819,-14,-22
125,119,3981,3819,-1,-26
125,119,3981,3824,19,129
125,119,3981,3825,309,-146
125,119,3981,3828,-99,-32
125,119,3981,3828,143,117
125,119,3982,3827,-75,-23
125,119,3982,3828,-258,-39
125,119,3983,3819,0,0
125,119,3983,3828,-50,-15
125,119,3984,3787,-220,-146
125,119,3984,3824,132,-126
125,119,3984,3828,-12,23
125,119,3984,3828,-10,103
125,119,3984,3828,0,0
125,119,3986,3788,-111,-269
125,119,3986,3828,-130,86
125,119,3988,3768,0,209
125,119,3993,3789,-108,180
125,119,4007,3793,340,17
125,119,4015,3790,363,44
125,119,4016,3789,217,-294
125,119,4022,3785,397,130
125,119,4075,3735,0,500
125,119,4075,3758,0,447
125,119,4078,3768,-58,390
125,119,4078,3794,138,-119
126,36,3972,1160,500,0
126,36,3972,1178,466,-179
126,36,3972,1178,500,0
126,36,3972,1180,402,-296
126,36,3976,1151,361,345
126,36,3982,1148,203,457
126,36,3982,1149,203,457
126,36,3982,1149,212,451
126,36,3984,1150,167,470
126,36,3985,1185,109,-488
126,36,3986,1155,85,492
126,36,3986,1157,132,482
126,36,3986,1178,179,-466
126,36,3987,1157,132,482
126,36,3987,1178,132,-482
126,36,3988,1153,0,500
126,36,3988,1157,0,444
126,36,3990,1166,414,72
126,36,3990,1166,416,62
126,36,3994,1172,104,0
126,36,4004,1164,26,-1
126,36,4008,1172,9,24
126,36,4011,1172,9,24
126,36,4013,1172,0,0
126,36,4013,1172,78,0
126,36,4014,1168,108,-147
126,36,4015,1163,11,-23
126,36,4015,1163,83,-62
126,36,4016,1172,0,0
126,38,3971,1219,500,0
126,38,3972,1219,500,0
126,38,3972,1220,361,345
126,38,3972,1220,500,0
126,38,3972,1221,474,156
126,38,3976,1213,441,236
126,38,3976,1215,441,236
126,38,3976,1221,451,212
126,38,3980,1212,277,416
126,38,3982,1213,212,451
126,38,3983,1212,179,466
126,38,3983,1213,167,470
126,38,3983,1215,203,457
126,38,3984,1215,167,470
126,38,3985,1231,447,-10
126,38,3986,1219,101,405
126,38,3986,1228,447,0
126,38,3986,1245,447,0
126,38,3986,1246,447,-10
126,38,3986,1250,447,0
126,38,3988,1218,0,500
126,38,3988,1219,0,500
126,38,4014,1227,-19,-17
126,38,4018,1246,-174,-116
126,38,4019,1245,-130,86
126,70,3972,2207,500,0
126,70,3972,2261,500,0
126,70,3972,2266,500,0
126,70,3972,2272,500,0
126,70,3973,2206,500,0
126,70,3976,2206,474,156
126,70,3977,2242,457,-126
126,70,3979,2276,277,-416
126,70,3980,2205,500,0
126,70,3980,2210,361,345
126,70,3986,2228,447,0
126,70,3986,2229,447,0
126,70,3986,2230,447,0
126,70,3986,2231,447,0
126,70,3986,2232,447,0
126,70,3986,2234,447,0
126,70,3986,2238,447,0
126,70,3986,2239,447,0
126,70,3986,2240,447,0
126,70,3986,2241,447,0
126,70,3986,2242,447,0
126,70,3986,2243,447,0
126,70,3986,2260,447,0
126,70,3986,2266,179,-466
126,70,3986,2281,447,0
126,70,3986,2283,447,0
126,70,3986,2284,447,0
126,70,3987,2265,109,-488
126,70,3989,2267,403,190
126,70,3990,2290,412,-82
126,70,3992,2239,393,38
126,70,3993,2275,382,95
126,70,3994,2260,104,0
126,70,3995,2280,183,3
126,70,4003,2212,361,160
126,70,4003,2256,389,67
126,70,4008,2260,9,24
126,70,4010,2216,224,79
126,70,4010,2253,-36,208
126,70,4012,2260,0,0
126,70,4013,2212,171,164
126,70,4014,2245,-242,-154
126,70,4016,2216,113,108
126,70,4017,2255,-174,-57
126,70,4019,2243,-38,-152
126,70,4022,2227,117,-63
126,70,4022,2294,-23,315
126,70,4023,2226,187,-100
126,73,3972,2335,361,345
126,73,3972,2336,361,345
126,73,3972,2340,361,345
126,73,3972,2342,361,345
126,73,3974,2333,490,97
126,73,3975,2333,345,361
126,73,3975,2336,378,326
126,73,3977,2332,296,402
126,73,3979,2331,267,421
126,73,3981,2370,246,-435
126,73,3982,2333,203,457
126,73,3985,2330,121,484
126,73,3985,2334,109,488
126,73,3986,2353,445,33
126,73,3987,2341,97,490
126,73,3988,2337,0,500
126,73,3988,2338,0,500
126,73,3988,2338,85,492
126,73,3988,2339,85,492
126,73,3988,2340,0,500
126,73,3988,2341,0,500
126,73,3988,2356,395,0
126,73,3989,2326,419,-31
126,73,3989,2372,421,0
126,73,3990,2350,414,72
126,73,3991,2341,345,361
126,73,4000,2303,203,203
126,73,4000,2340,296,219
126,73,4002,2307,403,190
126,73,4004,2315,408,101
126,73,4008,2347,-130,0
126,73,4012,2308,333,211
126,73,4014,2355,-75,-23
126,73,4015,2347,83,-62
126,73,4016,2347,-142,-283
126,73,4016,2356,0,0
126,73,4020,2283,287,408
126,73,4020,2300,18,369
