0,33,34,1122,-246,-272
0,33,43,1146,-361,-345
0,33,45,1141,-353,-353
0,33,46,1141,-353,-353
0,33,49,1144,-353,-353
0,33,49,1145,-353,-353
0,33,52,1148,-361,-345
0,33,59,1152,0,-500
0,33,59,1157,0,-500
0,33,60,1152,0,-500
0,33,60,1157,0,-500
0,33,65,1134,-314,-314
0,33,69,1158,0,-500
0,33,75,1118,0,-157
0,33,75,1119,0,-183
0,33,76,1128,-8,-157
0,33,79,1096,127,200
0,33,80,1093,210,20
0,33,80,1093,279,-197
0,33,80,1097,234,22
0,33,82,1093,258,-39
0,33,82,1096,261,0
0,33,83,1093,285,-50
0,33,85,1085,193,-86
0,33,88,1130,-182,-409
0,33,90,1134,-192,-433
0,33,92,1088,-113,-108
0,33,93,1132,-224,-418
0,33,97,1084,-290,14
0,33,97,1125,-171,-198
0,33,102,1085,-361,-345
0,33,109,1084,-447,0
0,33,111,1089,-335,-371
0,33,112,1093,-326,-378
0,33,113,1083,-433,-192
0,33,116,1067,-500,0
0,33,116,1110,-353,-353
0,33,117,1124,-361,-345
0,33,117,1125,-361,-345
0,33,118,1125,-361,-345
0,33,119,1099,-500,0
0,33,120,1096,-335,-371
0,33,120,1114,-345,-361
0,33,120,1120,-361,-345
0,33,121,1107,-345,-361
0,33,121,1114,-359,-344
0,33,121,1117,-359,-344
0,33,121,1117,-334,-369
0,33,121,1118,-359,-344
0,33,121,1120,-351,-351
0,33,121,1121,-359,-344
0,33,121,1121,-351,-351
0,33,121,1122,-359,-344
0,33,121,1123,-359,-344
0,33,121,1124,-359,-344
0,33,121,1125,-359,-344
0,33,121,1127,-351,-351
0,33,121,1128,-359,-344
0,33,121,1129,-351,-351
0,33,122,1121,-369,-334
0,33,122,1121,-359,-344
0,33,122,1129,-359,-344
0,33,123,1111,-371,-335
0,33,125,1092,-500,0
0,33,129,1096,-500,0
0,33,134,1096,-500,0
0,33,135,1092,-500,0
0,58,70,1908,0,0
0,58,74,1901,-35,155
0,58,78,1904,-58,176
0,58,81,1905,226,136
0,58,88,1882,-290,0
0,58,92,1912,-421,-150
0,58,101,1885,-395,0
0,58,102,1884,-395,0
0,58,103,1913,-380,-179
0,58,105,1870,-173,323
0,58,105,1904,-416,-62
0,58,105,1905,-416,-62
0,58,106,1881,-419,31
0,58,106,1899,-421,0
0,58,106,1905,-415,-72
0,58,107,1885,-418,50
0,58,107,1911,0,-500
0,58,107,1920,0,-500
0,58,109,1882,-447,10
0,58,109,1883,-447,0
0,58,109,1884,-447,0
0,58,109,1885,-447,0
0,58,110,1884,-447,0
0,58,110,1894,-447,22
0,58,113,1884,-473,0
0,58,114,1863,-261,0
0,58,114,1884,-473,0
0,58,116,1921,-296,-402
0,58,117,1884,-473,0
0,58,118,1925,-441,-236
0,58,120,1919,-378,-326
0,58,120,1920,-378,-326
0,58,125,1913,-484,-121
0,58,128,1905,-392,8
0,58,129,1869,-498,-37
0,61,79,1963,-128,-90
0,61,79,1963,-85,-60
0,61,79,1963,0,-26
0,61,79,1965,88,-56
0,61,84,1963,2,-26
0,61,84,1998,-248,-372
0,61,85,1964,0,-26
0,61,94,1995,-248,-372
0,61,95,1987,-212,0
0,61,96,1987,-238,0
0,61,96,2004,-498,37
0,61,98,1993,-283,-346
0,61,98,1993,-274,-353
0,61,99,1987,-342,0
0,61,104,1991,-318,-351
0,61,105,1963,-421,0
0,61,106,1987,-395,0
0,61,107,2004,-361,-345
0,61,107,2004,-306,-394
0,61,107,2006,0,-500
0,61,107,2011,-48,-498
0,61,108,1993,-421,0
0,61,109,1963,-447,0
0,61,109,1964,-447,0
0,61,109,1965,-447,-10
0,61,109,1968,-446,-43
0,61,109,1987,-447,0
0,61,109,2009,-191,-462
0,61,110,1953,-167,470
0,61,110,1963,-447,0
0,61,110,1987,-421,0
0,61,111,2003,-500,11
0,61,111,2014,-203,-457
0,61,112,1948,-156,474
0,61,112,2007,-451,-212
0,61,113,1985,-473,0
0,61,113,2007,-451,-212
0,61,117,1985,-473,0
0,61,117,1987,-473,0
0,61,118,1949,-441,236
0,61,119,1951,-371,335
0,61,120,1952,-361,345
0,61,121,1952,-402,296
0,61,124,1954,-500,0
0,61,124,1959,-500,0
0,61,124,1960,-500,0
0,61,124,1962,-500,0
0,61,126,1959,-500,0
0,61,135,1987,-500,0
0,62,26,2059,-500,0
0,62,28,2059,-500,0
0,62,45,1956,-120,-57
0,62,75,1971,-74,-138
0,62,75,1971,-43,-29
0,62,77,1982,130,86
0,62,78,1980,173,116
0,62,79,1971,-25,-101
0,62,79,1981,198,125
0,62,82,1942,-92,464
0,62,82,1981,261,0
0,62,90,1974,260,-174
0,62,94,1987,-290,0
0,62,95,1977,-258,332
0,62,95,1977,-250,339
0,62,96,1987,-238,0
0,62,97,1987,-318,234
0,62,98,1974,-274,353
0,62,99,1987,-342,0
0,62,99,2004,-183,0
0,62,100,1985,-339,250
0,62,100,1986,-344,241
0,62,104,1979,-346,283
0,62,105,1978,-339,291
0,62,106,1987,-395,0
0,62,107,1963,-500,0
0,62,107,1963,-402,296
0,62,107,1981,-387,271
0,62,108,1974,-359,308
0,62,108,1976,-366,299
0,62,109,1983,-447,0
0,62,109,1986,-447,0
0,62,109,1987,-447,0
0,62,110,1987,-447,0
0,62,110,1987,-421,0
0,62,110,1991,-425,139
0,62,111,2014,-203,-457
0,62,112,1971,-378,326
0,62,112,1972,-378,326
0,62,112,1975,-473,0
0,62,113,1980,-473,0
0,62,114,1961,-488,109
0,62,115,1968,-378,326
0,62,115,1969,-386,316
0,62,116,1969,-386,316
0,62,117,1985,-473,0
0,62,117,2019,-287,-408
0,62,119,1960,-494,74
0,62,119,1960,-488,109
0,62,119,1965,-441,236
0,62,120,1966,-394,306
0,62,120,2019,-326,-378
0,62,121,2013,-429,-257
0,62,121,2018,-345,-361
0,62,123,2014,-421,-267
0,62,131,1976,-366,0
1,32,75,1070,-23,-12
1,32,75,1075,-22,13
1,32,86,1104,-137,-453
1,32,86,1119,-156,-474
1,32,87,1075,-267,-169
1,32,87,1100,-150,-421
1,32,88,1124,-167,-470
1,32,88,1124,-156,-474
1,32,94,1087,-326,-378
1,32,94,1098,-239,-377
1,32,99,1094,-345,-361
1,32,99,1094,-306,-394
1,32,100,1094,-345,-361
1,32,100,1094,-326,-378
1,32,100,1095,-345,-361
1,32,100,1095,-326,-378
1,32,101,1095,-326,-378
1,32,103,1097,-345,-361
1,32,103,1097,-335,-371
1,32,104,1068,-233,124
1,32,104,1098,-335,-371
1,32,104,1099,-335,-371
1,32,104,1109,-345,-361
1,32,104,1110,-345,-361
1,32,105,1068,-187,100
1,32,105,1107,-345,-361
1,32,106,1072,-23,237
1,32,107,1102,-345,-361
1,32,107,1107,-345,-361
1,32,107,1107,-287,-408
1,32,108,1072,28,236
1,32,108,1107,-361,-345
1,32,108,1107,-353,-353
1,32,108,1108,-353,-353
1,32,108,1110,-353,-353
1,32,110,1111,-287,-408
1,32,111,1110,-353,-353
1,32,112,1109,-353,-353
1,32,112,1110,-353,-353
1,32,113,1111,-353,-353
1,32,114,1093,-345,-361
1,32,114,1104,-345,-361
1,32,115,1110,-361,-345
1,32,115,1113,-353,-353
1,32,116,1104,-345,-361
1,32,118,1097,-335,-371
1,32,119,1106,-371,-335
1,32,120,1101,-345,-361
1,32,121,1100,-345,-361
1,32,121,1101,-345,-361
1,32,125,1104,-345,-361
1,32,128,1067,-290,0
1,32,128,1108,-353,-353
1,32,129,1067,-290,0
1,32,141,1067,-447,0
1,32,141,1112,-345,-361
1,32,145,1067,-473,0
1,32,145,1089,-361,-345
1,32,146,1083,-442,-170
1,32,146,1092,-361,-345
1,32,147,1102,-371,-335
1,32,156,1067,-500,0
1,57,75,1876,0,0
1,57,75,1878,17,342
1,57,75,1886,0,-78
1,57,76,1880,-183,-191
1,57,76,1881,151,365
1,57,86,1868,161,86
1,57,90,1888,-378,-114
1,57,91,1893,-403,121
1,57,92,1882,-189,282
1,57,92,1891,-357,89
1,57,92,1893,-415,-72
1,57,93,1869,142,157
1,57,93,1874,-64,255
1,57,94,1872,85,222
1,57,95,1889,-279,279
1,57,96,1895,-414,171
1,57,97,1868,132,2
1,57,97,1880,57,469
1,57,97,1900,-433,192
1,57,98,1869,86,130
1,57,98,1871,89,217
1,57,98,1872,-46,232
1,57,98,1872,73,223
1,57,99,1868,113,67
1,57,99,1869,-133,162
1,57,99,1869,86,130
1,57,99,1872,73,26
1,57,99,1873,-237,247
1,57,100,1872,-162,302
1,57,100,1876,0,369
1,57,100,1876,8,369
1,57,100,1880,58,390
1,57,101,1869,-240,206
1,57,101,1869,101,153
1,57,101,1878,-329,-219
1,57,101,1880,47,392
1,57,101,1880,86,385
1,57,101,1881,240,279
1,57,102,1868,-159,-12
1,57,102,1870,-145,151
1,57,103,1877,35,367
1,57,104,1869,-314,-38
1,57,104,1883,211,301
1,57,105,1868,57,86
1,57,105,1869,-70,169
1,57,106,1872,-309,69
1,57,107,1868,-180,-40
1,57,107,1868,0,52
1,57,107,1892,0,-395
1,57,107,1894,0,-421
1,57,107,1899,0,-421
1,57,107,1903,0,-473
1,57,107,1905,0,-473
1,57,107,1908,0,-500
1,57,109,1868,199,44
1,57,110,1868,191,73
1,57,111,1882,251,167
1,57,111,1882,314,-7
1,57,113,1877,-211,-333
1,57,115,1897,-112,-407
1,57,115,1898,-112,-407
1,57,117,1900,-129,-428
1,57,118,1904,-137,-453
1,57,123,1825,58,-117
1,57,128,1873,-52,0
1,57,129,1835,-290,0
1,57,130,1898,-498,37
1,57,132,1885,-431,0
1,57,133,1819,-369,0
1,57,133,1885,-327,-32
1,57,136,1878,-393,-151
1,57,136,1908,-345,-361
1,57,136,1909,-345,-361
1,57,138,1881,-409,-182
1,57,140,1910,-361,-345
1,57,141,1819,-421,0
1,57,144,1806,-442,66
1,57,144,1828,-447,0
1,57,149,1866,-361,-345
1,57,149,1902,-406,-285
1,57,150,1870,-361,-345
1,57,151,1797,-488,109
1,57,151,1868,-353,-353
1,57,152,1894,-422,-139
1,57,153,1867,-359,-344
1,57,153,1869,-359,-344
1,57,153,1872,-359,-344
1,57,153,1872,-351,-351
1,57,153,1873,-359,-344
1,57,153,1873,-351,-351
1,57,153,1879,-359,-344
1,57,153,1880,-359,-344
1,57,153,1882,-359,-344
1,57,153,1883,-359,-344
1,57,153,1884,-440,0
1,57,153,1884,-359,-344
1,57,153,1884,-351,-351
1,57,153,1885,-359,-344
1,57,153,1887,-359,-344
1,57,153,1888,-359,-344
1,57,153,1890,-359,-344
1,57,153,1891,-359,-344
1,57,153,1892,-359,-344
1,57,153,1894,-419,-149
1,57,153,1894,-359,-344
1,57,153,1895,-359,-344
1,57,153,1895,-351,-351
1,57,153,1896,-359,-344
1,57,153,1905,-392,-261
1,57,154,1872,-351,-351
1,57,154,1874,-359,-344
1,57,154,1884,-500,0
1,57,154,1884,-418,0
1,57,154,1885,-500,0
1,57,154,1886,-418,0
1,57,154,1890,-408,-91
1,57,155,1884,-418,0
1,57,156,1884,-414,0
1,57,156,1885,-500,0
1,57,156,1895,-400,-121
1,57,156,1896,-396,-141
1,57,157,1828,-500,0
1,57,157,1884,-500,0
1,57,157,1884,-414,0
1,57,157,1885,-500,0
1,57,157,1896,-400,-121
1,57,157,1899,-340,-325
1,57,158,1884,-500,0
1,57,167,1828,-500,0
1,60,72,1905,-57,-174
1,60,75,1966,-78,3
1,60,75,1974,0,0
1,60,76,1907,138,-74
1,60,81,1900,-194,85
1,60,83,1905,-102,-20
1,60,91,1990,-262,-320
1,60,92,1990,-298,-312
1,60,94,1904,172,-200
1,60,96,1965,133,127
1,60,97,1964,146,40
1,60,97,1973,-202,273
1,60,98,1883,-273,-285
1,60,98,1964,86,130
1,60,98,1964,134,71
1,60,98,1967,78,189
1,60,98,1968,62,226
1,60,99,1886,-283,-271
1,60,99,1965,-42,-66
1,60,99,1971,-144,185
1,60,100,1965,121,99
1,60,101,1886,-112,-407
1,60,101,1964,115,61
1,60,101,1965,116,173
1,60,101,1966,141,135
1,60,101,1968,-171,231
1,60,101,1997,-300,-366
1,60,102,1964,138,74
1,60,102,1967,17,182
1,60,103,1965,-99,-7
1,60,103,1969,-182,222
1,60,104,1977,-224,-418
1,60,105,1894,180,-256
1,60,105,1968,18,247
1,60,106,1969,-117,219
1,60,107,1901,-95,-230
1,60,107,1964,0,157
1,60,108,1966,49,92
1,60,110,1993,-109,-488
1,60,114,1968,143,90
1,60,123,2004,-326,-378
1,60,130,1984,-359,-309
1,60,135,1960,-418,0
1,60,140,1988,-316,-386
1,60,144,1931,-471,0
1,60,144,1937,-471,0
1,60,144,1962,-471,0
1,60,145,2006,-345,-361
1,60,146,1911,-471,23
1,60,146,1916,-471,10
1,60,146,1926,-471,23
1,60,146,1929,-471,23
1,60,146,1934,-471,23
1,60,146,1944,-471,23
1,60,146,1948,-471,23
1,60,146,1957,-471,23
1,60,147,1884,-500,0
1,60,148,1885,-500,0
1,60,148,1962,-444,0
1,60,148,1987,-500,0
1,60,149,1987,-500,0
1,60,150,1986,-444,-10
1,60,151,1945,-471,0
1,60,155,1907,-417,30
1,60,155,1908,-417,30
1,60,155,1909,-417,30
1,60,155,1910,-417,30
1,60,155,1911,-417,30
1,60,155,1912,-417,30
1,60,155,1913,-417,30
1,60,155,1914,-417,30
1,60,155,1915,-417,30
1,60,155,1916,-417,30
1,60,155,1917,-417,30
1,60,155,1918,-417,30
1,60,155,1919,-417,30
1,60,155,1920,-417,30
1,60,155,1921,-417,30
1,60,155,1922,-417,30
1,60,155,1923,-417,30
1,60,155,1924,-417,30
1,60,155,1925,-417,30
1,60,155,1926,-417,30
1,60,155,1927,-418,0
1,60,155,1927,-417,30
1,60,155,1928,-417,30
1,60,155,1929,-417,30
1,60,155,1930,-417,30
1,60,155,1931,-417,30
1,60,155,1932,-417,30
1,60,155,1934,-417,30
1,60,155,1935,-418,21
1,60,155,1935,-417,30
1,60,155,1936,-417,30
1,60,155,1938,-417,30
1,60,155,1939,-417,30
1,60,155,1940,-417,30
1,60,155,1942,-417,30
1,60,155,1943,-417,30
1,60,155,1944,-417,30
1,60,155,1946,-417,30
1,60,155,1948,-417,30
1,60,155,1950,-417,30
1,60,155,1951,-417,30
1,60,155,1952,-417,30
1,60,155,1953,-417,30
1,60,155,1954,-417,30
1,60,155,1955,-417,30
1,60,155,1956,-417,30
1,60,155,1957,-417,30
1,60,155,1958,-417,30
1,60,155,1959,-418,0
1,60,155,1959,-417,30
1,60,155,1960,-417,30
1,60,155,1961,-417,30
1,60,155,1966,-418,0
1,60,155,1969,-340,-325
1,60,158,1953,-392,0
1,60,159,1958,-392,19
1,60,162,1947,-366,0
1,60,162,1950,-366,0
1,60,162,1953,-366,0
1,60,162,1965,-366,0
1,60,163,1904,-366,0
1,60,163,1905,-366,0
1,60,163,1905,-366,18
1,60,163,1906,-366,18
1,60,163,1907,-366,18
1,60,163,1908,-366,18
1,60,163,1909,-366,18
1,60,163,1910,-366,18
1,60,163,1911,-366,18
1,60,163,1912,-366,18
1,60,163,1913,-366,18
1,60,163,1914,-366,18
1,60,163,1915,-366,18
1,60,163,1916,-366,0
1,60,163,1916,-366,18
1,60,163,1917,-366,18
1,60,163,1918,-366,18
1,60,163,1919,-366,18
1,60,163,1920,-366,18
1,60,163,1921,-366,18
1,60,163,1922,-366,18
1,60,163,1923,-366,0
1,60,163,1923,-366,18
1,60,163,1924,-366,18
1,60,163,1925,-366,18
1,60,163,1926,-366,18
1,60,163,1927,-366,0
1,60,163,1927,-366,18
1,60,163,1928,-366,0
1,60,163,1928,-366,18
1,60,163,1929,-366,18
1,60,163,1930,-366,18
1,60,163,1931,-366,18
1,60,163,1933,-366,18
1,60,163,1934,-366,18
1,60,163,1935,-366,18
1,60,163,1937,-366,18
1,60,163,1938,-366,18
1,60,163,1939,-366,18
1,60,163,1940,-366,18
1,60,163,1941,-366,18
1,60,163,1942,-366,18
1,60,163,1943,-366,18
1,60,163,1944,-366,18
1,60,163,1945,-366,18
1,60,163,1946,-366,0
1,60,163,1946,-366,18
1,60,163,1947,-366,18
1,60,163,1948,-366,18
1,60,163,1949,-366,18
1,60,163,1950,-366,18
1,60,163,1951,-366,18
1,60,163,1952,-366,18
1,60,163,1953,-366,18
1,60,163,1954,-366,18
1,60,163,1955,-366,18
1,60,163,1956,-366,18
1,60,163,1957,-366,18
1,60,163,1958,-366,18
1,60,163,1959,-366,0
1,60,163,1959,-366,18
1,60,163,1960,-366,18
1,60,163,1966,-366,0
1,60,164,1907,-340,0
1,60,165,1907,-340,0
1,60,165,1908,-340,0
1,60,165,1909,-340,0
1,60,165,1919,-500,0
1,60,165,1920,-340,0
1,60,165,1931,-340,0
1,60,165,1937,-340,0
1,60,165,1945,-340,0
1,60,165,1947,-340,0
1,60,165,1950,-340,0
1,60,165,1952,-340,0
1,60,165,1954,-340,0
1,60,165,1955,-340,0
1,60,165,1956,-340,0
1,60,165,1958,-340,0
1,60,165,1959,-340,0
1,60,165,1960,-340,0
1,60,165,1961,-340,0
1,60,165,1962,-340,0
1,60,168,1971,-447,-10
1,63,75,1972,0,209
1,63,75,1994,0,238
1,63,75,1998,0,52
1,63,75,2002,-22,-14
1,63,76,1996,-46,207
1,63,79,2001,-144,117
1,63,81,1997,-195,215
1,63,84,1986,-421,-10
1,63,86,1982,-311,197
1,63,88,1994,-117,-263
1,63,88,1999,-23,-234
1,63,89,1979,-394,38
1,63,89,1993,-122,-260
1,63,89,2002,-185,-144
1,63,89,2003,164,-87
1,63,90,1995,-121,-293
1,63,91,1991,-131,-317
1,63,91,1996,6,-290
1,63,91,1997,69,-255
1,63,92,1996,-111,-269
1,63,92,1997,-148,-247
1,63,92,1998,28,-289
1,63,93,1997,100,-242
1,63,94,1995,128,-289
1,63,95,2001,173,-121
1,63,96,1981,-293,-265
1,63,96,1982,-299,-258
1,63,96,1992,113,-296
1,63,97,1991,262,-32
1,63,97,1995,16,-316
1,63,97,1999,122,-205
1,63,98,1982,-305,-250
1,63,98,1989,287,-43
1,63,98,1996,-188,-255
1,63,99,1989,225,-355
1,63,99,1992,234,-41
1,63,100,1988,234,-212
1,63,100,1990,98,-356
1,63,100,1996,-6,-264
1,63,100,2000,122,-205
1,63,101,1991,41,-337
1,63,101,2001,-132,-198
1,63,101,2003,-298,-106
1,63,102,1987,339,-203
1,63,103,2001,-61,-172
1,63,105,1984,-187,-349
1,63,105,1992,212,-107
1,63,106,1987,309,-146
1,63,106,2003,-25,-7
1,63,107,1996,-86,-162
1,63,108,1993,-14,-287
1,63,108,1996,-6,-261
1,63,108,1999,-10,-209
1,63,108,2001,111,-208
1,63,108,2004,126,34
1,63,109,2004,181,21
1,63,110,1998,-267,-169
1,63,116,1971,-119,431
1,63,119,1963,-137,453
1,63,127,2043,-264,13
1,63,134,1981,-500,-25
1,63,135,2068,-432,-119
1,63,136,2017,-345,361
1,63,137,1982,-363,255
1,63,138,1995,-408,101
1,63,138,2001,-312,23
1,63,139,2004,-259,258
1,63,140,1960,-353,353
1,63,140,2069,-432,-119
1,63,141,1996,-437,97
1,63,142,2044,-500,0
1,63,143,1994,-433,108
1,63,143,1995,-437,97
1,63,143,1995,-281,62
1,63,144,1986,-471,10
1,63,145,1981,-471,-11
1,63,145,1992,-500,0
1,63,145,1992,-494,74
1,63,145,2010,-473,10
1,63,145,2034,-261,0
1,63,146,1992,-496,60
1,63,146,1995,-394,-306
1,63,148,1992,-500,0
1,63,148,1992,-498,48
1,63,149,1979,-495,36
1,63,149,1980,-444,-10
1,63,149,1991,-498,37
1,63,149,1992,-498,-37
1,63,149,1992,-498,37
1,63,149,2001,-361,345
1,63,149,2042,-473,10
1,63,149,2072,-484,-121
1,63,150,1984,-444,0
1,63,153,1975,-359,343
1,63,153,1975,-351,351
1,63,153,1976,-359,343
1,63,153,1976,-351,351
1,63,153,1977,-359,343
1,63,153,1977,-351,351
1,63,153,1978,-351,351
1,63,153,1979,-359,343
1,63,153,1979,-351,351
1,63,153,1980,-351,351
1,63,153,1981,-359,343
1,63,153,1981,-351,351
1,63,153,1982,-359,343
1,63,153,1982,-351,351
1,63,153,1983,-351,351
1,63,153,1984,-359,343
1,63,153,1984,-351,351
1,63,153,1985,-351,351
1,63,153,1986,-359,343
1,63,153,1986,-351,351
1,63,153,1987,-500,0
1,63,153,1989,-359,343
1,63,153,1989,-351,351
1,63,153,1990,-351,351
1,63,153,1990,-335,371
1,63,153,1991,-351,351
1,63,153,1992,-359,343
1,63,153,1992,-351,351
1,63,153,1993,-351,351
1,63,153,1994,-351,351
1,63,153,1997,-359,343
1,63,153,1997,-351,351
1,63,153,1998,-351,351
1,63,153,1999,-361,345
1,63,153,2004,-351,351
1,63,154,1980,-344,358
1,63,154,1985,-418,21
1,63,154,1988,-378,326
1,63,154,1990,-344,358
1,63,154,1997,-359,343
1,63,154,1998,-371,335
1,63,154,1998,-359,343
1,63,155,1980,-490,97
1,63,155,1996,-361,345
1,63,156,1980,-340,325
1,63,156,1981,-340,325
1,63,156,1982,-340,325
1,63,156,1983,-340,325
1,63,156,1986,-340,325
1,63,156,1987,-340,325
1,63,156,1988,-340,325
1,63,156,1989,-340,325
1,63,156,1991,-340,325
1,63,156,1994,-340,325
1,63,156,1994,-333,332
1,63,156,2001,-340,325
1,63,157,1980,-490,97
1,63,157,1980,-488,109
1,63,157,1985,-392,8
1,63,157,1988,-500,0
1,63,158,1980,-371,335
1,63,158,1984,-371,335
1,63,158,2068,-500,0
1,63,163,2068,-500,0
1,63,164,2015,-392,0
1,63,166,2004,-500,0
1,63,166,2048,-500,0
1,89,16,2922,50,-418
1,89,51,2805,21,421
1,89,52,2805,0,421
1,89,52,2805,21,421
1,89,78,2934,-353,-353
1,89,85,2934,-361,-345
1,89,89,2937,-353,-353
1,89,105,2892,-74,110
1,89,105,2894,-15,158
1,89,105,2925,-233,-125
1,89,105,2948,0,-395
1,89,106,2892,-15,158
1,89,107,2806,0,316
1,89,107,2900,-122,-47
1,89,107,2914,0,-52
1,89,109,2906,137,256
1,89,111,2859,7,-104
1,89,112,2868,-10,23
1,89,114,2909,289,28
1,89,118,2948,-156,-474
1,89,119,2909,-235,-165
1,89,121,2860,-287,-28
1,89,121,2940,-224,-447
1,89,123,2893,-315,-23
1,89,123,2944,-224,-447
1,89,124,2867,-211,20
1,89,128,2905,-446,-159
1,89,129,2853,-185,-185
1,89,129,2877,-369,0
1,89,129,2877,-290,0
1,89,132,2811,-304,291
1,89,133,2850,-157,0
1,89,134,2863,-391,58
1,89,135,2828,-126,31
1,89,135,2865,-394,29
1,89,136,2868,-130,0
1,89,137,2855,-105,-77
1,89,137,2866,-314,0
1,89,137,2868,-262,-6
1,89,137,2897,-416,-62
1,89,138,2859,-180,-17
1,89,138,2861,-419,-31
1,89,138,2863,-418,50
1,89,138,2865,-419,41
1,89,138,2897,-415,-72
1,89,138,2899,-411,-92
1,89,138,2906,-404,-190
1,89,139,2821,0,366
1,89,139,2877,-421,0
1,89,139,2879,0,-500
1,89,139,2881,0,-500
1,89,139,2882,-418,50
1,89,139,2882,0,-500
1,89,140,2881,-60,-496
1,89,141,2876,-447,0
1,89,141,2877,-447,0
1,89,141,2878,-447,0
1,89,141,2879,-447,0
1,89,141,2879,-97,-490
1,89,141,2879,-74,-494
1,89,141,2882,-85,-492
1,89,141,2885,-447,0
1,89,141,2886,-447,0
1,89,141,2888,-447,0
1,89,141,2889,-447,0
1,89,141,2890,-447,0
1,89,141,2891,-447,0
1,89,141,2895,-446,-43
1,89,142,2863,-442,66
1,89,142,2879,-167,-470
1,89,142,2879,-156,-474
1,89,142,2879,-121,-484
1,89,142,2879,-97,-490
1,89,142,2883,-109,-488
1,89,142,2890,-447,0
1,89,142,2891,-447,0
1,89,143,2879,-191,-462
1,89,143,2882,-167,-470
1,89,143,2882,-132,-482
1,89,143,2886,-132,-482
1,89,144,2881,-191,-462
1,89,144,2882,-179,-466
1,89,144,2882,-156,-474
1,89,145,2882,-212,-451
1,89,145,2884,-212,-451
1,89,145,2886,-167,-470
1,89,145,2886,-156,-474
1,89,146,2843,-212,451
1,89,146,2844,-212,451
1,89,146,2883,-236,-441
1,89,146,2887,-167,-470
1,89,147,2885,-224,-447
1,89,147,2886,-203,-457
1,89,147,2907,-386,-316
1,89,148,2874,-386,-316
1,89,148,2881,-296,-402
1,89,148,2882,-441,-236
1,89,148,2884,-277,-416
1,89,149,2878,-473,0
1,89,149,2888,-473,0
1,89,150,2845,-296,402
1,89,150,2880,-335,-371
1,89,150,2882,-287,-408
1,89,150,2885,-287,-408
1,89,151,2874,-447,-224
1,89,151,2883,-441,-236
1,89,152,2846,-345,361
1,89,152,2878,-394,-306
1,89,152,2881,-361,-345
1,89,152,2884,-326,-378
1,89,152,2912,-378,-326
1,89,153,2877,-500,0
1,89,153,2879,-500,0
1,89,153,2879,-416,-277
1,89,154,2874,-474,-156
1,89,154,2874,-457,-203
1,89,154,2878,-500,0
1,89,154,2883,-429,-257
1,89,155,2853,-478,144
1,89,155,2857,-498,37
1,89,155,2874,-500,0
1,89,155,2874,-470,-167
1,89,155,2879,-500,0
1,89,156,2852,-500,0
1,89,156,2872,-287,-408
1,89,156,2874,-500,0
1,89,156,2875,-500,0
1,89,156,2876,-500,0
1,89,156,2876,-451,-212
1,89,156,2876,-421,-267
1,89,156,2877,-500,0
1,89,156,2879,-500,0
1,89,156,2880,-287,-408
1,89,156,2909,-500,0
1,89,158,2857,-498,37
1,89,158,2875,-470,-167
1,89,159,2856,-498,48
1,91,19,2869,21,421
1,91,19,2990,22,-447
1,91,20,2869,0,421
1,91,20,2986,0,-421
1,91,20,2994,0,-473
1,91,91,3002,11,-500
1,91,105,2956,-115,61
1,91,105,2956,-74,110
1,91,107,2956,-26,0
1,91,108,2955,-156,-11
1,91,110,2932,-88,132
1,91,110,2932,-18,185
1,91,111,2923,-128,-90
1,91,111,2923,0,0
1,91,114,2966,-208,-41
1,91,115,2923,14,-21
1,91,117,2878,-197,279
1,91,117,2924,-233,-35
1,91,117,2924,-26,0
1,91,117,2924,-1,-26
1,91,118,2933,100,30
1,91,119,2923,-20,-16
1,91,122,2927,-353,106
1,91,123,2993,-192,-433
1,91,129,2922,-369,0
1,91,131,2939,-183,0
1,91,133,2883,-355,225
1,91,133,2923,-104,0
1,91,133,2926,-326,-217
1,91,133,2928,-389,-67
1,91,133,2955,-395,0
1,91,133,2967,-143,-64
1,91,134,2923,-130,0
1,91,134,2925,-373,112
1,91,134,2969,-377,-189
1,91,135,2925,-163,72
1,91,136,2923,-335,101
1,91,137,2928,-416,-62
1,91,137,2929,-416,-62
1,91,137,2949,-421,0
1,91,137,2970,-470,-167
1,91,138,2884,-404,190
1,91,138,2928,-416,-62
1,91,138,2929,-415,-72
1,91,138,2970,-404,-190
1,91,139,2934,0,-392
1,91,139,2935,0,-444
1,91,139,2940,0,-444
1,91,139,2940,0,-418
1,91,139,2943,-37,-498
1,91,139,2943,0,-500
1,91,139,2944,-419,-41
1,91,139,2945,0,-500
1,91,139,2946,0,-500
1,91,140,2916,-256,-51
1,91,140,2922,-231,230
1,91,140,2938,-132,-482
1,91,141,2900,-447,0
1,91,141,2901,-447,0
1,91,141,2904,-447,0
1,91,141,2910,-447,0
1,91,141,2911,-447,0
1,91,141,2911,-121,484
1,91,141,2911,-97,490
1,91,141,2912,-447,0
1,91,141,2915,-447,0
1,91,141,2916,-447,0
1,91,141,2920,-447,0
1,91,141,2923,-447,0
1,91,141,2927,-447,0
1,91,141,2927,-446,-43
1,91,141,2929,-447,0
1,91,141,2933,-447,0
1,91,141,2934,-447,0
1,91,141,2937,-447,0
1,91,141,2938,-447,0
1,91,141,2941,-447,0
1,91,141,2942,-447,0
1,91,141,2943,-447,0
1,91,141,2943,-121,-484
1,91,141,2943,-97,-490
1,91,141,2946,-447,0
1,91,141,2946,-85,-492
1,91,141,2948,-447,0
1,91,141,2953,-447,0
1,91,141,2955,-447,0
1,91,141,2960,-442,-66
1,91,141,2971,-433,-192
1,91,142,2900,-447,0
1,91,142,2908,-109,488
1,91,142,2909,-109,488
1,91,142,2909,-85,492
1,91,142,2911,-447,0
1,91,142,2912,-97,490
1,91,142,2923,-447,0
1,91,142,2941,-447,0
1,91,142,2942,-132,-482
1,91,142,2943,-156,-474
1,91,142,2943,-121,-484
1,91,142,2943,-97,-490
1,91,142,2945,-85,-492
1,91,142,2949,-121,-484
1,91,142,2950,-97,-490
1,91,142,2955,-447,0
1,91,142,2970,-438,-181
1,91,143,2905,-132,482
1,91,143,2908,-132,482
1,91,143,2908,-121,484
1,91,143,2909,-132,482
1,91,143,2946,-132,-482
1,91,143,2947,-121,-484
1,91,143,2948,-121,-484
1,91,143,2948,-102,-408
1,91,143,2949,-121,-484
1,91,143,2950,-132,-482
1,91,144,2906,-144,478
1,91,144,2945,-191,-462
1,91,144,2946,-156,-474
1,91,144,2964,-462,-103
1,91,145,2947,-212,-451
1,91,145,2949,-179,-466
1,91,145,2957,-121,-484
1,91,146,2905,-191,462
1,91,146,2950,-160,-387
1,91,147,2939,-386,-316
1,91,147,2948,-224,-447
1,91,148,2945,-296,-402
1,91,148,2948,-277,-416
1,91,150,2920,-492,85
1,91,151,2910,-441,236
1,91,151,2911,-441,236
1,91,151,2912,-441,236
1,91,151,2976,-441,-236
1,91,152,2909,-361,345
1,91,152,2973,-416,-277
1,91,154,2946,-371,-335
1,91,156,2913,-500,0
1,91,156,2914,-500,0
1,91,156,2917,-500,0
1,91,156,2918,-500,0
1,91,156,2919,-500,0
1,91,156,2920,-500,0
1,91,156,2921,-500,0
1,91,156,2922,-500,0
1,91,156,2934,-500,0
1,91,156,2937,-500,0
1,91,156,2940,-500,0
1,91,157,2968,-392,0
1,91,168,2917,-500,0
1,93,47,3056,0,-447
1,93,49,3049,-277,-148
1,93,55,3062,-121,-484
1,93,56,3051,-407,0
1,93,57,3051,-433,0
1,93,58,3051,-500,0
1,93,59,3051,-485,0
1,93,60,3051,-500,0
1,93,61,3051,-500,0
1,93,61,3051,-433,0
1,93,61,3066,-277,-416
1,93,63,3064,-345,-361
1,93,64,3066,-326,-378
1,93,67,3051,-485,0
1,93,68,3062,-421,-267
1,93,107,2952,-16,19
1,93,107,2956,-21,-14
1,93,108,2987,-81,0
1,93,109,2987,-130,-29
1,93,110,2996,-148,78
1,93,112,2988,-184,-22
1,93,116,2988,-235,-35
1,93,116,2992,-7,130
1,93,121,2989,-289,-28
1,93,121,2996,0,0
1,93,124,2988,-354,-8
1,93,126,2944,-203,203
1,93,127,2990,-341,-33
1,93,129,2976,-369,0
1,93,129,2979,-369,0
1,93,130,3047,-371,-335
1,93,132,2990,-392,-48
1,93,132,2995,-252,69
1,93,133,2981,-157,0
1,93,133,2990,-326,-217
1,93,134,2956,-383,95
1,93,134,2973,-395,0
1,93,134,2981,-395,-9
1,93,134,2996,-157,0
1,93,135,2951,-390,161
1,93,135,2975,-130,0
1,93,135,2988,-290,155
1,93,135,2989,-290,155
1,93,136,2987,-335,101
1,93,137,2992,-198,-369
1,93,137,2993,-148,-277
1,93,137,2993,-111,-208
1,93,138,2979,-421,0
1,93,138,2995,-421,21
1,93,139,2972,0,459
1,93,139,2973,0,500
1,93,139,2974,0,485
1,93,139,2976,0,500
1,93,139,2979,-421,0
1,93,139,2996,-235,212
1,93,139,2996,0,-235
1,93,139,2996,0,-183
1,93,139,3004,0,-444
1,93,139,3006,0,-500
1,93,139,3007,0,-500
1,93,139,3007,0,-444
1,93,139,3008,0,-444
1,93,139,3010,0,-500
1,93,140,2954,-432,118
1,93,140,2980,-256,-51
1,93,140,3004,-257,-429
1,93,140,3009,-167,-470
1,93,141,2964,-447,0
1,93,141,2966,-447,0
1,93,141,2970,-447,0
1,93,141,2972,-447,0
1,93,141,2973,-447,0
1,93,141,2974,-447,0
1,93,141,2976,-447,0
1,93,141,2978,-447,0
1,93,141,2979,-447,0
1,93,141,2980,-447,0
1,93,141,2981,-447,0
1,93,141,2987,-447,0
1,93,142,2972,-447,0
1,93,142,2979,-447,0
1,93,142,2985,-441,236
1,93,142,2995,-447,0
1,93,142,3013,-121,-484
1,93,143,2969,-132,482
1,93,143,2973,-167,470
1,93,143,3006,-203,-457
1,93,144,2970,-156,474
1,93,144,2974,-191,462
1,93,145,2968,-167,470
1,93,145,2971,-179,466
1,93,145,2977,-473,10
1,93,145,3010,-224,-447
1,93,147,2980,-421,267
1,93,147,2980,-386,316
1,93,148,2969,-277,416
1,93,148,2971,-277,416
1,93,149,2973,-296,402
1,93,149,2977,-473,0
1,93,149,3012,-277,-416
1,93,150,2971,-287,408
1,93,151,2974,-441,236
1,93,151,2976,-441,236
1,93,151,3009,-361,-345
1,93,151,3009,-345,-361
1,93,152,2944,-394,306
1,93,152,2972,-345,361
1,93,152,2975,-378,326
1,93,152,2979,-498,48
1,93,152,3009,-371,-335
1,93,152,3040,-500,0
1,93,153,2980,-500,0
1,93,153,2982,-496,-60
1,93,153,3008,-371,-335
1,93,153,3009,-378,-326
1,93,154,2977,-500,0
1,93,154,2980,-466,179
1,93,154,2982,-474,156
1,93,154,2983,-492,85
1,93,154,2984,-492,85
1,93,154,2991,-474,156
1,93,154,3001,-482,-132
1,93,154,3001,-474,-156
1,93,154,3003,-457,-203
1,93,154,3005,-435,-246
1,93,154,3009,-386,-316
1,93,155,2976,-500,0
1,93,155,2982,-482,132
1,93,155,2983,-488,109
1,93,155,2983,-482,132
1,93,155,2984,-496,60
1,93,155,2984,-492,85
1,93,155,2985,-496,60
1,93,155,3002,-470,-167
1,93,156,2976,-500,0
1,93,156,2976,-306,394
1,93,156,2977,-500,0
1,93,156,2978,-306,394
1,93,156,2979,-500,0
1,93,156,2979,-381,281
1,93,156,2980,-402,296
1,93,156,2980,-361,345
1,93,156,2980,-306,394
1,93,156,2980,-224,447
1,93,156,2981,-470,167
1,93,156,2982,-484,121
1,93,156,2983,-490,97
1,93,156,2984,-500,0
1,93,156,2984,-496,60
1,93,156,2984,-306,394
1,93,156,2985,-496,60
1,93,156,2989,-484,121
1,93,157,2979,-492,-85
1,93,157,2982,-484,121
1,93,157,2983,-490,97
1,93,157,2984,-494,74
1,93,157,2989,-484,121
1,93,157,2999,-494,-74
1,93,158,2980,-500,0
1,93,158,2984,-494,74
1,93,158,2988,-500,-11
1,93,158,2998,-498,-37
1,93,159,2983,-492,85
1,93,159,2984,-498,48
1,93,159,2984,-494,74
1,93,159,2988,-488,109
1,93,159,2989,-488,109
1,93,160,2971,-444,22
1,93,160,2972,-500,0
1,93,160,2980,-500,0
1,93,160,2985,-471,0
1,93,164,2986,-484,121
1,93,164,2987,-488,109
1,93,164,2987,-484,121
1,93,164,2988,-484,121
1,93,165,2972,-500,0
1,93,165,2980,-500,0
1,93,165,2990,-417,-31
1,93,166,2986,-488,109
1,93,166,2987,-488,109
1,93,168,2980,-500,0
2,87,88,2740,-421,267
2,87,90,2740,-500,0
2,87,94,2724,-252,397
2,87,95,2734,-451,212
2,87,107,2850,0,-52
2,87,107,2887,0,-500
2,87,112,2834,-220,-91
2,87,116,2845,-172,-233
2,87,129,2839,-160,361
2,87,136,2830,-207,366
2,87,136,2831,-130,259
2,87,138,2878,361,-345
2,87,139,2828,-38,68
2,87,139,2828,-16,222
2,87,139,2829,-16,222
2,87,139,2829,-2,104
2,87,139,2829,0,0
2,87,139,2830,-343,-162
2,87,139,2830,-5,223
2,87,139,2830,0,104
2,87,139,2831,-5,223
2,87,139,2831,0,130
2,87,139,2832,0,250
2,87,139,2841,0,-290
2,87,139,2851,0,-26
2,87,139,2854,0,-157
2,87,139,2874,0,-500
2,87,139,2888,0,-500
2,87,140,2829,-21,-421
2,87,140,2830,-21,-421
2,87,140,2830,74,138
2,87,140,2834,130,243
2,87,140,2836,130,243
2,87,141,2834,152,101
2,87,142,2838,251,167
2,87,142,2859,-233,-285
2,87,144,2804,-150,-250
2,87,144,2841,208,20
2,87,145,2830,217,-90
2,87,145,2831,217,-90
2,87,145,2838,-96,-383
2,87,145,2840,-335,-371
2,87,145,2873,-121,-484
2,87,146,2876,-132,-482
2,87,146,2878,-132,-482
2,87,146,2881,-132,-482
2,87,147,2830,165,-202
2,87,147,2888,-121,-484
2,87,148,2829,-129,-428
2,87,148,2837,-277,-416
2,87,148,2841,-97,-490
2,87,148,2842,-108,-433
2,87,148,2847,-108,-433
2,87,148,2848,-108,-433
2,87,148,2853,-108,-433
2,87,148,2882,-132,-482
2,87,148,2883,-132,-482
2,87,148,2885,-132,-482
2,87,148,2886,-132,-482
2,87,148,2886,-121,-484
2,87,148,2887,-121,-484
2,87,149,2795,-249,0
2,87,149,2833,328,-135
2,87,149,2841,-114,-459
2,87,149,2854,-121,-484
2,87,149,2855,-121,-484
2,87,149,2887,-121,-484
2,87,150,2829,-140,-425
2,87,150,2833,-137,-453
2,87,150,2859,-121,-484
2,87,151,2832,-148,-450
2,87,151,2864,-121,-484
2,87,152,2811,-290,0
2,87,152,2869,-277,-416
2,87,153,2839,-156,-474
2,87,154,2835,-191,-462
2,87,155,2824,-134,-164
2,87,155,2873,-441,-236
2,87,156,2816,-113,-108
2,87,156,2844,-287,-408
2,87,156,2865,-287,-408
2,87,157,2820,-242,-344
2,87,157,2821,-242,-344
2,87,157,2825,87,-439
2,87,157,2828,-316,-386
2,87,157,2864,-48,-498
2,87,158,2812,-237,17
2,87,158,2820,-266,-326
2,87,158,2838,-144,-478
2,87,158,2839,97,-490
2,87,158,2856,-361,-345
2,87,159,2795,-287,0
2,87,159,2823,-258,-332
2,87,159,2824,-257,-365
2,87,159,2831,97,-490
2,87,160,2812,-185,17
2,87,160,2822,-158,-175
2,87,160,2834,-223,-260
2,87,161,2795,-290,0
2,87,161,2811,-289,28
2,87,161,2825,-281,-381
2,87,161,2826,-281,-381
2,87,161,2837,-298,-298
2,87,162,2824,-274,-353
2,87,162,2853,-335,-371
2,87,162,2862,-335,-371
2,87,163,2795,-274,0
2,87,163,2836,-241,-280
2,87,164,2795,-261,0
2,87,164,2824,-309,-359
2,87,164,2828,-345,-361
2,87,164,2856,-500,0
2,87,165,2839,-258,-299
2,87,165,2853,-333,-333
2,87,166,2809,-391,58
2,87,167,2833,-361,-345
2,87,167,2837,-345,-361
2,87,169,2795,-352,26
2,87,169,2803,-407,-112
2,87,169,2829,-394,-306
2,87,170,2796,-96,180
2,87,170,2808,-407,-112
2,87,170,2810,-419,41
2,87,170,2841,-361,-345
2,87,170,2841,-345,-361
2,87,171,2780,0,485
2,87,171,2781,0,500
2,87,171,2783,0,418
2,87,171,2784,0,418
2,87,171,2795,0,236
2,87,171,2841,-361,-345
2,87,171,2842,-361,-345
2,87,171,2842,-345,-361
2,87,174,2834,-361,-345
2,87,174,2839,-361,-345
2,87,174,2840,-361,-345
2,87,174,2844,-361,-345
2,87,174,2845,-361,-345
2,87,174,2846,-361,-345
2,87,176,2809,-446,43
2,87,177,2811,-473,0
2,87,177,2844,-287,-408
2,87,177,2847,-353,-353
2,87,177,2848,-361,-345
2,87,177,2848,-353,-353
2,87,178,2817,-421,-267
2,87,178,2839,-361,-345
2,87,178,2840,-361,-345
2,87,178,2841,-361,-345
2,87,178,2842,-361,-345
2,87,178,2843,-361,-345
2,87,178,2845,-361,-345
2,87,178,2846,-361,-345
2,87,178,2847,-361,-345
2,87,178,2848,-361,-345
2,87,178,2849,-361,-345
2,87,178,2849,-353,-353
2,87,180,2848,-287,-408
2,87,181,2852,-353,-353
2,87,182,2842,-361,-345
2,87,182,2843,-361,-345
2,87,182,2844,-361,-345
2,87,182,2845,-361,-345
2,87,182,2846,-361,-345
2,87,182,2847,-361,-345
2,87,182,2850,-361,-345
2,87,182,2851,-361,-345
2,87,182,2852,-361,-345
2,87,182,2853,-361,-345
2,87,183,2821,-345,-361
2,87,183,2839,-361,-345
2,87,183,2851,-353,-353
2,87,183,2852,-287,-408
2,87,183,2860,-353,-353
2,87,183,2863,-353,-353
2,87,184,2830,-361,-345
2,87,184,2837,-353,-353
2,87,184,2855,-351,-351
2,87,185,2835,-345,-361
2,87,185,2836,-345,-361
2,87,185,2839,-353,-353
2,87,185,2842,-359,-344
2,87,185,2843,-359,-344
2,87,185,2844,-359,-344
2,87,185,2845,-359,-344
2,87,185,2845,-334,-369
2,87,185,2846,-359,-344
2,87,185,2847,-359,-344
2,87,185,2847,-344,-359
2,87,185,2848,-359,-344
2,87,185,2848,-351,-351
2,87,185,2849,-359,-344
2,87,185,2850,-359,-344
2,87,185,2850,-351,-351
2,87,185,2851,-359,-344
2,87,185,2851,-351,-351
2,87,185,2852,-359,-344
2,87,185,2853,-359,-344
2,87,185,2853,-351,-351
2,87,185,2854,-359,-344
2,87,185,2854,-351,-351
2,87,185,2855,-359,-344
2,87,185,2855,-351,-351
2,87,185,2856,-359,-344
2,87,185,2856,-351,-351
2,87,186,2835,-416,-277
2,87,186,2837,-353,-353
2,87,186,2841,-351,-351
2,87,186,2842,-369,-334
2,87,186,2842,-359,-344
2,87,186,2842,-351,-351
2,87,186,2848,-334,-369
2,87,186,2853,-351,-351
2,87,186,2855,-351,-351
2,87,186,2857,-359,-344
2,87,187,2834,-416,-277
2,87,187,2836,-408,-287
2,87,187,2836,-353,-353
2,87,187,2837,-402,-296
2,87,187,2842,-369,-334
2,87,187,2842,-359,-344
2,87,187,2843,-369,-334
2,87,188,2792,-496,60
2,87,188,2836,-408,-287
2,87,188,2859,-333,-333
2,87,189,2812,-500,0
2,87,189,2837,-416,-277
2,87,189,2843,-402,-296
2,87,189,2844,-402,-296
2,87,189,2845,-340,-325
2,87,189,2848,-340,-325
2,87,189,2849,-340,-325
2,87,189,2850,-340,-325
2,87,189,2851,-340,-325
2,87,189,2852,-340,-325
2,87,189,2853,-340,-325
2,87,189,2856,-340,-325
2,87,189,2857,-340,-325
2,87,190,2792,-498,48
2,87,190,2792,-494,74
2,87,190,2837,-416,-277
2,87,191,2792,-494,74
2,87,191,2837,-416,-277
2,87,191,2839,-408,-287
2,87,191,2840,-402,-296
2,87,191,2841,-408,-287
2,87,191,2842,-408,-287
2,87,192,2839,-408,-287
2,87,193,2813,-500,0
2,87,193,2824,-500,0
2,87,193,2839,-416,-277
2,87,195,2812,-500,0
2,87,197,2824,-500,0
2,87,198,2809,-498,48
2,87,198,2811,-500,0
2,87,198,2813,-500,0
2,87,198,2824,-500,0
2,87,199,2809,-500,25
2,87,199,2812,-500,0
2,87,200,2810,-500,11
2,88,107,2901,0,-473
2,88,126,2868,-49,18
2,88,129,2871,-151,365
2,88,130,2868,-25,-5
2,88,130,2868,24,9
2,88,131,2864,-197,279
2,88,131,2868,-26,1
2,88,131,2868,11,77
2,88,132,2864,-162,302
2,88,132,2864,-154,306
2,88,132,2868,-150,-279
2,88,133,2861,114,126
2,88,133,2861,123,136
2,88,133,2866,-177,353
2,88,133,2868,-170,442
2,88,133,2868,26,0
2,88,134,2861,-88,132
2,88,134,2866,-41,340
2,88,134,2868,23,-12
2,88,135,2860,-117,62
2,88,135,2860,220,117
2,88,135,2868,24,326
2,88,136,2861,-171,155
2,88,136,2861,109,164
2,88,136,2862,-216,151
2,88,136,2862,-66,170
2,88,136,2864,128,182
2,88,136,2868,0,0
2,88,137,2863,-19,196
2,88,137,2868,15,314
2,88,138,2861,-288,35
2,88,138,2862,17,182
2,88,138,2866,-125,233
2,88,139,2861,26,221
2,88,139,2865,0,171
2,88,139,2869,232,147
2,88,139,2872,0,0
2,88,139,2873,0,0
2,88,139,2874,-20,-16
2,88,139,2878,0,-26
2,88,139,2891,0,-421
2,88,140,2860,-230,51
2,88,140,2861,242,100
2,88,142,2860,-139,-119
2,88,143,2877,223,112
2,88,143,2880,245,163
2,88,144,2863,-340,41
2,88,145,2865,169,207
2,88,146,2884,-105,-381
2,88,147,2872,-107,353
2,88,147,2885,-114,-378
2,88,148,2871,-107,353
2,88,148,2889,-121,-403
2,88,149,2872,-121,403
2,88,149,2878,-500,0
2,88,149,2884,419,41
2,88,149,2891,-140,-425
2,88,149,2892,-129,-428
2,88,150,2891,-160,-417
2,88,150,2896,-137,-453
2,88,152,2890,-182,-409
2,88,152,2894,-170,-442
2,88,153,2866,185,238
2,88,154,2890,-416,-277
2,88,158,2893,-500,0
2,88,158,2893,-496,60
2,88,159,2861,-265,-293
2,88,160,2856,-193,-213
2,88,163,2845,-300,-99
2,88,164,2808,-224,447
2,88,167,2870,-451,212
2,88,168,2876,-500,25
2,88,168,2888,-500,25
2,88,170,2873,-409,-182
2,88,170,2887,-500,0
2,88,171,2788,0,444
2,88,171,2795,0,497
2,88,171,2795,0,500
2,88,171,2887,-500,-11
2,88,172,2876,-497,0
2,88,173,2865,-441,-76
2,88,173,2875,-433,-192
2,88,173,2885,-497,11
2,88,173,2885,-495,36
2,88,173,2886,-497,0
2,88,173,2886,-497,11
2,88,174,2877,-361,-345
2,88,176,2875,-353,-353
2,88,178,2881,-471,10
2,88,178,2882,-471,10
2,88,178,2883,-471,10
2,88,179,2896,-386,-316
2,88,179,2898,-361,-345
2,88,181,2811,-473,0
2,88,181,2855,-361,-345
2,88,181,2870,-361,-345
2,88,181,2877,-500,0
2,88,181,2879,-444,0
2,88,181,2882,-492,-85
2,88,181,2884,-361,-345
2,88,181,2890,-361,-345
2,88,182,2877,-444,10
2,88,182,2878,-444,10
2,88,182,2879,-444,0
2,88,182,2880,-444,-10
2,88,182,2881,-500,0
2,88,182,2901,-384,-314
2,88,183,2879,-353,-353
2,88,183,2881,-353,-353
2,88,183,2883,-353,-353
2,88,183,2892,-353,-353
2,88,184,2874,-478,-144
2,88,184,2877,-418,0
2,88,184,2882,-492,-85
2,88,185,2859,-359,-344
2,88,185,2862,-359,-344
2,88,185,2865,-359,-344
2,88,185,2868,-359,-344
2,88,185,2870,-359,-344
2,88,185,2871,-359,-344
2,88,185,2872,-359,-344
2,88,185,2873,-359,-344
2,88,185,2874,-359,-344
2,88,185,2875,-359,-344
2,88,185,2875,-351,-351
2,88,185,2876,-359,-344
2,88,185,2877,-418,0
2,88,185,2877,-359,-344
2,88,185,2878,-418,0
2,88,185,2878,-359,-344
2,88,185,2878,-351,-351
2,88,185,2879,-359,-344
2,88,185,2880,-359,-344
2,88,185,2881,-351,-351
2,88,185,2882,-359,-344
2,88,185,2883,-359,-344
2,88,185,2883,-351,-351
2,88,185,2884,-359,-344
2,88,185,2885,-359,-344
2,88,185,2885,-351,-351
2,88,185,2886,-359,-344
2,88,185,2886,-351,-351
2,88,185,2887,-359,-344
2,88,185,2887,-351,-351
2,88,185,2888,-359,-344
2,88,185,2893,-353,-353
2,88,186,2875,-351,-351
2,88,186,2876,-500,0
2,88,186,2876,-418,0
2,88,186,2877,-418,0
2,88,186,2878,-418,-21
2,88,186,2878,-418,0
2,88,186,2879,-418,-21
2,88,186,2879,-418,0
2,88,186,2880,-351,-351
2,88,186,2882,-494,-74
2,88,186,2883,-492,-85
2,88,186,2884,-351,-351
2,88,186,2887,-351,-351
2,88,187,2865,-492,85
2,88,187,2873,-418,0
2,88,187,2874,-418,0
2,88,187,2875,-417,30
2,88,187,2876,-418,0
2,88,187,2878,-418,0
2,88,187,2879,-418,-21
2,88,187,2880,-418,0
2,88,188,2873,-418,0
2,88,188,2876,-477,0
2,88,188,2876,-414,0
2,88,188,2877,-500,0
2,88,188,2877,-392,0
2,88,188,2881,-340,-325
2,88,188,2883,-492,-85
2,88,189,2873,-418,0
2,88,189,2876,-500,0
2,88,189,2876,-414,0
2,88,189,2883,-494,-74
2,88,189,2883,-492,-85
2,88,189,2891,-340,-325
2,88,190,2873,-418,9
2,88,191,2873,-392,0
2,88,195,2852,-500,0
2,88,198,2856,-500,0
2,88,199,2820,-500,0
2,90,130,2924,-108,113
2,90,131,2924,161,86
2,90,132,2930,-123,375
2,90,134,2930,-41,340
2,90,134,2932,0,0
2,90,134,2932,14,21
2,90,135,2924,-23,12
2,90,135,2929,-33,338
2,90,135,2932,0,0
2,90,136,2859,23,11
2,90,136,2925,-66,170
2,90,136,2926,-98,256
2,90,136,2932,-12,-50
2,90,136,2932,0,0
2,90,136,2932,23,312
2,90,136,2932,132,209
2,90,137,2867,-21,-14
2,90,137,2924,-132,198
2,90,137,2931,16,326
2,90,137,2932,17,342
2,90,137,2932,18,369
2,90,138,2867,115,-62
2,90,138,2924,-132,145
2,90,138,2925,10,103
2,90,138,2930,13,274
2,90,138,2931,-121,292
2,90,138,2931,-112,-208
2,90,138,2932,89,53
2,90,138,2952,6,-130
2,90,139,2859,0,0
2,90,139,2924,0,52
2,90,139,2924,7,78
2,90,139,2925,26,220
2,90,139,2932,0,-130
2,90,139,2938,-10,-24
2,90,139,2939,0,-26
2,90,139,2964,0,-314
2,90,139,2965,0,-473
2,90,140,2859,-26,-1
2,90,140,2868,-126,31
2,90,140,2868,-123,-27
2,90,145,2922,-235,0
2,90,145,2954,-92,-411
2,90,149,2904,-115,-110
2,90,149,2940,419,41
2,90,151,2940,-203,-276
2,90,152,2874,-366,0
2,90,152,2953,-179,-380
2,90,153,2918,-153,-146
2,90,154,2956,-182,-409
2,90,155,2877,-130,0
2,90,155,2932,-272,-163
2,90,157,2878,-157,0
2,90,159,2912,-210,-201
2,90,160,2916,-260,19
2,90,161,2914,-219,-229
2,90,162,2876,-130,0
2,90,164,2887,-290,0
2,90,167,2877,-418,0
2,90,167,2881,-418,0
2,90,167,2886,-418,0
2,90,167,2887,-418,0
2,90,167,2912,-418,0
2,90,167,2918,-418,0
2,90,167,2951,-323,-309
2,90,168,2873,-471,0
2,90,168,2912,-366,-44
2,90,169,2876,-309,0
2,90,169,2877,-418,0
2,90,170,2877,-421,0
2,90,173,2880,-495,36
2,90,173,2916,-495,36
2,90,173,2917,-495,36
2,90,173,2919,-495,36
2,90,174,2925,-447,-10
2,90,176,2881,-471,0
2,90,176,2884,-471,0
2,90,176,2886,-471,0
2,90,176,2893,-471,0
2,90,176,2916,-471,0
2,90,176,2917,-471,0
2,90,176,2918,-471,0
2,90,176,2919,-471,0
2,90,178,2877,-471,23
2,90,178,2889,-471,23
2,90,178,2890,-471,23
2,90,178,2891,-471,23
2,90,178,2892,-471,23
2,90,178,2894,-471,23
2,90,178,2900,-471,23
2,90,178,2902,-471,23
2,90,178,2917,-471,23
2,90,178,2918,-471,10
2,90,178,2930,-471,23
2,90,178,2945,-471,10
2,90,179,2875,-148,449
2,90,180,2877,-444,0
2,90,181,2927,-473,10
2,90,181,2941,-353,-353
2,90,181,2943,-444,0
2,90,182,2877,-500,0
2,90,182,2942,-361,-345
2,90,183,2932,-353,-353
2,90,183,2939,-353,-353
2,90,183,2944,-444,10
2,90,184,2872,-482,132
2,90,184,2944,-353,-353
2,90,184,2944,-345,-361
2,90,185,2927,-447,0
2,90,185,2941,-359,-344
2,90,185,2943,-351,-351
2,90,185,2944,-353,-353
2,90,185,2945,-361,-345
2,90,185,2945,-353,-353
2,90,185,2945,-345,-361
2,90,186,2936,-351,-351
2,90,186,2941,-418,0
2,90,186,2942,-418,0
2,90,186,2943,-418,0
2,90,186,2943,-351,-351
2,90,186,2944,-359,-344
2,90,186,2945,-353,-353
2,90,186,2946,-353,-353
2,90,186,2946,-345,-361
2,90,186,2947,-353,-353
2,90,187,2875,-418,0
2,90,187,2875,-417,30
2,90,187,2876,-417,30
2,90,187,2877,-417,30
2,90,187,2878,-417,30
2,90,187,2879,-418,-21
2,90,187,2879,-417,30
2,90,187,2880,-418,-21
2,90,187,2880,-417,30
2,90,187,2881,-417,30
2,90,187,2882,-417,30
2,90,187,2883,-417,30
2,90,187,2884,-417,30
2,90,187,2885,-418,0
2,90,187,2885,-417,30
2,90,187,2886,-417,30
2,90,187,2887,-418,0
2,90,187,2887,-417,30
2,90,187,2888,-417,30
2,90,187,2889,-417,30
2,90,187,2890,-417,30
2,90,187,2891,-417,30
2,90,187,2892,-417,30
2,90,187,2893,-417,30
2,90,187,2894,-417,30
2,90,187,2895,-417,30
2,90,187,2896,-417,30
2,90,187,2897,-417,30
2,90,187,2898,-417,30
2,90,187,2899,-417,30
2,90,187,2900,-417,30
2,90,187,2901,-417,30
2,90,187,2902,-417,30
2,90,187,2903,-417,30
2,90,187,2904,-417,30
2,90,187,2905,-417,30
2,90,187,2906,-417,30
2,90,187,2907,-417,30
2,90,187,2908,-417,30
2,90,187,2910,-417,30
2,90,187,2911,-417,30
2,90,187,2912,-417,30
2,90,187,2913,-417,30
2,90,187,2914,-417,30
2,90,187,2915,-418,0
2,90,187,2915,-417,30
2,90,187,2916,-417,30
2,90,187,2917,-417,30
2,90,187,2918,-417,30
2,90,187,2919,-418,0
2,90,187,2919,-417,30
2,90,187,2920,-417,30
2,90,187,2921,-417,30
2,90,187,2928,-418,0
2,90,187,2940,-418,0
2,90,187,2940,-333,-333
2,90,187,2946,-353,-353
2,90,187,2948,-345,-361
2,90,188,2873,-418,0
2,90,188,2948,-361,-345
2,90,188,2948,-353,-353
2,90,189,2870,-478,144
2,90,189,2931,-392,0
2,90,190,2869,-470,167
2,90,190,2876,-392,0
2,90,190,2877,-500,0
2,90,190,2877,-471,0
2,90,190,2878,-392,-9
2,90,190,2878,-392,0
2,90,190,2879,-392,-9
2,90,190,2879,-392,0
2,90,191,2866,-478,144
2,90,191,2867,-478,144
2,90,191,2876,-392,0
2,90,191,2877,-418,0
2,90,191,2879,-392,-9
2,90,191,2879,-392,0
2,90,191,2881,-392,-9
2,90,191,2882,-392,-9
2,90,191,2917,-392,19
2,90,191,2920,-392,0
2,90,191,2920,-392,19
2,90,191,2929,-392,19
2,90,191,2933,-392,0
2,90,192,2922,-500,0
2,90,193,2877,-500,0
2,90,193,2877,-444,0
2,90,193,2931,-366,0
2,90,194,2866,-474,156
2,90,194,2867,-474,156
2,90,194,2876,-366,0
2,90,194,2878,-366,-8
2,90,194,2878,-366,0
2,90,194,2879,-366,-8
2,90,194,2879,-366,0
2,90,194,2882,-366,-8
2,90,195,2866,-478,144
2,90,195,2873,-366,0
2,90,195,2874,-366,18
2,90,195,2875,-366,0
2,90,195,2875,-366,18
2,90,195,2876,-392,0
2,90,195,2876,-366,0
2,90,195,2876,-366,18
2,90,195,2877,-444,0
2,90,195,2877,-418,0
2,90,195,2877,-392,0
2,90,195,2877,-366,18
2,90,195,2878,-366,18
2,90,195,2879,-366,-8
2,90,195,2879,-366,0
2,90,195,2879,-366,18
2,90,195,2880,-366,-8
2,90,195,2880,-366,18
2,90,195,2881,-366,-8
2,90,195,2881,-366,18
2,90,195,2882,-366,18
2,90,195,2883,-366,0
2,90,195,2883,-366,18
2,90,195,2884,-366,0
2,90,195,2884,-366,18
2,90,195,2885,-366,0
2,90,195,2885,-366,18
2,90,195,2886,-366,18
2,90,195,2887,-366,0
2,90,195,2887,-366,18
2,90,195,2888,-366,18
2,90,195,2889,-366,18
2,90,195,2890,-366,18
2,90,195,2891,-366,18
2,90,195,2892,-366,18
2,90,195,2893,-366,18
2,90,195,2894,-366,18
2,90,195,2895,-366,18
2,90,195,2896,-366,18
2,90,195,2897,-366,18
2,90,195,2898,-366,18
2,90,195,2899,-366,18
2,90,195,2900,-366,18
2,90,195,2901,-366,18
2,90,195,2902,-366,18
2,90,195,2903,-366,18
2,90,195,2904,-366,18
2,90,195,2905,-366,18
2,90,195,2906,-366,18
2,90,195,2907,-366,18
2,90,195,2908,-366,18
2,90,195,2909,-366,18
2,90,195,2910,-366,18
2,90,195,2911,-366,18
2,90,195,2912,-366,18
2,90,195,2913,-366,18
2,90,195,2914,-366,-8
2,90,195,2914,-366,18
2,90,195,2915,-366,0
2,90,195,2915,-366,18
2,90,195,2916,-366,18
2,90,195,2917,-366,18
2,90,195,2918,-366,0
2,90,195,2918,-366,18
2,90,195,2919,-366,0
2,90,195,2919,-366,18
2,90,195,2920,-366,0
2,90,195,2920,-366,18
2,90,195,2928,-366,0
2,90,196,2864,-478,144
2,90,196,2865,-478,144
2,90,196,2866,-478,144
2,90,196,2873,-366,0
2,90,196,2877,-340,0
2,90,196,2879,-340,-17
2,90,196,2885,-494,-74
2,90,196,2919,-366,0
2,90,197,2876,-361,0
2,90,197,2877,-340,-8
2,90,197,2877,-340,0
2,90,197,2878,-340,-8
2,90,197,2881,-340,0
2,90,197,2884,-361,0
2,90,197,2884,-340,0
2,90,197,2885,-492,-85
2,90,197,2886,-340,0
2,90,197,2887,-340,0
2,90,197,2890,-340,0
2,90,197,2891,-340,0
2,90,197,2892,-340,0
2,90,197,2893,-340,0
2,90,197,2899,-340,0
2,90,197,2909,-340,0
2,90,197,2910,-340,0
2,90,197,2912,-340,0
2,90,197,2913,-340,0
2,90,197,2914,-340,0
2,90,197,2916,-340,0
2,90,197,2917,-340,0
2,90,197,2918,-500,0
2,90,197,2918,-340,0
2,90,197,2919,-340,0
2,90,197,2922,-500,0
2,90,197,2922,-340,0
2,90,198,2867,-478,144
2,90,198,2868,-478,144
2,90,198,2873,-365,26
2,90,198,2877,-500,0
2,90,198,2927,-369,0
2,90,200,2877,-500,0
2,92,120,2931,115,-62
2,92,120,2931,176,-48
2,92,127,2923,25,2
2,92,131,2923,26,0
2,92,131,2923,26,1
2,92,131,2923,70,-468
2,92,131,2923,130,0
2,92,131,2923,143,-204
2,92,131,2930,-95,-142
2,92,132,2923,22,12
2,92,132,2923,26,0
2,92,132,2923,45,25
2,92,133,2923,94,-44
2,92,133,2923,158,-175
2,92,133,2926,-233,-350
2,92,133,2926,-43,-446
2,92,134,2923,0,0
2,92,134,2923,22,12
2,92,134,2923,94,-44
2,92,134,2923,113,-161
2,92,134,2923,130,0
2,92,134,2924,-41,-340
2,92,135,2923,23,-312
2,92,135,2923,23,12
2,92,135,2923,130,0
2,92,135,2929,-61,-172
2,92,135,2930,-303,-162
2,92,135,2930,-164,-49
2,92,136,2923,0,0
2,92,136,2923,23,-312
2,92,136,2923,23,11
2,92,136,2923,130,0
2,92,136,2989,-136,158
2,92,137,2923,130,0
2,92,137,2925,13,-261
2,92,137,2925,59,-145
2,92,137,2927,-105,-210
2,92,137,2928,-106,-323
2,92,137,2988,-115,61
2,92,138,2925,-35,-365
2,92,138,2925,5,-248
2,92,138,2928,2,-130
2,92,138,2931,-29,-43
2,92,138,2931,-23,-12
2,92,138,2988,-119,53
2,92,138,2988,-115,61
2,92,139,2913,0,104
2,92,139,2914,0,238
2,92,139,2919,-5,25
2,92,139,2923,0,0
2,92,139,2988,0,52
2,92,140,2923,-23,10
2,92,140,2928,-118,265
2,92,140,2933,108,72
2,92,140,2937,78,7
2,92,141,2931,217,-90
2,92,145,2901,-92,411
2,92,145,3019,-82,-413
2,92,151,3020,-160,-417
2,92,153,2967,-159,0
2,92,154,2977,-78,0
2,92,156,2979,-185,0
2,92,157,2977,-157,0
2,92,157,3007,-291,-304
2,92,159,2942,-210,200
2,92,159,2969,-211,20
2,92,159,2979,-342,0
2,92,160,2979,-238,0
2,92,161,2902,-494,-74
2,92,163,2960,-356,98
2,92,165,2965,-395,-9
2,92,166,2972,-392,0
2,92,166,2980,-392,0
2,92,166,3001,-377,-189
2,92,166,3002,-377,-189
2,92,166,3020,-300,-366
2,92,167,2959,-418,0
2,92,167,2963,-418,0
2,92,167,2965,-418,0
2,92,167,2975,-418,0
2,92,167,3016,-345,-361
2,92,169,2977,-418,0
2,92,169,2979,-421,0
2,92,170,2972,-418,0
2,92,170,2974,-312,23
2,92,170,2979,-421,0
2,92,170,2980,-418,0
2,92,170,2991,-363,-44
2,92,171,2979,-473,0
2,92,171,2979,-421,0
2,92,171,2986,-378,-326
2,92,173,2976,-495,36
2,92,173,2977,-392,0
2,92,173,2979,-447,0
2,92,173,2980,-447,0
2,92,174,2972,-444,0
2,92,174,2979,-447,0
2,92,174,2980,-444,0
2,92,174,2981,-492,-85
2,92,175,2928,-267,421
2,92,176,2953,-471,0
2,92,176,2964,-471,0
2,92,176,2967,-471,0
2,92,176,2969,-471,0
2,92,176,2975,-471,0
2,92,176,2977,-471,0
2,92,176,2978,-471,0
2,92,176,2979,-500,0
2,92,177,2979,-473,0
2,92,177,2981,-484,-121
2,92,178,2941,-471,23
2,92,178,2946,-471,23
2,92,178,2951,-471,23
2,92,178,2953,-471,23
2,92,178,2957,-471,23
2,92,178,2958,-471,23
2,92,178,2960,-471,23
2,92,178,2961,-471,23
2,92,178,2962,-471,23
2,92,178,2966,-471,23
2,92,178,2967,-471,23
2,92,178,2970,-471,23
2,92,178,2972,-484,0
2,92,178,2974,-471,23
2,92,178,2980,-471,0
2,92,179,2979,-500,0
2,92,180,2915,-345,361
2,92,180,2936,-444,0
2,92,180,2972,-444,0
2,92,180,2980,-444,0
2,92,181,2980,-473,0
2,92,181,2980,-366,0
2,92,182,2910,-444,10
2,92,182,2977,-444,22
2,92,182,2979,-500,0
2,92,182,2979,-498,-37
2,92,182,2980,-498,-37
2,92,182,2980,-492,-85
2,92,182,2980,-471,0
2,92,183,2979,-500,0
2,92,183,2980,-494,-74
2,92,184,2911,-345,361
2,92,185,2909,-351,351
2,92,185,2912,-351,351
2,92,185,2980,-500,-25
2,92,185,2980,-496,-60
2,92,186,2915,-334,368
2,92,186,2917,-334,368
2,92,186,2919,-334,368
2,92,186,2922,-353,353
2,92,186,2979,-500,0
2,92,186,2980,-500,-25
2,92,186,2980,-496,-60
2,92,187,2907,-345,361
2,92,187,2916,-418,0
2,92,187,2917,-418,0
2,92,187,2931,-417,30
2,92,187,2932,-417,30
2,92,187,2933,-417,30
2,92,187,2934,-417,30
2,92,187,2935,-417,30
2,92,187,2936,-417,30
2,92,187,2937,-417,30
2,92,187,2938,-417,30
2,92,187,2939,-417,30
2,92,187,2941,-417,30
2,92,187,2942,-417,30
2,92,187,2943,-417,30
2,92,187,2944,-417,30
2,92,187,2945,-417,30
2,92,187,2946,-417,30
2,92,187,2947,-417,30
2,92,187,2948,-417,30
2,92,187,2949,-417,30
2,92,187,2950,-417,30
2,92,187,2951,-417,30
2,92,187,2952,-417,30
2,92,187,2953,-417,30
2,92,187,2954,-417,30
2,92,187,2955,-417,30
2,92,187,2956,-417,30
2,92,187,2957,-417,30
2,92,187,2958,-417,30
2,92,187,2959,-417,30
2,92,187,2960,-417,30
2,92,187,2961,-417,30
2,92,187,2962,-417,30
2,92,187,2963,-417,30
2,92,187,2964,-417,30
2,92,187,2965,-417,30
2,92,187,2966,-417,30
2,92,187,2967,-417,30
2,92,187,2968,-417,30
2,92,187,2969,-417,30
2,92,187,2970,-417,30
2,92,187,2971,-417,30
2,92,187,2972,-417,30
2,92,187,2974,-417,30
2,92,187,2975,-417,30
2,92,187,2976,-417,30
2,92,187,2977,-417,30
2,92,187,2983,-482,-132
2,92,189,2979,-500,0
2,92,190,2976,-392,0
2,92,190,2977,-392,8
2,92,191,2918,-392,0
2,92,191,2919,-392,0
2,92,191,2920,-392,0
2,92,191,2939,-392,19
2,92,191,2974,-392,19
2,92,191,2976,-392,0
2,92,191,2977,-392,8
2,92,191,2977,-392,19
2,92,192,2922,-500,0
2,92,192,2971,-490,97
2,92,194,2942,-366,0
2,92,194,2943,-366,0
2,92,194,2975,-366,0
2,92,194,2976,-366,0
2,92,194,2977,-366,8
2,92,194,2977,-366,18
2,92,194,2982,-391,-29
2,92,195,2928,-366,0
2,92,195,2929,-366,18
2,92,195,2930,-366,18
2,92,195,2931,-366,18
2,92,195,2932,-366,18
2,92,195,2933,-366,18
2,92,195,2934,-366,18
2,92,195,2935,-366,18
2,92,195,2936,-366,18
2,92,195,2937,-366,18
2,92,195,2938,-366,18
2,92,195,2940,-366,18
2,92,195,2941,-366,18
2,92,195,2942,-366,18
2,92,195,2943,-366,18
2,92,195,2944,-366,18
2,92,195,2945,-366,18
2,92,195,2946,-366,18
2,92,195,2947,-366,18
2,92,195,2948,-366,18
2,92,195,2949,-366,18
2,92,195,2950,-366,18
2,92,195,2951,-366,18
2,92,195,2952,-366,18
2,92,195,2953,-366,18
2,92,195,2954,-366,18
2,92,195,2955,-366,18
2,92,195,2956,-366,18
2,92,195,2957,-366,18
2,92,195,2958,-366,18
2,92,195,2959,-366,18
2,92,195,2960,-366,18
2,92,195,2961,-366,18
2,92,195,2962,-366,18
2,92,195,2963,-366,18
2,92,195,2964,-366,18
2,92,195,2965,-366,18
2,92,195,2966,-366,18
2,92,195,2967,-366,18
2,92,195,2968,-366,18
2,92,195,2968,-365,26
2,92,195,2969,-366,18
2,92,195,2970,-366,18
2,92,195,2971,-366,18
2,92,195,2972,-366,18
2,92,195,2973,-366,18
2,92,195,2974,-366,18
2,92,195,2975,-366,18
2,92,195,2976,-366,0
2,92,195,2976,-366,18
2,92,195,2979,-485,0
2,92,195,2979,-366,-8
2,92,195,2991,-466,-179
2,92,196,2978,-421,0
2,92,196,2978,-340,0
2,92,196,2982,-392,-20
2,92,197,2931,-340,0
2,92,197,2933,-340,0
2,92,197,2935,-340,0
2,92,197,2936,-340,0
2,92,197,2938,-340,0
2,92,197,2940,-340,0
2,92,197,2947,-340,0
2,92,197,2949,-443,-33
2,92,197,2950,-340,0
2,92,197,2951,-340,0
2,92,197,2952,-340,0
2,92,197,2953,-340,0
2,92,197,2959,-340,0
2,92,197,2960,-340,0
2,92,197,2961,-340,0
2,92,197,2962,-340,0
2,92,197,2963,-340,0
2,92,197,2964,-340,0
2,92,197,2965,-340,0
2,92,197,2967,-340,0
2,92,197,2969,-340,0
2,92,197,2970,-490,97
2,92,197,2971,-340,0
2,92,197,2972,-340,0
2,92,197,2973,-340,0
2,92,197,2974,-340,0
2,92,197,2975,-340,0
2,92,197,2976,-340,0
2,92,197,2977,-340,0
2,92,197,2978,-340,0
2,92,198,2927,-369,0
2,92,198,2970,-490,97
2,92,198,2979,-500,0
2,92,199,2979,-500,0
2,92,200,2979,-500,0
2,92,201,2982,-500,11
2,94,67,3084,-18,-366
2,94,68,3089,0,-473
2,94,70,3071,-50,-12
2,94,78,3070,305,-250
2,94,80,3071,0,-342
2,94,98,3110,0,-500
2,94,100,3083,0,-421
2,94,100,3093,0,-473
2,94,101,2964,203,203
2,94,105,3073,-219,-229
2,94,107,2972,0,369
2,94,107,3095,-361,-345
2,94,107,3096,-361,-345
2,94,111,2969,214,321
2,94,114,2987,-342,0
2,94,114,3075,-72,-75
2,94,115,2990,-99,184
2,94,116,3072,-319,-275
2,94,117,3101,-361,-345
2,94,119,2980,-224,-224
2,94,120,3077,-323,-309
2,94,121,2987,-84,-305
2,94,121,2988,-63,-253
2,94,123,2982,-319,-275
2,94,123,2992,-82,-248
2,94,124,2987,25,-7
2,94,124,2994,-151,-144
2,94,124,2994,-124,-168
2,94,126,2982,-199,-372
2,94,126,2987,104,0
2,94,126,2994,88,-133
2,94,126,2995,-132,83
2,94,127,2973,-299,-258
2,94,127,2987,70,-77
2,94,127,2989,-253,-400
2,94,128,2984,66,-442
2,94,128,2987,-26,0
2,94,128,2987,-23,11
2,94,128,2987,0,0
2,94,128,2987,22,-447
2,94,128,2987,22,13
2,94,128,2987,24,-10
2,94,128,2987,26,-1
2,94,128,2989,-179,-380
2,94,128,2990,-199,-372
2,94,128,2995,-176,-48
2,94,129,2987,-26,-1
2,94,129,2987,0,0
2,94,129,2987,26,0
2,94,129,2987,51,-59
2,94,129,2995,182,-36
2,94,130,2987,95,-42
2,94,130,2987,97,-37
2,94,130,2987,130,0
2,94,130,2987,134,-81
2,94,130,2992,-20,-208
2,94,131,2983,-150,-337
2,94,131,2987,95,-42
2,94,131,2987,108,-140
2,94,131,2987,130,0
2,94,131,2987,171,108
2,94,131,2988,-381,-281
2,94,131,2988,-359,-309
2,94,131,2988,-49,-162
2,94,131,2988,70,-468
2,94,131,2989,-394,-262
2,94,131,2989,13,-264
2,94,131,2995,-138,-74
2,94,131,3087,-378,-326
2,94,132,2976,-144,112
2,94,132,2987,22,13
2,94,132,2987,113,-64
2,94,132,2987,130,0
2,94,132,2987,138,74
2,94,132,2989,-107,-325
2,94,132,2990,0,-238
2,94,132,2991,-146,-309
2,94,132,2991,-18,-185
2,94,132,2992,-80,-194
2,94,132,2994,-137,-82
2,94,132,2994,-101,-152
2,94,132,2994,-87,-130
2,94,132,2994,158,-136
2,94,132,2995,-174,-57
2,94,132,3078,-378,-326
2,94,133,2987,26,0
2,94,133,2987,130,0
2,94,133,2989,-75,-335
2,94,133,2991,173,116
2,94,133,2994,-87,-130
2,94,133,2995,-138,-74
2,94,133,2995,-115,-62
2,94,134,2979,339,-203
2,94,134,2987,0,0
2,94,134,2987,22,12
2,94,134,2987,23,-12
2,94,134,2987,26,0
2,94,134,2987,30,-312
2,94,134,2987,130,0
2,94,134,2993,-144,-185
2,94,134,2994,-144,-185
2,94,134,2994,-113,-108
2,94,134,2994,-73,-110
2,94,134,2995,-164,-87
2,94,134,2995,152,101
2,94,135,2987,0,0
2,94,135,2987,23,11
2,94,135,2987,23,12
2,94,135,2987,26,0
2,94,135,2987,130,0
2,94,135,2987,155,-276
2,94,135,2991,204,-167
2,94,135,2993,-116,-174
2,94,135,2993,-101,-152
2,94,135,2993,-61,-172
2,94,135,2994,-101,-152
2,94,135,2994,-87,-130
2,94,135,2995,-191,-85
2,94,135,2995,-162,-86
2,94,136,2987,1,-26
2,94,136,2987,23,11
2,94,136,2987,26,0
2,94,136,2987,130,0
2,94,136,2987,153,-242
2,94,136,2987,157,-8
2,94,136,2987,161,-86
2,94,136,2991,15,-208
2,94,136,2993,-66,-171
2,94,136,2993,17,-182
2,94,136,2994,-87,-130
2,94,136,2995,-143,-64
2,94,136,2995,-130,-7
2,94,136,3076,-346,-283
2,94,137,2987,18,-366
2,94,137,2987,130,0
2,94,137,2987,157,3
2,94,137,2988,13,-261
2,94,137,2990,15,-208
2,94,137,2994,-49,-92
2,94,137,2994,142,94
2,94,137,2995,-153,-34
2,94,137,2995,-115,-62
2,94,137,2995,-94,-90
2,94,138,2987,-23,10
2,94,138,2987,104,0
2,94,138,2989,8,-366
2,94,138,2993,2,-104
2,94,138,2995,-353,177
2,94,138,2995,-25,-5
2,94,139,2933,0,500
2,94,139,2976,-3,51
2,94,139,2979,0,52
2,94,139,2982,-16,19
2,94,139,2983,-5,25
2,94,139,2983,0,26
2,94,139,2983,0,52
2,94,139,2985,-24,9
2,94,139,2985,158,-225
2,94,139,2987,-26,-1
2,94,139,2995,156,15
2,94,139,2995,263,25
2,94,139,3105,0,-421
2,94,140,2980,-1,25
2,94,140,2983,-4,25
2,94,140,2991,-46,152
2,94,140,2994,-261,-13
2,94,140,2994,128,25
2,94,140,2997,108,72
2,94,140,2997,164,109
2,94,141,2974,-283,-133
2,94,141,2985,-149,-149
2,94,141,2993,-263,19
2,94,141,2994,169,-70
2,94,141,2995,255,-105
2,94,142,2986,-85,-207
2,94,142,2989,-409,181
2,94,142,2992,240,-294
2,94,142,2994,169,-70
2,94,142,3087,-20,-208
2,94,143,2990,53,-271
2,94,143,2991,145,-132
2,94,143,2994,187,-100
2,94,143,2995,170,-66
2,94,143,3000,285,190
2,94,144,2981,-242,-242
2,94,145,2981,-242,-242
2,94,145,3073,-107,-353
2,94,146,2972,-107,353
2,94,147,2985,155,210
2,94,148,2967,-132,400
2,94,149,2990,419,41
2,94,150,2981,-309,-54
2,94,150,2991,-244,101
2,94,150,3082,-342,-327
2,94,151,2955,-137,453
2,94,152,3078,-323,-309
2,94,153,3097,-353,-353
2,94,154,3085,-361,-345
2,94,154,3085,-192,-433
2,94,157,3081,-248,-372
2,94,158,3048,-211,-21
2,94,159,2987,-411,92
2,94,159,3049,-211,-21
2,94,159,3049,-211,-16
2,94,160,3048,-238,0
2,94,160,3076,-500,0
2,94,160,3080,-500,0
2,94,161,3013,-261,-13
2,94,161,3049,-316,-7
2,94,161,3050,-315,-23
2,94,162,2987,-431,107
2,94,163,3060,-296,-296
2,94,164,3095,-394,-306
2,94,164,3101,-361,-345
2,94,165,3044,-395,-9
2,94,165,3044,-369,0
2,94,165,3050,-341,-25
2,94,166,2956,-335,371
2,94,166,3085,-300,-366
2,94,167,3012,-395,0
2,94,167,3022,-392,-9
2,94,167,3060,-432,-119
2,94,167,3080,-345,-361
2,94,167,3080,-323,-309
2,94,168,2983,-387,160
2,94,168,2983,-266,110
2,94,168,3005,-306,394
2,94,168,3009,-389,-67
2,94,168,3012,-395,0
2,94,168,3045,-394,-29
2,94,168,3050,-369,-18
2,94,168,3065,-442,-170
2,94,169,2983,-387,160
2,94,169,2985,-456,114
2,94,169,2986,-456,114
2,94,169,2998,-314,0
2,94,169,3023,-359,308
2,94,170,2989,-412,71
2,94,170,3038,-182,17
2,94,170,3044,-421,0
2,94,170,3048,-421,0
2,94,170,3080,-500,0
2,94,171,2968,-500,11
2,94,171,2986,-429,117
2,94,171,2987,-431,107
2,94,171,3004,-421,0
2,94,171,3046,-419,-31
2,94,171,3048,-421,0
2,94,172,2986,-429,117
2,94,172,2987,-431,107
2,94,172,3005,-326,378
2,94,172,3066,-478,-144
2,94,172,3067,-466,-179
2,94,172,3075,-342,-193
2,94,173,2959,-402,296
2,94,173,2981,-412,170
2,94,173,3004,-444,0
2,94,173,3005,-444,0
2,94,173,3010,-447,0
2,94,173,3012,-447,0
2,94,173,3020,-371,335
2,94,173,3036,-447,0
2,94,173,3043,-447,0
2,94,173,3044,-447,0
2,94,174,2984,-485,108
2,94,174,3012,-447,0
2,94,174,3044,-447,0
2,94,175,2960,-429,257
2,94,175,2986,-433,108
2,94,175,2994,-371,-335
2,94,175,2997,-316,386
2,94,175,2999,-287,408
2,94,175,3012,-447,0
2,94,175,3079,-345,-361
2,94,175,3094,-296,-402
2,94,176,2954,-335,371
2,94,176,2956,-394,306
2,94,176,2985,-460,102
2,94,176,2992,-361,-345
2,94,176,3010,-442,-66
2,94,176,3011,-466,179
2,94,176,3017,-371,335
2,94,176,3036,-447,0
2,94,176,3040,-418,0
2,94,176,3049,-447,0
2,94,176,3071,-500,0
2,94,177,2984,-500,0
2,94,177,2984,-494,74
2,94,177,3004,-473,0
2,94,177,3011,-473,0
2,94,177,3012,-473,0
2,94,177,3036,-473,0
2,94,177,3040,-473,0
2,94,177,3044,-473,0
2,94,177,3068,-438,-181
2,94,178,2957,-353,353
2,94,178,2970,-471,10
2,94,178,2972,-471,10
2,94,178,2973,-471,10
2,94,178,2983,-476,143
2,94,178,2984,-480,132
2,94,178,2994,-316,386
2,94,178,2995,-287,408
2,94,178,2997,-326,378
2,94,179,2952,-335,371
2,94,179,2959,-378,326
2,94,179,2978,-436,180
2,94,179,2983,-451,135
2,94,179,2984,-454,125
2,94,179,2985,-456,114
2,94,179,2988,-480,132
2,94,179,2989,-406,285
2,94,179,3007,-495,-37
2,94,179,3045,-498,-37
2,94,180,2984,-500,0
2,94,180,2984,-498,48
2,94,180,3013,-378,326
2,94,181,2961,-400,294
2,94,181,2976,-444,0
2,94,181,2983,-498,37
2,94,181,2984,-500,0
2,94,181,2984,-498,-37
2,94,181,2993,-326,378
2,94,181,3009,-451,212
2,94,181,3012,-473,0
2,94,181,3021,-345,361
2,94,181,3033,-457,125
2,94,181,3036,-500,0
2,94,181,3036,-473,0
2,94,181,3043,-473,-24
2,94,181,3044,-473,0
2,94,181,3057,-470,-57
2,94,181,3064,-484,-121
2,94,181,3070,-470,-167
2,94,182,2956,-371,335
2,94,182,2956,-345,361
2,94,182,2958,-384,314
2,94,182,2960,-394,306
2,94,182,2962,-421,267
2,94,182,2973,-490,97
2,94,182,2973,-378,326
2,94,182,2975,-444,10
2,94,182,2976,-444,10
2,94,182,3004,-471,0
2,94,182,3076,-462,-191
2,94,183,2954,-345,361
2,94,183,2975,-444,10
2,94,183,2976,-418,0
2,94,183,3002,-470,167
2,94,183,3072,-500,0
2,94,184,2959,-379,279
2,94,184,2962,-405,242
2,94,184,3001,-482,132
2,94,184,3018,-345,361
2,94,185,2959,-335,371
2,94,185,2967,-359,343
2,94,185,2967,-351,351
2,94,185,2968,-359,343
2,94,185,2968,-351,351
2,94,185,2969,-359,343
2,94,185,2969,-351,351
2,94,185,2970,-359,343
2,94,185,2970,-351,351
2,94,185,2971,-359,343
2,94,185,2971,-351,351
2,94,185,2972,-351,351
2,94,185,2973,-359,343
2,94,185,2973,-351,351
2,94,185,2974,-359,343
2,94,185,2974,-351,351
2,94,185,2975,-351,351
2,94,185,2977,-351,351
2,94,185,2978,-418,0
2,94,185,3007,-462,191
2,94,185,3008,-462,191
2,94,185,3008,-457,203
2,94,185,3050,-498,-37
2,94,186,2957,-344,358
2,94,186,2959,-344,358
2,94,186,2960,-344,358
2,94,186,2961,-344,358
2,94,186,2977,-418,21
2,94,186,2977,-378,326
2,94,186,2978,-418,0
2,94,186,2980,-500,0
2,94,186,2982,-344,358
2,94,186,2989,-344,358
2,94,186,2995,-387,218
2,94,186,3016,-353,353
2,94,186,3072,-353,-353
2,94,187,2972,-490,97
2,94,187,2973,-494,74
2,94,187,2977,-418,21
2,94,187,2981,-418,-21
2,94,187,2997,-401,189
2,94,187,3070,-478,-144
2,94,188,2972,-490,97
2,94,188,2972,-408,91
2,94,188,2972,-340,325
2,94,188,2973,-492,85
2,94,188,2974,-340,325
2,94,188,2977,-419,31
2,94,188,2981,-418,0
2,94,188,2989,-382,169
2,94,188,3075,-361,-345
2,94,188,3079,-361,-345
2,94,189,2972,-490,97
2,94,189,2972,-488,109
2,94,189,2973,-492,85
2,94,189,2977,-392,8
2,94,189,2978,-392,0
2,94,189,2979,-392,0
2,94,189,2980,-392,0
2,94,189,2986,-358,264
2,94,189,2992,-364,205
2,94,189,3049,-500,0
2,94,189,3080,-361,-345
2,94,190,2966,-371,335
2,94,190,2970,-371,335
2,94,190,2973,-371,335
2,94,190,2975,-472,46
2,94,190,2984,-497,0
2,94,190,2991,-364,205
2,94,190,3039,-500,0
2,94,190,3044,-500,0
2,94,190,3060,-500,0
2,94,191,2972,-494,74
2,94,191,2973,-494,74
2,94,191,2982,-497,25
2,94,191,2989,-353,223
2,94,191,2995,-378,178
2,94,192,2987,-358,159
2,94,193,2984,-500,0
2,94,193,2987,-418,0
2,94,193,2990,-342,192
2,94,193,3040,-500,0
2,94,193,3050,-498,-37
2,94,193,3059,-500,0
2,94,194,3039,-498,48
2,94,195,2993,-358,159
2,94,195,2997,-446,158
2,94,196,3044,-500,0
2,94,196,3058,-462,-191
2,94,198,3040,-500,0
2,94,198,3043,-500,0
2,94,198,3048,-500,0
2,94,199,3049,-500,0
2,94,199,3050,-500,-11
2,94,200,3039,-500,11
2,94,200,3044,-500,0
2,94,200,3046,-500,0
2,94,200,3051,-498,-37
3,86,89,2736,260,-25
3,86,92,2697,0,473
3,86,100,2702,0,447
3,86,105,2706,0,447
3,86,107,2681,0,500
3,86,110,2721,-66,80
3,86,139,2797,-85,59
3,86,139,2797,-23,-12
3,86,139,2798,-85,59
3,86,139,2798,-58,116
3,86,139,2798,-29,-43
3,86,139,2799,-104,7
3,86,139,2800,-13,261
3,86,139,2801,-25,-5
3,86,139,2801,-15,20
3,86,139,2801,0,0
3,86,139,2802,-19,16
3,86,139,2802,0,0
3,86,139,2802,0,78
3,86,139,2803,0,0
3,86,139,2803,0,78
3,86,139,2803,0,104
3,86,139,2804,-26,3
3,86,139,2804,0,104
3,86,139,2806,0,104
3,86,139,2807,0,340
3,86,139,2811,0,-26
3,86,139,2814,98,184
3,86,139,2817,0,-290
3,86,139,2821,0,-78
3,86,139,2826,0,-421
3,86,139,2827,0,-421
3,86,139,2829,0,-447
3,86,139,2830,0,-314
3,86,139,2833,0,-473
3,86,139,2837,0,-473
3,86,140,2798,-237,-17
3,86,142,2816,-70,-281
3,86,143,2814,282,188
3,86,143,2818,-76,-307
3,86,144,2821,-83,-332
3,86,145,2716,0,369
3,86,148,2796,105,116
3,86,148,2828,-129,-428
3,86,149,2824,-141,-396
3,86,149,2832,-126,-457
3,86,150,2836,-126,-457
3,86,151,2798,144,151
3,86,152,2827,-182,-409
3,86,155,2813,-300,-332
3,86,156,2706,0,447
3,86,156,2719,0,340
3,86,156,2798,21,181
3,86,158,2815,-326,-378
3,86,161,2797,132,126
3,86,162,2823,-277,-416
3,86,163,2802,-101,244
3,86,163,2803,-25,260
3,86,163,2804,16,316
3,86,163,2805,-54,311
3,86,163,2822,-345,-361
3,86,163,2823,-277,-416
3,86,164,2691,0,500
3,86,164,2698,0,500
3,86,164,2725,0,159
3,86,164,2797,117,176
3,86,164,2806,-75,334
3,86,164,2822,-326,-378
3,86,165,2797,-98,-37
3,86,165,2799,-130,259
3,86,165,2810,-412,-233
3,86,165,2823,-345,-361
3,86,165,2823,-326,-378
3,86,165,2836,-345,-361
3,86,166,2841,-335,-371
3,86,168,2699,-335,371
3,86,168,2802,13,261
3,86,168,2835,-345,-361
3,86,168,2836,-345,-361
3,86,168,2837,-345,-361
3,86,168,2838,-345,-361
3,86,169,2698,-335,371
3,86,169,2838,-345,-361
3,86,170,2814,-361,-345
3,86,171,2833,-345,-361
3,86,172,2836,-361,-345
3,86,172,2836,-353,-353
3,86,172,2837,-361,-345
3,86,172,2837,-353,-353
3,86,172,2838,-353,-353
3,86,172,2840,-353,-353
3,86,174,2699,-345,361
3,86,174,2828,-345,-361
3,86,174,2835,-345,-361
3,86,175,2803,76,277
3,86,175,2818,-335,-371
3,86,175,2832,-353,-353
3,86,175,2835,-353,-353
3,86,175,2837,-353,-353
3,86,175,2837,-345,-361
3,86,176,2799,239,159
3,86,176,2831,-353,-353
3,86,176,2832,-353,-353
3,86,176,2837,-335,-371
3,86,177,2816,-229,-219
3,86,177,2825,-335,-371
3,86,177,2829,-345,-361
3,86,177,2829,-290,-374
3,86,177,2832,-345,-361
3,86,177,2839,-353,-353
3,86,178,2825,-335,-371
3,86,178,2829,-345,-361
3,86,178,2832,-345,-361
3,86,178,2836,-353,-353
3,86,178,2840,-353,-353
3,86,178,2840,-345,-361
3,86,179,2818,-210,-201
3,86,179,2825,-335,-371
3,86,179,2829,-353,-353
3,86,179,2829,-345,-361
3,86,179,2832,-345,-361
3,86,179,2834,-361,-345
3,86,179,2834,-353,-353
3,86,179,2835,-361,-345
3,86,179,2836,-361,-345
3,86,179,2838,-361,-345
3,86,180,2832,-345,-361
3,86,180,2835,-361,-345
3,86,180,2836,-353,-353
3,86,182,2834,-361,-345
3,86,182,2838,-361,-345
3,86,184,2828,-345,-361
3,86,185,2828,-345,-361
3,86,185,2829,-345,-361
3,86,190,2836,-353,-353
3,86,192,2721,-293,265
3,86,192,2836,-353,-353
3,86,192,2836,-345,-361
3,86,195,2726,-344,194
3,86,197,2805,-372,-132
3,86,198,2805,-432,-119
3,86,200,2760,-260,19
3,86,200,2792,-260,19
3,86,200,2795,-407,0
3,86,200,2804,-403,-121
3,86,201,2811,-400,-201
3,86,202,2788,-421,0
3,86,202,2793,-235,11
3,86,202,2800,-418,-51
3,86,203,2788,-421,0
3,86,204,2788,-421,0
3,86,204,2806,-459,-114
3,86,205,2788,-447,0
3,86,205,2791,-208,20
3,86,205,2795,-447,0
3,86,205,2807,-484,-121
3,86,206,2806,-459,-114
3,86,206,2806,-432,-119
3,86,207,2792,-234,17
3,86,209,2812,-438,-181
3,86,210,2788,-473,0
3,86,210,2794,-209,0
3,86,212,2795,-500,0
3,86,213,2786,-473,10
3,86,213,2787,-473,0
3,86,213,2787,-473,10
3,86,213,2788,-473,0
3,86,213,2789,-451,-212
3,86,213,2795,-473,0
3,86,213,2796,-473,0
3,86,213,2809,-484,-121
3,86,213,2811,-478,-144
3,86,214,2787,-500,0
3,86,215,2808,-488,-109
3,86,215,2809,-488,-109
3,86,215,2810,-484,-121
3,86,219,2809,-408,-287
3,86,219,2810,-482,-132
3,86,219,2811,-482,-132
3,86,220,2810,-457,-203
3,86,220,2813,-361,-345
3,86,221,2794,-470,-167
3,86,223,2798,-470,-167
3,86,223,2799,-470,-167
3,86,224,2797,-466,-179
3,86,225,2800,-466,-179
3,86,225,2801,-466,-179
3,86,227,2799,-470,-167
3,86,227,2801,-470,-167
3,86,227,2802,-466,-179
3,86,228,2801,-470,-167
4,32,133,1116,353,-353
4,32,138,1089,0,-290
4,32,153,1119,40,-417
4,32,153,1124,38,-391
4,32,156,1083,0,-104
4,32,156,1099,0,-421
4,32,156,1114,0,-500
4,32,156,1116,0,-444
4,32,156,1118,0,-471
4,32,156,1124,0,-392
4,32,156,1125,0,-418
4,32,156,1126,0,-447
4,32,156,1127,0,-418
4,32,156,1129,0,-500
4,32,158,1118,34,-469
4,32,158,1123,43,-443
4,32,158,1124,48,-498
4,32,160,1116,-21,-418
4,32,160,1118,0,-414
4,32,160,1118,0,-392
4,32,160,1122,0,-387
4,32,160,1122,0,-366
4,32,161,1116,-21,-418
4,32,161,1124,-18,-366
4,32,162,1112,-22,-444
4,32,162,1116,-21,-418
4,32,162,1124,-18,-366
4,32,163,1102,-25,-497
4,32,163,1112,-22,-444
4,32,163,1116,-21,-418
4,32,163,1124,-18,-366
4,32,164,1116,-21,-418
4,32,164,1124,-18,-366
4,32,165,1096,0,-418
4,32,165,1105,0,-471
4,32,165,1116,-21,-418
4,32,165,1124,-18,-366
4,32,165,1125,0,-340
4,32,166,1116,-21,-418
4,32,166,1124,-18,-366
4,32,167,1124,-18,-366
4,32,168,1093,0,-444
4,32,168,1116,-21,-418
4,32,168,1124,0,-366
4,32,169,1104,-345,-361
4,32,169,1124,-18,-366
4,32,170,1124,-18,-366
4,32,171,1112,-22,-444
4,32,171,1124,-18,-366
4,32,172,1116,-21,-418
4,32,172,1124,-18,-366
4,32,172,1125,0,-340
4,32,173,1116,-21,-418
4,32,173,1124,-18,-366
4,32,174,1111,-345,-361
4,32,174,1112,-22,-444
4,32,174,1116,-21,-418
4,32,174,1124,-18,-366
4,32,175,1124,-18,-366
4,32,176,1093,0,-444
4,32,176,1111,-345,-361
4,32,177,1111,-345,-361
4,32,177,1124,-18,-366
4,32,178,1112,-22,-444
4,32,178,1124,-18,-366
4,32,178,1125,0,-340
4,32,179,1111,-345,-361
4,32,179,1112,-22,-444
4,32,179,1115,-344,-359
4,32,179,1116,-21,-418
4,32,179,1124,-18,-366
4,32,180,1111,-345,-361
4,32,180,1112,-22,-444
4,32,180,1115,-344,-359
4,32,180,1116,-21,-418
4,32,180,1124,-18,-366
4,32,181,1111,-345,-361
4,32,181,1112,-345,-361
4,32,181,1124,-18,-366
4,32,182,1111,-345,-361
4,32,182,1115,-344,-359
4,32,182,1124,-18,-366
4,32,183,1111,-345,-361
4,32,183,1115,-344,-359
4,32,183,1125,0,-340
4,32,184,1115,-344,-359
4,32,184,1116,-21,-418
4,32,184,1124,-18,-366
4,32,185,1112,-22,-444
4,32,185,1115,-344,-359
4,32,185,1124,-18,-366
4,32,186,1115,-344,-359
4,32,186,1116,-21,-418
4,32,186,1124,-18,-366
4,32,187,1116,-21,-418
4,32,187,1124,-18,-366
4,32,188,1116,-21,-418
4,32,188,1124,-18,-366
4,32,189,1093,0,-444
4,32,189,1112,-371,-335
4,32,189,1124,-18,-366
4,32,190,1124,-18,-366
4,32,191,1116,-21,-418
4,32,191,1124,-18,-366
4,32,192,1112,-22,-444
4,32,192,1124,-18,-366
4,32,193,1112,-22,-444
4,32,193,1124,-18,-366
4,32,194,1112,-22,-444
4,32,194,1116,-21,-418
4,32,194,1124,-18,-366
4,32,194,1125,0,-340
4,32,195,1106,-371,-335
4,32,195,1112,-22,-444
4,32,195,1124,-18,-366
4,32,195,1124,18,-366
4,32,196,1112,-371,-335
4,32,196,1116,-21,-418
4,32,196,1124,-18,-366
4,32,197,1116,-21,-418
4,32,197,1124,-18,-366
4,32,197,1124,18,-366
4,32,198,1112,-22,-444
4,32,198,1116,-21,-418
4,32,198,1124,-18,-366
4,32,199,1124,-18,-366
4,32,200,1116,-21,-418
4,32,201,1068,-75,141
4,32,201,1116,-21,-418
4,32,201,1124,-18,-366
4,32,201,1125,0,-340
4,32,202,1071,-31,209
4,32,202,1112,-371,-335
4,32,202,1112,-361,-345
4,32,202,1116,-21,-418
4,32,202,1124,-18,-366
4,32,202,1124,18,-366
4,32,203,1068,-61,158
4,32,203,1069,-23,157
4,32,203,1070,-31,209
4,32,203,1124,-18,-366
4,32,203,1124,18,-366
4,32,203,1125,0,-340
4,32,204,1055,78,-7
4,32,204,1063,102,-182
4,32,204,1064,19,-129
4,32,204,1064,49,-92
4,32,204,1064,61,115
4,32,204,1064,112,-210
4,32,204,1065,181,-22
4,32,204,1066,12,-23
4,32,204,1066,43,-29
4,32,204,1066,86,-162
4,32,204,1067,-87,130
4,32,204,1067,111,-208
4,32,204,1071,-25,260
4,32,204,1072,28,233
4,32,204,1116,-21,-418
4,32,204,1124,-18,-366
4,32,205,1065,170,-66
4,32,205,1067,111,-208
4,32,205,1068,169,69
4,32,205,1069,76,136
4,32,205,1076,150,363
4,32,205,1115,-359,-344
4,32,205,1116,0,-418
4,32,205,1124,-18,-366
4,32,205,1124,0,-366
4,32,206,1072,11,156
4,32,206,1120,28,-391
4,32,207,1066,157,0
4,32,207,1074,222,182
4,32,207,1097,37,-498
4,32,208,1061,207,111
4,32,209,1120,28,-391
4,32,210,1064,338,-33
4,32,210,1065,261,5
4,32,210,1097,37,-498
4,32,211,1064,338,-33
4,32,211,1122,0,-366
4,32,212,1061,-26,2
4,32,212,1062,-12,23
4,32,212,1062,51,3
4,32,212,1063,0,0
4,32,212,1063,3,78
4,32,212,1063,13,22
4,32,212,1063,22,13
4,32,212,1063,66,41
4,32,212,1063,78,3
4,32,212,1064,22,12
4,32,212,1064,94,-44
4,32,212,1065,0,0
4,32,212,1065,13,21
4,32,212,1065,22,12
4,32,212,1065,30,-312
4,32,212,1065,130,6
4,32,212,1066,15,-156
4,32,212,1066,323,-173
4,32,212,1067,0,0
4,32,212,1068,6,-130
4,32,212,1114,0,-418
4,32,212,1122,0,-366
4,32,213,1116,-21,-418
4,32,213,1120,-29,-391
4,32,216,1074,300,-91
4,32,224,1109,0,-466
4,32,224,1109,0,-444
4,32,224,1112,0,-444
4,32,225,1095,-498,48
4,32,225,1109,-22,-444
4,32,225,1112,-22,-444
4,32,237,1067,-447,0
4,32,239,1097,-345,-361
4,32,242,1090,-498,37
4,32,245,1103,-361,-345
6,31,191,1073,441,-236
6,31,197,1066,0,-421
6,31,198,1070,451,-212
6,31,200,1080,109,-488
6,31,201,1066,0,-421
6,31,203,1066,0,-421
6,31,203,1070,0,-447
6,31,203,1081,277,-416
6,31,207,1058,0,-369
6,31,208,1062,67,-389
6,31,210,1072,23,-315
6,31,211,1066,21,-421
6,31,212,1038,49,92
6,31,212,1046,5,-25
6,31,212,1058,0,-157
6,31,212,1066,0,-421
6,31,212,1067,-407,0
6,31,213,1067,-435,-246
6,31,214,1085,0,-500
6,31,216,1085,0,-500
6,31,217,1085,0,-500
6,31,218,1066,0,-421
6,31,218,1067,-500,0
6,31,219,1067,-500,0
6,31,219,1083,-212,-451
6,31,220,1067,-500,0
6,31,220,1067,-433,0
6,31,220,1083,-224,-447
6,31,221,1066,-21,-421
6,31,221,1080,156,-474
6,31,222,1067,-500,0
6,31,224,1080,0,-500
6,31,225,1080,-236,-441
6,31,230,1076,-416,-277
7,32,182,1081,389,-161
7,32,183,1078,393,-151
7,32,190,1116,345,-361
7,32,191,1115,353,-353
7,32,195,1068,26,-1
7,32,197,1068,25,-3
7,32,199,1067,26,0
7,32,200,1072,-21,221
7,32,202,1068,-208,111
7,32,203,1061,12,23
7,32,203,1063,-340,17
7,32,203,1063,-314,15
7,32,203,1063,10,23
7,32,203,1064,10,23
7,32,203,1065,-287,6
7,32,203,1066,161,-86
7,32,205,1064,-287,6
7,32,205,1065,-94,90
7,32,205,1120,0,-392
7,32,206,1063,-287,-28
7,32,207,1065,-248,5
7,32,207,1065,-209,4
7,32,208,1065,-261,-174
7,32,208,1065,-189,-89
7,32,208,1065,-182,-17
7,32,209,1065,-169,-70
7,32,210,1051,-130,-87
7,32,210,1063,-174,-116
7,32,210,1067,-27,-181
7,32,211,1061,101,152
7,32,211,1062,-11,-23
7,32,211,1063,37,-152
7,32,211,1065,-217,-145
7,32,211,1065,-111,-208
7,32,211,1065,-25,-7
7,32,211,1065,-12,-23
7,32,211,1066,-87,-58
7,32,211,1066,-52,0
7,32,211,1067,-138,-138
7,32,211,1067,-78,0
7,32,211,1067,-52,0
7,32,211,1067,-52,5
7,32,211,1067,-23,-155
7,32,212,1105,0,-471
7,32,212,1109,0,-444
7,32,212,1124,0,-366
7,32,212,1125,0,-340
7,32,213,1112,-22,-444
7,32,213,1116,-21,-418
7,32,214,1116,0,-418
7,32,214,1124,-18,-366
7,32,214,1124,0,-366
7,32,214,1125,0,-340
7,32,215,1116,-21,-418
7,32,215,1124,-18,-366
7,32,216,1116,-21,-418
7,32,216,1116,0,-418
7,32,216,1124,-18,-366
7,32,216,1124,0,-366
7,32,217,1116,-21,-418
7,32,217,1116,0,-418
7,32,217,1124,-18,-366
7,32,217,1124,0,-366
7,32,218,1116,-21,-418
7,32,218,1124,-18,-366
7,32,219,1116,-21,-418
7,32,219,1124,-18,-366
7,32,220,1112,-22,-444
7,32,220,1116,-21,-418
7,32,220,1124,-18,-366
7,32,220,1125,0,-340
7,32,221,1112,-22,-444
7,32,221,1116,-21,-418
7,32,221,1124,-18,-366
7,32,222,1107,-24,-471
7,32,222,1112,-22,-444
7,32,222,1116,-21,-418
7,32,222,1124,-18,-366
7,32,223,1116,-21,-418
7,32,223,1117,101,-405
7,32,223,1124,-18,-366
7,32,224,1107,-24,-471
7,32,224,1122,0,-366
7,32,224,1124,-18,-366
7,32,225,1112,-22,-444
7,32,225,1116,-21,-418
7,32,225,1124,-18,-366
7,32,226,1116,-21,-418
7,32,226,1119,40,-412
7,32,226,1124,-18,-366
7,32,227,1101,0,-497
7,32,227,1105,36,-491
7,32,227,1116,-21,-418
7,32,227,1124,-18,-366
7,32,228,1102,-25,-497
7,32,228,1107,-24,-471
7,32,228,1112,-22,-444
7,32,228,1116,-21,-418
7,32,228,1116,0,-418
7,32,228,1117,0,-473
7,32,228,1117,0,-459
7,32,228,1117,0,-418
7,32,228,1117,0,-414
7,32,228,1124,-18,-366
7,32,228,1125,0,-340
7,32,229,1116,-21,-418
7,32,229,1124,-18,-366
7,32,230,1116,-21,-418
7,32,230,1124,-18,-366
7,32,231,1102,-25,-497
7,32,231,1112,-22,-444
7,32,231,1116,-21,-418
7,32,231,1124,-18,-366
7,32,232,1116,-21,-418
7,32,232,1124,-18,-366
7,32,232,1125,0,-340
7,32,233,1116,-21,-418
7,32,233,1124,-18,-366
7,32,234,1116,-21,-418
7,32,234,1124,-18,-366
7,32,235,1106,-24,-471
7,32,235,1112,-22,-444
7,32,235,1116,-21,-418
7,32,235,1117,0,-500
7,32,235,1124,-18,-366
7,32,235,1127,0,-500
7,32,236,1116,-21,-418
7,32,236,1124,-18,-366
7,32,237,1106,0,-471
7,32,237,1112,-22,-444
7,32,237,1116,0,-418
7,32,237,1124,-18,-366
7,32,237,1124,0,-366
7,32,238,1115,343,-359
7,32,238,1115,351,-351
7,32,238,1116,-21,-418
7,32,238,1124,-18,-366
7,32,238,1125,0,-340
7,32,239,1114,351,-351
7,32,239,1116,-21,-418
7,32,239,1124,-18,-366
7,32,240,1116,-21,-418
7,32,240,1124,-18,-366
7,32,241,1116,-21,-418
7,32,241,1124,-18,-366
7,32,242,1111,353,-353
7,32,242,1124,-18,-366
7,32,243,1116,30,-417
7,32,243,1124,-18,-366
7,32,243,1124,18,-366
7,32,244,1116,-21,-418
7,32,244,1124,-18,-366
7,32,245,1116,-21,-418
7,32,245,1124,-18,-366
7,32,245,1124,18,-366
7,32,246,1102,25,-497
7,32,246,1116,-21,-418
7,32,246,1124,-18,-366
7,32,246,1124,18,-366
7,32,247,1124,-18,-366
7,32,247,1124,18,-366
7,32,248,1102,-25,-497
7,32,248,1116,-21,-418
7,32,248,1124,-18,-366
7,32,249,1116,-21,-418
7,32,249,1124,-18,-366
7,32,250,1116,-21,-418
7,32,250,1124,-18,-366
7,32,251,1124,-18,-366
7,32,252,1112,-22,-444
7,32,252,1124,-18,-366
7,32,253,1116,-21,-418
7,32,253,1124,-18,-366
7,32,254,1116,-21,-418
7,32,254,1124,-18,-366
7,32,254,1125,0,-340
7,32,255,1116,-21,-418
7,32,255,1124,-18,-366
7,32,256,1116,-21,-418
7,32,256,1124,-18,-366
7,32,257,1112,-22,-444
7,32,257,1124,-18,-366
7,32,258,1112,-22,-444
7,32,258,1124,-18,-366
7,32,259,1116,-21,-418
7,32,259,1124,-18,-366
7,32,260,1102,-25,-497
7,32,260,1124,-18,-366
7,32,261,1116,-21,-418
7,32,262,1124,-18,-366
7,32,262,1125,0,-340
7,32,263,1093,0,-444
7,32,263,1116,-21,-418
7,32,264,1124,-18,-366
7,32,265,1124,-18,-366
7,32,268,1112,-22,-444
7,32,268,1124,-18,-366
7,32,269,1124,-18,-366
7,32,270,1124,-18,-366
7,32,271,1093,0,-444
7,32,273,1116,-21,-418
7,32,273,1124,-18,-366
7,32,274,1124,-18,-366
7,32,275,1116,-21,-418
7,32,275,1124,-18,-366
7,32,276,1116,-21,-418
7,32,276,1124,-18,-366
7,32,277,1112,-22,-444
7,32,277,1124,-18,-366
7,32,278,1124,-18,-366
7,32,279,1093,0,-444
7,32,279,1124,-18,-366
7,32,281,1124,-18,-366
7,32,282,1093,0,-444
7,32,284,1102,0,-497
7,32,284,1112,-22,-444
7,32,284,1113,0,-392
7,32,284,1117,0,-392
7,32,284,1118,0,-392
7,32,284,1124,-18,-366
7,32,285,1116,-21,-418
7,32,285,1124,-18,-366
7,32,285,1125,0,-340
7,32,287,1119,-74,-494
7,32,288,1124,-18,-366
7,32,291,1092,-73,28
7,32,291,1099,21,-421
7,32,292,1095,0,-395
7,32,292,1099,0,-421
7,32,292,1099,21,-421
7,32,292,1114,0,-500
7,32,292,1129,0,-500
7,32,330,1067,-421,0
7,32,350,1067,-500,0
7,32,351,1067,-500,0
8,31,188,1043,447,-224
8,31,244,1066,0,-421
8,31,260,1055,330,-156
8,31,261,1063,408,-287
8,31,265,1060,386,-272
8,31,267,1066,0,-421
8,31,272,1055,339,-250
8,31,278,1066,0,-421
8,31,282,1073,470,-167
8,31,282,1076,447,-224
8,31,282,1077,435,-246
8,31,284,1067,451,-212
8,31,285,1078,402,-296
8,31,286,1066,0,-421
8,31,286,1080,236,-441
8,31,287,1081,326,-378
8,31,288,1069,488,-109
8,31,290,1080,236,-441
8,31,292,1082,212,-451
8,31,292,1088,0,-500
8,31,293,1082,167,-470
8,31,295,1086,109,-488
8,31,296,1083,96,-487
8,31,297,1083,48,-498
8,31,299,1036,0,0
8,31,299,1041,-19,-17
8,31,299,1041,-19,17
8,31,299,1044,0,104
8,31,299,1066,0,-421
8,31,300,1066,-21,-421
8,31,301,1065,276,-148
8,31,302,1066,0,-421
8,31,303,1066,0,-421
8,31,308,1048,266,-110
8,31,309,1090,-179,-466
8,31,310,1055,328,-135
8,31,312,1044,-242,-242
8,31,313,1070,0,-500
8,31,325,1059,-378,-326
8,31,329,1062,-236,-441
8,31,332,1067,-500,0
8,31,332,1067,-361,-345
8,31,332,1070,-144,-478
8,31,334,1073,-224,-447
8,31,336,1072,-316,-386
22,107,780,3435,-7,-25
22,107,781,3470,-145,59
22,107,782,3464,121,50
22,107,782,3466,123,43
22,107,783,3467,18,75
22,107,793,3466,279,-279
22,107,795,3469,403,-121
22,107,795,3485,-201,-400
22,107,797,3460,-81,-406
22,107,798,3464,-189,-283
22,107,803,3458,-304,-291
22,107,805,3454,-290,-374
22,107,807,3435,-392,0
22,107,808,3458,-353,-274
22,107,808,3460,-346,-283
22,107,808,3471,-236,-441
22,107,809,3442,-413,-82
22,107,809,3443,-411,-92
22,107,809,3473,-248,-303
22,107,810,3457,-421,21
22,107,811,3421,0,500
22,107,811,3432,0,203
22,107,811,3432,0,302
22,107,811,3455,-418,50
22,107,811,3461,-374,-290
22,107,811,3476,-451,-212
22,107,811,3476,-421,-267
22,107,811,3481,0,-500
22,107,811,3486,0,-500
22,107,812,3434,-231,230
22,107,812,3464,-359,-309
22,107,813,3435,-447,0
22,107,813,3436,-447,0
22,107,813,3438,-447,-23
22,107,813,3439,-446,-43
22,107,813,3440,-442,-66
22,107,813,3442,-439,-87
22,107,813,3448,-447,0
22,107,813,3449,-447,0
22,107,813,3450,-447,0
22,107,813,3454,-447,0
22,107,813,3455,-447,0
22,107,813,3457,-447,0
22,107,813,3457,-447,10
22,107,813,3458,-447,0
22,107,813,3459,-447,0
22,107,814,3435,-447,0
22,107,814,3436,-447,0
22,107,814,3457,-447,0
22,107,814,3457,-447,22
22,107,814,3458,-447,0
22,107,814,3459,-447,0
22,107,814,3477,-441,-236
22,107,815,3467,-378,-326
22,107,817,3428,-473,0
22,107,817,3478,-470,-167
22,107,817,3479,-457,-203
22,107,818,3439,-472,-35
22,107,818,3478,-470,-167
22,107,819,3428,-386,316
22,107,819,3470,-386,-316
22,107,821,3448,-361,-345
22,107,821,3455,-457,-126
22,107,822,3480,-470,-167
22,107,823,3423,-441,236
22,107,823,3481,-457,-203
22,107,827,3423,-421,267
22,107,827,3429,-478,144
22,107,827,3430,-478,144
22,107,828,3424,-500,0
22,107,828,3427,-500,0
22,107,828,3430,-478,144
22,107,828,3432,-500,0
22,107,828,3434,-500,0
22,108,780,3453,40,-33
22,108,780,3467,87,-184
22,108,785,3449,-233,124
22,108,799,3449,-258,332
22,108,801,3445,-266,360
22,108,802,3446,-274,353
22,108,803,3457,-332,258
22,108,806,3457,-340,0
22,108,807,3455,-394,38
22,108,808,3439,-236,441
22,108,808,3451,-346,283
22,108,810,3457,-421,21
22,108,811,3426,0,500
22,108,811,3431,0,500
22,108,811,3455,-418,50
22,108,811,3483,-421,0
22,108,811,3490,0,-500
22,108,813,3435,-482,132
22,108,813,3444,-447,0
22,108,813,3445,-447,0
22,108,813,3446,-447,0
22,108,813,3447,-447,0
22,108,813,3448,-447,0
22,108,813,3449,-447,0
22,108,813,3450,-447,0
22,108,813,3452,-447,0
22,108,813,3453,-447,0
22,108,813,3454,-447,0
22,108,813,3455,-447,0
22,108,813,3456,-447,0
22,108,813,3457,-447,0
22,108,813,3457,-447,10
22,108,813,3458,-447,0
22,108,813,3459,-447,0
22,108,813,3473,-447,22
22,108,813,3476,-447,0
22,108,813,3477,-482,-132
22,108,814,3447,-447,0
22,108,814,3448,-447,0
22,108,814,3449,-447,0
22,108,814,3450,-447,0
22,108,814,3452,-447,0
22,108,814,3455,-447,0
22,108,814,3456,-447,0
22,108,814,3457,-447,0
22,108,814,3457,-447,22
22,108,814,3458,-447,0
22,108,814,3476,-447,0
22,108,816,3489,-191,-462
22,108,817,3449,-473,0
22,108,817,3472,-472,35
22,108,817,3482,-335,-371
22,108,817,3484,-473,0
22,108,818,3480,-466,-179
22,108,821,3448,-361,-345
22,108,821,3455,-457,-126
22,108,823,3432,-494,74
22,108,823,3489,-441,-236
22,108,827,3482,-470,-167
22,108,828,3484,-402,-296
22,108,828,3484,-361,-345
22,108,828,3484,-253,-400
23,106,779,3440,-26,-1
23,106,781,3437,-234,-17
23,106,782,3447,-187,-218
23,106,786,3447,-175,-263
23,106,797,3458,-375,-155
23,106,798,3446,-123,262
23,106,798,3447,-190,285
23,106,798,3458,-211,333
23,106,799,3443,-6,261
23,106,800,3436,151,41
23,106,800,3438,132,126
23,106,800,3440,65,198
23,106,800,3457,-332,300
23,106,801,3436,115,61
23,106,801,3440,117,233
23,106,802,3436,128,25
23,106,802,3444,-121,292
23,106,802,3446,-233,285
23,106,802,3448,107,325
23,106,803,3438,69,169
23,106,803,3455,-365,35
23,106,804,3437,86,130
23,106,804,3439,105,210
23,106,804,3440,-197,279
23,106,804,3440,40,205
23,106,804,3443,56,284
23,106,804,3446,-239,277
23,106,805,3436,115,61
23,106,805,3442,-149,182
23,106,805,3448,47,392
23,106,806,3438,116,173
23,106,806,3441,-80,193
23,106,806,3444,46,310
23,106,806,3453,-161,389
23,106,806,3461,-323,-309
23,106,807,3436,-3,-130
23,106,807,3436,115,61
23,106,807,3442,38,258
23,106,807,3447,25,338
23,106,807,3449,206,239
23,106,807,3451,211,301
23,106,808,3436,-119,102
23,106,808,3437,-70,169
23,106,808,3437,-66,170
23,106,808,3438,-189,180
23,106,808,3441,22,234
23,106,808,3441,22,299
23,106,808,3446,33,339
23,106,808,3451,28,391
23,106,808,3454,-269,161
23,106,809,3436,-119,102
23,106,809,3436,-98,64
23,106,809,3437,-80,207
23,106,809,3437,-70,169
23,106,809,3443,19,260
23,106,809,3445,24,325
23,106,809,3446,14,287
23,106,809,3446,17,342
23,106,809,3446,19,392
23,106,810,3436,-115,61
23,106,811,3349,0,421
23,106,811,3436,86,130
23,106,811,3442,10,209
23,106,811,3448,-90,159
23,106,811,3448,0,261
23,106,812,3447,-18,366
23,106,813,3439,80,193
23,106,814,3435,-139,-119
23,106,814,3442,-157,0
23,106,816,3431,229,-17
23,106,820,3464,-141,-396
23,106,821,3449,419,41
23,106,821,3468,-140,-425
23,106,822,3467,-160,-417
23,106,823,3463,-418,-224
23,106,824,3466,-182,-409
23,106,825,3470,-181,-438
23,106,826,3470,-192,-433
23,106,827,3430,-126,-170
23,106,827,3444,-314,0
23,106,837,3370,-372,132
23,106,839,3471,-345,-361
23,106,840,3422,-418,0
23,106,844,3476,-353,-353
23,106,845,3477,-353,-353
23,106,846,3477,-353,-353
23,106,847,3477,-353,-353
23,106,848,3426,-471,0
23,106,848,3429,-471,0
23,106,848,3434,-471,0
23,106,851,3477,-361,-345
23,106,852,3421,-444,0
23,106,852,3428,-444,0
23,106,852,3431,-444,0
23,106,854,3443,-361,-345
23,106,854,3452,-444,22
23,106,855,3454,-444,10
23,106,855,3472,-353,-353
23,106,857,3430,-447,0
23,106,857,3448,-344,-359
23,106,857,3451,-344,-359
23,106,857,3454,-344,-359
23,106,858,3360,-500,0
23,106,858,3440,-351,-351
23,106,858,3451,-351,-351
23,106,858,3451,-344,-359
23,106,858,3452,-344,-359
23,106,858,3455,-344,-359
23,106,858,3456,-344,-359
23,106,858,3458,-344,-359
23,106,859,3419,-417,30
23,106,859,3420,-417,30
23,106,859,3422,-417,30
23,106,859,3423,-417,30
23,106,859,3424,-418,0
23,106,859,3424,-417,30
23,106,859,3425,-417,30
23,106,859,3426,-417,30
23,106,859,3427,-417,30
23,106,859,3428,-417,30
23,106,859,3429,-417,30
23,106,859,3430,-417,30
23,106,859,3431,-418,0
23,106,859,3431,-417,30
23,106,859,3432,-417,30
23,106,859,3433,-417,30
23,106,859,3451,-418,0
23,106,859,3452,-417,30
23,106,859,3454,-418,0
23,106,861,3364,-500,0
23,106,861,3427,-392,0
23,106,862,3423,-392,-9
23,106,862,3442,-392,8
23,106,862,3450,-421,0
23,106,863,3373,-498,-37
23,106,863,3423,-392,-9
23,106,863,3432,-392,19
23,106,863,3441,-392,19
23,106,863,3444,-392,0
23,106,863,3445,-392,0
23,106,865,3368,-500,0
23,106,865,3427,-366,0
23,106,865,3443,-366,0
23,106,866,3423,-366,-8
23,106,867,3418,-366,18
23,106,867,3419,-366,18
23,106,867,3420,-366,18
23,106,867,3421,-366,18
23,106,867,3422,-366,18
23,106,867,3423,-366,-8
23,106,867,3423,-366,18
23,106,867,3424,-366,0
23,106,867,3424,-366,18
23,106,867,3425,-366,18
23,106,867,3426,-366,18
23,106,867,3427,-366,18
23,106,867,3428,-366,18
23,106,867,3429,-366,18
23,106,867,3430,-366,18
23,106,867,3431,-366,0
23,106,867,3431,-366,18
23,106,867,3432,-366,18
23,106,867,3437,-366,-8
23,106,867,3440,-366,0
23,106,868,3414,-360,62
23,106,868,3428,-340,0
23,106,869,3421,-392,0
23,106,869,3421,-340,0
23,106,869,3422,-340,0
23,106,869,3425,-340,0
23,106,869,3426,-340,0
23,106,869,3428,-340,0
23,106,869,3429,-340,0
23,106,869,3431,-340,0
23,106,869,3433,-340,0
23,106,869,3434,-340,0
23,106,870,3396,-500,0
23,106,870,3430,-369,0
23,106,872,3421,-500,0
23,109,788,3451,-333,-157
23,109,791,3473,116,-174
23,109,799,3472,73,-223
23,109,800,3449,-258,332
23,109,800,3468,-57,-255
23,109,800,3471,63,-230
23,109,803,3474,133,-128
23,109,803,3532,130,6
23,109,804,3472,-165,-235
23,109,805,3470,-250,-339
23,109,806,3475,138,-74
23,109,807,3540,0,0
23,109,807,3540,26,0
23,109,808,3475,138,-74
23,109,808,3540,0,0
23,109,808,3540,13,21
23,109,808,3540,23,312
23,109,809,3474,101,-152
23,109,809,3532,-115,61
23,109,810,3474,171,-141
23,109,810,3475,115,-62
23,109,811,3472,17,-182
23,109,811,3532,0,52
23,109,811,3532,0,157
23,109,811,3535,0,287
23,109,811,3544,0,0
23,109,812,3509,78,7
23,109,812,3531,98,184
23,109,812,3532,-177,44
23,109,813,3455,-500,0
23,109,813,3548,211,394
23,109,817,3523,-185,0
23,109,817,3545,260,19
23,109,817,3550,372,248
23,109,821,3443,-140,424
23,109,821,3446,-132,400
23,109,821,3548,419,41
23,109,825,3512,-159,0
23,109,828,3511,-212,0
23,109,828,3512,-212,0
23,109,829,3512,-230,-63
23,109,829,3521,-157,0
23,109,830,3521,-157,0
23,109,830,3523,-157,0
23,109,833,3520,-238,0
23,109,835,3445,-500,0
23,109,838,3473,-283,188
23,109,839,3519,-418,0
23,109,840,3446,-500,25
23,109,841,3521,-418,0
23,109,843,3524,-421,0
23,109,844,3491,-444,0
23,109,845,3508,-495,36
23,109,845,3521,-392,0
23,109,848,3505,-471,0
23,109,848,3509,-471,0
23,109,848,3521,-471,0
23,109,850,3453,-471,10
23,109,850,3478,-471,23
23,109,850,3479,-471,23
23,109,850,3481,-471,23
23,109,850,3494,-471,23
23,109,850,3497,-471,23
23,109,850,3502,-471,23
23,109,850,3503,-471,23
23,109,850,3505,-471,23
23,109,850,3506,-471,23
23,109,850,3513,-471,23
23,109,850,3515,-471,23
23,109,850,3518,-471,23
23,109,850,3519,-471,23
23,109,852,3459,-345,361
23,109,852,3524,-444,0
23,109,854,3521,-444,22
23,109,855,3454,-444,10
23,109,856,3455,-345,361
23,109,856,3484,-418,0
23,109,857,3523,-500,0
23,109,857,3524,-500,-25
23,109,857,3524,-496,-60
23,109,858,3458,-344,358
23,109,858,3462,-344,358
23,109,858,3468,-344,358
23,109,858,3524,-496,-60
23,109,859,3451,-345,361
23,109,859,3475,-417,30
23,109,859,3476,-417,30
23,109,859,3477,-417,30
23,109,859,3478,-417,30
23,109,859,3479,-417,30
23,109,859,3480,-417,30
23,109,859,3481,-417,30
23,109,859,3482,-417,30
23,109,859,3483,-417,30
23,109,859,3484,-417,30
23,109,859,3485,-417,30
23,109,859,3486,-417,30
23,109,859,3487,-417,30
23,109,859,3488,-417,30
23,109,859,3489,-417,30
23,109,859,3490,-417,30
23,109,859,3491,-417,30
23,109,859,3492,-417,30
23,109,859,3493,-417,30
23,109,859,3494,-417,30
23,109,859,3495,-417,30
23,109,859,3496,-417,30
23,109,859,3497,-417,30
23,109,859,3498,-417,30
23,109,859,3499,-417,30
23,109,859,3500,-417,30
23,109,859,3501,-417,30
23,109,859,3502,-417,30
23,109,859,3503,-417,30
23,109,859,3504,-417,30
23,109,859,3505,-417,30
23,109,859,3506,-417,30
23,109,859,3507,-417,30
23,109,859,3508,-417,30
23,109,859,3509,-417,30
23,109,859,3510,-417,30
23,109,859,3511,-417,30
23,109,859,3512,-417,30
23,109,859,3513,-417,30
23,109,859,3514,-417,30
23,109,859,3515,-417,30
23,109,859,3518,-417,30
23,109,859,3519,-418,0
23,109,859,3519,-417,30
23,109,859,3520,-417,30
23,109,859,3521,-418,21
23,109,859,3521,-417,30
23,109,861,3484,-392,0
23,109,861,3523,-500,0
23,109,862,3483,-392,0
23,109,862,3510,-392,0
23,109,862,3513,-392,0
23,109,862,3521,-392,8
23,109,862,3523,-500,0
23,109,862,3523,-471,0
23,109,862,3523,-392,0
23,109,863,3484,-392,0
23,109,863,3515,-392,19
23,109,863,3519,-392,19
23,109,863,3521,-392,8
23,109,863,3521,-392,19
23,109,863,3522,-392,0
23,109,863,3523,-500,0
23,109,863,3523,-471,0
23,109,863,3523,-457,0
23,109,863,3524,-497,0
23,109,864,3484,-366,0
23,109,865,3484,-366,0
23,109,865,3523,-500,0
23,109,866,3483,-366,0
23,109,866,3484,-366,0
23,109,866,3486,-366,0
23,109,866,3487,-366,0
23,109,866,3510,-366,0
23,109,866,3511,-366,0
23,109,866,3513,-366,0
23,109,866,3517,-366,0
23,109,866,3520,-366,0
23,109,866,3521,-366,8
23,109,866,3521,-366,18
23,109,866,3523,-366,0
23,109,867,3472,-366,0
23,109,867,3473,-366,18
23,109,867,3474,-366,18
23,109,867,3475,-366,18
23,109,867,3476,-366,18
23,109,867,3477,-366,18
23,109,867,3478,-366,18
23,109,867,3479,-366,18
23,109,867,3480,-366,18
23,109,867,3481,-366,18
23,109,867,3482,-366,18
23,109,867,3483,-366,18
23,109,867,3484,-366,0
23,109,867,3484,-366,18
23,109,867,3485,-366,18
23,109,867,3486,-366,18
23,109,867,3487,-366,18
23,109,867,3488,-366,18
23,109,867,3489,-366,18
23,109,867,3490,-366,18
23,109,867,3491,-366,18
23,109,867,3492,-366,18
23,109,867,3493,-366,18
23,109,867,3494,-366,0
23,109,867,3494,-366,18
23,109,867,3495,-366,18
23,109,867,3496,-366,18
23,109,867,3497,-366,18
23,109,867,3498,-366,18
23,109,867,3499,-366,18
23,109,867,3500,-366,18
23,109,867,3501,-366,18
23,109,867,3502,-366,0
23,109,867,3502,-366,18
23,109,867,3503,-366,18
23,109,867,3504,-366,18
23,109,867,3505,-366,18
23,109,867,3506,-366,18
23,109,867,3507,-366,18
23,109,867,3508,-366,18
23,109,867,3509,-366,0
23,109,867,3509,-366,18
23,109,867,3510,-366,18
23,109,867,3511,-366,18
23,109,867,3512,-366,18
23,109,867,3513,-366,18
23,109,867,3514,-366,18
23,109,867,3516,-366,18
23,109,867,3517,-366,18
23,109,867,3518,-366,18
23,109,867,3519,-366,0
23,109,867,3519,-366,18
23,109,867,3520,-366,18
23,109,867,3521,-366,8
23,109,867,3522,-366,0
23,109,867,3523,-485,0
23,109,867,3523,-444,0
23,109,867,3523,-418,0
23,109,867,3523,-392,0
23,109,867,3523,-366,-8
23,109,867,3524,-398,0
23,109,867,3526,-366,0
23,109,868,3484,-340,0
23,109,868,3518,-417,40
23,109,868,3522,-418,0
23,109,868,3522,-340,0
23,109,868,3523,-500,0
23,109,868,3523,-431,0
23,109,868,3523,-366,0
23,109,868,3524,-471,0
23,109,868,3524,-418,0
23,109,868,3524,-340,0
23,109,869,3475,-340,0
23,109,869,3476,-340,0
23,109,869,3479,-340,0
23,109,869,3491,-340,0
23,109,869,3494,-340,0
23,109,869,3496,-340,0
23,109,869,3498,-340,0
23,109,869,3505,-340,0
23,109,869,3509,-340,0
23,109,869,3510,-340,0
23,109,869,3514,-340,0
23,109,869,3515,-492,85
23,109,869,3515,-340,0
23,109,869,3516,-340,0
23,109,869,3518,-340,0
23,109,869,3519,-340,0
23,109,869,3520,-340,0
23,109,869,3521,-340,0
23,109,869,3522,-340,0
23,109,869,3524,-369,0
23,109,870,3520,-361,18
23,109,870,3523,-500,0
23,109,870,3523,-497,0
23,109,870,3523,-418,0
23,109,870,3524,-471,0
23,109,870,3524,-398,0
23,109,871,3522,-500,0
23,109,871,3523,-500,0
23,109,872,3523,-500,0
23,111,796,3531,-25,6
23,111,796,3531,4,25
23,111,799,3528,-151,-393
23,111,799,3532,-234,-318
23,111,799,3532,-26,1
23,111,799,3532,-25,-5
23,111,800,3531,0,0
23,111,800,3531,22,12
23,111,800,3531,26,-1
23,111,800,3531,217,-362
23,111,800,3533,-211,-333
23,111,801,3531,0,0
23,111,801,3531,13,-22
23,111,801,3531,16,-20
23,111,801,3531,24,-10
23,111,801,3531,25,1
23,111,801,3531,26,0
23,111,801,3531,82,-413
23,111,801,3539,141,-75
23,111,801,3539,182,-36
23,111,802,3531,-26,0
23,111,802,3531,0,0
23,111,802,3531,21,13
23,111,802,3531,49,-60
23,111,802,3531,97,-37
23,111,802,3538,-151,-144
23,111,803,3531,21,13
23,111,803,3532,-381,-281
23,111,804,3531,22,12
23,111,804,3531,22,13
23,111,804,3531,130,0
23,111,804,3533,-316,-316
23,111,804,3533,-107,-325
23,111,804,3533,-99,-328
23,111,804,3535,-57,-230
23,111,805,3531,22,13
23,111,805,3531,29,-42
23,111,805,3531,45,25
23,111,805,3532,-58,-337
23,111,805,3533,-75,-335
23,111,806,3531,46,-25
23,111,806,3539,-183,-9
23,111,807,3531,104,0
23,111,807,3537,-61,-172
23,111,808,3531,1,-26
23,111,808,3531,130,0
23,111,808,3539,-116,-105
23,111,810,3531,-25,4
23,111,810,3537,-180,-108
23,111,810,3539,-25,-5
23,111,811,3499,0,500
23,111,811,3506,0,447
23,111,811,3527,0,26
23,111,811,3531,-77,-280
23,111,811,3531,0,0
23,111,812,3539,156,15
23,111,813,3529,-149,-149
23,111,814,3537,94,-157
23,111,815,3538,159,-90
23,111,820,3527,-107,-353
23,111,822,3545,199,-244
23,111,823,3499,-137,453
23,111,823,3527,66,-333
23,111,825,3575,0,0
23,111,826,3500,-181,438
23,111,826,3529,-266,168
23,111,831,3512,-500,0
23,111,831,3526,-427,228
23,111,834,3509,-500,0
23,111,838,3508,-500,-25
23,111,838,3510,-500,0
23,111,838,3511,-500,0
23,111,839,3511,-500,-25
23,111,839,3512,-500,-25
23,111,839,3580,-326,378
23,111,841,3512,-500,0
23,111,843,3512,-497,0
23,111,843,3513,-497,0
23,111,844,3512,-497,0
23,111,847,3530,-433,108
23,111,847,3531,-433,108
23,111,848,3529,-457,125
23,111,848,3532,-439,87
23,111,850,3517,-471,10
23,111,850,3523,-500,0
23,111,852,3528,-500,0
23,111,853,3509,-406,285
23,111,853,3521,-444,0
23,111,853,3528,-498,-37
23,111,853,3528,-498,37
23,111,854,3508,-384,270
23,111,854,3519,-444,10
23,111,854,3520,-444,0
23,111,854,3521,-444,-10
23,111,855,3509,-397,251
23,111,855,3520,-418,0
23,111,855,3527,-335,371
23,111,856,3508,-392,260
23,111,857,3511,-359,343
23,111,857,3511,-351,351
23,111,857,3512,-359,343
23,111,857,3512,-351,351
23,111,857,3513,-359,343
23,111,857,3513,-351,351
23,111,857,3514,-359,343
23,111,857,3514,-351,351
23,111,857,3515,-359,343
23,111,857,3515,-351,351
23,111,857,3516,-351,351
23,111,857,3517,-351,351
23,111,857,3518,-359,343
23,111,857,3518,-351,351
23,111,857,3519,-359,343
23,111,857,3519,-351,351
23,111,857,3520,-465,69
23,111,857,3520,-359,343
23,111,857,3520,-351,351
23,111,857,3521,-359,343
23,111,857,3521,-351,351
23,111,857,3522,-351,351
23,111,857,3523,-418,9
23,111,857,3523,-359,343
23,111,857,3523,-351,351
23,111,857,3524,-418,0
23,111,857,3524,-359,343
23,111,857,3524,-351,351
23,111,857,3525,-359,343
23,111,857,3525,-351,351
23,111,857,3526,-351,351
23,111,857,3527,-359,343
23,111,857,3527,-351,351
23,111,857,3528,-351,351
23,111,857,3529,-359,343
23,111,857,3529,-351,351
23,111,857,3530,-359,343
23,111,857,3530,-351,351
23,111,857,3531,-351,351
23,111,857,3532,-359,343
23,111,857,3532,-351,351
23,111,857,3533,-359,343
23,111,857,3533,-351,351
23,111,857,3534,-359,343
23,111,857,3534,-351,351
23,111,857,3535,-359,343
23,111,857,3536,-351,351
23,111,857,3539,-359,343
23,111,857,3539,-351,351
23,111,858,3503,-344,358
23,111,858,3521,-418,21
23,111,858,3522,-378,326
23,111,858,3524,-500,0
23,111,858,3524,-471,0
23,111,858,3524,-418,0
23,111,858,3525,-418,0
23,111,858,3535,-344,358
23,111,859,3521,-417,30
23,111,859,3523,-483,11
23,111,859,3524,-451,0
23,111,859,3526,-418,0
23,111,860,3516,-490,97
23,111,860,3516,-340,325
23,111,860,3517,-492,85
23,111,860,3517,-340,325
23,111,860,3518,-340,325
23,111,860,3519,-340,325
23,111,860,3520,-340,325
23,111,860,3521,-340,325
23,111,860,3522,-340,325
23,111,860,3523,-500,0
23,111,860,3523,-500,11
23,111,860,3523,-444,0
23,111,860,3523,-340,325
23,111,860,3524,-500,0
23,111,860,3524,-392,0
23,111,860,3524,-340,325
23,111,860,3525,-340,325
23,111,860,3526,-340,325
23,111,860,3527,-340,325
23,111,860,3528,-340,325
23,111,860,3529,-340,325
23,111,860,3530,-340,325
23,111,860,3533,-340,325
23,111,860,3536,-340,325
23,111,861,3516,-490,97
23,111,861,3516,-488,109
23,111,861,3517,-492,85
23,111,861,3520,-454,55
23,111,861,3521,-392,8
23,111,861,3522,-392,0
23,111,861,3523,-500,0
23,111,861,3523,-451,0
23,111,861,3524,-500,0
23,111,861,3524,-471,0
23,111,861,3524,-451,0
23,111,861,3526,-418,-10
23,111,862,3516,-371,335
23,111,862,3518,-371,335
23,111,862,3521,-371,335
23,111,862,3523,-371,335
23,111,862,3524,-500,0
23,111,862,3586,-490,-97
23,111,863,3516,-494,74
23,111,863,3517,-494,74
23,111,866,3590,-498,-37
23,112,805,3512,120,481
23,112,811,3512,0,500
23,112,811,3514,0,500
23,112,811,3558,-24,9
23,112,811,3560,-26,-2
23,112,811,3561,-26,-2
23,112,811,3561,-26,-1
23,112,811,3562,-26,-2
23,112,811,3568,-74,-138
23,112,811,3568,0,0
23,112,811,3571,-74,-138
23,112,812,3558,-26,1
23,112,812,3569,-26,-1
23,112,814,3585,239,159
23,112,816,3528,-246,435
23,112,816,3539,-121,484
23,112,816,3544,-48,498
23,112,821,3539,-140,424
23,112,821,3552,-140,424
23,112,822,3515,-132,482
23,112,822,3540,-140,424
23,112,822,3540,-121,484
23,112,822,3541,-121,484
23,112,822,3551,-140,424
23,112,822,3574,-141,396
23,112,823,3540,-121,484
23,112,824,3530,-277,416
23,112,824,3531,-277,416
23,112,824,3541,-132,482
23,112,824,3547,-148,449
23,112,824,3567,-170,442
23,112,825,3531,-277,416
23,112,825,3542,-156,474
23,112,825,3542,-144,478
23,112,827,3526,-441,236
23,112,827,3532,-144,478
23,112,827,3559,-441,236
23,112,828,3527,-441,236
23,112,828,3537,-306,394
23,112,828,3578,-242,343
23,112,828,3583,-96,123
23,112,830,3565,-172,200
23,112,831,3577,-250,339
23,112,832,3524,-500,0
23,112,832,3568,-335,371
23,112,835,3567,-345,361
23,112,836,3565,-277,416
23,112,836,3574,-318,351
23,112,836,3574,-309,358
23,112,837,3562,-300,332
23,112,837,3566,-287,408
23,112,839,3561,-361,345
23,112,839,3562,-361,345
23,112,839,3563,-361,345
23,112,839,3567,-361,345
23,112,839,3568,-361,345
23,112,840,3561,-345,361
23,112,840,3563,-296,402
23,112,842,3593,-421,0
23,112,843,3566,-345,361
23,112,843,3604,-421,0
23,112,845,3596,-447,0
23,112,845,3599,-442,66
23,112,846,3554,-353,353
23,112,846,3560,-353,353
23,112,846,3561,-353,353
23,112,846,3563,-353,353
23,112,846,3582,-494,-74
23,112,846,3586,-361,345
23,112,847,3554,-353,353
23,112,847,3555,-353,353
23,112,847,3564,-353,353
23,112,848,3567,-361,345
23,112,848,3587,-447,0
23,112,848,3592,-148,449
23,112,850,3550,-353,353
23,112,850,3551,-353,353
23,112,850,3552,-353,353
23,112,850,3553,-353,353
23,112,850,3579,-345,361
23,112,851,3552,-287,408
23,112,851,3580,-500,0
23,112,852,3580,-488,-109
23,112,852,3587,-361,345
23,112,852,3595,-361,345
23,112,853,3551,-287,408
23,112,853,3565,-345,361
23,112,853,3567,-353,353
23,112,853,3568,-345,361
23,112,853,3580,-473,0
23,112,853,3586,-335,371
23,112,853,3587,-473,0
23,112,854,3548,-287,408
23,112,854,3555,-345,361
23,112,856,3562,-345,361
23,112,857,3542,-359,343
23,112,857,3542,-351,351
23,112,857,3543,-359,343
23,112,857,3543,-351,351
23,112,857,3544,-359,343
23,112,857,3544,-351,351
23,112,857,3545,-351,351
23,112,857,3546,-351,351
23,112,857,3548,-351,351
23,112,857,3549,-351,351
23,112,857,3550,-359,343
23,112,857,3550,-351,351
23,112,857,3551,-351,351
23,112,857,3551,-344,358
23,112,857,3552,-351,351
23,112,857,3553,-359,343
23,112,857,3553,-351,351
23,112,857,3554,-351,351
23,112,857,3554,-334,368
23,112,857,3555,-359,343
23,112,857,3555,-351,351
23,112,857,3556,-359,343
23,112,857,3556,-351,351
23,112,857,3557,-359,343
23,112,857,3557,-351,351
23,112,858,3540,-344,358
23,112,858,3546,-344,358
23,112,858,3551,-334,368
23,112,858,3557,-359,343
23,112,858,3563,-394,306
23,112,858,3591,-500,-25
23,112,859,3557,-369,333
23,112,859,3557,-359,343
23,112,860,3551,-340,325
23,112,860,3552,-340,325
23,112,860,3553,-340,325
23,112,860,3554,-340,325
23,112,860,3556,-386,316
23,112,860,3581,-500,-11
23,112,860,3604,-500,0
23,112,861,3557,-371,335
23,112,861,3559,-386,316
23,112,861,3560,-394,306
23,112,861,3581,-500,0
23,112,861,3588,-500,0
23,112,861,3589,-498,-37
23,112,862,3541,-371,335
23,112,862,3542,-371,335
23,112,862,3557,-378,326
23,112,862,3560,-394,306
23,112,862,3561,-402,296
23,112,864,3596,-484,121
23,112,865,3597,-488,109
23,112,865,3604,-500,0
23,112,866,3590,-498,-37
23,112,868,3595,-488,109
23,112,870,3580,-500,0
23,112,870,3587,-500,0
23,112,870,3604,-500,0
23,112,871,3580,-500,0
23,112,871,3581,-500,0
23,112,871,3582,-500,-11
23,112,871,3585,-496,-60
23,112,871,3588,-500,0
23,112,872,3604,-500,0
24,113,811,3563,0,500
24,113,811,3573,0,421
24,113,811,3575,0,395
24,113,811,3580,0,369
24,113,811,3586,0,238
24,113,811,3594,-16,19
24,113,811,3595,-24,9
24,113,811,3595,0,0
24,113,811,3597,-26,-1
24,113,812,3573,-31,419
24,113,812,3586,-1,25
24,113,813,3569,-33,445
24,113,813,3570,-33,445
24,113,814,3597,-466,-81
24,113,815,3585,-84,278
24,113,815,3598,-121,140
24,113,816,3553,-121,484
24,113,818,3580,-107,353
24,113,819,3596,-319,274
24,113,823,3589,-383,-96
24,113,824,3547,-156,474
24,113,824,3574,-312,-242
24,113,824,3586,-235,245
24,113,824,3591,-90,-328
24,113,826,3569,-192,432
24,113,826,3602,92,-126
24,113,829,3592,-198,-171
24,113,829,3594,-96,-271
24,113,829,3596,13,-261
24,113,829,3603,86,-130
24,113,830,3588,214,-101
24,113,830,3596,13,-261
24,113,831,3597,-45,-257
24,113,832,3599,20,-208
24,113,833,3591,-130,-315
24,113,833,3592,-210,-155
24,113,833,3595,15,-314
24,113,833,3599,22,-234
24,113,834,3596,7,-342
24,113,835,3599,23,-237
24,113,835,3602,128,-134
24,113,835,3603,94,44
24,113,836,3564,-345,361
24,113,836,3596,-45,-260
24,113,836,3602,116,-174
24,113,836,3603,149,-105
24,113,837,3596,-7,-290
24,113,837,3598,-91,-220
24,113,837,3603,141,-75
24,113,838,3598,134,-225
24,113,838,3602,103,-155
24,113,838,3602,117,-176
24,113,839,3562,-345,361
24,113,839,3563,-345,361
24,113,839,3564,-345,361
24,113,839,3600,20,-211
24,113,839,3600,25,-210
24,113,839,3602,72,-108
24,113,839,3602,89,-128
24,113,839,3602,103,-155
24,113,839,3602,106,-151
24,113,840,3562,-345,361
24,113,840,3596,14,-290
24,113,841,3562,-335,371
24,113,841,3599,118,-236
24,113,841,3600,-255,57
24,113,841,3601,-50,-121
24,113,841,3601,116,-174
24,113,842,3587,-201,209
24,113,843,3586,-361,345
24,113,845,3560,-361,345
24,113,845,3560,-335,371
24,113,845,3560,-277,416
24,113,845,3583,-335,371
24,113,845,3599,-309,-69
24,113,846,3560,-287,408
24,113,846,3572,-345,361
24,113,846,3575,-345,361
24,113,847,3562,-345,361
24,113,847,3572,-345,361
24,113,847,3590,-110,149
24,113,848,3560,-296,402
24,113,848,3568,-353,353
24,113,848,3572,-345,361
24,113,848,3592,-107,75
24,113,849,3560,-353,353
24,113,849,3568,-353,353
24,113,849,3569,-345,361
24,113,850,3561,-353,353
24,113,850,3561,-335,371
24,113,850,3562,-353,353
24,113,850,3562,-335,371
24,113,850,3563,-335,371
24,113,850,3564,-345,361
24,113,850,3565,-353,353
24,113,850,3567,-353,353
24,113,850,3568,-353,353
24,113,851,3564,-345,361
24,113,851,3565,-353,353
24,113,851,3588,-151,144
24,113,851,3588,-116,141
24,113,851,3589,-151,144
24,113,851,3589,-132,161
24,113,852,3564,-361,345
24,113,852,3565,-353,353
24,113,852,3588,-170,162
24,113,852,3588,-151,144
24,113,857,3582,-227,216
24,113,857,3582,-217,226
24,113,857,3582,-205,237
24,113,864,3596,-411,92
24,113,865,3590,-277,277
24,113,865,3595,-411,92
24,113,866,3596,-350,115
24,113,869,3591,-450,148
24,113,869,3594,-372,132
24,113,869,3595,-378,114
24,113,870,3589,-372,198
24,113,870,3595,-378,114
24,113,870,3597,-387,76
24,113,872,3587,-492,-85
24,113,872,3593,-393,151
24,113,872,3594,-403,121
24,113,874,3578,-303,248
24,113,874,3591,-417,160
24,113,874,3593,-459,114
24,113,874,3595,-407,111
24,113,875,3590,-414,171
24,113,877,3588,-433,192
24,113,877,3589,-414,171
24,113,878,3588,-433,192
24,113,878,3589,-438,181
24,113,879,3584,-345,361
24,113,881,3564,-345,361
24,113,881,3565,-345,361
24,113,881,3566,-361,345
24,113,881,3566,-353,353
24,113,881,3566,-345,361
24,113,881,3590,-500,-25
24,113,882,3566,-353,353
24,113,882,3573,-353,353
24,113,883,3566,-361,345
24,113,884,3604,-500,0
24,113,884,3610,-500,0
24,113,884,3612,-500,0
24,113,885,3604,-500,0
24,113,885,3604,-473,0
24,113,885,3621,-473,0
24,113,886,3569,-353,353
24,113,886,3636,-498,48
24,113,887,3588,-500,-11
24,113,887,3589,-498,-37
24,113,896,3604,-500,0
24,113,898,3593,-500,0
38,10,1172,403,291,-339
38,10,1177,406,191,-462
38,10,1184,406,0,-500
38,10,1197,409,358,-344
38,10,1197,410,368,-334
38,10,1216,383,226,-217
38,10,1217,390,366,-300
38,10,1218,381,207,-199
38,10,1219,380,207,-199
38,10,1222,376,151,-144
38,10,1226,373,94,-90
38,10,1226,382,305,-250
38,10,1227,389,0,-395
38,10,1227,397,0,-447
38,10,1240,411,121,-484
38,10,1244,395,0,-473
38,10,1244,395,0,-421
38,10,1244,401,0,-471
38,10,1244,410,0,-500
38,10,1244,420,0,-392
38,10,1244,425,0,-500
38,10,1245,398,-23,-447
38,10,1245,405,46,-472
38,10,1245,415,-20,-392
38,10,1245,419,-8,-366
38,10,1245,422,-8,-340
38,10,1246,412,-21,-418
38,10,1247,420,-18,-366
38,10,1248,414,0,-392
38,10,1248,417,0,-405
38,10,1248,418,0,-366
38,10,1248,419,0,-500
38,10,1248,419,0,-387
38,10,1249,398,-25,-497
38,10,1249,408,-22,-444
38,10,1249,412,-21,-418
38,10,1249,420,-27,-365
38,10,1249,420,-18,-366
38,10,1249,420,-8,-366
38,10,1250,415,-35,-469
38,10,1250,420,-33,-443
38,10,1250,420,-27,-365
38,10,1250,420,-18,-366
38,10,1251,412,-50,-415
38,10,1251,412,-41,-417
38,10,1251,420,-35,-365
38,10,1251,420,-27,-365
38,10,1252,412,-62,-414
38,10,1252,420,-44,-363
38,10,1252,420,-35,-365
38,10,1252,420,-18,-366
38,10,1253,420,-44,-363
38,10,1253,420,-18,-366
38,10,1254,420,-63,-360
38,10,1254,420,-54,-362
38,10,1255,408,-22,-444
38,10,1255,409,-128,-426
38,10,1255,420,-18,-366
38,10,1256,408,-22,-444
38,10,1256,418,-80,-358
38,10,1256,420,-18,-366
38,10,1256,421,-80,-358
38,10,1256,421,-71,-359
38,10,1257,420,-18,-366
38,10,1257,421,-89,-355
38,10,1258,400,-257,-429
38,10,1258,421,0,-340
38,10,1259,408,-22,-444
38,10,1259,420,-18,-366
38,10,1259,421,-97,-353
38,10,1260,401,0,-471
38,10,1260,418,-123,-372
38,10,1260,420,-18,-366
38,10,1260,421,-106,-350
38,10,1260,421,0,-340
38,10,1261,408,-22,-444
38,10,1261,412,-21,-418
38,10,1261,420,-18,-366
38,10,1262,408,-22,-444
38,10,1262,412,-21,-418
38,10,1262,420,-18,-366
38,10,1263,420,-18,-366
38,10,1263,421,0,-340
38,10,1264,412,-21,-418
38,10,1264,416,-29,-391
38,10,1265,409,-252,-397
38,10,1265,420,-18,-366
38,10,1266,420,-18,-366
38,10,1267,412,-21,-418
38,10,1268,408,-22,-444
38,10,1268,420,-18,-366
38,10,1269,420,-18,-366
38,10,1270,417,-232,-348
38,10,1271,411,-280,-379
38,10,1271,420,-18,-366
38,10,1272,421,0,-340
38,10,1273,412,-21,-418
38,10,1273,415,-273,-351
38,10,1273,420,-18,-366
38,10,1274,415,-273,-351
38,10,1274,420,-18,-366
38,10,1275,385,12,-130
38,10,1276,408,-22,-444
38,10,1277,408,-22,-444
38,10,1277,420,-18,-366
38,10,1278,420,-18,-366
38,10,1279,413,-345,-361
38,10,1280,408,-22,-444
38,10,1280,420,-18,-366
38,10,1281,420,-18,-366
38,10,1282,408,-371,-335
38,10,1282,420,-18,-366
38,10,1284,412,-21,-418
38,10,1284,420,-18,-366
38,10,1285,406,-353,-353
38,10,1285,408,-371,-335
38,10,1285,420,-18,-366
38,10,1286,408,-353,-353
38,10,1287,408,-22,-444
38,10,1287,420,-18,-366
38,10,1288,364,-233,124
38,10,1288,364,-153,91
38,10,1288,410,-359,-344
38,10,1288,412,-21,-418
38,10,1288,420,-18,-366
38,10,1289,364,-74,138
38,10,1289,365,-113,169
38,10,1289,365,-101,152
38,10,1289,366,-65,137
38,10,1289,412,-361,-345
38,10,1289,412,-353,-353
38,10,1289,420,-18,-366
38,10,1290,365,-84,126
38,10,1290,408,-371,-335
38,10,1290,408,-361,-345
38,10,1290,412,-21,-418
38,10,1290,413,-361,-345
38,10,1291,401,0,-471
38,10,1291,412,-21,-418
38,10,1291,420,-18,-366
38,10,1291,421,0,-395
38,10,1291,421,0,-340
38,10,1292,348,12,-23
38,10,1292,348,43,-29
38,10,1292,351,78,-7
38,10,1292,357,105,-116
38,10,1292,360,35,179
38,10,1292,361,55,-92
38,10,1292,361,99,121
38,10,1292,361,115,141
38,10,1292,361,181,-22
38,10,1292,362,12,-23
38,10,1292,362,43,-29
38,10,1292,363,-87,130
38,10,1292,363,76,136
38,10,1292,363,78,-21
38,10,1292,363,99,121
38,10,1292,364,-58,-117
38,10,1292,365,26,154
38,10,1292,368,28,233
38,10,1292,412,-21,-418
38,10,1292,420,-18,-366
38,10,1293,348,78,-7
38,10,1293,362,100,242
38,10,1293,367,70,196
38,10,1293,370,105,253
38,10,1293,372,150,363
38,10,1293,411,-359,-344
38,10,1293,412,0,-418
38,10,1293,420,-18,-366
38,10,1293,420,0,-366
38,10,1294,356,-135,80
38,10,1294,357,172,-61
38,10,1294,366,178,153
38,10,1294,371,148,247
38,10,1295,357,372,-248
38,10,1295,360,182,-17
38,10,1295,362,91,51
38,10,1295,362,130,0
38,10,1295,363,41,66
38,10,1295,364,-200,-60
38,10,1295,367,54,132
38,10,1295,370,222,182
38,10,1296,355,330,-166
38,10,1296,361,43,-65
38,10,1296,362,235,0
38,10,1297,361,261,5
38,10,1297,365,261,0
38,10,1298,359,286,-28
38,10,1298,361,261,5
38,10,1298,364,264,0
38,10,1298,366,260,19
38,10,1300,357,0,26
38,10,1300,358,264,167
38,10,1300,358,312,23
38,10,1300,358,338,25
38,10,1300,359,0,0
38,10,1300,359,1,26
38,10,1300,359,78,3
38,10,1300,359,269,161
38,10,1300,359,340,17
38,10,1300,360,0,0
38,10,1300,360,1,25
38,10,1300,361,130,6
38,10,1300,362,0,0
38,10,1300,362,2,-26
38,10,1300,373,358,71
38,10,1300,410,0,-418
38,10,1300,418,0,-366
38,10,1301,364,-266,-110
38,10,1301,371,256,50
38,10,1301,412,-21,-418
38,10,1301,416,-29,-391
38,10,1303,363,-20,-16
38,10,1303,363,-10,-24
38,10,1304,363,-25,-5
38,10,1304,363,-10,-24
38,10,1304,365,125,198
38,10,1305,363,-20,-16
38,10,1305,391,-189,-377
38,10,1307,367,83,-275
38,10,1307,367,260,-261
38,10,1308,363,-26,0
38,10,1309,363,-25,-5
38,10,1309,365,-72,-362
38,10,1309,371,221,-222
38,10,1313,369,105,-350
38,10,1331,395,-378,-326
38,10,1333,399,-353,-353
38,10,1333,402,-371,-335
38,10,1340,363,-500,0
40,9,1225,301,467,70
40,9,1261,306,-235,-5
40,9,1273,368,484,-121
40,9,1273,371,462,-191
40,9,1274,367,484,-121
40,9,1274,368,482,-132
40,9,1275,368,482,-132
40,9,1276,376,236,-441
40,9,1277,363,500,0
40,9,1280,366,478,-144
40,9,1282,371,386,-316
40,9,1282,374,316,-386
40,9,1288,376,109,-488
40,9,1290,374,361,-345
40,9,1291,362,0,-421
40,9,1291,366,0,-447
40,9,1296,358,67,-389
40,9,1300,333,0,-212
40,9,1300,338,12,23
40,9,1300,340,130,-196
40,9,1300,342,5,-25
40,9,1300,343,16,-20
40,9,1300,362,-451,-212
40,9,1300,362,0,-421
40,9,1300,363,-407,0
40,9,1301,363,-435,-246
40,9,1302,363,-341,0
40,9,1302,381,0,-500
40,9,1304,363,-209,0
40,9,1306,363,-500,0
40,9,1306,363,-199,-199
40,9,1307,363,-500,0
40,9,1308,363,-500,0
40,9,1308,381,148,-450
40,9,1309,363,-500,0
40,9,1309,376,156,-474
40,9,1309,381,0,-500
40,9,1312,377,-335,-371
40,9,1313,377,-335,-371
40,9,1315,373,-416,-277
40,9,1316,373,-416,-277
40,9,1317,367,-484,-121
40,9,1317,371,-457,-203
40,9,1318,372,-416,-277
41,10,1271,363,78,0
41,10,1272,392,323,-309
41,10,1274,393,378,-326
41,10,1277,390,358,-309
41,10,1279,409,361,-345
41,10,1279,410,361,-345
41,10,1279,412,353,-353
41,10,1281,411,361,-345
41,10,1282,406,361,-345
41,10,1284,409,361,-345
41,10,1291,359,-46,233
41,10,1293,416,0,-392
41,10,1294,365,-80,150
41,10,1296,361,-167,-29
41,10,1299,361,-43,-29
41,10,1299,361,-12,-23
41,10,1299,363,-111,-208
41,10,1299,363,-78,0
41,10,1299,363,-52,0
41,10,1299,363,-52,5
41,10,1300,421,0,-340
41,10,1300,422,0,-447
41,10,1301,412,-21,-418
41,10,1302,412,-21,-418
41,10,1302,412,0,-418
41,10,1302,418,131,-369
41,10,1302,420,-18,-366
41,10,1302,420,0,-366
41,10,1302,421,0,-340
41,10,1303,412,-21,-418
41,10,1303,420,-18,-366
41,10,1304,412,-21,-418
41,10,1304,414,140,-394
41,10,1304,420,-18,-366
41,10,1304,421,0,-340
41,10,1305,408,-22,-444
41,10,1305,412,-21,-418
41,10,1305,420,-18,-366
41,10,1306,412,-21,-418
41,10,1306,420,-18,-366
41,10,1307,412,-21,-418
41,10,1307,420,-18,-366
41,10,1308,412,-21,-418
41,10,1308,420,-18,-366
41,10,1309,403,-24,-471
41,10,1309,412,-21,-418
41,10,1309,420,-18,-366
41,10,1309,421,0,-340
41,10,1310,398,-25,-497
41,10,1310,408,-22,-444
41,10,1310,412,-21,-418
41,10,1310,420,-18,-366
41,10,1311,412,-21,-418
41,10,1311,420,-18,-366
41,10,1311,421,0,-340
41,10,1312,412,-21,-418
41,10,1312,414,0,-414
41,10,1312,414,0,-392
41,10,1312,418,0,-387
41,10,1312,418,0,-366
41,10,1312,420,-18,-366
41,10,1312,420,18,-366
41,10,1313,403,-24,-471
41,10,1313,412,-21,-418
41,10,1313,420,-18,-366
41,10,1314,402,-24,-471
41,10,1314,412,-21,-418
41,10,1314,420,-18,-366
41,10,1315,408,-22,-444
41,10,1315,412,-21,-418
41,10,1315,420,-18,-366
41,10,1316,412,-21,-418
41,10,1316,420,-18,-366
41,10,1316,421,0,-340
41,10,1317,412,-21,-418
41,10,1317,420,-18,-366
41,10,1317,421,0,-340
41,10,1318,392,0,-418
41,10,1318,412,-21,-418
41,10,1318,420,-18,-366
41,10,1318,421,0,-340
41,10,1319,408,-22,-444
41,10,1319,412,-21,-418
41,10,1319,420,-18,-366
41,10,1320,408,-22,-444
41,10,1320,412,-21,-418
41,10,1320,420,-18,-366
41,10,1321,412,-21,-418
41,10,1321,420,-18,-366
41,10,1321,421,0,-340
41,10,1322,408,-22,-444
41,10,1322,412,-21,-418
41,10,1322,420,-18,-366
41,10,1322,421,0,-340
41,10,1323,401,0,-471
41,10,1323,408,-22,-444
41,10,1323,412,-21,-418
41,10,1323,420,-18,-366
41,10,1323,421,0,-340
41,10,1324,389,0,-444
41,10,1324,412,-21,-418
41,10,1324,420,-18,-366
41,10,1325,408,-22,-444
41,10,1325,408,0,-444
41,10,1325,412,0,-418
41,10,1325,420,-18,-366
41,10,1325,420,0,-366
41,10,1325,421,0,-340
41,10,1326,411,343,-359
41,10,1326,411,351,-351
41,10,1326,412,-21,-418
41,10,1326,420,-18,-366
41,10,1327,408,-22,-444
41,10,1327,410,351,-351
41,10,1327,420,-18,-366
41,10,1328,380,43,-123
41,10,1328,408,-22,-444
41,10,1328,420,-18,-366
41,10,1329,412,-21,-418
41,10,1329,420,-18,-366
41,10,1330,407,353,-353
41,10,1330,408,-22,-444
41,10,1330,412,-21,-418
41,10,1330,420,-18,-366
41,10,1331,412,-21,-418
41,10,1331,420,-18,-366
41,10,1331,420,18,-366
41,10,1332,398,25,-497
41,10,1332,408,-22,-444
41,10,1332,412,-21,-418
41,10,1332,420,-18,-366
41,10,1332,421,0,-340
41,10,1333,412,-21,-418
41,10,1333,420,-18,-366
41,10,1333,420,18,-366
41,10,1334,398,25,-497
41,10,1334,412,-21,-418
41,10,1334,420,-18,-366
41,10,1334,420,18,-366
41,10,1335,407,32,-443
41,10,1335,408,-22,-444
41,10,1335,412,-21,-418
41,10,1335,420,-18,-366
41,10,1336,412,-21,-418
41,10,1336,420,-18,-366
41,10,1336,421,0,-340
41,10,1337,408,-22,-444
41,10,1337,412,-21,-418
41,10,1337,420,-18,-366
41,10,1338,408,-22,-444
41,10,1338,420,-18,-366
41,10,1339,420,-18,-366
41,10,1340,412,-21,-418
41,10,1340,420,-18,-366
41,10,1341,408,-22,-444
41,10,1341,420,-18,-366
41,10,1341,421,0,-340
41,10,1342,389,0,-444
41,10,1342,412,-21,-418
41,10,1342,420,-18,-366
41,10,1343,420,-18,-366
41,10,1344,408,-22,-444
41,10,1344,412,-21,-418
41,10,1344,416,-29,-391
41,10,1344,420,-18,-366
41,10,1345,420,-18,-366
41,10,1346,408,-22,-444
41,10,1346,420,-18,-366
41,10,1346,421,0,-340
41,10,1347,392,0,-418
41,10,1347,401,0,-471
41,10,1347,412,-21,-418
41,10,1347,420,-18,-366
41,10,1347,421,0,-340
41,10,1348,412,-21,-418
41,10,1348,420,-18,-366
41,10,1349,412,-21,-418
41,10,1349,420,-18,-366
41,10,1350,408,-22,-444
41,10,1350,420,-18,-366
41,10,1351,408,-22,-444
41,10,1351,420,-18,-366
41,10,1352,389,0,-444
41,10,1352,408,-22,-444
41,10,1352,420,-18,-366
41,10,1353,408,-22,-444
41,10,1353,420,-18,-366
41,10,1354,420,-18,-366
41,10,1355,408,-22,-444
41,10,1355,421,0,-340
41,10,1356,412,-21,-418
41,10,1356,420,-18,-366
41,10,1357,420,-18,-366
41,10,1358,412,-21,-418
41,10,1358,420,-18,-366
41,10,1359,408,-22,-444
41,10,1359,420,-18,-366
41,10,1359,421,0,-340
41,10,1360,408,-22,-444
41,10,1360,420,-18,-366
41,10,1361,420,-18,-366
41,10,1362,412,-21,-418
41,10,1362,420,-18,-366
41,10,1363,408,-22,-444
41,10,1363,420,-18,-366
41,10,1364,412,-21,-418
41,10,1364,420,-18,-366
41,10,1365,408,-22,-444
41,10,1365,412,-21,-418
41,10,1365,420,-18,-366
41,10,1366,412,0,-418
41,10,1366,420,-18,-366
41,10,1366,420,0,-366
41,10,1367,389,0,-444
41,10,1367,408,-22,-444
41,10,1368,420,-18,-366
41,10,1369,420,-18,-366
41,10,1371,408,-22,-444
41,10,1372,420,-18,-366
41,10,1373,408,-22,-444
41,10,1373,420,-18,-366
41,10,1374,420,-18,-366
41,10,1375,420,-18,-366
41,10,1376,408,-22,-444
41,10,1376,412,0,-418
41,10,1376,414,0,-392
41,10,1376,418,0,-387
41,10,1376,418,0,-366
41,10,1376,420,-18,-366
41,10,1376,420,0,-366
41,10,1377,408,-22,-444
41,10,1377,412,-21,-418
41,10,1377,413,-29,-391
41,10,1377,414,-35,-469
41,10,1377,420,-27,-365
41,10,1377,420,-18,-366
41,10,1378,395,-31,-419
41,10,1378,412,-21,-418
41,10,1378,417,-27,-365
41,10,1378,418,-27,-365
41,10,1378,420,-18,-366
41,10,1379,414,19,-392
41,10,1379,418,8,-366
41,10,1379,420,-18,-366
41,10,1380,401,0,-473
41,10,1380,404,0,-500
41,10,1380,411,0,-444
41,10,1380,414,0,-471
41,10,1380,415,-72,-412
41,10,1380,420,0,-392
41,10,1381,420,-58,-388
41,10,1382,415,-41,-417
41,10,1382,418,-29,-391
41,10,1382,419,-29,-391
41,10,1383,419,-29,-391
41,10,1386,411,-144,-478
41,10,1388,351,78,-7
41,10,1388,354,-35,98
41,10,1388,356,86,161
41,10,1388,357,61,115
41,10,1388,358,61,115
41,10,1388,360,61,115
41,10,1388,361,86,57
41,10,1388,371,125,198
41,10,1389,355,146,153
41,10,1389,365,169,69
41,10,1389,421,-132,-482
41,10,1390,361,173,116
41,10,1390,362,124,168
41,10,1390,364,140,155
41,10,1391,362,182,17
41,10,1391,363,500,0
41,10,1392,351,212,100
41,10,1393,363,260,-19
41,10,1394,363,261,0
41,10,1394,364,261,0
41,10,1395,354,267,-169
41,10,1395,355,303,-76
41,10,1395,363,261,-13
41,10,1395,363,261,0
41,10,1397,363,287,0
41,10,1399,357,335,66
41,10,1400,347,319,-180
41,10,1402,412,-353,-353
41,10,1403,363,273,154
41,10,1405,361,264,-253
41,10,1406,359,304,203
41,10,1407,365,183,289
41,10,1408,368,23,312
41,10,1420,393,-359,-309
42,9,1271,275,498,37
42,9,1370,369,470,-167
42,9,1370,369,478,-144
42,9,1370,373,435,-246
42,9,1372,363,451,-212
42,9,1372,363,500,0
42,9,1372,372,416,-277
42,9,1373,363,500,0
42,9,1373,374,402,-296
42,9,1374,363,500,0
42,9,1376,363,451,-212
42,9,1376,363,466,-179
42,9,1376,363,500,0
42,9,1376,378,0,-500
42,9,1376,380,0,-500
42,9,1377,368,466,-179
42,9,1378,365,408,-91
42,9,1378,376,236,-441
42,9,1378,379,0,-500
42,9,1379,378,0,-500
42,9,1380,377,199,-398
42,9,1380,381,0,-500
42,9,1380,382,0,-500
42,9,1381,372,287,-408
42,9,1382,380,287,-408
42,9,1384,363,209,0
42,9,1384,363,389,-47
42,9,1385,363,235,0
42,9,1385,379,48,-498
42,9,1387,335,-21,15
42,9,1387,338,-15,-21
42,9,1387,361,207,-111
42,9,1387,362,0,-421
42,9,1387,363,235,0
42,9,1388,362,-21,-421
42,9,1389,360,123,-44
42,9,1389,362,0,-421
42,9,1389,364,-25,-339
42,9,1392,359,0,-395
42,9,1397,333,132,126
42,9,1398,363,500,0
42,9,1399,363,500,0
42,9,1399,366,-150,-421
42,9,1404,363,500,0
42,9,1407,375,371,-335
42,9,1411,352,41,-419
42,9,1415,333,-113,169
42,9,1416,354,-353,-274
42,9,1420,357,-374,-290
42,9,1428,363,-306,-394
42,9,1428,363,-224,-447
44,9,1387,363,35,-472
44,9,1387,363,121,-484
44,9,1390,359,335,-371
44,9,1391,360,402,-296
44,9,1391,360,441,-236
44,9,1397,353,365,-257
44,9,1397,353,372,-248
44,9,1398,354,360,-266
44,9,1399,363,500,0
44,9,1401,352,339,-250
44,9,1402,352,332,-258
44,9,1402,352,339,-250
44,9,1404,361,291,-339
44,9,1408,386,267,-421
44,9,1413,354,219,-329
44,9,1414,359,198,-372
44,9,1417,366,478,-144
44,9,1418,332,-219,71
44,9,1420,336,-56,250
44,9,1421,362,82,-413
44,9,1423,340,163,-272
44,9,1424,365,462,-191
44,9,1428,335,65,43
44,9,1428,345,0,-26
44,9,1428,346,5,-25
44,9,1428,354,0,-308
44,9,1430,363,-261,0
44,9,1430,379,-48,-498
44,9,1435,379,-212,-451
44,9,1437,363,-75,-250
44,9,1437,363,-75,-248
44,9,1442,377,-345,-361
45,10,1387,363,402,-296
45,10,1387,363,451,-212
45,10,1388,405,361,-345
45,10,1391,387,335,-371
45,10,1392,408,353,-353
45,10,1399,363,395,0
45,10,1399,374,396,-141
45,10,1401,371,381,-105
45,10,1403,374,368,-142
45,10,1404,393,291,-339
45,10,1410,400,353,-353
45,10,1413,353,-248,192
45,10,1417,393,345,-361
45,10,1417,405,361,-345
45,10,1419,401,361,-345
45,10,1420,389,345,-361
45,10,1420,397,345,-361
45,10,1420,402,361,-345
45,10,1421,400,353,-353
45,10,1421,401,353,-353
45,10,1421,404,353,-353
45,10,1421,405,345,-361
45,10,1421,406,335,-371
45,10,1421,406,345,-361
45,10,1422,401,353,-353
45,10,1422,404,345,-361
45,10,1422,404,353,-353
45,10,1422,405,345,-361
45,10,1422,405,353,-353
45,10,1423,399,353,-353
45,10,1423,406,353,-353
45,10,1423,409,296,-402
45,10,1423,410,287,-408
45,10,1424,398,371,-335
45,10,1424,408,306,-394
45,10,1424,409,296,-402
45,10,1425,401,345,-361
45,10,1425,402,345,-361
45,10,1425,402,353,-353
45,10,1428,405,361,-345
45,10,1429,402,296,-402
45,10,1431,405,345,-361
45,10,1433,399,345,-361
45,10,1437,378,394,-262
45,10,1440,393,288,-371
45,10,1440,407,0,-500
45,10,1444,396,361,-345
45,10,1454,371,355,-98
45,10,1456,370,150,-213
45,10,1457,415,69,-465
45,10,1460,371,21,14
45,10,1460,393,-61,-409
45,10,1460,395,0,-421
45,10,1468,403,-148,-450
46,11,1401,388,500,0
46,11,1404,375,494,74
46,11,1412,408,371,-335
46,11,1412,418,340,-325
46,11,1412,420,340,-325
46,11,1412,421,332,-333
46,11,1412,421,340,-325
46,11,1412,424,340,-325
46,11,1412,426,340,-325
46,11,1412,428,332,-333
46,11,1412,428,340,-325
46,11,1413,410,358,-344
46,11,1413,410,368,-334
46,11,1414,410,358,-344
46,11,1414,410,368,-334
46,11,1414,418,358,-344
46,11,1414,419,358,-344
46,11,1414,424,358,-344
46,11,1415,404,353,-353
46,11,1415,416,351,-351
46,11,1415,417,351,-351
46,11,1415,418,351,-351
46,11,1415,420,351,-351
46,11,1417,407,361,-345
46,11,1418,407,361,-345
46,11,1419,402,353,-353
46,11,1419,411,361,-345
46,11,1419,413,361,-345
46,11,1419,414,361,-345
46,11,1419,417,361,-345
46,11,1419,419,361,-345
46,11,1419,421,361,-345
46,11,1419,429,361,-345
46,11,1420,414,316,-386
46,11,1421,400,353,-353
46,11,1421,413,296,-402
46,11,1422,396,345,-361
46,11,1422,397,353,-353
46,11,1429,423,500,25
46,11,1435,417,198,-171
46,11,1435,422,253,-264
46,11,1437,432,361,-345
46,11,1438,383,-330,-156
46,11,1440,439,0,-500
46,11,1443,384,113,-108
46,11,1444,363,26,0
46,11,1444,379,237,17
46,11,1444,383,94,-90
46,11,1445,430,192,-433
46,11,1454,391,-255,57
46,11,1455,383,-210,112
46,11,1455,392,-208,20
46,11,1458,388,-155,103
46,11,1459,381,-130,86
46,11,1459,390,-74,138
46,11,1459,391,-74,138
46,11,1468,423,0,-395
46,11,1470,453,21,-418
46,11,1472,412,495,-48
46,11,1475,403,-63,-117
46,11,1480,413,-451,-212
46,11,1482,411,-349,-187
46,11,1485,414,-474,-156
46,11,1494,417,-225,-68
46,11,1495,417,-478,-144
65,2,2016,112,498,37
65,2,2025,76,471,-35
65,2,2039,72,395,0
65,2,2039,89,393,-29
65,2,2041,101,395,-9
65,2,2042,117,371,-132
65,2,2043,106,369,8
65,2,2044,145,0,-500
65,2,2044,146,0,-500
65,2,2053,113,268,-103
65,2,2059,158,0,-500
65,2,2059,162,0,-500
65,2,2060,161,0,-366
65,2,2060,163,0,-366
65,2,2064,161,257,-429
65,2,2067,129,0,-264
65,2,2067,130,0,-316
65,2,2067,145,10,-473
65,2,2067,148,0,-500
65,2,2073,168,0,-500
65,2,2076,160,0,-500
65,2,2076,166,0,-500
65,2,2076,168,0,-500
65,2,2080,129,245,-235
65,2,2080,166,0,-500
65,2,2084,160,0,-500
65,2,2085,166,0,-500
65,2,2087,122,0,-290
65,2,2093,154,368,-334
65,2,2096,165,132,-482
65,2,2097,150,361,-345
65,2,2103,126,216,-227
65,2,2106,128,-142,-157
65,2,2108,128,-189,-181
65,2,2108,141,0,-447
65,2,2108,160,0,-500
65,2,2108,161,0,-500
65,2,2108,166,0,-500
65,2,2109,130,0,-342
65,2,2112,127,226,-217
65,2,2114,125,207,-199
65,2,2115,166,0,-500
65,2,2118,122,153,-178
65,2,2119,119,115,-141
65,2,2121,146,-387,-272
65,2,2124,141,0,-447
65,2,2127,151,-345,-361
65,2,2129,151,-345,-361
65,2,2130,155,-344,-359
65,2,2130,163,21,-418
65,2,2131,151,-361,-345
65,2,2131,151,-345,-361
65,2,2131,152,-371,-335
65,2,2131,152,-361,-345
65,2,2133,138,0,-421
65,2,2133,151,-371,-335
65,2,2133,151,-345,-361
65,2,2134,151,-345,-361
65,2,2134,155,-359,-344
65,2,2134,155,-344,-359
65,2,2135,151,-345,-361
65,2,2135,152,-345,-361
65,2,2136,151,-353,-353
65,2,2136,155,-344,-359
65,2,2136,162,19,-392
65,2,2136,162,40,-417
65,2,2136,164,40,-417
65,2,2137,151,-353,-353
65,2,2137,155,-371,-335
65,2,2137,155,-344,-359
65,2,2138,151,-345,-361
65,2,2139,151,-353,-353
65,2,2139,162,-21,-418
65,2,2139,164,18,-366
65,2,2139,166,10,-471
65,2,2140,128,0,-342
65,2,2140,138,0,-421
65,2,2140,139,0,-421
65,2,2140,141,0,-447
65,2,2140,145,0,-473
65,2,2140,149,0,-473
65,2,2140,151,-353,-353
65,2,2140,151,-345,-361
65,2,2140,154,-351,-351
65,2,2140,154,0,-500
65,2,2140,156,0,-444
65,2,2140,158,0,-500
65,2,2140,164,0,-392
65,2,2140,165,0,-340
65,2,2140,169,0,-500
65,2,2141,142,-23,-447
65,2,2141,151,-345,-361
65,2,2141,152,-371,-335
65,2,2141,155,-344,-359
65,2,2141,155,-21,-418
65,2,2141,156,-21,-418
65,2,2141,163,-8,-366
65,2,2141,164,-18,-366
65,2,2141,164,18,-366
65,2,2142,163,0,-366
65,2,2142,164,18,-366
65,2,2143,151,32,-443
65,2,2143,155,-344,-359
65,2,2143,164,18,-366
65,2,2143,165,0,-340
65,2,2144,145,0,-471
65,2,2144,151,-353,-353
65,2,2144,151,-345,-361
65,2,2144,155,-344,-359
65,2,2144,156,-21,-418
65,2,2144,158,0,-414
65,2,2144,161,0,-405
65,2,2144,161,0,-387
65,2,2144,162,0,-387
65,2,2144,164,-18,-366
65,2,2144,164,0,-366
65,2,2144,165,-52,-430
65,2,2144,165,0,-340
65,2,2145,147,-35,-469
65,2,2145,151,-345,-361
65,2,2145,156,-21,-418
65,2,2145,164,-27,-365
65,2,2145,164,-18,-366
65,2,2145,165,0,-340
65,2,2146,151,-345,-361
65,2,2146,155,-85,-492
65,2,2146,160,-29,-391
65,2,2146,164,-18,-366
65,2,2146,164,18,-366
65,2,2147,142,25,-497
65,2,2147,145,0,-471
65,2,2147,151,-353,-353
65,2,2147,151,-345,-361
65,2,2147,155,-344,-359
65,2,2147,156,-21,-418
65,2,2147,160,-58,-388
65,2,2147,164,-18,-366
65,2,2147,164,18,-366
65,2,2147,165,-97,-490
65,2,2147,165,0,-340
65,2,2148,145,0,-471
65,2,2148,151,-345,-361
65,2,2148,152,-22,-444
65,2,2148,155,-344,-359
65,2,2148,156,-21,-418
65,2,2148,164,-18,-366
65,2,2148,165,0,-340
65,2,2149,120,0,0
65,2,2149,151,-345,-361
65,2,2149,156,-21,-418
65,2,2149,164,-18,-366
65,2,2150,152,-371,-335
65,2,2150,155,-344,-359
65,2,2150,164,-18,-366
65,2,2151,145,0,-471
65,2,2151,151,-345,-361
65,2,2151,152,-22,-444
65,2,2151,153,-107,-431
65,2,2151,155,-344,-359
65,2,2151,156,-21,-418
65,2,2151,164,18,-366
65,2,2151,165,0,-340
65,2,2152,151,-345,-361
65,2,2152,152,-22,-444
65,2,2152,155,-344,-359
65,2,2152,156,-21,-418
65,2,2152,164,-18,-366
65,2,2152,165,0,-340
65,2,2153,151,-353,-353
65,2,2153,151,-345,-361
65,2,2153,156,-21,-418
65,2,2153,164,-18,-366
65,2,2154,113,-25,260
65,2,2154,151,-345,-361
65,2,2154,155,-344,-359
65,2,2154,156,-21,-418
65,2,2154,164,-18,-366
65,2,2154,165,-97,-353
65,2,2154,165,0,-340
65,2,2155,108,-51,-143
65,2,2155,108,-49,148
65,2,2155,110,-3,157
65,2,2155,113,-25,260
65,2,2155,145,0,-471
65,2,2155,149,0,-444
65,2,2155,151,-345,-361
65,2,2155,155,-344,-359
65,2,2155,156,-21,-418
65,2,2155,164,-18,-366
65,2,2155,165,0,-340
65,2,2155,166,0,-340
65,2,2156,92,132,161
65,2,2156,94,78,-7
65,2,2156,95,78,-7
65,2,2156,102,12,-23
65,2,2156,103,-130,15
65,2,2156,103,61,-115
65,2,2156,105,76,-137
65,2,2156,105,99,121
65,2,2156,105,115,-62
65,2,2156,105,181,-22
65,2,2156,106,2,130
65,2,2156,106,12,-23
65,2,2156,106,43,-29
65,2,2156,107,-87,130
65,2,2156,107,99,121
65,2,2156,109,-72,108
65,2,2156,111,-84,-278
65,2,2156,111,15,208
65,2,2156,151,-345,-361
65,2,2156,155,-344,-359
65,2,2156,156,-21,-418
65,2,2156,164,-18,-366
65,2,2157,103,123,-136
65,2,2157,104,154,-98
65,2,2157,105,170,-66
65,2,2157,106,78,-7
65,2,2157,107,22,128
65,2,2157,108,-20,208
65,2,2157,113,132,209
65,2,2157,116,150,363
65,2,2157,151,-345,-361
65,2,2157,155,-344,-359
65,2,2157,164,-18,-366
65,2,2157,164,0,-366
65,2,2158,103,217,-145
65,2,2158,104,121,-202
65,2,2158,104,155,-210
65,2,2158,104,215,-95
65,2,2158,105,157,0
65,2,2158,112,11,156
65,2,2158,151,-353,-353
65,2,2158,151,-345,-361
65,2,2158,155,-344,-359
65,2,2159,102,196,-70
65,2,2159,103,217,-145
65,2,2159,105,182,-17
65,2,2159,106,130,0
65,2,2159,108,-32,71
65,2,2159,110,312,-30
65,2,2159,114,222,182
65,2,2159,151,-345,-361
65,2,2159,155,-344,-359
65,2,2160,102,157,7
65,2,2160,108,217,89
65,2,2160,114,222,182
65,2,2160,151,-345,-361
65,2,2160,152,-371,-335
65,2,2160,155,-344,-359
65,2,2161,93,260,-25
65,2,2161,103,286,-28
65,2,2161,105,261,5
65,2,2161,116,258,155
65,2,2161,142,-361,-345
65,2,2161,151,-345,-361
65,2,2161,154,-351,-351
65,2,2161,155,-344,-359
65,2,2162,103,286,-28
65,2,2162,105,261,5
65,2,2162,108,-158,-136
65,2,2162,151,-345,-361
65,2,2162,155,-344,-359
65,2,2162,156,-353,-353
65,2,2162,160,28,-391
65,2,2163,76,-123,-136
65,2,2163,151,-345,-361
65,2,2164,98,0,0
65,2,2164,98,233,28
65,2,2164,100,0,26
65,2,2164,101,78,5
65,2,2164,102,-12,23
65,2,2164,102,0,26
65,2,2164,102,1,26
65,2,2164,103,-254,135
65,2,2164,103,-145,217
65,2,2164,103,-11,23
65,2,2164,103,0,26
65,2,2164,103,1,26
65,2,2164,103,13,22
65,2,2164,103,22,13
65,2,2164,103,78,3
65,2,2164,103,340,17
65,2,2164,104,0,-26
65,2,2164,104,0,0
65,2,2164,104,2,-26
65,2,2164,104,13,22
65,2,2164,104,94,-44
65,2,2164,105,0,0
65,2,2164,105,1,25
65,2,2164,105,13,21
65,2,2164,105,22,12
65,2,2164,105,130,6
65,2,2164,107,2,-26
65,2,2164,109,287,-7
65,2,2164,117,358,71
65,2,2164,151,-345,-361
65,2,2164,154,0,-418
65,2,2164,155,-344,-359
65,2,2164,162,0,-366
65,2,2165,107,209,-331
65,2,2165,107,286,-21
65,2,2165,151,-345,-361
65,2,2165,155,-344,-359
65,2,2165,156,-21,-418
65,2,2165,160,-29,-391
65,2,2165,160,-20,-392
65,2,2166,151,-345,-361
65,2,2166,152,-345,-361
65,2,2166,155,-344,-359
65,2,2167,107,-20,-16
65,2,2167,107,-10,-24
65,2,2167,151,-345,-361
65,2,2167,155,-344,-359
65,2,2168,103,340,17
65,2,2168,107,-10,-24
65,2,2168,155,-344,-359
65,2,2169,107,-20,-16
65,2,2169,155,-344,-359
65,2,2169,165,-57,-470
65,2,2171,105,269,161
65,2,2171,107,-26,0
65,2,2171,107,-25,-5
65,2,2171,111,83,-275
65,2,2172,153,-361,-345
65,2,2173,107,-25,-5
65,2,2173,114,336,-248
65,2,2173,154,-361,-345
65,2,2174,111,90,-300
65,2,2174,113,101,-338
65,2,2177,107,-26,0
65,2,2177,111,154,-273
65,2,2179,152,-371,-335
65,2,2181,115,-381,-105
65,2,2182,115,-437,-98
65,2,2182,152,-371,-335
65,2,2183,152,-371,-335
65,2,2184,108,8,-392
65,2,2185,119,-396,-141
65,2,2188,118,-459,-114
65,2,2193,119,-484,-121
65,2,2193,129,-361,-345
65,2,2194,123,-442,-170
65,2,2196,139,-371,-335
65,2,2196,143,-353,-353
65,2,2198,119,-488,-109
65,2,2198,146,-371,-335
67,1,2075,48,498,48
67,1,2089,45,467,70
67,1,2091,78,353,-353
67,1,2098,47,442,66
67,1,2101,51,421,0
67,1,2101,52,421,0
67,1,2103,36,395,0
67,1,2103,52,395,0
67,1,2108,50,369,18
67,1,2113,50,177,53
67,1,2137,112,484,-121
67,1,2138,118,435,-246
67,1,2140,106,0,-421
67,1,2140,114,-32,-259
67,1,2140,115,435,-246
67,1,2140,115,447,-224
67,1,2140,117,0,-473
67,1,2140,132,0,-500
67,1,2141,107,500,0
67,1,2141,110,490,-97
67,1,2141,117,-11,-473
67,1,2142,120,236,-441
67,1,2143,107,500,0
67,1,2143,112,462,-191
67,1,2143,113,457,-203
67,1,2143,119,345,-361
67,1,2144,107,466,-179
67,1,2144,124,0,-500
67,1,2145,109,484,-121
67,1,2145,117,361,-345
67,1,2146,115,386,-316
67,1,2146,118,236,-441
67,1,2146,125,0,-500
67,1,2148,118,236,-441
67,1,2148,119,267,-421
67,1,2149,106,0,-421
67,1,2149,109,0,-342
67,1,2149,118,267,-421
67,1,2150,121,345,-361
67,1,2151,120,236,-441
67,1,2153,121,316,-386
67,1,2154,101,3,-78
67,1,2154,122,287,-408
67,1,2155,78,-269,110
67,1,2155,78,-16,19
67,1,2155,79,-260,-25
67,1,2155,79,-230,-22
67,1,2155,80,-293,121
67,1,2155,80,-89,-59
67,1,2155,81,0,0
67,1,2155,101,0,-157
67,1,2155,104,105,-255
67,1,2155,106,0,-421
67,1,2155,107,21,-421
67,1,2155,116,345,-361
67,1,2155,119,306,-394
67,1,2156,116,326,-378
67,1,2157,105,276,-148
67,1,2157,106,0,-421
67,1,2157,107,21,-421
67,1,2157,111,10,-447
67,1,2158,76,-7,78
67,1,2158,98,0,-369
67,1,2159,106,0,-421
67,1,2159,118,191,-462
67,1,2160,102,67,-389
67,1,2160,107,21,-421
67,1,2162,107,21,-421
67,1,2163,106,0,-421
67,1,2163,106,31,-419
67,1,2163,107,21,-421
67,1,2164,80,88,47
67,1,2164,82,69,104
67,1,2164,83,21,14
67,1,2164,87,16,-20
67,1,2164,90,5,-25
67,1,2164,92,282,27
67,1,2164,106,0,-421
67,1,2164,110,0,-447
67,1,2165,125,0,-500
67,1,2166,124,0,-500
67,1,2166,125,0,-500
67,1,2167,106,0,-421
67,1,2168,102,0,-157
67,1,2168,106,0,-421
67,1,2168,125,0,-500
67,1,2169,106,0,-421
67,1,2169,109,-466,-179
67,1,2170,106,0,-421
67,1,2170,110,-457,-203
67,1,2171,109,-488,-109
67,1,2171,125,0,-500
67,1,2172,106,0,-421
67,1,2172,112,-447,-224
67,1,2173,106,0,-421
67,1,2173,120,-236,-441
67,1,2174,106,0,-421
67,1,2174,120,-236,-441
67,1,2174,125,0,-500
67,1,2176,98,0,-369
67,1,2176,106,0,-421
67,1,2177,106,0,-421
67,1,2177,117,-416,-277
67,1,2177,117,-402,-296
67,1,2177,119,-378,-326
67,1,2177,121,-345,-361
67,1,2178,98,0,-369
67,1,2178,111,-484,-121
67,1,2178,113,-462,-191
67,1,2179,111,-488,-109
67,1,2179,113,-466,-179
67,1,2179,114,-447,-224
67,1,2179,115,-451,-212
67,1,2180,112,-482,-132
67,1,2180,113,-474,-156
67,1,2180,113,-457,-203
67,1,2180,115,-457,-203
67,1,2181,106,0,-421
67,1,2181,111,-490,-97
67,1,2181,113,-478,-144
67,1,2181,114,-462,-191
67,1,2181,117,-416,-277
67,1,2182,114,-466,-179
67,1,2183,114,-466,-179
67,1,2186,97,-360,-266
67,1,2187,106,0,-421
67,1,2188,98,0,-369
67,1,2189,98,0,-369
67,1,2191,92,-378,-178
67,1,2191,106,0,-421
67,1,2195,106,0,-421
67,1,2199,106,0,-421
67,1,2200,98,0,-369
67,1,2202,106,0,-421
67,1,2203,106,0,-421
67,1,2204,106,0,-421
67,1,2205,106,0,-421
67,1,2207,107,21,-421
67,1,2208,106,0,-421
67,1,2210,106,21,-421
67,1,2210,117,-57,-470
67,1,2235,96,-312,-283
67,1,2245,92,-366,-141
68,2,2130,107,447,0
68,2,2135,107,395,0
68,2,2135,142,212,-451
68,2,2139,133,224,-447
68,2,2140,149,0,-500
68,2,2141,107,78,0
68,2,2143,130,317,-351
68,2,2150,130,321,-307
68,2,2161,107,-104,0
68,2,2163,105,-25,-7
68,2,2163,105,-12,-23
68,2,2163,106,-195,-19
68,2,2163,106,-174,-116
68,2,2163,106,-160,-112
68,2,2163,107,-78,0
68,2,2163,107,-52,0
68,2,2163,107,-21,14
68,2,2163,112,-136,-254
68,2,2164,141,0,-497
68,2,2164,145,0,-471
68,2,2164,149,0,-444
68,2,2164,156,0,-500
68,2,2164,165,0,-340
68,2,2164,166,0,-447
68,2,2164,167,0,-500
68,2,2165,155,-21,-418
68,2,2165,156,-21,-418
68,2,2165,163,-8,-366
68,2,2165,164,-8,-366
68,2,2166,127,0,-340
68,2,2166,128,0,-340
68,2,2166,136,0,-418
68,2,2166,145,0,-471
68,2,2166,152,-22,-444
68,2,2166,155,0,-418
68,2,2166,156,-21,-418
68,2,2166,156,0,-418
68,2,2166,164,-18,-366
68,2,2166,164,0,-366
68,2,2166,165,0,-340
68,2,2167,156,-21,-418
68,2,2167,164,-18,-366
68,2,2168,156,-21,-418
68,2,2168,156,0,-447
68,2,2168,164,-18,-366
68,2,2168,164,0,-395
68,2,2168,165,0,-340
68,2,2168,166,-51,-418
68,2,2169,156,-21,-418
68,2,2169,156,0,-418
68,2,2169,164,-18,-366
68,2,2169,164,0,-366
68,2,2169,165,0,-340
68,2,2170,152,-22,-444
68,2,2170,156,-21,-418
68,2,2170,164,-18,-366
68,2,2171,156,-21,-418
68,2,2171,164,-18,-366
68,2,2171,165,0,-340
68,2,2172,145,0,-473
68,2,2172,147,-24,-471
68,2,2172,156,-21,-418
68,2,2172,164,-18,-366
68,2,2172,165,0,-340
68,2,2173,142,-25,-497
68,2,2173,156,-21,-418
68,2,2173,157,353,-353
68,2,2173,164,-18,-366
68,2,2173,164,0,-366
68,2,2174,147,-24,-471
68,2,2174,147,0,-471
68,2,2174,154,371,-335
68,2,2174,156,-21,-418
68,2,2174,156,0,-418
68,2,2174,164,-18,-366
68,2,2174,164,0,-366
68,2,2175,147,-24,-471
68,2,2175,152,-22,-444
68,2,2175,153,361,-345
68,2,2175,155,353,-353
68,2,2175,156,-21,-418
68,2,2175,156,353,-353
68,2,2175,164,-18,-366
68,2,2176,147,-24,-471
68,2,2176,152,-22,-444
68,2,2176,155,358,-344
68,2,2176,156,-21,-418
68,2,2176,164,-18,-366
68,2,2176,164,0,-366
68,2,2177,147,-24,-471
68,2,2177,152,-22,-444
68,2,2177,156,-21,-418
68,2,2177,164,-18,-366
68,2,2178,150,361,-345
68,2,2178,156,-21,-418
68,2,2178,164,-18,-366
68,2,2179,136,0,-418
68,2,2179,147,-24,-471
68,2,2179,151,353,-353
68,2,2179,156,-21,-418
68,2,2179,164,-18,-366
68,2,2179,165,0,-340
68,2,2180,147,-24,-471
68,2,2180,156,-21,-418
68,2,2180,164,-18,-366
68,2,2180,165,0,-340
68,2,2181,156,-21,-418
68,2,2181,156,0,-418
68,2,2181,164,-18,-366
68,2,2181,164,0,-366
68,2,2182,136,0,-418
68,2,2182,142,-25,-497
68,2,2182,156,-21,-418
68,2,2182,164,-18,-366
68,2,2182,164,0,-366
68,2,2182,165,0,-340
68,2,2183,156,-21,-418
68,2,2183,164,-18,-366
68,2,2184,152,-22,-444
68,2,2184,156,-21,-418
68,2,2184,161,232,-348
68,2,2184,164,-18,-366
68,2,2184,164,0,-366
68,2,2185,156,-21,-418
68,2,2185,164,-18,-366
68,2,2185,165,0,-340
68,2,2186,136,0,-418
68,2,2186,156,-21,-418
68,2,2186,164,-18,-366
68,2,2186,165,0,-340
68,2,2187,152,-22,-444
68,2,2187,156,-21,-418
68,2,2187,164,-18,-366
68,2,2188,142,0,-497
68,2,2188,156,-21,-418
68,2,2188,164,-18,-366
68,2,2188,164,0,-366
68,2,2189,156,-21,-418
68,2,2189,164,-18,-366
68,2,2189,165,0,-340
68,2,2190,141,0,-447
68,2,2190,156,-21,-418
68,2,2190,164,-18,-366
68,2,2190,165,0,-340
68,2,2191,152,-22,-444
68,2,2191,156,-21,-418
68,2,2191,164,-18,-366
68,2,2191,165,0,-340
68,2,2192,156,-21,-418
68,2,2192,164,-18,-366
68,2,2192,165,0,-340
68,2,2193,156,-21,-418
68,2,2193,164,-18,-366
68,2,2194,108,-29,43
68,2,2194,152,-22,-444
68,2,2194,156,-21,-418
68,2,2194,164,-18,-366
68,2,2195,156,-21,-418
68,2,2195,156,0,-418
68,2,2195,164,-18,-366
68,2,2195,164,0,-366
68,2,2195,164,18,-366
68,2,2196,142,25,-497
68,2,2196,152,-22,-444
68,2,2196,156,-21,-418
68,2,2196,164,-18,-366
68,2,2196,164,0,-366
68,2,2196,165,0,-340
68,2,2197,136,0,-418
68,2,2197,145,0,-471
68,2,2197,156,-21,-418
68,2,2197,164,-18,-366
68,2,2197,164,18,-366
68,2,2197,165,0,-340
68,2,2198,141,76,-441
68,2,2198,151,32,-443
68,2,2198,156,-21,-418
68,2,2198,164,-18,-366
68,2,2198,164,0,-366
68,2,2198,164,18,-366
68,2,2199,142,25,-497
68,2,2199,152,-22,-444
68,2,2199,156,-21,-418
68,2,2199,164,-18,-366
68,2,2199,164,18,-366
68,2,2200,142,25,-497
68,2,2200,152,-22,-444
68,2,2200,156,-21,-418
68,2,2200,164,-18,-366
68,2,2200,164,18,-366
68,2,2201,142,0,-497
68,2,2201,142,25,-497
68,2,2201,152,-22,-444
68,2,2201,156,-21,-418
68,2,2201,156,0,-418
68,2,2201,164,-18,-366
68,2,2201,164,0,-366
68,2,2201,164,18,-366
68,2,2202,142,25,-497
68,2,2202,156,-21,-418
68,2,2202,156,0,-418
68,2,2202,164,-18,-366
68,2,2202,164,0,-366
68,2,2203,156,-21,-418
68,2,2203,164,-18,-366
68,2,2203,167,0,-500
68,2,2204,127,0,-183
68,2,2204,152,-22,-444
68,2,2204,156,-21,-418
68,2,2204,164,-18,-366
68,2,2205,156,-21,-418
68,2,2205,164,-18,-366
68,2,2205,165,0,-340
68,2,2206,152,-22,-444
68,2,2206,156,-21,-418
68,2,2206,164,-18,-366
68,2,2207,156,-21,-418
68,2,2207,164,-18,-366
68,2,2208,156,-21,-418
68,2,2208,158,0,-414
68,2,2208,158,0,-392
68,2,2208,162,0,-387
68,2,2208,162,0,-366
68,2,2208,164,-18,-366
68,2,2209,152,-22,-444
68,2,2209,156,-21,-418
68,2,2209,164,-18,-366
68,2,2209,165,0,-340
68,2,2210,156,-21,-418
68,2,2210,164,-18,-366
68,2,2210,165,0,-340
68,2,2211,123,-47,-93
68,2,2211,152,-22,-444
68,2,2211,156,-21,-418
68,2,2211,164,-18,-366
68,2,2212,123,-47,-93
68,2,2212,124,-94,-90
68,2,2212,152,-22,-444
68,2,2212,156,-21,-418
68,2,2212,164,-18,-366
68,2,2212,164,0,-366
68,2,2212,168,0,-473
68,2,2213,142,0,-497
68,2,2213,152,0,-444
68,2,2213,156,-21,-418
68,2,2213,156,0,-418
68,2,2213,164,-18,-366
68,2,2213,164,0,-366
68,2,2214,152,0,-444
68,2,2214,156,-21,-418
68,2,2214,156,0,-418
68,2,2214,164,-18,-366
68,2,2214,164,0,-366
68,2,2215,152,-22,-444
68,2,2215,156,-21,-418
68,2,2215,156,0,-418
68,2,2215,164,-18,-366
68,2,2215,164,0,-366
68,2,2215,165,0,-340
68,2,2216,136,0,-418
68,2,2216,152,-22,-444
68,2,2216,156,-21,-418
68,2,2216,164,-18,-366
68,2,2216,165,0,-340
68,2,2217,156,-21,-418
68,2,2217,164,-18,-366
68,2,2217,167,0,-500
68,2,2218,156,-21,-418
68,2,2218,164,-18,-366
68,2,2219,152,-22,-444
68,2,2219,164,-18,-366
68,2,2219,164,0,-366
68,2,2220,145,0,-471
68,2,2220,156,-21,-418
68,2,2220,164,-18,-366
68,2,2220,165,0,-340
68,2,2221,152,-22,-444
68,2,2221,156,-21,-418
68,2,2221,164,-18,-366
68,2,2222,152,-22,-444
68,2,2222,164,-18,-366
68,2,2223,164,-18,-366
68,2,2224,156,-21,-418
68,2,2225,152,-22,-444
68,2,2225,152,0,-444
68,2,2225,156,-21,-418
68,2,2225,156,0,-418
68,2,2225,164,-18,-366
68,2,2225,164,0,-366
68,2,2226,156,-21,-418
68,2,2226,164,-18,-366
68,2,2226,165,0,-340
68,2,2227,128,-280,-241
68,2,2227,138,-371,-335
68,2,2227,156,-21,-418
68,2,2227,164,-18,-366
68,2,2227,165,0,-340
68,2,2228,156,-21,-418
68,2,2228,164,-18,-366
68,2,2229,152,-22,-444
68,2,2229,156,-21,-418
68,2,2229,164,-18,-366
68,2,2230,156,0,-418
68,2,2230,164,-18,-366
68,2,2230,164,0,-366
68,2,2230,165,0,-340
68,2,2231,152,-22,-444
68,2,2231,156,-21,-418
68,2,2231,164,-18,-366
68,2,2231,167,0,-500
68,2,2232,156,-21,-418
68,2,2232,164,-18,-366
68,2,2233,156,-21,-418
68,2,2233,164,-18,-366
68,2,2234,152,-22,-444
68,2,2234,156,-21,-418
68,2,2234,164,-18,-366
68,2,2234,165,0,-340
68,2,2235,156,-21,-418
68,2,2235,164,-18,-366
68,2,2235,165,0,-340
68,2,2236,156,-21,-418
68,2,2236,164,-18,-366
68,2,2237,152,-353,-353
68,2,2237,152,-22,-444
68,2,2237,164,-18,-366
68,2,2238,152,-353,-353
68,2,2238,152,-22,-444
68,2,2238,164,-18,-366
68,2,2239,149,-378,-326
68,2,2239,156,-21,-418
68,2,2239,164,-18,-366
68,2,2239,165,0,-340
68,2,2240,156,-21,-418
68,2,2240,164,-18,-366
68,2,2241,146,-408,-287
68,2,2241,153,-361,-345
68,2,2241,156,-345,-361
68,2,2241,156,-21,-418
68,2,2241,164,-18,-366
68,2,2241,164,0,-366
68,2,2242,152,-378,-326
68,2,2242,152,-22,-444
68,2,2242,155,-353,-353
68,2,2242,156,-359,-344
68,2,2242,164,-18,-366
68,2,2243,148,-408,-287
68,2,2243,152,-378,-326
68,2,2243,152,-22,-444
68,2,2243,154,-359,-344
68,2,2243,156,-21,-418
68,2,2243,157,-361,-345
68,2,2243,164,-18,-366
68,2,2244,145,0,-471
68,2,2244,152,-22,-444
68,2,2244,164,-18,-366
68,2,2244,165,0,-340
68,2,2245,149,-408,-287
68,2,2245,152,-22,-444
68,2,2245,154,-378,-326
68,2,2245,156,-21,-418
68,2,2245,156,0,-418
68,2,2245,164,-18,-366
68,2,2245,164,0,-366
68,2,2246,156,-21,-418
68,2,2246,164,-18,-366
68,2,2247,133,0,-444
68,2,2247,156,-21,-418
68,2,2247,164,-18,-366
68,2,2247,164,0,-366
68,2,2248,145,0,-471
68,2,2248,164,-18,-366
68,2,2248,165,0,-340
68,2,2249,109,-72,108
68,2,2249,156,-21,-418
68,2,2249,164,-18,-366
68,2,2250,109,-20,208
68,2,2250,122,-107,-151
68,2,2250,156,-21,-418
68,2,2250,164,-18,-366
68,2,2250,165,0,-340
68,2,2251,156,-21,-418
68,2,2251,164,-18,-366
68,2,2251,165,0,-340
68,2,2251,166,0,-340
68,2,2251,167,0,-500
68,2,2252,102,-51,-91
68,2,2252,103,12,-23
68,2,2252,104,99,121
68,2,2252,106,35,179
68,2,2252,107,12,-23
68,2,2252,107,43,-29
68,2,2252,156,-21,-418
68,2,2252,160,-29,-391
68,2,2252,164,-18,-366
68,2,2253,107,78,-7
68,2,2253,107,169,69
68,2,2253,109,9,130
68,2,2253,156,0,-418
68,2,2253,164,-18,-366
68,2,2253,164,0,-366
68,2,2254,107,96,39
68,2,2254,107,104,0
68,2,2255,107,130,0
68,2,2255,107,150,-213
68,2,2256,106,263,-175
68,2,2259,106,264,253
68,2,2260,102,242,153
68,2,2260,102,338,25
68,2,2260,103,0,0
68,2,2260,103,0,26
68,2,2260,103,1,26
68,2,2260,103,22,13
68,2,2260,103,78,3
68,2,2260,104,0,0
68,2,2260,105,-10,-24
68,2,2260,106,2,-26
68,2,2260,106,314,0
68,2,2260,117,278,69
68,2,2261,107,-26,0
68,2,2262,115,232,210
68,2,2263,107,-20,-16
68,2,2263,118,350,-106
68,2,2264,107,-25,-5
68,2,2265,107,-20,-16
68,2,2267,107,-26,0
68,2,2268,108,292,-175
68,2,2269,113,203,-203
68,2,2272,137,0,-500
68,2,2273,107,-52,0
68,2,2273,149,-22,-444
68,2,2273,152,-22,-444
68,2,2274,150,-70,-465
68,2,2284,141,-345,-361
68,125,2147,3974,265,216
68,125,2158,3968,98,328
68,125,2160,3928,0,500
68,125,2177,3937,335,371
68,125,2180,3941,335,371
68,125,2188,3957,0,366
68,125,2200,3972,12,23
68,125,2204,3927,0,500
68,125,2204,3929,0,500
68,125,2204,3930,0,500
68,125,2206,3931,26,364
68,125,2208,3930,0,340
68,125,2208,3931,0,340
68,125,2208,3932,0,369
68,125,2208,3934,0,366
68,125,2208,3934,0,387
68,125,2208,3938,0,392
68,125,2210,3930,0,340
68,125,2216,3930,0,340
68,125,2219,3930,0,340
68,125,2219,3967,498,48
68,125,2221,3930,0,340
68,125,2222,3930,0,340
68,125,2223,3930,0,340
68,125,2224,3930,0,340
68,125,2224,3967,0,261
68,125,2224,3969,0,235
68,125,2224,3973,0,130
68,125,2225,3930,0,340
68,125,2225,3931,0,340
68,125,2226,3931,26,364
68,125,2227,3930,0,340
68,125,2228,3930,0,340
68,125,2229,3930,0,340
68,125,2229,3931,26,364
68,125,2229,3945,-353,353
68,125,2230,3930,0,340
68,125,2230,3931,0,340
68,125,2231,3930,0,340
68,125,2233,3931,26,364
68,125,2234,3930,0,340
68,125,2235,3930,0,340
68,125,2237,3930,0,340
68,125,2237,3931,26,364
68,125,2238,3930,0,340
68,125,2240,3931,0,340
68,125,2241,3930,0,340
68,125,2241,3931,26,364
68,125,2243,3930,0,340
68,125,2244,3930,0,340
68,125,2244,3945,-353,353
68,125,2245,3930,0,340
68,125,2245,3931,0,340
68,125,2245,3931,26,364
68,125,2245,3945,-353,353
68,125,2245,3964,6,51
68,125,2246,3930,0,340
68,125,2247,3930,0,340
68,125,2248,3930,0,340
68,125,2249,3930,0,340
68,125,2249,3940,-345,361
68,125,2250,3930,0,340
68,125,2250,3940,-353,353
68,125,2251,3930,0,340
68,125,2251,3930,0,342
68,125,2251,3931,0,340
68,125,2251,3933,0,366
68,125,2252,3987,-44,123
68,125,2252,3988,52,0
68,125,2252,3988,78,0
68,125,2252,3988,78,7
68,125,2252,3989,51,-5
68,125,2252,3990,74,138
68,125,2252,3991,114,378
68,125,2252,3993,74,138
68,125,2253,3931,-8,366
68,125,2253,3988,78,0
68,125,2253,3990,169,69
68,125,2253,3993,126,132
68,125,2254,3940,-369,333
68,125,2255,3990,209,-5
68,125,2255,3991,209,-5
68,125,2255,3994,198,65
68,125,2256,3988,92,-49
68,125,2256,3991,229,51
68,125,2256,3993,350,233
68,125,2256,3997,350,233
68,125,2257,3979,-252,-50
68,125,2258,3935,28,391
68,125,2258,3990,210,-5
68,125,2259,3934,0,366
68,125,2259,3967,-28,73
68,125,2259,3991,498,48
68,125,2259,3997,-138,-74
68,125,2260,3934,0,366
68,125,2260,3935,0,366
68,125,2260,3989,313,30
68,125,2260,3991,-51,-7
68,125,2260,3991,-10,-24
68,125,2260,3991,1,-26
68,125,2260,3991,5,-25
68,125,2260,3991,26,0
68,125,2260,3992,-26,-3
68,125,2260,3993,101,408
68,125,2260,3994,445,43
68,125,2260,3994,471,-46
68,125,2260,3996,64,-45
68,125,2260,3997,-1,-26
68,125,2260,3997,0,26
68,125,2260,3997,72,-30
68,125,2260,4002,9,-24
68,125,2263,3988,0,0
68,125,2272,3946,0,444
68,125,2272,3947,0,418
68,125,2272,3947,0,444
68,125,2272,3947,0,466
68,125,2272,3950,0,392
68,125,2273,3988,-52,0
68,125,2274,3946,-48,498
68,125,2275,3946,-87,435
68,125,2275,3948,-97,490
68,125,2276,3947,-114,456
68,125,2281,3946,-200,397
68,125,2287,3960,-345,361
68,125,2291,3956,-345,361
69,1,2153,13,467,70
69,1,2165,19,421,0
69,1,2165,20,421,0
69,1,2167,74,159,3
69,1,2167,78,195,-130
69,1,2172,75,26,0
69,1,2174,100,346,-283
69,1,2182,91,390,-150
69,1,2198,100,346,-283
69,1,2202,106,0,-421
69,1,2204,106,0,-421
69,1,2205,106,-21,-421
69,1,2206,106,0,-421
69,1,2207,106,0,-421
69,1,2208,106,0,-421
69,1,2209,84,0,-238
69,1,2210,106,0,-421
69,1,2211,106,0,-421
69,1,2212,106,0,-421
69,1,2213,106,0,-421
69,1,2213,109,0,-447
69,1,2213,116,85,-492
69,1,2214,98,0,-369
69,1,2215,106,0,-421
69,1,2216,106,0,-421
69,1,2217,98,0,-369
69,1,2217,106,0,-421
69,1,2218,98,0,-369
69,1,2218,106,17,-234
69,1,2219,106,0,-421
69,1,2220,106,0,-421
69,1,2223,105,392,19
69,1,2223,106,0,-421
69,1,2225,106,0,-421
69,1,2225,109,0,-447
69,1,2227,106,0,-421
69,1,2227,109,0,-447
69,1,2228,98,0,-369
69,1,2228,106,0,-421
69,1,2229,98,0,-369
69,1,2229,106,0,-421
69,1,2230,106,0,-421
69,1,2231,98,0,-369
69,1,2233,109,498,-37
69,1,2233,110,494,-74
69,1,2233,112,478,-144
69,1,2233,115,462,-191
69,1,2234,111,484,-121
69,1,2234,111,488,-109
69,1,2234,116,447,-224
69,1,2234,117,435,-246
69,1,2235,114,451,-212
69,1,2235,118,394,-306
69,1,2236,107,497,0
69,1,2236,112,474,-156
69,1,2236,114,457,-203
69,1,2237,118,402,-296
69,1,2237,121,345,-361
69,1,2238,117,402,-296
69,1,2238,118,408,-287
69,1,2239,106,0,-421
69,1,2239,107,500,0
69,1,2239,118,378,-326
69,1,2240,107,500,0
69,1,2240,111,478,-144
69,1,2241,106,0,-421
69,1,2241,111,466,-179
69,1,2241,111,478,-144
69,1,2241,112,466,-179
69,1,2242,102,0,-395
69,1,2243,106,0,-421
69,1,2244,106,0,-421
69,1,2244,125,0,-500
69,1,2245,110,0,-447
69,1,2245,125,0,-500
69,1,2246,106,0,-421
69,1,2246,125,0,-500
69,1,2247,106,0,-421
69,1,2247,125,0,-500
69,1,2248,106,0,-421
69,1,2249,105,-19,-129
69,1,2249,106,0,-421
69,1,2250,96,-177,-196
69,1,2250,106,0,-421
69,1,2250,125,0,-500
69,1,2251,81,0,0
69,1,2251,84,-25,7
69,1,2251,84,0,0
69,1,2251,86,-25,-5
69,1,2251,98,-74,-138
69,1,2251,99,0,-183
69,1,2251,106,0,-421
69,1,2252,106,-21,-421
69,1,2253,83,-91,-331
69,1,2254,106,0,-421
69,1,2255,79,67,79
69,1,2255,106,0,-421
69,1,2255,109,-66,-442
69,1,2256,79,71,31
69,1,2257,102,20,-208
69,1,2258,102,-137,-453
69,1,2258,106,0,-421
69,1,2259,79,130,0
69,1,2259,105,-335,-179
69,1,2260,79,69,-35
69,1,2260,80,104,2
69,1,2260,80,292,121
69,1,2260,82,0,0
69,1,2260,98,0,-157
69,1,2260,101,0,-157
69,1,2260,106,0,-421
69,1,2262,106,0,-421
69,1,2262,107,-353,0
69,1,2262,109,0,-447
69,1,2263,94,15,-156
69,1,2263,106,0,-421
69,1,2264,101,0,-157
69,1,2264,106,0,-421
69,1,2266,106,0,-421
69,1,2267,106,0,-421
69,1,2268,114,-386,-316
69,1,2269,106,67,-225
69,1,2269,120,-236,-441
69,1,2270,125,0,-500
69,1,2271,106,0,-421
69,1,2272,120,-236,-441
69,1,2275,117,0,-473
69,1,2276,104,0,-395
69,1,2276,106,0,-421
69,1,2276,107,0,-421
69,1,2276,113,0,-473
69,1,2276,117,0,-473
69,1,2281,101,0,-157
69,1,2283,100,-20,-208
69,1,2288,106,-72,-415
69,1,2288,117,-70,-468
69,1,2295,121,0,-500
69,1,2306,75,-264,-253
69,1,2331,104,-353,-353
70,126,2185,4050,473,10
70,126,2237,3984,484,121
70,126,2238,3988,500,0
70,126,2239,3985,488,109
70,126,2240,3985,488,109
70,126,2241,3978,361,345
70,126,2241,3980,394,306
70,126,2245,3979,287,408
70,126,2248,3985,255,297
70,126,2250,3988,435,246
70,126,2251,3983,451,212
70,126,2252,3995,32,99
70,126,2253,3979,326,378
70,126,2256,3986,451,212
70,126,2256,3996,71,361
70,126,2260,4010,271,104
70,126,2260,4014,194,33
70,126,2260,4015,149,26
70,126,2260,4015,168,29
70,126,2260,4015,181,31
70,126,2260,4016,0,0
70,126,2261,3988,-435,246
70,126,2263,3971,0,500
70,126,2264,3974,0,500
70,126,2266,3988,-500,0
70,126,2267,3971,0,500
70,126,2267,3972,-212,451
70,126,2269,3988,-500,0
70,126,2272,3973,0,500
70,126,2272,3974,-345,361
70,126,2272,3984,-474,156
70,126,2274,3985,-490,97
70,126,2275,3978,-416,277
70,126,2276,3978,-416,277
71,2,2218,146,361,-345
71,2,2221,135,361,-345
71,2,2227,117,431,-119
71,2,2230,115,408,-102
71,2,2230,116,406,-112
71,2,2231,116,403,-121
71,2,2231,116,406,-112
71,2,2237,156,358,-344
71,2,2238,138,345,-361
71,2,2241,113,328,-99
71,2,2242,108,-346,185
71,2,2243,112,289,21
71,2,2244,98,-268,-208
71,2,2244,108,26,-1
71,2,2244,111,-145,217
71,2,2245,98,-335,-149
71,2,2245,155,343,-359
71,2,2246,107,26,0
71,2,2246,155,343,-359
71,2,2247,154,351,-351
71,2,2247,155,343,-359
71,2,2247,155,351,-351
71,2,2248,103,-340,17
71,2,2248,107,0,0
71,2,2248,108,9,-24
71,2,2248,154,351,-351
71,2,2248,155,343,-359
71,2,2249,116,-197,0
71,2,2249,155,343,-359
71,2,2250,155,343,-359
71,2,2251,91,-100,-212
71,2,2251,94,14,21
71,2,2251,101,12,23
71,2,2251,102,-22,13
71,2,2251,102,0,0
71,2,2251,103,-340,17
71,2,2251,103,-314,15
71,2,2251,103,-269,161
71,2,2251,103,-148,247
71,2,2251,103,0,0
71,2,2251,103,0,130
71,2,2251,103,10,23
71,2,2251,104,-51,91
71,2,2251,105,-287,6
71,2,2251,105,-1,25
71,2,2251,106,-302,0
71,2,2251,107,-6,-25
71,2,2251,154,351,-351
71,2,2251,155,343,-359
71,2,2252,101,-287,-127
71,2,2252,132,0,-500
71,2,2252,151,353,-353
71,2,2252,155,343,-359
71,2,2253,105,-94,90
71,2,2253,108,177,-196
71,2,2253,111,135,123
71,2,2253,155,343,-359
71,2,2253,160,0,-392
71,2,2254,103,-287,-28
71,2,2254,105,-235,5
71,2,2254,106,-209,0
71,2,2254,107,-209,0
71,2,2254,107,-157,0
71,2,2254,109,-109,164
71,2,2254,155,343,-359
71,2,2255,109,244,-101
71,2,2255,113,215,95
71,2,2255,155,343,-359
71,2,2256,104,-254,-105
71,2,2256,106,-183,0
71,2,2256,155,343,-359
71,2,2256,160,-20,-392
71,2,2257,103,-154,-98
71,2,2257,104,-231,-95
71,2,2257,104,-169,-70
71,2,2257,105,-169,-70
71,2,2257,106,-223,0
71,2,2257,106,-104,0
71,2,2257,107,-92,49
71,2,2257,155,343,-359
71,2,2258,103,-174,-116
71,2,2258,105,-169,-70
71,2,2258,105,-78,0
71,2,2258,106,-223,0
71,2,2258,106,-78,7
71,2,2258,154,351,-351
71,2,2258,155,343,-359
71,2,2259,89,-15,103
71,2,2259,93,25,101
71,2,2259,94,-74,138
71,2,2259,95,-90,159
71,2,2259,95,-74,138
71,2,2259,99,-74,138
71,2,2259,103,-90,-159
71,2,2259,105,-111,-208
71,2,2259,105,-99,-66
71,2,2259,105,-14,-21
71,2,2259,106,-99,-121
71,2,2259,106,-23,12
71,2,2259,106,-5,-25
71,2,2259,107,-223,-11
71,2,2259,107,-223,0
71,2,2259,107,-78,0
71,2,2259,107,-52,0
71,2,2259,107,-52,5
71,2,2259,107,-43,-29
71,2,2259,155,343,-359
71,2,2259,156,358,-344
71,2,2260,108,-25,-123
71,2,2260,109,41,-151
71,2,2260,136,0,-418
71,2,2260,145,0,-471
71,2,2260,151,353,-353
71,2,2260,155,343,-359
71,2,2260,156,358,-344
71,2,2260,165,0,-340
71,2,2260,166,0,-340
71,2,2261,155,343,-359
71,2,2261,156,-21,-418
71,2,2261,165,0,-340
71,2,2262,152,-22,-444
71,2,2262,155,343,-359
71,2,2262,156,-21,-418
71,2,2262,164,-18,-366
71,2,2262,165,0,-340
71,2,2263,139,0,-418
71,2,2263,152,353,-353
71,2,2263,155,343,-359
71,2,2263,160,-29,-391
71,2,2263,164,-18,-366
71,2,2263,165,0,-340
71,2,2264,145,0,-471
71,2,2264,152,-22,-444
71,2,2264,155,343,-359
71,2,2264,156,-21,-418
71,2,2264,165,0,-340
71,2,2265,155,343,-359
71,2,2265,156,-21,-418
71,2,2265,164,-18,-366
71,2,2265,165,0,-340
71,2,2266,145,0,-471
71,2,2266,149,0,-444
71,2,2266,152,-22,-444
71,2,2266,154,351,-351
71,2,2266,155,343,-359
71,2,2266,160,-29,-391
71,2,2266,164,-18,-366
71,2,2266,165,0,-340
71,2,2267,142,-25,-497
71,2,2267,154,351,-351
71,2,2267,155,343,-359
71,2,2267,155,351,-351
71,2,2267,156,-21,-418
71,2,2267,164,-18,-366
71,2,2268,145,0,-471
71,2,2268,155,343,-359
71,2,2268,156,-21,-418
71,2,2268,164,-18,-366
71,2,2268,165,0,-340
71,2,2269,140,0,-444
71,2,2269,145,0,-471
71,2,2269,152,-22,-444
71,2,2269,155,343,-359
71,2,2269,156,-21,-418
71,2,2269,164,-18,-366
71,2,2269,165,0,-340
71,2,2270,136,0,-418
71,2,2270,145,0,-471
71,2,2270,151,353,-353
71,2,2270,155,343,-359
71,2,2270,155,351,-351
71,2,2270,156,-21,-418
71,2,2270,164,-18,-366
71,2,2270,164,-8,-366
71,2,2270,165,0,-340
71,2,2271,131,-25,-260
71,2,2271,152,-22,-444
71,2,2271,156,-21,-418
71,2,2271,164,-18,-366
71,2,2272,133,0,-369
71,2,2272,152,-22,-444
71,2,2272,155,343,-359
71,2,2272,156,-21,-418
71,2,2272,158,0,-392
71,2,2272,162,0,-366
71,2,2272,164,-18,-366
71,2,2272,165,0,-340
71,2,2273,133,0,-369
71,2,2273,145,353,-353
71,2,2273,155,343,-359
71,2,2273,155,351,-351
71,2,2273,156,-21,-418
71,2,2273,164,-27,-365
71,2,2273,164,-18,-366
71,2,2274,151,353,-353
71,2,2274,155,343,-359
71,2,2274,156,-21,-418
71,2,2274,164,-18,-366
71,2,2275,126,0,-157
71,2,2275,128,0,-183
71,2,2275,129,0,-209
71,2,2275,135,0,-392
71,2,2275,155,0,-418
71,2,2275,155,343,-359
71,2,2275,162,0,-366
71,2,2275,164,-18,-366
71,2,2275,164,0,-366
71,2,2275,166,0,-500
71,2,2276,136,0,-471
71,2,2276,138,0,-447
71,2,2276,155,0,-500
71,2,2276,155,0,-444
71,2,2276,155,343,-359
71,2,2276,156,0,-444
71,2,2276,156,0,-418
71,2,2276,157,0,-418
71,2,2276,158,0,-471
71,2,2276,158,0,-418
71,2,2276,158,0,-392
71,2,2276,159,0,-418
71,2,2276,161,0,-444
71,2,2276,161,0,-418
71,2,2276,162,0,-392
71,2,2276,162,0,-366
71,2,2276,163,0,-418
71,2,2276,163,0,-392
71,2,2276,163,0,-366
71,2,2276,164,0,-500
71,2,2276,164,0,-392
71,2,2276,164,0,-366
71,2,2276,165,0,-366
71,2,2277,155,343,-359
71,2,2278,154,351,-351
71,2,2278,155,343,-359
71,2,2278,157,-43,-443
71,2,2278,159,-31,-417
71,2,2278,164,-18,-366
71,2,2279,155,343,-359
71,2,2279,155,358,-344
71,2,2279,156,-33,-443
71,2,2279,159,-31,-417
71,2,2279,162,-50,-415
71,2,2279,162,-41,-417
71,2,2279,163,-20,-392
71,2,2279,164,-20,-392
71,2,2279,165,-29,-391
71,2,2280,155,343,-359
71,2,2280,155,358,-344
71,2,2281,155,343,-359
71,2,2282,142,0,-444
71,2,2282,155,343,-359
71,2,2282,158,-132,-482
71,2,2283,155,343,-359
71,2,2284,167,-144,-478
71,2,2285,159,-97,-490
71,2,2286,154,351,-351
71,2,2286,155,343,-359
71,2,2286,155,351,-351
71,2,2286,156,345,-361
71,2,2286,164,-97,-490
71,2,2287,129,0,-261
71,2,2287,154,351,-351
71,2,2288,160,-97,-490
71,2,2289,153,345,-361
71,2,2290,151,353,-353
71,2,2290,151,361,-345
71,2,2290,152,353,-353
71,2,2297,145,353,-353
71,2,2340,139,0,-421
71,125,2227,3975,421,150
71,125,2236,3983,361,71
71,125,2238,3958,345,361
71,125,2241,3978,403,121
71,125,2242,3945,361,345
71,125,2246,4017,176,111
71,125,2250,3987,-151,-41
71,125,2255,3992,-263,175
71,125,2257,3931,8,366
71,125,2258,3992,-124,136
71,125,2259,3930,0,340
71,125,2259,3991,-38,153
71,125,2260,3930,0,340
71,125,2260,3950,0,500
71,125,2262,3930,0,340
71,125,2263,3930,0,340
71,125,2264,3930,0,340
71,125,2266,3930,0,340
71,125,2266,3931,0,340
71,125,2267,3930,0,340
71,125,2268,3930,0,340
71,125,2269,3930,0,340
71,125,2270,3930,0,340
71,125,2271,3931,0,340
71,125,2272,3931,0,340
71,125,2272,3934,0,366
71,125,2272,3934,0,387
71,125,2272,3935,0,340
71,125,2272,3935,0,366
71,125,2272,3938,0,392
71,125,2273,3930,0,340
71,125,2274,3930,0,340
71,125,2274,3934,-27,364
71,125,2275,3930,0,340
71,125,2275,3934,-35,364
71,125,2276,3930,0,340
71,125,2276,3931,0,340
71,125,2277,3930,0,340
71,125,2277,3931,26,364
71,125,2278,3930,0,340
71,125,2279,3930,0,340
71,125,2280,3930,0,340
71,125,2281,3930,0,340
71,125,2281,3931,26,364
71,125,2282,3930,0,340
71,125,2283,3928,0,473
71,125,2283,3929,0,500
71,125,2283,3930,0,340
71,125,2283,3970,158,174
71,125,2283,3971,169,162
71,125,2284,3930,0,340
71,125,2284,3971,169,162
71,125,2285,3930,0,340
71,125,2285,3931,0,366
71,125,2285,3973,132,126
71,125,2286,3930,0,340
71,125,2286,3941,351,351
71,125,2286,3941,358,343
71,125,2287,3930,0,340
71,125,2287,3931,0,340
71,125,2287,3941,343,358
71,125,2288,3930,0,340
71,125,2288,3931,0,340
71,125,2289,3930,0,340
71,125,2290,3930,0,340
71,125,2290,3945,353,353
71,125,2291,3930,0,340
71,125,2291,3945,353,353
71,125,2292,3930,0,340
71,125,2293,3930,0,340
71,125,2294,3930,0,340
71,125,2295,3930,0,340
71,125,2296,3930,0,340
71,125,2296,3967,0,261
71,125,2296,3975,0,78
71,125,2297,3930,0,340
71,125,2298,3930,0,340
71,125,2299,3930,0,340
71,125,2300,3930,0,340
71,125,2301,3930,0,340
71,125,2302,3930,0,340
71,125,2303,3930,0,340
71,125,2304,3930,0,340
71,125,2305,3930,0,340
71,125,2306,3930,0,340
71,125,2307,3930,0,340
71,125,2308,3930,0,340
71,125,2309,3930,0,340
71,125,2310,3930,0,340
71,125,2311,3930,0,340
71,125,2312,3930,0,340
71,125,2312,3971,0,183
71,125,2312,3974,0,104
71,125,2313,3930,0,340
71,125,2314,3930,0,340
71,125,2315,3930,0,340
71,125,2316,3930,0,340
71,125,2317,3930,0,340
71,125,2318,3930,0,340
71,125,2319,3930,0,340
71,125,2320,3930,0,340
71,125,2321,3930,0,340
71,125,2321,3931,0,340
71,125,2322,3942,0,418
71,125,2323,3930,0,340
71,125,2323,3931,0,340
71,125,2324,3930,0,340
71,125,2325,3930,0,340
71,125,2326,3930,0,340
71,125,2327,3930,0,340
71,125,2328,3930,0,340
71,125,2329,3930,0,340
71,125,2329,3931,0,340
71,125,2330,3930,0,340
71,125,2331,3930,0,340
71,125,2332,3930,0,340
71,125,2333,3930,0,340
71,125,2334,3930,0,340
71,125,2335,3930,0,340
71,125,2336,3930,0,340
71,125,2336,3931,0,340
71,125,2339,3933,18,366
71,125,2339,3933,19,392
71,125,2339,3955,21,421
71,125,2340,3926,0,447
71,125,2340,3930,0,340
71,125,2340,3930,0,447
71,125,2340,3931,0,366
71,125,2340,3931,0,392
71,125,2340,3933,-21,418
71,125,2340,3934,0,418
71,125,2340,3936,0,471
71,125,2340,3943,0,500
71,125,2340,3954,0,447
71,125,2340,3959,0,395
71,125,2340,3963,0,369
71,125,2340,3964,0,369
71,125,2340,3972,0,104
71,125,2342,3934,-29,391
71,125,2343,3932,-29,391
71,125,2343,3966,0,287
71,125,2352,3990,209,-5
71,125,2354,3986,252,-186
71,125,2358,3942,-345,361
72,126,2330,3978,416,277
72,126,2330,3980,457,203
72,126,2332,3976,394,306
72,126,2332,3980,447,224
72,126,2333,3979,421,267
72,126,2333,3985,490,97
72,126,2336,3972,361,345
72,126,2336,3986,492,85
72,126,2337,3988,500,0
72,126,2339,3973,0,500
72,126,2339,3988,500,0
72,126,2340,3971,0,500
72,126,2340,3972,156,474
72,126,2340,3973,0,500
72,126,2341,3973,0,500
72,126,2341,3973,179,466
72,126,2341,3986,492,85
72,126,2341,3988,500,0
72,126,2342,3969,121,484
72,126,2342,3988,194,194
72,126,2347,3989,0,421
72,126,2347,4012,0,235
72,126,2348,3989,-21,421
72,126,2348,3990,323,173
72,126,2354,3989,-21,421
72,126,2361,3989,-21,421
72,126,2363,3989,-21,421
72,126,2364,3989,-21,421
72,126,2365,3966,-224,447
72,126,2369,3989,-21,421
72,126,2370,3989,-21,421
72,126,2390,3976,-97,490
72,126,2391,3973,-109,488
73,2,2262,107,500,0
73,2,2263,113,498,-48
73,2,2264,107,500,0
73,2,2265,109,488,-109
73,2,2265,110,478,-144
73,2,2265,115,488,-109
73,2,2266,108,482,-132
73,2,2266,115,484,-121
73,2,2266,117,484,-121
73,2,2266,119,484,-121
73,2,2267,115,488,-109
73,2,2268,112,482,-132
73,2,2268,113,484,-121
73,2,2268,114,484,-121
73,2,2268,115,484,-121
73,2,2269,110,478,-144
73,2,2269,112,482,-132
73,2,2269,116,484,-121
73,2,2269,118,484,-121
73,2,2270,109,488,-109
73,2,2270,112,482,-132
73,2,2271,75,471,0
73,2,2272,107,500,0
73,2,2272,108,482,-132
73,2,2275,107,500,0
73,2,2276,123,500,25
73,2,2278,107,500,0
73,2,2278,112,482,-132
73,2,2281,122,447,-224
73,2,2282,107,261,0
73,2,2283,75,500,0
73,2,2285,107,340,0
73,2,2288,117,433,-108
73,2,2289,121,423,-212
73,2,2290,86,261,5
73,2,2290,105,392,8
73,2,2290,117,433,-108
73,2,2291,107,183,0
73,2,2293,108,421,0
73,2,2293,117,433,-108
73,2,2295,75,395,0
73,2,2295,96,395,0
73,2,2295,116,403,-121
73,2,2295,116,408,-102
73,2,2295,155,343,-359
73,2,2298,106,235,5
73,2,2298,107,130,0
73,2,2299,120,488,-109
73,2,2300,135,361,-345
73,2,2301,109,500,-11
73,2,2301,116,347,-124
73,2,2301,117,341,-141
73,2,2301,127,330,-257
73,2,2302,122,302,-289
73,2,2303,117,433,-108
73,2,2303,149,361,-345
73,2,2304,138,345,-361
73,2,2306,124,287,-408
73,2,2306,144,353,-353
73,2,2308,107,316,0
73,2,2308,116,437,-98
73,2,2309,111,500,-25
73,2,2309,112,341,-25
73,2,2309,117,433,-108
73,2,2309,141,345,-361
73,2,2310,120,484,-121
73,2,2310,157,343,-359
73,2,2312,107,0,0
73,2,2313,35,403,190
73,2,2313,117,433,-108
73,2,2313,125,500,25
73,2,2313,156,345,-361
73,2,2314,111,367,-36
73,2,2314,112,341,-33
73,2,2314,145,353,-353
73,2,2315,117,433,-108
73,2,2315,147,361,-345
73,2,2316,133,345,-361
73,2,2316,138,345,-361
73,2,2316,142,326,-378
73,2,2316,142,361,-345
73,2,2316,144,353,-353
73,2,2316,145,353,-353
73,2,2316,146,353,-353
73,2,2316,146,361,-345
73,2,2316,147,353,-353
73,2,2316,148,345,-361
73,2,2316,149,353,-353
73,2,2316,152,345,-361
73,2,2317,117,433,-108
73,2,2317,130,297,-298
73,2,2317,133,345,-361
73,2,2317,137,345,-361
73,2,2317,138,345,-361
73,2,2317,141,335,-371
73,2,2317,141,345,-361
73,2,2317,144,353,-353
73,2,2317,145,353,-353
73,2,2317,148,345,-361
73,2,2317,148,353,-353
73,2,2317,149,345,-361
73,2,2317,150,335,-371
73,2,2317,150,345,-361
73,2,2318,122,423,-212
73,2,2318,134,361,-345
73,2,2318,141,345,-361
73,2,2318,143,353,-353
73,2,2318,145,353,-353
73,2,2318,148,345,-361
73,2,2318,148,353,-353
73,2,2318,149,345,-361
73,2,2318,149,353,-353
73,2,2318,151,353,-353
73,2,2319,143,353,-353
73,2,2319,144,353,-353
73,2,2319,145,361,-345
73,2,2319,153,296,-402
73,2,2320,145,353,-353
73,2,2320,153,296,-402
73,2,2321,122,423,-212
73,2,2321,144,353,-353
73,2,2321,145,345,-361
73,2,2321,145,353,-353
73,2,2321,146,345,-361
73,2,2321,146,353,-353
73,2,2321,147,353,-353
73,2,2321,148,345,-361
73,2,2321,152,296,-402
73,2,2322,145,361,-345
73,2,2322,146,361,-345
73,2,2322,152,287,-408
73,2,2323,119,421,-150
73,2,2323,121,417,-160
73,2,2323,148,296,-402
73,2,2324,129,399,-253
73,2,2324,143,345,-361
73,2,2324,148,296,-402
73,2,2325,146,296,-402
73,2,2325,147,345,-361
73,2,2326,141,335,-371
73,2,2326,145,296,-402
73,2,2326,148,345,-361
73,2,2326,153,345,-361
73,2,2327,140,345,-361
73,2,2328,140,345,-361
73,2,2329,143,345,-361
73,2,2329,144,345,-361
73,2,2329,154,345,-361
73,2,2330,118,368,-142
73,2,2331,135,317,-351
73,2,2331,135,327,-342
73,2,2333,143,361,-345
73,2,2333,144,361,-345
73,2,2336,116,160,417
73,2,2336,142,335,-371
73,2,2340,140,361,-345
73,2,2340,144,361,-345
73,2,2341,116,317,-190
73,2,2343,139,181,-409
73,2,2343,164,156,-474
73,2,2346,115,346,-283
73,2,2346,116,353,-274
73,2,2348,127,194,-250
73,2,2349,162,132,-482
73,2,2353,156,74,-494
73,2,2354,126,293,-265
73,2,2354,129,365,151
73,2,2356,112,97,79
73,2,2356,118,0,-130
73,2,2356,139,0,-421
73,2,2356,141,0,-447
73,2,2356,147,0,-340
73,2,2356,149,0,-473
73,2,2356,158,0,-500
73,2,2356,166,0,-500
73,2,2404,134,0,-157
73,2,2443,95,0,-500
73,2,2457,96,-386,-316
74,3,2295,123,500,25
74,3,2297,124,500,0
74,3,2298,121,498,48
74,3,2298,128,500,0
74,3,2302,121,498,37
74,3,2304,105,469,34
74,3,2304,150,421,-267
74,3,2304,151,408,-287
74,3,2305,106,418,9
74,3,2305,151,408,-287
74,3,2307,147,500,0
74,3,2308,155,368,-334
74,3,2308,161,340,-325
74,3,2308,162,340,-325
74,3,2308,163,340,-325
74,3,2308,164,340,-325
74,3,2308,165,340,-325
74,3,2308,172,340,-325
74,3,2309,145,353,-353
74,3,2309,146,416,-277
74,3,2309,152,353,-353
74,3,2309,153,351,-351
74,3,2309,154,358,-344
74,3,2309,154,368,-334
74,3,2309,155,358,-344
74,3,2309,155,368,-334
74,3,2309,156,351,-351
74,3,2310,99,429,257
74,3,2310,145,353,-353
74,3,2310,154,358,-344
74,3,2310,154,368,-334
74,3,2310,155,368,-334
74,3,2310,157,343,-359
74,3,2311,145,345,-361
74,3,2311,145,353,-353
74,3,2311,157,333,-369
74,3,2311,161,351,-351
74,3,2312,141,335,-371
74,3,2312,145,353,-353
74,3,2312,149,353,-353
74,3,2312,150,353,-353
74,3,2312,152,353,-353
74,3,2312,162,345,-361
74,3,2313,122,473,10
74,3,2313,138,345,-361
74,3,2313,151,361,-345
74,3,2313,151,371,-335
74,3,2313,161,306,-394
74,3,2314,125,148,-450
74,3,2314,162,296,-402
74,3,2315,146,353,-353
74,3,2315,153,361,-345
74,3,2315,154,361,-345
74,3,2315,155,361,-345
74,3,2315,156,361,-345
74,3,2315,157,353,-353
74,3,2315,157,361,-345
74,3,2315,158,361,-345
74,3,2315,161,361,-345
74,3,2315,162,361,-345
74,3,2315,163,361,-345
74,3,2315,164,361,-345
74,3,2315,165,361,-345
74,3,2315,177,361,-345
74,3,2316,121,361,-345
74,3,2316,136,345,-361
74,3,2317,125,287,-408
74,3,2317,157,296,-402
74,3,2318,120,445,33
74,3,2318,121,445,43
74,3,2318,140,345,-361
74,3,2319,107,464,92
74,3,2319,122,423,-212
74,3,2320,164,500,0
74,3,2322,120,444,53
74,3,2322,123,447,10
74,3,2323,139,353,-353
74,3,2323,150,287,-408
74,3,2325,121,419,41
74,3,2325,122,419,41
74,3,2325,124,421,0
74,3,2327,165,494,74
74,3,2328,121,393,38
74,3,2328,122,393,38
74,3,2328,122,395,19
74,3,2328,123,395,19
74,3,2329,137,309,-323
74,3,2329,141,299,-366
74,3,2329,143,345,-361
74,3,2329,149,433,-108
74,3,2331,123,330,-257
74,3,2331,137,291,-339
74,3,2332,136,291,-339
74,3,2333,112,101,-408
74,3,2333,137,283,-346
74,3,2333,144,291,-339
74,3,2333,155,270,-384
74,3,2334,115,-31,315
74,3,2334,182,403,-190
74,3,2335,109,265,-293
74,3,2335,120,-169,-298
74,3,2335,122,338,50
74,3,2335,139,262,-394
74,3,2336,142,248,-372
74,3,2337,109,25,-1
74,3,2337,124,131,22
74,3,2337,124,235,35
74,3,2337,124,316,7
74,3,2337,139,230,-384
74,3,2338,107,238,0
74,3,2338,109,25,2
74,3,2338,124,131,22
74,3,2338,134,233,-350
74,3,2338,136,248,-372
74,3,2338,192,306,-394
74,3,2339,124,133,0
74,3,2339,124,290,14
74,3,2339,125,113,-108
74,3,2339,126,113,-108
74,3,2340,125,107,0
74,3,2340,125,133,0
74,3,2340,127,94,-90
74,3,2340,130,-389,-183
74,3,2340,134,225,-355
74,3,2340,172,361,-345
74,3,2341,125,133,0
74,3,2341,125,184,22
74,3,2341,174,192,-433
74,3,2342,123,-162,-170
74,3,2342,124,185,17
74,3,2342,125,-350,-115
74,3,2342,169,156,-474
74,3,2343,117,-84,-219
74,3,2343,165,171,-414
74,3,2343,199,179,-466
74,3,2344,134,-289,-128
74,3,2344,137,151,-393
74,3,2344,139,-318,351
74,3,2344,140,150,-421
74,3,2344,142,150,-421
74,3,2344,148,156,-474
74,3,2344,199,179,-466
74,3,2345,116,-313,-47
74,3,2345,145,136,-453
74,3,2345,198,156,-474
74,3,2346,107,-104,0
74,3,2346,107,21,-15
74,3,2346,125,107,0
74,3,2346,125,159,0
74,3,2346,198,156,-474
74,3,2347,107,-104,0
74,3,2347,142,108,-433
74,3,2347,167,108,-433
74,3,2347,172,118,-432
74,3,2347,195,132,-482
74,3,2347,198,132,-482
74,3,2347,199,132,-482
74,3,2348,136,-433,192
74,3,2349,121,-232,-52
74,3,2349,123,-229,218
74,3,2349,129,-257,-45
74,3,2349,194,132,-482
74,3,2349,198,132,-482
74,3,2350,107,-21,-14
74,3,2350,117,-232,-35
74,3,2350,130,-258,57
74,3,2350,158,156,-474
74,3,2350,189,156,-474
74,3,2351,127,-215,101
74,3,2352,107,-62,-110
74,3,2352,107,0,0
74,3,2352,134,-332,300
74,3,2353,107,21,-15
74,3,2353,118,-181,-27
74,3,2353,122,-179,35
74,3,2353,140,-115,-62
74,3,2354,129,-110,149
74,3,2354,192,132,-482
74,3,2355,107,-112,-210
74,3,2355,129,-75,141
74,3,2355,131,-141,396
74,3,2355,131,-108,433
74,3,2355,197,85,-492
74,3,2356,140,211,394
74,3,2356,140,223,417
74,3,2356,144,0,0
74,3,2356,145,0,0
74,3,2356,155,0,0
74,3,2356,159,62,117
74,3,2356,163,0,-183
74,3,2356,180,0,-500
74,3,2356,181,0,-183
74,3,2356,186,0,-500
74,3,2356,188,0,-500
74,3,2356,189,109,-488
74,3,2356,190,167,-470
74,3,2356,197,109,-488
74,3,2356,198,0,-500
74,3,2356,198,0,-497
74,3,2356,198,167,-470
74,3,2363,163,-91,-331
74,3,2382,158,305,-250
74,3,2390,183,361,-345
74,3,2443,167,0,-78
74,3,2443,173,0,-447
74,3,2443,174,-23,-447
74,3,2443,174,0,-447
74,3,2443,186,0,-500
74,3,2443,191,0,-500
74,3,2443,192,-148,-450
74,3,2443,197,-109,-488
74,3,2443,202,0,-500
74,3,2444,198,-203,-457
74,3,2444,199,-121,-484
74,3,2445,173,-43,-443
74,3,2452,134,-114,-459
74,3,2452,199,-144,-478
74,3,2452,199,-132,-482
74,3,2453,82,-232,34
74,3,2460,126,-234,-318
74,3,2460,139,-203,-457
74,3,2466,126,-56,88
74,3,2467,76,-407,111
74,3,2469,125,-101,-82
74,3,2476,115,-340,0
74,3,2479,81,-340,17
74,4,2299,166,500,0
74,4,2302,124,500,0
74,4,2308,174,482,-132
74,4,2308,185,418,0
74,4,2308,187,416,30
74,4,2308,188,416,30
74,4,2308,190,418,0
74,4,2308,193,340,-325
74,4,2308,196,340,-325
74,4,2308,197,340,-325
74,4,2308,204,340,-325
74,4,2309,190,418,0
74,4,2310,154,351,-351
74,4,2310,189,500,0
74,4,2310,190,418,0
74,4,2311,162,351,-351
74,4,2311,192,351,-351
74,4,2313,151,353,-353
74,4,2313,188,444,22
74,4,2315,152,361,-345
74,4,2315,153,361,-345
74,4,2315,154,361,-345
74,4,2315,155,361,-345
74,4,2315,156,361,-345
74,4,2315,157,361,-345
74,4,2315,158,345,-361
74,4,2315,158,353,-353
74,4,2315,158,361,-345
74,4,2315,159,361,-345
74,4,2315,160,361,-345
74,4,2315,161,361,-345
74,4,2315,162,361,-345
74,4,2315,163,361,-345
74,4,2315,163,498,-48
74,4,2315,164,361,-345
74,4,2315,165,361,-345
74,4,2315,166,361,-345
74,4,2315,167,361,-345
74,4,2315,168,361,-345
74,4,2315,169,361,-345
74,4,2315,170,361,-345
74,4,2315,171,361,-345
74,4,2315,172,361,-345
74,4,2315,173,361,-345
74,4,2315,174,361,-345
74,4,2315,175,361,-345
74,4,2315,176,361,-345
74,4,2315,177,361,-345
74,4,2315,178,361,-345
74,4,2315,179,361,-345
74,4,2315,180,361,-345
74,4,2315,181,361,-345
74,4,2315,182,361,-345
74,4,2315,183,361,-345
74,4,2315,183,457,-126
74,4,2315,185,361,-345
74,4,2315,186,361,-345
74,4,2315,187,361,-345
74,4,2315,188,361,-345
74,4,2315,189,361,-345
74,4,2315,190,361,-345
74,4,2315,194,361,-345
74,4,2315,197,361,-345
74,4,2316,194,444,0
74,4,2316,196,444,0
74,4,2316,197,444,0
74,4,2317,187,471,23
74,4,2317,196,466,0
74,4,2318,154,353,-353
74,4,2319,120,457,-126
74,4,2319,196,471,0
74,4,2321,190,492,-11
74,4,2322,164,447,0
74,4,2322,188,495,36
74,4,2322,189,495,36
74,4,2323,188,495,36
74,4,2323,190,497,-11
74,4,2324,188,497,11
74,4,2324,189,497,11
74,4,2324,190,497,0
74,4,2325,189,500,0
74,4,2328,155,353,-353
74,4,2328,189,500,0
74,4,2329,153,309,-323
74,4,2329,154,309,-323
74,4,2330,203,500,0
74,4,2331,153,300,-332
74,4,2332,121,-76,-441
74,4,2332,123,-54,-444
74,4,2332,135,-224,-418
74,4,2332,156,274,-353
74,4,2332,172,224,-447
74,4,2332,172,360,-80
74,4,2332,197,500,0
74,4,2334,178,412,-82
74,4,2335,108,123,43
74,4,2336,117,-98,-356
74,4,2336,124,-58,-391
74,4,2336,142,279,-279
74,4,2337,113,260,-261
74,4,2338,114,69,-309
74,4,2338,120,-83,-332
74,4,2338,137,-421,-267
74,4,2338,151,241,-344
74,4,2338,186,441,-236
74,4,2339,118,-260,-223
74,4,2339,137,200,400
74,4,2339,144,-226,-291
74,4,2340,119,-248,-237
74,4,2340,144,-211,333
74,4,2340,148,226,-323
74,4,2340,153,207,-367
74,4,2340,164,192,-433
74,4,2340,220,0,-500
74,4,2341,120,-229,-219
74,4,2341,139,-339,-203
74,4,2341,159,189,-377
74,4,2341,190,500,0
74,4,2342,118,-220,-189
74,4,2342,139,-367,207
74,4,2342,140,-367,207
74,4,2342,141,-367,207
74,4,2342,142,-367,207
74,4,2342,144,-367,207
74,4,2342,145,-367,207
74,4,2342,147,-367,207
74,4,2342,148,-367,207
74,4,2342,149,-367,207
74,4,2342,150,-367,207
74,4,2342,151,-367,207
74,4,2342,152,-367,207
74,4,2342,154,-367,207
74,4,2342,155,-367,207
74,4,2342,157,-367,207
74,4,2342,159,-367,207
74,4,2342,159,-293,-265
74,4,2342,160,-367,207
74,4,2342,161,-367,207
74,4,2342,162,-367,207
74,4,2342,165,-367,207
74,4,2342,166,-367,207
74,4,2342,189,500,0
74,4,2342,190,500,0
74,4,2342,208,156,-474
74,4,2343,118,-220,-189
74,4,2343,159,160,-417
74,4,2343,199,169,-442
74,4,2343,200,169,-442
74,4,2343,228,156,-474
74,4,2344,120,-309,-69
74,4,2344,159,160,-417
74,4,2344,189,441,-236
74,4,2344,196,500,0
74,4,2345,126,-323,114
74,4,2345,159,150,-421
74,4,2345,163,136,-453
74,4,2345,177,109,-488
74,4,2346,119,-61,-172
74,4,2346,125,-317,131
74,4,2346,129,-269,-103
74,4,2346,163,125,-457
74,4,2346,166,121,-484
74,4,2346,167,121,-484
74,4,2346,177,97,-490
74,4,2346,227,121,-484
74,4,2346,230,121,-484
74,4,2347,118,-310,-62
74,4,2347,120,-309,-69
74,4,2347,137,109,488
74,4,2347,156,-378,-326
74,4,2347,167,108,-433
74,4,2347,171,97,-490
74,4,2347,171,108,-433
74,4,2347,172,97,-490
74,4,2347,174,97,-490
74,4,2347,175,97,-490
74,4,2347,177,97,-490
74,4,2347,188,123,-375
74,4,2347,198,108,-433
74,4,2347,199,108,-433
74,4,2347,203,108,-433
74,4,2347,231,109,-488
74,4,2347,231,121,-484
74,4,2347,231,132,-482
74,4,2348,110,-341,-33
74,4,2348,129,-264,-13
74,4,2348,133,-205,205
74,4,2348,153,-276,-203
74,4,2348,177,85,-492
74,4,2348,178,74,-494
74,4,2348,178,85,-492
74,4,2348,181,85,-492
74,4,2348,181,277,-416
74,4,2348,182,277,-416
74,4,2348,183,277,-416
74,4,2348,184,85,-492
74,4,2348,186,441,-236
74,4,2348,191,85,-492
74,4,2348,231,121,-484
74,4,2349,109,-289,-28
74,4,2349,141,-286,49
74,4,2349,141,-242,-100
74,4,2349,144,-235,-35
74,4,2349,152,-298,168
74,4,2349,159,-378,-326
74,4,2349,177,60,-496
74,4,2349,179,50,-418
74,4,2349,186,429,-257
74,4,2349,186,441,-236
74,4,2349,187,429,-257
74,4,2349,189,429,-257
74,4,2349,230,121,-484
74,4,2350,119,-289,-28
74,4,2350,121,-289,-28
74,4,2350,122,-281,-70
74,4,2350,130,-244,-94
74,4,2350,166,0,0
74,4,2350,192,98,-356
74,4,2351,118,-206,-36
74,4,2351,124,-223,73
74,4,2352,122,-220,-146
74,4,2352,123,-220,-146
74,4,2352,177,25,-341
74,4,2352,178,25,-341
74,4,2352,182,25,-341
74,4,2352,232,74,-494
74,4,2353,109,-220,-146
74,4,2353,114,13,182
74,4,2353,117,-201,-127
74,4,2353,132,-198,65
74,4,2353,234,48,-498
74,4,2354,123,-126,92
74,4,2354,127,-130,86
74,4,2354,128,-130,86
74,4,2355,118,-43,-29
74,4,2355,120,-112,-210
74,4,2355,125,-126,92
74,4,2355,131,-126,132
74,4,2355,133,-90,159
74,4,2356,108,0,0
74,4,2356,111,0,0
74,4,2356,111,91,-162
74,4,2356,113,0,-212
74,4,2356,114,0,-104
74,4,2356,115,0,-261
74,4,2356,115,0,-238
74,4,2356,115,0,-104
74,4,2356,115,26,0
74,4,2356,115,113,-170
74,4,2356,184,0,0
74,4,2356,230,0,-500
74,4,2359,232,-60,-496
74,4,2373,198,339,-292
74,4,2386,214,371,-335
74,4,2430,203,500,0
74,4,2435,203,500,0
74,4,2440,203,500,0
74,4,2443,212,0,-500
74,4,2448,208,-121,-484
74,4,2449,188,-98,-356
74,4,2450,226,-132,-482
74,4,2452,231,-132,-482
74,4,2453,227,-121,-484
74,4,2462,178,-256,-297
74,4,2464,167,-283,-312
74,5,2295,189,500,0
74,5,2296,189,500,0
74,5,2296,193,405,-30
74,5,2296,194,417,-41
74,5,2296,197,492,-85
74,5,2297,189,392,0
74,5,2297,189,418,0
74,5,2297,192,407,-20
74,5,2297,193,405,-30
74,5,2297,194,417,-31
74,5,2297,195,496,-60
74,5,2297,196,473,0
74,5,2298,189,418,0
74,5,2298,189,444,0
74,5,2298,189,497,0
74,5,2298,196,500,0
74,5,2298,206,369,-18
74,5,2299,189,418,0
74,5,2299,189,444,0
74,5,2299,190,340,0
74,5,2299,190,361,0
74,5,2299,191,340,0
74,5,2299,192,340,0
74,5,2299,193,340,0
74,5,2299,194,340,0
74,5,2299,195,340,0
74,5,2299,196,340,0
74,5,2299,196,361,0
74,5,2299,196,500,0
74,5,2299,197,340,0
74,5,2299,199,340,0
74,5,2299,200,340,0
74,5,2299,202,340,0
74,5,2299,203,340,0
74,5,2299,204,340,0
74,5,2299,205,340,0
74,5,2299,206,340,0
74,5,2299,207,340,0
74,5,2299,209,340,0
74,5,2300,177,474,156
74,5,2300,185,366,0
74,5,2300,186,366,18
74,5,2300,187,366,8
74,5,2300,189,340,0
74,5,2300,189,366,0
74,5,2300,189,392,0
74,5,2300,190,366,0
74,5,2300,191,366,-8
74,5,2300,196,340,0
74,5,2300,205,366,-8
74,5,2301,186,391,28
74,5,2301,189,366,0
74,5,2301,190,366,-8
74,5,2301,190,366,0
74,5,2301,191,366,-8
74,5,2301,191,366,0
74,5,2301,205,366,-8
74,5,2302,190,366,0
74,5,2302,191,366,-8
74,5,2303,190,387,0
74,5,2303,197,366,0
74,5,2303,198,366,0
74,5,2303,203,366,0
74,5,2303,210,366,0
74,5,2303,213,366,0
74,5,2303,215,366,0
74,5,2303,216,366,0
74,5,2304,161,482,132
74,5,2304,190,392,0
74,5,2304,196,500,0
74,5,2304,205,392,-9
74,5,2305,178,478,144
74,5,2305,179,478,144
74,5,2305,190,392,0
74,5,2305,191,392,-9
74,5,2305,205,392,-9
74,5,2306,190,392,0
74,5,2307,196,414,0
74,5,2307,210,392,0
74,5,2311,216,418,0
74,5,2311,222,418,0
74,5,2311,223,418,0
74,5,2311,225,358,-344
74,5,2313,171,500,0
74,5,2313,240,335,-371
74,5,2315,205,444,0
74,5,2316,192,444,0
74,5,2316,193,444,0
74,5,2316,194,444,0
74,5,2316,195,444,0
74,5,2316,196,444,0
74,5,2316,197,444,0
74,5,2316,199,444,0
74,5,2316,202,444,0
74,5,2316,226,444,0
74,5,2316,227,444,0
74,5,2316,228,444,0
74,5,2316,229,444,0
74,5,2318,189,447,0
74,5,2320,230,471,0
74,5,2320,231,471,0
74,5,2323,241,335,-371
74,5,2323,242,335,-371
74,5,2324,244,353,-353
74,5,2325,196,369,0
74,5,2325,232,497,0
74,5,2325,233,497,0
74,5,2325,234,497,0
74,5,2325,243,345,-361
74,5,2325,243,361,-345
74,5,2326,180,418,0
74,5,2326,246,361,-345
74,5,2327,252,345,-361
74,5,2328,244,345,-361
74,5,2329,193,418,0
74,5,2329,195,418,0
74,5,2329,196,418,0
74,5,2329,199,418,0
74,5,2329,200,418,0
74,5,2329,202,418,0
74,5,2329,206,416,-31
74,5,2329,232,335,-371
74,5,2329,238,345,-361
74,5,2329,239,345,-361
74,5,2330,235,500,0
74,5,2332,162,-369,-334
74,5,2332,241,0,-500
74,5,2333,190,78,0
74,5,2333,240,361,-345
74,5,2335,189,342,0
74,5,2338,251,48,-498
74,5,2339,161,287,42
74,5,2339,190,130,0
74,5,2340,183,261,0
74,5,2340,188,104,0
74,5,2340,189,185,0
74,5,2340,190,104,0
74,5,2341,189,159,0
74,5,2341,190,78,0
74,5,2341,235,345,-361
74,5,2341,238,192,-433
74,5,2342,197,185,0
74,5,2343,239,169,-442
74,5,2345,233,141,-396
74,5,2346,234,141,-396
74,5,2346,236,129,-428
74,5,2346,245,114,-459
74,5,2347,180,-278,-76
74,5,2347,229,141,-369
74,5,2347,230,132,-372
74,5,2347,236,129,-428
74,5,2349,229,104,-381
74,5,2349,233,111,-407
74,5,2350,186,-218,-90
74,5,2350,197,-233,172
74,5,2351,187,-208,20
74,5,2352,181,-113,-108
74,5,2352,233,62,-416
74,5,2352,236,21,-182
74,5,2353,198,-153,146
74,5,2353,199,-164,-87
74,5,2354,188,-57,-54
74,5,2354,189,-94,128
74,5,2354,196,-58,176
74,5,2355,178,-74,138
74,5,2355,180,-74,138
74,5,2355,184,-90,159
74,5,2355,184,-74,138
74,5,2355,186,-90,159
74,5,2355,186,-74,138
74,5,2355,200,-17,-237
74,5,2356,245,0,-473
74,5,2359,253,345,-361
74,5,2360,238,-12,-235
74,5,2361,240,378,-326
74,5,2361,240,386,-316
74,5,2364,239,371,-335
74,5,2365,237,386,-316
74,5,2366,236,323,-309
74,5,2368,247,361,-345
74,5,2370,233,342,-327
74,5,2373,230,358,-309
74,5,2373,230,366,-300
74,5,2375,225,325,-266
74,5,2375,246,353,-353
74,5,2376,227,346,-283
74,5,2378,246,353,-353
74,5,2379,232,0,-395
74,5,2382,222,305,-250
74,5,2394,241,335,-371
74,5,2396,235,0,-421
74,5,2396,237,0,-473
74,5,2408,225,-248,-237
74,5,2415,248,-353,-353
74,5,2420,225,-326,-266
74,5,2429,233,-371,-335
74,5,2430,233,-378,-326
74,5,2431,233,-386,-316
74,5,2435,206,-261,-6
74,5,2436,204,-235,0
74,5,2436,205,-287,27
74,5,2436,237,0,-447
74,5,2436,244,0,-473
74,5,2437,205,-260,25
74,5,2437,240,-378,-326
74,5,2438,239,-386,-316
74,5,2439,205,-261,173
74,5,2440,206,-210,392
74,5,2440,207,-236,441
74,5,2440,207,-223,415
74,5,2441,206,-173,323
74,5,2441,243,-378,-326
74,5,2441,244,-378,-326
74,5,2442,242,-386,-316
74,5,2443,135,0,485
74,5,2452,236,-129,-428
74,5,2455,238,-158,-443
74,5,2455,238,-150,-421
74,5,2456,235,-182,-409
74,5,2458,237,-192,-433
74,5,2462,233,-359,-309
74,5,2466,251,-361,-345
74,5,2468,222,-457,-203
74,5,2470,245,-306,-394
74,5,2472,214,-355,-89
74,5,2474,242,-345,-361
74,5,2476,224,-444,22
74,5,2478,215,-356,-98
74,5,2478,219,-500,25
74,5,2478,231,-500,11
74,5,2480,193,-421,0
74,5,2482,210,-421,267
74,5,2485,168,-473,0
74,5,2487,219,-500,25
74,5,2488,218,-281,-70
74,5,2493,213,-366,18
74,5,2494,220,-447,0
75,125,2347,3988,500,0
75,125,2348,3952,353,353
75,125,2350,3988,447,0
75,125,2359,3988,395,0
75,125,2363,3977,368,141
75,125,2367,3980,411,92
75,125,2368,3979,408,101
75,125,2368,3985,229,63
75,125,2374,3948,353,353
75,125,2375,3981,360,80
75,125,2375,3996,-331,-91
75,125,2379,3946,358,343
75,125,2379,3949,353,353
75,125,2380,3949,353,353
75,125,2380,3992,-288,-35
75,125,2381,3946,335,371
75,125,2381,3946,345,361
75,125,2381,3947,345,361
75,125,2381,3947,353,353
75,125,2381,3949,353,353
75,125,2382,3946,335,371
75,125,2382,3946,345,361
75,125,2382,3947,345,361
75,125,2382,3947,353,353
75,125,2382,3948,345,361
75,125,2382,3948,353,353
75,125,2382,3949,353,353
75,125,2382,3952,353,353
75,125,2384,3966,361,345
75,125,2385,3987,-169,-70
75,125,2386,3947,353,353
75,125,2386,3949,353,353
75,125,2386,3995,-110,-150
75,125,2389,3947,345,361
75,125,2389,3947,361,345
75,125,2389,3948,345,361
75,125,2389,3949,345,361
75,125,2393,3957,345,361
75,125,2396,3948,361,345
75,125,2396,3949,345,361
75,125,2398,3950,335,371
75,125,2400,3951,361,345
75,125,2400,3959,0,395
75,125,2409,3951,129,428
75,125,2411,3955,129,428
75,125,2412,3961,114,378
75,125,2412,3964,123,347
75,125,2417,3963,54,364
75,125,2419,3980,23,196
75,125,2422,3938,-66,439
75,125,2425,3937,-121,484
75,125,2433,3944,-236,441
76,124,2360,3972,500,0
76,124,2361,3964,500,0
76,124,2362,3968,500,0
76,124,2362,3971,500,0
76,124,2365,3979,484,121
76,124,2366,3945,416,277
76,124,2369,3946,408,287
76,124,2370,3945,402,296
76,124,2371,3945,402,296
76,124,2372,3923,332,332
76,124,2372,3924,332,332
76,124,2372,3941,368,333
76,124,2372,3944,386,316
76,124,2373,3941,358,343
76,124,2373,3941,368,333
76,124,2374,3941,358,343
76,124,2374,3948,345,361
76,124,2375,3926,358,343
76,124,2375,3927,358,343
76,124,2375,3928,358,343
76,124,2375,3929,358,343
76,124,2375,3932,358,343
76,124,2375,3933,358,343
76,124,2375,3934,358,343
76,124,2375,3935,358,343
76,124,2375,3936,358,343
76,124,2375,3937,358,343
76,124,2375,3938,358,343
76,124,2375,3940,358,343
76,124,2375,3941,351,351
76,124,2375,3941,358,343
76,124,2375,3941,361,345
76,124,2377,3947,464,92
76,124,2377,3959,345,361
76,124,2378,3959,345,361
76,124,2379,3936,361,345
76,124,2379,3938,353,353
76,124,2379,3942,353,353
76,124,2379,3945,353,353
76,124,2379,3971,361,345
76,124,2381,3916,361,345
76,124,2382,3917,353,353
76,124,2385,3910,358,343
76,124,2386,3913,353,353
76,124,2386,3913,361,345
76,124,2388,3915,353,353
76,124,2388,3916,371,335
76,124,2389,3916,345,361
76,124,2389,3917,345,361
76,124,2390,3917,345,361
76,124,2392,3930,357,264
76,124,2393,3979,-89,354
76,124,2395,3972,369,-8
76,124,2396,3978,369,-18
76,124,2399,3958,273,285
76,124,2400,3940,0,500
76,124,2400,3971,316,-7
76,124,2406,3978,-307,144
76,124,2407,3967,149,105
76,124,2411,3897,121,484
76,124,2413,3903,0,366
76,124,2413,3965,-344,132
76,124,2413,3965,-233,-172
76,124,2413,3988,23,12
76,124,2414,3988,0,0
76,124,2414,3988,26,0
76,124,2415,3988,-5,104
76,124,2415,3988,2,25
76,124,2418,3985,-78,5
76,124,2419,3961,-114,295
76,124,2419,3984,-43,28
76,124,2421,3899,-7,287
76,124,2422,3904,236,441
76,124,2424,3925,161,389
76,124,2425,3931,314,314
76,124,2434,3902,30,416
76,124,2434,3922,0,340
76,124,2435,3906,32,442
76,124,2436,3896,0,500
76,124,2436,3898,0,500
76,124,2436,3899,0,500
76,124,2436,3903,0,500
76,124,2436,3904,0,500
76,124,2436,3905,0,500
76,124,2436,3916,0,500
76,124,2436,3918,0,447
76,124,2436,3922,0,340
76,124,2436,3922,0,447
76,124,2436,3925,0,421
76,124,2436,3936,0,238
76,124,2440,3936,216,226
76,124,2453,3932,323,309
76,124,2464,3944,77,74
76,124,2464,3944,96,92
94,119,2976,3755,0,500
94,119,2977,3770,342,327
94,119,2980,3746,0,500
94,119,3011,3762,0,447
94,119,3020,3735,-11,500
94,119,3022,3777,-25,45
94,119,3028,3755,0,500
94,119,3036,3735,0,500
94,119,3036,3738,0,500
94,119,3040,3741,0,500
94,119,3040,3742,0,366
94,119,3040,3746,0,392
94,119,3041,3738,0,340
94,119,3041,3740,-29,391
94,119,3041,3742,-18,366
94,119,3041,3778,-44,177
94,119,3041,3779,-27,180
94,119,3041,3781,-34,153
94,119,3042,3738,0,340
94,119,3043,3738,0,340
94,119,3043,3739,-60,496
94,119,3043,3742,-44,363
94,119,3043,3742,-35,364
94,119,3043,3746,-47,389
94,119,3043,3774,-90,273
94,119,3044,3742,-44,363
94,119,3045,3741,-71,358
94,119,3045,3742,-74,494
94,119,3045,3742,-54,362
94,119,3046,3738,0,340
94,119,3047,3741,-89,354
94,119,3048,3738,0,340
94,119,3049,3738,0,340
94,119,3049,3741,-89,354
94,119,3049,3741,-80,357
94,119,3049,3756,-180,435
94,119,3050,3741,-97,353
94,119,3051,3741,-106,350
94,119,3052,3738,0,340
94,119,3052,3740,-123,344
94,119,3053,3738,0,340
94,119,3053,3740,-123,344
94,119,3055,3738,0,340
94,119,3055,3740,-132,341
94,119,3056,3738,0,340
94,119,3056,3740,-149,334
94,119,3056,3743,-167,353
94,119,3056,3743,-159,358
94,119,3056,3774,0,261
94,119,3056,3775,0,261
94,119,3056,3777,0,235
94,119,3056,3782,0,104
94,119,3057,3739,0,340
94,119,3057,3739,8,366
94,119,3058,3739,26,364
94,119,3058,3753,-353,353
94,119,3059,3738,0,340
94,119,3059,3742,-185,346
94,119,3061,3738,0,340
94,119,3061,3753,-353,353
94,119,3062,3738,0,340
94,119,3062,3753,-353,353
94,119,3063,3738,0,340
94,119,3063,3743,-224,353
94,119,3063,3744,-232,348
94,119,3064,3741,-277,416
94,119,3065,3738,0,340
94,119,3065,3753,-353,353
94,119,3066,3738,0,340
94,119,3066,3739,26,364
94,119,3067,3738,0,340
94,119,3068,3738,0,340
94,119,3069,3738,0,340
94,119,3071,3738,0,340
94,119,3072,3738,0,340
94,119,3073,3738,0,340
94,119,3073,3739,26,364
94,119,3074,3738,0,340
94,119,3074,3764,-345,361
94,119,3075,3738,0,340
94,119,3077,3738,0,340
94,119,3078,3739,0,340
94,119,3079,3738,0,340
94,119,3079,3739,0,340
94,119,3080,3738,0,340
94,119,3080,3739,0,340
94,119,3081,3738,0,340
94,119,3081,3739,26,364
94,119,3081,3740,18,366
94,119,3082,3738,0,340
94,119,3082,3739,0,340
94,119,3083,3738,0,340
94,119,3083,3739,0,340
94,119,3084,3796,78,0
94,119,3084,3796,78,1
94,119,3084,3796,78,7
94,119,3084,3803,186,348
94,119,3084,3825,74,138
94,119,3085,3738,0,340
94,119,3085,3798,169,69
94,119,3085,3811,89,159
94,119,3085,3811,169,69
94,119,3086,3738,0,340
94,119,3086,3811,127,-201
94,119,3087,3796,128,227
94,119,3087,3801,301,211
94,119,3088,3749,-359,343
94,119,3088,3801,343,241
94,119,3088,3805,204,-46
94,119,3090,3757,-353,353
94,119,3090,3801,229,178
94,119,3090,3804,257,-45
94,119,3091,3802,257,-45
94,119,3091,3810,290,-7
94,119,3091,3828,-104,0
94,119,3091,3828,-78,0
94,119,3092,3742,0,366
94,119,3093,3798,287,-7
94,119,3097,3793,160,-240
94,119,3097,3809,337,58
94,119,3100,3800,390,-58
94,119,3101,3792,23,-312
94,119,3101,3802,360,-266
94,119,3104,3789,-146,-309
94,119,3105,3792,230,-384
94,119,3105,3794,153,-307
94,119,3105,3795,145,-309
94,119,3106,3791,27,-367
94,119,3106,3798,399,-253
94,119,3107,3787,-177,-353
94,119,3107,3790,9,-421
94,119,3108,3753,-353,353
94,119,3108,3790,9,-421
94,119,3111,3805,41,419
94,119,3113,3748,-345,361
94,119,3118,3748,-369,333
94,119,3121,3780,-400,-253
94,119,3123,3764,-345,361
94,119,3125,3762,-371,335
95,120,2996,3844,0,500
95,120,2996,3845,0,500
95,120,3066,3786,416,277
95,120,3066,3790,478,144
95,120,3068,3791,482,132
95,120,3072,3784,0,500
95,120,3077,3794,484,121
95,120,3077,3796,497,0
95,120,3077,3796,500,0
95,120,3082,3779,0,500
95,120,3083,3793,0,447
95,120,3083,3797,0,421
95,120,3093,3796,-132,400
95,120,3095,3792,-140,424
95,120,3095,3796,-171,414
95,120,3095,3800,-171,385
95,120,3096,3796,-182,408
95,120,3096,3800,-179,380
95,120,3098,3792,-192,432
95,120,3100,3797,0,421
95,120,3101,3797,-21,421
95,120,3104,3794,0,447
95,120,3105,3793,-23,447
95,120,3105,3797,-21,421
95,120,3108,3798,-292,339
97,120,3087,3798,415,222
97,120,3109,3793,181,408
97,120,3110,3785,361,345
97,120,3112,3803,177,353
97,120,3112,3824,-23,-234
97,120,3115,3802,132,371
97,120,3117,3804,106,353
97,120,3119,3807,82,332
97,120,3122,3797,41,419
97,120,3123,3797,21,421
97,120,3123,3812,25,339
97,120,3124,3797,0,421
97,120,3124,3805,18,369
97,120,3124,3817,0,-257
97,120,3124,3819,0,0
97,120,3124,3819,26,1
97,120,3124,3820,12,-103
97,120,3124,3822,29,-42
97,120,3124,3823,13,-261
97,120,3124,3823,181,31
97,120,3125,3796,-435,246
97,120,3131,3796,-500,0
97,120,3134,3783,-236,441
97,120,3134,3789,-408,287
97,120,3135,3791,-470,167
97,120,3137,3783,-236,441
97,120,3140,3786,-416,277
98,119,3070,3784,466,179
98,119,3085,3764,361,345
98,119,3103,3759,0,421
98,119,3139,3749,358,343
98,119,3139,3750,345,361
98,119,3140,3749,358,343
98,119,3141,3749,358,343
98,119,3142,3749,358,343
98,119,3143,3749,358,343
98,119,3144,3749,358,343
98,119,3145,3748,351,351
98,119,3145,3749,358,343
98,119,3146,3748,351,351
98,119,3146,3749,351,351
98,119,3146,3749,358,343
98,119,3149,3748,351,351
98,119,3149,3749,358,343
98,119,3149,3750,351,351
98,119,3150,3748,351,351
98,119,3150,3749,358,343
98,119,3152,3748,368,333
98,119,3153,3748,351,351
98,119,3153,3749,358,343
98,119,3154,3748,351,351
98,119,3154,3749,345,361
98,119,3154,3749,358,343
98,119,3155,3748,351,351
98,119,3155,3749,358,343
98,119,3156,3748,351,351
98,119,3156,3749,358,343
98,119,3157,3749,358,343
98,119,3158,3748,351,351
98,119,3158,3749,351,351
98,119,3158,3749,358,343
98,119,3159,3748,343,358
98,119,3159,3748,351,351
98,119,3159,3749,351,351
98,119,3159,3749,358,343
98,119,3160,3748,351,351
98,119,3160,3750,351,351
98,119,3161,3749,343,358
98,119,3161,3749,358,343
98,119,3162,3749,343,358
98,119,3162,3749,358,343
98,119,3162,3753,353,353
98,119,3163,3748,351,351
98,119,3163,3749,358,343
98,119,3164,3749,343,358
98,119,3164,3749,358,343
98,119,3164,3753,353,353
98,119,3165,3748,351,351
98,119,3165,3749,358,343
98,119,3166,3748,351,351
98,119,3166,3749,343,358
98,119,3166,3749,358,343
98,119,3167,3748,351,351
98,119,3167,3749,343,358
98,119,3167,3749,358,343
98,119,3168,3738,0,340
98,119,3168,3748,351,351
98,119,3168,3749,358,343
98,119,3168,3753,353,353
98,119,3169,3748,343,358
98,119,3169,3749,358,343
98,119,3169,3750,351,351
98,119,3170,3748,351,351
98,119,3170,3749,351,351
98,119,3170,3749,358,343
98,119,3171,3749,351,351
98,119,3171,3749,358,343
98,119,3172,3735,0,500
98,119,3172,3737,0,500
98,119,3172,3748,351,351
98,119,3172,3749,351,351
98,119,3172,3749,358,343
98,119,3172,3753,353,353
98,119,3172,3768,0,395
98,119,3172,3772,0,369
98,119,3173,3749,351,351
98,119,3173,3749,358,343
98,119,3174,3748,351,351
98,119,3174,3749,351,351
98,119,3174,3749,358,343
98,119,3174,3782,75,106
98,119,3175,3748,351,351
98,119,3175,3749,351,351
98,119,3175,3749,358,343
98,119,3176,3748,351,351
98,119,3176,3749,351,351
98,119,3176,3749,358,343
98,119,3177,3748,351,351
98,119,3177,3749,351,351
98,119,3177,3749,358,343
98,119,3178,3748,351,351
98,119,3178,3749,351,351
98,119,3178,3749,358,343
98,119,3178,3753,353,353
98,119,3179,3746,332,332
98,119,3179,3748,343,358
98,119,3179,3748,351,351
98,119,3179,3749,358,343
98,119,3180,3748,343,358
98,119,3180,3748,353,353
98,119,3180,3749,358,343
98,119,3180,3753,353,353
98,119,3181,3748,351,351
98,119,3181,3749,345,361
98,119,3181,3749,351,351
98,119,3181,3749,358,343
98,119,3181,3753,353,353
98,119,3182,3748,351,351
98,119,3182,3749,343,358
98,119,3182,3749,345,361
98,119,3182,3749,351,351
98,119,3182,3749,358,343
98,119,3183,3748,351,351
98,119,3183,3753,353,353
98,119,3183,3762,-129,428
98,119,3185,3753,361,345
98,119,3187,3738,0,340
98,119,3188,3779,153,178
98,119,3189,3753,353,353
98,119,3194,3778,191,182
98,119,3198,3756,353,353
98,119,3201,3795,138,-74
98,119,3202,3778,191,182
98,119,3208,3760,353,353
98,119,3212,3763,345,361
98,119,3212,3791,198,371
98,119,3212,3797,74,167
98,119,3212,3797,99,121
98,119,3212,3799,62,117
98,119,3212,3799,107,325
98,119,3212,3808,61,115
98,119,3212,3813,61,115
98,119,3212,3821,61,115
98,119,3213,3763,345,361
98,119,3213,3796,78,0
98,119,3213,3814,130,86
98,119,3214,3796,104,0
98,119,3215,3798,279,240
98,119,3215,3800,-159,0
98,119,3217,3798,144,-64
98,119,3219,3796,133,0
98,119,3220,3767,345,361
98,119,3220,3796,0,0
98,119,3220,3796,52,0
98,119,3220,3799,0,0
98,119,3220,3799,5,-25
98,119,3220,3799,41,-208
98,119,3220,3800,-24,-10
98,119,3220,3800,0,0
98,119,3220,3800,7,-25
99,120,3195,3784,402,296
99,120,3195,3790,457,203
99,120,3196,3785,386,316
99,120,3196,3786,429,257
99,120,3196,3790,466,179
99,120,3197,3790,451,212
99,120,3197,3790,466,179
99,120,3198,3792,484,121
99,120,3200,3781,287,408
99,120,3201,3796,500,0
99,120,3203,3779,361,345
99,120,3203,3796,500,0
99,120,3205,3787,287,408
99,120,3207,3780,121,484
99,120,3211,3797,0,421
99,120,3212,3797,-31,419
99,120,3212,3797,-21,421
99,120,3221,3795,-21,421
99,120,3224,3785,-179,466
99,120,3228,3788,-85,492
101,14,3179,527,378,-326
101,14,3237,540,353,-353
101,14,3238,540,335,-371
101,14,3249,517,100,-242
101,14,3260,523,0,-421
101,14,3260,538,0,-500
101,14,3260,550,0,-395
101,14,3260,553,0,-500
101,14,3261,529,25,-339
101,14,3262,519,29,-394
101,14,3262,523,41,-419
101,14,3264,536,0,-276
101,14,3264,542,0,-414
101,14,3264,542,0,-392
101,14,3264,546,0,-387
101,14,3264,546,0,-366
101,14,3267,549,0,-340
101,14,3268,536,-22,-444
101,14,3268,540,-21,-418
101,14,3269,548,-18,-366
101,14,3270,540,-21,-418
101,14,3271,548,-18,-366
101,14,3272,548,-18,-366
101,14,3274,548,-18,-366
101,14,3274,549,7,-340
101,14,3277,548,-18,-366
101,14,3278,548,-18,-366
101,14,3279,540,-21,-418
101,14,3280,535,-345,-361
101,14,3280,536,-22,-444
101,14,3280,548,-18,-366
101,14,3281,548,-18,-366
101,14,3282,548,18,-366
101,14,3283,526,25,-497
101,14,3283,535,32,-443
101,14,3283,539,-344,-359
101,14,3285,535,-345,-361
101,14,3285,536,-345,-361
101,14,3285,540,-21,-418
101,14,3286,548,-18,-366
101,14,3287,535,-345,-361
101,14,3287,536,-22,-444
101,14,3287,548,18,-366
101,14,3288,535,32,-443
101,14,3288,539,-344,-359
101,14,3288,544,-29,-391
101,14,3288,548,-18,-366
101,14,3289,536,-22,-444
101,14,3290,539,-344,-359
101,14,3290,540,-21,-418
101,14,3290,548,-18,-366
101,14,3291,548,-18,-366
101,14,3292,548,-18,-366
101,14,3293,548,-18,-366
101,14,3295,548,-18,-366
101,14,3296,536,-22,-444
101,14,3296,548,-18,-366
101,14,3297,536,-22,-444
101,14,3297,548,-18,-366
101,14,3298,548,-18,-366
101,14,3299,536,-22,-444
101,14,3299,540,-21,-418
101,14,3300,548,-18,-366
101,14,3301,548,-18,-366
101,14,3303,540,-21,-418
101,14,3304,548,-18,-366
101,14,3305,492,-67,126
101,14,3305,492,-65,0
101,14,3305,493,-65,97
101,14,3305,548,-18,-366
101,14,3306,536,-371,-335
101,14,3306,536,-361,-345
101,14,3306,540,-21,-418
101,14,3306,548,-18,-366
101,14,3307,540,-21,-418
101,14,3307,544,-29,-391
101,14,3307,548,-18,-366
101,14,3307,549,0,-340
101,14,3307,551,0,-447
101,14,3308,487,12,-23
101,14,3308,488,86,57
101,14,3308,491,43,-29
101,14,3308,491,99,121
101,14,3308,540,-21,-418
101,14,3308,544,-29,-391
101,14,3308,548,-18,-366
101,14,3309,487,108,-72
101,14,3309,489,170,-66
101,14,3309,491,169,69
101,14,3309,492,3,-183
101,14,3309,539,-359,-344
101,14,3309,540,0,-418
101,14,3309,548,-18,-366
101,14,3309,548,0,-366
101,14,3310,487,154,-103
101,14,3310,501,130,314
101,14,3313,482,373,-290
101,14,3313,490,152,-101
101,14,3316,483,33,70
101,14,3316,484,-12,23
101,14,3316,484,65,43
101,14,3316,485,65,43
101,14,3316,485,78,5
101,14,3316,486,0,0
101,14,3316,486,12,22
101,14,3316,487,0,0
101,14,3316,487,22,13
101,14,3316,487,74,138
101,14,3316,487,78,3
101,14,3316,487,269,161
101,14,3316,487,421,-150
101,14,3316,488,0,0
101,14,3316,489,1,25
101,14,3316,490,-64,143
101,14,3316,491,-235,0
101,14,3316,538,0,-418
101,14,3316,546,0,-366
101,14,3317,491,2,-26
101,14,3317,540,-21,-418
101,14,3317,544,-29,-391
101,14,3318,491,2,-26
101,14,3319,491,-20,-16
101,14,3320,491,-20,-16
101,14,3322,491,116,-174
101,14,3325,499,221,-222
101,14,3328,532,0,-471
101,14,3328,533,0,-466
101,14,3328,533,0,-444
101,14,3328,534,0,-466
101,14,3328,535,0,-466
101,14,3328,535,0,-444
101,14,3329,491,-52,0
101,14,3329,497,105,-350
101,14,3329,533,-25,-500
101,14,3329,536,-22,-444
101,14,3332,532,-114,-456
101,14,3347,527,-353,-353
101,119,3182,3750,351,351
101,119,3183,3774,361,345
101,119,3183,3783,316,386
101,119,3184,3751,361,345
101,119,3185,3752,345,361
101,119,3186,3751,353,353
101,119,3186,3753,353,353
101,119,3186,3753,361,345
101,119,3188,3783,421,150
101,119,3190,3787,406,111
101,119,3191,3749,358,343
101,119,3191,3786,403,121
101,119,3191,3796,395,0
101,119,3193,3749,358,343
101,119,3194,3749,358,343
101,119,3194,3796,-182,287
101,119,3195,3749,358,343
101,119,3197,3769,282,312
101,119,3198,3749,351,351
101,119,3198,3749,358,343
101,119,3199,3749,345,361
101,119,3199,3749,358,343
101,119,3200,3749,358,343
101,119,3200,3753,353,353
101,119,3200,3766,323,264
101,119,3200,3787,408,101
101,119,3200,3796,52,0
101,119,3201,3749,358,343
101,119,3202,3749,358,343
101,119,3202,3788,411,92
101,119,3203,3748,351,351
101,119,3203,3749,358,343
101,119,3204,3753,353,353
101,119,3206,3749,358,343
101,119,3207,3748,351,351
101,119,3207,3749,358,343
101,119,3207,3753,353,353
101,119,3209,3746,316,386
101,119,3210,3750,361,345
101,119,3210,3796,19,16
101,119,3211,3797,-90,-54
101,119,3211,3798,9,24
101,119,3211,3800,-13,-22
101,119,3211,3800,0,0
101,119,3211,3800,10,-23
101,119,3211,3802,0,0
101,119,3212,3800,-290,0
101,119,3212,3801,-447,0
101,119,3212,3802,-5,-25
101,119,3212,3802,0,0
101,119,3214,3797,-247,-95
101,119,3215,3800,-279,149
101,119,3217,3759,345,361
101,119,3217,3802,-219,328
101,119,3218,3798,-190,285
101,119,3218,3803,-187,348
101,119,3219,3796,-25,46
101,119,3219,3796,15,-156
101,119,3219,3801,-32,99
101,119,3222,3749,358,343
101,119,3224,3773,371,288
101,119,3228,3737,0,500
101,119,3232,3767,0,395
101,119,3236,3771,0,369
101,119,3236,3772,0,369
103,13,3253,435,421,0
103,13,3257,492,361,-345
103,13,3284,490,0,-421
103,13,3286,482,0,-369
103,13,3290,501,416,-277
103,13,3291,501,400,-226
103,13,3294,491,500,0
103,13,3295,497,441,-236
103,13,3296,495,470,-167
103,13,3296,499,421,-267
103,13,3297,496,435,-180
103,13,3299,491,418,0
103,13,3300,501,296,-402
103,13,3302,490,0,-421
103,13,3302,494,451,-212
103,13,3306,502,0,-500
103,13,3307,465,-51,258
103,13,3307,471,0,-261
103,13,3307,490,0,-421
103,13,3307,494,0,-447
103,13,3307,501,345,-361
103,13,3316,470,5,-25
103,13,3316,474,32,-40
103,13,3316,490,0,-421
103,13,3317,491,-435,-246
103,13,3318,509,0,-500
103,13,3319,493,-354,-167
103,13,3319,509,0,-500
103,13,3321,490,0,-421
103,13,3322,492,-253,-69
103,13,3322,501,-257,-429
103,13,3323,507,-212,-451
103,13,3323,507,-212,-448
103,13,3324,491,-75,-248
103,13,3324,507,-224,-447
103,13,3324,509,148,-450
103,13,3325,490,0,-421
103,13,3325,504,-236,-441
103,13,3326,505,-296,-402
103,13,3328,505,-335,-371
103,13,3328,508,-224,-447
103,13,3329,504,-236,-441
103,13,3330,494,-494,-74
103,13,3330,495,-484,-121
103,13,3332,501,-416,-277
103,13,3334,500,-416,-277
104,14,3284,491,314,0
104,14,3286,505,389,-161
104,14,3287,491,340,0
104,14,3287,491,395,0
104,14,3287,502,393,-151
104,14,3288,524,378,-326
104,14,3289,519,316,-316
104,14,3290,503,356,-168
104,14,3295,513,279,-279
104,14,3295,518,332,-300
104,14,3295,537,361,-345
104,14,3298,515,312,-283
104,14,3298,534,361,-345
104,14,3303,540,358,-344
104,14,3309,544,0,-392
104,14,3312,489,-167,-29
104,14,3315,489,-99,-121
104,14,3315,490,-62,-115
104,14,3315,490,-23,-155
104,14,3315,491,-78,0
104,14,3315,491,-52,0
104,14,3315,491,-43,-29
104,14,3316,494,-239,-159
104,14,3316,520,0,-418
104,14,3316,529,0,-471
104,14,3316,548,0,-366
104,14,3316,549,0,-340
104,14,3317,540,-21,-418
104,14,3318,536,0,-444
104,14,3318,540,-21,-418
104,14,3318,540,0,-418
104,14,3318,548,-18,-366
104,14,3318,548,0,-366
104,14,3319,540,-21,-418
104,14,3319,548,-18,-366
104,14,3320,540,-21,-418
104,14,3320,548,-18,-366
104,14,3320,549,0,-340
104,14,3321,536,0,-444
104,14,3321,540,-21,-418
104,14,3321,540,0,-418
104,14,3321,548,-18,-366
104,14,3321,548,0,-366
104,14,3321,548,8,-366
104,14,3322,540,-21,-418
104,14,3322,548,-18,-366
104,14,3323,540,-21,-418
104,14,3323,548,-18,-366
104,14,3323,551,0,-500
104,14,3324,536,-22,-444
104,14,3324,540,-21,-418
104,14,3324,548,-18,-366
104,14,3324,549,0,-340
104,14,3325,540,-21,-418
104,14,3325,548,-18,-366
104,14,3326,531,-24,-471
104,14,3326,536,-22,-444
104,14,3326,540,-21,-418
104,14,3326,548,-18,-366
104,14,3327,540,-21,-418
104,14,3327,548,-18,-366
104,14,3328,539,-21,-418
104,14,3328,540,-21,-418
104,14,3328,542,0,-418
104,14,3328,542,0,-414
104,14,3328,542,0,-392
104,14,3328,546,0,-392
104,14,3328,546,0,-387
104,14,3328,546,0,-366
104,14,3328,547,0,-387
104,14,3328,548,-18,-366
104,14,3328,548,0,-387
104,14,3328,548,0,-379
104,14,3328,549,0,-395
104,14,3329,508,198,-208
104,14,3329,531,-37,-496
104,14,3329,531,-24,-471
104,14,3329,536,-22,-444
104,14,3329,540,-21,-418
104,14,3329,545,-20,-392
104,14,3329,546,-32,-438
104,14,3329,548,-27,-365
104,14,3329,548,-18,-366
104,14,3330,531,-24,-471
104,14,3330,540,-21,-418
104,14,3330,540,0,-418
104,14,3330,542,-33,-446
104,14,3330,547,-31,-419
104,14,3330,548,-18,-366
104,14,3330,548,0,-366
104,14,3331,531,-24,-471
104,14,3331,540,-21,-418
104,14,3331,547,-51,-418
104,14,3331,548,-18,-366
104,14,3332,508,-29,-43
104,14,3332,530,-24,-471
104,14,3332,531,-24,-471
104,14,3332,540,-21,-418
104,14,3332,548,-18,-366
104,14,3332,549,0,-340
104,14,3333,536,-22,-444
104,14,3333,540,-21,-418
104,14,3333,548,-18,-366
104,14,3334,540,-21,-418
104,14,3334,548,-18,-366
104,14,3335,526,-25,-497
104,14,3335,536,-22,-444
104,14,3335,540,-21,-418
104,14,3335,548,-18,-366
104,14,3336,520,0,-418
104,14,3336,540,-21,-418
104,14,3336,548,-18,-366
104,14,3336,549,0,-340
104,14,3337,540,-21,-418
104,14,3337,548,-18,-366
104,14,3338,517,0,-444
104,14,3338,548,-18,-366
104,14,3340,540,-21,-418
104,14,3340,548,-18,-366
104,14,3340,549,0,-340
104,14,3341,536,-22,-444
104,14,3341,540,0,-418
104,14,3341,548,-18,-366
104,14,3341,548,0,-366
104,14,3342,529,0,-471
104,14,3342,536,-22,-444
104,14,3342,539,343,-359
104,14,3342,539,351,-351
104,14,3342,540,345,-361
104,14,3342,548,-18,-366
104,14,3342,549,0,-340
104,14,3343,540,-21,-418
104,14,3343,548,-18,-366
104,14,3344,536,-22,-444
104,14,3344,548,-18,-366
104,14,3345,517,0,-444
104,14,3345,536,-22,-444
104,14,3345,537,345,-361
104,14,3345,540,-21,-418
104,14,3345,548,-18,-366
104,14,3346,535,353,-353
104,14,3346,536,-22,-444
104,14,3346,548,-18,-366
104,14,3347,540,-21,-418
104,14,3347,548,-18,-366
104,14,3348,548,-18,-366
104,14,3349,517,0,-444
104,14,3349,540,-21,-418
104,14,3349,548,-18,-366
104,14,3349,548,18,-366
104,14,3350,548,-18,-366
104,14,3350,548,18,-366
104,14,3351,536,-22,-444
104,14,3351,548,-18,-366
104,14,3351,548,0,-340
104,14,3352,540,-21,-418
104,14,3352,548,-18,-366
104,14,3353,540,-21,-418
104,14,3353,548,-18,-366
104,14,3354,517,0,-444
104,14,3354,540,-21,-418
104,14,3354,548,-18,-366
104,14,3354,549,0,-340
104,14,3355,517,0,-444
104,14,3355,548,-18,-366
104,14,3356,548,-18,-366
104,14,3357,508,49,-286
104,14,3357,536,-22,-444
104,14,3357,548,-18,-366
104,14,3358,536,-22,-444
104,14,3358,548,-18,-366
104,14,3359,536,-22,-444
104,14,3359,548,-18,-366
104,14,3359,549,0,-340
104,14,3360,500,0,-369
104,14,3360,517,0,-444
104,14,3360,540,-21,-418
104,14,3360,548,-18,-366
104,14,3361,548,-18,-366
104,14,3361,549,0,-340
104,14,3362,540,-21,-418
104,14,3362,548,-18,-366
104,14,3362,549,0,-340
104,14,3363,536,-22,-444
104,14,3363,540,-21,-418
104,14,3363,544,-29,-391
104,14,3363,548,-18,-366
104,14,3364,548,-18,-366
104,14,3365,536,-22,-444
104,14,3366,536,-22,-444
104,14,3366,548,-18,-366
104,14,3367,540,-21,-418
104,14,3367,548,-18,-366
104,14,3368,540,-21,-418
104,14,3368,548,-18,-366
104,14,3369,540,-21,-418
104,14,3369,548,-18,-366
104,14,3370,540,-21,-418
104,14,3370,548,-18,-366
104,14,3371,548,-18,-366
104,14,3372,536,-22,-444
104,14,3373,536,-22,-444
104,14,3373,548,-18,-366
104,14,3374,548,-18,-366
104,14,3375,536,-22,-444
104,14,3375,548,-18,-366
104,14,3376,548,-18,-366
104,14,3377,540,-21,-418
104,14,3378,540,-21,-418
104,14,3378,548,-18,-366
104,14,3379,540,-21,-418
104,14,3379,548,-18,-366
104,14,3380,548,-18,-366
104,14,3380,549,0,-340
104,14,3381,540,-21,-418
104,14,3382,536,-22,-444
104,14,3382,548,-18,-366
104,14,3382,548,0,-366
104,14,3383,548,-18,-366
104,14,3384,549,0,-340
104,14,3385,536,-22,-444
104,14,3385,540,-21,-418
104,14,3385,548,-18,-366
104,14,3386,548,-18,-366
104,14,3387,536,-22,-444
104,14,3387,540,-21,-418
104,14,3387,548,-18,-366
104,14,3388,517,0,-444
104,14,3388,548,-18,-366
104,14,3389,544,-29,-391
104,14,3389,548,-18,-366
104,14,3390,536,-22,-444
104,14,3390,548,-18,-366
104,14,3391,517,0,-444
104,14,3391,540,22,-440
104,14,3391,548,-18,-366
104,14,3391,548,19,-387
104,14,3392,542,0,-414
104,14,3392,546,0,-387
104,14,3392,546,19,-392
104,14,3393,548,-18,-366
104,14,3395,548,-18,-366
104,14,3396,540,0,-500
104,14,3396,542,0,-471
104,14,3396,543,0,-471
104,14,3396,544,0,-471
104,14,3396,547,0,-392
104,14,3398,543,-41,-417
104,14,3399,547,-29,-391
104,14,3413,491,312,23
105,13,3317,404,421,0
105,13,3357,487,408,-287
105,13,3359,487,408,-287
105,13,3362,487,408,-287
105,13,3365,487,408,-287
105,13,3367,479,339,-250
105,13,3369,479,339,-250
105,13,3369,484,386,-272
105,13,3373,479,339,-250
105,13,3376,479,339,-250
105,13,3381,482,0,-369
105,13,3382,482,0,-369
105,13,3383,473,0,-290
105,13,3386,490,0,-421
105,13,3386,501,435,-246
105,13,3387,490,0,-421
105,13,3387,496,482,-132
105,13,3387,502,394,-306
105,13,3388,491,500,0
105,13,3388,496,474,-156
105,13,3388,500,416,-277
105,13,3389,494,490,-97
105,13,3389,505,345,-361
105,13,3390,490,0,-421
105,13,3390,492,490,-97
105,13,3392,491,500,0
105,13,3392,504,296,-402
105,13,3392,505,316,-386
105,13,3394,505,267,-421
105,13,3394,507,0,-500
105,13,3395,506,0,-500
105,13,3395,509,287,-408
105,13,3396,490,0,-421
105,13,3396,497,0,-473
105,13,3396,506,212,-451
105,13,3396,509,0,-500
105,13,3397,499,306,-394
105,13,3397,500,287,-408
105,13,3403,490,0,-421
105,13,3404,490,-21,-421
105,13,3405,487,173,-261
105,13,3405,489,276,-148
108,14,3403,491,478,-144
108,14,3404,509,432,-192
108,14,3404,509,438,-181
108,14,3408,502,431,-119
108,14,3415,491,395,0
108,14,3415,502,393,-151
108,14,3417,499,378,-114
108,14,3417,499,381,-105
108,14,3417,500,378,-114
108,14,3418,499,381,-105
108,14,3418,500,378,-114
108,14,3418,521,300,-332
108,14,3419,502,368,-142
108,14,3420,498,355,-98
108,14,3420,498,357,-89
108,14,3421,498,355,-98
108,14,3421,499,347,-124
108,14,3424,499,341,-141
108,14,3426,528,353,-353
108,14,3433,521,345,-361
108,14,3436,517,345,-361
108,14,3436,528,353,-353
108,14,3436,529,353,-353
108,14,3436,531,361,-345
108,14,3437,529,353,-353
108,14,3437,532,353,-353
108,14,3437,533,345,-361
108,14,3437,534,335,-371
108,14,3437,534,345,-361
108,14,3438,485,-251,-82
108,14,3438,532,345,-361
108,14,3438,533,345,-361
108,14,3438,533,353,-353
108,14,3439,528,353,-353
108,14,3439,537,296,-402
108,14,3440,491,160,-138
108,14,3441,529,345,-361
108,14,3441,530,345,-361
108,14,3441,530,353,-353
108,14,3441,537,287,-408
108,14,3445,530,296,-402
108,14,3447,534,345,-361
108,14,3449,525,287,-408
108,14,3451,533,345,-361
108,14,3452,506,386,-272
108,14,3453,499,0,0
108,14,3453,528,361,-345
108,14,3453,531,361,-345
108,14,3457,516,-27,-367
108,14,3458,516,-27,-367
108,14,3458,523,-31,-419
108,14,3458,532,-35,-472
108,14,3459,528,-33,-446
108,14,3460,524,361,-345
108,14,3463,506,317,-351
108,14,3465,549,132,-482
108,14,3465,549,144,-478
108,14,3468,539,144,-478
108,14,3469,499,387,-77
108,14,3475,519,0,-395
109,15,3416,506,500,11
109,15,3418,507,500,11
109,15,3420,505,498,37
109,15,3421,513,500,25
109,15,3425,535,408,-287
109,15,3425,536,408,-287
109,15,3428,539,368,-334
109,15,3428,546,340,-325
109,15,3428,547,340,-325
109,15,3428,550,340,-325
109,15,3428,551,340,-325
109,15,3428,552,340,-325
109,15,3428,554,340,-325
109,15,3428,556,340,-325
109,15,3429,538,358,-344
109,15,3429,538,368,-334
109,15,3429,539,368,-334
109,15,3430,538,358,-344
109,15,3430,538,368,-334
109,15,3430,539,368,-334
109,15,3430,541,343,-359
109,15,3431,529,345,-361
109,15,3431,543,351,-351
109,15,3431,546,351,-351
109,15,3431,547,351,-351
109,15,3431,548,351,-351
109,15,3431,550,351,-351
109,15,3431,552,351,-351
109,15,3431,554,351,-351
109,15,3433,535,361,-345
109,15,3435,537,361,-345
109,15,3435,539,361,-345
109,15,3435,540,361,-345
109,15,3435,543,361,-345
109,15,3435,544,361,-345
109,15,3435,545,361,-345
109,15,3435,547,361,-345
109,15,3435,548,361,-345
109,15,3435,549,361,-345
109,15,3437,541,296,-402
109,15,3443,534,287,-408
109,15,3449,558,361,-345
109,15,3455,506,338,50
109,15,3460,500,-96,-271
109,15,3460,511,94,-90
109,15,3460,571,0,-500
109,15,3460,572,-25,-500
109,15,3462,523,-367,207
109,15,3462,559,169,-442
109,15,3463,559,169,-442
109,15,3464,491,23,10
109,15,3465,499,-23,-237
109,15,3465,512,-372,-132
109,15,3465,555,160,-417
109,15,3466,509,159,0
109,15,3466,513,-269,-103
109,15,3466,556,139,-425
109,15,3467,552,131,-400
109,15,3468,507,-244,-101
109,15,3469,491,-104,0
109,15,3469,511,-238,0
109,15,3470,509,-223,-141
109,15,3470,518,-237,17
109,15,3470,526,238,-112
109,15,3472,518,-332,300
109,15,3492,545,0,-290
116,72,3655,2275,326,378
116,72,3664,2346,314,0
116,72,3664,2347,314,0
116,72,3664,2360,335,-371
116,72,3665,2259,335,371
116,72,3665,2277,414,171
116,72,3666,2370,386,-316
116,72,3671,2334,387,76
116,72,3675,2332,369,0
116,72,3679,2248,22,444
116,72,3680,2250,0,444
116,72,3680,2251,0,444
116,72,3680,2251,0,466
116,72,3695,2268,0,235
116,72,3696,2272,0,235
116,72,3696,2273,0,235
116,72,3696,2274,0,209
116,72,3696,2275,0,183
116,72,3696,2275,0,209
116,72,3696,2277,0,130
116,72,3696,2277,0,157
116,72,3696,2278,0,104
116,72,3697,2234,7,340
116,72,3700,2270,0,500
116,72,3700,2275,0,500
116,72,3704,2234,0,340
116,72,3704,2275,0,183
116,72,3707,2234,0,340
116,72,3708,2237,0,366
116,72,3708,2238,0,366
116,72,3708,2242,353,353
116,72,3709,2234,-9,387
116,72,3709,2234,0,340
116,72,3709,2235,-21,414
116,72,3709,2235,-9,414
116,72,3710,2234,-19,387
116,72,3710,2234,0,340
116,72,3710,2235,-21,414
116,72,3710,2237,-32,438
116,72,3710,2237,-29,391
116,72,3710,2246,361,345
116,72,3711,2234,0,340
116,72,3711,2245,345,361
116,72,3714,2234,0,340
116,72,3715,2234,0,340
116,72,3716,2283,492,85
116,72,3718,2234,0,340
116,72,3718,2245,358,343
116,72,3719,2234,0,340
116,72,3720,2234,0,340
116,72,3720,2271,0,261
116,72,3722,2234,0,340
116,72,3722,2235,0,340
116,72,3723,2234,0,340
116,72,3723,2235,0,340
116,72,3724,2234,0,340
116,72,3725,2234,0,340
116,72,3726,2234,0,340
116,72,3727,2234,0,340
116,72,3728,2234,0,340
116,72,3728,2235,0,340
116,72,3728,2271,0,261
116,72,3729,2234,0,340
116,72,3730,2234,0,340
116,72,3730,2286,467,70
116,72,3731,2234,0,340
116,72,3731,2242,332,332
116,72,3732,2234,0,340
116,72,3732,2242,332,332
116,72,3734,2234,0,340
116,72,3735,2234,0,340
116,72,3735,2245,358,343
116,72,3736,2234,0,340
116,72,3736,2270,0,261
116,72,3736,2272,0,235
116,72,3736,2273,0,235
116,72,3736,2276,0,183
116,72,3737,2234,0,340
116,72,3738,2234,0,340
116,72,3740,2234,0,340
116,72,3742,2234,0,340
116,72,3742,2237,0,366
116,72,3742,2265,-41,340
116,72,3742,2276,0,78
116,72,3743,2234,0,340
116,72,3744,2234,0,340
116,72,3744,2238,-17,340
116,72,3744,2238,0,366
116,72,3744,2238,0,387
116,72,3744,2239,0,340
116,72,3744,2243,0,366
116,72,3744,2277,-53,14
116,72,3745,2234,0,340
116,72,3745,2237,-17,340
116,72,3745,2241,-18,366
116,72,3746,2234,0,340
116,72,3746,2238,-27,364
116,72,3747,2234,0,340
116,72,3747,2238,-35,364
116,72,3747,2270,-90,273
116,72,3748,2234,0,340
116,72,3748,2238,-54,362
116,72,3748,2239,-47,389
116,72,3748,2243,-85,492
116,72,3748,2270,-129,257
116,72,3749,2234,0,340
116,72,3749,2237,-71,358
116,72,3749,2238,-74,494
116,72,3749,2238,-54,362
116,72,3749,2276,-94,90
116,72,3750,2234,0,340
116,72,3751,2234,0,340
116,72,3751,2236,0,366
116,72,3752,2233,144,478
116,72,3752,2234,0,340
116,72,3752,2279,0,78
116,72,3753,2234,0,340
116,72,3754,2234,0,340
116,72,3754,2237,-97,353
116,72,3754,2237,-89,354
116,72,3755,2234,0,340
116,72,3755,2237,-106,350
116,72,3756,2234,0,340
116,72,3756,2236,-123,344
116,72,3756,2237,-114,347
116,72,3757,2234,0,340
116,72,3757,2236,-123,344
116,72,3758,2234,0,340
116,72,3759,2234,0,340
116,72,3759,2235,0,340
116,72,3759,2236,-132,341
116,72,3760,2234,0,340
116,72,3760,2236,-140,339
116,72,3760,2239,-159,358
116,72,3760,2266,0,314
116,72,3761,2234,0,340
116,72,3761,2235,0,340
116,72,3761,2239,-176,351
116,72,3762,2234,0,340
116,72,3762,2235,0,340
116,72,3762,2238,-176,351
116,72,3763,2234,0,340
116,72,3763,2238,-185,346
116,72,3763,2238,-176,351
116,72,3764,2234,0,340
116,72,3764,2235,0,340
116,72,3764,2238,-193,341
116,72,3764,2251,0,444
116,72,3765,2234,0,340
116,72,3765,2238,-193,341
116,72,3765,2241,-224,353
116,72,3766,2234,0,340
116,72,3766,2235,0,340
116,72,3767,2234,0,340
116,72,3767,2240,-232,348
116,72,3768,2234,0,340
116,72,3768,2237,-277,416
116,72,3769,2234,0,340
116,72,3769,2239,-240,341
116,72,3769,2241,-273,350
116,72,3770,2234,0,340
116,72,3770,2276,0,287
116,72,3771,2234,0,340
116,72,3772,2234,0,340
116,72,3772,2246,-345,361
116,72,3772,2280,41,207
116,72,3773,2234,0,340
116,72,3773,2249,-361,345
116,72,3773,2249,-353,353
116,72,3774,2234,0,340
116,72,3774,2246,-361,345
116,72,3774,2265,-298,297
116,72,3775,2234,0,340
116,72,3775,2235,0,340
116,72,3775,2244,-359,343
116,72,3775,2245,-353,353
116,72,3776,2234,0,340
116,72,3776,2235,0,340
116,72,3776,2245,-353,353
116,72,3777,2234,0,340
116,72,3777,2246,-353,353
116,72,3778,2234,0,340
116,72,3778,2235,0,340
116,72,3778,2243,-345,361
116,72,3778,2244,-361,345
116,72,3778,2244,-353,353
116,72,3778,2265,-378,326
116,72,3779,2234,0,340
116,72,3779,2243,-351,351
116,72,3780,2234,0,340
116,72,3780,2235,0,340
116,72,3780,2243,-353,353
116,72,3780,2252,-408,287
116,72,3781,2234,0,340
116,72,3781,2235,0,340
116,72,3781,2245,-378,326
116,72,3781,2245,-359,343
116,72,3782,2234,0,340
116,72,3782,2235,0,340
116,72,3783,2234,0,340
116,72,3783,2235,0,340
116,72,3783,2235,0,366
116,72,3784,2234,0,340
116,72,3784,2235,8,366
116,72,3784,2270,0,261
116,72,3784,2285,-46,-472
116,72,3785,2234,0,340
116,72,3785,2234,7,340
116,72,3785,2235,0,340
116,72,3785,2235,26,364
116,72,3786,2234,0,340
116,72,3786,2235,0,340
116,72,3786,2279,191,-462
116,72,3786,2291,12,-130
116,72,3787,2233,0,395
116,72,3787,2234,0,340
116,72,3787,2235,0,340
116,72,3787,2263,-369,333
116,72,3787,2289,35,-206
116,72,3788,2235,0,366
116,72,3788,2289,-23,-235
116,72,3788,2292,24,46
116,72,3788,2292,33,148
116,72,3788,2292,37,70
116,72,3788,2292,39,178
116,72,3788,2292,52,0
116,72,3788,2292,78,0
116,72,3788,2292,78,1
116,72,3788,2292,78,7
116,72,3788,2292,210,0
116,72,3788,2293,64,114
116,72,3788,2293,65,43
116,72,3788,2294,169,69
116,72,3788,2295,106,75
116,72,3788,2295,186,348
116,72,3788,2295,350,233
116,72,3788,2297,10,23
116,72,3788,2297,26,180
116,72,3788,2300,110,110
116,72,3788,2305,116,105
116,72,3789,2235,0,366
116,72,3789,2290,-10,-24
116,72,3789,2292,-98,-155
116,72,3789,2294,169,69
116,72,3789,2298,90,160
116,72,3789,2309,130,86
116,72,3790,2279,386,-316
116,72,3790,2292,104,0
116,72,3790,2292,130,0
116,72,3790,2292,139,220
116,72,3790,2292,183,0
116,72,3790,2295,169,69
116,72,3790,2296,169,69
116,72,3790,2297,366,207
116,72,3790,2298,173,57
116,72,3790,2300,140,155
116,72,3790,2305,177,44
116,72,3791,2286,166,-203
116,72,3791,2292,157,0
116,72,3791,2292,180,-27
116,72,3791,2294,177,112
116,72,3791,2295,214,101
116,72,3791,2295,217,89
116,72,3791,2297,350,233
116,72,3791,2299,177,112
116,72,3791,2299,199,65
116,72,3792,2297,350,233
116,72,3792,2297,366,207
116,72,3793,2287,-82,249
116,72,3793,2292,159,0
116,72,3793,2292,183,0
116,72,3793,2293,209,0
116,72,3793,2295,394,262
116,72,3794,2296,290,6
116,72,3795,2293,235,0
116,72,3795,2293,285,42
116,72,3795,2294,282,62
116,72,3795,2295,500,-25
116,72,3795,2298,445,43
116,72,3796,2238,0,366
116,72,3796,2293,0,-104
116,72,3796,2295,-28,73
116,72,3796,2295,0,-264
116,72,3796,2295,0,0
116,72,3796,2295,5,-25
116,72,3796,2295,22,-12
116,72,3796,2295,24,-10
116,72,3796,2295,26,-45
116,72,3796,2295,228,-129
116,72,3796,2295,500,-11
116,72,3796,2296,-11,-23
116,72,3796,2296,247,-148
116,72,3796,2297,-372,198
116,72,3796,2297,-26,-3
116,72,3796,2297,66,-42
116,72,3796,2297,471,-35
116,72,3796,2298,0,-26
116,72,3796,2298,445,43
116,72,3796,2298,471,-46
116,72,3796,2299,32,40
116,72,3796,2299,64,-45
116,72,3796,2300,-12,-23
116,72,3796,2300,0,-78
116,72,3796,2302,0,-26
116,72,3796,2302,0,0
116,72,3796,2302,10,-23
116,72,3796,2303,-13,-22
116,72,3796,2303,51,-7
116,72,3796,2304,-43,-65
116,72,3796,2305,-14,-21
116,72,3796,2306,-2,-26
116,72,3796,2307,50,-11
116,72,3797,2281,333,-66
116,72,3797,2292,86,-162
116,72,3798,2292,-262,0
116,72,3798,2292,125,-198
116,72,3800,2292,412,-233
116,72,3801,2264,-199,371
116,72,3801,2290,176,-228
116,72,3801,2290,182,-223
116,72,3801,2292,-21,15
116,72,3801,2292,-14,21
116,72,3802,2292,-25,5
116,72,3804,2287,290,-374
116,72,3806,2308,339,250
116,72,3807,2292,-52,0
116,72,3810,2283,35,-366
116,72,3811,2292,-157,0
116,72,3812,2260,-167,470
116,72,3812,2276,-194,-344
116,72,3813,2292,-78,0
116,72,3821,2258,-345,361
117,73,3691,2396,340,0
117,73,3695,2335,203,457
117,73,3700,2337,0,500
117,73,3700,2339,0,500
117,73,3700,2349,0,500
117,73,3701,2341,-48,498
117,73,3701,2367,421,0
117,73,3703,2349,395,-20
117,73,3717,2347,24,9
117,73,3717,2356,-248,-192
117,73,3722,2347,26,0
117,73,3722,2355,-275,-83
117,73,3723,2347,209,-20
117,73,3725,2390,224,-135
117,73,3728,2347,0,0
117,73,3729,2387,-116,205
117,73,3737,2382,216,226
117,73,3738,2385,90,328
117,73,3744,2295,0,395
117,73,3748,2289,0,447
117,73,3748,2293,0,421
117,73,3761,2293,21,421
117,73,3764,2293,21,421
117,73,3765,2293,0,421
117,73,3769,2285,466,179
117,73,3770,2289,496,60
117,73,3771,2286,474,156
117,73,3772,2280,224,447
117,73,3772,2280,306,394
117,73,3772,2280,361,345
117,73,3772,2280,394,306
117,73,3772,2282,416,277
117,73,3772,2282,429,257
117,73,3772,2286,470,167
117,73,3772,2287,482,132
117,73,3772,2288,488,109
117,73,3772,2290,496,60
117,73,3773,2279,236,441
117,73,3773,2282,408,287
117,73,3773,2286,451,212
117,73,3773,2286,462,191
117,73,3773,2286,466,179
117,73,3774,2279,236,441
117,73,3774,2288,484,121
117,73,3774,2289,484,121
117,73,3774,2289,490,97
117,73,3774,2293,0,421
117,73,3774,2296,179,380
117,73,3775,2278,335,371
117,73,3776,2276,287,408
117,73,3776,2279,236,441
117,73,3776,2293,0,421
117,73,3777,2278,296,402
117,73,3777,2292,500,0
117,73,3779,2292,74,248
117,73,3779,2292,482,132
117,73,3781,2283,267,421
117,73,3781,2291,492,85
117,73,3781,2292,466,179
117,73,3781,2293,21,421
117,73,3782,2292,194,194
117,73,3783,2275,0,500
117,73,3784,2277,0,500
117,73,3785,2293,21,421
117,73,3786,2275,0,500
117,73,3786,2292,435,246
117,73,3786,2293,0,421
117,73,3786,2293,21,421
117,73,3787,2293,0,421
117,73,3787,2295,101,337
117,73,3787,2313,0,0
117,73,3787,2314,78,-189
117,73,3787,2314,110,-269
117,73,3787,2320,-73,10
117,73,3788,2293,-21,421
117,73,3789,2293,21,421
117,73,3789,2319,-100,-30
117,73,3789,2321,-31,-180
117,73,3790,2293,-41,419
117,73,3790,2293,21,421
117,73,3790,2323,-123,27
117,73,3793,2293,-21,421
117,73,3794,2293,21,421
117,73,3795,2293,0,421
117,73,3795,2293,21,421
117,73,3796,2293,0,421
117,73,3796,2318,0,-52
117,73,3796,2318,7,-104
117,73,3796,2321,132,12
117,73,3797,2286,-97,490
117,73,3799,2279,-144,478
117,73,3799,2287,-246,435
117,73,3800,2277,-147,446
117,73,3802,2278,-224,447
117,73,3802,2283,-287,408
117,73,3803,2280,-267,421
117,73,3803,2282,-296,402
117,73,3803,2288,-360,215
117,73,3805,2280,-236,441
117,73,3806,2282,-361,345
117,73,3808,2288,-482,132
117,73,3808,2292,-500,25
117,73,3809,2279,-236,441
117,73,3811,2291,21,421
119,72,3744,2291,500,11
119,72,3746,2289,492,85
119,72,3746,2289,494,74
119,72,3747,2286,475,143
119,72,3754,2257,353,353
119,72,3755,2292,500,0
119,72,3757,2259,345,361
119,72,3758,2278,326,378
119,72,3758,2292,447,0
119,72,3759,2278,361,345
119,72,3759,2279,316,386
119,72,3759,2283,267,421
119,72,3760,2270,361,345
119,72,3764,2281,453,136
119,72,3765,2292,235,0
119,72,3772,2283,408,101
119,72,3773,2270,207,198
119,72,3774,2246,386,316
119,72,3774,2271,226,216
119,72,3775,2245,358,343
119,72,3775,2249,353,353
119,72,3776,2242,332,332
119,72,3776,2243,353,353
119,72,3776,2244,368,333
119,72,3776,2245,358,343
119,72,3776,2245,368,333
119,72,3776,2248,386,316
119,72,3777,2245,368,333
119,72,3778,2250,386,316
119,72,3779,2245,351,351
119,72,3779,2245,358,343
119,72,3779,2246,345,361
119,72,3780,2245,358,343
119,72,3781,2245,358,343
119,72,3782,2244,351,351
119,72,3782,2245,358,343
119,72,3783,2245,358,343
119,72,3784,2244,351,351
119,72,3784,2245,351,351
119,72,3784,2245,358,343
119,72,3785,2244,343,358
119,72,3785,2244,351,351
119,72,3785,2245,351,351
119,72,3785,2245,358,343
119,72,3785,2249,353,353
119,72,3785,2292,9,24
119,72,3786,2237,202,337
119,72,3786,2244,351,351
119,72,3786,2245,351,351
119,72,3786,2245,358,343
119,72,3786,2249,353,353
119,72,3787,2239,28,391
119,72,3787,2244,351,351
119,72,3787,2245,358,343
119,72,3788,2238,0,366
119,72,3788,2239,28,391
119,72,3788,2244,351,351
119,72,3788,2245,358,343
119,72,3788,2273,130,314
119,72,3788,2299,-289,21
119,72,3789,2238,0,366
119,72,3789,2239,0,366
119,72,3789,2244,351,351
119,72,3789,2245,358,343
119,72,3789,2297,-289,28
119,72,3790,2238,0,366
119,72,3790,2239,0,366
119,72,3790,2245,351,351
119,72,3790,2245,358,343
119,72,3791,2238,0,366
119,72,3791,2245,358,343
119,72,3791,2296,-263,175
119,72,3791,2297,-285,190
119,72,3792,2235,26,364
119,72,3792,2238,0,366
119,72,3792,2244,351,351
119,72,3792,2245,358,343
119,72,3793,2234,0,340
119,72,3793,2238,0,366
119,72,3793,2244,351,351
119,72,3793,2245,351,351
119,72,3793,2245,358,343
119,72,3793,2290,-362,71
119,72,3793,2294,-289,28
119,72,3794,2232,167,470
119,72,3794,2234,0,340
119,72,3794,2235,0,340
119,72,3794,2244,351,351
119,72,3794,2245,351,351
119,72,3794,2245,358,343
119,72,3794,2256,353,353
119,72,3795,2245,358,343
119,72,3796,2234,0,340
119,72,3796,2235,0,340
119,72,3796,2236,123,344
119,72,3796,2245,358,343
119,72,3796,2249,353,353
119,72,3797,2234,0,340
119,72,3797,2235,0,340
119,72,3797,2235,26,364
119,72,3797,2244,351,351
119,72,3797,2245,358,343
119,72,3798,2234,0,340
119,72,3798,2235,26,364
119,72,3798,2244,351,351
119,72,3798,2245,358,343
119,72,3799,2234,0,340
119,72,3799,2235,0,340
119,72,3799,2244,351,351
119,72,3799,2245,351,351
119,72,3799,2245,358,343
119,72,3800,2234,0,340
119,72,3800,2235,0,340
119,72,3800,2245,358,343
119,72,3801,2234,0,340
119,72,3801,2235,0,340
119,72,3801,2235,26,364
119,72,3801,2237,71,358
119,72,3801,2244,351,351
119,72,3801,2245,358,343
119,72,3802,2234,0,340
119,72,3802,2235,0,340
119,72,3802,2235,26,364
119,72,3802,2237,62,360
119,72,3802,2245,358,343
119,72,3803,2234,0,340
119,72,3803,2234,41,337
119,72,3803,2234,50,335
119,72,3803,2235,26,364
119,72,3803,2244,351,351
119,72,3803,2245,351,351
119,72,3803,2245,358,343
119,72,3803,2275,153,178
119,72,3804,2234,0,340
119,72,3804,2234,33,338
119,72,3804,2235,0,340
119,72,3804,2244,351,351
119,72,3804,2245,358,343
119,72,3804,2275,153,178
119,72,3804,2275,169,162
119,72,3805,2234,0,340
119,72,3805,2234,25,338
119,72,3805,2238,44,363
119,72,3805,2239,38,391
119,72,3805,2244,351,351
119,72,3805,2245,358,343
119,72,3806,2234,0,340
119,72,3806,2234,17,340
119,72,3806,2235,26,364
119,72,3806,2237,28,391
119,72,3806,2239,38,391
119,72,3806,2241,30,416
119,72,3806,2245,358,343
119,72,3807,2234,0,340
119,72,3807,2234,7,340
119,72,3807,2235,0,340
119,72,3807,2235,18,366
119,72,3807,2235,26,364
119,72,3807,2236,19,387
119,72,3807,2245,358,343
119,72,3807,2279,75,72
119,72,3807,2279,148,449
119,72,3808,2234,0,340
119,72,3808,2234,7,340
119,72,3808,2235,0,340
119,72,3808,2235,0,366
119,72,3808,2235,0,379
119,72,3808,2237,0,379
119,72,3808,2238,0,366
119,72,3808,2238,0,387
119,72,3808,2239,0,366
119,72,3808,2244,351,351
119,72,3808,2245,358,343
119,72,3808,2256,0,418
119,72,3808,2273,0,235
119,72,3809,2234,0,340
119,72,3809,2244,351,351
119,72,3809,2245,358,343
119,72,3810,2234,0,340
119,72,3810,2244,351,351
119,72,3810,2245,358,343
119,72,3811,2234,0,340
119,72,3811,2235,0,340
119,72,3811,2236,18,366
119,72,3811,2237,8,366
119,72,3811,2244,351,351
119,72,3811,2245,358,343
119,72,3811,2275,0,104
119,72,3811,2276,0,104
119,72,3812,2231,0,500
119,72,3812,2234,0,340
119,72,3812,2234,0,366
119,72,3812,2235,0,392
119,72,3812,2236,0,392
119,72,3812,2237,0,366
119,72,3812,2237,0,392
119,72,3812,2237,0,418
119,72,3812,2237,0,500
119,72,3812,2238,0,444
119,72,3812,2239,0,444
119,72,3812,2240,0,471
119,72,3812,2242,0,500
119,72,3812,2245,358,343
119,72,3812,2251,0,500
119,72,3812,2263,0,395
119,72,3812,2268,0,369
119,72,3812,2276,0,78
119,72,3812,2276,0,104
119,72,3813,2234,0,447
119,72,3813,2240,0,471
119,72,3813,2245,358,343
119,72,3813,2276,0,104
119,72,3814,2235,-18,366
119,72,3814,2244,351,351
119,72,3814,2245,358,343
119,72,3815,2233,0,500
119,72,3815,2238,-41,416
119,72,3815,2238,-29,391
119,72,3815,2238,32,442
119,72,3815,2245,358,343
119,72,3815,2290,101,-152
119,72,3816,2244,351,351
119,72,3816,2245,351,351
119,72,3816,2245,358,343
119,72,3816,2246,351,351
119,72,3816,2268,0,369
119,72,3816,2271,0,261
119,72,3816,2273,0,235
119,72,3816,2275,0,183
119,72,3816,2277,0,130
119,72,3817,2244,351,351
119,72,3817,2245,358,343
119,72,3817,2246,351,351
119,72,3818,2244,351,351
119,72,3818,2245,358,343
119,72,3818,2285,182,-149
119,72,3819,2242,332,332
119,72,3819,2244,351,351
119,72,3819,2245,358,343
119,72,3820,2244,351,351
119,72,3820,2244,353,353
119,72,3820,2245,358,343
119,72,3821,2244,351,351
119,72,3821,2245,351,351
119,72,3821,2245,358,343
119,72,3821,2246,351,351
119,72,3822,2244,343,358
119,72,3822,2244,351,351
119,72,3822,2245,343,358
119,72,3822,2245,351,351
119,72,3822,2245,358,343
119,72,3822,2246,351,351
119,72,3823,2239,0,444
119,72,3823,2245,343,358
119,72,3824,2232,-144,478
119,72,3826,2253,-60,496
119,72,3827,2249,353,353
119,72,3827,2275,153,178
119,72,3828,2238,-85,492
119,72,3831,2279,75,72
119,72,3832,2281,48,148
119,72,3837,2289,-130,-196
119,72,3846,2261,0,418
119,72,3848,2262,0,418
119,72,3851,2275,224,447
119,72,3869,2289,-103,-155
119,72,3872,2234,0,500
119,72,3872,2263,0,395
119,72,3888,2292,209,0
120,73,3776,2323,500,11
120,73,3780,2323,498,37
120,73,3796,2326,238,-12
120,73,3799,2324,395,0
120,73,3813,2289,181,408
120,73,3815,2292,181,408
120,73,3815,2299,86,161
120,73,3816,2292,171,414
120,73,3817,2292,141,396
120,73,3824,2300,71,361
120,73,3825,2272,361,345
120,73,3826,2273,326,378
120,73,3827,2273,361,345
120,73,3828,2274,361,345
120,73,3828,2293,0,421
120,73,3829,2293,-21,421
120,73,3831,2293,0,421
120,73,3834,2293,0,421
120,73,3836,2293,0,421
120,73,3843,2314,76,-307
120,73,3844,2293,0,421
120,73,3845,2298,386,316
120,73,3851,2293,0,421
120,73,3852,2293,-21,421
120,73,3852,2293,0,421
120,73,3865,2283,457,203
120,73,3866,2283,447,224
120,73,3866,2285,466,179
120,73,3867,2285,451,212
120,73,3867,2286,478,144
120,73,3867,2287,478,144
120,73,3867,2287,482,132
120,73,3868,2284,435,246
120,73,3868,2287,482,132
120,73,3869,2283,421,267
120,73,3869,2285,451,212
120,73,3869,2287,478,144
120,73,3870,2289,482,132
120,73,3870,2289,488,109
120,73,3870,2289,490,97
120,73,3871,2287,462,191
120,73,3871,2288,474,156
120,73,3872,2277,287,408
120,73,3872,2295,0,395
120,73,3873,2292,500,0
120,73,3874,2279,236,441
120,73,3874,2292,74,248
120,73,3874,2292,500,0
120,73,3875,2291,500,25
120,73,3875,2292,74,248
120,73,3875,2292,451,212
120,73,3875,2292,500,0
120,73,3876,2274,361,345
120,73,3876,2275,0,500
120,73,3876,2275,224,447
120,73,3876,2275,267,421
120,73,3876,2275,287,408
120,73,3876,2275,361,345
120,73,3876,2276,287,408
120,73,3876,2277,212,451
120,73,3876,2292,451,212
120,73,3876,2292,494,74
120,73,3876,2292,500,0
120,73,3877,2274,156,474
120,73,3877,2275,167,470
120,73,3877,2277,179,466
120,73,3877,2290,466,179
120,73,3877,2290,482,132
120,73,3877,2292,201,201
120,73,3877,2292,500,0
120,73,3878,2272,121,484
120,73,3878,2275,132,482
120,73,3878,2278,326,378
120,73,3878,2291,482,132
120,73,3879,2273,109,488
120,73,3879,2274,109,488
120,73,3879,2291,482,132
120,73,3880,2272,156,474
120,73,3880,2275,97,490
120,73,3881,2275,48,498
120,73,3881,2276,48,498
120,73,3881,2281,97,490
120,73,3884,2298,108,360
120,73,3885,2323,35,-39
120,73,3888,2266,-74,494
120,73,3888,2317,4,209
120,73,3890,2295,-34,126
122,69,3831,2211,444,0
122,69,3831,2211,500,0
122,69,3832,2211,500,0
122,69,3832,2212,500,0
122,69,3833,2211,500,0
122,69,3834,2199,500,0
122,69,3834,2204,500,0
122,69,3834,2211,366,0
122,69,3834,2211,444,0
122,69,3834,2211,497,0
122,69,3834,2212,361,0
122,69,3834,2212,366,0
122,69,3834,2212,500,0
122,69,3835,2196,340,0
122,69,3835,2198,340,0
122,69,3835,2199,340,0
122,69,3835,2202,340,0
122,69,3835,2203,340,0
122,69,3835,2204,340,0
122,69,3835,2205,340,0
122,69,3835,2206,337,41
122,69,3835,2206,340,0
122,69,3835,2207,337,41
122,69,3835,2207,340,0
122,69,3835,2208,340,0
122,69,3835,2209,340,0
122,69,3835,2210,340,0
122,69,3835,2211,340,0
122,69,3835,2211,418,0
122,69,3835,2212,361,0
122,69,3835,2214,366,-18
122,69,3835,2223,482,-132
122,69,3836,2187,473,0
122,69,3836,2188,340,0
122,69,3836,2198,366,-8
122,69,3836,2206,366,-8
122,69,3836,2207,366,-18
122,69,3836,2208,364,26
122,69,3836,2209,366,18
122,69,3836,2212,361,0
122,69,3836,2212,392,0
122,69,3836,2213,366,-8
122,69,3836,2213,366,0
122,69,3837,2207,366,-18
122,69,3837,2208,366,0
122,69,3837,2209,366,8
122,69,3838,2189,366,0
122,69,3838,2209,366,8
122,69,3838,2210,366,0
122,69,3838,2212,366,0
122,69,3839,2185,366,0
122,69,3839,2187,366,0
122,69,3839,2187,500,0
122,69,3839,2204,366,0
122,69,3839,2205,366,0
122,69,3840,2190,359,215
122,69,3840,2213,392,-9
122,69,3841,2191,364,205
122,69,3842,2190,359,215
122,69,3843,2268,500,0
122,69,3846,2268,500,0
122,69,3847,2159,343,358
122,69,3847,2182,358,343
122,69,3847,2188,358,343
122,69,3848,2263,500,0
122,69,3848,2278,411,-170
122,69,3851,2170,444,10
122,69,3851,2170,447,10
122,69,3851,2171,444,0
122,69,3851,2264,453,-137
122,69,3852,2170,444,10
122,69,3852,2171,444,0
122,69,3852,2172,444,0
122,69,3852,2173,444,0
122,69,3852,2174,444,0
122,69,3852,2175,496,-60
122,69,3854,2172,500,0
122,69,3854,2173,471,-24
122,69,3854,2173,471,-11
122,69,3854,2174,471,-24
122,69,3855,2172,471,-11
122,69,3855,2172,500,-11
122,69,3856,2168,471,0
122,69,3856,2169,471,0
122,69,3856,2170,471,0
122,69,3856,2172,471,-11
122,69,3856,2232,335,-371
122,69,3857,2210,235,0
122,69,3858,2173,471,-11
122,69,3859,2270,394,-211
122,69,3861,2157,345,361
122,69,3861,2158,345,361
122,69,3861,2166,497,0
122,69,3861,2203,287,14
122,69,3863,2212,395,0
122,69,3866,2165,500,0
122,69,3866,2171,500,25
122,69,3866,2172,500,0
122,69,3866,2261,371,-132
122,69,3866,2273,332,-258
122,69,3868,2195,366,8
122,69,3868,2267,333,-211
122,69,3871,2187,95,42
122,69,3871,2202,316,0
122,69,3872,2208,227,128
122,69,3872,2240,247,-237
122,69,3875,2172,500,0
122,69,3875,2210,157,0
122,69,3876,2167,500,0
122,69,3876,2198,104,0
122,69,3876,2204,104,0
122,69,3876,2212,104,0
122,69,3876,2260,212,0
122,69,3877,2161,181,408
122,69,3879,2203,-323,114
122,69,3881,2168,141,368
122,69,3882,2163,139,424
122,69,3882,2169,151,365
122,69,3882,2213,-189,219
122,69,3883,2258,-116,-205
122,69,3884,2147,345,361
122,69,3884,2200,-312,282
122,69,3887,2141,246,435
122,69,3887,2142,246,435
122,69,3887,2153,70,467
122,69,3888,2140,224,447
122,69,3889,2157,15,208
122,69,3889,2208,-174,-116
122,69,3889,2210,-176,-117
122,69,3889,2231,-174,-116
122,69,3890,2143,236,441
122,69,3891,2172,37,311
122,69,3892,2135,0,500
122,69,3892,2252,49,16
122,69,3894,2156,-8,157
122,69,3894,2161,-9,183
122,69,3894,2260,160,241
122,69,3895,2155,-9,183
122,69,3895,2254,146,153
122,69,3896,2167,-48,392
122,69,3900,2162,-9,183
122,69,3900,2164,-10,209
122,69,3901,2139,85,383
122,69,3901,2143,110,403
122,69,3906,2178,56,204
122,69,3906,2178,63,253
122,69,3908,2164,0,287
122,69,3909,2161,-23,447
122,69,3913,2175,-11,156
122,69,3924,2256,103,10
122,69,3932,2173,46,62
122,69,3943,2177,46,23
122,69,3956,2166,0,235
122,71,3831,2276,500,0
122,71,3832,2270,500,-25
122,71,3832,2276,500,0
122,71,3833,2268,500,0
122,71,3833,2292,500,0
122,71,3834,2276,500,0
122,71,3835,2276,500,0
122,71,3842,2248,402,296
122,71,3842,2249,402,296
122,71,3844,2227,332,332
122,71,3844,2243,500,0
122,71,3844,2245,368,333
122,71,3844,2248,386,316
122,71,3845,2245,358,343
122,71,3845,2245,368,333
122,71,3845,2246,358,343
122,71,3846,2239,358,343
122,71,3846,2239,371,335
122,71,3846,2240,351,351
122,71,3846,2242,343,358
122,71,3846,2243,343,358
122,71,3846,2245,358,343
122,71,3846,2252,345,361
122,71,3847,2222,351,351
122,71,3847,2230,358,343
122,71,3847,2231,358,343
122,71,3847,2232,358,343
122,71,3847,2233,358,343
122,71,3847,2234,358,343
122,71,3847,2235,358,343
122,71,3847,2236,358,343
122,71,3847,2237,358,343
122,71,3847,2238,351,351
122,71,3847,2238,358,343
122,71,3847,2239,351,351
122,71,3847,2239,358,343
122,71,3847,2240,358,343
122,71,3847,2241,358,343
122,71,3847,2242,358,343
122,71,3847,2243,358,343
122,71,3847,2244,343,358
122,71,3847,2244,358,343
122,71,3847,2245,351,351
122,71,3847,2245,358,343
122,71,3847,2245,361,345
122,71,3847,2246,358,343
122,71,3847,2252,353,353
122,71,3847,2253,353,353
122,71,3848,2249,353,353
122,71,3848,2256,353,353
122,71,3849,2256,361,345
122,71,3849,2263,345,361
122,71,3851,2225,353,353
122,71,3851,2225,361,345
122,71,3851,2243,353,353
122,71,3851,2247,353,353
122,71,3851,2272,361,345
122,71,3851,2275,361,345
122,71,3851,2292,500,0
122,71,3852,2240,287,408
122,71,3852,2275,335,371
122,71,3855,2277,423,212
122,71,3855,2280,428,129
122,71,3858,2268,261,0
122,71,3858,2276,421,-10
122,71,3860,2279,421,150
122,71,3861,2220,345,361
122,71,3861,2276,421,0
122,71,3861,2292,421,0
122,71,3863,2272,395,0
122,71,3863,2292,395,0
122,71,3866,2276,369,-8
122,71,3867,2276,369,-8
122,71,3870,2243,317,234
122,71,3871,2262,273,285
122,71,3872,2275,316,-7
122,71,3873,2245,454,125
122,71,3873,2249,302,161
122,71,3873,2275,290,0
122,71,3874,2251,255,266
122,71,3874,2260,238,0
122,71,3874,2263,155,180
122,71,3874,2265,255,266
122,71,3874,2269,151,144
122,71,3874,2292,238,0
122,71,3875,2239,11,500
122,71,3875,2244,470,167
122,71,3875,2261,200,209
122,71,3875,2274,169,162
122,71,3875,2289,255,63
122,71,3876,2265,153,146
122,71,3876,2272,89,128
122,71,3876,2275,169,162
122,71,3876,2275,185,0
122,71,3876,2276,264,-13
122,71,3877,2219,169,442
122,71,3877,2225,181,408
122,71,3877,2275,133,0
122,71,3877,2280,-233,210
122,71,3878,2240,236,441
122,71,3879,2239,371,335
122,71,3879,2240,378,326
122,71,3879,2281,-79,221
122,71,3881,2208,236,441
122,71,3882,2227,139,424
122,71,3884,2206,121,484
122,71,3884,2235,123,375
122,71,3884,2236,123,347
122,71,3885,2264,-241,107
122,71,3887,2262,-234,-23
122,71,3887,2268,-234,-23
122,71,3888,2275,-232,-35
122,71,3888,2277,-242,-161
122,71,3891,2225,22,447
122,71,3892,2223,0,366
122,71,3892,2226,0,447
122,71,3892,2259,0,-104
122,71,3892,2259,46,-25
122,71,3892,2259,46,-22
122,71,3893,2251,0,0
122,71,3893,2258,74,-138
122,71,3894,2255,152,-101
122,71,3894,2258,289,-183
122,71,3894,2259,0,-52
122,71,3895,2251,-24,9
122,71,3895,2252,223,11
122,71,3895,2253,152,-101
122,71,3895,2254,152,-101
122,71,3895,2259,5,-25
122,71,3895,2259,155,-31
122,71,3896,2252,-119,-236
122,71,3896,2255,155,-276
122,71,3896,2259,115,-62
122,71,3897,2251,208,-20
122,71,3898,2251,0,0
122,71,3898,2252,-25,-5
122,71,3916,2251,25,5
122,71,3919,2251,62,-46
122,71,3924,2251,0,0
123,70,3866,2244,500,0
123,70,3872,2263,498,-48
123,70,3874,2211,500,0
123,70,3875,2211,500,0
123,70,3875,2244,470,167
123,70,3875,2248,492,85
123,70,3875,2264,490,-97
123,70,3876,2266,466,-179
123,70,3877,2238,386,316
123,70,3877,2241,429,257
123,70,3877,2268,447,-224
123,70,3878,2213,500,0
123,70,3878,2237,361,345
123,70,3878,2240,236,441
123,70,3878,2242,421,267
123,70,3878,2272,386,-316
123,70,3878,2290,353,-353
123,70,3879,2237,361,345
123,70,3879,2239,371,335
123,70,3879,2240,394,306
123,70,3879,2242,421,267
123,70,3879,2247,316,386
123,70,3879,2265,372,-123
123,70,3880,2238,345,361
123,70,3880,2239,361,345
123,70,3881,2234,277,416
123,70,3881,2238,345,361
123,70,3882,2237,296,402
123,70,3882,2262,492,-85
123,70,3883,2268,386,-316
123,70,3885,2235,191,462
123,70,3885,2275,212,-451
123,70,3886,2237,203,457
123,70,3886,2239,224,447
123,70,3887,2239,203,457
123,70,3887,2246,361,345
123,70,3887,2259,464,-92
123,70,3888,2236,121,484
123,70,3888,2236,144,478
123,70,3888,2238,167,470
123,70,3888,2239,167,470
123,70,3888,2264,335,-371
123,70,3889,2234,121,484
123,70,3889,2236,121,484
123,70,3889,2237,109,488
123,70,3889,2238,144,478
123,70,3889,2240,121,484
123,70,3889,2245,212,451
123,70,3889,2252,234,17
123,70,3889,2253,442,66
123,70,3890,2229,447,0
123,70,3890,2237,85,492
123,70,3890,2237,109,488
123,70,3890,2237,447,0
123,70,3890,2238,447,-10
123,70,3890,2244,85,492
123,70,3890,2244,447,0
123,70,3890,2245,144,478
123,70,3890,2245,179,466
123,70,3890,2245,447,0
123,70,3891,2243,85,492
123,70,3891,2245,97,490
123,70,3891,2245,132,482
123,70,3891,2270,37,-498
123,70,3892,2241,0,500
123,70,3892,2242,0,500
123,70,3892,2243,0,500
123,70,3892,2244,0,444
123,70,3892,2244,0,500
123,70,3892,2245,0,500
123,70,3892,2245,48,498
123,70,3892,2262,0,-276
123,70,3892,2265,207,138
123,70,3893,2230,419,-31
123,70,3893,2246,419,-31
123,70,3893,2264,419,41
123,70,3893,2276,421,0
123,70,3894,2244,380,179
123,70,3894,2254,414,72
123,70,3895,2268,395,0
123,70,3896,2255,282,-189
123,70,3898,2219,408,101
123,70,3898,2260,104,0
123,70,3899,2219,408,101
123,70,3900,2219,408,101
123,70,3900,2257,364,35
123,70,3901,2209,305,250
123,70,3901,2251,209,0
123,70,3902,2219,408,101
123,70,3903,2219,408,101
123,70,3904,2214,445,158
123,70,3904,2217,428,129
123,70,3904,2219,408,101
123,70,3904,2244,296,219
123,70,3905,2219,408,101
123,70,3905,2260,26,0
123,70,3906,2211,403,190
123,70,3906,2219,408,101
123,70,3907,2219,408,101
123,70,3908,2215,421,150
123,70,3908,2219,408,101
123,70,3911,2260,25,5
123,70,3913,2199,161,389
123,70,3913,2260,26,0
123,70,3914,2216,365,151
123,70,3914,2256,215,-95
123,70,3915,2260,9,24
123,70,3916,2204,123,347
123,70,3920,2260,-162,302
123,70,3920,2260,0,0
123,70,3922,2260,-92,49
123,102,3867,3296,498,48
123,102,3867,3298,369,0
123,102,3869,3241,500,0
123,102,3872,3296,498,37
123,102,3874,3236,500,0
123,102,3876,3327,361,-345
123,102,3878,3318,361,-345
123,102,3879,3274,353,353
123,102,3880,3221,345,361
123,102,3880,3222,345,361
123,102,3880,3232,500,0
123,102,3881,3223,353,353
123,102,3881,3224,345,361
123,102,3881,3242,464,92
123,102,3881,3243,464,92
123,102,3881,3300,471,0
123,102,3881,3300,473,0
123,102,3881,3305,473,10
123,102,3881,3308,473,0
123,102,3882,3217,353,353
123,102,3882,3217,361,345
123,102,3883,3240,498,-37
123,102,3883,3240,500,0
123,102,3883,3241,498,-37
123,102,3884,3228,345,361
123,102,3884,3228,361,345
123,102,3884,3236,498,-37
123,102,3884,3258,335,371
123,102,3884,3299,361,345
123,102,3885,3242,437,97
123,102,3885,3243,437,97
123,102,3886,3244,438,87
123,102,3888,3257,326,378
123,102,3888,3308,345,361
123,102,3888,3328,500,0
123,102,3890,3244,411,92
123,102,3890,3289,342,0
123,102,3890,3323,408,-182
123,102,3891,3239,453,136
123,102,3891,3336,500,0
123,102,3892,3325,417,-224
123,102,3894,3246,412,82
123,102,3894,3269,317,351
123,102,3894,3321,389,-161
123,102,3894,3329,343,-242
123,102,3895,3264,326,378
123,102,3895,3268,395,0
123,102,3895,3272,395,0
123,102,3895,3296,395,0
123,102,3895,3298,395,0
123,102,3895,3300,395,0
123,102,3896,3303,395,0
123,102,3897,3269,326,378
123,102,3897,3321,376,-189
123,102,3898,3285,325,266
123,102,3898,3317,371,-132
123,102,3899,3239,453,136
123,102,3899,3300,369,0
123,102,3900,3243,408,101
123,102,3900,3244,411,92
123,102,3900,3338,283,-346
123,102,3901,3224,339,291
123,102,3901,3315,353,-107
123,102,3902,3272,342,0
123,102,3902,3292,342,0
123,102,3902,3300,342,-8
123,102,3902,3308,341,-25
123,102,3904,3281,255,266
123,102,3904,3316,247,-237
123,102,3905,3224,339,291
123,102,3905,3243,408,101
123,102,3905,3289,218,228
123,102,3907,3293,191,182
123,102,3908,3228,500,0
123,102,3908,3236,333,211
123,102,3908,3243,408,101
123,102,3908,3279,240,279
123,102,3908,3286,218,228
123,102,3909,3224,339,291
123,102,3910,3228,312,282
123,102,3910,3291,171,164
123,102,3913,3236,291,226
123,102,3913,3240,185,0
123,102,3914,3331,312,-283
123,102,3915,3210,358,343
123,102,3915,3212,353,353
123,102,3915,3212,378,326
123,102,3916,3213,353,353
123,102,3916,3216,353,353
123,102,3916,3219,345,361
123,102,3917,3208,361,345
123,102,3917,3210,335,371
123,102,3917,3211,345,361
123,102,3917,3211,353,353
123,102,3917,3212,353,353
123,102,3917,3213,353,353
123,102,3917,3213,361,345
123,102,3917,3215,345,361
123,102,3917,3216,353,353
123,102,3917,3219,345,361
123,102,3917,3223,345,361
123,102,3917,3227,345,361
123,102,3918,3209,345,361
123,102,3918,3209,353,353
123,102,3918,3209,361,345
123,102,3918,3210,345,361
123,102,3918,3210,353,353
123,102,3918,3211,335,371
123,102,3918,3211,345,361
123,102,3918,3211,353,353
123,102,3918,3212,345,361
123,102,3918,3212,353,353
123,102,3918,3216,353,353
123,102,3918,3217,353,353
123,102,3918,3219,345,361
123,102,3918,3223,345,361
123,102,3918,3227,345,361
123,102,3918,3233,255,266
123,102,3918,3326,305,-250
123,102,3919,3210,353,353
123,102,3919,3211,353,353
123,102,3919,3212,353,353
123,102,3919,3216,353,353
123,102,3919,3223,345,361
123,102,3919,3227,345,361
123,102,3919,3229,335,371
123,102,3919,3229,361,345
123,102,3919,3230,335,371
123,102,3920,3210,353,353
123,102,3920,3211,353,353
123,102,3920,3216,353,353
123,102,3920,3230,335,371
123,102,3920,3230,361,345
123,102,3920,3237,301,211
123,102,3921,3211,345,361
123,102,3921,3230,279,279
123,102,3921,3236,291,226
123,102,3922,3211,353,353
123,102,3922,3212,353,353
123,102,3922,3213,353,353
123,102,3923,3247,46,152
123,102,3923,3344,17,-342
123,102,3923,3345,8,-369
123,102,3924,3204,353,353
123,102,3924,3211,353,353
123,102,3924,3360,189,-377
123,102,3925,3211,345,361
123,102,3925,3212,345,361
123,102,3925,3213,345,361
123,102,3925,3343,-17,-340
123,102,3926,3225,339,291
123,102,3926,3234,247,237
123,102,3926,3250,-116,-174
123,102,3927,3209,345,361
123,102,3927,3210,345,361
123,102,3927,3248,-63,-230
123,102,3927,3251,-160,-96
123,102,3927,3251,164,-87
123,102,3927,3251,191,-90
123,102,3928,3205,345,361
123,102,3928,3246,237,-167
123,102,3928,3247,-82,-251
123,102,3929,3212,345,361
123,102,3929,3213,345,361
123,102,3929,3225,340,325
123,102,3929,3235,171,164
123,102,3929,3241,113,-296
123,102,3929,3244,63,-283
123,102,3929,3249,-164,-172
123,102,3929,3250,-172,-164
123,102,3929,3250,-160,-96
123,102,3929,3326,17,-340
123,102,3930,3244,-14,-290
123,102,3930,3246,80,-196
123,102,3930,3248,-18,-185
123,102,3930,3249,-162,-132
123,102,3931,3249,-205,-123
123,102,3931,3251,-117,-63
123,102,3932,3213,345,361
123,102,3932,3214,345,361
123,102,3932,3235,169,162
123,102,3932,3328,291,-264
123,102,3932,3336,0,-395
123,102,3933,3247,-23,-237
123,102,3933,3337,-23,-447
123,102,3936,3239,171,-414
123,102,3936,3248,-73,-223
123,102,3937,3247,-73,-223
123,102,3938,3240,105,-295
123,102,3938,3240,114,-320
123,102,3938,3327,0,-290
123,102,3938,3341,-19,-260
123,102,3939,3226,233,350
123,102,3939,3239,114,-320
123,102,3939,3339,17,-182
123,102,3940,3228,-233,285
123,102,3940,3235,193,213
123,102,3940,3246,239,-207
123,102,3940,3348,0,-447
123,102,3941,3211,158,445
123,102,3941,3218,192,432
123,102,3941,3223,229,382
123,102,3941,3249,-27,-181
123,102,3942,3225,-366,151
123,102,3942,3243,76,-280
123,102,3943,3216,160,417
123,102,3944,3325,43,28
123,102,3945,3215,129,428
123,102,3946,3196,121,484
123,102,3947,3196,121,484
123,102,3947,3219,111,406
123,102,3947,3223,131,400
123,102,3948,3224,-366,-35
123,102,3948,3226,114,378
123,102,3948,3243,389,67
123,102,3949,3202,167,470
123,102,3949,3224,95,382
123,102,3950,3199,132,482
123,102,3951,3202,121,484
123,102,3952,3236,-307,-205
123,102,3953,3234,-218,-146
123,102,3954,3234,56,204
123,102,3954,3238,40,181
123,102,3955,3234,-149,-278
123,102,3955,3234,46,152
123,102,3955,3243,20,210
123,102,3956,3192,0,500
123,102,3956,3214,0,447
123,102,3956,3218,0,447
123,102,3956,3221,0,421
123,102,3956,3228,0,369
123,102,3956,3230,0,52
123,102,3956,3234,0,238
123,102,3956,3240,0,-130
123,102,3956,3240,16,20
123,102,3956,3240,19,16
123,102,3956,3241,0,-130
123,102,3956,3242,0,-207
123,102,3956,3242,0,0
123,102,3956,3242,19,16
123,102,3956,3243,0,-104
123,102,3956,3243,23,12
123,102,3956,3243,24,8
123,102,3956,3244,0,-104
123,102,3956,3244,19,-17
123,102,3956,3244,77,70
123,102,3956,3245,0,-204
123,102,3956,3245,23,-11
123,102,3956,3245,25,-5
123,102,3956,3246,0,-261
123,102,3956,3246,0,0
123,102,3956,3246,12,50
123,102,3956,3246,35,37
123,102,3956,3246,51,10
123,102,3956,3246,132,88
123,102,3956,3246,137,101
123,102,3956,3246,144,17
123,102,3956,3247,0,0
123,102,3956,3247,87,-146
123,102,3956,3247,168,29
123,102,3956,3248,0,0
123,102,3956,3248,149,26
123,102,3956,3249,0,-152
123,102,3956,3249,99,-32
123,102,3956,3249,119,-39
123,102,3956,3250,0,-52
123,102,3956,3250,75,-65
123,102,3956,3250,78,-61
123,102,3956,3250,83,-55
123,102,3956,3251,69,-37
123,102,3964,3339,0,-421
123,102,3973,3343,-12,-235
123,102,3980,3344,-14,-287
123,102,3989,3340,-17,-340
123,102,3996,3339,0,-421
123,102,3996,3351,0,-471
124,34,3903,1089,494,74
124,34,3906,1060,500,0
124,34,3906,1152,459,-23
124,34,3907,1148,500,0
124,34,3907,1149,500,0
124,34,3907,1150,414,-21
124,34,3908,1060,500,0
124,34,3908,1148,500,-11
124,34,3908,1149,500,0
124,34,3908,1150,416,-31
124,34,3908,1150,418,-21
124,34,3908,1157,340,-325
124,34,3908,1158,340,-325
124,34,3908,1160,340,-325
124,34,3908,1161,340,-325
124,34,3908,1162,340,-325
124,34,3908,1163,340,-325
124,34,3908,1164,340,-325
124,34,3909,1140,361,-345
124,34,3909,1148,500,0
124,34,3909,1149,418,-10
124,34,3909,1149,500,-11
124,34,3909,1149,500,0
124,34,3909,1150,416,-31
124,34,3909,1150,418,-21
124,34,3909,1150,418,0
124,34,3909,1151,416,-31
124,34,3909,1151,418,-21
124,34,3909,1159,390,-150
124,34,3910,1137,358,-344
124,34,3910,1138,358,-344
124,34,3910,1139,343,-359
124,34,3910,1144,343,-359
124,34,3910,1149,418,-10
124,34,3910,1150,438,-32
124,34,3910,1160,406,-180
124,34,3910,1161,401,-189
124,34,3910,1163,387,-219
124,34,3911,1137,351,-351
124,34,3911,1138,351,-351
124,34,3911,1148,418,0
124,34,3911,1149,418,-10
124,34,3911,1154,351,-351
124,34,3911,1156,351,-351
124,34,3911,1157,418,-149
124,34,3911,1159,417,-160
124,34,3911,1160,351,-351
124,34,3912,1137,351,-351
124,34,3912,1165,391,-261
124,34,3913,1159,401,-189
124,34,3913,1163,397,-252
124,34,3913,1164,397,-252
124,34,3914,1060,500,0
124,34,3914,1134,361,-345
124,34,3914,1149,500,0
124,34,3915,1133,361,-345
124,34,3915,1134,353,-353
124,34,3915,1134,361,-345
124,34,3915,1136,361,-345
124,34,3915,1137,361,-345
124,34,3915,1138,361,-345
124,34,3915,1139,361,-345
124,34,3915,1140,361,-345
124,34,3915,1141,361,-345
124,34,3915,1144,361,-345
124,34,3915,1145,361,-345
124,34,3915,1147,361,-345
124,34,3915,1150,361,-345
124,34,3915,1151,361,-345
124,34,3915,1153,361,-345
124,34,3915,1154,361,-345
124,34,3915,1155,361,-345
124,34,3915,1156,361,-345
124,34,3915,1157,361,-345
124,34,3915,1166,361,-345
124,34,3918,1130,353,-353
124,34,3918,1133,353,-353
124,34,3919,1067,464,92
124,34,3919,1130,361,-345
124,34,3919,1145,353,-353
124,34,3920,1142,431,-119
124,34,3922,1090,341,25
124,34,3922,1127,353,-353
124,34,3922,1134,361,-345
124,34,3923,1068,437,97
124,34,3926,1168,345,-361
124,34,3928,1143,389,-161
124,34,3938,1146,-99,-85
124,34,3939,1067,408,101
124,34,3940,1163,148,-450
124,34,3941,1140,200,-400
124,34,3943,1156,86,-162
124,34,3945,1168,136,-453
124,34,3947,1164,129,-428
124,34,3951,1132,-207,30
124,34,3953,1145,35,360
124,34,3954,1130,-157,-94
124,34,3954,1131,151,-38
124,34,3954,1132,-121,99
124,34,3954,1147,-227,136
124,34,3955,1152,384,-230
124,34,3956,1132,0,52
124,34,3956,1146,0,-314
124,34,3956,1152,377,-239
124,34,3956,1157,0,-392
124,34,3956,1162,0,-369
124,34,3956,1164,0,-340
124,34,3958,1141,-14,287
124,34,3959,1137,-17,237
124,34,3960,1133,65,170
124,34,3960,1151,350,-233
124,34,3961,1134,-141,147
124,34,3961,1141,-41,340
124,34,3961,1145,-227,322
124,34,3961,1157,316,316
124,34,3962,1134,260,260
124,34,3962,1134,266,255
124,34,3962,1138,132,161
124,34,3962,1144,-41,337
124,34,3962,1148,-266,117
124,34,3962,1156,316,316
124,34,3963,1133,86,130
124,34,3963,1142,-44,366
124,34,3966,1132,-134,71
124,34,3966,1136,-23,237
124,34,3966,1137,-117,233
124,34,3966,1138,88,213
124,34,3967,1140,-182,148
124,34,3967,1152,293,265
124,34,3967,1163,248,-372
124,34,3968,1136,-23,237
124,34,3968,1158,445,-33
124,34,3969,1134,-160,176
124,34,3969,1152,297,297
124,34,3969,1170,432,-192
124,34,3970,1132,-187,100
124,34,3970,1139,110,268
124,34,3970,1143,233,350
124,34,3971,1137,-101,244
124,34,3971,1152,372,-123
124,34,3971,1156,186,-252
124,34,3971,1157,411,92
124,34,3973,1136,-23,234
124,34,3976,1156,385,-86
124,34,3982,1136,298,-169
124,34,3988,1135,47,21
124,34,3988,1136,0,0
124,34,3988,1153,0,-52
124,34,3988,1164,0,-183
124,37,3895,1189,447,0
124,37,3898,1207,500,0
124,37,3898,1217,500,0
124,37,3898,1227,369,0
124,37,3899,1171,340,0
124,37,3899,1172,340,0
124,37,3899,1173,340,0
124,37,3899,1174,340,0
124,37,3899,1175,340,0
124,37,3899,1176,340,0
124,37,3899,1177,340,0
124,37,3899,1178,340,0
124,37,3899,1179,340,0
124,37,3899,1180,340,0
124,37,3899,1181,340,0
124,37,3899,1182,340,0
124,37,3899,1183,340,0
124,37,3899,1184,340,0
124,37,3899,1185,340,0
124,37,3899,1186,340,0
124,37,3899,1187,340,0
124,37,3899,1188,340,0
124,37,3899,1188,361,0
124,37,3899,1189,340,0
124,37,3899,1190,340,0
124,37,3899,1191,340,0
124,37,3899,1192,340,0
124,37,3899,1194,340,0
124,37,3899,1195,340,0
124,37,3899,1196,340,0
124,37,3899,1197,340,0
124,37,3899,1198,340,0
124,37,3899,1199,340,0
124,37,3899,1200,340,0
124,37,3899,1201,340,0
124,37,3899,1202,340,0
124,37,3899,1203,340,0
124,37,3899,1204,340,0
124,37,3899,1205,340,0
124,37,3899,1206,340,0
124,37,3899,1207,340,0
124,37,3899,1208,340,0
124,37,3899,1209,340,0
124,37,3899,1210,340,0
124,37,3899,1211,340,0
124,37,3899,1212,340,0
124,37,3899,1213,340,0
124,37,3899,1214,340,0
124,37,3899,1215,340,0
124,37,3899,1216,340,0
124,37,3899,1219,340,0
124,37,3899,1220,340,0
124,37,3899,1221,340,0
124,37,3899,1222,340,0
124,37,3899,1223,340,0
124,37,3899,1224,340,0
124,37,3899,1225,340,0
124,37,3899,1226,340,0
124,37,3899,1227,340,0
124,37,3899,1227,369,0
124,37,3900,1169,366,0
124,37,3900,1172,340,0
124,37,3900,1174,366,-8
124,37,3900,1175,366,-18
124,37,3900,1175,366,0
124,37,3900,1229,366,-8
124,37,3900,1230,366,0
124,37,3901,1175,366,-18
124,37,3901,1188,366,0
124,37,3901,1229,366,-8
124,37,3901,1230,366,0
124,37,3903,1186,366,0
124,37,3903,1188,366,0
124,37,3904,1229,392,-9
124,37,3904,1230,392,0
124,37,3908,1227,421,0
124,37,3909,1245,418,-21
124,37,3909,1246,418,-21
124,37,3910,1247,496,-60
124,37,3911,1151,418,0
124,37,3911,1244,418,0
124,37,3916,1149,500,0
124,37,3916,1216,444,0
124,37,3916,1220,444,0
124,37,3916,1221,444,0
124,37,3916,1222,444,0
124,37,3916,1223,444,0
124,37,3916,1224,444,0
124,37,3916,1225,444,0
124,37,3916,1226,444,0
124,37,3916,1227,444,0
124,37,3916,1251,444,0
124,37,3916,1251,500,0
124,37,3920,1224,287,-14
124,37,3929,1216,418,0
124,37,3929,1220,418,0
124,37,3929,1221,340,0
124,37,3929,1221,418,0
124,37,3934,1179,316,0
124,37,3939,1162,302,161
124,37,3940,1187,0,0
124,37,3949,1225,-220,91
124,37,3953,1224,-155,-103
124,37,3953,1226,-184,-22
124,37,3953,1235,-180,107
124,37,3955,1225,-75,-141
124,37,3955,1239,19,260
124,37,3955,1240,-208,111
124,37,3956,1228,40,32
124,37,3956,1235,0,340
124,37,3956,1268,0,-500
124,37,3956,1269,0,-500
124,37,3957,1229,29,72
124,37,3957,1232,-12,235
124,37,3958,1169,233,-285
124,37,3958,1233,-17,234
124,37,3958,1236,-19,260
124,37,3959,1228,116,105
124,37,3959,1228,306,68
124,37,3960,1166,250,-305
124,37,3961,1164,327,-218
124,37,3961,1166,258,-332
124,37,3961,1171,-162,-86
124,37,3962,1166,258,-332
124,37,3963,1152,305,-250
124,37,3963,1159,309,-323
124,37,3964,1170,-164,-134
124,37,3965,1162,290,-374
124,37,3971,1160,106,-323
124,37,3972,1168,-23,-234
124,37,3975,1151,279,240
124,37,3985,1155,-197,-131
124,37,3985,1171,23,-12
124,37,3988,1163,0,-340
124,37,3988,1163,163,-171
124,37,3988,1164,0,209
124,37,3988,1165,0,0
124,37,3988,1240,16,-20
124,37,3990,1236,-159,239
124,37,3993,1236,26,0
124,40,3895,1316,500,0
124,40,3897,1308,500,0
124,40,3897,1316,500,0
124,40,3897,1317,500,0
124,40,3897,1322,500,-11
124,40,3898,1312,500,0
124,40,3902,1256,500,0
124,40,3902,1316,500,0
124,40,3902,1321,500,0
124,40,3902,1332,500,0
124,40,3903,1312,500,0
124,40,3904,1320,500,0
124,40,3905,1291,500,0
124,40,3907,1250,392,0
124,40,3907,1251,392,0
124,40,3907,1251,418,0
124,40,3907,1251,500,0
124,40,3908,1254,418,0
124,40,3909,1254,498,-37
124,40,3909,1259,353,353
124,40,3909,1262,351,351
124,40,3910,1250,351,351
124,40,3910,1250,418,0
124,40,3910,1261,358,343
124,40,3910,1262,351,351
124,40,3910,1262,358,343
124,40,3910,1263,351,351
124,40,3911,1240,358,343
124,40,3911,1241,358,343
124,40,3911,1245,358,343
124,40,3911,1246,358,343
124,40,3911,1247,358,343
124,40,3911,1251,358,343
124,40,3911,1261,358,343
124,40,3911,1289,345,361
124,40,3914,1251,500,0
124,40,3914,1320,500,0
124,40,3915,1233,353,353
124,40,3915,1253,353,353
124,40,3915,1265,345,361
124,40,3916,1244,444,0
124,40,3917,1321,447,0
124,40,3918,1245,471,-24
124,40,3920,1350,361,-345
124,40,3920,1351,361,-345
124,40,3922,1291,447,0
124,40,3923,1347,342,-327
124,40,3923,1352,342,-327
124,40,3925,1315,421,0
124,40,3925,1316,421,0
124,40,3926,1258,383,85
124,40,3926,1262,414,72
124,40,3926,1345,323,-309
124,40,3927,1352,316,-316
124,40,3928,1316,395,-9
124,40,3929,1227,345,361
124,40,3930,1341,342,-327
124,40,3931,1337,348,-187
124,40,3932,1316,369,-8
124,40,3932,1317,369,-18
124,40,3934,1237,500,0
124,40,3935,1316,341,-25
124,40,3935,1316,342,-8
124,40,3935,1320,316,-7
124,40,3935,1343,342,-327
124,40,3936,1315,212,0
124,40,3938,1268,185,0
124,40,3939,1336,279,-279
124,40,3940,1268,264,0
124,40,3941,1376,97,-490
124,40,3945,1231,129,428
124,40,3952,1265,-158,-136
124,40,3956,1255,-140,-221
124,40,3956,1267,46,-22
124,40,3964,1254,-199,-372
124,40,3969,1255,107,-325
124,40,3969,1262,-28,-289
124,40,3972,1239,180,319
124,40,3973,1243,393,38
124,40,3979,1267,-87,-130
124,40,3988,1258,0,78
124,40,3988,1260,0,-104
124,40,3988,1262,86,130
124,94,3895,3045,500,0
124,94,3895,3047,500,-25
124,94,3895,3053,500,0
124,94,3896,3011,500,0
124,94,3896,3012,500,0
124,94,3896,3040,500,0
124,94,3897,3006,496,60
124,94,3897,3007,496,60
124,94,3897,3012,500,0
124,94,3897,3040,500,0
124,94,3898,3012,500,0
124,94,3898,3017,500,0
124,94,3898,3040,500,0
124,94,3898,3044,500,0
124,94,3899,3033,496,-60
124,94,3900,3062,500,0
124,94,3901,3012,500,0
124,94,3902,2982,500,0
124,94,3902,2993,441,236
124,94,3902,3053,494,74
124,94,3903,3003,500,0
124,94,3903,3044,500,0
124,94,3904,3010,418,0
124,94,3904,3043,471,10
124,94,3905,3045,500,0
124,94,3905,3068,500,0
124,94,3905,3072,457,-34
124,94,3905,3075,496,-60
124,94,3906,2980,500,0
124,94,3906,3068,500,0
124,94,3906,3069,418,0
124,94,3906,3071,419,-10
124,94,3906,3072,431,-32
124,94,3906,3072,444,-33
124,94,3907,2994,408,287
124,94,3907,3060,494,74
124,94,3907,3068,392,0
124,94,3907,3068,500,0
124,94,3907,3069,500,0
124,94,3907,3070,392,0
124,94,3907,3070,414,-21
124,94,3907,3072,457,-34
124,94,3907,3075,492,-85
124,94,3908,3003,500,0
124,94,3908,3069,500,0
124,94,3908,3070,416,-31
124,94,3908,3070,418,-21
124,94,3908,3070,418,0
124,94,3908,3071,416,-31
124,94,3908,3073,340,-325
124,94,3908,3076,340,-325
124,94,3908,3077,340,-325
124,94,3908,3078,340,-325
124,94,3908,3079,340,-325
124,94,3908,3080,340,-325
124,94,3908,3081,340,-325
124,94,3908,3082,340,-325
124,94,3908,3083,340,-325
124,94,3908,3084,332,-333
124,94,3908,3084,340,-325
124,94,3909,3031,361,345
124,94,3909,3070,416,-31
124,94,3909,3070,418,-21
124,94,3909,3070,418,0
124,94,3909,3070,438,-32
124,94,3909,3071,418,-21
124,94,3909,3071,418,0
124,94,3909,3072,418,0
124,94,3909,3072,457,-34
124,94,3909,3072,470,-35
124,94,3909,3074,494,-74
124,94,3909,3083,361,-345
124,94,3910,2991,361,345
124,94,3910,2995,361,345
124,94,3910,2997,361,345
124,94,3910,3006,361,345
124,94,3910,3021,345,361
124,94,3910,3026,361,345
124,94,3910,3046,500,-25
124,94,3910,3068,418,0
124,94,3910,3068,497,0
124,94,3910,3069,418,-10
124,94,3910,3069,471,0
124,94,3910,3070,418,-21
124,94,3910,3070,418,0
124,94,3910,3071,418,-21
124,94,3910,3072,483,-36
124,94,3910,3080,343,-359
124,94,3910,3080,358,-344
124,94,3910,3087,343,-359
124,94,3911,3059,358,-344
124,94,3911,3068,418,0
124,94,3911,3069,418,-10
124,94,3911,3070,418,0
124,94,3911,3072,418,0
124,94,3911,3072,470,-35
124,94,3911,3073,351,-351
124,94,3911,3073,485,0
124,94,3911,3074,351,-351
124,94,3911,3075,351,-351
124,94,3911,3076,351,-351
124,94,3911,3077,351,-351
124,94,3911,3078,351,-351
124,94,3911,3080,351,-351
124,94,3912,3069,471,0
124,94,3912,3069,497,0
124,94,3912,3074,492,-85
124,94,3912,3082,335,-371
124,94,3912,3085,391,-261
124,94,3913,2965,361,345
124,94,3913,2970,361,345
124,94,3913,2999,361,345
124,94,3913,3039,345,361
124,94,3913,3040,345,361
124,94,3913,3052,473,-11
124,94,3913,3069,497,0
124,94,3913,3071,444,-10
124,94,3913,3090,353,-353
124,94,3914,2980,500,0
124,94,3914,3071,444,0
124,94,3914,3072,444,-10
124,94,3914,3073,498,-25
124,94,3915,3048,361,-345
124,94,3915,3053,361,-345
124,94,3915,3054,361,-345
124,94,3915,3058,361,-345
124,94,3915,3061,361,-345
124,94,3915,3062,361,-345
124,94,3915,3065,361,-345
124,94,3915,3066,361,-345
124,94,3915,3070,361,-345
124,94,3915,3071,361,-345
124,94,3915,3072,361,-345
124,94,3915,3073,361,-345
124,94,3915,3074,361,-345
124,94,3915,3075,361,-345
124,94,3915,3076,361,-345
124,94,3915,3077,361,-345
124,94,3915,3089,361,-345
124,94,3916,3039,335,371
124,94,3916,3075,335,-371
124,94,3916,3077,444,0
124,94,3916,3079,335,-371
124,94,3916,3086,378,-326
124,94,3916,3087,371,-335
124,94,3918,3036,447,0
124,94,3918,3052,353,-353
124,94,3918,3053,447,-10
124,94,3918,3064,417,-224
124,94,3918,3065,353,-353
124,94,3919,3051,353,-353
124,94,3920,3078,471,0
124,94,3922,3036,447,0
124,94,3922,3044,447,0
124,94,3922,3045,447,0
124,94,3922,3088,361,-345
124,94,3923,3069,369,-198
124,94,3924,3060,408,-102
124,94,3924,3062,424,-140
124,94,3925,3040,421,0
124,94,3925,3067,437,-98
124,94,3925,3081,497,0
124,94,3925,3082,497,0
124,94,3926,3065,385,-171
124,94,3926,3088,345,-361
124,94,3926,3089,345,-361
124,94,3927,3003,395,0
124,94,3927,3044,395,0
124,94,3927,3061,396,-141
124,94,3927,3062,393,-151
124,94,3927,3068,302,0
124,94,3928,3058,385,-86
124,94,3928,3079,323,-309
124,94,3929,3089,345,-361
124,94,3930,3060,378,-114
124,94,3930,3061,368,-142
124,94,3930,3083,500,0
124,94,3932,2964,361,345
124,94,3932,2992,360,62
124,94,3933,3061,341,-141
124,94,3933,3087,361,-345
124,94,3935,3085,500,0
124,94,3936,3046,107,0
124,94,3936,3086,335,-371
124,94,3936,3089,286,-21
124,94,3938,3085,500,0
124,94,3939,2955,345,361
124,94,3939,2956,345,361
124,94,3940,3054,185,0
124,94,3940,3084,361,-345
124,94,3940,3092,361,-345
124,94,3941,3090,179,-466
124,94,3942,2968,198,371
124,94,3942,3053,106,-13
124,94,3943,2958,132,482
124,94,3943,3086,160,-417
124,94,3943,3091,158,-446
124,94,3944,3058,-232,283
124,94,3944,3091,148,-450
124,94,3945,3088,136,-453
124,94,3946,2977,168,298
124,94,3946,3058,-315,-31
124,94,3946,3070,248,-372
124,94,3946,3073,248,-372
124,94,3946,3081,141,-396
124,94,3947,3082,121,-403
124,94,3948,2970,114,378
124,94,3948,3081,121,-403
124,94,3949,2975,114,322
124,94,3949,3053,-242,100
124,94,3949,3059,-317,131
124,94,3949,3078,104,-381
124,94,3949,3085,353,-353
124,94,3950,3051,-275,-27
124,94,3950,3053,-189,139
124,94,3952,3045,210,112
124,94,3952,3053,-195,75
124,94,3952,3058,242,-100
124,94,3953,3052,-155,23
124,94,3953,3052,279,240
124,94,3953,3056,-90,217
124,94,3954,3053,-154,-30
124,94,3954,3056,-90,217
124,94,3955,3051,-208,-20
124,94,3956,2953,0,209
124,94,3956,2953,0,212
124,94,3956,2954,0,238
124,94,3956,3052,-234,-23
124,94,3956,3052,0,52
124,94,3956,3056,275,-203
124,94,3956,3063,16,-20
124,94,3956,3066,5,-25
124,94,3956,3068,0,-26
124,94,3956,3070,0,-26
124,94,3956,3104,0,-500
124,94,3957,3060,-8,342
124,94,3958,3053,65,170
124,94,3958,3055,71,199
124,94,3958,3058,-12,238
124,94,3958,3060,0,314
124,94,3959,2957,6,290
124,94,3959,3053,71,171
124,94,3959,3054,-104,-5
124,94,3959,3060,-23,12
124,94,3959,3060,-21,286
124,94,3959,3060,-14,21
124,94,3959,3060,0,0
124,94,3960,3052,226,136
124,94,3960,3054,61,172
124,94,3960,3060,-187,100
124,94,3960,3060,-141,223
124,94,3960,3060,-26,0
124,94,3960,3060,-14,21
124,94,3960,3060,0,0
124,94,3961,3053,110,115
124,94,3961,3053,115,110
124,94,3961,3054,52,175
124,94,3961,3056,-15,208
124,94,3961,3060,-210,112
124,94,3961,3060,-141,66
124,94,3961,3060,-23,-12
124,94,3961,3060,-12,-23
124,94,3961,3065,-227,322
124,94,3962,3052,110,110
124,94,3962,3054,149,249
124,94,3962,3054,242,242
124,94,3962,3054,266,255
124,94,3962,3055,60,200
124,94,3962,3059,-41,340
124,94,3962,3060,-54,444
124,94,3962,3060,-46,62
124,94,3962,3060,-45,64
124,94,3962,3060,-23,-12
124,94,3962,3060,-14,21
124,94,3962,3060,0,0
124,94,3962,3064,139,220
124,94,3963,3052,176,57
124,94,3963,3057,106,353
124,94,3963,3057,128,289
124,94,3963,3060,-71,31
124,94,3963,3060,-26,-1
124,94,3963,3060,-26,0
124,94,3963,3060,-23,-12
124,94,3963,3060,-23,11
124,94,3963,3060,-22,-13
124,94,3963,3060,-15,21
124,94,3963,3060,-11,77
124,94,3963,3060,-7,51
124,94,3963,3060,-6,51
124,94,3963,3060,0,0
124,94,3963,3060,18,48
124,94,3963,3078,411,92
124,94,3964,3052,105,116
124,94,3964,3060,-162,208
124,94,3964,3060,-48,61
124,94,3964,3060,-26,-1
124,94,3964,3060,-26,1
124,94,3964,3060,-22,-14
124,94,3964,3060,-11,77
124,94,3964,3060,428,129
124,94,3965,3053,146,153
124,94,3965,3058,-45,260
124,94,3965,3060,-54,311
124,94,3965,3060,-26,-1
124,94,3966,3055,63,229
124,94,3966,3065,202,-121
124,94,3969,3056,-26,263
124,94,3971,3058,0,289
124,94,3971,3060,0,0
124,94,3973,3062,80,360
124,94,3975,3053,25,-128
124,94,3981,3061,181,-258
124,94,3984,3058,151,-216
124,94,3984,3064,115,-350
124,94,3985,3062,83,-278
124,94,3988,3053,37,-125
124,94,3988,3054,90,-94
124,94,3988,3057,5,-25
124,94,3988,3083,-122,-203
124,94,3988,3092,0,-500
124,94,3996,2958,0,447
124,94,3996,3083,-75,-248
124,94,4020,2962,0,447
124,94,4028,2962,0,447
124,94,4032,2958,0,447
124,96,3896,3069,500,0
124,96,3896,3070,500,0
124,96,3896,3073,405,-30
124,96,3896,3074,417,-31
124,96,3896,3093,442,32
124,96,3897,3072,361,-18
124,96,3897,3073,405,-30
124,96,3897,3074,417,-31
124,96,3897,3115,421,0
124,96,3898,3069,500,0
124,96,3899,3069,340,0
124,96,3899,3070,340,0
124,96,3899,3070,361,0
124,96,3899,3071,340,0
124,96,3899,3072,340,0
124,96,3899,3073,340,0
124,96,3899,3074,340,0
124,96,3899,3075,340,0
124,96,3899,3076,340,0
124,96,3899,3077,340,0
124,96,3899,3078,340,0
124,96,3899,3079,340,0
124,96,3899,3080,340,0
124,96,3899,3081,340,0
124,96,3899,3082,340,0
124,96,3899,3083,340,0
124,96,3899,3084,340,0
124,96,3899,3085,340,0
124,96,3899,3086,340,0
124,96,3899,3087,340,0
124,96,3899,3088,340,0
124,96,3899,3089,340,0
124,96,3899,3090,340,0
124,96,3899,3091,340,0
124,96,3899,3092,340,0
124,96,3899,3093,340,0
124,96,3899,3094,340,0
124,96,3899,3095,340,0
124,96,3899,3096,340,0
124,96,3899,3097,340,0
124,96,3899,3098,340,0
124,96,3899,3099,340,0
124,96,3899,3100,340,0
124,96,3899,3101,340,0
124,96,3899,3102,340,0
124,96,3899,3103,340,0
124,96,3899,3104,340,0
124,96,3899,3105,340,0
124,96,3899,3106,340,0
124,96,3899,3107,340,0
124,96,3899,3108,340,0
124,96,3899,3108,361,0
124,96,3899,3109,340,0
124,96,3899,3110,340,0
124,96,3899,3111,340,0
124,96,3899,3112,340,0
124,96,3899,3113,340,0
124,96,3899,3114,340,0
124,96,3899,3115,340,0
124,96,3899,3115,369,0
124,96,3899,3116,369,0
124,96,3900,3069,366,0
124,96,3900,3070,366,0
124,96,3900,3071,366,-8
124,96,3900,3071,366,0
124,96,3900,3072,366,0
124,96,3900,3115,395,0
124,96,3900,3115,421,0
124,96,3900,3118,366,0
124,96,3901,3069,366,0
124,96,3901,3070,366,-8
124,96,3901,3070,366,0
124,96,3901,3071,366,-8
124,96,3901,3071,366,0
124,96,3901,3072,366,0
124,96,3901,3073,366,0
124,96,3901,3108,392,0
124,96,3901,3118,366,0
124,96,3902,3069,366,0
124,96,3902,3070,366,-8
124,96,3902,3073,419,-10
124,96,3902,3108,366,0
124,96,3902,3113,366,0
124,96,3903,3069,366,0
124,96,3903,3069,418,0
124,96,3903,3069,444,0
124,96,3903,3070,366,-8
124,96,3903,3071,364,-27
124,96,3903,3076,366,0
124,96,3903,3094,366,0
124,96,3903,3103,366,0
124,96,3903,3108,387,0
124,96,3903,3109,366,0
124,96,3903,3115,366,0
124,96,3903,3125,366,0
124,96,3903,3127,366,0
124,96,3903,3127,500,0
124,96,3903,3128,366,0
124,96,3904,3045,500,0
124,96,3904,3060,470,167
124,96,3904,3071,392,-9
124,96,3904,3115,447,0
124,96,3904,3118,392,0
124,96,3905,3046,500,-11
124,96,3905,3046,500,0
124,96,3905,3070,392,0
124,96,3906,3126,392,0
124,96,3906,3127,392,0
124,96,3906,3128,392,0
124,96,3907,3067,496,60
124,96,3907,3108,414,0
124,96,3907,3115,392,0
124,96,3907,3125,392,0
124,96,3907,3127,392,0
124,96,3907,3128,392,0
124,96,3907,3130,392,0
124,96,3907,3131,392,0
124,96,3907,3133,392,0
124,96,3908,3140,353,-353
124,96,3908,3140,361,-345
124,96,3910,3127,361,-345
124,96,3910,3131,418,0
124,96,3910,3132,418,0
124,96,3911,3112,418,0
124,96,3911,3133,392,0
124,96,3911,3135,418,0
124,96,3911,3136,353,-353
124,96,3911,3136,418,0
124,96,3911,3137,418,0
124,96,3913,3068,500,11
124,96,3913,3069,500,0
124,96,3914,3101,432,-192
124,96,3915,3034,326,378
124,96,3915,3112,361,-345
124,96,3915,3113,361,-345
124,96,3915,3114,361,-345
124,96,3915,3115,361,-345
124,96,3915,3118,361,-345
124,96,3915,3120,361,-345
124,96,3915,3122,361,-345
124,96,3915,3125,361,-345
124,96,3915,3128,361,-345
124,96,3915,3130,361,-345
124,96,3915,3133,353,-353
124,96,3915,3133,361,-345
124,96,3915,3135,335,-371
124,96,3916,3104,444,0
124,96,3916,3105,444,0
124,96,3916,3106,444,0
124,96,3916,3107,444,0
124,96,3916,3108,444,0
124,96,3916,3110,444,0
124,96,3916,3111,444,0
124,96,3916,3112,444,0
124,96,3916,3113,444,0
124,96,3916,3114,444,0
124,96,3916,3139,444,0
124,96,3916,3140,444,0
124,96,3918,3069,473,0
124,96,3920,3143,471,0
124,96,3922,3086,428,-129
124,96,3923,3050,431,118
124,96,3924,3144,471,0
124,96,3925,3108,444,0
124,96,3925,3144,497,0
124,96,3925,3145,497,0
124,96,3926,3069,421,0
124,96,3927,3069,395,0
124,96,3929,3104,418,0
124,96,3929,3115,418,0
124,96,3930,3140,500,0
124,96,3930,3147,500,0
124,96,3932,3028,361,345
124,96,3932,3069,369,0
124,96,3935,3129,458,-114
124,96,3935,3149,500,0
124,96,3937,3072,197,0
124,96,3938,3107,115,-141
124,96,3938,3149,500,0
124,96,3939,3071,130,0
124,96,3939,3080,248,88
124,96,3940,3071,104,0
124,96,3940,3166,236,-441
124,96,3943,3132,-361,-160
124,96,3946,3027,139,424
124,96,3946,3148,139,-425
124,96,3948,3130,240,240
124,96,3950,3142,98,-356
124,96,3951,3131,300,90
124,96,3952,3118,-158,136
124,96,3953,3062,-174,-116
124,96,3953,3115,184,98
124,96,3953,3116,-260,-25
124,96,3953,3116,195,75
124,96,3953,3118,-70,169
124,96,3953,3122,153,-307
124,96,3954,3031,38,393
124,96,3954,3115,-182,17
124,96,3954,3116,-121,99
124,96,3954,3118,-157,3
124,96,3955,3116,-121,99
124,96,3955,3120,389,-161
124,96,3956,3022,0,447
124,96,3956,3026,0,340
124,96,3956,3057,0,-183
124,96,3956,3058,0,-183
124,96,3956,3059,0,-130
124,96,3956,3125,0,-238
124,96,3956,3126,23,-10
124,96,3956,3128,16,-20
124,96,3956,3128,257,-129
124,96,3956,3129,16,-20
124,96,3956,3130,4,-25
124,96,3956,3131,195,152
124,96,3956,3134,0,-26
124,96,3956,3136,0,-26
124,96,3956,3138,0,-26
124,96,3957,3054,111,-208
124,96,3957,3056,74,-138
124,96,3957,3057,74,-138
124,96,3957,3058,0,-78
124,96,3957,3058,74,-138
124,96,3957,3059,24,-46
124,96,3957,3120,-5,235
124,96,3957,3124,-216,122
124,96,3957,3124,-8,366
124,96,3958,3055,152,-101
124,96,3958,3116,253,135
124,96,3958,3117,116,173
124,96,3958,3119,20,208
124,96,3958,3123,-13,261
124,96,3958,3123,38,391
124,96,3958,3124,-14,287
124,96,3958,3124,43,445
124,96,3959,3124,-154,242
124,96,3959,3124,-26,0
124,96,3959,3124,0,0
124,96,3960,3118,173,260
124,96,3960,3122,33,338
124,96,3960,3124,-29,391
124,96,3960,3124,-27,364
124,96,3960,3124,-23,12
124,96,3960,3124,0,0
124,96,3961,3124,-58,86
124,96,3962,3124,-46,62
124,96,3963,3124,-22,-13
124,96,3964,3118,44,177
124,96,3964,3124,26,1
124,96,3964,3132,173,-116
124,96,3965,3124,-26,-1
124,96,3967,3116,105,116
124,96,3967,3124,419,-31
124,96,3968,3124,-15,76
124,96,3969,3117,15,103
124,96,3971,3117,141,115
124,96,3972,3117,-15,103
124,96,3980,3051,25,5
124,96,3984,3051,-112,-71
124,96,3986,3056,83,132
124,96,3988,3051,-24,9
124,96,3988,3059,115,-62
124,96,3988,3119,21,14
124,96,3988,3119,32,-40
124,96,3988,3119,90,-94
124,96,3988,3119,103,10
124,98,3895,3171,447,0
124,98,3896,3171,500,0
124,98,3897,3171,366,0
124,98,3897,3171,500,0
124,98,3897,3174,500,-25
124,98,3898,3127,500,0
124,98,3898,3128,500,0
124,98,3898,3159,500,0
124,98,3898,3160,500,0
124,98,3898,3164,500,0
124,98,3898,3171,500,0
124,98,3899,3124,340,0
124,98,3899,3125,340,0
124,98,3899,3126,340,0
124,98,3899,3127,340,0
124,98,3899,3128,340,0
124,98,3899,3129,340,0
124,98,3899,3130,340,0
124,98,3899,3131,340,0
124,98,3899,3132,340,0
124,98,3899,3133,340,0
124,98,3899,3134,340,0
124,98,3899,3135,340,0
124,98,3899,3136,340,0
124,98,3899,3137,340,0
124,98,3899,3138,340,0
124,98,3899,3139,340,0
124,98,3899,3140,340,0
124,98,3899,3141,340,0
124,98,3899,3142,340,0
124,98,3899,3143,340,0
124,98,3899,3144,340,0
124,98,3899,3145,340,0
124,98,3899,3146,340,0
124,98,3899,3147,340,0
124,98,3899,3148,340,0
124,98,3899,3149,340,0
124,98,3899,3150,340,0
124,98,3899,3151,340,0
124,98,3899,3152,340,0
124,98,3899,3153,340,0
124,98,3899,3154,340,0
124,98,3899,3155,340,0
124,98,3899,3156,340,0
124,98,3899,3157,340,0
124,98,3899,3158,340,0
124,98,3899,3159,340,0
124,98,3899,3160,340,0
124,98,3899,3161,340,0
124,98,3899,3162,340,0
124,98,3899,3163,340,0
124,98,3899,3164,340,0
124,98,3899,3165,340,0
124,98,3899,3166,340,0
124,98,3899,3167,340,0
124,98,3899,3168,340,0
124,98,3899,3169,340,0
124,98,3899,3170,340,0
124,98,3899,3171,340,0
124,98,3899,3171,366,0
124,98,3899,3171,392,0
124,98,3899,3171,447,0
124,98,3899,3173,366,-18
124,98,3899,3174,366,-18
124,98,3899,3182,482,-132
124,98,3899,3183,482,-132
124,98,3900,3153,442,32
124,98,3900,3164,340,0
124,98,3900,3166,366,-8
124,98,3900,3167,366,-18
124,98,3900,3168,471,-46
124,98,3900,3171,340,0
124,98,3900,3171,473,0
124,98,3900,3173,366,-8
124,98,3900,3173,366,0
124,98,3901,3168,366,0
124,98,3901,3169,366,0
124,98,3901,3169,366,8
124,98,3901,3171,418,0
124,98,3902,3160,366,0
124,98,3902,3169,366,0
124,98,3902,3169,366,8
124,98,3902,3171,418,0
124,98,3903,3115,366,0
124,98,3903,3115,395,0
124,98,3903,3115,500,0
124,98,3903,3131,366,0
124,98,3903,3132,366,0
124,98,3903,3136,366,0
124,98,3903,3139,366,0
124,98,3903,3152,366,0
124,98,3903,3164,366,0
124,98,3903,3168,364,-35
124,98,3903,3171,366,0
124,98,3903,3171,473,0
124,98,3903,3171,500,0
124,98,3904,3117,392,-20
124,98,3904,3117,392,-9
124,98,3904,3118,392,0
124,98,3904,3171,471,0
124,98,3904,3173,392,0
124,98,3904,3181,482,-132
124,98,3904,3182,482,-132
124,98,3905,3117,392,-20
124,98,3905,3117,392,-9
124,98,3905,3168,392,0
124,98,3905,3169,392,8
124,98,3905,3171,500,0
124,98,3906,3169,392,0
124,98,3906,3169,392,8
124,98,3906,3171,500,0
124,98,3907,3171,500,0
124,98,3907,3173,416,-31
124,98,3908,3102,332,332
124,98,3908,3173,418,-21
124,98,3909,3171,497,0
124,98,3910,3102,361,345
124,98,3910,3103,361,345
124,98,3910,3104,351,351
124,98,3911,3103,345,361
124,98,3911,3103,361,345
124,98,3911,3104,353,353
124,98,3911,3104,361,345
124,98,3911,3108,418,0
124,98,3911,3171,418,0
124,98,3912,3171,444,0
124,98,3915,3091,361,345
124,98,3916,3115,444,0
124,98,3916,3168,444,0
124,98,3916,3169,444,0
124,98,3916,3170,444,0
124,98,3916,3171,444,0
124,98,3917,3136,287,0
124,98,3918,3086,353,353
124,98,3918,3171,447,0
124,98,3925,3171,421,0
124,98,3928,3168,392,0
124,98,3928,3169,340,0
124,98,3929,3168,418,0
124,98,3929,3169,392,0
124,98,3929,3170,418,0
124,98,3929,3171,418,0
124,98,3932,3107,500,25
124,98,3935,3133,255,63
124,98,3935,3138,261,0
124,98,3937,3131,171,164
124,98,3937,3177,234,-17
124,98,3939,3169,104,0
124,98,3939,3169,130,0
124,98,3940,3126,104,0
124,98,3940,3132,50,-11
124,98,3940,3168,104,0
124,98,3940,3169,104,0
124,98,3940,3170,104,0
124,98,3948,3109,-266,110
124,98,3948,3205,142,-283
124,98,3949,3124,-315,-130
124,98,3950,3120,-183,-223
124,98,3953,3119,-316,-386
124,98,3953,3121,-176,-53
124,98,3953,3122,-172,-66
124,98,3953,3182,-70,169
124,98,3953,3184,-90,217
124,98,3954,3178,-200,39
124,98,3954,3180,-121,99
124,98,3955,3161,-86,-162
124,98,3955,3180,-121,99
124,98,3956,3072,0,500
124,98,3956,3094,0,104
124,98,3956,3106,0,238
124,98,3956,3113,-116,-206
124,98,3956,3122,0,-262
124,98,3956,3123,46,-25
124,98,3956,3187,0,157
124,98,3956,3190,23,-10
124,98,3956,3191,16,-20
124,98,3957,3120,74,-138
124,98,3957,3121,61,-115
124,98,3957,3121,74,-138
124,98,3957,3122,74,-138
124,98,3958,3115,60,-496
124,98,3958,3115,173,-93
124,98,3958,3116,-12,-235
124,98,3958,3121,28,-289
124,98,3958,3123,23,-12
124,98,3958,3183,33,341
124,98,3958,3188,0,0
124,98,3959,3116,126,31
124,98,3959,3118,152,-101
124,98,3959,3118,217,-145
124,98,3959,3120,15,-157
124,98,3959,3123,233,-350
124,98,3959,3184,-15,208
124,98,3960,3115,-26,0
124,98,3960,3115,0,0
124,98,3960,3116,-60,-146
124,98,3960,3119,175,-263
124,98,3960,3122,-130,86
124,98,3961,3123,23,-12
124,98,3962,3115,-57,-470
124,98,3962,3115,-26,-2
124,98,3962,3115,-22,13
124,98,3962,3115,0,0
124,98,3962,3116,-25,-5
124,98,3962,3116,0,0
124,98,3962,3116,43,-446
124,98,3962,3116,225,67
124,98,3963,3122,348,-187
124,98,3964,3116,-95,-247
124,98,3964,3183,104,-5
124,98,3988,3115,0,0
124,98,3988,3118,19,16
124,98,3988,3122,70,37
124,100,3898,3204,500,0
124,100,3902,3176,500,0
124,100,3902,3187,498,-48
124,100,3903,3176,500,0
124,100,3905,3171,500,0
124,100,3906,3170,392,0
124,100,3906,3171,500,0
124,100,3907,3170,392,0
124,100,3907,3171,392,0
124,100,3907,3171,418,0
124,100,3907,3171,444,0
124,100,3907,3172,414,0
124,100,3907,3174,418,0
124,100,3908,3157,332,332
124,100,3908,3158,382,169
124,100,3908,3171,392,0
124,100,3908,3171,418,0
124,100,3908,3171,444,0
124,100,3908,3171,471,0
124,100,3908,3171,500,0
124,100,3908,3172,414,0
124,100,3908,3172,418,0
124,100,3908,3172,500,0
124,100,3908,3173,332,332
124,100,3908,3173,418,0
124,100,3908,3174,418,0
124,100,3909,3169,418,21
124,100,3910,3154,387,218
124,100,3910,3169,418,21
124,100,3910,3170,418,0
124,100,3910,3170,418,21
124,100,3910,3171,471,0
124,100,3910,3172,418,0
124,100,3910,3173,444,-22
124,100,3911,3157,392,210
124,100,3911,3159,358,343
124,100,3911,3160,358,343
124,100,3911,3161,358,343
124,100,3911,3162,358,343
124,100,3911,3163,358,343
124,100,3911,3164,358,343
124,100,3911,3165,358,343
124,100,3911,3166,358,343
124,100,3911,3167,358,343
124,100,3911,3168,358,343
124,100,3911,3168,418,0
124,100,3911,3169,358,343
124,100,3911,3169,418,0
124,100,3911,3170,358,343
124,100,3911,3170,418,0
124,100,3911,3171,358,343
124,100,3911,3171,418,0
124,100,3911,3172,358,343
124,100,3911,3173,358,343
124,100,3911,3174,358,343
124,100,3911,3175,358,343
124,100,3911,3176,358,343
124,100,3911,3177,358,343
124,100,3911,3178,358,343
124,100,3911,3179,358,343
124,100,3911,3180,358,343
124,100,3911,3181,358,343
124,100,3911,3182,358,343
124,100,3911,3183,358,343
124,100,3911,3184,358,343
124,100,3911,3185,358,343
124,100,3911,3187,358,343
124,100,3911,3188,358,343
124,100,3912,3152,384,270
124,100,3913,3153,361,345
124,100,3913,3154,353,353
124,100,3913,3168,444,-10
124,100,3913,3168,444,10
124,100,3914,3168,444,0
124,100,3914,3168,444,10
124,100,3914,3171,500,0
124,100,3915,3153,353,353
124,100,3915,3153,400,294
124,100,3915,3169,444,0
124,100,3915,3175,353,353
124,100,3915,3179,353,353
124,100,3915,3185,353,353
124,100,3916,3163,444,0
124,100,3916,3164,444,0
124,100,3916,3165,444,0
124,100,3918,3166,471,-24
124,100,3920,3160,471,0
124,100,3920,3161,471,0
124,100,3920,3162,471,0
124,100,3920,3193,488,109
124,100,3923,3160,500,0
124,100,3925,3159,497,0
124,100,3927,3182,387,76
124,100,3929,3148,345,361
124,100,3929,3150,345,361
124,100,3930,3151,281,381
124,100,3930,3156,500,0
124,100,3930,3157,500,0
124,100,3932,3181,355,98
124,100,3935,3155,500,0
124,100,3935,3166,500,0
124,100,3935,3196,316,0
124,100,3936,3196,216,226
124,100,3939,3155,494,-74
124,100,3939,3221,211,-395
124,100,3940,3221,200,-400
124,100,3944,3157,417,223
124,100,3944,3158,417,223
124,100,3945,3151,129,428
124,100,3946,3132,121,484
124,100,3946,3156,131,400
124,100,3947,3159,131,400
124,100,3947,3173,136,158
124,100,3947,3176,185,0
124,100,3948,3162,114,378
124,100,3949,3126,74,494
124,100,3949,3151,74,332
124,100,3949,3164,106,353
124,100,3949,3184,-280,-116
124,100,3950,3167,98,328
124,100,3950,3184,-149,-182
124,100,3952,3159,74,332
124,100,3953,3177,81,0
124,100,3953,3181,408,181
124,100,3955,3184,396,141
124,100,3955,3207,-86,-162
124,100,3956,3127,0,418
124,100,3956,3127,0,500
124,100,3956,3128,0,500
124,100,3956,3136,0,500
124,100,3956,3153,395,0
124,100,3956,3164,0,369
124,100,3956,3169,0,26
124,100,3956,3170,0,26
124,100,3956,3170,0,238
124,100,3956,3176,19,16
124,100,3956,3180,-14,-287
124,100,3956,3184,-20,-208
124,100,3956,3185,344,194
124,100,3956,3187,-2,-52
124,100,3956,3187,46,-22
124,100,3957,3184,74,-138
124,100,3958,3180,182,50
124,100,3958,3181,-12,-235
124,100,3958,3184,148,-278
124,100,3958,3187,57,-87
124,100,3958,3187,121,-99
124,100,3959,3179,-26,0
124,100,3959,3179,-24,9
124,100,3959,3179,-23,11
124,100,3959,3180,-19,-260
124,100,3959,3180,221,-16
124,100,3959,3180,223,11
124,100,3959,3181,152,-101
124,100,3959,3182,152,-101
124,100,3959,3182,419,31
124,100,3959,3183,-15,-208
124,100,3959,3183,152,-101
124,100,3959,3186,314,38
124,100,3959,3187,5,-25
124,100,3960,3179,-164,-82
124,100,3960,3179,48,-498
124,100,3960,3180,-112,-176
124,100,3960,3181,254,-188
124,100,3960,3182,6,-290
124,100,3960,3187,23,-12
124,100,3960,3187,130,-26
124,100,3961,3179,-46,-472
124,100,3961,3180,-26,-263
124,100,3961,3180,10,-447
124,100,3961,3184,156,-212
124,100,3961,3186,198,-132
124,100,3961,3187,298,-106
124,100,3962,3179,-23,12
124,100,3962,3180,151,41
124,100,3962,3184,172,-233
124,100,3962,3185,163,-134
124,100,3962,3186,157,-142
124,100,3962,3186,294,-176
124,100,3963,3179,-130,0
124,100,3963,3179,-23,12
124,100,3963,3180,0,157
124,100,3963,3181,-28,-236
124,100,3964,3179,-98,-37
124,100,3964,3181,274,-353
124,100,3965,3179,-167,-74
124,100,3965,3179,-26,2
124,100,3965,3179,-22,13
124,100,3965,3183,234,-318
124,100,3966,3179,-21,14
124,100,3966,3179,0,-130
124,100,3966,3182,-62,115
124,100,3966,3182,0,183
124,100,3966,3182,198,-372
124,100,3967,3182,226,62
124,100,3967,3184,-18,-185
124,100,3968,3179,-172,-61
124,100,3968,3182,-28,-289
124,100,3969,3179,23,11
124,100,3969,3179,389,-220
124,100,3969,3185,35,-179
124,100,3971,3184,307,68
124,100,3971,3187,75,22
124,100,3972,3175,107,-325
124,100,3972,3186,141,-116
124,100,3973,3179,121,-293
124,100,3973,3187,138,-74
124,100,3980,3180,189,180
124,100,3986,3182,115,-62
124,100,3988,3179,25,-3
124,100,3988,3182,18,48
124,100,3988,3182,149,-105
124,100,3988,3183,56,146
124,100,4021,3296,361,-345
124,100,4025,3294,361,-345
124,100,4032,3179,-75,106
124,101,3897,3236,500,0
124,101,3898,3232,500,0
124,101,3898,3235,500,0
124,101,3904,3207,402,296
124,101,3905,3210,408,287
124,101,3905,3211,416,277
124,101,3905,3255,419,-41
124,101,3906,3207,402,296
124,101,3906,3208,394,306
124,101,3906,3209,402,296
124,101,3906,3245,484,121
124,101,3906,3255,494,-74
124,101,3907,3204,386,316
124,101,3907,3247,492,85
124,101,3908,3187,332,332
124,101,3908,3192,332,332
124,101,3908,3193,332,332
124,101,3908,3204,500,0
124,101,3908,3205,368,333
124,101,3908,3208,386,316
124,101,3908,3215,361,345
124,101,3908,3254,482,-132
124,101,3908,3261,447,-224
124,101,3909,3197,353,353
124,101,3909,3199,351,351
124,101,3909,3203,351,351
124,101,3909,3205,358,343
124,101,3909,3205,368,333
124,101,3909,3206,358,343
124,101,3909,3257,474,-156
124,101,3910,3191,358,343
124,101,3910,3199,343,358
124,101,3910,3199,358,343
124,101,3910,3199,371,335
124,101,3910,3200,343,358
124,101,3910,3202,343,358
124,101,3910,3204,353,353
124,101,3910,3205,351,351
124,101,3910,3205,358,343
124,101,3910,3206,358,343
124,101,3910,3212,345,361
124,101,3910,3217,345,361
124,101,3910,3264,371,-335
124,101,3911,3190,358,343
124,101,3911,3191,351,351
124,101,3911,3191,358,343
124,101,3911,3192,358,343
124,101,3911,3193,358,343
124,101,3911,3194,358,343
124,101,3911,3195,358,343
124,101,3911,3196,358,343
124,101,3911,3197,358,343
124,101,3911,3198,351,351
124,101,3911,3198,358,343
124,101,3911,3199,351,351
124,101,3911,3199,358,343
124,101,3911,3200,358,343
124,101,3911,3201,358,343
124,101,3911,3202,358,343
124,101,3911,3203,358,343
124,101,3911,3205,351,351
124,101,3911,3205,358,343
124,101,3911,3205,361,345
124,101,3911,3209,353,353
124,101,3911,3213,353,353
124,101,3911,3264,361,-345
124,101,3911,3265,361,-345
124,101,3912,3209,353,353
124,101,3913,3185,353,353
124,101,3913,3200,316,386
124,101,3913,3203,345,361
124,101,3913,3217,361,345
124,101,3913,3223,345,361
124,101,3913,3223,361,345
124,101,3913,3231,471,35
124,101,3914,3211,353,353
124,101,3914,3267,287,-408
124,101,3915,3198,353,353
124,101,3915,3235,335,371
124,101,3915,3265,361,-345
124,101,3917,3196,500,0
124,101,3917,3243,437,97
124,101,3918,3204,353,353
124,101,3919,3264,203,-457
124,101,3921,3201,500,0
124,101,3921,3228,345,361
124,101,3923,3259,179,-466
124,101,3924,3169,345,361
124,101,3924,3259,0,-500
124,101,3924,3259,156,-474
124,101,3924,3260,0,-500
124,101,3924,3261,0,-500
124,101,3924,3262,37,-498
124,101,3925,3241,421,0
124,101,3927,3236,395,0
124,101,3928,3210,500,0
124,101,3928,3228,393,38
124,101,3930,3220,325,340
124,101,3934,3172,353,353
124,101,3935,3222,273,285
124,101,3935,3226,213,223
124,101,3935,3226,223,213
124,101,3936,3208,250,339
124,101,3936,3214,361,345
124,101,3937,3212,-92,464
124,101,3937,3215,-97,490
124,101,3937,3220,136,453
124,101,3937,3229,177,196
124,101,3937,3239,185,17
124,101,3938,3229,189,180
124,101,3938,3230,132,126
124,101,3938,3230,172,190
124,101,3939,3178,277,416
124,101,3939,3215,316,386
124,101,3939,3231,153,178
124,101,3940,3188,361,345
124,101,3940,3191,287,408
124,101,3940,3207,361,345
124,101,3940,3212,-299,365
124,101,3940,3221,220,389
124,101,3940,3231,75,72
124,101,3940,3231,153,178
124,101,3940,3231,166,159
124,101,3940,3231,171,164
124,101,3941,3210,-414,171
124,101,3941,3214,181,438
124,101,3941,3218,-87,437
124,101,3941,3221,-87,437
124,101,3941,3232,35,69
124,101,3942,3168,306,394
124,101,3942,3210,-265,323
124,101,3942,3211,158,445
124,101,3942,3212,-266,324
124,101,3942,3212,326,378
124,101,3942,3217,-266,324
124,101,3942,3218,-266,324
124,101,3942,3224,121,401
124,101,3943,3214,-248,303
124,101,3943,3216,160,417
124,101,3943,3219,171,414
124,101,3944,3211,136,453
124,101,3944,3214,148,449
124,101,3944,3216,139,424
124,101,3944,3218,150,421
124,101,3944,3219,150,421
124,101,3944,3219,159,415
124,101,3944,3222,171,385
124,101,3945,3193,332,332
124,101,3945,3209,125,457
124,101,3945,3214,136,453
124,101,3945,3216,-364,150
124,101,3945,3218,150,421
124,101,3946,3163,121,484
124,101,3946,3205,139,424
124,101,3946,3218,129,428
124,101,3946,3229,156,331
124,101,3947,3161,121,484
124,101,3947,3162,121,484
124,101,3947,3163,121,484
124,101,3947,3164,121,484
124,101,3947,3210,262,394
124,101,3947,3215,108,433
124,101,3947,3219,-56,282
124,101,3947,3220,121,403
124,101,3947,3221,-61,307
124,101,3947,3221,121,403
124,101,3947,3225,123,375
124,101,3948,3165,121,484
124,101,3948,3194,101,408
124,101,3948,3195,101,408
124,101,3948,3199,-48,498
124,101,3948,3204,101,408
124,101,3948,3209,55,282
124,101,3948,3209,101,408
124,101,3948,3211,101,408
124,101,3948,3213,101,408
124,101,3948,3217,-165,202
124,101,3948,3218,-165,202
124,101,3948,3219,-56,282
124,101,3948,3220,121,403
124,101,3948,3221,75,303
124,101,3949,3162,109,488
124,101,3949,3212,92,464
124,101,3949,3217,-218,89
124,101,3950,3216,-218,89
124,101,3950,3217,-218,89
124,101,3951,3163,71,412
124,101,3952,3160,109,488
124,101,3952,3204,30,315
124,101,3952,3207,-239,-159
124,101,3952,3217,-208,-20
124,101,3954,3214,-152,-101
124,101,3955,3168,109,488
124,101,3955,3169,121,484
124,101,3956,3160,0,500
124,101,3956,3163,0,500
124,101,3956,3168,0,500
124,101,3956,3168,60,496
124,101,3956,3189,0,421
124,101,3956,3193,0,104
124,101,3956,3197,0,209
124,101,3956,3206,23,10
124,101,3956,3210,26,0
124,101,3956,3213,0,-289
124,101,3956,3214,0,-289
124,101,3956,3215,0,-289
124,101,3956,3216,346,-185
124,101,3956,3217,0,-157
124,101,3956,3217,0,-104
124,101,3956,3218,0,-261
124,101,3956,3218,0,-104
124,101,3956,3219,0,-52
124,101,3959,3188,-14,287
124,101,3961,3209,198,-372
124,101,3962,3211,-16,-316
124,101,3963,3210,190,-404
124,101,3965,3219,-103,30
124,101,3970,3172,296,402
124,101,3988,3179,224,447
124,101,3988,3186,0,447
124,101,3988,3195,0,369
124,101,3991,3211,-1,-26
124,101,3998,3320,361,-345
124,101,3999,3322,316,-386
124,101,4006,3325,146,-447
124,101,4011,3307,183,0
124,101,4011,3307,211,-421
124,101,4015,3312,-54,-444
124,101,4047,3302,-58,-391
125,35,3946,1148,366,0
125,35,3949,1116,199,397
125,35,3950,1148,447,0
125,35,3954,1133,447,0
125,35,3954,1147,447,0
125,35,3954,1148,447,0
125,35,3954,1149,447,0
125,35,3954,1152,447,0
125,35,3954,1163,447,0
125,35,3955,1160,358,-309
125,35,3957,1145,419,31
125,35,3957,1146,421,21
125,35,3958,1148,421,0
125,35,3959,1149,395,0
125,35,3959,1157,339,-292
125,35,3960,1132,395,-9
125,35,3960,1159,393,38
125,35,3962,1149,395,0
125,35,3963,1148,350,-233
125,35,3964,1149,369,0
125,35,3964,1161,283,-346
125,35,3965,1147,328,-219
125,35,3965,1162,265,-360
125,35,3970,1131,238,0
125,35,3970,1172,425,128
125,35,3972,1197,361,-345
125,35,3980,1162,256,137
125,35,3984,1151,160,241
125,35,3986,1158,-131,317
125,35,3988,1204,361,-345
125,35,4075,1217,0,-500
125,35,4075,1222,0,-500
125,36,3940,1174,500,0
125,36,3940,1175,500,0
125,36,3940,1180,148,-450
125,36,3943,1183,361,-345
125,36,3944,1185,441,-236
125,36,3944,1186,441,-236
125,36,3944,1187,441,-236
125,36,3944,1188,441,-236
125,36,3947,1182,345,-361
125,36,3950,1148,447,0
125,36,3950,1149,447,0
125,36,3953,1178,224,-447
125,36,3953,1187,109,-488
125,36,3954,1149,447,0
125,36,3954,1161,447,10
125,36,3954,1167,447,0
125,36,3954,1170,447,10
125,36,3954,1171,447,0
125,36,3954,1172,447,0
125,36,3954,1174,167,-265
125,36,3954,1178,179,-466
125,36,3954,1187,447,0
125,36,3954,1195,447,0
125,36,3956,1179,0,-500
125,36,3956,1180,121,-484
125,36,3956,1181,0,-500
125,36,3957,1162,419,41
125,36,3960,1148,393,38
125,36,3960,1159,393,38
125,36,3962,1172,104,0
125,36,3962,1172,395,0
125,36,3964,1149,369,0
125,36,3964,1156,274,353
125,36,3967,1145,266,325
125,36,3975,1163,-26,263
125,36,3978,1172,22,-13
125,36,3981,1172,78,0
125,36,3982,1163,-239,-106
125,36,3983,1156,-234,-23
125,36,3986,1162,-174,-116
125,36,3986,1203,33,280
125,36,3988,1236,361,-345
125,36,4043,1198,-94,-50
125,36,4043,1209,-80,360
125,36,4043,1214,0,-78
125,36,4075,1222,0,-421
125,36,4075,1231,0,-473
125,36,4075,1236,0,-500
125,39,3940,1220,500,0
125,39,3940,1221,500,0
125,39,3943,1216,378,326
125,39,3948,1218,361,345
125,39,3949,1215,246,435
125,39,3950,1244,447,0
125,39,3950,1282,224,-447
125,39,3951,1215,167,470
125,39,3953,1241,447,-10
125,39,3954,1236,447,0
125,39,3954,1237,447,0
125,39,3954,1239,447,0
125,39,3954,1249,421,9
125,39,3954,1250,447,0
125,39,3954,1251,447,0
125,39,3954,1254,447,0
125,39,3956,1274,0,-500
125,39,3956,1283,0,-500
125,39,3957,1239,419,-31
125,39,3958,1230,414,72
125,39,3958,1230,416,62
125,39,3959,1251,395,0
125,39,3960,1268,287,0
125,39,3963,1268,183,0
125,39,3965,1268,209,0
125,39,3972,1233,-91,-276
125,39,3983,1229,-185,104
125,39,3985,1239,-172,-71
125,39,3986,1228,-159,11
125,39,3986,1233,-152,-101
125,39,3988,1233,146,-153
125,39,3988,1235,46,-22
125,39,3988,1235,94,-50
125,39,3989,1235,94,-50
125,39,3990,1235,117,-63
125,39,4031,1323,471,0
125,39,4032,1323,500,0
125,95,3927,3069,500,0
125,95,3930,3035,500,0
125,95,3932,3056,496,60
125,95,3933,3056,496,60
125,95,3933,3056,498,48
125,95,3936,3045,482,132
125,95,3936,3049,482,132
125,95,3936,3061,498,-37
125,95,3938,3064,490,-97
125,95,3939,3063,492,-85
125,95,3940,3044,287,408
125,95,3940,3044,361,345
125,95,3940,3044,492,-85
125,95,3940,3044,500,0
125,95,3940,3046,482,132
125,95,3940,3063,148,-450
125,95,3940,3063,361,-345
125,95,3940,3066,466,-179
125,95,3940,3066,478,-144
125,95,3940,3067,500,0
125,95,3940,3068,361,-345
125,95,3940,3069,492,-85
125,95,3940,3069,500,0
125,95,3940,3070,500,0
125,95,3940,3071,148,-450
125,95,3940,3071,500,0
125,95,3940,3072,500,0
125,95,3941,3036,361,345
125,95,3941,3040,408,287
125,95,3941,3064,488,-109
125,95,3941,3065,474,-156
125,95,3941,3072,500,0
125,95,3941,3105,287,-408
125,95,3942,3038,361,345
125,95,3943,3074,335,-371
125,95,3943,3075,326,-378
125,95,3943,3103,361,-345
125,95,3944,3035,306,394
125,95,3944,3035,326,378
125,95,3944,3036,316,386
125,95,3944,3066,441,-236
125,95,3944,3074,441,-236
125,95,3945,3034,267,421
125,95,3945,3038,335,371
125,95,3945,3054,469,57
125,95,3945,3064,470,-167
125,95,3946,3037,296,402
125,95,3946,3068,500,0
125,95,3946,3074,326,-378
125,95,3946,3075,316,-386
125,95,3947,3034,224,447
125,95,3947,3035,267,421
125,95,3947,3066,441,-236
125,95,3947,3076,277,-416
125,95,3948,3033,203,457
125,95,3948,3036,224,447
125,95,3948,3064,451,-212
125,95,3948,3077,224,-447
125,95,3949,3078,191,-462
125,95,3950,3035,179,466
125,95,3950,3037,203,457
125,95,3950,3068,447,0
125,95,3950,3073,212,-451
125,95,3950,3076,179,-466
125,95,3950,3076,212,-451
125,95,3950,3077,179,-466
125,95,3951,3073,191,-462
125,95,3951,3074,167,-470
125,95,3951,3075,144,-478
125,95,3951,3076,167,-470
125,95,3952,3061,364,-130
125,95,3952,3073,167,-470
125,95,3952,3074,132,-482
125,95,3953,3051,447,0
125,95,3953,3066,179,-466
125,95,3953,3073,109,-488
125,95,3953,3077,121,-484
125,95,3954,3044,132,482
125,95,3954,3066,179,-466
125,95,3954,3068,447,0
125,95,3954,3069,447,0
125,95,3954,3074,85,-492
125,95,3954,3078,447,0
125,95,3954,3080,447,0
125,95,3954,3081,447,0
125,95,3954,3082,447,0
125,95,3954,3083,447,0
125,95,3954,3086,445,-33
125,95,3955,3045,97,490
125,95,3955,3054,416,62
125,95,3955,3069,74,-494
125,95,3956,3043,0,500
125,95,3956,3044,109,488
125,95,3956,3050,112,223
125,95,3956,3061,267,-421
125,95,3956,3062,0,-350
125,95,3956,3066,198,-199
125,95,3956,3066,203,-203
125,95,3956,3068,248,-75
125,95,3956,3069,0,-500
125,95,3956,3070,0,-500
125,95,3957,3052,421,0
125,95,3957,3065,419,31
125,95,3958,3058,182,148
125,95,3958,3060,130,-87
125,95,3958,3089,414,-72
125,95,3958,3089,416,-62
125,95,3959,3052,274,-319
125,95,3960,3054,387,76
125,95,3960,3056,390,58
125,95,3960,3096,389,-161
125,95,3961,3093,375,-123
125,95,3962,3029,369,-8
125,95,3962,3051,276,0
125,95,3962,3059,362,-109
125,95,3962,3060,104,0
125,95,3965,3051,209,0
125,95,3966,3105,189,-181
125,95,3967,3059,342,7
125,95,3970,3001,334,334
125,95,3972,3060,130,28
125,95,3973,3053,26,0
125,95,3976,3060,9,24
125,95,3977,3060,23,-12
125,95,3978,3060,-35,69
125,95,3980,3060,0,0
125,95,3980,3060,22,46
125,95,3980,3109,149,-279
125,95,3981,3060,86,161
125,95,3983,3057,-35,69
125,95,3984,3060,-162,302
125,95,3984,3060,-92,49
125,95,3984,3060,0,0
125,95,3984,3060,83,62
125,95,3985,3055,-176,-48
125,95,3986,3054,25,-45
125,95,3986,3055,-47,-93
125,95,3988,3105,0,-290
125,95,3988,3111,0,-395
125,95,3988,3139,0,-473
125,95,3988,3144,0,-500
125,95,3995,3102,273,-248
125,95,4028,2982,378,326
125,95,4029,2991,470,167
125,95,4031,2982,335,371
125,95,4034,2996,500,0
125,95,4035,2996,500,0
125,95,4036,2996,444,0
125,95,4036,2996,500,0
125,95,4037,2996,500,0
125,95,4038,2992,378,326
125,95,4039,2978,109,488
125,95,4042,2977,25,500
125,95,4049,3004,35,364
125,95,4075,3117,0,-447
125,97,3940,3103,500,0
125,97,3940,3105,500,0
125,97,3940,3108,361,345
125,97,3940,3108,435,246
125,97,3940,3108,500,0
125,97,3940,3109,474,156
125,97,3940,3113,500,0
125,97,3940,3115,500,0
125,97,3940,3127,500,0
125,97,3940,3128,500,0
125,97,3940,3131,500,0
125,97,3940,3133,500,0
125,97,3940,3134,500,0
125,97,3940,3135,500,0
125,97,3940,3136,500,0
125,97,3940,3162,466,-179
125,97,3941,3169,500,0
125,97,3942,3099,335,371
125,97,3942,3101,345,361
125,97,3943,3101,345,361
125,97,3943,3107,316,386
125,97,3943,3151,326,-378
125,97,3944,3102,335,371
125,97,3944,3103,441,236
125,97,3944,3104,441,236
125,97,3944,3137,441,-236
125,97,3944,3140,441,-236
125,97,3945,3101,316,386
125,97,3945,3101,326,378
125,97,3945,3103,335,371
125,97,3947,3098,277,416
125,97,3947,3137,296,-402
125,97,3947,3140,277,-416
125,97,3948,3165,361,-345
125,97,3949,3100,224,447
125,97,3949,3103,246,435
125,97,3949,3139,212,-451
125,97,3950,3101,203,457
125,97,3950,3108,447,0
125,97,3950,3134,447,0
125,97,3950,3139,203,-457
125,97,3950,3156,438,-87
125,97,3951,3137,277,-416
125,97,3952,3139,121,-484
125,97,3952,3156,357,-80
125,97,3953,3100,109,488
125,97,3953,3101,109,488
125,97,3953,3102,121,484
125,97,3953,3109,224,447
125,97,3953,3117,438,87
125,97,3953,3135,447,-10
125,97,3953,3137,121,-484
125,97,3953,3138,109,-488
125,97,3953,3139,109,-488
125,97,3954,3092,447,0
125,97,3954,3093,447,0
125,97,3954,3094,447,0
125,97,3954,3095,447,0
125,97,3954,3099,447,0
125,97,3954,3100,109,488
125,97,3954,3102,447,0
125,97,3954,3105,447,0
125,97,3954,3107,191,462
125,97,3954,3108,121,484
125,97,3954,3108,447,0
125,97,3954,3109,447,0
125,97,3954,3110,447,0
125,97,3954,3111,447,0
125,97,3954,3114,447,0
125,97,3954,3115,447,0
125,97,3954,3117,447,0
125,97,3954,3118,447,0
125,97,3954,3120,267,-421
125,97,3954,3123,447,0
125,97,3954,3124,447,0
125,97,3954,3126,447,0
125,97,3954,3128,447,0
125,97,3954,3129,191,-462
125,97,3954,3129,447,0
125,97,3954,3130,447,0
125,97,3954,3131,121,-484
125,97,3954,3133,447,0
125,97,3954,3134,447,0
125,97,3954,3135,447,0
125,97,3954,3136,447,0
125,97,3954,3138,447,0
125,97,3954,3140,447,0
125,97,3954,3142,447,0
125,97,3954,3143,447,0
125,97,3954,3147,447,0
125,97,3954,3163,408,-182
125,97,3955,3105,74,494
125,97,3955,3108,48,498
125,97,3955,3108,167,470
125,97,3955,3109,132,482
125,97,3955,3114,224,447
125,97,3955,3130,132,-482
125,97,3956,3106,0,500
125,97,3956,3107,0,500
125,97,3956,3108,224,447
125,97,3956,3130,0,-500
125,97,3956,3131,0,-500
125,97,3956,3133,0,-500
125,97,3957,3069,500,0
125,97,3957,3076,403,190
125,97,3957,3135,419,-31
125,97,3957,3162,403,-190
125,97,3958,3086,414,72
125,97,3958,3086,416,62
125,97,3958,3087,416,62
125,97,3958,3103,421,0
125,97,3958,3118,414,72
125,97,3958,3118,416,62
125,97,3958,3119,416,62
125,97,3958,3121,416,-62
125,97,3958,3133,421,0
125,97,3958,3156,406,-112
125,97,3958,3175,378,-326
125,97,3960,3120,326,217
125,97,3961,3061,326,378
125,97,3961,3121,348,232
125,97,3962,3099,395,0
125,97,3962,3124,104,0
125,97,3962,3156,378,-114
125,97,3964,3108,183,0
125,97,3964,3155,353,-107
125,97,3965,3073,311,242
125,97,3965,3115,104,0
125,97,3965,3115,209,0
125,97,3965,3136,209,0
125,97,3966,3075,317,234
125,97,3967,3065,266,325
125,97,3968,3078,445,158
125,97,3969,3169,170,-198
125,97,3969,3172,198,-242
125,97,3970,3065,334,334
125,97,3970,3069,208,268
125,97,3970,3124,25,-5
125,97,3971,3062,220,389
125,97,3971,3116,26,-1
125,97,3973,3124,26,0
125,97,3974,3061,160,361
125,97,3977,3124,26,0
125,97,3978,3115,21,-14
125,97,3978,3115,223,0
125,97,3980,3115,0,-26
125,97,3980,3124,-78,7
125,97,3980,3124,-22,46
125,97,3980,3157,208,-15
125,97,3982,3115,-78,0
125,97,3982,3121,250,-82
125,97,3982,3123,-75,-23
125,97,3982,3124,0,0
125,97,3982,3124,126,92
125,97,3983,3115,-78,0
125,97,3983,3115,-52,0
125,97,3983,3115,0,0
125,97,3983,3115,83,-62
125,97,3983,3115,128,-90
125,97,3983,3115,181,-22
125,97,3983,3124,55,117
125,97,3984,3124,-162,302
125,97,3984,3124,0,0
125,97,3984,3166,133,-128
125,97,3985,3124,-4,25
125,97,3985,3124,56,53
125,97,3986,3121,-154,97
125,97,3992,3156,-26,0
125,97,4005,3059,-21,421
125,97,4016,3083,-25,5
125,97,4075,3061,0,421
125,99,3936,3173,482,132
125,99,3939,3171,492,-85
125,99,3939,3171,500,0
125,99,3939,3185,500,0
125,99,3940,3168,361,345
125,99,3940,3169,500,0
125,99,3940,3171,361,345
125,99,3940,3171,500,0
125,99,3940,3172,361,345
125,99,3940,3172,474,156
125,99,3940,3172,500,0
125,99,3940,3173,500,0
125,99,3940,3194,466,-179
125,99,3940,3198,421,-267
125,99,3940,3200,416,-277
125,99,3941,3168,500,0
125,99,3941,3169,500,0
125,99,3941,3171,500,0
125,99,3941,3174,474,156
125,99,3941,3202,378,-326
125,99,3943,3166,361,345
125,99,3943,3201,345,-361
125,99,3944,3163,441,236
125,99,3944,3165,441,236
125,99,3944,3166,361,345
125,99,3944,3166,441,236
125,99,3944,3167,441,236
125,99,3944,3168,224,447
125,99,3944,3196,429,-257
125,99,3944,3199,371,-335
125,99,3944,3201,361,-345
125,99,3944,3204,326,-378
125,99,3945,3203,287,-408
125,99,3947,3162,277,416
125,99,3947,3166,296,402
125,99,3947,3169,345,361
125,99,3949,3165,224,447
125,99,3949,3203,212,-451
125,99,3949,3203,224,-447
125,99,3949,3203,236,-441
125,99,3950,3162,473,0
125,99,3950,3163,179,466
125,99,3950,3163,212,451
125,99,3950,3164,447,0
125,99,3951,3163,167,470
125,99,3951,3165,156,474
125,99,3951,3165,167,470
125,99,3951,3166,191,462
125,99,3951,3198,212,-451
125,99,3951,3202,167,-470
125,99,3952,3164,121,484
125,99,3952,3166,167,470
125,99,3953,3139,403,190
125,99,3953,3164,109,488
125,99,3953,3166,109,488
125,99,3953,3167,107,430
125,99,3953,3194,224,-447
125,99,3954,3156,447,0
125,99,3954,3157,447,0
125,99,3954,3158,447,0
125,99,3954,3161,447,0
125,99,3954,3162,447,0
125,99,3954,3165,447,0
125,99,3954,3166,447,0
125,99,3954,3167,447,0
125,99,3954,3170,447,0
125,99,3954,3171,85,492
125,99,3954,3171,447,0
125,99,3954,3172,121,484
125,99,3954,3173,132,482
125,99,3954,3173,179,466
125,99,3954,3173,447,0
125,99,3954,3174,191,462
125,99,3955,3169,74,494
125,99,3956,3169,0,500
125,99,3956,3170,0,500
125,99,3956,3171,0,444
125,99,3956,3171,0,500
125,99,3956,3172,121,484
125,99,3956,3172,224,447
125,99,3956,3173,0,500
125,99,3956,3178,267,421
125,99,3956,3188,197,-105
125,99,3956,3191,0,-354
125,99,3956,3196,248,-75
125,99,3956,3197,0,-433
125,99,3956,3224,0,-387
125,99,3957,3141,408,181
125,99,3957,3152,419,41
125,99,3957,3171,421,0
125,99,3957,3184,419,41
125,99,3958,3149,412,82
125,99,3958,3150,414,72
125,99,3958,3151,416,62
125,99,3958,3182,414,72
125,99,3958,3190,130,6
125,99,3959,3171,395,0
125,99,3959,3202,395,0
125,99,3959,3219,126,-34
125,99,3962,3132,319,274
125,99,3962,3223,169,-70
125,99,3964,3131,304,291
125,99,3964,3142,344,194
125,99,3964,3182,364,-35
125,99,3965,3125,274,353
125,99,3965,3163,209,0
125,99,3965,3165,209,0
125,99,3965,3170,209,0
125,99,3965,3177,209,0
125,99,3966,3129,266,325
125,99,3967,3129,266,325
125,99,3967,3188,157,0
125,99,3969,3188,104,0
125,99,3970,3188,26,0
125,99,3972,3179,23,12
125,99,3973,3126,189,376
125,99,3975,3188,21,-14
125,99,3976,3188,9,24
125,99,3976,3188,19,16
125,99,3978,3179,-104,0
125,99,3978,3188,20,16
125,99,3978,3188,61,48
125,99,3979,3179,21,14
125,99,3979,3188,9,24
125,99,3980,3179,-14,-22
125,99,3980,3188,0,0
125,99,3981,3179,-1,-26
125,99,3982,3180,-225,67
125,99,3982,3187,-225,-68
125,99,3982,3187,-75,-23
125,99,3982,3188,-258,-39
125,99,3983,3150,176,48
125,99,3984,3179,0,0
125,99,3984,3179,52,0
125,99,3984,3188,-162,302
125,99,3984,3188,0,0
125,99,3985,3179,26,0
125,99,3985,3179,130,-9
125,99,3988,3115,224,447
125,99,3988,3118,0,447
125,99,3988,3133,0,104
125,99,3989,3147,-5,-235
125,99,3989,3155,94,-50
125,99,3990,3155,117,-63
125,99,4007,3153,340,17
125,99,4014,3147,-68,-225
125,99,4016,3147,25,3
125,99,4016,3150,442,53
125,99,4043,3242,-21,-421
125,99,4043,3245,0,-447
125,99,4043,3246,0,-447
125,99,4075,3125,0,421
125,99,4075,3138,0,238
125,99,4075,3149,-146,219
125,99,4078,3128,-58,390
