1,6,20,269,0,-447
1,6,36,277,0,-473
1,6,45,282,85,-492
1,6,52,270,0,-447
1,6,54,267,-354,0
1,6,59,148,-500,0
1,6,82,271,33,-339
1,6,104,245,30,312
1,6,105,236,-74,110
1,6,105,237,-70,169
1,6,105,238,-15,158
1,6,106,236,-121,99
1,6,106,236,-115,61
1,6,106,282,11,-500
1,6,107,238,0,290
1,6,107,256,0,-287
1,6,108,212,152,101
1,6,110,212,26,0
1,6,111,212,-40,179
1,6,112,209,35,69
1,6,121,288,-224,-447
1,6,126,205,-418,-51
1,6,128,210,-289,28
1,6,128,249,-446,-159
1,6,129,252,-318,-234
1,6,131,203,-183,0
1,6,133,239,-155,-19
1,6,134,285,-316,-386
1,6,135,209,-394,29
1,6,135,244,-124,-41
1,6,136,203,-262,13
1,6,137,241,-416,-62
1,6,138,205,-419,-31
1,6,138,207,-418,50
1,6,139,190,0,500
1,6,139,225,0,-500
1,6,139,226,0,-500
1,6,139,226,0,-497
1,6,139,227,0,-500
1,6,139,258,0,-500
1,6,141,220,-447,0
1,6,141,221,-447,0
1,6,141,222,-447,0
1,6,141,225,-447,10
1,6,141,227,-447,0
1,6,141,230,-447,0
1,6,141,235,-447,0
1,6,141,242,-439,-87
1,6,142,198,-287,408
1,6,142,204,-361,345
1,6,142,223,-167,-470
1,6,142,223,-156,-474
1,6,142,223,-121,-484
1,6,142,224,-277,-416
1,6,142,224,-121,-484
1,6,142,226,-109,-488
1,6,142,227,-447,0
1,6,142,227,-109,-488
1,6,142,235,-447,0
1,6,143,193,-203,457
1,6,143,222,-167,-470
1,6,143,223,-191,-462
1,6,143,226,-167,-470
1,6,143,226,-132,-482
1,6,144,205,-424,212
1,6,144,226,-179,-466
1,6,144,226,-156,-474
1,6,144,228,-167,-470
1,6,145,189,-224,447
1,6,145,226,-212,-451
1,6,145,229,-179,-466
1,6,145,230,-167,-470
1,6,146,227,-236,-441
1,6,146,228,-179,-466
1,6,147,206,-361,345
1,6,147,219,-386,-316
1,6,147,229,-224,-447
1,6,147,230,-203,-457
1,6,148,225,-296,-402
1,6,148,227,-277,-416
1,6,148,227,-257,-429
1,6,148,228,-277,-416
1,6,148,228,-246,-435
1,6,148,229,-246,-435
1,6,148,244,-464,-92
1,6,149,219,-441,-236
1,6,150,189,-296,402
1,6,151,223,-441,-236
1,6,151,225,-441,-236
1,6,151,228,-441,-236
1,6,152,190,-345,361
1,6,152,222,-394,-306
1,6,152,223,-378,-326
1,6,152,228,-326,-378
1,6,154,198,-482,132
1,6,154,201,-496,60
1,6,154,222,-500,0
1,6,155,204,-482,132
1,6,155,220,-500,0
1,6,155,223,-500,0
1,6,156,196,-500,0
1,6,156,213,-287,-408
1,6,156,218,-287,-408
1,6,156,219,-500,0
1,6,156,220,-500,0
1,6,156,220,-361,-345
1,6,156,221,-500,0
1,6,156,221,-398,-200
1,6,156,223,-500,0
1,6,156,223,-361,-345
1,6,156,224,-500,0
1,6,159,200,-498,48
1,6,161,201,-444,10
1,6,165,207,-494,74
1,6,169,206,-498,48
1,10,32,413,0,-500
1,10,36,412,25,-500
1,10,36,422,0,-500
1,10,45,418,132,-482
1,10,51,394,21,-421
1,10,51,398,22,-447
1,10,52,397,0,-447
1,10,52,398,0,-447
1,10,91,423,11,-500
1,10,98,404,30,-312
1,10,100,422,0,-500
1,10,105,288,-229,-178
1,10,107,267,-224,447
1,10,109,340,126,92
1,10,111,308,242,-198
1,10,111,331,-33,-71
1,10,114,327,140,70
1,10,116,340,-23,12
1,10,121,406,-361,-345
1,10,127,278,-180,256
1,10,127,299,-439,87
1,10,127,299,-437,97
1,10,128,299,-50,16
1,10,129,323,-369,0
1,10,131,310,-183,0
1,10,131,320,-183,0
1,10,131,372,-432,-119
1,10,132,287,-162,132
1,10,132,325,-287,14
1,10,133,307,-157,3
1,10,133,340,-157,0
1,10,135,312,-421,0
1,10,136,345,-130,0
1,10,137,302,-415,72
1,10,137,306,0,287
1,10,137,333,-148,276
1,10,138,302,-415,72
1,10,139,287,0,500
1,10,139,319,0,500
1,10,139,342,0,-184
1,10,139,383,0,-500
1,10,141,291,-409,181
1,10,141,308,-447,0
1,10,141,312,-447,0
1,10,141,318,-447,0
1,10,141,319,-447,0
1,10,141,319,-97,490
1,10,141,323,-447,0
1,10,142,308,-447,0
1,10,142,312,-447,0
1,10,142,314,-121,484
1,10,142,316,-109,488
1,10,142,316,-85,492
1,10,142,319,-447,0
1,10,142,319,-277,416
1,10,142,319,-121,484
1,10,142,321,-167,470
1,10,142,337,-447,22
1,10,142,345,-224,-447
1,10,143,313,-132,482
1,10,143,314,-132,482
1,10,143,316,-121,484
1,10,143,317,-167,470
1,10,143,317,-156,474
1,10,143,320,-191,462
1,10,143,321,-167,470
1,10,143,349,-179,-466
1,10,143,350,-203,-457
1,10,143,358,-132,-482
1,10,144,314,-156,474
1,10,144,314,-144,478
1,10,144,315,-167,470
1,10,144,350,-224,-447
1,10,144,350,-212,-451
1,10,144,354,-167,-470
1,10,145,313,-179,466
1,10,145,314,-179,466
1,10,145,315,-179,466
1,10,145,316,-473,0
1,10,145,316,-203,457
1,10,145,353,-473,0
1,10,145,354,-224,-447
1,10,145,355,-224,-447
1,10,145,355,-212,-451
1,10,145,358,-167,-470
1,10,146,313,-191,462
1,10,146,315,-179,466
1,10,146,316,-212,451
1,10,147,314,-224,447
1,10,147,324,-386,316
1,10,147,347,-386,-316
1,10,147,356,-224,-447
1,10,147,356,-211,-421
1,10,147,357,-224,-447
1,10,148,313,-277,416
1,10,148,314,-277,416
1,10,148,314,-224,447
1,10,148,315,-277,416
1,10,148,315,-236,441
1,10,148,356,-267,-421
1,10,149,318,-441,236
1,10,149,324,-473,0
1,10,149,352,-316,-386
1,10,149,355,-287,-408
1,10,150,289,-412,170
1,10,150,297,-345,361
1,10,150,314,-441,236
1,10,150,315,-441,236
1,10,150,316,-441,236
1,10,150,316,-277,416
1,10,150,329,-492,85
1,10,151,315,-441,236
1,10,151,317,-441,236
1,10,151,318,-441,236
1,10,151,319,-441,236
1,10,151,320,-441,236
1,10,151,320,-402,296
1,10,152,320,-394,306
1,10,153,348,-429,-257
1,10,153,352,-371,-335
1,10,153,386,-345,-361
1,10,154,320,-500,0
1,10,154,321,-500,0
1,10,154,322,-488,109
1,10,154,324,-457,203
1,10,154,326,-482,132
1,10,154,326,-474,156
1,10,154,328,-492,85
1,10,155,320,-500,0
1,10,155,321,-500,0
1,10,155,322,-500,0
1,10,155,324,-470,167
1,10,155,327,-488,109
1,10,155,328,-492,85
1,10,155,346,-470,-167
1,10,155,378,-470,-167
1,10,156,298,-500,0
1,10,156,320,-500,0
1,10,156,321,-441,236
1,10,156,321,-306,394
1,10,156,322,-500,0
1,10,156,323,-500,0
1,10,156,323,-381,281
1,10,156,325,-500,0
1,10,156,326,-484,121
1,10,156,327,-490,97
1,10,156,327,-306,394
1,10,156,328,-306,394
1,10,156,329,-361,345
1,10,156,342,-496,-60
1,10,157,327,-490,97
1,10,157,328,-494,74
1,10,158,295,-436,86
1,10,159,327,-492,85
1,10,165,325,-496,-60
1,42,105,1396,0,0
1,42,129,1418,-266,-360
1,42,130,1417,-283,-346
1,42,134,1357,-204,0
1,42,136,1410,-353,-274
1,42,138,1377,-421,21
1,42,141,1355,-447,0
1,42,141,1360,-442,-66
1,42,141,1370,-447,0
1,42,141,1373,-447,0
1,42,141,1378,-447,0
1,42,141,1379,-447,0
1,42,141,1380,-447,0
1,42,141,1381,-447,0
1,42,141,1382,-447,0
1,42,141,1386,-447,0
1,42,141,1387,-447,0
1,42,142,1378,-447,0
1,42,142,1380,-447,0
1,42,142,1386,-447,0
1,42,144,1383,-287,0
1,42,145,1380,-473,0
1,42,150,1342,-441,236
1,42,151,1340,-490,97
1,42,151,1343,-441,236
1,42,156,1349,-470,167
1,42,156,1354,-500,0
1,42,158,1348,-470,167
1,44,12,1487,103,-462
1,44,49,1477,21,-182
1,44,50,1480,-115,-110
1,44,103,1390,71,-172
1,44,105,1395,-74,-111
1,44,108,1395,155,-35
1,44,108,1397,104,0
1,44,109,1402,-28,-289
1,44,110,1392,112,-144
1,44,111,1395,170,-66
1,44,134,1423,-389,67
1,44,135,1408,-394,-29
1,44,137,1422,-415,72
1,44,139,1408,-419,-41
1,44,139,1428,0,-183
1,44,141,1393,-447,22
1,44,141,1396,-447,0
1,44,141,1397,-447,0
1,44,141,1398,-447,0
1,44,141,1400,-447,0
1,44,141,1402,-447,0
1,44,141,1405,-447,0
1,44,141,1406,-447,0
1,44,141,1407,-447,0
1,44,141,1409,-447,0
1,44,141,1410,-447,0
1,44,141,1411,-447,0
1,44,141,1414,-447,0
1,44,141,1415,-447,0
1,44,141,1425,-447,22
1,44,141,1427,-447,0
1,44,141,1428,-447,0
1,44,142,1398,-447,0
1,44,142,1405,-447,0
1,44,142,1406,-447,0
1,44,142,1407,-447,0
1,44,142,1409,-447,-10
1,44,142,1419,-437,97
1,44,142,1428,-447,0
1,44,143,1430,-462,-191
1,44,148,1431,-482,-132
1,44,151,1440,-441,-236
1,44,153,1437,-421,-267
1,44,155,1381,-478,144
1,44,155,1434,-478,-144
1,44,155,1434,-470,-167
1,44,155,1438,-435,-246
1,44,156,1383,-500,0
1,44,156,1384,-500,0
1,44,157,1435,-466,-179
1,44,157,1436,-466,-179
1,44,157,1436,-462,-191
2,5,106,235,19,-395
2,5,107,262,0,-500
2,5,117,220,-378,-114
2,5,130,212,26,0
2,5,132,204,129,65
2,5,132,212,78,0
2,5,132,212,112,152
2,5,132,223,-147,-108
2,5,133,205,114,126
2,5,133,205,123,136
2,5,133,209,-11,223
2,5,133,210,-158,158
2,5,134,109,-6,261
2,5,134,110,0,290
2,5,134,205,-386,86
2,5,134,206,-61,172
2,5,134,212,0,0
2,5,134,212,26,0
2,5,134,212,91,-51
2,5,134,220,-329,-219
2,5,135,112,-16,314
2,5,135,204,80,120
2,5,135,204,214,128
2,5,135,211,26,275
2,5,135,212,23,312
2,5,135,212,161,86
2,5,136,110,0,290
2,5,136,116,30,312
2,5,136,206,-75,182
2,5,136,206,-66,170
2,5,136,208,-407,111
2,5,136,212,-125,-233
2,5,136,212,105,158
2,5,137,204,-191,47
2,5,137,204,-189,57
2,5,137,204,-66,98
2,5,137,205,-109,164
2,5,137,205,-80,120
2,5,137,206,-66,170
2,5,137,206,-14,144
2,5,137,206,17,182
2,5,137,212,15,314
2,5,138,206,17,182
2,5,138,212,16,328
2,5,138,216,213,100
2,5,139,110,0,287
2,5,139,110,0,290
2,5,139,111,0,290
2,5,139,204,0,52
2,5,139,214,0,276
2,5,139,216,0,130
2,5,139,217,26,267
2,5,139,218,74,138
2,5,139,221,0,-26
2,5,139,225,0,-290
2,5,139,234,0,-183
2,5,139,237,0,-447
2,5,139,245,0,-473
2,5,139,250,0,-500
2,5,140,204,-230,51
2,5,140,204,-167,-37
2,5,140,205,-231,45
2,5,140,207,-381,-105
2,5,141,205,153,33
2,5,142,236,-17,-182
2,5,143,221,-105,-210
2,5,145,234,-82,-413
2,5,147,225,-124,-347
2,5,147,228,-142,-283
2,5,147,229,-114,-378
2,5,147,234,-112,-407
2,5,147,239,-108,-433
2,5,148,233,-121,-403
2,5,148,263,-121,-484
2,5,149,220,419,41
2,5,149,236,-129,-428
2,5,150,139,-78,0
2,5,150,238,-140,-425
2,5,150,240,-137,-453
2,5,152,139,-104,0
2,5,153,128,-226,291
2,5,153,210,185,238
2,5,154,135,-182,21
2,5,154,138,-208,20
2,5,154,139,-181,26
2,5,155,139,-234,22
2,5,155,155,-185,0
2,5,158,242,-361,-345
2,5,160,220,-340,0
2,5,161,239,-253,-400
2,5,163,240,-361,-345
2,5,165,221,-292,-339
2,5,167,231,-500,25
2,5,168,212,-407,-112
2,5,168,231,-500,25
2,5,168,232,-500,25
2,5,168,233,-500,25
2,5,168,244,-345,-361
2,5,169,212,-407,-112
2,5,169,213,-400,-132
2,5,169,223,-309,-196
2,5,171,231,-500,-11
2,5,173,143,-442,66
2,5,173,219,-433,-192
2,5,173,230,-497,11
2,5,173,230,-495,36
2,5,175,245,-345,-361
2,5,177,153,-472,-46
2,5,177,155,-473,0
2,5,178,214,-459,-114
2,5,178,226,-471,10
2,5,178,226,-471,23
2,5,178,227,-471,23
2,5,178,228,-471,10
2,5,178,244,-345,-361
2,5,179,139,-492,85
2,5,179,244,-361,-345
2,5,180,221,-500,0
2,5,181,221,-500,0
2,5,181,223,-444,0
2,5,182,222,-444,22
2,5,182,224,-444,-10
2,5,183,206,-353,-353
2,5,183,218,-353,-353
2,5,183,221,-497,0
2,5,183,227,-353,-353
2,5,183,236,-405,-242
2,5,183,236,-353,-353
2,5,184,218,-478,-144
2,5,184,226,-492,-85
2,5,185,138,-500,25
2,5,185,206,-359,-344
2,5,185,210,-359,-344
2,5,185,217,-359,-344
2,5,185,218,-359,-344
2,5,185,219,-359,-344
2,5,185,222,-418,0
2,5,185,226,-496,-60
2,5,185,226,-494,-74
2,5,186,208,-351,-351
2,5,186,211,-351,-351
2,5,186,212,-351,-351
2,5,186,219,-351,-351
2,5,186,220,-500,0
2,5,186,220,-418,0
2,5,186,222,-418,-21
2,5,186,222,-418,0
2,5,186,223,-418,-21
2,5,186,223,-418,0
2,5,186,223,-351,-351
2,5,186,225,-496,-60
2,5,186,226,-494,-74
2,5,186,227,-492,-85
2,5,187,217,-418,0
2,5,187,218,-418,0
2,5,187,219,-418,0
2,5,187,219,-417,30
2,5,187,220,-418,0
2,5,187,223,-418,-21
2,5,187,224,-418,0
2,5,187,227,-492,-85
2,5,188,132,-500,0
2,5,188,220,-414,0
2,5,188,221,-500,0
2,5,188,221,-418,-10
2,5,188,227,-492,-85
2,5,189,222,-392,0
2,5,189,227,-494,-74
2,5,189,227,-492,-85
2,5,190,132,-500,0
2,5,190,139,-500,0
2,5,190,226,-494,-74
2,5,190,227,-494,-74
2,5,192,138,-366,0
2,5,193,155,-500,0
2,5,193,168,-500,0
2,5,193,181,-500,0
2,5,193,196,-500,0
2,5,195,139,-500,0
2,5,195,140,-500,0
2,5,195,188,-500,0
2,5,198,168,-500,0
2,5,198,181,-500,0
2,5,198,196,-500,0
2,5,198,200,-500,0
2,5,200,196,-500,0
2,7,35,277,211,-395
2,7,139,269,-131,196
2,7,139,309,0,-261
2,7,139,330,0,-500
2,7,140,270,117,219
2,7,143,274,208,20
2,7,144,274,-89,-357
2,7,145,261,-74,-494
2,7,146,258,-54,-362
2,7,146,259,-58,-335
2,7,146,281,-85,-492
2,7,146,282,-277,-416
2,7,146,301,-81,-466
2,7,147,257,-97,-490
2,7,147,262,-54,-309
2,7,147,263,-46,-310
2,7,147,265,-85,-492
2,7,147,269,-74,-494
2,7,147,269,165,-202
2,7,147,270,165,-202
2,7,147,274,-277,-416
2,7,147,282,-85,-492
2,7,147,283,-277,-416
2,7,147,284,-85,-492
2,7,147,287,-277,-416
2,7,147,289,-277,-416
2,7,147,311,-85,-492
2,7,148,251,-114,-456
2,7,148,256,-100,-447
2,7,149,179,-140,424
2,7,149,257,-107,-431
2,7,149,258,-94,-421
2,7,149,294,-121,-484
2,7,150,221,-342,0
2,7,150,260,-98,-392
2,7,150,261,-98,-392
2,7,150,280,-441,-236
2,7,150,281,-441,-236
2,7,150,282,-441,-236
2,7,150,286,-441,-236
2,7,150,292,-441,-236
2,7,151,277,-441,-236
2,7,151,298,-441,-236
2,7,152,241,-179,-380
2,7,153,231,-159,0
2,7,153,240,-189,-377
2,7,154,243,-201,-400
2,7,154,245,-190,-404
2,7,154,259,-167,-470
2,7,155,244,-201,-400
2,7,155,246,-212,-424
2,7,155,285,-500,0
2,7,156,222,-130,0
2,7,156,246,-212,-424
2,7,157,222,-157,0
2,7,157,231,-212,0
2,7,158,230,-212,0
2,7,158,250,-224,-447
2,7,160,221,-264,0
2,7,162,283,-500,0
2,7,162,285,-500,0
2,7,162,322,-224,-447
2,7,164,222,-314,0
2,7,166,281,-500,0
2,7,166,283,-500,0
2,7,167,232,-418,0
2,7,167,240,-418,0
2,7,167,264,-418,0
2,7,170,221,-421,0
2,7,173,231,-495,36
2,7,173,238,-495,36
2,7,173,241,-495,36
2,7,173,248,-495,36
2,7,176,226,-471,0
2,7,176,228,-471,0
2,7,176,231,-471,0
2,7,176,234,-471,0
2,7,176,256,-471,0
2,7,177,221,-473,0
2,7,178,219,-471,23
2,7,178,221,-471,23
2,7,178,241,-471,23
2,7,178,252,-471,23
2,7,178,254,-471,23
2,7,178,255,-471,10
2,7,178,258,-471,10
2,7,178,260,-471,10
2,7,178,260,-471,23
2,7,178,263,-471,10
2,7,178,265,-471,23
2,7,180,221,-444,0
2,7,181,285,-353,-353
2,7,182,286,-353,-353
2,7,183,221,-500,0
2,7,183,230,-444,22
2,7,185,217,-466,179
2,7,185,221,-500,0
2,7,185,278,-344,-359
2,7,185,279,-344,-359
2,7,185,280,-344,-359
2,7,185,281,-344,-359
2,7,185,285,-344,-359
2,7,185,287,-351,-351
2,7,185,288,-353,-353
2,7,185,288,-344,-359
2,7,185,289,-345,-361
2,7,186,270,-344,-359
2,7,186,286,-351,-351
2,7,186,288,-359,-344
2,7,186,290,-353,-353
2,7,186,291,-353,-353
2,7,187,219,-417,30
2,7,187,220,-417,30
2,7,187,221,-417,30
2,7,187,222,-417,30
2,7,187,223,-417,30
2,7,187,224,-418,-21
2,7,187,224,-417,30
2,7,187,225,-417,30
2,7,187,226,-417,30
2,7,187,227,-417,30
2,7,187,228,-417,30
2,7,187,229,-417,30
2,7,187,230,-417,30
2,7,187,231,-417,30
2,7,187,232,-417,30
2,7,187,233,-417,30
2,7,187,234,-417,30
2,7,187,235,-417,30
2,7,187,236,-417,30
2,7,187,237,-417,30
2,7,187,238,-417,30
2,7,187,239,-417,30
2,7,187,240,-418,0
2,7,187,240,-417,30
2,7,187,241,-417,30
2,7,187,242,-417,30
2,7,187,243,-417,30
2,7,187,244,-417,30
2,7,187,245,-417,30
2,7,187,246,-417,30
2,7,187,247,-417,30
2,7,187,248,-417,30
2,7,187,249,-417,30
2,7,187,250,-417,30
2,7,187,251,-417,30
2,7,187,252,-418,0
2,7,187,252,-417,30
2,7,187,253,-418,0
2,7,187,254,-417,30
2,7,187,255,-417,30
2,7,187,256,-418,0
2,7,187,256,-417,30
2,7,187,257,-417,30
2,7,187,258,-417,30
2,7,187,259,-417,30
2,7,187,260,-418,0
2,7,187,260,-417,30
2,7,187,261,-418,0
2,7,187,261,-417,30
2,7,187,262,-418,0
2,7,187,262,-417,30
2,7,187,263,-417,30
2,7,187,264,-418,0
2,7,187,264,-417,30
2,7,187,265,-417,30
2,7,187,266,-418,0
2,7,187,290,-353,-353
2,7,187,292,-345,-361
2,7,188,291,-340,-325
2,7,188,292,-361,-345
2,7,188,292,-353,-353
2,7,190,210,-466,179
2,7,190,220,-392,0
2,7,190,221,-500,0
2,7,190,222,-392,-9
2,7,190,222,-392,0
2,7,190,223,-392,-9
2,7,190,223,-392,0
2,7,191,209,-478,144
2,7,191,210,-478,144
2,7,191,211,-478,144
2,7,191,220,-392,0
2,7,191,223,-392,-9
2,7,191,225,-392,-9
2,7,191,226,-392,-9
2,7,193,221,-500,0
2,7,194,220,-366,0
2,7,194,222,-366,-8
2,7,194,222,-366,0
2,7,194,223,-366,-8
2,7,194,223,-366,0
2,7,194,226,-366,-8
2,7,195,208,-466,179
2,7,195,218,-366,18
2,7,195,219,-366,18
2,7,195,220,-366,0
2,7,195,220,-366,18
2,7,195,221,-366,18
2,7,195,222,-366,18
2,7,195,223,-366,-8
2,7,195,223,-366,18
2,7,195,224,-366,-8
2,7,195,224,-366,0
2,7,195,224,-366,18
2,7,195,225,-366,-8
2,7,195,225,-366,18
2,7,195,226,-366,18
2,7,195,227,-366,18
2,7,195,228,-366,18
2,7,195,229,-366,18
2,7,195,230,-366,18
2,7,195,231,-366,18
2,7,195,232,-366,18
2,7,195,233,-366,18
2,7,195,234,-366,18
2,7,195,235,-366,18
2,7,195,236,-366,18
2,7,195,237,-366,18
2,7,195,238,-366,18
2,7,195,239,-366,18
2,7,195,240,-366,0
2,7,195,240,-366,18
2,7,195,241,-366,18
2,7,195,242,-366,18
2,7,195,243,-366,18
2,7,195,244,-366,0
2,7,195,244,-366,18
2,7,195,245,-366,18
2,7,195,246,-366,0
2,7,195,246,-366,18
2,7,195,247,-366,18
2,7,195,248,-366,0
2,7,195,248,-366,18
2,7,195,249,-366,18
2,7,195,250,-366,0
2,7,195,250,-366,18
2,7,195,251,-366,8
2,7,195,251,-366,18
2,7,195,252,-366,0
2,7,195,252,-366,18
2,7,195,253,-366,0
2,7,195,253,-366,18
2,7,195,254,-366,0
2,7,195,254,-366,18
2,7,195,255,-366,0
2,7,195,255,-366,18
2,7,195,256,-366,0
2,7,195,256,-366,18
2,7,195,257,-366,18
2,7,195,258,-366,0
2,7,195,258,-366,18
2,7,195,259,-366,18
2,7,195,260,-366,0
2,7,195,260,-366,18
2,7,195,261,-366,0
2,7,195,261,-366,18
2,7,195,262,-366,0
2,7,195,262,-366,18
2,7,195,263,-366,0
2,7,195,263,-366,18
2,7,195,264,-366,0
2,7,195,264,-366,18
2,7,195,266,-366,0
2,7,196,208,-478,144
2,7,196,209,-478,144
2,7,196,210,-478,144
2,7,196,221,-340,0
2,7,196,224,-340,0
2,7,197,221,-500,0
2,7,197,221,-340,0
2,7,197,226,-340,0
2,7,197,227,-340,0
2,7,197,228,-340,0
2,7,197,229,-340,0
2,7,197,231,-340,0
2,7,197,232,-340,0
2,7,197,233,-340,0
2,7,197,234,-340,0
2,7,197,236,-340,0
2,7,197,237,-340,0
2,7,197,238,-340,0
2,7,197,240,-340,0
2,7,197,243,-340,0
2,7,197,244,-340,0
2,7,197,249,-340,0
2,7,197,251,-340,0
2,7,197,252,-340,0
2,7,197,256,-340,0
2,7,197,257,-340,0
2,7,197,258,-340,0
2,7,197,263,-340,0
2,7,197,264,-340,0
2,7,198,211,-478,144
2,7,198,212,-478,144
2,7,198,221,-500,0
2,7,200,221,-500,0
2,8,128,325,104,-381
2,8,130,303,51,186
2,8,139,230,-24,9
2,8,139,241,-130,-242
2,8,139,300,-90,217
2,8,139,300,0,52
2,8,139,302,0,104
2,8,139,303,0,0
2,8,139,303,0,130
2,8,139,308,0,130
2,8,140,239,0,26
2,8,140,287,87,164
2,8,140,304,65,43
2,8,141,308,152,101
2,8,142,289,-83,-332
2,8,146,259,-92,464
2,8,146,304,37,-254
2,8,146,354,-224,-447
2,8,147,232,-85,492
2,8,147,234,-74,494
2,8,147,238,-85,492
2,8,147,315,-262,-394
2,8,148,314,-262,-394
2,8,148,318,-277,-416
2,8,148,320,-441,-236
2,8,149,310,-140,-425
2,8,149,311,-114,-378
2,8,150,225,-441,236
2,8,151,225,-441,236
2,8,151,232,-441,236
2,8,151,304,-418,-224
2,8,151,314,-418,-224
2,8,151,321,-441,-236
2,8,152,321,-441,-236
2,8,153,310,-248,-372
2,8,153,322,-500,0
2,8,154,308,-201,-400
2,8,154,320,-441,-236
2,8,155,307,-248,-372
2,8,155,320,-500,0
2,8,155,321,-500,0
2,8,156,320,-500,0
2,8,156,321,-500,0
2,8,156,325,-478,-144
2,8,157,226,-500,0
2,8,159,231,-500,0
2,8,160,334,-224,-447
2,8,161,311,-500,0
2,8,162,310,-500,0
2,8,164,291,-387,-219
2,8,164,326,-224,-447
2,8,165,288,-407,-180
2,8,166,306,-500,0
2,8,166,316,-287,-408
2,8,166,322,-500,0
2,8,167,273,-418,0
2,8,167,278,-417,-31
2,8,167,309,-500,0
2,8,167,320,-500,0
2,8,168,317,-500,-25
2,8,170,322,-497,0
2,8,171,299,-497,0
2,8,171,310,-497,0
2,8,171,313,-497,0
2,8,172,284,-434,-97
2,8,172,305,-497,0
2,8,172,320,-497,0
2,8,172,322,-500,11
2,8,173,243,-495,36
2,8,173,255,-495,36
2,8,173,277,-353,-353
2,8,173,283,-495,36
2,8,173,286,-495,36
2,8,173,323,-500,0
2,8,173,323,-497,-11
2,8,174,312,-500,0
2,8,174,323,-500,0
2,8,175,222,-471,0
2,8,175,316,-471,0
2,8,175,322,-500,11
2,8,175,323,-500,0
2,8,175,332,-441,-236
2,8,176,251,-471,0
2,8,176,255,-471,0
2,8,176,261,-471,0
2,8,176,266,-471,0
2,8,176,267,-471,0
2,8,176,269,-471,0
2,8,176,270,-471,0
2,8,176,271,-471,0
2,8,176,273,-471,0
2,8,176,274,-471,0
2,8,176,275,-471,0
2,8,176,283,-471,0
2,8,176,313,-471,0
2,8,176,316,-471,0
2,8,176,321,-471,0
2,8,177,301,-471,0
2,8,178,248,-471,23
2,8,178,277,-471,23
2,8,178,293,-471,23
2,8,178,294,-471,23
2,8,178,295,-471,23
2,8,178,297,-471,23
2,8,178,300,-471,10
2,8,179,312,-500,0
2,8,180,259,-345,361
2,8,180,283,-444,0
2,8,181,294,-444,0
2,8,181,321,-444,0
2,8,182,292,-444,-22
2,8,182,320,-444,10
2,8,183,243,-444,22
2,8,183,246,-444,22
2,8,183,284,-444,22
2,8,183,288,-444,22
2,8,183,289,-444,22
2,8,183,290,-444,22
2,8,183,291,-444,22
2,8,183,292,-444,22
2,8,183,294,-444,22
2,8,183,295,-444,22
2,8,183,296,-444,22
2,8,183,297,-444,22
2,8,184,255,-345,361
2,8,184,260,-418,0
2,8,184,312,-500,0
2,8,184,323,-444,0
2,8,185,298,-418,0
2,8,186,286,-418,0
2,8,186,291,-418,0
2,8,186,294,-418,0
2,8,186,295,-418,0
2,8,186,313,-418,0
2,8,187,239,-382,229
2,8,187,244,-417,30
2,8,187,245,-417,30
2,8,187,246,-417,30
2,8,187,247,-417,30
2,8,187,248,-417,30
2,8,187,249,-417,30
2,8,187,250,-417,30
2,8,187,251,-417,30
2,8,187,251,-345,361
2,8,187,252,-417,30
2,8,187,253,-417,30
2,8,187,254,-417,30
2,8,187,255,-417,30
2,8,187,256,-417,30
2,8,187,257,-417,30
2,8,187,258,-417,30
2,8,187,259,-417,30
2,8,187,260,-417,30
2,8,187,261,-417,30
2,8,187,262,-417,30
2,8,187,263,-417,30
2,8,187,264,-417,30
2,8,187,265,-417,30
2,8,187,266,-417,30
2,8,187,267,-417,30
2,8,187,268,-417,30
2,8,187,269,-417,30
2,8,187,270,-417,30
2,8,187,271,-417,30
2,8,187,272,-417,30
2,8,187,273,-417,30
2,8,187,274,-417,30
2,8,187,275,-417,30
2,8,187,276,-417,30
2,8,187,277,-417,30
2,8,187,278,-417,30
2,8,187,279,-417,30
2,8,187,280,-417,30
2,8,187,281,-417,30
2,8,187,282,-418,0
2,8,187,282,-417,30
2,8,187,283,-418,0
2,8,187,284,-418,0
2,8,187,284,-417,30
2,8,187,286,-418,0
2,8,187,286,-417,30
2,8,187,287,-417,30
2,8,187,288,-417,30
2,8,187,289,-417,30
2,8,187,292,-417,30
2,8,187,293,-417,30
2,8,187,294,-417,30
2,8,187,295,-417,30
2,8,187,297,-417,30
2,8,187,314,-418,0
2,8,188,316,-392,0
2,8,189,260,-392,0
2,8,189,312,-500,0
2,8,190,281,-392,0
2,8,190,283,-392,0
2,8,191,237,-353,223
2,8,191,283,-392,19
2,8,193,260,-366,0
2,8,194,281,-366,0
2,8,194,282,-366,0
2,8,194,283,-366,0
2,8,194,284,-366,0
2,8,194,286,-366,0
2,8,194,287,-366,0
2,8,194,291,-366,0
2,8,194,299,-366,0
2,8,195,241,-366,18
2,8,195,242,-366,18
2,8,195,243,-366,18
2,8,195,244,-366,18
2,8,195,245,-366,18
2,8,195,246,-366,18
2,8,195,247,-366,18
2,8,195,248,-366,18
2,8,195,249,-366,18
2,8,195,250,-366,18
2,8,195,251,-366,18
2,8,195,252,-366,18
2,8,195,253,-366,18
2,8,195,254,-366,18
2,8,195,255,-366,18
2,8,195,256,-366,18
2,8,195,257,-366,18
2,8,195,258,-366,8
2,8,195,258,-366,18
2,8,195,259,-366,18
2,8,195,260,-366,18
2,8,195,261,-366,18
2,8,195,262,-366,18
2,8,195,263,-366,-8
2,8,195,263,-366,18
2,8,195,264,-366,18
2,8,195,265,-366,18
2,8,195,266,-366,18
2,8,195,267,-366,18
2,8,195,268,-366,18
2,8,195,269,-366,18
2,8,195,270,-366,18
2,8,195,271,-366,18
2,8,195,272,-366,18
2,8,195,273,-366,18
2,8,195,274,-366,18
2,8,195,275,-366,18
2,8,195,276,-366,18
2,8,195,277,-366,18
2,8,195,278,-366,-8
2,8,195,278,-366,18
2,8,195,279,-366,18
2,8,195,280,-366,0
2,8,195,280,-366,18
2,8,195,281,-366,0
2,8,195,281,-366,18
2,8,195,282,-366,-8
2,8,195,282,-366,0
2,8,195,282,-366,18
2,8,195,283,-366,0
2,8,195,283,-366,18
2,8,195,284,-366,-8
2,8,195,284,-366,0
2,8,195,284,-366,18
2,8,195,285,-366,18
2,8,195,286,-366,0
2,8,195,286,-366,18
2,8,195,287,-366,18
2,8,195,288,-366,0
2,8,195,288,-366,18
2,8,195,289,-366,18
2,8,195,290,-366,0
2,8,195,290,-366,18
2,8,195,291,-366,18
2,8,195,292,-366,-8
2,8,195,292,-366,18
2,8,195,293,-366,0
2,8,195,293,-366,18
2,8,195,294,-366,0
2,8,195,294,-366,18
2,8,195,295,-366,18
2,8,195,296,-366,18
2,8,195,297,-366,0
2,8,195,298,-366,0
2,8,196,260,-340,0
2,8,197,244,-340,0
2,8,197,247,-340,0
2,8,197,251,-340,0
2,8,197,253,-340,0
2,8,197,255,-340,0
2,8,197,256,-340,0
2,8,197,261,-340,0
2,8,197,262,-340,0
2,8,197,263,-340,0
2,8,197,264,-340,0
2,8,197,265,-340,0
2,8,197,266,-340,0
2,8,197,267,-340,0
2,8,197,268,-340,0
2,8,197,269,-340,0
2,8,197,270,-340,0
2,8,197,271,-340,0
2,8,197,273,-340,0
2,8,197,274,-340,0
2,8,197,275,-340,0
2,8,197,279,-340,0
2,8,197,280,-340,0
2,8,197,281,-340,0
2,8,197,283,-340,0
2,8,197,284,-340,0
2,8,197,285,-500,0
2,8,197,285,-340,0
2,8,197,286,-340,0
2,8,197,287,-340,0
2,8,197,288,-340,0
2,8,197,292,-340,0
2,8,197,293,-340,0
2,8,197,294,-340,0
2,8,197,295,-340,0
2,8,197,297,-340,0
2,8,197,298,-340,0
2,9,136,337,-96,270
2,9,136,337,19,260
2,9,137,332,-121,99
2,9,137,334,-94,157
2,9,137,336,10,209
2,9,137,340,139,220
2,9,138,332,-81,66
2,9,138,332,-58,86
2,9,139,274,-49,-92
2,9,139,332,0,52
2,9,139,333,0,78
2,9,139,333,49,92
2,9,139,334,0,169
2,9,139,335,0,209
2,9,139,342,204,122
2,9,139,343,0,353
2,9,139,344,0,130
2,9,140,342,154,97
2,9,140,351,135,253
2,9,141,340,108,72
2,9,141,340,211,394
2,9,142,331,202,-50
2,9,144,351,-129,-257
2,9,147,356,-142,-283
2,9,149,347,419,41
2,9,153,312,-159,0
2,9,154,321,-78,0
2,9,155,268,-211,394
2,9,155,323,-104,0
2,9,156,312,-212,0
2,9,156,321,-130,0
2,9,157,321,-157,0
2,9,158,321,-157,0
2,9,159,286,-210,200
2,9,165,310,-366,0
2,9,165,321,-392,0
2,9,166,273,-351,317
2,9,167,290,-418,0
2,9,167,298,-418,0
2,9,167,312,-418,0
2,9,167,316,-418,0
2,9,168,270,-500,25
2,9,168,323,-395,0
2,9,169,321,-418,0
2,9,170,323,-421,0
2,9,170,333,-421,-21
2,9,171,315,-444,0
2,9,171,323,-421,0
2,9,173,270,-497,11
2,9,173,272,-497,11
2,9,173,275,-495,36
2,9,173,276,-495,36
2,9,173,288,-495,36
2,9,173,310,-495,36
2,9,173,321,-392,0
2,9,173,322,-392,0
2,9,174,323,-500,0
2,9,176,282,-471,0
2,9,176,291,-471,0
2,9,176,304,-471,0
2,9,176,306,-471,0
2,9,176,309,-471,0
2,9,176,311,-471,0
2,9,176,313,-471,0
2,9,176,317,-471,0
2,9,176,319,-471,0
2,9,176,320,-471,0
2,9,176,321,-471,0
2,9,176,322,-471,0
2,9,177,262,-345,361
2,9,178,263,-353,353
2,9,178,285,-471,23
2,9,178,291,-471,23
2,9,178,300,-471,23
2,9,178,304,-471,23
2,9,178,314,-471,23
2,9,178,315,-471,23
2,9,180,259,-345,361
2,9,180,322,-444,0
2,9,181,259,-353,353
2,9,181,323,-473,0
2,9,182,275,-500,0
2,9,182,321,-444,22
2,9,182,324,-498,-37
2,9,183,275,-444,22
2,9,183,276,-444,22
2,9,183,323,-500,0
2,9,185,256,-351,351
2,9,185,259,-351,351
2,9,185,324,-500,-25
2,9,185,324,-496,-60
2,9,186,251,-344,358
2,9,186,256,-359,343
2,9,186,324,-500,-25
2,9,186,324,-496,-60
2,9,186,347,-371,-335
2,9,187,251,-345,361
2,9,187,271,-418,0
2,9,187,277,-417,30
2,9,187,278,-417,30
2,9,187,279,-417,30
2,9,187,280,-417,30
2,9,187,281,-417,30
2,9,187,282,-417,30
2,9,187,283,-417,30
2,9,187,284,-417,30
2,9,187,285,-417,30
2,9,187,286,-417,30
2,9,187,287,-417,30
2,9,187,288,-417,30
2,9,187,289,-417,30
2,9,187,290,-417,30
2,9,187,291,-417,30
2,9,187,292,-417,30
2,9,187,293,-417,30
2,9,187,294,-417,30
2,9,187,295,-417,30
2,9,187,296,-417,30
2,9,187,297,-417,30
2,9,187,298,-417,30
2,9,187,299,-417,30
2,9,187,300,-417,30
2,9,187,301,-417,30
2,9,187,302,-417,30
2,9,187,303,-417,30
2,9,187,304,-417,30
2,9,187,305,-417,30
2,9,187,306,-417,30
2,9,187,307,-417,30
2,9,187,308,-417,30
2,9,187,309,-417,30
2,9,187,310,-417,30
2,9,187,311,-417,30
2,9,187,312,-417,30
2,9,187,313,-417,30
2,9,187,314,-417,30
2,9,187,315,-417,30
2,9,187,316,-417,30
2,9,187,318,-417,30
2,9,187,319,-417,30
2,9,187,320,-417,30
2,9,187,321,-418,21
2,9,187,321,-417,30
2,9,187,323,-444,0
2,9,187,323,-418,-21
2,9,188,323,-500,0
2,9,188,323,-418,0
2,9,189,323,-500,0
2,9,190,310,-392,0
2,9,190,320,-392,0
2,9,190,321,-392,8
2,9,190,323,-471,0
2,9,190,324,-471,-11
2,9,191,283,-392,0
2,9,191,320,-392,0
2,9,191,321,-392,8
2,9,191,321,-392,19
2,9,191,323,-471,0
2,9,192,315,-490,97
2,9,192,316,-366,0
2,9,193,323,-418,0
2,9,194,283,-366,0
2,9,194,310,-366,0
2,9,194,320,-366,0
2,9,194,321,-366,0
2,9,194,321,-366,8
2,9,194,321,-366,18
2,9,195,273,-366,18
2,9,195,274,-366,18
2,9,195,275,-366,0
2,9,195,275,-366,18
2,9,195,276,-366,0
2,9,195,276,-366,18
2,9,195,277,-366,18
2,9,195,278,-366,0
2,9,195,278,-366,18
2,9,195,279,-366,18
2,9,195,280,-366,0
2,9,195,280,-366,18
2,9,195,281,-366,0
2,9,195,281,-366,18
2,9,195,282,-366,0
2,9,195,282,-366,18
2,9,195,283,-366,0
2,9,195,283,-366,18
2,9,195,284,-366,18
2,9,195,285,-366,0
2,9,195,285,-366,18
2,9,195,286,-366,0
2,9,195,286,-366,18
2,9,195,287,-366,18
2,9,195,288,-366,0
2,9,195,288,-366,18
2,9,195,289,-366,0
2,9,195,289,-366,18
2,9,195,290,-366,18
2,9,195,291,-366,0
2,9,195,291,-366,18
2,9,195,292,-366,18
2,9,195,293,-366,18
2,9,195,294,-366,18
2,9,195,295,-366,0
2,9,195,295,-366,18
2,9,195,296,-366,18
2,9,195,297,-366,18
2,9,195,298,-366,18
2,9,195,299,-366,18
2,9,195,300,-366,18
2,9,195,301,-366,18
2,9,195,302,-366,18
2,9,195,303,-366,18
2,9,195,304,-366,18
2,9,195,305,-366,18
2,9,195,306,-366,0
2,9,195,306,-366,18
2,9,195,307,-366,18
2,9,195,308,-366,18
2,9,195,309,-366,18
2,9,195,310,-366,18
2,9,195,311,-366,18
2,9,195,312,-366,-8
2,9,195,312,-366,18
2,9,195,313,-366,18
2,9,195,314,-366,18
2,9,195,315,-366,18
2,9,195,316,-366,0
2,9,195,316,-366,18
2,9,195,317,-366,18
2,9,195,318,-366,18
2,9,195,319,-366,18
2,9,195,320,-366,0
2,9,195,320,-366,18
2,9,195,323,-418,0
2,9,195,323,-366,-8
2,9,195,326,-366,0
2,9,196,308,-340,0
2,9,196,322,-387,0
2,9,196,322,-340,0
2,9,196,323,-392,0
2,9,196,323,-366,0
2,9,196,334,-474,-156
2,9,197,276,-340,0
2,9,197,280,-340,0
2,9,197,282,-340,0
2,9,197,283,-340,0
2,9,197,286,-340,0
2,9,197,287,-340,0
2,9,197,290,-340,0
2,9,197,291,-340,0
2,9,197,293,-340,0
2,9,197,295,-340,0
2,9,197,297,-340,0
2,9,197,298,-340,0
2,9,197,299,-340,0
2,9,197,301,-340,0
2,9,197,304,-340,0
2,9,197,306,-340,0
2,9,197,307,-340,0
2,9,197,308,-340,0
2,9,197,309,-340,0
2,9,197,311,-340,0
2,9,197,312,-340,0
2,9,197,313,-340,0
2,9,197,314,-490,97
2,9,197,315,-340,0
2,9,197,316,-340,0
2,9,197,317,-500,0
2,9,197,317,-340,0
2,9,197,318,-340,0
2,9,197,319,-340,0
2,9,197,320,-340,0
2,9,197,321,-340,0
2,9,197,322,-340,0
2,9,198,326,-366,-18
2,9,199,323,-500,0
2,11,107,331,0,209
2,11,107,336,-43,-29
2,11,117,332,-202,-165
2,11,127,331,-12,-23
2,11,127,332,-26,1
2,11,128,331,-23,11
2,11,128,331,26,-1
2,11,128,331,26,1
2,11,128,331,217,-362
2,11,129,331,26,0
2,11,129,331,95,-42
2,11,129,332,-233,-285
2,11,129,332,-16,-20
2,11,129,338,-75,106
2,11,130,331,67,112
2,11,130,331,95,-42
2,11,130,331,134,-81
2,11,130,333,-217,-265
2,11,130,333,-24,-10
2,11,130,333,0,0
2,11,131,332,-381,-281
2,11,132,331,22,12
2,11,132,331,23,-12
2,11,132,331,26,1
2,11,132,331,89,128
2,11,132,331,212,-107
2,11,132,333,-107,-325
2,11,133,331,22,13
2,11,133,331,128,-22
2,11,133,332,-58,-337
2,11,133,338,-418,-51
2,11,133,338,-113,-108
2,11,134,335,-190,-285
2,11,134,339,-23,-12
2,11,135,337,-61,-172
2,11,136,331,130,0
2,11,136,339,-141,-75
2,11,137,331,23,10
2,11,138,336,20,-208
2,11,138,338,2,-104
2,11,139,329,0,0
2,11,139,339,-30,-42
2,11,140,325,-285,56
2,11,140,339,263,25
2,11,141,335,-76,252
2,11,142,339,255,-105
2,11,146,316,-107,353
2,11,147,310,-112,406
2,11,148,313,-123,375
2,11,149,311,-141,396
2,11,151,299,-137,453
2,11,153,331,-311,197
2,11,154,305,-192,432
2,11,155,336,-310,61
2,11,155,373,-201,-400
2,11,156,303,-306,394
2,11,157,307,-494,-74
2,11,157,377,-212,-424
2,11,158,361,-228,252
2,11,158,377,-224,-418
2,11,160,348,-217,226
2,11,161,312,-500,25
2,11,162,309,-498,-37
2,11,162,310,-498,-37
2,11,163,349,-342,-8
2,11,166,310,-500,0
2,11,166,311,-500,0
2,11,166,315,-500,-25
2,11,167,312,-500,-25
2,11,167,312,-500,0
2,11,167,400,-353,-353
2,11,169,311,-500,25
2,11,169,312,-500,0
2,11,170,338,-314,15
2,11,170,348,-421,0
2,11,171,312,-500,11
2,11,171,313,-497,0
2,11,172,312,-497,0
2,11,173,312,-497,11
2,11,173,388,-447,0
2,11,175,330,-433,108
2,11,175,346,-340,17
2,11,176,296,-335,371
2,11,176,298,-335,371
2,11,176,315,-471,0
2,11,176,317,-471,0
2,11,176,318,-471,0
2,11,177,317,-500,0
2,11,177,317,-471,-11
2,11,177,319,-471,-11
2,11,177,328,-500,0
2,11,177,328,-494,74
2,11,179,316,-444,0
2,11,179,319,-471,-11
2,11,180,323,-500,0
2,11,180,328,-500,0
2,11,180,328,-498,48
2,11,181,316,-444,-10
2,11,181,317,-444,-10
2,11,181,320,-444,0
2,11,181,321,-444,0
2,11,181,323,-500,0
2,11,181,328,-500,0
2,11,181,328,-498,37
2,11,181,356,-473,0
2,11,182,317,-490,97
2,11,182,319,-444,10
2,11,182,320,-444,10
2,11,183,319,-444,10
2,11,183,323,-500,0
2,11,183,337,-335,371
2,11,184,323,-471,0
2,11,185,311,-359,343
2,11,185,312,-359,343
2,11,185,312,-351,351
2,11,185,313,-359,343
2,11,185,313,-351,351
2,11,185,314,-359,343
2,11,185,314,-351,351
2,11,185,315,-359,343
2,11,185,315,-351,351
2,11,185,316,-359,343
2,11,185,316,-351,351
2,11,185,317,-359,343
2,11,185,317,-351,351
2,11,185,318,-359,343
2,11,185,318,-351,351
2,11,185,319,-359,343
2,11,185,319,-351,351
2,11,185,320,-359,343
2,11,185,320,-351,351
2,11,185,321,-359,343
2,11,185,321,-351,351
2,11,185,322,-418,0
2,11,185,322,-351,351
2,11,185,323,-500,0
2,11,185,323,-359,343
2,11,185,323,-351,351
2,11,185,324,-359,343
2,11,185,324,-351,351
2,11,185,325,-443,-33
2,11,185,325,-359,343
2,11,185,325,-351,351
2,11,185,326,-351,351
2,11,185,327,-359,343
2,11,185,327,-351,351
2,11,185,328,-359,343
2,11,185,328,-351,351
2,11,185,329,-359,343
2,11,185,330,-359,343
2,11,185,330,-351,351
2,11,185,331,-359,343
2,11,185,331,-351,351
2,11,185,333,-359,343
2,11,185,333,-351,351
2,11,185,334,-351,351
2,11,185,335,-359,343
2,11,185,335,-351,351
2,11,185,336,-351,351
2,11,185,338,-359,343
2,11,185,338,-351,351
2,11,185,339,-359,343
2,11,185,339,-351,351
2,11,185,340,-351,351
2,11,186,303,-344,358
2,11,186,318,-378,326
2,11,186,321,-418,21
2,11,186,323,-500,0
2,11,186,323,-473,0
2,11,186,325,-418,0
2,11,186,333,-359,343
2,11,187,317,-494,74
2,11,187,320,-446,43
2,11,187,321,-418,21
2,11,187,323,-444,0
2,11,187,324,-418,0
2,11,187,325,-418,-21
2,11,187,326,-418,0
2,11,188,316,-340,325
2,11,188,317,-492,85
2,11,188,317,-340,325
2,11,188,318,-340,325
2,11,188,319,-340,325
2,11,188,320,-340,325
2,11,188,321,-340,325
2,11,188,322,-340,325
2,11,188,323,-444,0
2,11,188,323,-418,0
2,11,188,323,-340,325
2,11,188,324,-500,0
2,11,188,324,-340,325
2,11,188,325,-340,325
2,11,188,326,-418,0
2,11,188,327,-340,325
2,11,188,328,-340,325
2,11,188,330,-340,325
2,11,188,333,-340,325
2,11,188,335,-340,325
2,11,188,336,-340,325
2,11,188,337,-340,325
2,11,189,316,-488,109
2,11,189,317,-492,85
2,11,189,318,-470,57
2,11,189,321,-392,8
2,11,189,322,-392,0
2,11,189,323,-447,0
2,11,189,324,-500,0
2,11,190,312,-371,335
2,11,190,313,-371,335
2,11,190,314,-371,335
2,11,190,316,-371,335
2,11,190,317,-371,335
2,11,190,336,-492,-85
2,11,191,316,-494,74
2,11,191,317,-494,74
2,11,194,392,-500,0
2,11,195,337,-417,30
2,11,199,380,-500,0
2,12,36,476,0,-500
2,12,42,460,129,-428
2,12,78,454,-217,-326
2,12,83,477,25,-500
2,12,84,459,-354,0
2,12,84,459,0,-366
2,12,87,459,-203,0
2,12,87,475,-326,-378
2,12,87,475,-70,-468
2,12,87,477,-82,-413
2,12,87,478,-66,-442
2,12,88,474,-144,-478
2,12,89,474,-167,-470
2,12,90,459,-459,0
2,12,92,477,-212,-451
2,12,93,475,-246,-435
2,12,94,475,-277,-416
2,12,95,365,-25,-6
2,12,98,468,-421,-267
2,12,107,336,-316,386
2,12,111,342,-396,141
2,12,113,343,-306,394
2,12,114,327,-296,402
2,12,131,362,-190,-404
2,12,132,368,-283,-312
2,12,133,362,-201,-400
2,12,134,363,-94,-187
2,12,135,363,16,-316
2,12,137,361,-257,-429
2,12,139,349,0,209
2,12,139,359,-24,9
2,12,139,360,-24,9
2,12,139,361,-26,-1
2,12,139,368,-74,-138
2,12,139,368,0,0
2,12,139,369,-74,-138
2,12,139,371,-74,-138
2,12,139,371,0,-130
2,12,140,320,-109,488
2,12,140,321,-121,484
2,12,143,329,-97,490
2,12,143,394,285,190
2,12,144,324,-109,488
2,12,144,324,-85,492
2,12,144,390,307,204
2,12,145,313,-167,470
2,12,145,323,-132,482
2,12,145,327,-132,482
2,12,145,359,-89,357
2,12,146,309,-74,494
2,12,146,320,-121,484
2,12,147,315,-121,484
2,12,147,316,-121,484
2,12,148,314,-121,484
2,12,148,316,-121,484
2,12,148,318,-121,484
2,12,148,342,-108,433
2,12,148,344,-108,433
2,12,148,347,-108,433
2,12,148,348,-108,433
2,12,148,362,-108,433
2,12,148,402,-230,51
2,12,149,357,-156,474
2,12,149,365,-126,457
2,12,149,366,-126,457
2,12,149,369,-129,428
2,12,150,324,-132,482
2,12,150,356,-132,482
2,12,150,373,-141,396
2,12,151,370,-150,421
2,12,153,314,-121,484
2,12,153,375,-189,376
2,12,154,341,-132,482
2,12,154,369,-192,432
2,12,156,331,-306,394
2,12,156,366,-306,394
2,12,156,382,-234,317
2,12,156,383,-96,123
2,12,158,365,-172,200
2,12,158,375,-257,365
2,12,159,341,-335,371
2,12,159,364,-335,371
2,12,159,373,-248,372
2,12,159,377,-258,332
2,12,159,377,-250,339
2,12,159,379,-275,319
2,12,160,363,-195,215
2,12,160,380,-283,312
2,12,161,339,-335,371
2,12,161,368,-335,371
2,12,161,373,-272,386
2,12,161,373,-266,360
2,12,161,375,-266,360
2,12,161,378,-300,332
2,12,162,361,-212,234
2,12,162,372,-281,381
2,12,162,374,-274,353
2,12,163,348,-326,378
2,12,163,352,-326,378
2,12,163,369,-345,361
2,12,163,375,-309,358
2,12,163,375,-292,339
2,12,164,366,-277,416
2,12,164,374,-309,358
2,12,165,362,-372,132
2,12,165,366,-287,408
2,12,166,348,-335,371
2,12,166,398,-326,-217
2,12,166,399,-182,-22
2,12,167,354,-345,361
2,12,167,362,-361,345
2,12,167,363,-361,345
2,12,167,366,-345,361
2,12,167,367,-361,345
2,12,167,393,-395,-9
2,12,168,361,-345,361
2,12,168,366,-345,361
2,12,168,368,-316,386
2,12,168,369,-326,378
2,12,169,356,-494,-74
2,12,169,362,-335,371
2,12,169,370,-326,378
2,12,169,401,-148,-277
2,12,170,365,-353,353
2,12,170,393,-421,0
2,12,171,358,-345,361
2,12,171,360,-378,326
2,12,171,360,-345,361
2,12,171,361,-345,361
2,12,171,366,-345,361
2,12,171,380,-421,0
2,12,171,393,-457,125
2,12,171,394,-419,-31
2,12,171,404,0,-459
2,12,171,404,0,-407
2,12,171,404,0,-235
2,12,171,404,0,-183
2,12,171,407,0,-500
2,12,171,408,0,-444
2,12,171,412,0,-444
2,12,171,416,0,-500
2,12,171,416,0,-444
2,12,171,417,0,-500
2,12,171,418,0,-500
2,12,172,363,-287,408
2,12,172,364,-371,335
2,12,172,418,-37,-495
2,12,173,395,-446,-33
2,12,174,360,-353,353
2,12,174,363,-353,353
2,12,174,364,-353,353
2,12,175,354,-353,353
2,12,175,355,-353,353
2,12,175,356,-371,335
2,12,175,358,-371,335
2,12,175,361,-371,335
2,12,175,361,-353,353
2,12,175,364,-353,353
2,12,175,415,-224,-447
2,12,176,367,-361,345
2,12,176,368,-361,345
2,12,176,383,-335,371
2,12,176,392,-148,449
2,12,177,411,-335,-371
2,12,178,350,-361,345
2,12,178,350,-353,353
2,12,178,351,-353,353
2,12,178,352,-361,345
2,12,178,352,-353,353
2,12,178,353,-361,345
2,12,178,353,-353,353
2,12,178,354,-371,335
2,12,178,354,-353,353
2,12,178,357,-371,335
2,12,178,357,-361,345
2,12,178,359,-345,361
2,12,178,359,-335,371
2,12,178,379,-345,361
2,12,179,352,-287,408
2,12,179,357,-361,345
2,12,179,411,-386,-316
2,12,180,348,-500,-11
2,12,180,355,-361,345
2,12,180,387,-361,345
2,12,180,387,-335,371
2,12,180,391,-361,345
2,12,180,395,-361,345
2,12,180,409,-447,-224
2,12,180,421,-236,-441
2,12,181,346,-361,345
2,12,181,347,-353,353
2,12,181,349,-353,353
2,12,181,350,-353,353
2,12,181,351,-353,353
2,12,181,351,-287,408
2,12,181,354,-353,353
2,12,181,355,-345,361
2,12,181,365,-345,361
2,12,181,368,-345,361
2,12,181,369,-345,361
2,12,181,373,-345,361
2,12,181,386,-361,345
2,12,181,386,-335,371
2,12,181,387,-361,345
2,12,181,387,-335,371
2,12,182,337,-361,345
2,12,182,348,-287,408
2,12,182,349,-378,326
2,12,182,354,-361,345
2,12,182,355,-345,361
2,12,182,364,-361,345
2,12,182,367,-353,353
2,12,182,368,-353,353
2,12,182,375,-335,371
2,12,182,386,-361,345
2,12,182,407,-488,-109
2,12,183,354,-361,345
2,12,183,368,-361,345
2,12,183,417,-361,-345
2,12,183,417,-345,-361
2,12,183,418,-335,-371
2,12,184,343,-351,351
2,12,184,351,-351,351
2,12,184,356,-344,358
2,12,184,362,-345,361
2,12,185,342,-359,343
2,12,185,342,-351,351
2,12,185,343,-359,343
2,12,185,343,-351,351
2,12,185,344,-359,343
2,12,185,344,-351,351
2,12,185,345,-359,343
2,12,185,345,-351,351
2,12,185,346,-359,343
2,12,185,346,-351,351
2,12,185,347,-351,351
2,12,185,348,-359,343
2,12,185,348,-351,351
2,12,185,349,-359,343
2,12,185,349,-351,351
2,12,185,350,-361,345
2,12,185,350,-351,351
2,12,185,351,-359,343
2,12,185,351,-351,351
2,12,185,351,-344,358
2,12,185,352,-359,343
2,12,185,352,-351,351
2,12,185,352,-344,358
2,12,185,353,-359,343
2,12,185,353,-351,351
2,12,185,354,-359,343
2,12,185,354,-351,351
2,12,185,354,-334,368
2,12,185,355,-359,343
2,12,185,355,-351,351
2,12,185,356,-359,343
2,12,185,356,-351,351
2,12,185,357,-359,343
2,12,185,357,-351,351
2,12,185,364,-345,361
2,12,185,365,-353,353
2,12,185,365,-345,361
2,12,185,417,-378,-326
2,12,185,418,-361,-345
2,12,186,335,-344,358
2,12,186,339,-344,358
2,12,186,342,-359,343
2,12,186,343,-371,335
2,12,186,343,-344,358
2,12,186,344,-344,358
2,12,186,345,-344,358
2,12,186,346,-344,358
2,12,186,347,-344,358
2,12,186,348,-353,353
2,12,186,348,-344,358
2,12,186,349,-344,358
2,12,186,350,-359,343
2,12,186,350,-344,358
2,12,186,352,-334,368
2,12,186,353,-334,368
2,12,186,357,-384,314
2,12,186,357,-359,343
2,12,186,361,-378,326
2,12,186,361,-361,345
2,12,186,364,-408,287
2,12,186,364,-345,361
2,12,186,403,-345,-361
2,12,186,409,-474,-156
2,12,186,417,-386,-316
2,12,187,348,-333,332
2,12,187,357,-369,333
2,12,187,357,-359,343
2,12,187,364,-361,345
2,12,188,343,-340,325
2,12,188,344,-340,325
2,12,188,347,-340,325
2,12,188,347,-333,332
2,12,188,351,-340,325
2,12,188,352,-340,325
2,12,188,353,-340,325
2,12,188,354,-340,325
2,12,188,362,-394,306
2,12,188,363,-402,296
2,12,188,364,-408,287
2,12,188,410,-478,-144
2,12,189,347,-340,325
2,12,189,353,-371,335
2,12,189,360,-394,306
2,12,189,384,-500,0
2,12,189,407,-494,-74
2,12,189,409,-482,-132
2,12,190,341,-371,335
2,12,190,342,-371,335
2,12,190,343,-371,335
2,12,190,344,-371,335
2,12,190,346,-371,335
2,12,190,347,-371,335
2,12,190,348,-371,335
2,12,190,350,-371,335
2,12,190,357,-378,326
2,12,190,360,-402,296
2,12,190,362,-408,287
2,12,190,411,-474,-156
2,12,191,359,-394,306
2,12,191,361,-408,287
2,12,191,388,-500,0
2,12,192,360,-402,296
2,12,192,361,-408,287
2,12,193,388,-500,0
2,12,194,399,-496,60
2,12,196,384,-500,0
2,12,198,380,-500,0
2,12,198,387,-500,0
2,12,198,388,-500,0
2,12,199,384,-500,0
2,12,200,380,-500,0
2,12,200,381,-500,0
2,39,132,1296,-162,302
2,39,132,1300,-150,-279
2,39,134,1293,141,173
2,39,136,1300,22,307
2,39,136,1300,23,312
2,39,139,1297,0,235
2,39,139,1305,0,0
2,39,139,1314,0,-52
2,39,139,1325,0,-447
2,39,139,1342,0,-500
2,39,139,1352,0,-500
2,39,140,1289,81,-105
2,39,143,1315,-91,-303
2,39,147,1345,-132,-482
2,39,148,1320,-141,-396
2,39,149,1304,-107,353
2,39,149,1320,-141,-396
2,39,149,1324,-140,-425
2,39,150,1320,-150,-391
2,39,151,1323,-160,-417
2,39,152,1327,-170,-442
2,39,156,1313,0,-500
2,39,173,1259,-447,0
2,39,181,1325,-361,-345
2,39,182,1325,-361,-345
2,39,185,1306,-359,-344
2,39,185,1309,-334,-369
2,39,185,1313,-359,-344
2,39,185,1315,-359,-344
2,39,185,1317,-359,-344
2,39,185,1318,-359,-344
2,39,185,1319,-351,-351
2,39,185,1320,-359,-344
2,39,186,1317,-351,-351
2,39,186,1319,-351,-351
2,39,189,1276,-500,0
2,39,190,1259,-500,0
2,39,190,1275,-500,25
2,39,195,1273,-466,-179
2,39,199,1276,-500,0
2,39,200,1274,-500,11
2,41,107,1358,-23,-12
2,41,107,1359,-117,-63
2,41,107,1360,-13,261
2,41,132,1360,-139,313
2,41,136,1299,-146,-65
2,41,139,1389,0,-447
2,41,142,1385,-109,-488
2,41,147,1403,-144,-478
2,41,157,1342,-157,0
2,41,163,1344,-309,-54
2,41,163,1386,-498,37
2,41,166,1282,-350,233
2,41,171,1341,-444,-22
2,41,173,1340,-444,0
2,41,173,1397,-353,-353
2,41,176,1360,-353,-353
2,41,178,1340,-471,23
2,41,178,1341,-471,-24
2,41,178,1349,-471,23
2,41,178,1351,-471,23
2,41,178,1378,-471,23
2,41,179,1371,-439,-169
2,41,180,1341,-444,-10
2,41,183,1367,-353,-353
2,41,183,1374,-444,10
2,41,183,1388,-353,-353
2,41,184,1340,-500,0
2,41,184,1341,-500,0
2,41,185,1341,-500,0
2,41,185,1372,-359,-344
2,41,186,1358,-382,-229
2,41,186,1371,-351,-351
2,41,187,1339,-417,30
2,41,187,1340,-417,30
2,41,187,1341,-418,0
2,41,187,1342,-418,-21
2,41,187,1342,-417,-31
2,41,187,1343,-417,-41
2,41,187,1343,-417,-31
2,41,187,1343,-417,30
2,41,187,1344,-417,-41
2,41,187,1345,-417,30
2,41,187,1345,-415,-50
2,41,187,1346,-414,-62
2,41,187,1346,-412,-72
2,41,187,1347,-417,30
2,41,187,1348,-417,30
2,41,187,1349,-417,30
2,41,187,1350,-417,30
2,41,187,1351,-417,30
2,41,187,1352,-417,30
2,41,187,1353,-417,30
2,41,187,1359,-387,-219
2,41,187,1367,-364,-298
2,41,188,1340,-414,0
2,41,189,1341,-500,0
2,41,190,1284,-500,0
2,41,190,1323,-500,0
2,41,190,1340,-392,0
2,41,190,1341,-500,0
2,41,190,1361,-360,-216
2,41,191,1340,-392,0
2,41,191,1343,-392,-20
2,41,191,1344,-391,-29
2,41,191,1361,-392,19
2,41,191,1361,-364,-206
2,41,191,1365,-392,19
2,41,192,1366,-348,-232
2,41,193,1349,-359,-71
2,41,193,1361,-372,-199
2,41,194,1340,-366,0
2,41,194,1342,-366,-8
2,41,194,1348,-492,-85
2,41,194,1358,-354,-167
2,41,194,1359,-354,-167
2,41,194,1361,-346,-185
2,41,195,1338,-366,18
2,41,195,1339,-366,18
2,41,195,1340,-366,0
2,41,195,1340,-366,18
2,41,195,1341,-366,0
2,41,195,1342,-366,-8
2,41,195,1342,-366,18
2,41,195,1343,-366,-18
2,41,195,1343,-366,-8
2,41,195,1343,-366,18
2,41,195,1343,-365,-27
2,41,195,1344,-366,18
2,41,195,1344,-365,-35
2,41,195,1344,-365,-27
2,41,195,1345,-366,18
2,41,195,1345,-365,-35
2,41,195,1345,-363,-44
2,41,195,1346,-366,18
2,41,195,1347,-366,18
2,41,195,1347,-362,-54
2,41,195,1347,-360,-63
2,41,195,1348,-366,18
2,41,195,1349,-366,18
2,41,195,1350,-366,18
2,41,195,1351,-366,0
2,41,195,1351,-366,18
2,41,195,1352,-366,0
2,41,195,1352,-366,18
2,41,196,1340,-361,0
2,41,196,1343,-340,-17
2,41,197,1341,-340,0
2,41,197,1344,-339,-25
2,41,197,1352,-340,0
2,41,197,1354,-340,0
2,41,199,1341,-471,0
2,41,199,1341,-418,0
2,41,200,1341,-500,0
2,45,54,1486,160,300
2,45,75,1513,0,-421
2,45,75,1517,0,-447
2,45,101,1396,201,201
2,45,101,1396,203,203
2,45,106,1396,221,221
2,45,107,1419,-157,0
2,45,107,1422,0,0
2,45,108,1423,-53,175
2,45,108,1426,-255,-57
2,45,109,1419,130,12
2,45,111,1401,216,324
2,45,111,1413,-107,353
2,45,116,1426,92,-126
2,45,119,1425,140,-155
2,45,120,1418,-76,-304
2,45,120,1425,17,-182
2,45,122,1401,-233,350
2,45,122,1421,-69,-252
2,45,122,1425,170,-120
2,45,124,1415,-183,-289
2,45,127,1409,-394,-38
2,45,127,1423,23,-237
2,45,127,1425,117,-176
2,45,128,1424,74,-226
2,45,129,1401,-339,-292
2,45,129,1421,-230,-384
2,45,130,1419,-219,-297
2,45,131,1418,-190,-404
2,45,131,1425,132,-126
2,45,132,1404,-170,-442
2,45,132,1418,-153,-304
2,45,133,1422,-250,-339
2,45,133,1422,-233,-350
2,45,133,1423,-250,-339
2,45,133,1424,20,-208
2,45,134,1426,141,-116
2,45,136,1422,-419,31
2,45,137,1423,22,-234
2,45,137,1427,-25,-46
2,45,138,1427,-29,-43
2,45,139,1523,-361,-345
2,45,143,1526,-353,-353
2,45,148,1398,-141,394
2,45,149,1395,-140,424
2,45,156,1388,-181,438
2,45,158,1482,-207,-240
2,45,159,1443,-342,0
2,45,166,1393,-345,361
2,45,167,1393,-345,361
2,45,167,1420,-500,-25
2,45,169,1395,-498,48
2,45,170,1443,-421,0
2,45,171,1443,-473,0
2,45,173,1401,-497,11
2,45,174,1386,-353,353
2,45,178,1431,-471,23
2,45,178,1437,-471,23
2,45,178,1439,-471,23
2,45,178,1440,-471,23
2,45,179,1436,-444,0
2,45,182,1444,-498,-37
2,45,183,1443,-500,0
2,45,183,1444,-494,-74
2,45,184,1436,-418,0
2,45,185,1444,-500,-25
2,45,185,1444,-496,-60
2,45,186,1405,-344,358
2,45,186,1409,-344,358
2,45,186,1423,-344,358
2,45,186,1444,-500,-25
2,45,187,1412,-418,0
2,45,187,1427,-417,30
2,45,187,1428,-417,30
2,45,187,1429,-417,30
2,45,187,1430,-417,30
2,45,187,1431,-417,30
2,45,187,1432,-417,30
2,45,187,1433,-417,30
2,45,187,1434,-417,30
2,45,187,1435,-417,30
2,45,187,1436,-417,30
2,45,187,1437,-417,30
2,45,187,1438,-417,30
2,45,187,1439,-417,30
2,45,187,1440,-417,30
2,45,187,1441,-417,30
2,45,191,1468,-471,10
2,45,193,1419,-366,0
2,45,194,1420,-366,0
2,45,195,1424,-366,0
2,45,195,1425,-366,18
2,45,195,1426,-366,18
2,45,195,1427,-366,18
2,45,195,1428,-366,18
2,45,195,1429,-366,18
2,45,195,1430,-366,18
2,45,195,1431,-366,18
2,45,195,1432,-366,18
2,45,195,1433,-366,18
2,45,195,1434,-366,18
2,45,195,1435,-490,97
2,45,195,1435,-366,18
2,45,195,1436,-366,18
2,45,195,1437,-366,18
2,45,195,1438,-366,18
2,45,195,1439,-366,18
2,45,195,1440,-366,18
2,45,196,1436,-340,0
2,45,197,1427,-340,0
2,45,198,1424,-367,27
2,45,198,1443,-500,0
2,45,200,1422,-444,53
2,45,200,1443,-500,0
2,82,124,2701,0,-447
2,82,124,2725,0,-500
2,82,138,2722,-189,-401
2,82,139,2701,0,-447
2,82,139,2710,0,-366
2,82,139,2720,0,-500
2,82,140,2650,-35,155
2,82,140,2664,123,-262
2,82,140,2665,81,-105
2,82,140,2671,-71,-172
2,82,140,2698,-21,-421
2,82,141,2722,-18,-366
2,82,142,2653,146,153
2,82,142,2695,-48,-392
2,82,143,2635,-126,-93
2,82,143,2694,-58,-391
2,82,143,2704,-54,-444
2,82,143,2728,-60,-496
2,82,144,2654,224,79
2,82,144,2705,-57,-470
2,82,145,2652,230,130
2,82,145,2659,254,-230
2,82,145,2663,232,-52
2,82,145,2701,-45,-257
2,82,146,2635,-264,0
2,82,146,2653,332,82
2,82,146,2721,-132,-482
2,82,147,2721,-132,-482
2,82,147,2724,-85,-383
2,82,148,2652,290,6
2,82,148,2696,-141,-396
2,82,149,2659,341,-141
2,82,149,2696,-141,-396
2,82,149,2700,-140,-425
2,82,150,2681,-260,-130
2,82,150,2696,-161,-390
2,82,150,2701,-149,-419
2,82,150,2707,-137,-453
2,82,150,2715,-74,-494
2,82,151,2649,183,-289
2,82,151,2725,-74,-494
2,82,152,2637,-22,-14
2,82,152,2725,-74,-494
2,82,153,2702,-181,-438
2,82,154,2654,266,-326
2,82,156,2655,247,-237
2,82,156,2656,-113,-108
2,82,156,2659,311,-197
2,82,159,2652,-264,13
2,82,159,2652,-130,0
2,82,160,2668,153,306
2,82,161,2637,-50,12
2,82,162,2636,-100,30
2,82,164,2652,-369,8
2,82,173,2652,-447,10
2,82,174,2694,-353,-353
2,82,176,2652,-447,0
2,82,176,2701,-353,-353
2,82,180,2653,-306,-394
2,82,181,2657,-335,-371
2,82,181,2680,-345,-361
2,82,181,2684,-361,-345
2,82,181,2701,-361,-345
2,82,182,2701,-361,-345
2,82,183,2679,-361,-345
2,82,183,2700,-353,-353
2,82,183,2708,-353,-353
2,82,185,2675,-345,-361
2,82,185,2682,-359,-344
2,82,185,2683,-359,-344
2,82,185,2684,-359,-344
2,82,185,2686,-359,-344
2,82,185,2687,-359,-344
2,82,185,2688,-359,-344
2,82,185,2689,-359,-344
2,82,185,2690,-359,-344
2,82,185,2691,-359,-344
2,82,185,2692,-359,-344
2,82,185,2692,-351,-351
2,82,185,2693,-359,-344
2,82,185,2694,-359,-344
2,82,185,2695,-359,-344
2,82,185,2695,-351,-351
2,82,185,2696,-359,-344
2,82,185,2704,-351,-351
2,82,186,2682,-369,-334
2,82,186,2682,-359,-344
2,82,186,2693,-359,-344
2,82,186,2694,-359,-344
2,82,186,2696,-369,-334
2,82,187,2682,-359,-344
2,82,188,2693,-340,-325
2,82,189,2651,-500,0
2,82,189,2652,-500,0
2,82,189,2660,-500,0
2,82,189,2674,-371,-335
2,82,189,2683,-402,-296
2,82,189,2691,-340,-325
2,82,189,2696,-340,-325
2,82,190,2651,-500,25
2,82,191,2681,-408,-287
2,82,192,2679,-408,-287
2,82,193,2679,-416,-277
2,82,196,2656,-498,48
2,82,199,2651,-500,0
2,82,199,2652,-500,0
2,82,199,2659,-500,0
2,82,199,2660,-500,0
2,82,200,2650,-500,11
2,84,105,2742,89,-128
2,84,124,2747,-9,-24
2,84,124,2783,0,-418
2,84,124,2787,0,-392
2,84,125,2783,-25,-500
2,84,125,2788,-25,-500
2,84,136,2784,-191,-462
2,84,138,2740,-50,12
2,84,139,2741,0,0
2,84,139,2744,43,28
2,84,139,2747,0,104
2,84,139,2778,-224,-447
2,84,140,2694,92,173
2,84,143,2787,-224,-447
2,84,144,2786,-236,-441
2,84,147,2728,0,-316
2,84,147,2744,0,-290
2,84,148,2719,-110,-266
2,84,152,2747,-102,-408
2,84,152,2765,-171,-414
2,84,156,2756,-210,-299
2,84,157,2706,-309,53
2,84,157,2718,-157,0
2,84,160,2717,-418,-10
2,84,162,2721,361,-345
2,84,165,2697,-278,69
2,84,165,2732,-358,-264
2,84,166,2753,-500,-25
2,84,166,2766,-345,-361
2,84,167,2718,-418,0
2,84,167,2766,-345,-361
2,84,167,2767,-345,-361
2,84,168,2718,-418,0
2,84,168,2731,-418,0
2,84,168,2748,-500,-25
2,84,168,2759,-500,25
2,84,170,2770,-345,-361
2,84,171,2722,-466,-179
2,84,171,2754,-497,-11
2,84,171,2762,-497,0
2,84,171,2770,-345,-361
2,84,171,2771,-353,-353
2,84,171,2771,-345,-361
2,84,172,2657,-418,223
2,84,172,2772,-353,-353
2,84,172,2773,-353,-353
2,84,173,2718,-392,0
2,84,173,2773,-361,-345
2,84,173,2773,-353,-353
2,84,173,2773,-345,-361
2,84,174,2774,-353,-353
2,84,175,2753,-471,-11
2,84,175,2753,-471,0
2,84,176,2718,-471,-11
2,84,176,2721,-471,0
2,84,176,2722,-471,0
2,84,176,2726,-471,0
2,84,176,2728,-471,0
2,84,176,2730,-471,0
2,84,176,2731,-471,-11
2,84,178,2716,-471,23
2,84,178,2719,-469,-46
2,84,178,2720,-471,23
2,84,178,2727,-471,23
2,84,178,2728,-471,23
2,84,178,2729,-471,23
2,84,178,2754,-471,23
2,84,180,2717,-444,-10
2,84,180,2717,-444,0
2,84,180,2753,-444,-10
2,84,180,2754,-444,-10
2,84,183,2737,-444,22
2,84,183,2751,-444,22
2,84,184,2754,-418,0
2,84,185,2717,-351,-351
2,84,185,2734,-382,-229
2,84,185,2749,-418,0
2,84,185,2752,-418,0
2,84,185,2754,-418,0
2,84,185,2755,-447,-23
2,84,186,2725,-404,-111
2,84,186,2734,-382,-229
2,84,186,2740,-351,-351
2,84,186,2752,-496,-60
2,84,187,2715,-417,30
2,84,187,2716,-417,30
2,84,187,2718,-417,-31
2,84,187,2718,-417,30
2,84,187,2719,-417,30
2,84,187,2720,-418,-21
2,84,187,2720,-417,-41
2,84,187,2720,-417,30
2,84,187,2721,-418,21
2,84,187,2721,-417,30
2,84,187,2722,-417,30
2,84,187,2722,-412,-72
2,84,187,2723,-417,30
2,84,187,2724,-417,30
2,84,187,2725,-417,30
2,84,187,2726,-417,30
2,84,187,2727,-418,0
2,84,187,2727,-417,30
2,84,187,2728,-417,30
2,84,187,2729,-417,30
2,84,187,2735,-387,-219
2,84,187,2737,-375,-238
2,84,187,2744,-418,0
2,84,188,2716,-414,0
2,84,188,2745,-350,-316
2,84,189,2717,-500,0
2,84,189,2748,-392,0
2,84,189,2749,-392,0
2,84,189,2754,-494,-74
2,84,190,2716,-392,0
2,84,190,2717,-500,0
2,84,190,2718,-392,0
2,84,190,2722,-386,-67
2,84,190,2726,-392,0
2,84,190,2727,-392,-9
2,84,191,2716,-392,0
2,84,191,2719,-392,-9
2,84,191,2720,-392,19
2,84,191,2737,-392,19
2,84,191,2737,-364,-206
2,84,191,2738,-392,19
2,84,191,2739,-353,-224
2,84,191,2744,-392,0
2,84,192,2736,-351,-176
2,84,192,2737,-364,-206
2,84,193,2725,-359,-71
2,84,193,2736,-366,0
2,84,193,2737,-342,-193
2,84,193,2739,-337,-202
2,84,193,2742,-366,0
2,84,194,2716,-366,0
2,84,194,2718,-366,-8
2,84,194,2718,-366,0
2,84,194,2719,-366,-8
2,84,194,2723,-360,-63
2,84,194,2726,-366,0
2,84,194,2726,-355,-89
2,84,194,2727,-366,-8
2,84,194,2728,-350,-106
2,84,194,2736,-394,29
2,84,195,2714,-366,18
2,84,195,2715,-366,18
2,84,195,2716,-366,0
2,84,195,2716,-366,18
2,84,195,2717,-366,18
2,84,195,2718,-366,18
2,84,195,2719,-366,-18
2,84,195,2719,-366,-8
2,84,195,2719,-366,18
2,84,195,2719,-365,-27
2,84,195,2720,-366,-8
2,84,195,2720,-366,18
2,84,195,2721,-366,0
2,84,195,2721,-366,18
2,84,195,2721,-365,-35
2,84,195,2722,-366,18
2,84,195,2723,-366,18
2,84,195,2723,-360,-63
2,84,195,2724,-366,18
2,84,195,2725,-366,18
2,84,195,2726,-366,18
2,84,195,2727,-366,-8
2,84,195,2727,-366,0
2,84,195,2727,-366,18
2,84,195,2728,-366,18
2,84,195,2731,-366,18
2,84,195,2732,-366,18
2,84,195,2736,-366,0
2,84,196,2704,-478,144
2,84,196,2706,-478,144
2,84,196,2716,-361,0
2,84,197,2716,-361,0
2,84,197,2717,-340,0
2,84,197,2718,-340,0
2,84,197,2721,-340,0
2,84,197,2722,-340,0
2,84,197,2724,-340,0
2,84,197,2725,-340,0
2,84,197,2726,-340,0
2,84,197,2728,-340,0
2,84,197,2730,-340,0
2,84,197,2731,-340,0
2,84,198,2708,-478,144
2,84,198,2716,-361,0
2,84,198,2717,-500,0
2,84,198,2725,-366,18
2,84,199,2709,-482,132
2,84,199,2712,-443,32
2,84,199,2717,-500,0
2,84,199,2717,-471,0
2,84,200,2717,-500,0
2,84,200,2725,-492,-85
2,116,60,3650,326,378
2,116,62,3655,306,394
2,116,71,3659,296,402
2,116,72,3662,-335,371
2,116,75,3666,0,447
2,116,87,3649,-74,494
2,116,90,3665,-386,316
2,116,90,3668,-500,0
2,116,91,3668,-500,0
2,116,92,3653,-224,447
2,116,93,3668,-500,0
2,116,94,3655,-306,394
2,116,94,3668,-500,0
2,116,95,3654,-316,386
2,116,99,3654,-378,326
2,116,127,3788,50,-336
2,116,128,3673,67,389
2,116,137,3794,0,-264
2,116,142,3732,26,0
2,116,149,3725,-261,-39
2,116,159,3692,-407,111
2,116,161,3670,-316,316
2,116,161,3808,-255,-363
2,116,162,3724,-237,-17
2,116,165,3760,-154,-30
2,116,166,3725,-395,-20
2,116,167,3724,-395,-9
2,116,169,3729,-111,-208
2,116,170,3726,-419,-31
2,116,170,3727,-98,-437
2,116,170,3739,-421,0
2,116,170,3761,-415,-72
2,116,171,3721,-395,19
2,116,171,3732,0,-261
2,116,171,3735,0,-340
2,116,171,3744,-277,-416
2,116,171,3746,0,-500
2,116,171,3747,0,-500
2,116,172,3722,-231,230
2,116,173,3738,-447,10
2,116,173,3740,-447,0
2,116,173,3741,-447,0
2,116,173,3743,-97,-490
2,116,173,3743,-74,-494
2,116,173,3744,-97,-490
2,116,173,3750,-447,0
2,116,173,3754,-447,0
2,116,173,3755,-447,0
2,116,174,3739,-447,22
2,116,174,3743,-156,-474
2,116,174,3743,-121,-484
2,116,174,3755,-447,0
2,116,175,3743,-191,-462
2,116,175,3746,-167,-470
2,116,175,3746,-132,-482
2,116,176,3746,-179,-466
2,116,176,3746,-156,-474
2,116,177,3709,-224,447
2,116,177,3749,-179,-466
2,116,177,3750,-167,-470
2,116,177,3751,-167,-470
2,116,178,3748,-224,-447
2,116,178,3751,-167,-470
2,116,179,3739,-386,-316
2,116,179,3747,-441,-236
2,116,179,3747,-246,-435
2,116,179,3749,-224,-447
2,116,180,3707,-267,421
2,116,180,3738,-386,-316
2,116,180,3745,-296,-402
2,116,180,3748,-246,-435
2,116,181,3724,-457,125
2,116,181,3744,-316,-386
2,116,183,3738,-447,-224
2,116,184,3744,-371,-335
2,116,184,3748,-326,-378
2,116,185,3745,-369,-334
2,116,186,3737,-474,-156
2,116,187,3718,-482,132
2,116,187,3738,-470,-167
2,116,187,3743,-500,0
2,116,188,3716,-500,0
2,116,188,3716,-492,-85
2,116,188,3720,-496,60
2,116,188,3738,-500,0
2,116,188,3739,-500,0
2,116,188,3739,-462,-191
2,116,188,3740,-500,0
2,116,188,3740,-451,-212
2,116,188,3740,-361,-345
2,116,188,3740,-287,-408
2,116,188,3741,-500,0
2,116,188,3743,-500,0
2,116,188,3743,-287,-408
2,116,188,3744,-500,0
2,116,188,3744,-287,-408
2,116,194,3728,-496,60
2,116,197,3727,-496,60
2,119,62,3769,266,325
2,119,124,3782,89,-357
2,119,139,3755,-287,408
2,119,139,3770,0,380
2,119,141,3828,134,71
2,119,146,3795,270,-82
2,119,155,3880,-150,-250
2,119,159,3788,-407,111
2,119,162,3880,-274,-353
2,119,163,3836,-183,0
2,119,163,3838,-340,-41
2,119,164,3765,-292,339
2,119,164,3787,-437,97
2,119,165,3815,-157,0
2,119,165,3823,-389,67
2,119,166,3788,-383,95
2,119,166,3821,-373,112
2,119,166,3823,-389,67
2,119,166,3884,-298,-364
2,119,167,3808,-394,-29
2,119,168,3819,-335,101
2,119,169,3790,-415,72
2,119,169,3822,-415,72
2,119,169,3825,-111,-208
2,119,170,3822,-415,72
2,119,171,3786,-354,166
2,119,171,3805,-167,470
2,119,171,3808,0,500
2,119,171,3828,0,-261
2,119,171,3839,0,-500
2,119,173,3795,-447,0
2,119,173,3796,-447,0
2,119,173,3799,-447,0
2,119,173,3803,-447,0
2,119,173,3804,-447,0
2,119,173,3805,-447,0
2,119,173,3807,-447,0
2,119,173,3808,-447,0
2,119,173,3814,-447,0
2,119,173,3815,-447,0
2,119,173,3816,-447,0
2,119,173,3817,-447,0
2,119,173,3819,-447,0
2,119,173,3823,-446,-43
2,119,173,3824,-442,-66
2,119,173,3826,-447,0
2,119,173,3828,-447,0
2,119,173,3830,-447,0
2,119,173,3843,-447,0
2,119,174,3802,-121,484
2,119,174,3807,-121,484
2,119,174,3809,-447,-10
2,119,174,3809,-167,470
2,119,174,3816,-447,0
2,119,174,3819,-437,97
2,119,174,3828,-447,0
2,119,174,3832,-267,-421
2,119,174,3843,-447,0
2,119,175,3801,-132,482
2,119,175,3805,-132,482
2,119,175,3809,-203,457
2,119,176,3806,-191,462
2,119,177,3836,-473,0
2,119,178,3846,-212,-451
2,119,179,3812,-386,316
2,119,180,3802,-224,447
2,119,180,3831,-482,-132
2,119,181,3832,-500,0
2,119,182,3839,-441,-236
2,119,183,3806,-441,236
2,119,183,3840,-441,-236
2,119,184,3778,-348,232
2,119,184,3806,-371,335
2,119,184,3807,-378,326
2,119,184,3808,-361,345
2,119,184,3837,-416,-277
2,119,185,3810,-435,246
2,119,185,3842,-500,0
2,119,185,3842,-345,-361
2,119,186,3821,-500,25
2,119,186,3841,-500,0
2,119,187,3781,-478,144
2,119,187,3807,-287,408
2,119,187,3830,-500,0
2,119,187,3834,-478,-144
2,119,187,3834,-470,-167
2,119,188,3784,-500,0
2,119,188,3810,-500,0
2,119,188,3810,-306,394
2,119,188,3811,-500,0
2,119,188,3812,-306,394
2,119,188,3813,-306,394
2,119,188,3814,-500,0
2,119,188,3816,-500,0
2,119,188,3817,-500,0
2,119,188,3817,-306,394
2,119,188,3830,-500,0
2,119,188,3831,-500,0
2,119,188,3832,-484,-121
2,119,188,3834,-478,-144
2,119,188,3836,-500,0
2,119,188,3836,-478,-144
2,119,188,3839,-500,0
2,119,188,3839,-429,-257
2,119,189,3835,-466,-179
2,119,189,3836,-466,-179
2,119,189,3836,-462,-191
2,119,190,3835,-466,-179
2,119,190,3836,-462,-191
2,119,191,3807,-444,-22
2,119,192,3816,-471,10
3,13,92,491,0,-421
3,13,114,491,0,-369
3,13,115,494,23,-312
3,13,124,497,0,-473
3,13,124,501,0,-473
3,13,139,346,0,459
3,13,139,363,-85,492
3,13,139,364,-85,492
3,13,139,365,0,380
3,13,139,366,0,447
3,13,139,368,0,407
3,13,139,370,0,447
3,13,139,372,115,192
3,13,139,375,0,262
3,13,139,375,0,407
3,13,139,380,0,130
3,13,139,380,0,369
3,13,139,395,-171,199
3,13,140,361,-132,482
3,13,140,373,-21,421
3,13,140,386,-61,202
3,13,141,369,-33,445
3,13,141,370,-33,445
3,13,142,382,-57,230
3,13,142,385,-64,255
3,13,142,395,-262,-19
3,13,142,397,-466,-81
3,13,143,355,-121,484
3,13,143,356,-121,484
3,13,143,381,-84,278
3,13,143,383,-84,278
3,13,143,385,-84,278
3,13,145,380,-98,355
3,13,146,375,-96,382
3,13,147,349,-132,482
3,13,147,350,-132,482
3,13,147,372,-102,408
3,13,147,374,-112,406
3,13,150,363,-126,457
3,13,151,389,-383,-96
3,13,151,401,31,-180
3,13,152,363,-148,449
3,13,153,370,-201,427
3,13,153,497,27,-367
3,13,155,389,-219,-229
3,13,156,367,-306,394
3,13,156,368,-306,394
3,13,156,390,-178,-153
3,13,156,395,13,-264
3,13,156,491,0,-421
3,13,156,496,0,-447
3,13,156,501,0,-473
3,13,156,506,0,-500
3,13,157,392,-159,-446
3,13,157,396,13,-261
3,13,158,394,-97,-273
3,13,158,400,57,-176
3,13,158,485,-321,-307
3,13,158,486,-25,-207
3,13,159,365,-335,371
3,13,159,512,-60,-496
3,13,160,392,-151,-366
3,13,160,399,121,-202
3,13,160,403,138,-74
3,13,161,391,-127,-287
3,13,162,394,-117,-263
3,13,162,401,55,-202
3,13,163,363,-326,378
3,13,163,364,-326,378
3,13,163,401,116,-174
3,13,163,403,161,-86
3,13,164,359,-335,371
3,13,164,364,-345,361
3,13,164,491,0,-421
3,13,164,496,0,-447
3,13,166,358,-335,371
3,13,166,359,-353,353
3,13,166,361,-335,371
3,13,166,378,-340,325
3,13,166,397,-14,-287
3,13,166,399,107,-213
3,13,167,358,-316,386
3,13,167,362,-345,361
3,13,167,363,-345,361
3,13,167,364,-345,361
3,13,167,368,-345,361
3,13,168,361,-345,361
3,13,168,384,-377,239
3,13,169,362,-335,371
3,13,169,366,-345,361
3,13,169,400,107,-180
3,13,170,399,117,-234
3,13,170,473,-229,-219
3,13,170,497,8,-369
3,13,170,500,7,-342
3,13,171,361,-361,345
3,13,171,362,-361,345
3,13,171,363,-361,345
3,13,171,364,-361,345
3,13,171,376,0,392
3,13,171,386,-361,345
3,13,172,363,-353,353
3,13,172,365,-345,361
3,13,173,360,-335,371
3,13,173,360,-277,416
3,13,173,361,-361,345
3,13,173,361,-335,371
3,13,173,362,-335,371
3,13,173,383,-335,371
3,13,174,364,-296,402
3,13,174,372,-345,361
3,13,174,375,-345,361
3,13,174,376,-345,361
3,13,174,379,-345,361
3,13,175,359,-277,416
3,13,175,360,-296,402
3,13,175,361,-353,353
3,13,175,362,-345,361
3,13,175,362,-335,371
3,13,175,363,-345,361
3,13,175,372,-345,361
3,13,175,375,-345,361
3,13,175,376,-345,361
3,13,175,379,-345,361
3,13,176,359,-335,371
3,13,176,360,-335,371
3,13,176,361,-353,353
3,13,176,362,-353,353
3,13,176,362,-335,371
3,13,176,368,-353,353
3,13,176,372,-345,361
3,13,176,375,-345,361
3,13,176,382,-335,371
3,13,177,360,-353,353
3,13,177,368,-353,353
3,13,177,368,-345,361
3,13,177,369,-345,361
3,13,177,372,-345,361
3,13,177,382,-248,273
3,13,177,469,-185,0
3,13,178,361,-353,353
3,13,178,361,-335,371
3,13,178,362,-335,371
3,13,178,363,-345,361
3,13,178,363,-335,371
3,13,178,364,-353,353
3,13,178,364,-345,361
3,13,178,365,-353,353
3,13,178,367,-353,353
3,13,178,368,-353,353
3,13,178,368,-345,361
3,13,178,369,-345,361
3,13,178,371,-345,361
3,13,178,372,-345,361
3,13,178,379,-345,361
3,13,178,379,-340,325
3,13,179,364,-345,361
3,13,179,365,-361,345
3,13,179,365,-353,353
3,13,179,368,-345,361
3,13,179,371,-353,353
3,13,179,371,-345,361
3,13,179,371,-335,371
3,13,179,372,-345,361
3,13,179,378,-361,345
3,13,179,378,-345,361
3,13,179,379,-345,361
3,13,179,388,-151,144
3,13,179,388,-116,141
3,13,179,389,-151,144
3,13,179,389,-132,161
3,13,180,364,-361,345
3,13,180,365,-353,353
3,13,180,387,-136,158
3,13,180,388,-151,144
3,13,180,388,-136,158
3,13,180,480,-319,-275
3,13,181,365,-361,345
3,13,182,367,-353,353
3,13,183,488,-171,-385
3,13,183,495,-159,-446
3,13,184,487,-179,-380
3,13,185,382,-227,216
3,13,185,382,-217,226
3,13,185,382,-205,237
3,13,187,389,-260,223
3,13,187,391,-270,210
3,13,188,452,-219,-229
3,13,191,455,-290,14
3,13,191,484,-266,-326
3,13,192,509,-353,-353
3,13,192,509,-345,-361
3,13,193,386,-305,250
3,13,194,377,-283,312
3,13,195,382,-326,266
3,13,196,382,-326,266
3,13,196,383,-332,258
3,13,196,395,-323,309
3,13,196,456,-369,8
3,13,197,395,-378,114
3,13,197,469,-372,-132
3,13,197,477,-424,-212
3,13,197,488,-309,-323
3,13,197,494,-290,-374
3,13,198,390,-377,189
3,13,198,486,-323,-309
3,13,198,492,-300,-366
3,13,198,493,-300,-366
3,13,199,422,-345,361
3,13,199,488,-345,-361
3,13,200,394,-403,121
3,13,200,487,-408,-287
3,13,201,377,-346,283
3,13,201,377,-339,291
3,13,201,395,-403,121
3,13,201,396,-408,101
3,13,201,397,-411,92
3,13,201,398,-413,82
3,13,201,470,-396,-141
3,13,202,388,-404,190
3,13,202,398,-416,62
3,13,202,452,-421,0
3,13,202,460,-327,-342
3,13,202,488,-497,0
3,13,203,393,-428,129
3,13,203,416,-421,0
3,13,203,478,-390,-220
3,13,204,361,-353,353
3,13,204,394,-432,118
3,13,204,406,-421,0
3,13,204,436,-421,0
3,13,204,474,-478,-144
3,13,205,362,-386,316
3,13,205,396,-437,97
3,13,205,397,-439,87
3,13,205,398,-442,66
3,13,205,420,-447,0
3,13,205,452,-447,0
3,13,205,455,-447,0
3,13,205,472,-425,-140
3,13,205,474,-438,-181
3,13,206,389,-438,181
3,13,206,488,-500,0
3,13,207,361,-394,306
3,13,207,463,-353,-353
3,13,208,412,-473,0
3,13,208,474,-478,-144
3,13,209,364,-345,361
3,13,209,365,-345,361
3,13,209,366,-361,345
3,13,209,366,-353,353
3,13,209,366,-345,361
3,13,209,413,-473,0
3,13,209,420,-473,0
3,13,209,448,-473,0
3,13,209,460,-473,-11
3,13,209,462,-473,-24
3,13,209,493,-447,-224
3,13,210,363,-345,361
3,13,210,363,-335,371
3,13,210,366,-353,353
3,13,210,373,-353,353
3,13,210,373,-345,361
3,13,210,494,-345,-361
3,13,211,366,-361,345
3,13,211,452,-264,0
3,13,212,365,-361,345
3,13,212,380,-345,361
3,13,213,363,-371,335
3,13,213,394,-464,92
3,13,213,402,-473,10
3,13,213,404,-473,0
3,13,213,412,-473,0
3,13,213,417,-394,262
3,13,213,420,-473,0
3,13,213,424,-473,0
3,13,213,431,-473,0
3,13,213,436,-473,0
3,13,213,438,-473,0
3,13,213,440,-473,0
3,13,213,452,-473,0
3,13,213,452,-473,23
3,13,214,412,-471,0
3,13,214,470,-353,-353
3,13,216,387,-500,0
3,13,216,480,-500,0
3,13,217,470,-353,-353
3,13,217,474,-361,-345
3,13,217,489,-345,-361
3,13,218,433,-500,0
3,13,218,470,-361,-345
3,13,218,477,-478,-144
3,13,220,388,-500,0
3,13,220,402,-441,236
3,13,222,388,-500,0
3,13,222,422,-498,-37
3,13,223,401,-471,-24
3,13,224,400,-441,236
3,13,225,444,-500,0
3,13,226,392,-500,0
3,13,230,444,-500,0
3,38,139,1261,-3,25
3,38,139,1262,-29,-43
3,38,139,1265,0,78
3,38,139,1266,0,-130
3,38,139,1267,-26,3
3,38,139,1267,0,0
3,38,139,1291,0,-421
3,38,139,1293,0,-447
3,38,139,1300,0,-500
3,38,147,1307,-144,-478
3,38,150,1317,-132,-482
3,38,155,1172,-500,0
3,38,156,1303,0,-500
3,38,156,1308,0,-500
3,38,162,1274,-67,-40
3,38,163,1271,-93,-47
3,38,163,1286,-345,-361
3,38,164,1270,-75,334
3,38,165,1263,-130,259
3,38,165,1287,-326,-378
3,38,168,1301,-345,-361
3,38,169,1260,-187,100
3,38,174,1303,-287,-408
3,38,177,1296,-345,-361
3,38,178,1285,-345,-361
3,38,178,1296,-345,-361
3,38,180,1296,-345,-361
3,38,185,1293,-345,-361
3,38,187,1268,-426,-128
3,38,189,1296,-345,-361
3,38,192,1300,-353,-353
3,38,194,1270,-428,-129
3,38,195,1268,-433,-108
3,38,200,1301,-361,-345
3,38,202,1259,-315,0
3,38,204,1271,-482,-132
3,38,204,1304,-353,-353
3,38,205,1259,-447,0
3,38,205,1271,-484,-121
3,38,207,1282,-335,-371
3,38,213,1259,-473,0
3,38,213,1275,-478,-144
3,38,215,1273,-488,-109
3,38,215,1274,-484,-121
3,38,218,1277,-416,-277
3,38,219,1275,-482,-132
3,38,220,1260,-498,-37
3,38,220,1274,-457,-203
3,38,221,1263,-485,-108
3,38,222,1259,-500,0
3,38,227,1259,-500,0
3,38,231,1259,-500,0
3,81,139,2637,-223,141
3,81,139,2638,-78,9
3,81,139,2638,-26,3
3,81,139,2640,-23,-12
3,81,139,2641,-7,-78
3,81,139,2641,0,-26
3,81,139,2641,0,0
3,81,139,2652,84,157
3,81,139,2667,0,-421
3,81,139,2669,0,-447
3,81,139,2676,0,-500
3,81,142,2657,-58,-258
3,81,142,2660,-70,-281
3,81,149,2672,-126,-457
3,81,150,2687,-156,-474
3,81,152,2692,-156,-474
3,81,152,2693,-121,-368
3,81,158,2659,-221,-140
3,81,162,2645,52,147
3,81,162,2660,-37,-69
3,81,163,2662,-345,-361
3,81,163,2663,-277,-416
3,81,164,2663,-326,-378
3,81,164,2675,-345,-361
3,81,165,2663,-327,-342
3,81,168,2637,-117,176
3,81,168,2675,-345,-361
3,81,168,2676,-345,-361
3,81,168,2677,-345,-361
3,81,168,2678,-345,-361
3,81,169,2636,-88,132
3,81,170,2669,-345,-361
3,81,171,2669,-335,-371
3,81,171,2670,-345,-361
3,81,171,2670,-335,-371
3,81,172,2677,-353,-353
3,81,172,2678,-353,-353
3,81,174,2659,-394,-262
3,81,174,2660,-394,-262
3,81,175,2674,-335,-371
3,81,176,2675,-306,-394
3,81,178,2662,-416,-277
3,81,178,2676,-353,-353
3,81,178,2678,-335,-371
3,81,179,2656,-41,-419
3,81,179,2669,-345,-361
3,81,179,2681,-335,-371
3,81,180,2672,-345,-361
3,81,181,2680,-345,-361
3,81,182,2670,-371,-335
3,81,183,2678,-353,-353
3,81,185,2669,-345,-361
3,81,185,2685,-334,-369
3,81,187,2677,-371,-335
3,81,189,2672,-345,-361
3,81,191,2647,-237,-248
3,81,192,2635,-290,0
3,81,192,2676,-353,-353
3,81,192,2676,-345,-361
3,81,193,2649,-255,-266
3,81,195,2637,-484,-121
3,81,196,2643,-283,-142
3,81,199,2683,-344,-359
3,81,200,2635,-407,0
3,81,200,2677,-361,-345
3,81,201,2643,-408,-102
3,81,203,2641,-331,-91
3,81,204,2680,-353,-353
3,81,205,2647,-484,-121
3,81,205,2651,-433,-192
3,81,209,2635,-473,0
3,81,209,2658,-361,-345
3,81,213,2635,-473,0
3,81,213,2651,-478,-144
3,81,214,2650,-484,-121
3,81,214,2656,-470,-167
3,81,215,2649,-488,-109
3,81,215,2650,-484,-121
3,81,215,2653,-361,-345
3,81,217,2652,-416,-277
3,81,218,2653,-416,-277
3,81,219,2651,-482,-132
3,81,219,2658,-466,-179
3,81,220,2650,-457,-203
3,115,75,3641,141,368
3,115,100,3630,0,447
3,115,110,3636,257,365
3,115,129,3607,-60,496
3,115,132,3630,0,447
3,115,132,3634,0,447
3,115,132,3642,28,233
3,115,138,3649,-191,182
3,115,139,3726,0,26
3,115,139,3729,0,287
3,115,141,3639,-30,153
3,115,155,3728,70,33
3,115,156,3610,0,500
3,115,160,3732,-25,-6
3,115,161,3623,-361,345
3,115,164,3724,129,65
3,115,164,3728,-162,302
3,115,164,3728,-154,306
3,115,164,3728,-139,313
3,115,164,3728,-131,317
3,115,164,3732,-150,-279
3,115,164,3732,8,369
3,115,164,3732,26,0
3,115,164,3732,58,390
3,115,165,3725,-263,175
3,115,165,3725,-258,181
3,115,165,3725,114,126
3,115,165,3725,123,136
3,115,165,3732,44,64
3,115,165,3732,69,35
3,115,166,3725,-88,132
3,115,166,3725,105,135
3,115,166,3737,-140,-70
3,115,167,3638,-82,101
3,115,167,3639,0,342
3,115,167,3724,80,120
3,115,167,3731,26,275
3,115,167,3732,23,-12
3,115,168,3635,21,286
3,115,168,3724,72,108
3,115,168,3725,-171,155
3,115,168,3726,-66,170
3,115,168,3732,0,0
3,115,169,3724,-119,102
3,115,169,3724,-66,98
3,115,169,3724,57,86
3,115,169,3725,-73,109
3,115,169,3725,-66,98
3,115,169,3726,-70,169
3,115,169,3728,-83,235
3,115,169,3728,15,208
3,115,170,3724,-29,43
3,115,170,3726,17,182
3,115,171,3627,0,264
3,115,171,3627,0,500
3,115,171,3631,0,290
3,115,171,3635,0,316
3,115,171,3724,0,52
3,115,171,3726,-157,-142
3,115,171,3735,0,0
3,115,171,3737,0,0
3,115,171,3741,0,-26
3,115,171,3742,0,-183
3,115,171,3750,0,-392
3,115,171,3757,0,-447
3,115,172,3723,-97,-88
3,115,172,3723,208,-20
3,115,172,3737,130,243
3,115,173,3643,23,155
3,115,174,3634,-17,182
3,115,177,3635,-82,412
3,115,177,3754,-82,-413
3,115,179,3642,-114,378
3,115,179,3741,-176,-194
3,115,179,3743,-182,222
3,115,180,3659,-78,0
3,115,180,3759,-108,-433
3,115,181,3748,419,41
3,115,181,3751,-248,-372
3,115,181,3755,-129,-428
3,115,181,3756,-129,-428
3,115,182,3760,-137,-453
3,115,183,3646,-174,325
3,115,184,3632,-335,371
3,115,184,3754,-182,-409
3,115,184,3757,-160,-417
3,115,184,3758,-170,-442
3,115,185,3640,-199,371
3,115,185,3648,-226,291
3,115,191,3727,-238,0
3,115,192,3716,-238,0
3,115,192,3757,-335,-371
3,115,193,3723,-290,0
3,115,193,3740,-302,-289
3,115,194,3726,-342,-8
3,115,194,3765,-345,-361
3,115,195,3680,-241,107
3,115,196,3636,-361,345
3,115,196,3744,-330,-257
3,115,199,3737,-385,-171
3,115,199,3751,-500,25
3,115,199,3752,-500,25
3,115,200,3752,-500,25
3,115,200,3753,-500,25
3,115,200,3765,-345,-361
3,115,201,3732,-407,-112
3,115,202,3709,-421,0
3,115,202,3719,40,-417
3,115,202,3724,-421,0
3,115,203,3724,-421,-21
3,115,203,3724,-421,0
3,115,203,3751,-500,-11
3,115,204,3766,-361,-345
3,115,205,3675,-447,0
3,115,205,3739,-433,-192
3,115,205,3749,-497,11
3,115,205,3749,-495,36
3,115,205,3750,-495,36
3,115,206,3740,-457,125
3,115,209,3675,-473,0
3,115,209,3710,-473,0
3,115,209,3746,-471,23
3,115,210,3747,-471,10
3,115,211,3739,-361,345
3,115,212,3741,-500,0
3,115,213,3725,-473,-24
3,115,213,3743,-444,0
3,115,214,3740,-444,22
3,115,214,3741,-444,22
3,115,214,3744,-444,-10
3,115,215,3744,-444,10
3,115,215,3756,-405,-242
3,115,216,3656,-466,-179
3,115,216,3706,-345,361
3,115,216,3738,-478,-144
3,115,216,3744,-418,0
3,115,216,3746,-492,-85
3,115,216,3760,-384,-270
3,115,217,3726,-359,-344
3,115,217,3730,-359,-344
3,115,217,3733,-359,-344
3,115,217,3737,-359,-344
3,115,217,3738,-359,-344
3,115,217,3740,-359,-344
3,115,217,3741,-418,0
3,115,217,3741,-359,-344
3,115,217,3743,-359,-344
3,115,217,3744,-359,-344
3,115,217,3744,-351,-351
3,115,217,3745,-359,-344
3,115,217,3746,-359,-344
3,115,217,3747,-359,-344
3,115,217,3747,-351,-351
3,115,217,3748,-359,-344
3,115,217,3749,-359,-344
3,115,217,3750,-359,-344
3,115,217,3751,-359,-344
3,115,217,3751,-351,-351
3,115,217,3752,-359,-344
3,115,217,3761,-392,-261
3,115,218,3719,-498,-37
3,115,218,3732,-351,-351
3,115,218,3740,-500,0
3,115,218,3740,-418,0
3,115,218,3742,-418,-21
3,115,218,3742,-418,0
3,115,218,3743,-418,-21
3,115,218,3743,-418,0
3,115,218,3746,-494,-74
3,115,218,3747,-351,-351
3,115,218,3751,-351,-351
3,115,219,3738,-418,0
3,115,219,3739,-418,0
3,115,219,3739,-417,30
3,115,219,3740,-418,0
3,115,219,3741,-500,0
3,115,219,3741,-417,30
3,115,219,3743,-418,-21
3,115,219,3744,-446,-33
3,115,219,3745,-470,-57
3,115,219,3747,-492,-85
3,115,220,3652,-500,0
3,115,220,3740,-500,0
3,115,220,3740,-414,0
3,115,220,3741,-500,0
3,115,220,3743,-419,-31
3,115,220,3747,-492,-85
3,115,220,3748,-490,-97
3,115,220,3753,-351,-351
3,115,221,3740,-414,0
3,115,221,3741,-500,0
3,115,221,3741,-392,0
3,115,221,3747,-494,-74
3,115,221,3747,-492,-85
3,115,221,3755,-340,-325
3,115,222,3716,-500,0
3,115,225,3675,-500,0
3,115,225,3689,-500,0
3,115,225,3716,-500,0
3,115,230,3684,-500,0
3,115,230,3688,-500,0
3,115,230,3689,-500,0
3,115,230,3712,-500,0
3,115,230,3716,-500,0
3,115,231,3684,-500,0
3,115,232,3708,-500,0
3,115,232,3716,-500,0
3,115,232,3717,-500,0
3,115,233,3720,-498,-37
3,117,139,3810,0,-78
3,117,141,3789,-113,-108
3,117,166,3723,0,0
3,117,169,3731,115,-62
3,117,170,3731,156,-31
3,117,170,3731,176,-48
3,117,171,3694,0,447
3,117,171,3699,0,433
3,117,171,3731,115,-62
3,117,171,3790,74,138
3,117,171,3792,-14,21
3,117,171,3796,-22,13
3,117,172,3730,86,-130
3,117,172,3731,130,-3
3,117,173,3680,-60,496
3,117,173,3767,-46,-472
3,117,174,3791,239,159
3,117,174,3792,251,167
3,117,174,3793,239,159
3,117,175,3781,-43,-446
3,117,177,3689,-70,467
3,117,177,3790,-48,-498
3,117,178,3682,-167,470
3,117,178,3776,-54,-362
3,117,178,3777,-54,-362
3,117,178,3778,-54,-362
3,117,178,3779,-58,-335
3,117,178,3792,-277,-416
3,117,178,3795,-277,-416
3,117,179,3782,-54,-309
3,117,179,3790,165,-202
3,117,179,3791,165,-202
3,117,179,3797,-85,-492
3,117,179,3798,-85,-492
3,117,179,3799,-85,-492
3,117,180,3791,302,-125
3,117,181,3776,-104,-418
3,117,181,3814,-121,-484
3,117,182,3775,-111,-445
3,117,182,3780,-98,-392
3,117,182,3781,-98,-392
3,117,184,3768,-170,-442
3,117,185,3825,-167,-470
3,117,186,3763,-201,-400
3,117,186,3765,-190,-404
3,117,187,3764,-201,-400
3,117,187,3817,-500,0
3,117,188,3766,-212,-424
3,117,188,3767,-212,-424
3,117,190,3750,-212,0
3,117,190,3770,-224,-447
3,117,190,3817,-500,0
3,117,191,3783,-158,-175
3,117,193,3749,-211,-16
3,117,197,3708,-500,0
3,117,199,3741,-418,0
3,117,199,3756,-418,0
3,117,202,3741,-421,0
3,117,203,3741,-421,0
3,117,205,3817,-497,11
3,117,206,3740,-262,0
3,117,208,3745,-471,0
3,117,208,3746,-471,0
3,117,208,3747,-471,0
3,117,208,3750,-471,0
3,117,208,3752,-471,0
3,117,208,3753,-471,0
3,117,208,3754,-471,0
3,117,208,3756,-471,0
3,117,208,3761,-471,0
3,117,208,3767,-471,0
3,117,208,3780,-471,0
3,117,210,3744,-471,23
3,117,210,3754,-471,23
3,117,210,3755,-471,23
3,117,210,3757,-471,23
3,117,210,3759,-471,23
3,117,210,3760,-471,23
3,117,210,3764,-471,23
3,117,210,3767,-471,23
3,117,210,3768,-471,23
3,117,210,3776,-471,23
3,117,210,3780,-471,23
3,117,210,3785,-471,23
3,117,212,3741,-444,0
3,117,213,3741,-473,0
3,117,213,3805,-353,-353
3,117,214,3741,-500,0
3,117,214,3806,-361,-345
3,117,215,3806,-418,0
3,117,217,3800,-344,-359
3,117,217,3809,-353,-353
3,117,217,3809,-345,-361
3,117,218,3790,-344,-359
3,117,218,3799,-344,-359
3,117,218,3810,-353,-353
3,117,219,3739,-417,30
3,117,219,3740,-417,30
3,117,219,3741,-417,30
3,117,219,3742,-417,30
3,117,219,3743,-417,30
3,117,219,3744,-417,30
3,117,219,3745,-417,30
3,117,219,3746,-417,30
3,117,219,3747,-417,30
3,117,219,3748,-417,30
3,117,219,3749,-417,30
3,117,219,3750,-417,30
3,117,219,3751,-417,30
3,117,219,3752,-417,30
3,117,219,3753,-417,30
3,117,219,3754,-417,30
3,117,219,3755,-417,30
3,117,219,3756,-417,30
3,117,219,3757,-417,30
3,117,219,3758,-417,30
3,117,219,3759,-417,30
3,117,219,3760,-417,30
3,117,219,3761,-417,30
3,117,219,3762,-417,30
3,117,219,3763,-417,30
3,117,219,3764,-417,30
3,117,219,3765,-417,30
3,117,219,3766,-417,30
3,117,219,3767,-417,30
3,117,219,3768,-417,30
3,117,219,3769,-417,30
3,117,219,3770,-417,30
3,117,219,3771,-417,30
3,117,219,3772,-417,30
3,117,219,3774,-417,30
3,117,219,3775,-417,30
3,117,219,3776,-417,30
3,117,219,3777,-417,30
3,117,219,3778,-417,30
3,117,219,3779,-417,30
3,117,219,3780,-417,30
3,117,219,3781,-417,30
3,117,219,3782,-417,30
3,117,219,3783,-418,0
3,117,219,3783,-417,30
3,117,219,3784,-417,30
3,117,219,3785,-417,30
3,117,219,3810,-353,-353
3,117,219,3811,-353,-353
3,117,219,3812,-345,-361
3,117,220,3812,-353,-353
3,117,221,3735,-478,144
3,117,221,3779,-392,0
3,117,222,3716,-500,0
3,117,222,3740,-392,0
3,117,222,3741,-500,0
3,117,222,3742,-392,-9
3,117,222,3742,-392,0
3,117,222,3743,-392,-9
3,117,222,3743,-392,0
3,117,223,3729,-478,144
3,117,223,3730,-478,144
3,117,223,3731,-478,144
3,117,223,3740,-500,0
3,117,223,3740,-392,0
3,117,223,3740,-392,19
3,117,223,3743,-392,-9
3,117,223,3748,-492,-85
3,117,223,3772,-392,19
3,117,223,3784,-392,0
3,117,224,3786,-500,0
3,117,225,3741,-500,0
3,117,225,3779,-366,0
3,117,226,3728,-466,179
3,117,226,3740,-366,0
3,117,226,3742,-366,-8
3,117,226,3742,-366,0
3,117,226,3743,-366,-8
3,117,226,3743,-366,0
3,117,226,3746,-366,-8
3,117,227,3738,-366,18
3,117,227,3739,-366,18
3,117,227,3740,-366,0
3,117,227,3740,-366,18
3,117,227,3741,-366,18
3,117,227,3742,-366,18
3,117,227,3743,-366,-8
3,117,227,3743,-366,0
3,117,227,3743,-366,18
3,117,227,3744,-366,0
3,117,227,3744,-366,18
3,117,227,3745,-366,18
3,117,227,3746,-366,18
3,117,227,3747,-366,18
3,117,227,3748,-366,18
3,117,227,3749,-366,18
3,117,227,3750,-366,18
3,117,227,3751,-366,18
3,117,227,3752,-366,18
3,117,227,3753,-366,18
3,117,227,3754,-366,18
3,117,227,3755,-366,18
3,117,227,3756,-366,18
3,117,227,3757,-366,18
3,117,227,3758,-366,18
3,117,227,3759,-366,18
3,117,227,3760,-366,18
3,117,227,3761,-366,18
3,117,227,3762,-366,18
3,117,227,3763,-366,18
3,117,227,3764,-366,18
3,117,227,3765,-366,18
3,117,227,3766,-366,18
3,117,227,3767,-366,18
3,117,227,3768,-366,18
3,117,227,3769,-366,18
3,117,227,3770,-366,18
3,117,227,3771,-366,18
3,117,227,3772,-366,18
3,117,227,3773,-366,18
3,117,227,3774,-366,18
3,117,227,3775,-366,0
3,117,227,3775,-366,18
3,117,227,3776,-366,0
3,117,227,3776,-366,18
3,117,227,3777,-366,18
3,117,227,3778,-366,0
3,117,227,3778,-366,18
3,117,227,3779,-366,0
3,117,227,3779,-366,18
3,117,227,3780,-366,18
3,117,227,3781,-366,18
3,117,227,3782,-366,0
3,117,227,3782,-366,18
3,117,227,3783,-366,0
3,117,227,3783,-366,18
3,117,227,3784,-366,0
3,117,227,3784,-366,18
3,117,228,3728,-478,144
3,117,228,3729,-478,144
3,117,228,3730,-478,144
3,117,228,3740,-500,0
3,117,228,3740,-361,0
3,117,228,3740,-340,0
3,117,228,3741,-340,0
3,117,228,3742,-340,-8
3,117,228,3744,-340,0
3,117,228,3749,-494,-74
3,117,228,3758,-340,0
3,117,229,3741,-500,0
3,117,229,3741,-340,0
3,117,229,3745,-340,0
3,117,229,3746,-340,0
3,117,229,3747,-340,0
3,117,229,3748,-340,0
3,117,229,3749,-340,0
3,117,229,3750,-340,0
3,117,229,3752,-340,0
3,117,229,3753,-340,0
3,117,229,3754,-340,0
3,117,229,3755,-340,0
3,117,229,3756,-340,0
3,117,229,3758,-340,0
3,117,229,3761,-340,0
3,117,229,3762,-340,0
3,117,229,3767,-340,0
3,117,229,3773,-340,0
3,117,229,3774,-340,0
3,117,229,3778,-340,0
3,117,229,3780,-340,0
3,117,229,3786,-500,0
3,117,229,3786,-340,0
3,117,230,3731,-478,144
3,117,230,3732,-478,144
3,117,230,3740,-500,0
3,117,230,3741,-500,0
3,117,231,3741,-500,0
3,117,232,3741,-500,0
3,117,232,3742,-500,0
3,117,233,3741,-500,0
3,118,164,3828,26,0
3,118,167,3820,-29,43
3,118,167,3820,-23,12
3,118,168,3822,-48,176
3,118,168,3827,-156,-15
3,118,168,3828,0,0
3,118,168,3828,45,25
3,118,169,3820,-121,99
3,118,169,3820,-119,102
3,118,169,3821,-87,130
3,118,169,3821,-80,207
3,118,169,3821,-73,191
3,118,169,3821,-19,195
3,118,169,3824,10,209
3,118,170,3820,-115,61
3,118,170,3820,-7,78
3,118,170,3820,0,52
3,118,170,3821,2,104
3,118,170,3822,17,182
3,118,170,3826,12,248
3,118,171,3750,-24,9
3,118,171,3757,-12,-23
3,118,171,3820,0,52
3,118,171,3821,26,220
3,118,171,3823,0,287
3,118,171,3827,0,78
3,118,171,3829,0,-209
3,118,171,3832,0,0
3,118,171,3833,-15,-21
3,118,171,3835,-4,-25
3,118,171,3835,0,-26
3,118,172,3749,-23,10
3,118,172,3790,104,196
3,118,172,3829,175,105
3,118,173,3741,-500,0
3,118,177,3766,-60,496
3,118,177,3770,403,269
3,118,178,3741,-500,0
3,118,179,3754,-74,494
3,118,179,3771,-85,492
3,118,179,3775,-85,492
3,118,180,3762,-92,464
3,118,181,3776,-107,430
3,118,184,3757,135,253
3,118,188,3741,-500,0
3,118,188,3825,-75,72
3,118,190,3764,-255,69
3,118,191,3777,-43,28
3,118,192,3741,-500,0
3,118,192,3783,17,-182
3,118,193,3770,-253,399
3,118,197,3741,-500,0
3,118,199,3781,-418,0
3,118,199,3784,-418,0
3,118,205,3763,-495,36
3,118,208,3766,-471,0
3,118,208,3810,-471,0
3,118,208,3812,-471,0
3,118,208,3813,-471,0
3,118,208,3816,-471,0
3,118,208,3817,-471,0
3,118,208,3818,-471,0
3,118,209,3743,-471,0
3,118,209,3842,-500,11
3,118,210,3768,-471,23
3,118,210,3772,-471,23
3,118,210,3776,-471,23
3,118,210,3777,-471,23
3,118,210,3781,-471,23
3,118,210,3788,-471,23
3,118,210,3789,-471,23
3,118,210,3799,-471,23
3,118,210,3817,-471,23
3,118,210,3820,-471,-24
3,118,211,3843,-500,0
3,118,212,3779,-345,361
3,118,212,3807,-444,0
3,118,212,3816,-444,0
3,118,212,3843,-500,0
3,118,213,3841,-444,0
3,118,213,3843,-500,0
3,118,214,3839,-444,0
3,118,215,3763,-444,22
3,118,219,3759,-382,229
3,118,219,3764,-417,30
3,118,219,3765,-417,30
3,118,219,3766,-417,30
3,118,219,3767,-417,30
3,118,219,3768,-417,30
3,118,219,3769,-417,30
3,118,219,3770,-417,30
3,118,219,3771,-418,0
3,118,219,3771,-417,30
3,118,219,3772,-417,30
3,118,219,3773,-417,30
3,118,219,3774,-417,30
3,118,219,3775,-417,30
3,118,219,3776,-417,30
3,118,219,3777,-418,0
3,118,219,3777,-417,30
3,118,219,3778,-417,30
3,118,219,3779,-417,30
3,118,219,3780,-417,30
3,118,219,3781,-417,30
3,118,219,3782,-417,30
3,118,219,3783,-418,0
3,118,219,3783,-417,30
3,118,219,3784,-417,30
3,118,219,3785,-417,30
3,118,219,3786,-417,30
3,118,219,3787,-417,30
3,118,219,3788,-417,30
3,118,219,3789,-417,30
3,118,219,3790,-417,30
3,118,219,3791,-417,30
3,118,219,3792,-417,30
3,118,219,3793,-417,30
3,118,219,3794,-417,30
3,118,219,3795,-417,30
3,118,219,3796,-417,30
3,118,219,3797,-417,30
3,118,219,3798,-417,30
3,118,219,3799,-417,30
3,118,219,3800,-417,30
3,118,219,3801,-417,30
3,118,219,3802,-417,30
3,118,219,3803,-417,30
3,118,219,3804,-417,30
3,118,219,3806,-417,30
3,118,219,3807,-417,30
3,118,219,3808,-417,30
3,118,219,3809,-417,30
3,118,219,3810,-417,30
3,118,219,3811,-417,30
3,118,219,3812,-417,30
3,118,219,3813,-417,30
3,118,219,3814,-417,30
3,118,219,3815,-418,0
3,118,219,3815,-417,30
3,118,219,3816,-418,0
3,118,219,3816,-417,30
3,118,219,3817,-417,30
3,118,219,3821,-418,-21
3,118,220,3836,-392,0
3,118,221,3779,-392,0
3,118,221,3832,-500,0
3,118,222,3832,-392,0
3,118,223,3757,-353,223
3,118,223,3784,-392,0
3,118,223,3815,-392,19
3,118,223,3817,-392,8
3,118,223,3817,-392,19
3,118,223,3831,-392,0
3,118,225,3779,-366,0
3,118,226,3816,-366,0
3,118,226,3817,-366,18
3,118,226,3832,-500,0
3,118,227,3761,-366,18
3,118,227,3762,-366,18
3,118,227,3763,-366,18
3,118,227,3764,-366,18
3,118,227,3765,-366,18
3,118,227,3766,-366,18
3,118,227,3767,-366,0
3,118,227,3767,-366,18
3,118,227,3768,-366,0
3,118,227,3768,-366,18
3,118,227,3769,-366,18
3,118,227,3770,-366,18
3,118,227,3771,-366,0
3,118,227,3771,-366,18
3,118,227,3772,-366,18
3,118,227,3773,-366,18
3,118,227,3774,-366,0
3,118,227,3774,-366,18
3,118,227,3775,-366,18
3,118,227,3776,-366,18
3,118,227,3777,-366,0
3,118,227,3777,-366,18
3,118,227,3778,-366,0
3,118,227,3778,-366,18
3,118,227,3779,-366,18
3,118,227,3780,-366,0
3,118,227,3780,-366,18
3,118,227,3781,-366,18
3,118,227,3782,-366,18
3,118,227,3783,-366,0
3,118,227,3783,-366,18
3,118,227,3784,-366,0
3,118,227,3784,-366,18
3,118,227,3785,-366,18
3,118,227,3786,-366,18
3,118,227,3787,-366,18
3,118,227,3788,-366,18
3,118,227,3789,-366,18
3,118,227,3790,-366,18
3,118,227,3791,-366,18
3,118,227,3792,-366,18
3,118,227,3793,-366,18
3,118,227,3794,-366,18
3,118,227,3795,-366,18
3,118,227,3796,-366,18
3,118,227,3797,-366,18
3,118,227,3798,-366,18
3,118,227,3799,-366,18
3,118,227,3800,-366,18
3,118,227,3801,-366,18
3,118,227,3802,-366,18
3,118,227,3803,-366,18
3,118,227,3804,-366,18
3,118,227,3805,-366,18
3,118,227,3806,-366,18
3,118,227,3807,-366,18
3,118,227,3808,-366,18
3,118,227,3809,-366,18
3,118,227,3810,-366,18
3,118,227,3811,-366,18
3,118,227,3812,-366,18
3,118,227,3813,-366,-8
3,118,227,3813,-366,18
3,118,227,3814,-366,18
3,118,227,3815,-366,0
3,118,227,3815,-366,18
3,118,227,3816,-366,0
3,118,227,3816,-366,8
3,118,227,3816,-366,18
3,118,227,3821,-366,-8
3,118,227,3822,-366,0
3,118,229,3763,-340,0
3,118,229,3766,-340,0
3,118,229,3769,-340,0
3,118,229,3776,-340,0
3,118,229,3779,-500,0
3,118,229,3780,-340,0
3,118,229,3781,-340,0
3,118,229,3784,-340,0
3,118,229,3785,-340,0
3,118,229,3786,-500,0
3,118,229,3791,-340,0
3,118,229,3794,-340,0
3,118,229,3796,-340,0
3,118,229,3797,-340,0
3,118,229,3798,-340,0
3,118,229,3801,-340,0
3,118,229,3802,-340,0
3,118,229,3803,-340,0
3,118,229,3805,-340,0
3,118,229,3806,-340,0
3,118,229,3807,-340,0
3,118,229,3809,-340,0
3,118,229,3810,-340,0
3,118,229,3811,-340,0
3,118,229,3812,-340,0
3,118,229,3813,-340,0
3,118,229,3814,-340,0
3,118,229,3815,-340,0
3,118,229,3816,-340,0
3,118,229,3817,-340,0
3,118,229,3818,-340,0
3,118,230,3818,-395,0
3,120,139,3823,0,0
3,120,148,3819,-26,0
3,120,156,3826,15,-103
3,120,156,3827,115,-62
3,120,159,3820,-19,-17
3,120,161,3819,121,-47
3,120,162,3819,21,13
3,120,162,3819,155,-210
3,120,163,3819,26,0
3,120,163,3819,143,-204
3,120,163,3821,46,-207
3,120,163,3825,-344,-194
3,120,164,3819,22,12
3,120,164,3819,26,0
3,120,164,3819,180,-256
3,120,164,3826,-98,-126
3,120,165,3819,94,-44
3,120,165,3822,-233,-350
3,120,165,3822,-43,-446
3,120,165,3826,-253,-143
3,120,165,3827,-266,-118
3,120,165,3827,-135,-81
3,120,166,3819,0,0
3,120,166,3819,130,0
3,120,166,3819,204,-307
3,120,166,3824,-20,-208
3,120,166,3827,-23,-12
3,120,167,3819,-214,128
3,120,167,3819,0,0
3,120,167,3819,23,-312
3,120,167,3819,23,12
3,120,167,3819,117,-55
3,120,167,3819,173,-261
3,120,167,3826,-303,-162
3,120,167,3827,-372,-199
3,120,167,3827,-138,-74
3,120,167,3827,-133,9
3,120,168,3819,23,11
3,120,168,3819,130,0
3,120,168,3821,-27,-275
3,120,169,3819,23,10
3,120,169,3827,-42,-66
3,120,170,3824,22,-128
3,120,170,3825,2,-104
3,120,170,3826,-5,-78
3,120,170,3827,-51,-11
3,120,170,3827,-29,-43
3,120,170,3827,-26,0
3,120,170,3827,-23,-12
3,120,170,3827,0,-52
3,120,171,3818,-24,9
3,120,171,3818,0,26
3,120,171,3819,0,0
3,120,172,3818,-23,10
3,120,172,3827,-153,33
3,120,173,3830,148,98
3,120,174,3822,77,-70
3,120,175,3819,163,82
3,120,175,3819,165,77
3,120,181,3842,-115,110
3,120,188,3788,-181,438
3,120,188,3832,-212,0
3,120,190,3841,-157,0
3,120,191,3843,-342,0
3,120,192,3842,-209,0
3,120,194,3843,-287,-14
3,120,198,3793,-345,361
3,120,198,3841,-342,0
3,120,199,3794,-345,361
3,120,199,3799,-500,-25
3,120,199,3841,-418,0
3,120,201,3841,-418,0
3,120,202,3843,-421,0
3,120,203,3842,-444,0
3,120,203,3843,-473,0
3,120,203,3843,-421,0
3,120,205,3801,-497,11
3,120,205,3836,-495,36
3,120,208,3830,-471,0
3,120,208,3832,-471,0
3,120,208,3834,-471,0
3,120,208,3836,-471,0
3,120,208,3838,-471,0
3,120,208,3841,-471,0
3,120,208,3843,-447,0
3,120,208,3864,-500,0
3,120,210,3803,-471,10
3,120,210,3827,-471,23
3,120,210,3831,-471,23
3,120,210,3834,-471,23
3,120,210,3836,-471,23
3,120,211,3787,-335,371
3,120,211,3836,-444,0
3,120,212,3842,-444,0
3,120,213,3843,-473,0
3,120,214,3817,-444,22
3,120,214,3843,-498,-37
3,120,214,3844,-498,-37
3,120,214,3844,-492,-85
3,120,215,3809,-345,361
3,120,215,3843,-500,0
3,120,215,3844,-494,-74
3,120,217,3844,-500,-25
3,120,217,3844,-496,-60
3,120,218,3806,-334,368
3,120,218,3811,-334,368
3,120,218,3815,-344,358
3,120,218,3815,-334,368
3,120,218,3844,-500,-25
3,120,218,3844,-496,-60
3,120,219,3813,-418,0
3,120,219,3827,-417,30
3,120,219,3828,-417,30
3,120,219,3829,-417,30
3,120,219,3830,-417,30
3,120,219,3831,-417,30
3,120,219,3832,-417,30
3,120,219,3833,-417,30
3,120,219,3834,-417,30
3,120,219,3835,-417,30
3,120,219,3836,-417,30
3,120,219,3837,-417,30
3,120,219,3838,-417,30
3,120,219,3839,-417,30
3,120,219,3840,-417,30
3,120,219,3841,-418,21
3,120,219,3841,-417,30
3,120,219,3843,-444,0
3,120,220,3843,-418,0
3,120,222,3841,-392,8
3,120,222,3843,-500,0
3,120,222,3843,-471,0
3,120,223,3815,-419,31
3,120,223,3815,-392,0
3,120,223,3816,-392,0
3,120,223,3816,-392,19
3,120,223,3817,-392,8
3,120,223,3817,-392,19
3,120,223,3831,-392,0
3,120,223,3841,-392,8
3,120,223,3841,-392,19
3,120,224,3837,-500,0
3,120,225,3818,-500,0
3,120,225,3818,-366,0
3,120,226,3816,-395,19
3,120,226,3830,-366,0
3,120,226,3832,-366,0
3,120,226,3841,-366,8
3,120,226,3841,-366,18
3,120,227,3825,-366,8
3,120,227,3825,-366,18
3,120,227,3826,-366,18
3,120,227,3827,-366,18
3,120,227,3828,-366,18
3,120,227,3829,-366,18
3,120,227,3830,-366,18
3,120,227,3831,-366,0
3,120,227,3831,-366,18
3,120,227,3832,-366,18
3,120,227,3833,-366,18
3,120,227,3834,-366,18
3,120,227,3835,-366,18
3,120,227,3836,-366,18
3,120,227,3837,-366,18
3,120,227,3838,-366,18
3,120,227,3839,-366,0
3,120,227,3839,-366,18
3,120,227,3840,-366,18
3,120,228,3813,-470,57
3,120,228,3836,-340,0
3,120,228,3843,-392,0
3,120,228,3843,-366,0
3,120,229,3827,-340,0
3,120,229,3828,-500,0
3,120,229,3830,-340,0
3,120,229,3831,-340,0
3,120,229,3832,-340,0
3,120,229,3834,-340,0
3,120,229,3836,-340,0
3,120,229,3837,-500,0
3,120,229,3837,-340,0
3,120,229,3838,-340,0
3,120,229,3841,-340,0
3,120,229,3842,-340,0
3,120,230,3834,-490,97
3,120,230,3843,-418,0
3,120,231,3843,-418,0
3,120,232,3843,-500,0
3,122,139,3851,-224,447
3,122,142,3874,-85,222
3,122,151,3869,-442,-66
3,122,153,3873,-380,-179
3,122,154,3848,-296,402
3,122,157,3846,-296,402
3,122,158,3881,-123,-262
3,122,159,3887,51,-259
3,122,161,3885,-272,-387
3,122,161,3887,-242,-312
3,122,162,3855,108,433
3,122,163,3883,22,12
3,122,163,3883,22,13
3,122,163,3886,-154,-307
3,122,163,3889,-344,-194
3,122,163,3890,-366,-151
3,122,164,3883,0,0
3,122,164,3883,22,13
3,122,164,3883,26,1
3,122,164,3884,27,-367
3,122,165,3883,15,-103
3,122,165,3883,22,13
3,122,165,3883,26,0
3,122,165,3885,-67,-336
3,122,165,3891,-269,-111
3,122,165,3891,-111,-111
3,122,166,3883,0,0
3,122,166,3883,22,12
3,122,166,3883,23,12
3,122,166,3883,26,0
3,122,166,3883,46,24
3,122,166,3883,138,-208
3,122,166,3883,212,-107
3,122,166,3884,-7,-290
3,122,166,3888,-53,-175
3,122,167,3883,0,0
3,122,167,3883,23,11
3,122,167,3883,23,12
3,122,167,3883,26,0
3,122,167,3883,130,0
3,122,167,3883,138,74
3,122,167,3883,204,-307
3,122,167,3884,-8,-342
3,122,167,3889,-61,-172
3,122,167,3890,-372,-199
3,122,167,3890,-96,-124
3,122,167,3891,-138,-74
3,122,168,3883,0,0
3,122,168,3883,3,-52
3,122,168,3883,23,10
3,122,168,3883,130,0
3,122,168,3884,-33,-341
3,122,168,3889,-101,-152
3,122,168,3889,17,-182
3,122,168,3891,-234,-41
3,122,168,3891,-233,-46
3,122,168,3891,-119,-53
3,122,169,3883,-24,9
3,122,169,3883,-16,19
3,122,169,3883,16,-316
3,122,169,3883,23,11
3,122,169,3884,13,-276
3,122,169,3886,11,-235
3,122,169,3887,10,-209
3,122,169,3889,57,-174
3,122,169,3890,-87,-130
3,122,169,3890,108,72
3,122,169,3891,-42,-66
3,122,170,3862,10,209
3,122,170,3883,0,-287
3,122,170,3883,12,-250
3,122,170,3888,2,-130
3,122,170,3889,2,-104
3,122,170,3890,-112,-144
3,122,170,3890,-1,-78
3,122,170,3891,-26,0
3,122,170,3891,-25,-4
3,122,170,3891,-22,-14
3,122,170,3891,0,-52
3,122,171,3834,0,459
3,122,171,3868,0,183
3,122,171,3873,-7,103
3,122,171,3874,-29,130
3,122,171,3874,0,26
3,122,171,3878,0,26
3,122,171,3879,-5,25
3,122,171,3881,115,-205
3,122,171,3883,-26,-1
3,122,172,3870,-85,492
3,122,172,3882,-24,10
3,122,172,3890,-194,-38
3,122,172,3891,74,138
3,122,172,3892,126,-32
3,122,173,3885,-281,-63
3,122,173,3888,133,-84
3,122,174,3889,169,-70
3,122,174,3891,-132,161
3,122,176,3896,237,23
3,122,177,3841,-132,482
3,122,177,3880,-80,-264
3,122,179,3836,-109,488
3,122,179,3837,-132,482
3,122,179,3838,-132,482
3,122,179,3879,-107,-353
3,122,179,3890,367,35
3,122,180,3836,-121,484
3,122,180,3866,-132,371
3,122,181,3835,-121,484
3,122,181,3924,0,26
3,122,182,3866,-151,365
3,122,183,3861,-151,393
3,122,186,3852,-181,438
3,122,186,3857,-192,432
3,122,188,3856,-306,394
3,122,189,3901,-116,141
3,122,190,3885,-172,200
3,122,192,3883,-195,215
3,122,193,3875,-323,226
3,122,193,3875,-318,234
3,122,194,3881,-212,234
3,122,198,3849,-335,371
3,122,199,3858,-345,361
3,122,200,3916,-407,111
3,122,201,3918,-413,82
3,122,202,3913,-421,0
3,122,202,3918,-416,62
3,122,203,3914,-419,-31
3,122,204,3915,-323,309
3,122,205,3916,-437,97
3,122,207,3924,-500,0
3,122,208,3912,-361,345
3,122,208,3912,-148,449
3,122,210,3895,-345,361
3,122,210,3899,-345,361
3,122,211,3855,-335,371
3,122,211,3872,-287,408
3,122,211,3878,-335,371
3,122,211,3892,-345,361
3,122,211,3895,-345,361
3,122,212,3895,-345,361
3,122,212,3907,-361,345
3,122,212,3907,-335,371
3,122,212,3915,-361,345
3,122,213,3847,-353,353
3,122,213,3857,-353,353
3,122,213,3874,-353,353
3,122,213,3885,-353,353
3,122,213,3885,-345,361
3,122,213,3888,-345,361
3,122,213,3906,-335,371
3,122,213,3906,-316,386
3,122,213,3907,-361,345
3,122,213,3907,-335,371
3,122,214,3857,-353,353
3,122,214,3866,-353,353
3,122,214,3868,-287,408
3,122,214,3870,-378,326
3,122,214,3906,-361,345
3,122,215,3850,-335,371
3,122,215,3857,-371,335
3,122,216,3871,-351,351
3,122,216,3882,-345,361
3,122,216,3891,-353,353
3,122,217,3859,-344,358
3,122,217,3862,-359,343
3,122,217,3863,-359,343
3,122,217,3863,-351,351
3,122,217,3864,-359,343
3,122,217,3864,-351,351
3,122,217,3865,-359,343
3,122,217,3865,-351,351
3,122,217,3866,-359,343
3,122,217,3866,-351,351
3,122,217,3867,-359,343
3,122,217,3867,-351,351
3,122,217,3868,-359,343
3,122,217,3868,-351,351
3,122,217,3869,-359,343
3,122,217,3870,-359,343
3,122,217,3870,-351,351
3,122,217,3871,-359,343
3,122,217,3871,-351,351
3,122,217,3872,-351,351
3,122,217,3873,-351,351
3,122,217,3874,-359,343
3,122,217,3874,-351,351
3,122,217,3874,-334,368
3,122,217,3875,-351,351
3,122,217,3875,-334,368
3,122,217,3876,-359,343
3,122,217,3876,-351,351
3,122,217,3876,-344,358
3,122,217,3877,-359,343
3,122,217,3877,-351,351
3,122,217,3881,-353,353
3,122,217,3882,-345,361
3,122,217,3888,-353,353
3,122,218,3855,-344,358
3,122,218,3856,-378,326
3,122,218,3862,-359,343
3,122,218,3870,-359,343
3,122,218,3870,-344,358
3,122,218,3871,-334,368
3,122,218,3874,-353,353
3,122,218,3874,-335,371
3,122,218,3877,-359,343
3,122,218,3910,-498,-37
3,122,219,3870,-359,343
3,122,219,3877,-359,343
3,122,219,3922,-498,37
3,122,220,3862,-340,325
3,122,220,3867,-340,325
3,122,220,3867,-333,332
3,122,220,3868,-340,325
3,122,220,3869,-340,325
3,122,220,3870,-340,325
3,122,220,3871,-340,325
3,122,220,3872,-340,325
3,122,220,3873,-340,325
3,122,220,3874,-340,325
3,122,220,3877,-500,0
3,122,220,3925,-418,-10
3,122,221,3922,-496,60
3,122,222,3863,-371,335
3,122,222,3864,-371,335
3,122,222,3867,-371,335
3,122,222,3873,-371,335
3,122,222,3881,-402,296
3,122,222,3923,-500,11
3,122,222,3924,-500,0
3,122,224,3880,-402,296
3,122,225,3908,-500,0
3,122,226,3900,-500,0
3,122,226,3916,-484,121
3,122,228,3924,-366,0
3,122,230,3900,-500,0
3,122,230,3900,-418,0
3,122,230,3904,-500,0
3,122,230,3908,-500,0
3,122,231,3910,-498,-37
3,122,232,3904,-500,0
3,122,233,3911,-498,-37
4,123,163,3892,74,248
4,123,165,3892,201,201
4,123,165,3892,203,203
4,123,167,3892,341,0
4,123,168,3892,199,199
4,123,171,3883,0,500
4,123,171,3886,0,447
4,123,171,3893,0,421
4,123,171,3895,0,395
4,123,171,3898,0,104
4,123,171,3900,0,369
4,123,171,3901,0,130
4,123,171,3907,0,26
4,123,171,3908,0,26
4,123,171,3912,-24,9
4,123,171,3913,-24,9
4,123,171,3913,-23,12
4,123,171,3914,-24,10
4,123,172,3894,321,171
4,123,172,3894,323,173
4,123,172,3898,109,363
4,123,172,3901,-4,78
4,123,172,3903,-4,78
4,123,172,3904,-23,315
4,123,173,3898,105,350
4,123,173,3898,112,314
4,123,173,3903,-41,181
4,123,174,3914,-91,275
4,123,178,3874,-167,470
4,123,179,3898,-114,378
4,123,180,3868,-121,484
4,123,180,3869,-121,484
4,123,180,3871,-121,484
4,123,180,3897,-123,375
4,123,183,3883,-137,453
4,123,184,3877,-296,402
4,123,186,3884,-181,438
4,123,190,3922,143,-117
4,123,191,3885,-335,371
4,123,191,3907,-293,-265
4,123,191,3911,-121,-293
4,123,191,3919,118,-236
4,123,193,3887,-335,371
4,123,195,3913,-200,-245
4,123,196,3884,-361,345
4,123,196,3884,-345,361
4,123,196,3923,130,-26
4,123,197,3911,-131,-317
4,123,198,3881,-335,371
4,123,199,3882,-345,361
4,123,199,3883,-345,361
4,123,199,3888,-345,361
4,123,199,3916,-101,-244
4,123,199,3922,143,-117
4,123,201,3886,-345,361
4,123,202,3879,-353,353
4,123,202,3906,-361,345
4,123,202,3923,-138,-74
4,123,203,3883,-361,345
4,123,203,3884,-361,345
4,123,203,3906,-361,345
4,123,203,3921,-117,-176
4,123,204,3923,-164,-87
4,123,205,3880,-277,416
4,123,205,3881,-335,371
4,123,205,3899,-345,361
4,123,205,3903,-335,371
4,123,205,3916,-437,97
4,123,206,3892,-345,361
4,123,206,3896,-345,361
4,123,206,3918,-442,66
4,123,207,3895,-345,361
4,123,207,3914,-433,108
4,123,207,3915,-437,97
4,123,208,3879,-335,371
4,123,208,3882,-353,353
4,123,208,3895,-345,361
4,123,208,3912,-148,449
4,123,209,3888,-353,353
4,123,209,3915,-462,103
4,123,210,3881,-335,371
4,123,210,3882,-353,353
4,123,210,3882,-345,361
4,123,210,3882,-335,371
4,123,210,3883,-345,361
4,123,210,3883,-335,371
4,123,210,3884,-353,353
4,123,210,3884,-345,361
4,123,210,3885,-353,353
4,123,210,3888,-353,353
4,123,210,3916,-464,92
4,123,210,3981,-354,-8
4,123,211,3881,-335,371
4,123,211,3887,-353,353
4,123,211,3898,-345,361
4,123,212,3884,-361,345
4,123,212,3891,-129,428
4,123,212,3907,-361,345
4,123,212,3907,-335,371
4,123,212,3915,-466,81
4,123,212,3915,-361,345
4,123,212,3916,-466,81
4,123,213,3887,-353,353
4,123,213,3906,-335,371
4,123,213,3907,-361,345
4,123,213,3907,-335,371
4,123,213,3979,-238,0
4,123,214,3905,-326,378
4,123,218,3916,-494,74
4,123,218,3917,-494,74
4,123,219,3914,-447,224
4,123,220,3878,-345,361
4,123,220,3881,-345,361
4,123,222,3895,-366,299
4,123,223,3924,-266,360
4,123,227,3918,-442,66
4,123,228,3919,-444,53
4,123,231,3916,-464,92
4,123,232,3910,-442,169
4,123,232,3983,-444,-54
4,123,232,3983,-394,-38
4,123,234,3967,-419,-41
4,123,235,3982,-431,-42
4,123,236,3984,-470,-57
4,123,237,3915,-464,92
4,123,237,3924,-447,0
4,123,237,3980,-447,0
4,123,238,3924,-447,0
4,123,238,3981,-447,-10
4,123,243,3924,-340,0
4,123,243,3983,-498,-48
4,123,244,3946,-345,361
4,123,245,3985,-470,-57
4,123,248,3984,-483,-36
4,123,249,3979,-354,0
4,123,250,3924,-500,0
4,123,250,3979,-500,0
4,123,252,3924,-500,0
4,123,252,3979,-500,0
4,123,252,3980,-500,0
4,123,256,3924,-451,212
4,123,262,3979,-500,0
4,123,262,3979,-498,37
4,123,262,3980,-478,-144
4,123,263,3981,-470,-167
4,123,267,3979,-500,0
4,123,267,3979,-492,85
4,123,267,3979,-451,212
5,37,160,1270,371,-335
5,37,171,1228,-25,-6
5,37,175,1241,123,-347
5,37,177,1243,86,-386
5,37,179,1241,0,0
5,37,179,1258,21,-421
5,37,180,1251,0,-183
5,37,180,1259,-242,-154
5,37,183,1260,-478,-144
5,37,183,1262,-303,-248
5,37,188,1277,-361,-345
5,37,191,1264,-470,-167
5,37,191,1274,-287,-408
5,37,192,1272,-361,-345
5,37,194,1272,-371,-335
5,37,195,1265,-466,-179
5,37,195,1266,-457,-203
5,37,195,1270,-386,-316
5,37,196,1265,-478,-144
5,37,196,1265,-470,-167
5,37,196,1265,-466,-179
5,37,196,1265,-457,-203
5,37,196,1266,-462,-191
5,37,196,1269,-435,-246
5,37,197,1267,-457,-203
5,37,267,1215,-144,-478
5,37,267,1216,0,-500
5,37,267,1218,0,-444
5,37,268,1216,-179,-466
5,37,269,1216,-70,-465
5,37,273,1172,-473,0
5,37,273,1220,-179,-466
5,37,274,1220,-224,-447
5,37,277,1172,-473,0
5,80,160,2645,0,-473
5,80,164,2651,212,-451
5,80,169,2648,345,-361
5,80,173,2610,-172,71
5,80,174,2649,203,-457
5,80,175,2645,212,-451
5,80,177,2612,97,-273
5,80,178,2634,31,-419
5,80,179,2634,21,-421
5,80,180,2634,-451,-212
5,80,180,2635,-354,0
5,80,181,2634,21,-421
5,80,181,2635,-435,-246
5,80,183,2635,-354,0
5,80,183,2636,-478,-144
5,80,185,2653,-361,-345
5,80,186,2653,-361,-345
5,80,187,2635,-500,0
5,80,187,2635,-444,0
5,80,188,2635,-500,0
5,80,188,2635,-485,0
5,80,188,2636,-500,-25
5,80,189,2635,-500,0
5,80,191,2650,-287,-408
5,80,193,2638,-490,-97
5,80,193,2645,-416,-277
5,80,194,2639,-484,-121
5,80,194,2640,-470,-167
5,80,194,2642,-457,-203
5,80,194,2646,-402,-296
5,80,194,2648,-371,-335
5,80,195,2634,21,-421
5,80,195,2635,-485,0
5,80,195,2641,-466,-179
5,80,195,2642,-457,-203
5,80,195,2644,-441,-236
5,80,196,2634,0,-421
5,80,196,2641,-478,-144
5,80,196,2641,-470,-167
5,80,196,2641,-466,-179
5,80,196,2641,-457,-203
5,80,196,2642,-462,-191
5,80,196,2646,-421,-267
5,80,197,2641,-470,-167
5,80,198,2640,-484,-121
5,80,198,2642,-466,-179
5,80,199,2640,-488,-109
5,80,199,2641,-482,-132
5,80,199,2642,-474,-156
5,80,202,2634,21,-421
5,80,203,2634,0,-421
5,80,207,2623,-332,-258
5,80,207,2634,21,-421
5,80,208,2625,-360,-266
5,80,208,2634,0,-421
5,80,211,2625,-360,-266
5,80,211,2634,0,-421
5,80,214,2610,-439,-87
5,80,221,2634,-402,-296
5,80,223,2625,-360,-266
5,80,223,2634,-402,-296
5,80,223,2634,21,-421
5,80,223,2634,21,-418
5,80,223,2657,-21,-418
5,80,224,2634,0,-421
5,80,224,2637,0,-447
5,80,224,2638,22,-447
5,80,224,2641,0,-473
5,80,224,2645,0,-473
5,80,229,2639,-408,-287
5,80,233,2651,-287,-408
5,80,235,2634,-402,-296
5,80,235,2634,0,-421
5,80,257,2626,-353,-274
5,80,258,2635,-500,0
5,80,259,2625,-319,-275
5,80,266,2597,-415,72
5,80,267,2615,-447,-224
5,80,276,2619,-451,-212
5,80,287,2594,-500,11
6,38,156,1303,85,-492
6,38,160,1301,0,-500
6,38,165,1260,-254,135
6,38,213,1309,167,-470
6,38,217,1316,38,-391
6,38,220,1291,0,-421
6,38,220,1310,0,-471
6,38,220,1317,0,-418
6,38,220,1318,0,-392
6,38,220,1319,0,-418
6,38,223,1285,0,-444
6,38,224,1280,0,-421
6,38,224,1280,0,-418
6,38,224,1299,0,-466
6,38,224,1310,0,-418
6,38,224,1310,0,-392
6,38,224,1313,0,-405
6,38,224,1314,0,-392
6,38,224,1314,0,-366
6,38,224,1315,0,-500
6,38,224,1316,0,-390
6,38,225,1279,-224,-447
6,38,225,1288,-21,-418
6,38,225,1294,-25,-497
6,38,225,1308,-21,-418
6,38,225,1313,-20,-403
6,38,225,1316,-27,-365
6,38,225,1316,-18,-366
6,38,226,1298,-46,-469
6,38,226,1316,-27,-365
6,38,226,1316,-18,-366
6,38,226,1317,-29,-391
6,38,227,1285,0,-444
6,38,227,1308,-41,-417
6,38,227,1316,-35,-365
6,38,228,1316,-35,-365
6,38,228,1316,-18,-366
6,38,228,1318,-33,-339
6,38,229,1316,-18,-366
6,38,230,1316,-54,-362
6,38,230,1316,-18,-366
6,38,232,1316,-18,-366
6,38,232,1316,0,-366
6,38,232,1317,-80,-358
6,38,233,1316,-18,-366
6,38,234,1295,-236,-441
6,38,234,1317,-97,-353
6,38,236,1297,-267,-421
6,38,237,1314,-132,-369
6,38,238,1316,-18,-366
6,38,240,1303,-345,-361
6,38,240,1316,-18,-366
6,38,241,1285,0,-444
6,38,241,1294,-361,-345
6,38,241,1303,-345,-361
6,38,241,1307,-344,-359
6,38,241,1316,8,-366
6,38,242,1303,-345,-361
6,38,242,1315,-176,-351
6,38,243,1303,-345,-361
6,38,243,1307,-344,-359
6,38,243,1315,-176,-351
6,38,243,1316,-18,-366
6,38,244,1303,-345,-361
6,38,244,1309,-238,-375
6,38,244,1316,-18,-366
6,38,245,1285,0,-444
6,38,245,1304,-345,-361
6,38,245,1307,-344,-359
6,38,246,1303,-353,-353
6,38,246,1304,-345,-361
6,38,246,1307,-344,-359
6,38,246,1312,-232,-348
6,38,247,1285,0,-444
6,38,247,1303,-345,-361
6,38,247,1305,-324,-376
6,38,247,1307,-344,-359
6,38,247,1316,-18,-366
6,38,248,1285,0,-444
6,38,248,1307,-344,-359
6,38,248,1313,-232,-348
6,38,249,1299,-361,-345
6,38,249,1302,-361,-345
6,38,249,1304,-345,-361
6,38,249,1306,-344,-359
6,38,249,1307,-344,-359
6,38,249,1316,-18,-366
6,38,250,1302,-361,-345
6,38,250,1303,-361,-345
6,38,250,1316,-18,-366
6,38,251,1303,-361,-345
6,38,251,1308,-21,-418
6,38,251,1316,-18,-366
6,38,252,1285,0,-444
6,38,252,1304,-361,-345
6,38,252,1305,-361,-345
6,38,252,1316,-18,-366
6,38,253,1305,-361,-345
6,38,253,1306,-361,-345
6,38,253,1317,0,-340
6,38,254,1316,-18,-366
6,38,254,1316,18,-366
6,38,255,1307,-369,-334
6,38,255,1309,-345,-361
6,38,255,1316,-18,-366
6,38,257,1202,143,-117
6,38,257,1203,141,-75
6,38,257,1316,-18,-366
6,38,259,1317,0,-340
6,38,262,1316,-18,-366
6,38,263,1317,0,-340
6,38,264,1282,7,-78
6,38,264,1308,-21,-418
6,38,264,1316,8,-366
6,38,265,1308,-21,-418
6,38,265,1316,-18,-366
6,38,266,1316,-18,-366
6,38,266,1316,18,-366
6,38,267,1308,-21,-418
6,38,267,1316,-18,-366
6,38,268,1308,-21,-418
6,38,268,1316,-18,-366
6,38,269,1316,-18,-366
6,38,272,1312,28,-391
6,38,274,1312,28,-391
6,38,277,1312,-29,-391
6,38,291,1172,-500,0
6,38,292,1172,-500,0
6,38,292,1259,-457,-126
6,38,302,1257,-314,7
6,38,307,1292,-345,-361
6,38,308,1294,-371,-335
6,38,309,1295,-361,-345
6,38,309,1295,-353,-353
6,38,323,1252,-500,0
6,38,325,1252,-433,0
6,81,160,2677,0,-500
6,81,216,2691,40,-417
6,81,216,2696,47,-389
6,81,217,2683,45,-469
6,81,217,2687,40,-417
6,81,217,2687,53,-441
6,81,217,2692,38,-391
6,81,218,2677,60,-493
6,81,220,2651,0,-104
6,81,220,2681,0,-497
6,81,220,2682,0,-500
6,81,220,2683,0,-418
6,81,220,2684,0,-471
6,81,220,2684,0,-418
6,81,220,2686,0,-471
6,81,220,2686,0,-392
6,81,220,2687,0,-418
6,81,220,2690,0,-366
6,81,220,2691,0,-392
6,81,220,2691,0,-366
6,81,220,2692,0,-418
6,81,220,2692,0,-366
6,81,220,2693,0,-418
6,81,220,2693,0,-392
6,81,220,2694,0,-500
6,81,220,2694,0,-418
6,81,220,2694,0,-366
6,81,220,2695,0,-418
6,81,220,2695,0,-392
6,81,220,2697,0,-500
6,81,224,2661,-22,-444
6,81,224,2675,-35,-469
6,81,224,2684,-21,-418
6,81,224,2686,0,-392
6,81,224,2690,0,-366
6,81,224,2692,0,-366
6,81,225,2670,-25,-497
6,81,225,2673,0,-471
6,81,225,2680,-24,-471
6,81,225,2684,-21,-418
6,81,225,2689,-20,-403
6,81,225,2691,-29,-391
6,81,225,2692,-27,-365
6,81,225,2692,-18,-366
6,81,225,2692,-8,-366
6,81,225,2693,0,-340
6,81,226,2674,-46,-469
6,81,226,2684,-31,-417
6,81,226,2684,-21,-418
6,81,226,2692,-27,-365
6,81,226,2692,-18,-366
6,81,226,2693,-29,-391
6,81,226,2693,0,-340
6,81,227,2664,0,-418
6,81,227,2673,0,-471
6,81,227,2684,-41,-417
6,81,227,2684,-21,-418
6,81,227,2692,-35,-365
6,81,227,2692,-18,-366
6,81,227,2693,0,-340
6,81,228,2670,-25,-497
6,81,228,2673,0,-471
6,81,228,2684,-21,-418
6,81,228,2692,-35,-365
6,81,228,2692,-18,-366
6,81,228,2693,0,-340
6,81,229,2684,-21,-418
6,81,229,2692,-18,-366
6,81,229,2693,0,-340
6,81,230,2666,-92,-411
6,81,230,2684,-21,-418
6,81,230,2692,-18,-366
6,81,230,2693,0,-340
6,81,231,2684,-21,-418
6,81,231,2692,-18,-366
6,81,232,2684,-21,-418
6,81,232,2692,-18,-366
6,81,233,2684,-21,-418
6,81,233,2692,-18,-366
6,81,234,2684,-21,-418
6,81,234,2692,-18,-366
6,81,234,2693,-97,-353
6,81,235,2684,-21,-418
6,81,235,2692,-18,-366
6,81,236,2673,-267,-421
6,81,236,2684,-21,-418
6,81,236,2690,-123,-372
6,81,236,2692,-18,-366
6,81,236,2693,-106,-350
6,81,237,2672,-353,-353
6,81,237,2684,-21,-418
6,81,237,2692,-18,-366
6,81,238,2679,-353,-353
6,81,238,2679,-345,-361
6,81,238,2684,-21,-418
6,81,238,2690,-150,-363
6,81,238,2692,-18,-366
6,81,239,2679,-345,-361
6,81,239,2692,-18,-366
6,81,240,2679,-353,-353
6,81,240,2679,-345,-361
6,81,240,2680,-345,-361
6,81,240,2684,-21,-418
6,81,241,2670,-361,-345
6,81,241,2679,-345,-361
6,81,241,2683,-344,-359
6,81,241,2684,-21,-418
6,81,241,2684,0,-418
6,81,241,2692,-18,-366
6,81,241,2692,0,-366
6,81,241,2692,8,-366
6,81,242,2679,-345,-361
6,81,242,2683,-344,-359
6,81,242,2684,-21,-418
6,81,242,2692,-18,-366
6,81,242,2692,18,-366
6,81,243,2682,-351,-351
6,81,243,2683,-344,-359
6,81,243,2684,-21,-418
6,81,243,2692,-18,-366
6,81,244,2661,0,-444
6,81,244,2679,-345,-361
6,81,244,2683,-344,-359
6,81,244,2684,-21,-418
6,81,244,2685,-238,-375
6,81,244,2692,-18,-366
6,81,245,2661,0,-444
6,81,245,2679,-345,-361
6,81,245,2680,-345,-361
6,81,245,2683,-344,-359
6,81,245,2692,-18,-366
6,81,246,2679,-353,-353
6,81,246,2679,-345,-361
6,81,246,2683,-344,-359
6,81,246,2692,-18,-366
6,81,247,2679,-345,-361
6,81,247,2682,-351,-351
6,81,247,2683,-344,-359
6,81,247,2683,-280,-379
6,81,247,2684,-21,-418
6,81,247,2692,-18,-366
6,81,248,2661,0,-444
6,81,248,2683,-344,-359
6,81,248,2684,-21,-418
6,81,248,2692,-18,-366
6,81,249,2683,-344,-359
6,81,249,2687,-273,-351
6,81,249,2692,-18,-366
6,81,249,2692,18,-366
6,81,250,2678,-361,-345
6,81,250,2678,-353,-353
6,81,250,2683,-344,-359
6,81,250,2684,-21,-418
6,81,250,2692,-18,-366
6,81,250,2692,18,-366
6,81,251,2679,-361,-345
6,81,251,2684,-21,-418
6,81,251,2692,-18,-366
6,81,252,2681,-361,-345
6,81,252,2684,-21,-418
6,81,252,2692,-18,-366
6,81,253,2681,-361,-345
6,81,253,2682,-361,-345
6,81,253,2684,-21,-418
6,81,253,2692,-18,-366
6,81,254,2684,-21,-418
6,81,254,2692,-18,-366
6,81,255,2680,-22,-444
6,81,255,2684,-21,-418
6,81,255,2692,-18,-366
6,81,256,2684,-348,-348
6,81,256,2684,-21,-418
6,81,256,2692,-18,-366
6,81,256,2693,0,-340
6,81,257,2684,-21,-418
6,81,257,2692,-18,-366
6,81,257,2693,0,-340
6,81,258,2684,-21,-418
6,81,258,2692,-18,-366
6,81,258,2692,18,-366
6,81,259,2684,-21,-418
6,81,259,2692,-18,-366
6,81,259,2692,18,-366
6,81,260,2680,-22,-444
6,81,260,2684,-21,-418
6,81,260,2692,-18,-366
6,81,260,2692,18,-366
6,81,261,2688,-29,-391
6,81,261,2692,-18,-366
6,81,261,2692,18,-366
6,81,262,2684,-21,-418
6,81,262,2692,-18,-366
6,81,263,2684,-21,-418
6,81,263,2692,-18,-366
6,81,263,2692,18,-366
6,81,264,2670,25,-497
6,81,264,2684,-21,-418
6,81,264,2692,-18,-366
6,81,265,2684,-21,-418
6,81,265,2692,-18,-366
6,81,265,2692,18,-366
6,81,266,2684,-21,-418
6,81,266,2692,-18,-366
6,81,267,2673,0,-471
6,81,267,2677,0,-444
6,81,267,2684,30,-417
6,81,267,2692,-18,-366
6,81,267,2692,18,-366
6,81,267,2693,0,-340
6,81,267,2694,0,-340
6,81,267,2695,0,-500
6,81,268,2684,-21,-418
6,81,269,2684,0,-418
6,81,269,2688,28,-391
6,81,269,2692,-18,-366
6,81,269,2692,0,-366
6,81,270,2688,28,-391
6,81,271,2626,198,-126
6,81,271,2688,28,-391
6,81,272,2688,28,-391
6,81,273,2688,28,-391
6,81,274,2684,30,-417
6,81,274,2688,28,-391
6,81,275,2680,-371,-335
6,81,276,2688,-29,-391
6,81,278,2671,-170,-442
6,81,280,2632,337,41
6,81,280,2644,-265,167
6,81,284,2621,-263,-215
6,81,284,2636,129,257
6,81,284,2636,292,-175
6,81,286,2632,283,231
6,81,301,2633,-447,10
6,81,302,2659,-400,-253
6,81,308,2635,-500,0
6,81,309,2671,-353,-353
6,81,310,2671,-361,-345
6,81,312,2654,-361,-345
6,81,316,2644,-482,-132
6,81,316,2658,-371,-335
6,81,326,2647,-482,-132
6,123,235,3923,130,-26
6,123,239,3918,45,-260
6,123,239,3923,138,-74
6,123,241,3922,141,-116
6,123,243,3922,101,-152
6,123,244,3868,179,466
6,123,244,3889,121,484
6,123,245,3914,-83,-303
6,123,245,3922,159,-96
6,123,245,3923,157,-94
6,123,247,3895,257,365
6,123,247,3914,-131,-317
6,123,247,3917,13,-264
6,123,247,3923,138,-74
6,123,247,3923,143,-64
6,123,248,3866,40,416
6,123,248,3867,19,392
6,123,248,3867,40,416
6,123,248,3869,40,416
6,123,248,3870,19,392
6,123,249,3867,53,441
6,123,249,3868,53,441
6,123,249,3869,45,469
6,123,249,3869,53,441
6,123,249,3870,45,469
6,123,249,3895,225,355
6,123,249,3919,91,-220
6,123,250,3867,67,386
6,123,250,3871,60,493
6,123,250,3872,60,493
6,123,250,3874,48,498
6,123,250,3875,48,498
6,123,250,3923,138,-74
6,123,251,3867,80,463
6,123,251,3868,0,392
6,123,251,3868,73,491
6,123,251,3869,80,463
6,123,251,3870,0,444
6,123,251,3872,0,471
6,123,251,3873,0,471
6,123,251,3874,0,471
6,123,251,3876,60,496
6,123,251,3877,60,496
6,123,251,3878,60,496
6,123,251,3890,0,447
6,123,251,3913,-123,-262
6,123,252,3863,0,500
6,123,252,3867,0,392
6,123,252,3867,0,500
6,123,252,3868,0,500
6,123,252,3872,0,500
6,123,252,3889,0,500
6,123,252,3890,0,447
6,123,252,3893,0,421
6,123,252,3900,0,369
6,123,252,3908,0,104
6,123,252,3920,-75,22
6,123,252,3921,132,-198
6,123,252,3922,101,-152
6,123,253,3865,48,495
6,123,253,3872,38,391
6,123,253,3923,138,-74
6,123,254,3865,43,442
6,123,254,3867,26,364
6,123,254,3867,37,498
6,123,254,3867,48,498
6,123,254,3868,43,442
6,123,254,3918,-208,41
6,123,254,3923,128,-25
6,123,254,3923,138,-74
6,123,255,3867,0,340
6,123,255,3921,117,-176
6,123,255,3922,-77,15
6,123,255,3923,138,-74
6,123,256,3866,0,340
6,123,256,3867,0,340
6,123,256,3870,0,366
6,123,256,3874,0,272
6,123,256,3874,0,392
6,123,256,3879,0,364
6,123,256,3918,40,-234
6,123,256,3920,-75,22
6,123,256,3922,117,-176
6,123,256,3922,151,-144
6,123,256,3923,-123,-44
6,123,257,3866,0,340
6,123,258,3866,0,340
6,123,258,3867,0,340
6,123,258,3922,123,-101
6,123,259,3866,0,340
6,123,259,3923,141,-75
6,123,259,3923,159,-96
6,123,260,3866,0,340
6,123,260,3867,0,340
6,123,260,3907,-170,162
6,123,260,3908,-170,162
6,123,261,3866,0,340
6,123,261,3867,0,340
6,123,261,3906,-176,194
6,123,261,3923,138,-74
6,123,261,3923,141,-75
6,123,261,3923,157,-94
6,123,262,3866,0,340
6,123,262,3867,0,340
6,123,262,3906,-176,194
6,123,263,3866,0,340
6,123,263,3867,0,340
6,123,263,3915,-237,-248
6,123,263,3916,-6,-264
6,123,264,3866,0,340
6,123,264,3867,0,340
6,123,264,3918,-224,-224
6,123,264,3920,-369,-142
6,123,265,3866,0,340
6,123,265,3867,0,340
6,123,265,3913,-114,-296
6,123,266,3866,0,340
6,123,266,3867,0,340
6,123,266,3921,-204,-167
6,123,267,3866,0,340
6,123,267,3867,0,340
6,123,267,3904,-195,215
6,123,267,3922,-394,-38
6,123,267,3923,-204,-56
6,123,269,3919,-85,191
6,123,272,3906,0,209
6,123,272,3907,0,183
6,123,272,3907,0,209
6,123,272,3908,0,157
6,123,272,3909,0,130
6,123,272,3911,0,78
6,123,277,3918,-328,90
6,123,278,3876,28,391
6,123,279,3874,8,366
6,123,279,3875,8,366
6,123,279,3877,28,391
6,123,279,3878,19,392
6,123,279,3911,-217,226
6,123,280,3874,0,366
6,123,280,3875,0,366
6,123,280,3878,0,392
6,123,281,3877,-20,392
6,123,281,3881,-353,353
6,123,282,3909,-252,228
6,123,283,3912,0,500
6,123,284,3877,-351,351
6,123,285,3877,-344,358
6,123,285,3881,-353,353
6,123,287,3887,22,444
6,123,288,3878,-345,361
6,123,288,3883,0,418
6,123,288,3885,0,444
6,123,288,3900,0,500
6,123,291,3883,0,444
6,123,292,3883,0,444
6,123,293,3887,0,471
6,123,293,3914,-372,132
6,123,294,3887,0,471
6,123,294,3912,-385,171
6,123,294,3916,-381,104
6,123,294,3916,-378,114
6,123,294,3917,-383,95
6,123,295,3887,0,471
6,123,295,3895,25,497
6,123,295,3914,-400,131
6,123,295,3977,-395,0
6,123,296,3892,0,471
6,123,296,3892,0,497
6,123,296,3895,0,497
6,123,296,3896,0,497
6,123,296,3913,-393,151
6,123,296,3914,-403,121
6,123,296,3972,-395,0
6,123,297,3892,0,497
6,123,297,3895,37,498
6,123,297,3915,-407,111
6,123,297,3916,-408,101
6,123,297,3917,-411,92
6,123,299,3915,-411,92
6,123,300,3897,0,500
6,123,300,3913,-372,248
6,123,300,3916,-437,97
6,123,300,3944,-421,0
6,123,301,3902,0,500
6,123,302,3902,0,500
6,123,302,3911,-224,417
6,123,303,3907,0,500
6,123,303,3913,-372,248
6,123,303,3915,-439,87
6,123,303,3977,-447,0
6,123,304,3907,0,500
6,123,304,3915,-437,97
6,123,304,3994,-478,-144
6,123,305,3885,-345,361
6,123,305,3886,-361,345
6,123,305,3886,-353,353
6,123,305,3886,-345,361
6,123,306,3886,-361,345
6,123,307,3907,-391,150
6,123,307,3911,-224,417
6,123,308,3911,-224,417
6,123,309,3916,-224,417
6,123,309,3940,-473,0
6,123,309,3944,-473,0
6,123,309,3947,-473,0
6,123,309,3965,-473,0
6,123,312,3904,-500,0
6,123,314,3997,-478,-144
6,123,318,3908,-500,0
6,123,326,3940,-500,0
7,80,207,2605,-101,152
7,80,224,2634,0,-421
7,80,224,2636,0,-421
7,80,224,2645,0,-473
7,80,231,2634,0,-421
7,80,232,2634,0,-421
7,80,235,2634,0,-421
7,80,238,2634,0,-421
7,80,242,2634,0,-421
7,80,251,2641,457,-203
7,80,252,2643,451,-212
7,80,257,2634,0,-421
7,80,257,2639,466,-179
7,80,261,2634,0,-421
7,80,262,2637,466,-179
7,80,264,2653,0,-500
7,80,266,2634,0,-421
7,80,266,2653,0,-500
7,80,267,2605,0,0
7,80,267,2607,-109,114
7,80,267,2607,-100,85
7,80,267,2607,0,0
7,80,267,2608,-130,111
7,80,267,2608,-13,261
7,80,267,2608,0,0
7,80,267,2610,-22,13
7,80,267,2611,-167,-167
7,80,267,2614,0,340
7,80,267,2630,0,-395
7,80,267,2634,0,-421
7,80,267,2638,0,-447
7,80,268,2612,-162,-170
7,80,268,2616,149,279
7,80,268,2619,174,325
7,80,268,2626,-23,-447
7,80,268,2634,-21,-421
7,80,269,2622,186,348
7,80,269,2662,-48,-498
7,80,272,2625,307,204
7,80,272,2635,-62,-416
7,80,274,2625,315,30
7,80,276,2636,-104,-378
7,80,276,2639,-108,-433
7,80,277,2639,-119,-432
7,80,277,2640,182,-287
7,80,278,2644,-137,-453
7,80,279,2639,-159,-446
7,80,282,2648,-167,-470
7,80,284,2623,0,-342
7,80,284,2630,0,-395
7,80,284,2634,0,-421
7,80,284,2647,-191,-462
7,80,285,2634,-21,-421
7,80,288,2629,-20,-395
7,80,288,2632,0,-395
7,80,288,2637,0,-447
7,80,288,2641,0,-473
7,80,288,2645,0,-473
7,80,289,2638,-23,-447
7,80,294,2635,72,-415
7,80,297,2626,-381,-281
7,80,298,2618,-219,-329
7,80,299,2634,0,-421
7,80,300,2602,44,-125
7,80,304,2633,-313,-167
7,80,304,2634,-72,-415
7,80,308,2638,0,-500
7,80,309,2635,-500,0
7,80,309,2635,-435,-246
7,80,309,2637,-316,-386
7,80,310,2635,-302,0
7,80,310,2636,-482,-132
7,80,310,2653,0,-500
7,80,311,2637,-451,-212
7,80,313,2638,-451,-212
7,80,318,2649,-306,-394
7,80,319,2635,-500,0
7,80,323,2642,-457,-203
7,80,324,2644,-447,-224
7,80,325,2631,-309,-323
7,80,325,2639,-484,-121
7,80,325,2643,-457,-203
10,81,266,2674,353,-353
10,81,267,2669,361,-345
10,81,267,2671,353,-353
10,81,267,2673,361,-345
10,81,268,2669,371,-335
10,81,269,2643,-10,444
10,81,269,2669,345,-361
10,81,270,2671,361,-345
10,81,271,2633,457,-126
10,81,271,2647,211,421
10,81,271,2680,353,-353
10,81,273,2664,361,-345
10,81,276,2672,371,-335
10,81,276,2680,371,-335
10,81,276,2681,371,-335
10,81,280,2677,371,-335
10,81,281,2639,-230,384
10,81,281,2643,-21,421
10,81,282,2677,158,-443
10,81,282,2678,179,-466
10,81,283,2677,158,-443
10,81,284,2639,-230,384
10,81,284,2642,-33,338
10,81,285,2634,-182,321
10,81,285,2635,-207,366
10,81,286,2636,-201,400
10,81,286,2640,-23,312
10,81,286,2679,48,-498
10,81,287,2639,-203,304
10,81,288,2623,264,-253
10,81,288,2636,-162,269
10,81,288,2642,219,328
10,81,288,2677,0,-466
10,81,288,2677,0,-444
10,81,288,2680,0,-472
10,81,288,2680,0,-440
10,81,289,2634,-319,180
10,81,289,2639,-8,342
10,81,290,2633,-309,195
10,81,290,2635,-315,188
10,81,290,2636,-146,273
10,81,291,2633,-292,175
10,81,291,2634,-292,164
10,81,292,2644,-75,72
10,81,293,2632,-250,149
10,81,293,2684,358,-344
10,81,294,2628,-444,53
10,81,295,2623,-358,80
10,81,295,2628,-315,30
10,81,296,2631,-340,17
10,81,296,2631,-339,33
10,81,296,2633,-326,7
10,81,296,2641,237,166
10,81,297,2626,-305,83
10,81,297,2640,237,166
10,81,298,2626,-364,54
10,81,298,2629,-261,39
10,81,298,2631,-339,25
10,81,299,2630,-262,31
10,81,299,2631,-312,30
10,81,299,2631,-287,14
10,81,299,2631,-260,19
10,81,299,2631,-260,25
10,81,300,2620,-283,49
10,81,300,2622,-286,49
10,81,300,2624,-287,-43
10,81,300,2628,-315,30
10,81,301,2626,-285,-135
10,81,301,2626,-228,57
10,81,301,2629,-257,44
10,81,301,2630,-285,34
10,81,301,2630,-235,-165
10,81,301,2631,-261,13
10,81,301,2684,353,-353
10,81,302,2613,-88,-246
10,81,302,2626,-325,-107
10,81,302,2626,-323,-115
10,81,302,2630,-312,-30
10,81,302,2630,-236,28
10,81,302,2631,-261,13
10,81,302,2632,-262,19
10,81,303,2614,-246,-88
10,81,303,2614,-231,-123
10,81,303,2627,-273,-97
10,81,303,2633,-208,20
10,81,303,2684,358,-344
10,81,304,2629,-244,-94
10,81,304,2629,-217,-145
10,81,304,2633,-182,-17
10,81,304,2634,-222,5
10,81,305,2612,22,-75
10,81,305,2627,-219,-229
10,81,305,2633,-169,-70
10,81,306,2623,147,147
10,81,306,2633,-169,-70
10,81,306,2634,-104,0
10,81,306,2680,353,-353
10,81,306,2688,-29,-391
10,81,307,2618,-74,138
10,81,307,2620,-23,157
10,81,307,2629,-77,-280
10,81,307,2629,-70,-281
10,81,307,2632,-102,-119
10,81,307,2633,-92,-49
10,81,307,2633,-12,-23
10,81,307,2634,-15,-50
10,81,307,2635,-52,0
10,81,307,2635,-43,-29
10,81,308,2636,-25,-123
10,81,308,2664,0,-418
10,81,308,2673,0,-471
10,81,308,2692,-18,-366
10,81,308,2693,0,-340
10,81,308,2694,0,-340
10,81,309,2684,-21,-418
10,81,309,2692,-18,-366
10,81,310,2684,-21,-418
10,81,310,2684,0,-418
10,81,310,2692,-18,-366
10,81,310,2692,0,-366
10,81,311,2684,-21,-418
10,81,311,2692,-18,-366
10,81,312,2684,-21,-418
10,81,312,2684,368,-334
10,81,312,2692,-18,-366
10,81,313,2684,-21,-418
10,81,313,2692,-18,-366
10,81,313,2693,0,-340
10,81,314,2658,-46,-207
10,81,314,2692,-18,-366
10,81,315,2684,-21,-418
10,81,315,2692,-18,-366
10,81,316,2675,-24,-471
10,81,316,2692,-18,-366
10,81,317,2675,-24,-471
10,81,317,2684,-21,-418
10,81,317,2692,-18,-366
10,81,317,2693,0,-340
10,81,318,2675,-24,-471
10,81,318,2684,-21,-418
10,81,318,2692,-18,-366
10,81,319,2684,-21,-418
10,81,319,2692,-18,-366
10,81,320,2684,-21,-418
10,81,320,2684,358,-344
10,81,320,2692,-18,-366
10,81,321,2684,-21,-418
10,81,321,2692,-18,-366
10,81,322,2661,0,-444
10,81,322,2684,-21,-418
10,81,322,2692,-18,-366
10,81,323,2682,358,-344
10,81,323,2692,-18,-366
10,81,324,2684,-21,-418
10,81,324,2692,-18,-366
10,81,325,2684,-21,-418
10,81,325,2692,-18,-366
10,81,326,2661,0,-444
10,81,326,2692,-18,-366
10,81,327,2683,343,-359
10,81,328,2684,-21,-418
10,81,328,2692,-18,-366
10,81,329,2684,-21,-418
10,81,329,2692,-18,-366
10,81,330,2684,-21,-418
10,81,330,2692,-18,-366
10,81,331,2684,-21,-418
10,81,331,2692,-18,-366
10,81,332,2661,0,-444
10,81,332,2683,343,-359
10,81,332,2684,-21,-418
10,81,332,2692,-18,-366
10,81,333,2683,343,-359
10,81,333,2692,-18,-366
10,81,334,2683,343,-359
10,81,334,2684,-21,-418
10,81,334,2692,-18,-366
10,81,335,2684,-21,-418
10,81,335,2692,-18,-366
10,81,336,2684,-21,-418
10,81,336,2692,-18,-366
10,81,337,2692,-18,-366
10,81,338,2692,-18,-366
10,81,339,2661,0,-444
10,81,339,2684,-21,-418
10,81,339,2692,18,-366
10,81,340,2692,-18,-366
10,81,341,2692,-18,-366
10,81,341,2692,18,-366
10,81,342,2670,25,-497
10,81,342,2692,18,-366
10,81,343,2670,25,-497
10,81,343,2673,0,-471
10,81,343,2684,-21,-418
10,81,343,2692,-18,-366
10,81,343,2692,18,-366
10,81,343,2693,0,-340
10,81,344,2670,25,-497
10,81,344,2684,-21,-418
10,81,344,2692,-18,-366
10,81,345,2684,-21,-418
10,81,345,2692,-18,-366
10,81,346,2684,-21,-418
10,81,346,2692,-18,-366
10,81,347,2692,-18,-366
10,81,348,2661,0,-444
10,81,349,2693,-8,-340
10,81,350,2692,-18,-366
10,81,350,2693,0,-340
10,81,351,2684,-21,-418
10,81,352,2686,0,-392
10,81,352,2690,0,-366
10,81,352,2692,-18,-366
10,81,352,2693,0,-340
10,81,353,2684,-21,-418
10,81,353,2692,-27,-365
10,81,353,2692,-18,-366
10,81,354,2684,-21,-418
10,81,354,2687,-33,-443
10,81,354,2692,-18,-366
10,81,355,2667,21,-421
10,81,355,2672,10,-447
10,81,355,2679,-85,-492
10,81,355,2692,-18,-366
10,81,355,2693,0,-340
10,81,356,2662,0,-447
10,81,356,2666,0,-447
10,81,356,2667,0,-421
10,81,356,2676,-361,-345
10,81,356,2676,-224,-447
10,81,356,2695,0,-395
10,81,356,2697,0,-500
10,81,357,2681,-74,-494
10,81,361,2677,-335,-371
10,81,362,2679,-326,-378
10,81,372,2658,-279,-279
10,81,375,2653,-427,-201
10,81,375,2681,-306,-394
10,81,376,2661,-323,-309
10,81,378,2684,-353,-353
10,81,381,2680,-361,-345
10,81,384,2683,-361,-345
10,81,384,2686,0,-500
10,81,384,2696,0,-500
10,81,387,2671,-378,-326
10,81,391,2674,-361,-345
10,81,395,2677,-361,-345
10,81,396,2656,-447,-224
10,81,407,2670,-421,-267
10,81,416,2676,-361,-345
10,81,417,2677,-224,-447
10,81,422,2660,-451,-212
10,81,429,2659,-416,-277
10,81,433,2662,-236,-441
10,81,436,2667,0,-500
36,119,1165,3753,70,467
36,119,1165,3763,97,437
36,119,1165,3768,95,382
36,119,1166,3758,66,442
36,119,1172,3765,0,421
36,119,1172,3792,144,-47
36,119,1227,3853,74,138
36,119,1227,3855,0,157
36,119,1230,3780,-171,-66
36,119,1235,3854,165,-202
36,119,1238,3851,353,-107
36,119,1240,3815,-208,198
36,119,1249,3838,-312,-23
36,119,1250,3848,-274,-353
36,119,1253,3841,40,123
36,119,1255,3840,-394,-29
36,119,1256,3855,-236,-441
36,119,1258,3820,-149,278
36,119,1258,3833,-419,31
36,119,1258,3835,-421,0
36,119,1259,3807,0,418
36,119,1259,3812,0,444
36,119,1259,3840,-419,-41
36,119,1259,3860,-361,-345
36,119,1259,3863,0,-500
36,119,1261,3819,-447,0
36,119,1261,3834,-447,10
36,119,1261,3835,-447,0
36,119,1261,3837,-447,0
36,119,1261,3839,-447,0
36,119,1261,3841,-447,0
36,119,1261,3842,-447,0
36,119,1261,3847,-447,0
36,119,1262,3841,-447,0
36,119,1262,3842,-447,0
36,119,1262,3845,-447,0
36,119,1263,3809,-203,457
36,119,1264,3864,-402,-296
36,119,1264,3865,-361,-345
36,119,1264,3865,-335,-371
36,119,1265,3836,-473,0
36,119,1266,3804,-212,451
36,119,1267,3801,-212,451
36,119,1267,3869,-361,-345
36,119,1268,3802,-277,416
36,119,1269,3844,-394,262
36,119,1276,3818,-500,0
36,120,1135,3803,-33,338
36,120,1135,3809,48,498
36,120,1150,3772,-203,457
36,120,1151,3772,-212,451
36,120,1228,3831,61,115
36,120,1233,3846,273,-90
36,120,1247,3833,-258,332
36,120,1250,3830,-274,353
36,120,1254,3855,-389,67
36,120,1255,3840,-394,-29
36,120,1256,3820,-296,402
36,120,1256,3823,-236,441
36,120,1257,3833,-339,291
36,120,1257,3852,-411,92
36,120,1257,3854,-415,72
36,120,1259,3818,-191,462
36,120,1259,3819,-500,0
36,120,1259,3840,-419,-41
36,120,1259,3864,0,-257
36,120,1261,3835,-447,0
36,120,1261,3836,-447,0
36,120,1261,3837,-447,0
36,120,1261,3839,-447,0
36,120,1261,3843,-447,0
36,120,1261,3847,-447,0
36,120,1261,3854,-442,66
36,120,1261,3857,-446,33
36,120,1261,3859,-447,0
36,120,1261,3860,-447,0
36,120,1262,3843,-447,0
36,120,1262,3860,-447,0
36,120,1262,3871,-335,-371
36,120,1263,3862,-462,-191
36,120,1264,3867,-296,-402
36,120,1265,3836,-473,0
36,120,1265,3839,-473,0
36,120,1266,3818,-498,37
36,120,1268,3863,-482,-132
36,120,1269,3864,-500,0
36,120,1271,3872,-441,-236
36,120,1271,3873,-441,-236
36,120,1271,3875,-490,-97
36,120,1272,3872,-441,-236
36,120,1274,3873,-500,0
36,120,1275,3862,-500,0
36,120,1275,3866,-478,-144
36,120,1275,3870,-435,-246
36,120,1275,3872,-441,-236
36,120,1277,3867,-466,-179
36,120,1277,3868,-466,-179
36,120,1277,3868,-462,-191
36,120,1277,3868,-451,-212
37,117,1195,3694,0,447
37,117,1211,3669,0,500
37,117,1216,3725,-172,164
37,117,1219,3698,0,447
37,117,1221,3719,-229,218
37,117,1256,3814,-70,-140
37,117,1259,3788,0,104
37,117,1259,3791,-364,205
37,117,1259,3791,0,0
37,117,1259,3792,0,0
37,117,1259,3794,0,183
37,117,1259,3809,0,-26
37,117,1260,3788,-15,103
37,117,1261,3746,-61,-308
37,117,1261,3748,-58,-335
37,117,1261,3751,-51,-339
37,117,1261,3800,-173,-212
37,117,1262,3752,-67,-389
37,117,1263,3759,-62,-414
37,117,1263,3762,-62,-416
37,117,1263,3791,208,20
37,117,1264,3789,-43,-446
37,117,1264,3793,-89,-357
37,117,1265,3780,-60,-496
37,117,1265,3787,-191,-462
37,117,1265,3788,-74,-494
37,117,1266,3776,-54,-362
37,117,1266,3777,-63,-360
37,117,1266,3777,-54,-362
37,117,1266,3778,-54,-362
37,117,1266,3781,-58,-335
37,117,1266,3782,-58,-335
37,117,1267,3775,322,-115
37,117,1267,3779,-58,-335
37,117,1267,3781,-54,-309
37,117,1267,3788,165,-202
37,117,1267,3789,-85,-492
37,117,1267,3790,165,-202
37,117,1267,3791,165,-202
37,117,1267,3796,-85,-492
37,117,1267,3799,-85,-492
37,117,1267,3800,-85,-492
37,117,1267,3806,-85,-492
37,117,1268,3786,55,-282
37,117,1268,3810,-114,-459
37,117,1269,3808,-129,-428
37,117,1270,3703,-161,389
37,117,1270,3766,-140,-425
37,117,1270,3773,-132,-482
37,117,1270,3808,-156,-474
37,117,1270,3813,-132,-482
37,117,1270,3819,-121,-484
37,117,1271,3769,-159,-446
37,117,1271,3774,-159,-446
37,117,1271,3783,-101,-405
37,117,1271,3799,-441,-236
37,117,1271,3809,-148,-450
37,117,1271,3824,-121,-484
37,117,1272,3817,-144,-478
37,117,1273,3801,-132,-482
37,117,1273,3817,-156,-474
37,117,1274,3779,-156,-474
37,117,1275,3806,-132,-482
37,117,1276,3682,0,500
37,117,1276,3819,-500,0
37,117,1278,3707,-283,346
37,117,1278,3796,-496,60
37,117,1278,3802,-496,60
37,117,1283,3810,-498,37
37,117,1286,3822,-345,-361
37,117,1288,3799,-500,25
37,117,1288,3801,-500,25
37,117,1288,3808,-500,25
37,117,1288,3814,-500,25
37,117,1288,3815,-500,25
37,117,1288,3817,-500,25
37,117,1288,3821,-353,-353
37,117,1290,3826,-345,-361
37,117,1293,3795,-495,36
37,117,1293,3805,-495,36
37,117,1294,3724,-308,61
37,117,1296,3774,-471,-11
37,117,1301,3755,-473,0
37,117,1301,3805,-361,-345
37,117,1302,3803,-345,-361
37,117,1305,3760,-351,-351
37,117,1306,3720,-500,0
37,117,1306,3794,-418,21
37,117,1306,3806,-351,-351
37,117,1307,3771,-417,30
37,117,1307,3775,-418,-21
37,117,1307,3775,-417,30
37,117,1307,3776,-417,30
37,117,1307,3777,-417,30
37,117,1307,3778,-417,30
37,117,1307,3779,-417,30
37,117,1307,3780,-417,30
37,117,1307,3781,-417,30
37,117,1307,3782,-417,30
37,117,1307,3783,-417,30
37,117,1307,3784,-417,30
37,117,1307,3785,-417,30
37,117,1307,3794,-417,30
37,117,1307,3803,-417,30
37,117,1307,3804,-417,30
37,117,1309,3779,-392,0
37,117,1310,3715,-497,0
37,117,1310,3774,-392,0
37,117,1310,3775,-392,-9
37,117,1311,3777,-391,28
37,117,1313,3720,-500,0
37,117,1313,3779,-366,0
37,117,1313,3780,-366,0
37,117,1314,3774,-366,-8
37,117,1314,3774,-366,0
37,117,1314,3775,-366,-8
37,117,1315,3770,-366,18
37,117,1315,3771,-366,18
37,117,1315,3772,-366,18
37,117,1315,3773,-366,18
37,117,1315,3774,-366,18
37,117,1315,3775,-366,-8
37,117,1315,3775,-366,18
37,117,1315,3776,-366,0
37,117,1315,3776,-366,18
37,117,1315,3777,-366,18
37,117,1315,3778,-366,8
37,117,1315,3778,-366,18
37,117,1315,3779,-366,18
37,117,1315,3780,-366,18
37,117,1315,3781,-366,18
37,117,1315,3782,-366,18
37,117,1315,3783,-366,18
37,117,1315,3784,-366,18
37,117,1317,3774,-340,0
37,117,1318,3772,-500,0
37,118,1164,3743,-48,498
37,118,1165,3749,85,492
37,118,1167,3796,0,0
37,118,1182,3732,-500,0
37,118,1195,3755,-75,-72
37,118,1227,3828,0,0
37,118,1227,3838,0,-26
37,118,1237,3832,-223,182
37,118,1241,3710,335,371
37,118,1243,3831,-94,90
37,118,1245,3827,-100,242
37,118,1247,3820,155,30
37,118,1247,3822,180,108
37,118,1247,3842,-412,71
37,118,1248,3820,100,-30
37,118,1249,3821,161,132
37,118,1249,3828,-272,386
37,118,1250,3821,121,99
37,118,1250,3825,117,235
37,118,1251,3822,158,174
37,118,1252,3821,142,116
37,118,1252,3821,151,144
37,118,1252,3823,45,205
37,118,1252,3823,121,202
37,118,1252,3823,182,148
37,118,1253,3820,128,25
37,118,1253,3822,105,150
37,118,1253,3824,35,207
37,118,1254,3822,-48,176
37,118,1254,3824,-105,210
37,118,1254,3825,-94,245
37,118,1255,3831,25,338
37,118,1256,3707,0,500
37,118,1257,3825,15,300
37,118,1257,3830,19,392
37,118,1259,3831,188,94
37,118,1259,3832,205,115
37,118,1260,3823,-61,-172
37,118,1260,3830,-16,314
37,118,1269,3814,-140,-425
37,118,1270,3705,-132,482
37,118,1272,3800,-126,-34
37,118,1274,3814,-68,225
37,118,1274,3828,-203,-457
37,118,1284,3776,-388,58
37,118,1288,3835,-498,48
37,118,1296,3795,-471,0
37,118,1296,3849,-429,-257
37,118,1298,3778,-469,34
37,118,1298,3789,-471,23
37,118,1298,3791,-471,23
37,118,1298,3794,-471,23
37,118,1298,3801,-471,23
37,118,1298,3804,-471,23
37,118,1298,3809,-471,23
37,118,1298,3813,-471,23
37,118,1298,3814,-471,23
37,118,1300,3772,-314,15
37,118,1301,3773,-473,0
37,118,1301,3837,-353,-353
37,118,1304,3840,-345,-361
37,118,1304,3841,-345,-361
37,118,1305,3833,-344,-359
37,118,1305,3836,-418,0
37,118,1305,3854,-429,-257
37,118,1306,3824,-351,-351
37,118,1306,3831,-344,-359
37,118,1307,3771,-417,30
37,118,1307,3772,-417,30
37,118,1307,3774,-417,30
37,118,1307,3775,-418,-21
37,118,1307,3776,-417,30
37,118,1307,3778,-417,30
37,118,1307,3780,-417,30
37,118,1307,3782,-417,30
37,118,1307,3784,-417,30
37,118,1307,3785,-417,30
37,118,1307,3786,-417,30
37,118,1307,3787,-417,30
37,118,1307,3789,-417,30
37,118,1307,3790,-417,30
37,118,1307,3791,-417,30
37,118,1307,3792,-418,0
37,118,1307,3792,-417,30
37,118,1307,3793,-417,30
37,118,1307,3794,-417,30
37,118,1307,3795,-417,30
37,118,1307,3796,-417,30
37,118,1307,3798,-417,30
37,118,1307,3799,-417,30
37,118,1307,3800,-417,30
37,118,1307,3801,-417,30
37,118,1307,3803,-417,30
37,118,1307,3804,-417,30
37,118,1307,3806,-417,30
37,118,1307,3807,-417,30
37,118,1307,3809,-417,30
37,118,1307,3810,-417,30
37,118,1307,3811,-417,30
37,118,1307,3812,-417,30
37,118,1307,3813,-417,30
37,118,1307,3814,-417,30
37,118,1307,3815,-418,0
37,118,1307,3815,-417,30
37,118,1307,3816,-417,30
37,118,1307,3817,-417,30
37,118,1307,3833,-418,0
37,118,1307,3835,-418,0
37,118,1307,3836,-500,0
37,118,1307,3836,-418,0
37,118,1307,3838,-418,-21
37,118,1307,3844,-345,-361
37,118,1308,3836,-392,0
37,118,1308,3839,-417,-31
37,118,1309,3779,-392,0
37,118,1309,3780,-392,0
37,118,1311,3761,-478,144
37,118,1311,3815,-392,0
37,118,1311,3833,-392,0
37,118,1312,3779,-500,0
37,118,1313,3779,-366,0
37,118,1313,3780,-366,0
37,118,1314,3775,-366,-8
37,118,1314,3793,-366,0
37,118,1315,3770,-366,18
37,118,1315,3771,-366,0
37,118,1315,3771,-366,18
37,118,1315,3773,-500,0
37,118,1315,3773,-366,18
37,118,1315,3774,-366,0
37,118,1315,3775,-366,-8
37,118,1315,3775,-366,18
37,118,1315,3776,-366,18
37,118,1315,3777,-366,18
37,118,1315,3778,-366,8
37,118,1315,3778,-366,18
37,118,1315,3779,-366,18
37,118,1315,3781,-366,18
37,118,1315,3782,-366,18
37,118,1315,3783,-366,18
37,118,1315,3784,-366,18
37,118,1315,3785,-366,18
37,118,1315,3786,-366,18
37,118,1315,3787,-366,18
37,118,1315,3788,-366,18
37,118,1315,3789,-366,18
37,118,1315,3790,-366,18
37,118,1315,3791,-366,18
37,118,1315,3792,-366,0
37,118,1315,3792,-366,18
37,118,1315,3793,-366,18
37,118,1315,3794,-366,18
37,118,1315,3795,-366,18
37,118,1315,3797,-366,18
37,118,1315,3798,-366,18
37,118,1315,3799,-366,18
37,118,1315,3800,-366,18
37,118,1315,3801,-366,18
37,118,1315,3802,-366,18
37,118,1315,3803,-366,18
37,118,1315,3804,-366,18
37,118,1315,3805,-366,18
37,118,1315,3806,-366,18
37,118,1315,3807,-366,18
37,118,1315,3808,-366,18
37,118,1315,3809,-366,18
37,118,1315,3810,-366,18
37,118,1315,3811,-366,18
37,118,1315,3812,-366,18
37,118,1315,3813,-366,18
37,118,1315,3814,-366,18
37,118,1315,3815,-366,0
37,118,1315,3815,-366,18
37,118,1315,3816,-366,18
37,118,1316,3760,-478,144
37,118,1316,3773,-500,0
37,118,1316,3780,-340,0
37,118,1317,3773,-340,0
37,118,1317,3779,-500,0
37,118,1317,3792,-340,0
37,118,1317,3795,-500,0
37,118,1317,3795,-340,0
37,118,1317,3818,-340,0
37,118,1318,3763,-478,144
37,118,1320,3775,-496,60
37,121,1231,3859,-6,-51
37,121,1232,3859,5,-25
37,121,1240,3847,-166,-330
37,121,1241,3846,-225,-183
37,121,1247,3833,-258,332
37,121,1252,3836,-170,-442
37,121,1252,3856,-165,-235
37,121,1253,3854,-250,-339
37,121,1253,3855,-250,-339
37,121,1254,3921,-82,270
37,121,1259,3829,0,421
37,121,1259,3916,0,52
37,121,1260,3816,-233,412
37,121,1260,3845,257,-129
37,121,1267,3918,278,185
37,121,1276,3864,-212,0
37,121,1278,3873,-157,0
37,121,1281,3866,-99,32
37,121,1286,3825,-345,361
37,121,1288,3868,-471,0
37,121,1288,3870,-471,0
37,121,1291,3831,-497,-11
37,121,1292,3944,-359,-309
37,121,1293,3859,-366,0
37,121,1297,3837,-471,-11
37,121,1298,3865,-471,23
37,121,1302,3875,-498,-37
37,121,1303,3850,-335,371
37,121,1303,3863,-444,22
37,121,1305,3875,-444,0
37,121,1305,3876,-500,-25
37,121,1306,3824,-334,368
37,121,1306,3857,-375,237
37,121,1307,3856,-382,229
37,121,1307,3857,-382,229
37,121,1307,3859,-417,30
37,121,1307,3860,-417,30
37,121,1307,3861,-417,30
37,121,1307,3862,-417,30
37,121,1307,3863,-418,0
37,121,1307,3863,-417,30
37,121,1307,3864,-417,30
37,121,1307,3865,-417,30
37,121,1307,3866,-417,30
37,121,1307,3867,-417,30
37,121,1307,3869,-417,30
37,121,1307,3871,-417,30
37,121,1307,3872,-417,30
37,121,1307,3873,-418,21
37,121,1307,3873,-417,30
37,121,1307,3873,-415,50
37,121,1307,3874,-417,30
37,121,1308,3869,-410,81
37,121,1308,3876,-418,0
37,121,1308,3876,-392,0
37,121,1308,3932,-478,-144
37,121,1309,3854,-353,223
37,121,1309,3875,-418,0
37,121,1310,3854,-353,223
37,121,1310,3875,-500,0
37,121,1311,3853,-392,-9
37,121,1311,3854,-360,215
37,121,1311,3863,-392,0
37,121,1311,3872,-389,47
37,121,1312,3876,-366,0
37,121,1314,3852,-366,0
37,121,1314,3862,-369,131
37,121,1314,3864,-366,0
37,121,1314,3873,-386,28
37,121,1314,3873,-366,18
37,121,1315,3856,-366,0
37,121,1315,3857,-366,18
37,121,1315,3858,-366,18
37,121,1315,3859,-366,18
37,121,1315,3860,-366,18
37,121,1315,3861,-366,18
37,121,1315,3862,-366,18
37,121,1315,3863,-366,0
37,121,1315,3863,-366,18
37,121,1315,3864,-366,18
37,121,1315,3865,-366,18
37,121,1315,3866,-366,18
37,121,1315,3867,-366,18
37,121,1315,3868,-366,18
37,121,1315,3869,-366,18
37,121,1315,3870,-366,18
37,121,1315,3870,-362,54
37,121,1315,3871,-366,18
37,121,1315,3872,-366,18
37,121,1315,3872,-365,26
37,121,1315,3872,-363,44
37,121,1315,3873,-366,18
37,121,1315,3873,-365,26
37,121,1315,3875,-395,0
37,121,1316,3867,-358,80
37,121,1316,3873,-366,18
37,121,1316,3875,-392,0
37,121,1316,3876,-366,0
37,121,1316,3876,-340,0
37,121,1317,3859,-340,0
37,121,1317,3863,-340,0
37,121,1317,3865,-340,0
37,121,1317,3872,-340,0
37,121,1317,3875,-366,0
37,121,1318,3856,-367,27
37,121,1318,3875,-366,0
37,121,1318,3878,-366,-18
37,121,1320,3854,-444,53
37,121,1320,3875,-500,0
37,123,1140,3883,0,500
37,123,1144,3900,498,48
37,123,1172,3901,0,52
37,123,1182,3923,128,-25
37,123,1184,3919,62,-227
37,123,1250,3916,-21,-15
37,123,1250,3923,171,-71
37,123,1251,3916,-18,-18
37,123,1251,3921,-344,-194
37,123,1251,3923,156,-31
37,123,1252,3915,26,1
37,123,1252,3915,150,-213
37,123,1252,3923,141,-75
37,123,1253,3921,170,-163
37,123,1253,3923,179,-49
37,123,1254,3915,26,0
37,123,1254,3915,138,-208
37,123,1254,3916,-7,-290
37,123,1255,3915,0,0
37,123,1255,3920,57,-176
37,123,1255,3921,-61,-172
37,123,1256,3915,45,-25
37,123,1256,3920,138,-160
37,123,1257,3922,183,17
37,123,1257,3923,-42,-66
37,123,1258,3917,-96,-271
37,123,1258,3917,5,-238
37,123,1258,3921,2,-104
37,123,1258,3922,-1,-78
37,123,1258,3923,-26,0
37,123,1258,3923,-22,-14
37,123,1259,3864,0,500
37,123,1259,3878,0,500
37,123,1259,3883,0,500
37,123,1259,3910,0,26
37,123,1259,3911,0,26
37,123,1259,3915,158,105
37,123,1259,3917,-22,181
37,123,1259,3918,-187,186
37,123,1260,3924,-123,-27
37,123,1260,3925,50,94
37,123,1261,3923,-153,38
37,123,1261,3925,108,72
37,123,1261,3926,152,101
37,123,1263,3868,-58,387
37,123,1263,3923,158,15
37,123,1264,3929,350,233
37,123,1265,3922,255,136
37,123,1265,3922,286,27
37,123,1267,3870,-132,482
37,123,1268,3895,-141,396
37,123,1268,3911,-91,-303
37,123,1268,3921,292,-121
37,123,1269,3891,-140,424
37,123,1270,3891,-140,424
37,123,1270,3892,-140,424
37,123,1271,3892,-160,417
37,123,1272,3867,-156,474
37,123,1274,3883,-170,442
37,123,1275,3884,-181,438
37,123,1276,3884,-181,438
37,123,1276,3907,0,500
37,123,1277,3888,-48,498
37,123,1278,3940,-211,-16
37,123,1281,3907,-318,234
37,123,1281,3932,-248,273
37,123,1283,3910,-344,194
37,123,1284,3876,-457,0
37,123,1284,3929,-279,279
37,123,1290,3945,-421,0
37,123,1290,3950,-416,62
37,123,1291,3883,-345,361
37,123,1292,3942,-323,309
37,123,1296,3944,-148,449
37,123,1298,3901,-361,345
37,123,1299,3904,-287,408
37,123,1299,3933,-500,-11
37,123,1300,3939,-361,345
37,123,1300,3939,-335,371
37,123,1300,3947,-361,345
37,123,1300,3956,-492,85
37,123,1301,3920,-345,361
37,123,1301,3939,-335,371
37,123,1301,3940,-498,-37
37,123,1301,3956,-473,0
37,123,1302,3889,-353,353
37,123,1305,3885,-351,351
37,123,1305,3894,-359,343
37,123,1305,3895,-351,351
37,123,1305,3896,-359,343
37,123,1305,3896,-351,351
37,123,1305,3897,-351,351
37,123,1305,3899,-351,351
37,123,1305,3900,-351,351
37,123,1305,3904,-351,351
37,123,1305,3906,-334,368
37,123,1305,3908,-344,358
37,123,1305,3909,-359,343
37,123,1305,3909,-351,351
37,123,1306,3887,-344,358
37,123,1306,3903,-378,326
37,123,1306,3906,-335,371
37,123,1306,3909,-359,343
37,123,1307,3909,-359,343
37,123,1308,3901,-340,325
37,123,1308,3906,-340,325
37,123,1309,3933,-500,0
37,123,1310,3895,-371,335
37,123,1310,3899,-371,335
37,123,1312,3913,-408,287
37,123,1314,3942,-498,-37
37,123,1319,3933,-500,0
38,124,1172,3970,0,500
38,124,1195,3979,0,-26
38,124,1251,3924,500,0
38,124,1253,3924,203,203
38,124,1257,3924,347,0
38,124,1258,3924,221,221
38,124,1259,3915,0,500
38,124,1259,3922,0,447
38,124,1259,3927,0,395
38,124,1259,3930,0,104
38,124,1259,3940,0,26
38,124,1259,3948,-25,-4
38,124,1260,3934,-5,104
38,124,1261,3930,112,314
38,124,1261,3935,-56,204
38,124,1261,3951,-264,5
38,124,1270,3898,-132,482
38,124,1270,3948,-100,-242
38,124,1270,3951,62,-227
38,124,1271,3899,-156,474
38,124,1271,3953,144,-151
38,124,1272,3899,-156,474
38,124,1273,3948,-100,-242
38,124,1274,3935,-167,-470
38,124,1274,3948,-57,-255
38,124,1275,3950,149,-250
38,124,1275,3952,73,-223
38,124,1276,3920,-287,408
38,124,1276,3951,63,-230
38,124,1277,3944,-196,-177
38,124,1277,3945,-106,-298
38,124,1277,3949,-186,-252
38,124,1277,3954,88,-133
38,124,1278,3948,6,-290
38,124,1279,3917,-335,371
38,124,1283,3944,-69,-309
38,124,1284,3916,-345,361
38,124,1287,3915,-345,361
38,124,1287,3916,-345,361
38,124,1293,3912,-277,416
38,124,1294,3924,-345,361
38,124,1294,3950,-442,66
38,124,1295,3927,-345,361
38,124,1296,3914,-353,353
38,124,1296,3914,-335,371
38,124,1296,3920,-353,353
38,124,1296,3944,-148,449
38,124,1298,3913,-335,371
38,124,1298,3914,-335,371
38,124,1298,3915,-345,361
38,124,1298,3915,-335,371
38,124,1298,3948,-464,92
38,124,1299,3913,-335,371
38,124,1299,3916,-345,361
38,124,1300,3939,-361,345
38,124,1300,3939,-335,371
38,124,1300,3947,-466,81
38,124,1300,3947,-361,345
38,124,1300,3948,-466,81
38,124,1301,3939,-335,371
38,124,1302,3938,-361,345
38,124,1302,3949,-356,98
38,124,1306,3949,-494,74
38,124,1310,3939,-148,449
38,124,1313,3935,-361,345
38,124,1313,3947,-462,103
38,124,1314,3945,-428,129
38,124,1316,3942,-442,169
38,124,1316,3943,-446,158
38,124,1317,3943,-450,148
38,124,1317,3943,-446,158
38,124,1338,3956,-500,0
38,124,1345,3956,-500,0
38,124,1346,3956,-287,0
38,124,1347,3956,-287,0
38,124,1348,3956,-354,0
38,124,1349,3949,-496,60
38,124,1350,3936,-470,167
38,124,1351,3943,-482,132
38,124,1351,3948,-482,132
38,124,1351,3956,-500,0
38,124,1351,3956,-418,0
38,124,1353,3956,-500,0
38,124,1355,3945,-482,132
40,124,1279,3899,25,500
40,124,1280,3905,0,500
40,124,1280,3922,0,447
40,124,1289,3939,403,190
40,124,1291,3938,432,192
40,124,1298,3955,86,-130
40,124,1301,3954,101,-152
40,124,1302,3954,86,-130
40,124,1308,3939,-170,162
40,124,1308,3939,-153,178
40,124,1308,3940,-170,162
40,124,1308,3955,138,-74
40,124,1309,3950,0,-235
40,124,1312,3955,138,-74
40,124,1313,3941,0,212
40,124,1323,3941,-116,141
40,124,1324,3924,-345,361
40,124,1327,3913,-353,353
40,124,1327,3955,138,-74
40,124,1328,3913,-353,353
40,124,1328,3955,138,-74
40,124,1329,3906,97,490
40,124,1329,3913,-353,353
40,124,1329,3953,107,-180
40,124,1329,3954,101,-152
40,124,1330,3954,101,-152
40,124,1331,3954,101,-152
40,124,1331,3955,138,-74
40,124,1332,3909,-344,358
40,124,1332,3913,-353,353
40,124,1334,3907,-333,332
40,124,1334,3909,-344,358
40,124,1336,3899,19,392
40,124,1336,3913,-353,353
40,124,1336,3933,0,52
40,124,1336,3955,57,-87
40,124,1337,3901,53,441
40,124,1337,3902,45,469
40,124,1337,3913,-353,353
40,124,1337,3913,-345,361
40,124,1338,3907,48,498
40,124,1338,3909,-344,358
40,124,1338,3913,-353,353
40,124,1338,3942,-233,-211
40,124,1339,3904,0,471
40,124,1339,3911,-371,335
40,124,1340,3895,0,500
40,124,1340,3932,0,369
40,124,1340,3934,-381,281
40,124,1341,3909,-351,351
40,124,1341,3913,-353,353
40,124,1342,3913,-353,353
40,124,1342,3913,-345,361
40,124,1343,3913,-353,353
40,124,1344,3898,0,340
40,124,1344,3900,0,387
40,124,1344,3900,0,500
40,124,1344,3901,0,366
40,124,1344,3902,0,366
40,124,1344,3902,0,387
40,124,1344,3902,0,392
40,124,1344,3902,0,418
40,124,1344,3903,0,366
40,124,1344,3903,0,403
40,124,1344,3905,0,392
40,124,1344,3906,0,392
40,124,1344,3913,-353,353
40,124,1345,3901,-20,392
40,124,1345,3902,-18,366
40,124,1345,3913,-353,353
40,124,1345,3935,-51,256
40,124,1345,3942,-53,147
40,124,1346,3898,-29,393
40,124,1346,3898,0,340
40,124,1346,3902,-27,364
40,124,1346,3906,-47,389
40,124,1346,3913,-353,353
40,124,1347,3898,0,340
40,124,1347,3913,-353,353
40,124,1347,3934,-96,270
40,124,1347,3934,-90,273
40,124,1348,3898,0,340
40,124,1348,3902,-44,363
40,124,1348,3913,-353,353
40,124,1348,3934,-117,262
40,124,1349,3898,0,340
40,124,1349,3899,0,340
40,124,1349,3901,-71,358
40,124,1349,3902,-54,362
40,124,1349,3913,-353,353
40,124,1350,3898,0,340
40,124,1350,3901,-80,357
40,124,1350,3913,-353,353
40,124,1350,3936,-171,231
40,124,1350,3951,89,-218
40,124,1351,3898,0,340
40,124,1351,3899,26,364
40,124,1351,3913,-353,353
40,124,1351,3950,-90,-218
40,124,1351,3955,138,-74
40,124,1352,3898,0,340
40,124,1352,3909,-344,358
40,124,1352,3913,-353,353
40,124,1353,3898,0,340
40,124,1353,3913,-353,353
40,124,1354,3898,0,340
40,124,1354,3911,-371,335
40,124,1354,3913,-353,353
40,124,1355,3898,0,340
40,124,1355,3899,0,340
40,124,1355,3909,-344,358
40,124,1356,3913,-353,353
40,124,1356,3932,0,366
40,124,1357,3913,-353,353
40,124,1358,3898,0,340
40,124,1358,3902,8,392
40,124,1358,3909,-344,358
40,124,1358,3913,-353,353
40,124,1359,3911,-371,335
40,124,1359,3913,-353,353
40,124,1360,3902,0,366
40,124,1360,3911,-371,335
40,124,1360,3913,-353,353
40,124,1360,3938,0,209
40,124,1360,3939,0,209
40,124,1360,3941,0,130
40,124,1361,3902,0,366
40,124,1361,3903,-176,351
40,124,1361,3913,-353,353
40,124,1362,3902,0,366
40,124,1362,3913,-353,353
40,124,1363,3913,-353,353
40,124,1364,3902,0,366
40,124,1364,3913,-353,353
40,124,1364,3956,-1,55
40,124,1364,3956,0,0
40,124,1365,3909,-369,333
40,124,1365,3909,-344,358
40,124,1365,3913,-353,353
40,124,1366,3909,-344,358
40,124,1367,3904,-232,348
40,124,1367,3907,-325,340
40,124,1368,3913,-353,353
40,124,1368,3916,-421,267
40,124,1371,3908,-307,356
40,124,1372,3905,-281,343
40,124,1373,3953,-232,51
40,124,1374,3950,-328,98
40,124,1379,3906,-273,350
40,124,1381,3919,0,471
40,124,1384,3946,-403,121
40,124,1385,3913,-353,353
40,124,1385,3948,-408,101
40,124,1409,3955,-392,19
40,124,1412,3952,-391,38
41,2,1242,100,500,0
41,2,1247,109,478,-144
41,2,1255,126,494,-74
41,2,1260,100,473,0
41,2,1262,106,287,0
41,2,1265,136,345,-361
41,2,1266,115,387,-160
41,2,1269,100,421,0
41,2,1269,107,421,0
41,2,1280,119,247,-237
41,2,1290,107,0,0
41,2,1293,141,0,-497
41,2,1293,160,-29,-391
41,2,1294,124,-26,3
41,2,1294,156,-21,-418
41,2,1294,160,-20,-392
41,2,1295,160,-20,-392
41,2,1295,164,-18,-366
41,2,1296,160,-20,-392
41,2,1296,167,27,-367
41,2,1297,160,-20,-392
41,2,1298,156,358,-344
41,2,1298,160,-20,-392
41,2,1298,165,7,-340
41,2,1299,136,21,-418
41,2,1299,145,0,-471
41,2,1299,164,-18,-366
41,2,1299,165,0,-340
41,2,1299,166,0,-340
41,2,1300,136,0,-418
41,2,1300,145,0,-471
41,2,1300,156,-21,-418
41,2,1300,162,-8,-366
41,2,1300,164,-18,-366
41,2,1300,165,0,-340
41,2,1301,152,353,-353
41,2,1301,156,-21,-418
41,2,1301,164,-18,-366
41,2,1302,152,-22,-444
41,2,1302,156,-21,-418
41,2,1302,164,-18,-366
41,2,1303,164,-18,-366
41,2,1304,152,-22,-444
41,2,1304,164,-18,-366
41,2,1305,152,-22,-444
41,2,1305,156,-21,-418
41,2,1305,164,-18,-366
41,2,1305,165,0,-340
41,2,1306,156,-21,-418
41,2,1306,164,-18,-366
41,2,1306,165,0,-340
41,2,1307,152,-22,-444
41,2,1307,164,-18,-366
41,2,1308,156,-21,-418
41,2,1308,164,-18,-366
41,2,1309,152,-22,-444
41,2,1309,164,-18,-366
41,2,1310,156,-21,-418
41,2,1310,164,-18,-366
41,2,1311,152,-22,-444
41,2,1311,156,-21,-418
41,2,1311,164,-18,-366
41,2,1312,152,-22,-444
41,2,1312,155,368,-334
41,2,1312,156,-21,-418
41,2,1312,156,358,-344
41,2,1312,164,-18,-366
41,2,1313,152,-22,-444
41,2,1313,156,358,-344
41,2,1313,164,-18,-366
41,2,1313,165,0,-340
41,2,1314,154,361,-345
41,2,1314,155,353,-353
41,2,1314,155,358,-344
41,2,1314,156,-21,-418
41,2,1314,164,-18,-366
41,2,1315,152,-22,-444
41,2,1315,153,361,-345
41,2,1315,153,371,-335
41,2,1315,155,343,-359
41,2,1315,155,351,-351
41,2,1315,156,-21,-418
41,2,1315,157,316,-350
41,2,1315,164,-18,-366
41,2,1316,152,353,-353
41,2,1316,156,-21,-418
41,2,1316,164,-18,-366
41,2,1317,152,353,-353
41,2,1317,155,343,-359
41,2,1318,151,361,-345
41,2,1318,152,361,-345
41,2,1318,155,343,-359
41,2,1318,155,358,-344
41,2,1318,165,0,-340
41,2,1319,150,361,-345
41,2,1319,152,353,-353
41,2,1319,154,351,-351
41,2,1319,155,343,-359
41,2,1319,156,-21,-418
41,2,1320,149,361,-345
41,2,1320,152,-22,-444
41,2,1320,154,351,-351
41,2,1320,155,343,-359
41,2,1320,157,272,-351
41,2,1320,160,240,-342
41,2,1320,161,232,-348
41,2,1320,161,240,-342
41,2,1320,164,-18,-366
41,2,1321,152,-22,-444
41,2,1321,155,343,-359
41,2,1321,164,-18,-366
41,2,1322,155,343,-359
41,2,1322,155,351,-351
41,2,1322,158,246,-370
41,2,1322,160,267,-421
41,2,1322,164,-18,-366
41,2,1323,152,-22,-444
41,2,1323,153,288,-371
41,2,1323,154,351,-351
41,2,1323,155,343,-359
41,2,1323,156,-21,-418
41,2,1324,151,361,-345
41,2,1324,152,-22,-444
41,2,1324,155,343,-359
41,2,1324,164,-18,-366
41,2,1325,111,59,145
41,2,1325,153,270,-384
41,2,1325,153,279,-379
41,2,1325,154,270,-384
41,2,1325,156,0,-418
41,2,1325,164,-18,-366
41,2,1325,164,0,-366
41,2,1326,155,343,-359
41,2,1326,156,-21,-418
41,2,1326,157,229,-382
41,2,1326,164,-18,-366
41,2,1327,152,-22,-444
41,2,1327,156,-21,-418
41,2,1327,164,-18,-366
41,2,1328,150,275,-414
41,2,1328,152,-22,-444
41,2,1328,164,-18,-366
41,2,1329,135,207,-367
41,2,1329,152,-22,-444
41,2,1329,164,-18,-366
41,2,1330,146,277,-416
41,2,1330,156,-21,-418
41,2,1330,164,-18,-366
41,2,1331,164,-18,-366
41,2,1332,164,18,-366
41,2,1333,142,25,-497
41,2,1333,164,18,-366
41,2,1334,142,25,-497
41,2,1334,156,0,-418
41,2,1334,164,0,-366
41,2,1334,164,18,-366
41,2,1335,151,32,-443
41,2,1335,152,-22,-444
41,2,1335,156,-21,-418
41,2,1335,164,18,-366
41,2,1335,165,0,-340
41,2,1336,142,25,-497
41,2,1336,151,32,-443
41,2,1336,156,-21,-418
41,2,1336,164,-18,-366
41,2,1336,164,18,-366
41,2,1336,165,0,-340
41,2,1337,142,25,-497
41,2,1337,152,-22,-444
41,2,1337,156,-21,-418
41,2,1337,164,-18,-366
41,2,1337,164,18,-366
41,2,1337,165,0,-340
41,2,1338,142,25,-497
41,2,1338,151,32,-443
41,2,1338,152,-22,-444
41,2,1338,156,-21,-418
41,2,1338,164,-18,-366
41,2,1338,165,0,-340
41,2,1339,156,-21,-418
41,2,1339,164,-18,-366
41,2,1340,145,0,-471
41,2,1340,152,-22,-444
41,2,1340,156,-21,-418
41,2,1340,164,-18,-366
41,2,1340,164,54,-362
41,2,1340,165,0,-340
41,2,1341,156,-21,-418
41,2,1341,156,62,-414
41,2,1341,160,58,-388
41,2,1341,164,-18,-366
41,2,1341,165,0,-340
41,2,1342,156,-21,-418
41,2,1342,160,28,-391
41,2,1342,160,38,-391
41,2,1342,163,40,-412
41,2,1342,164,-18,-366
41,2,1342,165,0,-340
41,2,1343,152,-22,-444
41,2,1343,156,-21,-418
41,2,1343,156,22,-440
41,2,1343,158,20,-414
41,2,1343,162,18,-366
41,2,1343,163,19,-387
41,2,1343,163,25,-500
41,2,1343,164,-18,-366
41,2,1343,164,18,-366
41,2,1343,164,19,-387
41,2,1344,149,0,-466
41,2,1344,152,-22,-444
41,2,1344,156,-21,-418
41,2,1344,156,0,-440
41,2,1344,158,0,-414
41,2,1344,158,0,-392
41,2,1344,160,0,-412
41,2,1344,161,0,-387
41,2,1344,162,0,-392
41,2,1344,162,0,-387
41,2,1344,162,0,-366
41,2,1344,163,0,-500
41,2,1344,164,-18,-366
41,2,1345,152,-22,-444
41,2,1345,164,-18,-366
41,2,1346,126,0,-418
41,2,1346,162,0,-366
41,2,1346,164,-18,-366
41,2,1348,139,0,-421
41,2,1348,154,0,-500
41,2,1348,155,0,-500
41,2,1348,164,0,-471
41,2,1348,165,0,-500
41,2,1348,167,0,-418
41,2,1348,167,0,-366
41,2,1348,168,0,-418
41,2,1348,169,0,-500
41,2,1348,169,0,-444
41,2,1350,154,-37,-498
41,2,1350,156,-43,-443
41,2,1350,159,-41,-417
41,2,1351,163,-29,-391
41,2,1351,164,-29,-391
41,2,1351,165,-38,-391
41,2,1351,165,-29,-391
41,2,1351,169,-46,-469
41,2,1357,165,-132,-482
41,2,1358,163,-156,-474
41,2,1363,113,-75,273
41,2,1365,108,-189,78
41,2,1369,136,-323,-309
41,2,1372,125,226,291
41,2,1379,145,-361,-345
41,2,1381,128,-498,-37
41,2,1390,123,0,0
41,2,1408,149,0,-500
41,2,1408,150,0,-500
43,1,1303,20,500,0
43,1,1305,20,500,0
43,1,1331,48,419,41
43,1,1339,49,367,27
43,1,1340,50,369,18
43,1,1341,52,78,0
43,1,1368,114,474,-156
43,1,1369,117,441,-236
43,1,1370,114,470,-167
43,1,1370,117,441,-236
43,1,1371,112,482,-132
43,1,1371,113,466,-179
43,1,1371,113,470,-167
43,1,1371,114,457,-203
43,1,1371,118,394,-306
43,1,1371,119,402,-296
43,1,1372,107,500,0
43,1,1373,111,484,-121
43,1,1373,116,421,-267
43,1,1374,107,500,-25
43,1,1374,107,500,0
43,1,1374,112,470,-167
43,1,1374,118,394,-306
43,1,1375,107,500,0
43,1,1375,108,498,-48
43,1,1376,111,466,-179
43,1,1376,111,478,-144
43,1,1377,111,466,-179
43,1,1377,112,447,-224
43,1,1377,115,394,-306
43,1,1377,116,371,-335
43,1,1377,117,345,-361
43,1,1378,108,498,-37
43,1,1378,114,402,-296
43,1,1379,107,418,0
43,1,1379,118,296,-402
43,1,1382,110,451,-212
43,1,1383,107,314,0
43,1,1384,121,335,-371
43,1,1388,111,103,-462
43,1,1389,115,345,-361
43,1,1390,106,82,-413
43,1,1391,107,72,-415
43,1,1392,91,86,-386
43,1,1392,102,67,-389
43,1,1393,106,50,-418
43,1,1396,78,0,0
43,1,1396,78,12,23
43,1,1396,86,24,-10
43,1,1398,124,287,-408
43,1,1403,123,-212,-451
43,1,1403,125,287,-408
43,1,1404,120,0,-500
43,1,1404,124,0,-500
44,2,1344,107,500,0
44,2,1345,107,500,0
44,2,1350,107,500,0
44,2,1353,115,466,-81
44,2,1356,125,432,-192
44,2,1356,125,438,-181
44,2,1357,125,432,-192
44,2,1357,129,361,-345
44,2,1359,131,335,-371
44,2,1360,118,428,-129
44,2,1360,131,335,-371
44,2,1360,152,353,-353
44,2,1361,131,335,-371
44,2,1361,135,361,-345
44,2,1362,151,353,-353
44,2,1362,152,361,-345
44,2,1365,148,345,-361
44,2,1367,107,395,0
44,2,1367,118,393,-151
44,2,1367,155,343,-359
44,2,1368,113,303,-91
44,2,1368,154,351,-351
44,2,1369,116,378,-114
44,2,1369,144,353,-353
44,2,1369,145,353,-353
44,2,1370,116,378,-114
44,2,1371,151,353,-353
44,2,1372,114,355,-98
44,2,1372,114,357,-89
44,2,1372,116,437,-98
44,2,1373,114,355,-98
44,2,1373,115,347,-124
44,2,1374,148,345,-361
44,2,1374,148,353,-353
44,2,1379,107,159,0
44,2,1387,107,-217,-96
44,2,1387,138,345,-361
44,2,1388,148,361,-345
44,2,1388,148,371,-335
44,2,1389,137,345,-361
44,2,1389,138,335,-371
44,2,1389,141,345,-361
44,2,1389,145,353,-353
44,2,1389,149,345,-361
44,2,1389,150,335,-371
44,2,1389,150,345,-361
44,2,1390,134,361,-345
44,2,1390,137,345,-361
44,2,1390,141,345,-361
44,2,1390,144,353,-353
44,2,1390,145,353,-353
44,2,1390,148,345,-361
44,2,1390,149,345,-361
44,2,1390,149,353,-353
44,2,1390,152,353,-353
44,2,1391,137,345,-361
44,2,1391,153,296,-402
44,2,1391,153,306,-394
44,2,1392,144,361,-345
44,2,1392,149,326,-378
44,2,1392,153,296,-402
44,2,1393,145,345,-361
44,2,1393,146,345,-361
44,2,1393,146,353,-353
44,2,1393,152,296,-402
44,2,1393,153,287,-408
44,2,1395,106,-8,-25
44,2,1395,141,371,-335
44,2,1397,146,296,-402
44,2,1398,112,-72,218
44,2,1399,109,-164,121
44,2,1399,110,-172,164
44,2,1399,149,361,-345
44,2,1400,108,-210,-25
44,2,1400,140,345,-361
44,2,1400,142,287,-408
44,2,1403,110,-177,196
44,2,1403,116,76,306
44,2,1405,134,326,-378
44,2,1405,149,345,-361
44,2,1410,147,361,-345
44,2,1412,141,148,-450
44,2,1412,156,0,-500
44,2,1414,119,89,323
44,2,1415,164,156,-474
44,2,1416,139,160,-417
44,2,1417,159,156,-474
44,2,1417,165,144,-478
44,2,1419,116,-37,306
44,2,1424,122,241,107
44,2,1427,110,396,-141
44,2,1427,123,35,-288
44,2,1428,109,116,-135
44,2,1428,129,0,-290
44,2,1428,130,0,-104
44,2,1428,133,0,-157
44,2,1428,136,333,-211
44,2,1428,139,0,-421
44,2,1428,141,0,-447
44,2,1428,148,0,-500
44,2,1428,149,0,-473
44,2,1428,168,0,-500
44,2,1430,108,118,102
44,2,1430,110,65,170
44,2,1430,114,-12,235
44,2,1430,115,-12,235
44,2,1430,116,-123,204
44,2,1430,116,-14,287
44,2,1431,116,373,290
44,2,1432,116,-118,55
44,2,1432,116,395,-20
45,4,1368,131,500,0
45,4,1377,195,494,-74
45,4,1378,185,418,21
45,4,1378,191,419,-10
45,4,1378,192,419,-31
45,4,1378,193,445,-33
45,4,1379,189,418,0
45,4,1379,189,500,0
45,4,1379,190,414,-21
45,4,1380,190,416,-31
45,4,1380,190,418,-21
45,4,1380,193,340,-325
45,4,1380,197,340,-325
45,4,1380,198,340,-325
45,4,1380,199,340,-325
45,4,1380,200,340,-325
45,4,1380,201,340,-325
45,4,1380,204,340,-325
45,4,1381,188,500,0
45,4,1381,189,366,-8
45,4,1381,190,416,-31
45,4,1381,190,418,-21
45,4,1381,190,418,0
45,4,1381,191,416,-31
45,4,1381,191,446,-22
45,4,1381,202,397,-200
45,4,1382,183,343,-359
45,4,1382,187,343,-359
45,4,1382,188,418,0
45,4,1382,189,418,-10
45,4,1382,189,500,-11
45,4,1382,189,500,0
45,4,1382,190,343,-359
45,4,1382,190,418,-21
45,4,1382,190,418,0
45,4,1382,190,438,-32
45,4,1382,191,418,-21
45,4,1382,192,343,-359
45,4,1382,195,343,-359
45,4,1382,195,494,-74
45,4,1382,196,343,-359
45,4,1382,199,343,-359
45,4,1382,202,397,-200
45,4,1383,188,418,0
45,4,1383,189,418,-10
45,4,1383,191,446,-22
45,4,1383,194,351,-351
45,4,1383,195,351,-351
45,4,1383,196,351,-351
45,4,1383,197,351,-351
45,4,1384,189,471,0
45,4,1384,198,411,-170
45,4,1384,204,391,-261
45,4,1384,204,394,-262
45,4,1384,205,384,-270
45,4,1385,188,497,0
45,4,1385,191,444,-10
45,4,1385,193,335,-371
45,4,1385,202,404,-242
45,4,1385,203,397,-252
45,4,1385,204,397,-252
45,4,1386,175,353,-353
45,4,1387,169,361,-345
45,4,1387,170,361,-345
45,4,1387,171,361,-345
45,4,1387,172,361,-345
45,4,1387,173,361,-345
45,4,1387,174,361,-345
45,4,1387,175,361,-345
45,4,1387,176,361,-345
45,4,1387,177,361,-345
45,4,1387,178,361,-345
45,4,1387,179,361,-345
45,4,1387,180,361,-345
45,4,1387,181,361,-345
45,4,1387,183,361,-345
45,4,1387,184,361,-345
45,4,1387,185,361,-345
45,4,1387,186,361,-345
45,4,1387,190,361,-345
45,4,1387,191,361,-345
45,4,1387,193,361,-345
45,4,1387,194,361,-345
45,4,1387,194,492,-85
45,4,1387,197,353,-353
45,4,1387,197,361,-345
45,4,1387,204,405,-285
45,4,1387,206,353,-353
45,4,1387,206,361,-345
45,4,1388,207,371,-335
45,4,1390,170,353,-353
45,4,1390,183,353,-353
45,4,1390,184,353,-353
45,4,1390,188,353,-353
45,4,1390,196,471,-11
45,4,1391,189,500,0
45,4,1392,189,500,0
45,4,1393,186,438,-181
45,4,1394,172,361,-345
45,4,1395,177,414,-72
45,4,1399,195,402,-296
45,4,1400,189,500,0
45,4,1400,200,500,0
45,4,1402,179,381,-105
45,4,1410,205,500,0
45,4,1417,208,136,-453
45,4,1419,204,118,-432
45,4,1425,130,-108,-147
45,4,1425,154,-198,132
45,4,1427,149,-74,138
45,4,1427,155,-74,138
45,4,1428,174,387,-77
45,4,1428,215,0,-500
45,4,1432,189,355,-225
45,4,1433,181,342,327
45,4,1434,174,149,249
45,4,1434,174,266,255
45,4,1435,177,203,275
45,4,1436,173,-103,154
45,4,1438,177,-28,289
45,4,1439,172,-164,87
45,4,1439,173,-103,154
45,4,1439,176,-74,226
45,4,1440,172,-210,112
45,4,1441,174,-205,122
45,4,1441,176,-26,263
45,4,1442,172,-187,100
45,4,1442,178,5,257
45,4,1442,179,110,268
45,4,1447,172,-178,100
45,4,1451,111,337,41
45,4,1458,177,369,0
45,4,1460,177,85,51
45,4,1460,180,0,-204
45,4,1460,198,0,-289
45,4,1468,203,-75,-248
45,8,1367,291,500,0
45,8,1368,291,500,0
45,8,1369,291,392,0
45,8,1369,291,500,0
45,8,1369,294,500,-25
45,8,1371,244,340,0
45,8,1371,245,340,0
45,8,1371,246,340,0
45,8,1371,247,340,0
45,8,1371,248,340,0
45,8,1371,249,340,0
45,8,1371,250,340,0
45,8,1371,251,340,0
45,8,1371,252,340,0
45,8,1371,253,340,0
45,8,1371,254,340,0
45,8,1371,255,340,0
45,8,1371,256,340,0
45,8,1371,257,340,0
45,8,1371,258,340,0
45,8,1371,260,340,0
45,8,1371,261,340,0
45,8,1371,262,340,0
45,8,1371,263,340,0
45,8,1371,264,340,0
45,8,1371,265,340,0
45,8,1371,266,340,0
45,8,1371,267,340,0
45,8,1371,268,340,0
45,8,1371,269,340,0
45,8,1371,271,340,0
45,8,1371,272,340,0
45,8,1371,273,340,0
45,8,1371,274,340,0
45,8,1371,275,340,0
45,8,1371,276,340,0
45,8,1371,277,340,0
45,8,1371,278,340,0
45,8,1371,279,340,0
45,8,1371,280,340,0
45,8,1371,281,340,0
45,8,1371,282,340,0
45,8,1371,283,340,0
45,8,1371,284,340,0
45,8,1371,285,340,0
45,8,1371,286,340,0
45,8,1371,287,340,0
45,8,1371,291,340,0
45,8,1371,303,482,-132
45,8,1372,247,366,0
45,8,1372,286,366,-8
45,8,1372,288,498,-48
45,8,1372,293,366,-8
45,8,1373,287,366,-18
45,8,1374,293,498,-37
45,8,1375,233,366,0
45,8,1375,235,366,0
45,8,1375,277,366,0
45,8,1375,284,366,0
45,8,1376,286,392,-20
45,8,1376,302,482,-132
45,8,1378,291,444,0
45,8,1378,291,500,0
45,8,1378,292,498,-37
45,8,1379,228,392,0
45,8,1379,228,414,0
45,8,1379,291,500,0
45,8,1380,293,418,-21
45,8,1381,228,418,0
45,8,1381,230,418,0
45,8,1381,236,351,351
45,8,1381,238,351,351
45,8,1382,222,361,345
45,8,1382,223,353,353
45,8,1382,223,358,343
45,8,1382,228,421,0
45,8,1382,238,351,351
45,8,1382,291,500,0
45,8,1383,223,345,361
45,8,1383,225,418,0
45,8,1383,228,418,0
45,8,1383,242,358,343
45,8,1383,244,358,343
45,8,1383,291,471,0
45,8,1384,297,402,-296
45,8,1385,225,444,-10
45,8,1388,220,444,0
45,8,1388,291,444,0
45,8,1392,216,471,0
45,8,1392,323,441,-236
45,8,1395,218,497,0
45,8,1397,291,421,0
45,8,1398,291,395,0
45,8,1400,214,500,0
45,8,1400,328,335,-371
45,8,1402,335,257,-429
45,8,1404,338,0,-500
45,8,1404,340,0,-500
45,8,1406,213,500,0
45,8,1410,251,132,126
45,8,1418,229,167,264
45,8,1425,226,-339,-203
45,8,1428,242,-87,-130
45,8,1429,240,74,-138
45,8,1429,241,61,-115
45,8,1429,241,74,-138
45,8,1430,241,233,-285
45,8,1431,239,152,-101
45,8,1432,237,208,-20
45,8,1432,238,250,-305
45,8,1432,240,392,47
45,8,1433,238,233,-350
45,8,1434,233,224,-447
45,8,1434,234,-31,-315
45,8,1434,235,204,-238
45,8,1434,238,258,-332
45,8,1435,230,-242,-312
45,8,1437,219,408,-102
45,8,1437,234,290,-374
45,8,1437,238,-111,-269
45,8,1438,217,339,-292
45,8,1440,229,327,164
45,8,1442,222,371,132
45,8,1443,218,312,282
45,8,1443,229,220,-390
45,8,1443,239,-15,-208
45,8,1444,217,233,350
45,8,1444,228,339,-292
45,8,1444,235,121,-293
45,8,1444,240,-23,-234
45,8,1445,237,-122,-260
45,8,1446,218,242,311
45,8,1447,235,116,262
45,8,1448,242,-132,-162
45,8,1450,219,332,-157
45,8,1455,235,117,207
45,8,1458,237,-104,-10
45,8,1460,225,0,26
45,8,1460,231,0,-130
45,8,1460,232,0,0
45,8,1460,237,46,-25
45,8,1460,239,149,26
45,8,1460,239,155,26
45,8,1460,240,14,21
45,8,1460,240,132,-75
45,8,1460,242,0,79
46,5,1409,202,429,-257
46,5,1412,213,500,0
46,5,1412,218,148,-450
46,5,1415,223,361,-345
46,5,1416,225,441,-236
46,5,1417,187,457,-126
46,5,1422,188,447,0
46,5,1422,189,447,0
46,5,1422,190,447,0
46,5,1423,191,366,-18
46,5,1424,216,378,-326
46,5,1426,187,447,0
46,5,1426,188,421,0
46,5,1426,188,447,0
46,5,1426,189,447,0
46,5,1426,190,447,0
46,5,1426,191,447,0
46,5,1426,193,447,0
46,5,1426,195,447,0
46,5,1426,197,447,0
46,5,1426,198,447,0
46,5,1426,199,447,0
46,5,1426,201,447,0
46,5,1426,202,447,0
46,5,1426,203,447,0
46,5,1428,225,377,-239
46,5,1429,185,419,31
46,5,1430,209,416,-62
46,5,1432,193,393,38
46,5,1434,203,395,0
46,5,1434,226,319,-275
46,5,1436,189,369,0
46,5,1436,232,291,-339
46,5,1436,233,283,-346
46,5,1437,233,274,-353
46,5,1437,233,283,-346
46,5,1442,189,264,0
46,5,1446,175,-45,-260
46,5,1454,171,0,0
46,5,1454,206,310,61
46,5,1459,204,-121,99
46,5,1460,212,25,2
46,5,1461,204,40,32
46,5,1461,205,15,158
46,5,1461,206,15,158
46,5,1461,207,53,150
46,5,1461,209,-27,183
46,5,1465,209,98,300
46,5,1465,212,0,0
46,7,1411,221,418,0
46,7,1412,191,500,0
46,7,1412,201,500,0
46,7,1412,202,500,0
46,7,1412,245,500,0
46,7,1412,248,500,0
46,7,1413,190,500,0
46,7,1414,191,441,236
46,7,1416,258,441,-236
46,7,1417,226,457,-126
46,7,1420,194,361,345
46,7,1422,228,447,0
46,7,1426,212,447,0
46,7,1426,213,447,0
46,7,1426,214,447,0
46,7,1426,215,447,0
46,7,1426,216,447,0
46,7,1426,217,447,0
46,7,1426,218,447,0
46,7,1426,219,447,0
46,7,1426,220,447,0
46,7,1426,221,447,0
46,7,1426,222,447,0
46,7,1426,223,447,0
46,7,1426,224,447,0
46,7,1426,225,447,0
46,7,1426,227,447,0
46,7,1426,244,447,0
46,7,1426,249,191,-462
46,7,1427,223,406,-112
46,7,1428,244,0,-500
46,7,1428,251,0,-500
46,7,1428,252,121,-484
46,7,1428,252,167,-470
46,7,1430,206,414,72
46,7,1430,207,416,62
46,7,1432,211,393,38
46,7,1432,223,393,38
46,7,1439,185,258,332
46,7,1444,242,393,29
46,7,1445,210,-87,438
46,7,1450,207,-183,224
46,7,1450,208,-62,310
46,7,1450,209,-196,239
46,7,1452,200,110,-269
46,7,1452,209,-165,202
46,7,1452,214,83,302
46,7,1452,216,114,378
46,7,1453,210,55,282
46,7,1454,206,-62,175
46,7,1454,208,-218,89
46,7,1454,210,-218,89
46,7,1455,211,-208,20
46,7,1457,212,-159,-90
46,7,1458,211,-111,-269
46,7,1458,212,-111,-269
46,7,1459,213,-157,-3
46,7,1461,210,88,-133
46,7,1461,211,94,-50
46,7,1462,208,20,-211
46,7,1462,211,117,-63
46,7,1463,210,187,-100
46,7,1463,211,153,-42
80,120,2637,3881,78,-7
80,120,2637,3885,126,31
80,120,2639,3883,18,75
80,120,2639,3885,175,-53
80,120,2646,3888,-137,-453
80,120,2647,3878,-172,-366
80,120,2649,3798,-179,380
80,120,2653,3883,-103,-182
80,120,2656,3860,-257,-365
80,120,2657,3869,-312,-242
80,120,2657,3882,-266,-360
80,120,2660,3851,-183,0
80,120,2660,3884,-305,-392
80,120,2661,3857,-338,225
80,120,2663,3851,-130,0
80,120,2663,3872,-394,-29
80,120,2664,3874,-353,-274
80,120,2664,3878,-332,-300
80,120,2664,3887,-236,-441
80,120,2665,3851,-167,312
80,120,2665,3857,-152,101
80,120,2666,3865,-419,31
80,120,2666,3867,-421,0
80,120,2666,3892,-236,441
80,120,2667,3840,0,500
80,120,2667,3851,-264,253
80,120,2667,3872,-419,-41
80,120,2667,3887,0,500
80,120,2667,3889,0,500
80,120,2667,3892,-500,0
80,120,2667,3892,-451,-212
80,120,2667,3892,-361,-345
80,120,2668,3842,-224,447
80,120,2668,3845,-97,434
80,120,2668,3850,-260,122
80,120,2669,3830,-447,0
80,120,2669,3836,-85,492
80,120,2669,3850,-232,170
80,120,2669,3851,-447,0
80,120,2669,3866,-447,10
80,120,2669,3867,-447,0
80,120,2669,3868,-447,0
80,120,2669,3869,-447,0
80,120,2669,3870,-447,0
80,120,2669,3871,-447,0
80,120,2669,3874,-447,0
80,120,2669,3876,-447,0
80,120,2669,3879,-447,0
80,120,2669,3880,-447,0
80,120,2669,3883,-447,0
80,120,2670,3851,-447,0
80,120,2670,3867,-447,0
80,120,2670,3869,-447,0
80,120,2670,3871,-447,0
80,120,2670,3874,-447,0
80,120,2670,3879,-447,0
80,120,2670,3880,-447,0
80,120,2670,3883,-447,0
80,120,2671,3837,-156,474
80,120,2671,3840,-159,358
80,120,2671,3841,-203,457
80,120,2671,3841,-191,462
80,120,2672,3837,-150,363
80,120,2672,3897,-361,-345
80,120,2672,3897,-335,-371
80,120,2672,3898,-361,-345
80,120,2673,3868,-473,0
80,120,2673,3899,-361,-345
80,120,2675,3833,-212,451
80,120,2675,3833,-203,457
80,120,2675,3901,-361,-345
80,120,2676,3833,-224,447
80,120,2676,3901,-371,-335
80,120,2677,3834,-267,421
80,120,2677,3837,-296,402
80,120,2678,3838,-345,361
80,120,2679,3839,-441,236
80,120,2680,3841,-394,306
80,120,2684,3845,-500,0
80,120,2684,3847,-500,0
80,120,2684,3848,-500,0
80,120,2684,3850,-500,0
80,120,2689,3854,-417,-31
80,121,2635,3856,0,0
80,121,2636,3865,-107,-75
80,121,2636,3892,39,96
80,121,2640,3892,-45,137
80,121,2640,3892,254,187
80,121,2654,3885,-242,343
80,121,2655,3865,-258,332
80,121,2658,3862,-274,353
80,121,2659,3869,-183,0
80,121,2659,3876,-183,0
80,121,2660,3846,-292,339
80,121,2661,3868,-157,-3
80,121,2661,3877,-157,0
80,121,2661,3892,-395,0
80,121,2662,3871,-310,240
80,121,2662,3884,-383,95
80,121,2663,3871,-194,85
80,121,2663,3872,-394,-29
80,121,2664,3855,-236,441
80,121,2664,3873,-389,-67
80,121,2665,3866,-346,283
80,121,2665,3870,-114,146
80,121,2665,3870,-100,187
80,121,2665,3884,-411,92
80,121,2665,3886,-416,62
80,121,2665,3886,-415,72
80,121,2665,3892,-421,0
80,121,2667,3844,0,485
80,121,2667,3845,0,444
80,121,2667,3846,0,500
80,121,2667,3849,0,500
80,121,2667,3850,0,471
80,121,2667,3851,-500,0
80,121,2667,3851,0,500
80,121,2667,3869,0,185
80,121,2667,3872,-419,-41
80,121,2667,3891,0,500
80,121,2668,3892,-394,-306
80,121,2668,3895,-154,-307
80,121,2669,3835,-326,378
80,121,2669,3867,-447,0
80,121,2669,3868,-447,0
80,121,2669,3869,-447,0
80,121,2669,3871,-447,0
80,121,2669,3872,-447,0
80,121,2669,3873,-447,0
80,121,2669,3874,-447,0
80,121,2669,3875,-447,0
80,121,2669,3876,-447,0
80,121,2669,3878,-447,0
80,121,2669,3879,-447,0
80,121,2669,3887,-446,43
80,121,2669,3888,-446,43
80,121,2669,3889,-447,22
80,121,2669,3890,-447,10
80,121,2669,3891,-447,0
80,121,2669,3892,-447,0
80,121,2669,3907,-447,0
80,121,2670,3867,-447,0
80,121,2670,3869,-447,0
80,121,2670,3871,-447,0
80,121,2670,3874,-447,0
80,121,2670,3879,-447,0
80,121,2670,3884,-424,212
80,121,2670,3892,-447,0
80,121,2671,3897,-187,-218
80,121,2672,3859,-378,326
80,121,2672,3874,-442,-66
80,121,2673,3868,-473,0
80,121,2673,3879,-473,0
80,121,2673,3883,-462,103
80,121,2673,3908,-473,0
80,121,2674,3849,-488,109
80,121,2674,3850,-498,37
80,121,2675,3856,-378,326
80,121,2676,3895,-482,-132
80,121,2677,3894,-492,-85
80,121,2677,3896,-500,0
80,121,2679,3848,-494,74
80,121,2679,3853,-441,236
80,121,2679,3904,-441,-236
80,121,2679,3907,-490,-97
80,121,2680,3902,-402,-296
80,121,2680,3904,-441,-236
80,121,2681,3906,-500,0
80,121,2682,3900,-346,-185
80,121,2682,3905,-500,0
80,121,2683,3883,-497,11
80,121,2683,3894,-500,0
80,121,2683,3898,-478,-144
80,121,2683,3904,-441,-236
80,121,2684,3904,-500,0
80,121,2685,3899,-466,-179
80,121,2686,3900,-462,-191
81,119,2635,3855,-26,-1
81,119,2635,3861,-26,0
81,119,2639,3855,-142,-116
81,119,2644,3863,-216,-264
81,119,2644,3874,-285,-233
81,119,2647,3860,55,-282
81,119,2647,3876,-386,-86
81,119,2650,3777,-128,-90
81,119,2651,3856,-23,234
81,119,2651,3859,-25,260
81,119,2653,3856,136,226
81,119,2653,3875,-339,291
81,119,2655,3852,155,30
81,119,2656,3856,65,199
81,119,2656,3864,-203,339
81,119,2657,3873,-305,250
81,119,2658,3853,142,116
81,119,2658,3861,43,28
81,119,2659,3853,162,133
81,119,2659,3855,80,194
81,119,2660,3853,109,164
81,119,2660,3858,50,256
81,119,2661,3853,116,173
81,119,2661,3854,105,150
81,119,2662,3857,-161,207
81,119,2662,3862,-50,337
81,119,2662,3862,-17,341
81,119,2663,3854,-171,163
81,119,2663,3855,-179,154
81,119,2663,3880,-277,-277
81,119,2664,3852,138,74
81,119,2665,3852,-178,-49
81,119,2665,3852,-119,102
81,119,2665,3866,243,100
81,119,2666,3852,2,130
81,119,2666,3854,2,132
81,119,2666,3866,225,355
81,119,2666,3868,-162,269
81,119,2666,3871,-397,-252
81,119,2669,3789,-70,-140
81,119,2670,3851,233,-28
81,119,2678,3823,-153,-304
81,119,2683,3766,-211,394
81,119,2683,3842,-25,-7
81,119,2685,3763,-244,407
81,119,2686,3842,-183,-191
81,119,2687,3758,-361,345
81,119,2687,3847,-158,-175
81,119,2689,3804,-290,0
81,119,2697,3868,-438,-181
81,119,2698,3876,-153,-304
81,119,2699,3868,-328,-16
81,119,2701,3805,-447,0
81,119,2701,3807,-446,43
81,119,2701,3811,-495,48
81,119,2701,3878,-497,0
81,119,2702,3843,-353,-353
81,119,2703,3879,-265,-168
81,119,2704,3844,-471,0
81,119,2704,3850,-471,0
81,119,2705,3865,-353,-353
81,119,2706,3876,-471,10
81,119,2708,3812,-444,0
81,119,2709,3805,-473,0
81,119,2709,3851,-353,-353
81,119,2710,3884,-429,-257
81,119,2711,3849,-353,-353
81,119,2711,3870,-444,10
81,119,2712,3872,-345,-361
81,119,2712,3873,-353,-353
81,119,2712,3882,-407,-180
81,119,2713,3864,-344,-359
81,119,2713,3868,-418,0
81,119,2713,3886,-429,-257
81,119,2714,3805,-500,0
81,119,2714,3856,-351,-351
81,119,2714,3863,-344,-359
81,119,2714,3874,-345,-361
81,119,2714,3875,-353,-353
81,119,2715,3803,-417,30
81,119,2715,3804,-417,30
81,119,2715,3805,-417,30
81,119,2715,3806,-417,30
81,119,2715,3807,-418,-21
81,119,2715,3807,-417,30
81,119,2715,3808,-417,30
81,119,2715,3809,-417,30
81,119,2715,3810,-417,30
81,119,2715,3811,-417,30
81,119,2715,3812,-417,30
81,119,2715,3813,-417,30
81,119,2715,3814,-417,30
81,119,2715,3815,-417,30
81,119,2715,3816,-417,30
81,119,2715,3817,-417,30
81,119,2715,3818,-417,30
81,119,2715,3819,-417,30
81,119,2715,3820,-417,30
81,119,2715,3821,-417,30
81,119,2715,3822,-417,30
81,119,2715,3823,-417,30
81,119,2715,3824,-417,30
81,119,2715,3825,-417,30
81,119,2715,3826,-417,30
81,119,2715,3827,-417,30
81,119,2715,3828,-417,30
81,119,2715,3830,-417,30
81,119,2715,3831,-417,30
81,119,2715,3832,-417,30
81,119,2715,3833,-417,30
81,119,2715,3834,-417,30
81,119,2715,3835,-417,30
81,119,2715,3836,-417,30
81,119,2715,3838,-417,30
81,119,2715,3839,-417,30
81,119,2715,3840,-417,30
81,119,2715,3841,-417,30
81,119,2715,3842,-417,30
81,119,2715,3843,-417,30
81,119,2715,3844,-417,30
81,119,2715,3845,-417,30
81,119,2715,3846,-417,30
81,119,2715,3847,-418,0
81,119,2715,3847,-417,30
81,119,2715,3848,-417,30
81,119,2715,3849,-417,30
81,119,2715,3865,-418,0
81,119,2715,3866,-417,30
81,119,2715,3867,-418,0
81,119,2715,3868,-418,0
81,119,2715,3870,-418,-21
81,119,2715,3870,-418,0
81,119,2715,3874,-353,-353
81,119,2715,3876,-345,-361
81,119,2716,3782,-394,306
81,119,2716,3868,-392,0
81,119,2717,3783,-386,316
81,119,2717,3811,-392,0
81,119,2717,3867,-392,0
81,119,2718,3805,-500,0
81,119,2718,3806,-392,0
81,119,2718,3807,-392,-9
81,119,2718,3808,-496,60
81,119,2719,3793,-478,144
81,119,2719,3815,-392,19
81,119,2719,3848,-392,19
81,119,2719,3864,-392,0
81,119,2721,3788,-447,224
81,119,2721,3811,-366,0
81,119,2722,3806,-366,0
81,119,2722,3807,-366,-8
81,119,2722,3809,-365,26
81,119,2723,3802,-366,18
81,119,2723,3803,-366,18
81,119,2723,3804,-366,18
81,119,2723,3805,-500,0
81,119,2723,3805,-366,18
81,119,2723,3806,-366,18
81,119,2723,3807,-366,-8
81,119,2723,3807,-366,18
81,119,2723,3808,-366,18
81,119,2723,3809,-366,18
81,119,2723,3810,-366,8
81,119,2723,3810,-366,18
81,119,2723,3811,-366,18
81,119,2723,3812,-366,18
81,119,2723,3813,-366,18
81,119,2723,3814,-366,18
81,119,2723,3815,-366,18
81,119,2723,3816,-366,18
81,119,2723,3817,-366,18
81,119,2723,3818,-366,18
81,119,2723,3819,-366,18
81,119,2723,3820,-366,18
81,119,2723,3821,-366,18
81,119,2723,3822,-366,18
81,119,2723,3823,-366,18
81,119,2723,3824,-366,18
81,119,2723,3825,-366,18
81,119,2723,3826,-366,18
81,119,2723,3827,-366,18
81,119,2723,3828,-366,18
81,119,2723,3829,-366,18
81,119,2723,3830,-366,18
81,119,2723,3831,-366,18
81,119,2723,3832,-366,18
81,119,2723,3833,-366,18
81,119,2723,3834,-366,18
81,119,2723,3835,-366,18
81,119,2723,3836,-366,18
81,119,2723,3837,-366,18
81,119,2723,3838,-366,18
81,119,2723,3839,-366,18
81,119,2723,3840,-366,18
81,119,2723,3841,-366,18
81,119,2723,3842,-366,18
81,119,2723,3843,-366,18
81,119,2723,3844,-366,18
81,119,2723,3845,-366,18
81,119,2723,3846,-366,18
81,119,2723,3847,-366,0
81,119,2723,3847,-366,18
81,119,2723,3848,-366,18
81,119,2724,3792,-478,144
81,119,2724,3812,-340,0
81,119,2725,3805,-340,0
81,119,2725,3809,-340,0
81,119,2725,3812,-340,0
81,119,2725,3816,-340,0
81,119,2725,3821,-340,0
81,119,2725,3829,-340,0
81,119,2725,3837,-340,0
81,119,2725,3839,-340,0
81,119,2725,3843,-340,0
81,119,2725,3844,-340,0
81,119,2725,3850,-340,0
81,119,2726,3795,-478,144
81,119,2726,3805,-418,0
81,119,2727,3805,-500,0
81,119,2727,3805,-471,0
81,119,2728,3805,-500,0
81,119,2728,3807,-496,60
81,122,2635,3860,0,209
81,122,2635,3882,-5,25
81,122,2635,3882,0,0
81,122,2635,3887,0,0
81,122,2637,3884,-70,255
81,122,2644,3890,92,-126
81,122,2654,3877,-263,-175
81,122,2655,3865,-258,332
81,122,2656,3884,-57,-255
81,122,2656,3889,144,-151
81,122,2657,3879,-210,-270
81,122,2657,3882,-281,-381
81,122,2658,3862,-300,366
81,122,2659,3891,115,-62
81,122,2660,3887,-283,-312
81,122,2660,3888,-165,-235
81,122,2660,3891,115,-62
81,122,2661,3869,-299,257
81,122,2661,3886,-250,-339
81,122,2661,3887,-250,-339
81,122,2662,3882,-205,-238
81,122,2662,3890,101,-152
81,122,2663,3882,-122,-260
81,122,2663,3886,-300,-366
81,122,2663,3888,-132,-162
81,122,2663,3889,132,-126
81,122,2664,3891,138,-74
81,122,2665,3887,-217,-145
81,122,2665,3888,80,-194
81,122,2665,3891,138,-74
81,122,2666,3889,126,-132
81,122,2666,3891,138,-74
81,122,2668,3865,-179,466
81,122,2668,3888,-246,-272
81,122,2669,3865,-74,494
81,122,2670,3862,-109,488
81,122,2670,3863,-144,478
81,122,2670,3867,-68,306
81,122,2671,3864,-144,478
81,122,2678,3875,-227,216
81,122,2684,3881,-289,183
81,122,2684,3896,-212,0
81,122,2684,3905,-130,0
81,122,2685,3897,-261,13
81,122,2685,3905,-157,0
81,122,2686,3895,-238,0
81,122,2686,3905,-157,0
81,122,2686,3906,-157,0
81,122,2690,3905,-91,-51
81,122,2690,3907,-78,1
81,122,2691,3906,-444,22
81,122,2691,3906,-68,-38
81,122,2694,3857,-345,361
81,122,2694,3902,-332,74
81,122,2695,3857,-345,361
81,122,2695,3858,-345,361
81,122,2698,3907,-421,0
81,122,2699,3864,-497,-11
81,122,2701,3906,-392,0
81,122,2706,3867,-471,10
81,122,2706,3895,-471,23
81,122,2706,3896,-471,23
81,122,2706,3899,-471,23
81,122,2707,3868,-444,0
81,122,2711,3891,-405,242
81,122,2711,3894,-444,22
81,122,2713,3908,-496,-60
81,122,2714,3878,-344,358
81,122,2714,3889,-375,237
81,122,2715,3875,-418,0
81,122,2715,3876,-418,0
81,122,2715,3888,-382,229
81,122,2715,3889,-382,229
81,122,2715,3891,-417,30
81,122,2715,3892,-417,30
81,122,2715,3893,-417,30
81,122,2715,3894,-417,30
81,122,2715,3895,-417,30
81,122,2715,3896,-417,30
81,122,2715,3897,-417,30
81,122,2715,3898,-417,30
81,122,2715,3899,-417,30
81,122,2715,3900,-417,30
81,122,2715,3901,-417,30
81,122,2715,3902,-417,30
81,122,2715,3903,-417,30
81,122,2715,3904,-417,30
81,122,2715,3905,-418,21
81,122,2715,3905,-417,30
81,122,2715,3906,-417,30
81,122,2715,3965,-451,-212
81,122,2716,3901,-410,81
81,122,2716,3908,-392,0
81,122,2717,3886,-353,223
81,122,2718,3886,-353,223
81,122,2718,3887,-360,215
81,122,2718,3888,-390,220
81,122,2718,3905,-392,8
81,122,2718,3907,-500,0
81,122,2718,3908,-457,0
81,122,2719,3879,-392,0
81,122,2719,3886,-360,215
81,122,2719,3895,-392,0
81,122,2719,3896,-392,19
81,122,2719,3905,-392,19
81,122,2719,3907,-457,0
81,122,2720,3885,-421,267
81,122,2720,3900,-385,76
81,122,2720,3908,-366,0
81,122,2721,3905,-365,26
81,122,2722,3903,-414,62
81,122,2722,3905,-386,28
81,122,2722,3905,-366,8
81,122,2722,3905,-366,18
81,122,2723,3888,-366,0
81,122,2723,3889,-366,18
81,122,2723,3890,-366,18
81,122,2723,3891,-366,18
81,122,2723,3892,-366,18
81,122,2723,3893,-366,18
81,122,2723,3894,-366,18
81,122,2723,3895,-366,0
81,122,2723,3895,-366,18
81,122,2723,3896,-366,18
81,122,2723,3897,-366,18
81,122,2723,3898,-366,18
81,122,2723,3899,-366,18
81,122,2723,3900,-366,18
81,122,2723,3901,-366,18
81,122,2723,3902,-366,18
81,122,2723,3902,-362,54
81,122,2723,3903,-366,18
81,122,2723,3903,-363,44
81,122,2723,3904,-366,18
81,122,2723,3905,-366,18
81,122,2723,3905,-365,26
81,122,2723,3908,-431,0
81,122,2724,3891,-340,0
81,122,2724,3899,-358,80
81,122,2724,3907,-431,0
81,122,2724,3907,-392,0
81,122,2724,3908,-418,0
81,122,2724,3908,-340,0
81,122,2725,3891,-340,0
81,122,2725,3892,-340,0
81,122,2725,3900,-340,0
81,122,2725,3903,-415,50
81,122,2725,3904,-340,0
81,122,2725,3905,-340,7
81,122,2725,3906,-340,0
81,122,2725,3907,-398,0
81,122,2725,3908,-369,0
81,122,2726,3888,-367,27
81,122,2726,3907,-500,0
81,122,2726,3907,-497,0
81,122,2726,3907,-366,0
81,122,2726,3908,-398,0
81,122,2727,3898,-490,97
81,122,2728,3886,-444,53
81,122,2728,3907,-500,0
81,124,2635,3915,-224,447
81,124,2635,3932,0,369
81,124,2656,3948,-23,-12
81,124,2656,3955,212,0
81,124,2658,3947,0,-130
81,124,2658,3952,-207,-240
81,124,2659,3948,-18,-18
81,124,2659,3953,-344,-194
81,124,2659,3954,-366,-151
81,124,2660,3947,22,12
81,124,2660,3947,22,13
81,124,2660,3947,25,6
81,124,2660,3947,26,1
81,124,2660,3947,219,-297
81,124,2660,3954,178,-153
81,124,2660,3955,138,-74
81,124,2660,3955,159,-96
81,124,2661,3955,-137,-82
81,124,2661,3955,179,-49
81,124,2662,3947,23,12
81,124,2662,3947,26,0
81,124,2662,3947,138,-208
81,124,2662,3948,-7,-290
81,124,2663,3947,0,0
81,124,2663,3947,130,0
81,124,2663,3948,-8,-342
81,124,2663,3952,-144,117
81,124,2663,3955,138,-74
81,124,2664,3947,23,11
81,124,2664,3947,98,-140
81,124,2664,3950,-54,-271
81,124,2664,3954,-87,-130
81,124,2664,3955,-234,-41
81,124,2665,3947,16,-316
81,124,2665,3947,23,11
81,124,2665,3948,-9,-395
81,124,2665,3954,-162,-132
81,124,2665,3955,-48,-62
81,124,2665,3955,-21,-14
81,124,2666,3951,41,-208
81,124,2666,3954,-1,-78
81,124,2666,3955,-22,-14
81,124,2666,3955,0,-52
81,124,2667,3896,0,500
81,124,2667,3899,0,500
81,124,2667,3904,0,500
81,124,2667,3935,0,78
81,124,2667,3935,0,342
81,124,2667,3936,0,290
81,124,2667,3937,-7,103
81,124,2667,3937,-1,25
81,124,2667,3938,0,212
81,124,2667,3941,-5,25
81,124,2667,3943,0,26
81,124,2667,3947,-24,10
81,124,2667,3947,0,0
81,124,2667,3955,-159,-8
81,124,2668,3950,-202,165
81,124,2668,3957,89,59
81,124,2668,3957,108,72
81,124,2668,3957,117,62
81,124,2668,3959,186,348
81,124,2669,3903,-60,496
81,124,2669,3954,121,-47
81,124,2669,3961,106,151
81,124,2671,3949,44,-257
81,124,2671,3960,263,175
81,124,2672,3939,-205,-205
81,124,2672,3988,-43,445
81,124,2675,3902,-132,482
81,124,2675,3988,-395,0
81,124,2676,3924,-121,403
81,124,2676,3927,-141,396
81,124,2677,3920,-107,325
81,124,2677,3923,-140,424
81,124,2677,3949,200,-245
81,124,2678,3924,-140,424
81,124,2678,3929,-151,365
81,124,2678,3943,-287,-21
81,124,2679,3924,-160,417
81,124,2679,3925,-170,411
81,124,2679,3925,-130,314
81,124,2682,3915,-170,442
81,124,2683,3916,-181,438
81,124,2683,3925,-105,210
81,124,2683,3938,-201,400
81,124,2684,3916,-181,438
81,124,2684,3919,-48,498
81,124,2685,3920,-48,498
81,124,2685,3961,-248,273
81,124,2686,3964,-252,228
81,124,2686,3968,-208,-20
81,124,2686,3972,-211,-16
81,124,2687,3942,-228,252
81,124,2687,3976,118,431
81,124,2689,3939,-318,234
81,124,2689,3953,-279,279
81,124,2689,3971,-264,0
81,124,2690,3972,-395,-9
81,124,2690,3973,-315,-23
81,124,2691,3977,17,237
81,124,2692,3974,0,130
81,124,2695,3964,-326,378
81,124,2695,3988,-395,0
81,124,2698,3916,-326,378
81,124,2698,3964,-421,0
81,124,2698,3974,-419,-41
81,124,2698,3977,-421,0
81,124,2701,3980,-437,97
81,124,2704,3971,-148,449
81,124,2704,3976,-148,449
81,124,2704,3985,-341,25
81,124,2706,3963,-345,361
81,124,2706,3964,-345,361
81,124,2707,3914,-335,371
81,124,2707,3915,-335,371
81,124,2707,3916,-345,361
81,124,2707,3919,-335,371
81,124,2707,3965,-500,-11
81,124,2707,3966,-324,-265
81,124,2708,3971,-335,371
81,124,2708,3979,-361,345
81,124,2709,3921,-361,345
81,124,2709,3921,-353,353
81,124,2709,3922,-353,353
81,124,2709,3952,-345,361
81,124,2709,3970,-361,345
81,124,2709,3970,-316,386
81,124,2709,3988,-473,0
81,124,2710,3921,-353,353
81,124,2711,3914,-335,371
81,124,2711,3916,-345,361
81,124,2711,3917,-345,361
81,124,2711,3969,-345,361
81,124,2713,3925,-359,343
81,124,2713,3926,-359,343
81,124,2713,3927,-359,343
81,124,2713,3927,-351,351
81,124,2713,3928,-359,343
81,124,2713,3928,-351,351
81,124,2713,3929,-359,343
81,124,2713,3929,-351,351
81,124,2713,3930,-359,343
81,124,2713,3930,-351,351
81,124,2713,3931,-359,343
81,124,2713,3931,-351,351
81,124,2713,3932,-351,351
81,124,2713,3935,-359,343
81,124,2713,3935,-351,351
81,124,2713,3937,-359,343
81,124,2713,3937,-351,351
81,124,2713,3938,-334,368
81,124,2713,3940,-351,351
81,124,2713,3940,-344,358
81,124,2713,3941,-359,343
81,124,2713,3941,-351,351
81,124,2713,3948,-345,361
81,124,2714,3919,-344,358
81,124,2714,3926,-359,343
81,124,2714,3931,-344,358
81,124,2714,3933,-344,358
81,124,2714,3938,-335,371
81,124,2714,3941,-359,343
81,124,2714,3972,-496,-60
81,124,2714,3986,-490,97
81,124,2715,3941,-359,343
81,124,2716,3932,-340,325
81,124,2716,3934,-340,325
81,124,2716,3937,-340,325
81,124,2716,3938,-340,325
81,124,2716,3948,-408,287
81,124,2717,3965,-500,0
81,124,2717,3972,-500,0
81,124,2719,3965,-314,0
81,124,2720,3945,-408,287
81,124,2721,3971,-500,0
81,124,2722,3983,-494,74
81,124,2723,3979,-488,109
81,124,2723,3988,-500,0
81,124,2725,3974,-498,-37
81,124,2725,3982,-412,71
81,124,2727,3965,-500,0
81,124,2727,3972,-500,0
81,124,2728,3967,-498,-37
81,124,2728,3974,-498,-37
82,125,2659,3956,74,248
82,125,2660,3956,75,250
82,125,2661,3956,203,203
82,125,2664,3956,94,265
82,125,2664,3956,353,0
82,125,2666,3956,283,133
82,125,2667,3947,0,500
82,125,2667,3954,0,447
82,125,2667,3957,0,421
82,125,2667,3959,0,395
82,125,2667,3962,0,104
82,125,2667,3974,-5,25
82,125,2667,3974,-3,25
82,125,2667,3976,-16,19
82,125,2667,3976,-15,20
82,125,2667,3979,-26,-2
82,125,2667,3982,0,209
82,125,2667,3984,0,0
82,125,2670,3983,-119,-53
82,125,2671,3982,239,159
82,125,2671,3987,-178,53
82,125,2674,3963,-311,-197
82,125,2675,3980,-319,274
82,125,2676,3962,-132,371
82,125,2676,3984,57,-228
82,125,2678,3930,-132,482
82,125,2679,3931,-156,474
82,125,2679,3986,159,-96
82,125,2680,3982,-91,-220
82,125,2680,3983,-325,107
82,125,2681,3977,-123,-262
82,125,2681,3986,88,-133
82,125,2681,3987,128,-35
82,125,2682,3980,13,-264
82,125,2682,3983,23,-237
82,125,2682,3986,153,-146
82,125,2683,3978,-84,-278
82,125,2683,3983,-109,-182
82,125,2683,3983,23,-237
82,125,2683,3984,17,-185
82,125,2683,3984,91,-220
82,125,2683,3985,103,-155
82,125,2683,3986,117,-176
82,125,2684,3980,-45,-260
82,125,2684,3982,-61,-203
82,125,2684,3983,63,-230
82,125,2684,3985,153,-146
82,125,2685,3985,17,-182
82,125,2685,3986,88,-133
82,125,2685,3987,-141,-75
82,125,2687,3949,-335,371
82,125,2687,3975,-125,-233
82,125,2687,3985,133,-128
82,125,2689,3950,-335,371
82,125,2689,3982,189,-220
82,125,2690,3981,172,-233
82,125,2690,3983,162,-208
82,125,2691,3981,28,-289
82,125,2692,3948,-345,361
82,125,2694,3984,-289,-21
82,125,2695,3947,-345,361
82,125,2695,3948,-345,361
82,125,2695,3980,-386,86
82,125,2699,3945,-353,353
82,125,2700,3984,-391,58
82,125,2701,3944,-277,416
82,125,2702,3956,-345,361
82,125,2703,3959,-345,361
82,125,2703,3978,-433,108
82,125,2703,3979,-437,97
82,125,2704,3943,-335,371
82,125,2704,3976,-148,449
82,125,2705,3952,-353,353
82,125,2705,3980,-464,92
82,125,2706,3945,-335,371
82,125,2706,3946,-335,371
82,125,2706,3947,-345,361
82,125,2706,3947,-335,371
82,125,2706,3949,-353,353
82,125,2707,3949,-353,353
82,125,2708,3971,-361,345
82,125,2708,3971,-335,371
82,125,2708,3978,-459,114
82,125,2708,3979,-361,345
82,125,2709,3971,-361,345
82,125,2710,3969,-326,378
82,125,2711,3980,-464,92
82,125,2712,3981,-356,98
82,125,2715,3982,-442,66
82,125,2716,3977,-396,141
82,125,2717,3970,-361,345
82,125,2719,3979,-407,111
82,125,2719,3980,-464,92
82,125,2721,3976,-425,139
82,125,2722,3977,-428,129
82,125,2723,3978,-433,108
82,125,2723,3979,-462,103
82,125,2724,3974,-442,169
82,125,2724,3975,-450,148
82,125,2724,3975,-446,158
82,125,2724,3978,-433,108
82,125,2724,3983,-444,53
82,125,2725,3975,-450,148
82,125,2725,3979,-378,114
82,125,2726,3979,-378,114
82,125,2729,3979,-464,92
82,125,2729,3979,-462,103
82,125,2730,3984,-415,50
82,125,2731,3979,-464,92
82,125,2735,3988,-366,0
82,125,2746,3988,-500,0
82,125,2748,3988,-500,0
82,125,2751,3988,-381,281
82,125,2752,3983,-429,257
82,125,2752,3985,-466,179
82,125,2756,3986,-314,15
82,125,2757,3974,-470,167
82,125,2758,3973,-484,121
82,125,2758,3988,-500,0
82,125,2759,3975,-482,132
82,125,2759,3980,-482,132
82,125,2759,3981,-492,85
82,125,2761,3979,-492,85
82,125,2761,3988,-500,0
82,125,2763,3978,-408,287
83,3,2584,139,500,0
83,3,2587,137,389,-47
83,3,2589,132,500,0
83,3,2596,140,498,-37
83,3,2597,136,311,-38
83,3,2606,132,447,0
83,3,2606,139,447,0
83,3,2622,180,74,-494
83,3,2624,174,0,-395
83,3,2624,181,0,-466
83,3,2624,181,0,-444
83,3,2624,184,0,-472
83,3,2624,184,0,-444
83,3,2627,155,500,0
83,3,2634,139,0,0
83,3,2634,165,151,-366
83,3,2635,139,0,0
83,3,2639,158,293,-265
83,3,2644,168,0,-418
83,3,2644,197,0,-340
83,3,2645,188,-21,-418
83,3,2646,196,-18,-366
83,3,2647,188,-21,-418
83,3,2648,172,378,-326
83,3,2648,196,-18,-366
83,3,2649,184,-22,-444
83,3,2649,188,-21,-418
83,3,2650,196,-18,-366
83,3,2651,187,378,-326
83,3,2653,189,353,-353
83,3,2655,185,361,-345
83,3,2656,186,361,-345
83,3,2658,163,312,-283
83,3,2658,182,361,-345
83,3,2659,182,361,-345
83,3,2660,196,-18,-366
83,3,2662,196,-18,-366
83,3,2665,188,-21,-418
83,3,2666,196,-18,-366
83,3,2668,188,-21,-418
83,3,2669,196,-18,-366
83,3,2671,155,-141,66
83,3,2673,196,-18,-366
83,3,2678,184,-22,-444
83,3,2679,196,-18,-366
83,3,2685,184,-22,-444
83,3,2686,190,0,-392
83,3,2686,194,0,-366
83,3,2686,196,-18,-366
83,3,2688,187,-21,-418
83,3,2688,187,0,-440
83,3,2688,187,0,-314
83,3,2688,188,-21,-418
83,3,2688,190,0,-392
83,3,2688,191,0,-414
83,3,2688,194,0,-366
83,3,2688,195,0,-387
83,3,2688,196,0,-387
83,3,2689,188,-21,-418
83,3,2689,193,-20,-392
83,3,2689,196,-27,-365
83,3,2689,196,-18,-366
83,3,2690,166,-44,-363
83,3,2690,184,-22,-444
83,3,2690,188,-21,-418
83,3,2690,195,-31,-419
83,3,2690,196,-18,-366
83,3,2691,162,-235,-212
83,3,2691,196,-18,-366
83,3,2693,188,-21,-418
83,3,2693,189,-72,-412
83,3,2694,196,-18,-366
83,3,2695,197,-71,-359
83,3,2697,188,-21,-418
83,3,2697,189,-121,-400
83,3,2697,196,-18,-366
83,3,2697,197,-89,-355
83,3,2698,196,-18,-366
83,3,2698,197,-97,-353
83,3,2703,177,0,-471
83,3,2703,194,-150,-363
83,3,2703,197,0,-340
83,3,2704,188,-21,-418
83,3,2705,159,-277,-277
83,3,2705,185,-252,-397
83,3,2705,195,-159,-358
83,3,2705,196,-18,-366
83,3,2706,184,-22,-444
83,3,2706,195,-176,-351
83,3,2706,196,-18,-366
83,3,2707,196,-18,-366
83,3,2708,187,-359,-344
83,3,2708,196,-18,-366
83,3,2709,184,-22,-444
83,3,2709,188,-21,-418
83,3,2709,196,-18,-366
83,3,2710,174,0,-497
83,3,2710,188,0,-418
83,3,2710,190,-277,-416
83,3,2710,193,-232,-348
83,3,2710,196,-18,-366
83,3,2710,196,0,-366
83,3,2711,187,-280,-379
83,3,2712,181,-361,-345
83,3,2712,184,-22,-444
83,3,2712,196,-18,-366
83,3,2713,191,-273,-351
83,3,2713,196,-18,-366
83,3,2714,182,-353,-353
83,3,2715,184,-22,-444
83,3,2715,196,-18,-366
83,3,2716,184,-353,-353
83,3,2716,185,-353,-353
83,3,2716,188,-21,-418
83,3,2716,196,-18,-366
83,3,2717,185,-353,-353
83,3,2717,186,-361,-345
83,3,2717,186,-353,-353
83,3,2717,196,-18,-366
83,3,2718,183,-361,-345
83,3,2718,184,-22,-444
83,3,2718,186,-361,-345
83,3,2719,188,-353,-353
83,3,2719,189,-345,-361
83,3,2719,196,-18,-366
83,3,2720,196,-18,-366
83,3,2720,196,0,-366
83,3,2721,185,-361,-345
83,3,2722,188,-353,-353
83,3,2724,196,-18,-366
83,3,2725,184,-22,-444
83,3,2725,184,0,-444
83,3,2725,196,0,-366
83,3,2726,188,-21,-418
83,3,2726,196,-18,-366
83,3,2727,196,-18,-366
83,3,2728,188,-21,-418
83,3,2729,196,-18,-366
83,3,2730,142,-27,180
83,3,2731,188,-21,-418
83,3,2731,198,0,-340
83,3,2732,135,76,136
83,3,2732,136,61,115
83,3,2732,137,30,153
83,3,2732,138,12,-23
83,3,2732,138,43,-29
83,3,2732,188,-21,-418
83,3,2732,196,-18,-366
83,3,2733,188,0,-418
83,3,2733,196,-18,-366
83,3,2733,196,0,-366
83,3,2734,128,173,116
83,3,2734,131,140,155
83,3,2734,133,173,116
83,3,2734,135,217,-145
83,3,2734,137,140,-155
83,3,2735,135,217,-145
83,3,2735,135,239,-159
83,3,2735,136,212,-100
83,3,2735,140,-35,-285
83,3,2736,116,-194,80
83,3,2736,167,-316,-316
83,3,2736,192,0,-392
83,3,2737,132,246,87
83,3,2738,146,-287,27
83,3,2739,134,268,-208
83,3,2740,121,310,46
83,3,2740,135,311,37
83,3,2740,135,312,23
83,3,2741,132,289,-225
83,3,2741,136,220,139
83,3,2741,143,314,130
83,3,2741,169,-61,-172
83,3,2743,133,350,-106
83,3,2744,131,328,90
83,3,2744,133,67,225
83,3,2744,133,335,50
83,3,2744,136,337,41
83,3,2745,124,314,-189
83,3,2745,136,-103,-269
83,3,2746,130,378,-104
83,3,2746,133,383,85
83,3,2746,135,366,141
83,3,2746,143,21,286
83,3,2746,177,-361,-345
83,3,2747,137,269,161
83,3,2748,127,330,-257
83,3,2748,139,148,247
83,3,2748,143,-7,314
83,3,2751,138,315,232
83,3,2751,141,-30,312
83,3,2752,138,144,306
83,3,2790,151,-482,-132
84,2,2626,85,416,-277
84,2,2638,97,212,-451
84,2,2639,97,212,-451
84,2,2640,93,179,-466
84,2,2642,94,74,-494
84,2,2644,90,0,-500
84,2,2644,91,0,-500
84,2,2644,91,0,-497
84,2,2644,92,0,-500
84,2,2647,52,395,0
84,2,2652,73,312,-30
84,2,2655,64,335,66
84,2,2714,146,466,-179
84,2,2714,149,416,-277
84,2,2715,144,482,-132
84,2,2715,146,406,-180
84,2,2715,150,394,-306
84,2,2715,151,236,-441
84,2,2716,139,500,0
84,2,2716,144,474,-156
84,2,2716,147,451,-212
84,2,2716,148,416,-277
84,2,2716,149,416,-277
84,2,2716,151,236,-441
84,2,2716,152,236,-441
84,2,2717,150,402,-296
84,2,2718,148,416,-277
84,2,2718,149,402,-296
84,2,2719,149,394,-306
84,2,2719,150,378,-326
84,2,2721,143,466,-179
84,2,2725,157,0,-500
84,2,2729,150,97,-490
84,2,2731,130,0,-369
84,2,2731,138,0,-421
84,2,2731,142,0,-447
84,2,2732,138,-21,-421
84,2,2736,110,-179,-113
84,2,2737,111,-212,-157
84,2,2737,148,-257,-429
84,2,2744,139,-182,-409
84,2,2745,136,-189,-377
84,2,2750,145,0,-473
84,2,2752,130,0,-369
84,2,2752,133,-20,-395
84,2,2752,133,0,-395
84,2,2752,136,0,-395
84,2,2752,138,0,-421
84,2,2752,141,0,-447
84,2,2752,142,-23,-447
84,2,2752,146,0,-473
84,2,2752,147,0,-473
84,2,2752,149,0,-473
84,2,2752,151,0,-500
84,2,2752,151,60,-496
84,2,2753,138,-21,-421
84,2,2753,142,-23,-447
84,2,2753,146,-11,-473
84,2,2753,151,156,-474
84,2,2756,145,0,-473
84,2,2756,155,0,-500
84,2,2760,130,-353,-274
84,2,2763,133,-374,-290
84,2,2772,139,-473,-11
84,125,2688,3954,0,447
84,125,2711,3987,141,-116
84,125,2714,3986,132,-126
84,125,2715,3987,138,-74
84,125,2716,3971,-170,162
84,125,2716,3971,-153,178
84,125,2717,3987,138,-74
84,125,2718,3969,-176,194
84,125,2718,3984,80,-194
84,125,2718,3985,107,-180
84,125,2723,3978,-185,-185
84,125,2723,3985,101,-152
84,125,2724,3971,-170,162
84,125,2725,3987,138,-74
84,125,2728,3986,101,-152
84,125,2730,3986,101,-152
84,125,2731,3975,0,130
84,125,2731,3987,148,-49
84,125,2732,3957,0,418
84,125,2733,3987,138,-74
84,125,2734,3945,-353,353
84,125,2734,3987,138,-74
84,125,2735,3945,-353,353
84,125,2735,3986,101,-152
84,125,2735,3987,138,-74
84,125,2736,3945,-353,353
84,125,2737,3938,97,490
84,125,2737,3945,-353,353
84,125,2738,3945,-353,353
84,125,2739,3945,-353,353
84,125,2740,3945,-353,353
84,125,2740,3971,-170,162
84,125,2740,3987,102,-20
84,125,2741,3945,-353,353
84,125,2742,3941,-344,358
84,125,2742,3945,-353,353
84,125,2742,3986,101,-152
84,125,2743,3941,-344,358
84,125,2743,3945,-353,353
84,125,2743,3968,-193,213
84,125,2743,3983,-70,-169
84,125,2744,3931,40,416
84,125,2744,3934,19,392
84,125,2744,3945,-353,353
84,125,2745,3935,45,469
84,125,2745,3945,-353,353
84,125,2746,3935,60,493
84,125,2746,3936,60,493
84,125,2746,3937,48,498
84,125,2746,3938,48,498
84,125,2746,3939,48,498
84,125,2746,3941,-344,358
84,125,2746,3945,-353,353
84,125,2747,3936,0,471
84,125,2747,3940,60,496
84,125,2747,3942,60,496
84,125,2747,3945,-353,353
84,125,2748,3934,0,444
84,125,2748,3937,0,500
84,125,2748,3941,-344,358
84,125,2748,3945,-353,353
84,125,2748,3954,0,447
84,125,2748,3957,0,421
84,125,2748,3964,0,369
84,125,2748,3967,0,342
84,125,2748,3971,-170,162
84,125,2748,3972,0,104
84,125,2749,3932,-8,366
84,125,2749,3941,-351,351
84,125,2749,3945,-353,353
84,125,2750,3941,-359,343
84,125,2750,3941,-344,358
84,125,2750,3945,-353,353
84,125,2750,3982,45,-260
84,125,2750,3986,132,-126
84,125,2750,3987,138,-74
84,125,2751,3930,0,340
84,125,2752,3930,0,340
84,125,2752,3932,0,387
84,125,2752,3932,0,500
84,125,2752,3933,0,366
84,125,2752,3934,0,366
84,125,2752,3934,0,387
84,125,2752,3934,0,392
84,125,2752,3935,0,366
84,125,2752,3936,0,414
84,125,2752,3937,0,392
84,125,2752,3943,-371,335
84,125,2752,3945,-353,353
84,125,2752,3961,0,380
84,125,2752,3974,-32,126
84,125,2752,3975,-242,-198
84,125,2752,3975,0,78
84,125,2753,3930,0,340
84,125,2753,3931,0,340
84,125,2753,3933,-21,418
84,125,2753,3933,-20,392
84,125,2753,3934,-18,366
84,125,2753,3945,-353,353
84,125,2753,3967,-41,205
84,125,2753,3971,-27,180
84,125,2753,3973,-28,127
84,125,2754,3930,-29,393
84,125,2754,3930,0,340
84,125,2754,3934,-27,364
84,125,2754,3941,-351,351
84,125,2754,3945,-353,353
84,125,2754,3967,-55,201
84,125,2755,3930,0,340
84,125,2755,3934,-44,363
84,125,2755,3934,-35,364
84,125,2755,3941,-344,358
84,125,2755,3945,-353,353
84,125,2755,3966,-90,273
84,125,2756,3930,0,340
84,125,2756,3934,-44,363
84,125,2756,3941,-344,358
84,125,2756,3945,-353,353
84,125,2756,3962,-98,325
84,125,2756,3966,-117,262
84,125,2756,3971,-153,178
84,125,2756,3971,-119,138
84,125,2756,3971,-113,108
84,125,2756,3987,138,-74
84,125,2757,3930,0,340
84,125,2757,3933,-71,358
84,125,2757,3934,-71,358
84,125,2757,3945,-353,353
84,125,2757,3962,-130,314
84,125,2757,3970,-132,126
84,125,2758,3930,0,340
84,125,2758,3936,-76,303
84,125,2758,3941,-344,358
84,125,2758,3945,-353,353
84,125,2758,3985,-265,-217
84,125,2758,3987,138,-74
84,125,2759,3930,0,340
84,125,2759,3943,-371,335
84,125,2759,3945,-353,353
84,125,2760,3930,0,340
84,125,2760,3945,-353,353
84,125,2761,3930,0,340
84,125,2761,3943,-371,335
84,125,2761,3945,-353,353
84,125,2762,3930,0,340
84,125,2762,3931,0,340
84,125,2762,3941,-344,358
84,125,2762,3945,-353,353
84,125,2762,3968,-191,182
84,125,2763,3930,0,340
84,125,2763,3931,0,340
84,125,2763,3941,-344,358
84,125,2763,3945,-353,353
84,125,2764,3930,0,340
84,125,2764,3933,-114,347
84,125,2764,3941,-344,358
84,125,2764,3943,-371,335
84,125,2764,3945,-353,353
84,125,2764,3954,-18,366
84,125,2765,3930,0,340
84,125,2765,3945,-353,353
84,125,2766,3930,0,340
84,125,2766,3943,-270,384
84,125,2766,3945,-353,353
84,125,2767,3934,0,366
84,125,2767,3945,-353,353
84,125,2768,3936,-224,353
84,125,2768,3945,-353,353
84,125,2768,3970,0,209
84,125,2768,3971,0,209
84,125,2768,3972,0,157
84,125,2768,3973,0,130
84,125,2769,3934,0,366
84,125,2769,3935,-176,351
84,125,2769,3943,-371,335
84,125,2769,3945,-353,353
84,125,2770,3936,-232,348
84,125,2770,3941,-344,358
84,125,2770,3944,-345,361
84,125,2770,3945,-353,353
84,125,2771,3934,-176,351
84,125,2771,3934,0,366
84,125,2771,3935,0,366
84,125,2771,3943,-371,335
84,125,2771,3945,-353,353
84,125,2771,3973,-132,161
84,125,2772,3934,0,366
84,125,2772,3935,0,366
84,125,2772,3941,-344,358
84,125,2772,3943,-371,335
84,125,2772,3945,-353,353
84,125,2772,3972,-153,178
84,125,2773,3936,-224,353
84,125,2773,3945,-353,353
84,125,2773,3955,-316,386
84,125,2774,3943,-371,335
84,125,2774,3945,-353,353
84,125,2774,3971,-190,285
84,125,2774,3988,0,0
84,125,2775,3939,-325,340
84,125,2775,3943,-371,335
84,125,2775,3945,-353,353
84,125,2775,3988,0,0
84,125,2775,3988,24,-46
84,125,2776,3941,-344,358
84,125,2776,3945,-353,353
84,125,2777,3941,-351,351
84,125,2777,3945,-353,353
84,125,2777,3966,-227,216
84,125,2778,3941,-359,343
84,125,2778,3941,-344,358
84,125,2778,3945,-353,353
84,125,2778,3965,-211,333
84,125,2779,3940,-316,349
84,125,2779,3940,-307,356
84,125,2779,3941,-344,358
84,125,2779,3943,-378,326
84,125,2780,3941,-351,351
84,125,2780,3942,-351,351
84,125,2781,3941,-351,351
84,125,2782,3942,-361,345
84,125,2782,3947,-295,400
84,125,2782,3955,-230,384
84,125,2783,3940,-353,353
84,125,2783,3941,-369,333
84,125,2784,3940,-356,340
84,125,2784,3941,-369,333
84,125,2784,3941,-359,343
84,125,2784,3942,-359,343
84,125,2784,3944,-386,316
84,125,2785,3945,-314,384
84,125,2785,3962,-179,466
84,125,2785,3963,-224,447
84,125,2785,3988,0,0
84,125,2789,3940,-325,340
84,125,2791,3948,-180,435
84,125,2792,3952,-144,478
84,125,2793,3945,-353,353
84,125,2793,3980,-408,101
84,125,2795,3959,-492,85
84,125,2796,3961,0,500
84,125,2797,3988,-447,0
84,125,2801,3950,-353,353
84,125,2807,3988,-500,0
84,125,2818,3988,-366,0
84,125,2819,3988,-500,0
84,125,2822,3988,-500,0
86,2,2709,51,421,0
86,2,2709,52,421,0
86,2,2735,136,402,-296
86,2,2735,136,441,-236
86,2,2737,134,330,-257
86,2,2740,144,131,-369
86,2,2742,131,353,-274
86,2,2745,127,339,-250
86,2,2745,128,339,-250
86,2,2746,128,332,-258
86,2,2746,128,339,-250
86,2,2747,137,291,-339
86,2,2757,142,192,-433
86,2,2759,139,181,-409
86,2,2761,142,478,-144
86,2,2762,139,139,-425
86,2,2763,133,141,-369
86,2,2763,137,121,-403
86,2,2763,164,132,-482
86,2,2764,133,132,-372
86,2,2765,161,132,-482
86,2,2766,159,121,-484
86,2,2768,154,121,-484
86,2,2770,130,46,-207
86,2,2772,111,49,92
86,2,2772,122,5,-25
86,2,2772,139,361,-345
86,2,2772,148,-306,-394
86,2,2772,158,0,-500
86,2,2773,139,-435,-246
86,2,2775,156,287,-408
86,2,2779,139,-500,0
86,2,2779,157,287,-408
86,2,2781,147,-386,-316
86,2,2781,156,287,-408
87,3,2716,139,500,0
87,3,2721,139,500,0
87,3,2730,178,361,-345
87,3,2731,139,421,-267
87,3,2731,139,500,0
87,3,2731,177,361,-345
87,3,2731,178,361,-345
87,3,2733,176,353,-353
87,3,2733,176,371,-335
87,3,2734,139,447,0
87,3,2734,174,361,-345
87,3,2734,175,371,-335
87,3,2734,176,353,-353
87,3,2734,177,353,-353
87,3,2737,172,361,-345
87,3,2738,172,361,-345
87,3,2740,176,371,-335
87,3,2740,179,287,-408
87,3,2741,139,421,0
87,3,2741,177,333,-369
87,3,2741,179,296,-402
87,3,2742,184,353,-353
87,3,2743,187,343,-359
87,3,2744,181,200,-425
87,3,2744,182,191,-430
87,3,2744,186,351,-351
87,3,2744,187,343,-359
87,3,2744,189,345,-361
87,3,2745,186,351,-351
87,3,2745,187,343,-359
87,3,2746,181,169,-439
87,3,2746,183,107,-431
87,3,2746,186,351,-351
87,3,2746,187,343,-359
87,3,2747,108,123,40
87,3,2747,181,158,-443
87,3,2747,183,353,-353
87,3,2747,184,353,-353
87,3,2747,187,343,-359
87,3,2748,183,353,-353
87,3,2748,184,353,-353
87,3,2748,187,343,-359
87,3,2749,183,353,-353
87,3,2749,184,353,-353
87,3,2749,187,343,-359
87,3,2750,173,66,-442
87,3,2750,183,353,-353
87,3,2750,184,353,-353
87,3,2750,187,343,-359
87,3,2751,184,45,-469
87,3,2751,184,353,-353
87,3,2751,187,343,-359
87,3,2752,164,267,-421
87,3,2752,180,0,-500
87,3,2752,181,0,-466
87,3,2752,181,0,-444
87,3,2752,182,25,-500
87,3,2752,183,0,-466
87,3,2752,183,23,-466
87,3,2752,184,0,-473
87,3,2752,184,0,-444
87,3,2752,187,343,-359
87,3,2753,187,343,-359
87,3,2754,137,-297,219
87,3,2754,183,353,-353
87,3,2754,187,343,-359
87,3,2755,187,343,-359
87,3,2756,160,361,-345
87,3,2756,187,343,-359
87,3,2757,187,343,-359
87,3,2758,187,343,-359
87,3,2759,161,416,-277
87,3,2759,187,343,-359
87,3,2760,124,-298,-169
87,3,2760,135,-339,33
87,3,2760,155,205,-279
87,3,2760,187,343,-359
87,3,2761,116,-282,-56
87,3,2761,187,343,-359
87,3,2762,107,21,-14
87,3,2762,124,-293,-121
87,3,2762,187,343,-359
87,3,2763,125,-269,-111
87,3,2763,130,-315,23
87,3,2763,187,343,-359
87,3,2764,187,343,-359
87,3,2765,187,343,-359
87,3,2765,188,353,-353
87,3,2766,130,-245,155
87,3,2766,139,-209,0
87,3,2766,186,351,-351
87,3,2766,187,343,-359
87,3,2766,187,351,-351
87,3,2766,188,345,-361
87,3,2767,130,-245,155
87,3,2767,186,351,-351
87,3,2767,187,343,-359
87,3,2767,188,358,-344
87,3,2768,128,-130,230
87,3,2768,184,353,-353
87,3,2768,187,343,-359
87,3,2769,128,-130,230
87,3,2769,129,-130,230
87,3,2769,130,-174,116
87,3,2769,187,343,-359
87,3,2770,183,353,-353
87,3,2770,184,353,-353
87,3,2770,187,343,-359
87,3,2771,136,-62,115
87,3,2771,139,-52,0
87,3,2772,142,49,-164
87,3,2772,187,343,-359
87,3,2773,187,343,-359
87,3,2775,187,343,-359
87,3,2776,187,343,-359
87,3,2777,176,353,-353
87,3,2779,187,343,-359
87,3,2780,187,343,-359
87,3,2781,187,343,-359
87,3,2782,187,343,-359
87,3,2783,187,343,-359
87,3,2784,140,-184,87
87,3,2785,168,394,-306
87,3,2785,186,351,-351
87,3,2785,187,343,-359
87,3,2785,187,351,-351
87,3,2789,186,368,-334
87,3,2790,187,343,-359
87,3,2790,189,343,-359
87,3,2791,145,-69,307
87,3,2791,187,343,-359
87,3,2791,188,343,-359
87,3,2793,187,345,-361
87,3,2794,164,-78,0
87,3,2794,185,345,-361
87,3,2794,186,345,-361
87,3,2794,187,345,-361
87,3,2795,190,316,-386
87,3,2795,191,326,-378
87,3,2797,184,345,-361
87,3,2798,187,326,-378
87,3,2814,153,123,344
87,3,2816,173,0,-447
87,3,2820,151,0,-264
87,3,2820,198,0,-500
87,3,2822,158,265,117
87,3,2827,172,-150,-421
87,3,2829,155,264,101
87,3,2836,161,0,-290
87,3,2840,143,-19,129
87,3,2841,148,-26,0
89,5,2776,163,500,0
89,5,2787,220,392,0
89,5,2787,220,500,0
89,5,2787,221,418,0
89,5,2787,222,414,-21
89,5,2787,224,457,-34
89,5,2788,221,500,0
89,5,2788,222,416,-31
89,5,2788,222,418,-21
89,5,2788,223,416,-31
89,5,2788,226,340,-325
89,5,2788,227,340,-325
89,5,2788,228,340,-325
89,5,2788,229,340,-325
89,5,2788,231,340,-325
89,5,2788,232,340,-325
89,5,2788,233,340,-325
89,5,2788,234,340,-325
89,5,2788,236,340,-325
89,5,2788,236,361,-345
89,5,2789,219,418,21
89,5,2789,220,500,0
89,5,2789,221,418,-10
89,5,2789,222,416,-31
89,5,2789,222,418,-21
89,5,2789,222,418,0
89,5,2789,222,438,-32
89,5,2789,223,416,-31
89,5,2789,223,418,-21
89,5,2789,223,418,0
89,5,2790,220,418,0
89,5,2790,220,500,0
89,5,2790,221,500,-11
89,5,2790,222,418,-21
89,5,2790,225,358,-344
89,5,2791,220,418,0
89,5,2791,221,418,-10
89,5,2791,222,416,-31
89,5,2791,225,351,-351
89,5,2791,225,485,0
89,5,2791,228,351,-351
89,5,2791,230,351,-351
89,5,2791,234,392,-210
89,5,2792,234,441,-236
89,5,2793,221,444,0
89,5,2793,235,397,-252
89,5,2793,236,397,-252
89,5,2794,223,444,0
89,5,2794,239,378,-326
89,5,2795,205,361,-345
89,5,2795,206,361,-345
89,5,2795,207,361,-345
89,5,2795,208,361,-345
89,5,2795,209,361,-345
89,5,2795,213,361,-345
89,5,2795,214,361,-345
89,5,2795,216,361,-345
89,5,2795,219,361,-345
89,5,2795,220,361,-345
89,5,2795,221,361,-345
89,5,2795,222,361,-345
89,5,2795,224,361,-345
89,5,2795,225,361,-345
89,5,2795,226,361,-345
89,5,2795,227,361,-345
89,5,2795,229,361,-345
89,5,2795,236,400,-295
89,5,2795,237,392,-305
89,5,2798,213,353,-353
89,5,2799,139,464,92
89,5,2799,221,500,0
89,5,2804,220,345,-361
89,5,2804,220,474,-156
89,5,2805,217,408,-182
89,5,2807,213,403,-121
89,5,2809,221,338,-25
89,5,2810,226,325,-266
89,5,2813,239,361,-345
89,5,2815,244,193,-213
89,5,2821,186,-174,-326
89,5,2822,200,-367,207
89,5,2825,184,-136,-227
89,5,2825,239,139,-425
89,5,2825,240,136,-453
89,5,2826,188,-394,-38
89,5,2828,161,-306,-394
89,5,2829,187,-244,-101
89,5,2829,250,85,-492
89,5,2831,191,-237,23
89,5,2833,186,-198,132
89,5,2833,188,-107,118
89,5,2835,180,-74,138
89,5,2835,186,-87,164
89,5,2835,199,-74,138
89,5,2835,203,-208,-20
89,5,2835,207,-171,198
89,5,2836,225,0,-290
89,5,2836,237,0,-447
89,5,2836,264,0,-500
89,5,2840,204,16,49
89,5,2840,204,226,136
89,5,2840,212,-26,-2
89,5,2841,204,77,-70
89,5,2841,210,190,317
89,5,2841,212,-25,8
89,5,2842,206,149,249
89,5,2842,212,-45,64
89,5,2843,212,-23,-12
89,5,2844,204,-157,84
89,5,2847,212,-23,-12
89,5,2847,212,-9,51
89,5,2861,217,230,-130
89,5,2868,207,25,2
89,7,2776,221,500,0
89,7,2776,223,500,-11
89,7,2777,220,500,0
89,7,2777,221,366,0
89,7,2777,225,405,-30
89,7,2778,224,361,-18
89,7,2778,267,500,0
89,7,2779,222,340,0
89,7,2779,222,361,0
89,7,2779,223,340,0
89,7,2779,224,340,0
89,7,2779,225,340,0
89,7,2779,227,340,0
89,7,2779,228,340,0
89,7,2779,229,340,0
89,7,2779,230,340,0
89,7,2779,231,340,0
89,7,2779,232,340,0
89,7,2779,233,340,0
89,7,2779,234,340,0
89,7,2779,235,340,0
89,7,2779,236,340,0
89,7,2779,237,340,0
89,7,2779,238,340,0
89,7,2779,239,340,0
89,7,2779,240,340,0
89,7,2779,241,340,0
89,7,2779,242,340,0
89,7,2779,243,340,0
89,7,2779,244,340,0
89,7,2779,245,340,0
89,7,2779,246,340,0
89,7,2779,247,340,0
89,7,2779,248,340,0
89,7,2779,249,340,0
89,7,2779,250,340,0
89,7,2779,251,340,0
89,7,2779,252,340,0
89,7,2779,253,340,0
89,7,2779,254,340,0
89,7,2779,255,340,0
89,7,2779,256,340,0
89,7,2779,257,340,0
89,7,2779,259,340,0
89,7,2779,260,340,0
89,7,2779,260,361,0
89,7,2779,261,340,0
89,7,2779,262,340,0
89,7,2779,263,340,0
89,7,2779,265,340,0
89,7,2779,266,340,0
89,7,2779,267,340,0
89,7,2780,221,366,0
89,7,2780,222,366,0
89,7,2780,223,366,-8
89,7,2780,223,366,0
89,7,2780,224,366,0
89,7,2780,267,395,0
89,7,2780,269,366,0
89,7,2780,270,366,0
89,7,2781,221,366,0
89,7,2781,221,421,0
89,7,2781,222,366,-8
89,7,2781,222,366,0
89,7,2781,223,366,-18
89,7,2781,223,366,-8
89,7,2781,223,366,0
89,7,2781,224,366,0
89,7,2781,225,366,0
89,7,2781,271,366,0
89,7,2782,221,366,0
89,7,2783,220,366,0
89,7,2783,221,392,0
89,7,2783,222,366,-8
89,7,2783,223,364,-27
89,7,2783,233,366,0
89,7,2783,260,366,0
89,7,2783,267,366,0
89,7,2784,270,392,0
89,7,2787,241,392,0
89,7,2787,260,414,0
89,7,2788,292,353,-353
89,7,2795,221,500,0
89,7,2795,285,353,-353
89,7,2796,256,444,0
89,7,2796,257,444,0
89,7,2796,259,444,0
89,7,2796,260,444,0
89,7,2796,261,444,0
89,7,2796,262,444,0
89,7,2796,263,444,0
89,7,2796,266,444,0
89,7,2796,267,444,0
89,7,2805,269,345,361
89,7,2809,218,340,0
89,7,2809,259,418,0
89,7,2809,261,418,0
89,7,2809,262,418,0
89,7,2809,263,418,0
89,7,2811,234,340,0
89,7,2815,224,222,-21
89,7,2817,224,197,0
89,7,2819,222,130,0
89,7,2820,198,-396,141
89,7,2826,300,139,-425
89,7,2830,298,92,-411
89,7,2830,309,85,-492
89,7,2831,204,-151,-144
89,7,2832,303,43,-446
89,7,2833,210,-119,-139
89,7,2833,298,50,-418
89,7,2833,299,50,-418
89,7,2834,213,-155,18
89,7,2835,212,-8,-25
89,7,2835,213,-107,75
89,7,2835,310,94,-476
89,7,2836,192,0,26
89,7,2836,201,0,0
89,7,2836,211,-16,-50
89,7,2836,211,0,-130
89,7,2836,211,4,-25
89,7,2836,211,30,-42
89,7,2836,301,0,-447
89,7,2837,208,74,-138
89,7,2837,209,74,-138
89,7,2837,210,0,-78
89,7,2837,210,74,-138
89,7,2838,203,219,-84
89,7,2838,207,124,-232
89,7,2838,207,152,-101
89,7,2839,206,152,-101
89,7,2839,206,173,-116
89,7,2839,207,152,-101
89,7,2839,211,128,-25
89,7,2841,205,-45,-257
89,7,2842,204,234,22
89,7,2843,211,138,-74
89,7,2844,204,176,48
89,7,2859,209,221,-79
89,7,2860,204,24,-9
89,7,2868,203,-26,-2
89,7,2868,203,0,0
89,7,2868,204,138,119
89,7,2868,211,0,-26
89,7,2868,211,115,-62
89,9,2776,323,500,0
89,9,2777,323,500,0
89,9,2777,324,500,0
89,9,2777,326,500,-25
89,9,2778,323,500,0
89,9,2779,276,340,0
89,9,2779,277,340,0
89,9,2779,278,340,0
89,9,2779,279,340,0
89,9,2779,280,340,0
89,9,2779,281,340,0
89,9,2779,282,340,0
89,9,2779,283,340,0
89,9,2779,284,340,0
89,9,2779,285,340,0
89,9,2779,286,340,0
89,9,2779,287,340,0
89,9,2779,288,340,0
89,9,2779,289,340,0
89,9,2779,290,340,0
89,9,2779,291,340,0
89,9,2779,292,340,0
89,9,2779,293,340,0
89,9,2779,294,340,0
89,9,2779,295,340,0
89,9,2779,296,340,0
89,9,2779,297,340,0
89,9,2779,298,340,0
89,9,2779,299,340,0
89,9,2779,300,340,0
89,9,2779,301,340,0
89,9,2779,302,340,0
89,9,2779,303,340,0
89,9,2779,304,340,0
89,9,2779,306,340,0
89,9,2779,307,340,0
89,9,2779,308,340,0
89,9,2779,309,340,0
89,9,2779,310,340,0
89,9,2779,311,340,0
89,9,2779,312,340,0
89,9,2779,313,340,0
89,9,2779,314,340,0
89,9,2779,315,340,0
89,9,2779,316,340,0
89,9,2779,318,340,0
89,9,2779,319,340,0
89,9,2779,320,416,-41
89,9,2779,323,340,0
89,9,2779,335,482,-132
89,9,2780,318,366,-8
89,9,2780,319,366,-18
89,9,2780,320,498,-48
89,9,2780,321,498,-48
89,9,2780,323,340,0
89,9,2780,325,366,-8
89,9,2781,318,366,-8
89,9,2781,319,366,-18
89,9,2781,323,500,0
89,9,2782,321,366,8
89,9,2782,325,498,-37
89,9,2783,267,366,0
89,9,2783,268,366,0
89,9,2783,289,366,0
89,9,2783,311,366,0
89,9,2783,316,366,0
89,9,2783,322,366,0
89,9,2784,269,392,-9
89,9,2785,269,392,-9
89,9,2785,330,466,-179
89,9,2786,321,392,8
89,9,2786,323,500,0
89,9,2787,260,392,0
89,9,2787,323,500,0
89,9,2787,324,500,0
89,9,2788,253,348,348
89,9,2788,320,284,-42
89,9,2788,325,418,-21
89,9,2789,253,353,353
89,9,2789,253,361,345
89,9,2790,253,345,361
89,9,2790,255,358,343
89,9,2790,256,351,351
89,9,2791,255,345,361
89,9,2791,257,418,0
89,9,2791,260,418,0
89,9,2791,323,500,0
89,9,2792,255,345,361
89,9,2795,254,500,0
89,9,2796,323,444,0
89,9,2805,323,421,0
89,9,2805,323,447,0
89,9,2809,323,418,0
89,9,2812,365,287,-408
89,9,2816,324,316,0
89,9,2817,283,171,164
89,9,2825,276,-414,-171
89,9,2827,270,-207,-253
89,9,2828,270,-198,-242
89,9,2828,378,361,-345
89,9,2829,272,196,105
89,9,2830,272,-188,-219
89,9,2830,272,-183,-223
89,9,2831,271,-149,-182
89,9,2832,271,-149,-149
89,9,2833,261,-196,-130
89,9,2833,275,-219,-90
89,9,2834,275,-158,-3
89,9,2835,258,-86,-162
89,9,2836,257,0,104
89,9,2836,259,0,26
89,9,2836,262,100,243
89,9,2836,263,4,25
89,9,2836,264,0,0
89,9,2836,265,23,11
89,9,2836,267,-59,-51
89,9,2836,267,0,235
89,9,2836,269,0,-132
89,9,2836,271,-60,-200
89,9,2836,273,-126,-132
89,9,2836,275,4,-25
89,9,2836,275,46,-25
89,9,2836,275,46,-22
89,9,2837,272,103,-269
89,9,2837,273,-3,-157
89,9,2837,273,74,-138
89,9,2837,274,74,-138
89,9,2838,267,173,-93
89,9,2838,268,-12,-250
89,9,2838,269,-12,-235
89,9,2838,272,130,-87
89,9,2839,267,-128,-25
89,9,2839,268,-100,-243
89,9,2839,270,152,-101
89,9,2839,274,73,-110
89,9,2839,275,233,-350
89,9,2840,267,-122,-30
89,9,2840,267,-117,-58
89,9,2840,267,-37,-498
89,9,2840,267,-26,0
89,9,2840,267,0,0
89,9,2840,270,208,-20
89,9,2840,271,175,-263
89,9,2840,271,208,-20
89,9,2840,275,93,-50
89,9,2841,270,208,-20
89,9,2841,274,73,-110
89,9,2842,267,-57,-470
89,9,2842,267,0,0
89,9,2842,268,-25,-5
89,9,2842,268,43,-446
89,9,2843,267,-22,13
89,9,2843,269,234,22
89,9,2843,273,339,-203
89,9,2843,273,400,-201
89,9,2843,274,348,-187
89,9,2844,387,0,-500
89,9,2846,267,-157,3
89,9,2846,267,0,0
89,9,2847,267,26,-1
89,9,2849,388,0,-500
89,9,2854,271,338,25
89,9,2856,271,417,40
89,9,2859,270,382,57
89,9,2859,272,364,26
89,9,2859,273,364,26
89,9,2860,269,466,81
89,9,2862,267,-73,-223
89,9,2862,267,43,-217
89,9,2863,270,401,60
89,9,2867,272,416,40
89,9,2873,268,87,-437
89,9,2876,357,0,-395
89,9,2876,382,0,-500
89,9,2876,392,0,-500
89,9,2884,367,-12,-235
89,9,2888,267,-161,-154
89,9,2890,267,-20,16
89,9,2890,275,-162,-86
90,6,2818,215,494,-74
90,6,2818,221,500,0
90,6,2819,215,492,-85
90,6,2820,217,148,-450
90,6,2820,218,457,-203
90,6,2820,218,466,-179
90,6,2820,219,148,-450
90,6,2820,220,361,-345
90,6,2820,220,402,-296
90,6,2820,220,451,-212
90,6,2820,221,492,-85
90,6,2820,221,500,0
90,6,2820,223,500,0
90,6,2824,218,441,-236
90,6,2825,216,470,-167
90,6,2825,228,287,-408
90,6,2829,227,212,-451
90,6,2829,230,191,-462
90,6,2831,226,167,-470
90,6,2836,202,112,223
90,6,2836,213,267,-421
90,6,2836,215,0,-262
90,6,2836,221,0,-500
90,6,2836,227,0,-444
90,6,2839,204,274,-319
90,6,2840,206,393,-29
90,6,2844,205,364,-35
90,6,2848,212,235,0
90,6,2853,204,-138,74
90,6,2856,212,9,24
90,6,2857,204,11,-23
90,6,2858,212,14,21
90,6,2860,204,-74,24
90,6,2860,212,0,0
90,6,2862,211,-235,-12
90,6,2864,203,-1,-26
90,6,2865,203,109,-164
90,6,2866,203,-83,-55
90,6,2866,203,-81,-66
90,6,2866,203,-60,-85
90,6,2910,267,500,0
90,6,2923,239,-142,-55
90,6,2923,242,0,0
90,6,2923,267,390,-58
90,6,2923,272,0,-473
90,6,2923,272,0,-447
90,6,2923,276,0,-500
90,6,2925,284,-74,-494
90,6,2926,265,323,-173
90,6,2931,265,-112,-407
90,6,2931,266,-112,-407
90,6,2931,282,-85,-492
90,6,2935,270,-150,-421
116,46,3662,1454,386,271
116,46,3663,1452,466,81
116,46,3663,1453,457,125
116,46,3673,1439,332,258
116,46,3674,1438,332,258
116,46,3675,1428,466,179
116,46,3678,1427,421,267
116,46,3681,1422,447,224
116,46,3686,1443,240,279
116,46,3691,1434,132,371
116,46,3702,1442,275,203
116,46,3705,1437,0,314
116,46,3708,1438,325,266
116,46,3709,1450,107,79
116,46,3713,1402,0,340
116,46,3713,1409,335,371
116,46,3722,1435,304,291
116,46,3726,1402,191,462
116,46,3726,1421,296,402
116,46,3732,1419,0,500
116,46,3739,1405,85,492
116,46,3739,1406,85,492
116,46,3739,1431,0,395
116,46,3740,1399,0,500
116,46,3740,1401,0,500
116,46,3740,1431,0,395
116,46,3741,1402,57,467
116,46,3741,1406,57,467
116,46,3741,1443,-153,178
116,46,3742,1403,26,364
116,46,3742,1403,48,498
116,46,3742,1404,26,364
116,46,3742,1414,60,496
116,46,3744,1403,0,340
116,46,3744,1405,0,366
116,46,3744,1406,0,366
116,46,3744,1406,0,387
116,46,3745,1402,0,340
116,46,3746,1402,0,340
116,46,3747,1402,0,340
116,46,3748,1402,0,340
116,46,3748,1430,0,314
116,46,3748,1443,-170,162
116,46,3749,1402,0,340
116,46,3750,1402,0,340
116,46,3751,1402,0,340
116,46,3752,1402,0,340
116,46,3754,1402,0,340
116,46,3755,1439,498,48
116,46,3756,1402,0,340
116,46,3757,1402,0,340
116,46,3758,1402,0,340
116,46,3758,1417,-353,353
116,46,3759,1402,0,340
116,46,3759,1444,0,183
116,46,3760,1402,0,340
116,46,3760,1438,0,261
116,46,3760,1439,0,261
116,46,3760,1440,0,235
116,46,3760,1441,0,235
116,46,3760,1443,0,183
116,46,3760,1445,0,130
116,46,3760,1445,0,157
116,46,3760,1446,0,78
116,46,3760,1446,0,104
116,46,3762,1402,0,340
116,46,3762,1403,0,340
116,46,3762,1403,26,364
116,46,3763,1402,0,340
116,46,3763,1403,0,340
116,46,3764,1402,0,340
116,46,3764,1417,-353,353
116,46,3765,1402,0,340
116,46,3765,1417,-353,353
116,46,3766,1402,0,340
116,46,3766,1403,0,340
116,46,3767,1402,0,340
116,46,3769,1402,0,340
116,46,3769,1410,0,392
116,46,3770,1402,0,340
116,46,3771,1402,0,340
116,46,3772,1402,0,340
116,46,3773,1402,0,340
116,46,3773,1413,-344,358
116,46,3774,1402,0,340
116,46,3774,1403,0,340
116,46,3775,1402,0,340
116,46,3775,1403,0,340
116,46,3776,1402,0,340
116,46,3777,1402,0,340
116,46,3778,1402,0,340
116,46,3779,1402,0,340
116,46,3779,1403,26,364
116,46,3780,1402,0,340
116,46,3781,1402,0,340
116,46,3782,1402,0,340
116,46,3782,1403,0,340
116,46,3782,1412,-359,343
116,46,3783,1402,0,340
116,46,3783,1403,0,340
116,46,3784,1402,0,340
116,46,3784,1403,0,340
116,46,3784,1439,0,261
116,46,3784,1441,0,235
116,46,3785,1402,0,340
116,46,3785,1403,0,340
116,46,3785,1403,18,366
116,46,3785,1403,26,364
116,46,3786,1402,0,340
116,46,3786,1403,0,340
116,46,3787,1402,0,340
116,46,3787,1403,0,340
116,46,3788,1460,52,0
116,46,3788,1460,78,1
116,46,3788,1460,78,7
116,46,3788,1464,61,-115
116,46,3789,1417,-353,353
116,46,3790,1466,175,52
116,46,3790,1468,144,151
116,46,3792,1413,-359,343
116,46,3792,1442,0,209
116,46,3792,1443,0,209
116,46,3792,1460,209,0
116,46,3792,1472,223,73
116,46,3793,1413,-359,343
116,46,3794,1467,257,-45
116,46,3794,1468,257,-45
116,46,3794,1468,260,19
116,46,3795,1478,242,-100
116,46,3796,1406,0,366
116,46,3796,1417,-353,353
116,46,3796,1460,287,0
116,46,3796,1462,312,-30
116,46,3797,1463,287,-7
116,46,3798,1461,287,-7
116,46,3798,1463,287,-7
116,46,3798,1464,295,-105
116,46,3800,1461,340,0
116,46,3800,1464,338,-25
116,46,3800,1467,307,-61
116,46,3801,1457,160,-240
116,46,3801,1467,333,-211
116,46,3802,1460,276,-148
116,46,3804,1417,-353,353
116,46,3804,1463,265,-217
116,46,3804,1464,390,-58
116,46,3804,1466,279,-279
116,46,3806,1457,7,-340
116,46,3806,1462,294,-176
116,46,3807,1459,153,-307
116,46,3807,1461,177,-353
116,46,3807,1462,355,-225
116,46,3808,1418,0,444
116,46,3808,1419,0,418
116,46,3808,1419,0,444
116,46,3808,1419,0,466
116,46,3808,1427,-92,259
116,46,3808,1428,-38,391
116,46,3808,1452,21,-421
116,46,3808,1456,230,-384
116,46,3809,1454,30,-314
116,46,3809,1455,8,-369
116,46,3809,1456,230,-384
116,46,3809,1459,145,-309
116,46,3810,1462,399,-253
116,46,3811,1451,-177,-353
116,46,3811,1454,9,-421
116,46,3811,1458,220,-390
116,46,3812,1454,9,-421
116,46,3812,1458,220,-390
116,46,3813,1419,-118,428
116,46,3813,1421,-136,450
116,46,3813,1447,-390,161
116,46,3813,1454,9,-421
116,46,3814,1454,17,-354
116,46,3814,1455,211,-395
116,46,3814,1469,31,419
116,46,3815,1469,41,419
116,46,3816,1422,-252,397
116,46,3817,1412,-345,361
116,46,3819,1423,-326,378
116,46,3822,1412,-369,333
116,46,3822,1428,-345,361
116,46,3823,1432,-345,361
116,46,3825,1425,-353,353
116,46,3826,1425,-353,353
116,46,3826,1427,-345,361
116,46,3827,1427,-345,361
116,46,3827,1442,-381,-281
116,46,3828,1426,-353,353
116,46,3828,1428,-353,353
116,46,3828,1460,-361,345
119,47,3747,1469,447,224
119,47,3772,1460,500,0
119,47,3773,1454,466,179
119,47,3774,1452,435,246
119,47,3774,1460,500,0
119,47,3775,1459,492,85
119,47,3775,1460,444,0
119,47,3776,1454,451,212
119,47,3776,1455,457,203
119,47,3776,1460,492,85
119,47,3779,1447,236,441
119,47,3779,1460,361,345
119,47,3786,1447,37,498
119,47,3786,1460,435,246
119,47,3791,1464,76,387
119,47,3792,1468,71,361
119,47,3793,1461,41,419
119,47,3795,1491,-112,210
119,47,3795,1491,-3,-157
119,47,3796,1461,0,421
119,47,3796,1491,-3,-157
119,47,3807,1457,33,445
119,47,3808,1461,0,421
119,47,3808,1463,0,395
119,47,3808,1484,0,238
119,47,3810,1454,10,447
119,47,3811,1454,10,447
119,47,3811,1461,21,421
119,47,3812,1461,0,421
119,47,3812,1488,-21,-211
119,47,3815,1456,150,421
119,47,3815,1460,181,408
119,47,3816,1467,177,353
119,47,3816,1490,-116,-174
119,47,3817,1460,141,396
119,47,3818,1489,-116,-174
119,47,3819,1453,-378,326
119,47,3819,1464,123,375
119,47,3819,1478,130,-260
119,47,3820,1464,114,378
119,47,3821,1464,114,378
119,47,3823,1468,80,360
119,47,3824,1472,-257,-171
119,47,3825,1461,41,419
119,47,3825,1465,38,393
119,47,3826,1461,41,419
119,47,3827,1461,21,421
119,47,3827,1464,29,393
119,47,3828,1461,0,421
119,47,3828,1477,0,184
119,47,3828,1482,209,-16
119,47,3828,1484,148,-149
119,47,3828,1485,0,0
119,47,3828,1485,13,183
119,47,3828,1486,189,-57
119,47,3828,1488,0,0
119,47,3828,1488,104,-5
119,47,3829,1460,-435,246
119,47,3832,1443,0,500
119,47,3832,1447,0,500
119,47,3832,1450,-223,444
119,47,3834,1458,-484,121
119,47,3836,1444,-211,421
119,47,3837,1452,-236,441
119,47,3840,1445,-316,386
119,47,3840,1457,-488,109
119,47,3841,1447,-236,441
119,47,3841,1450,-402,296
119,47,3841,1455,-416,277
119,47,3844,1450,-416,277
119,47,3845,1461,21,421
119,47,3846,1461,21,421
119,47,3847,1461,0,421
119,47,3852,1461,21,421
119,47,3853,1461,0,421
119,47,3853,1469,0,209
119,47,3875,1461,21,421
119,47,3876,1461,0,421
120,46,3772,1446,470,167
120,46,3789,1428,345,361
120,46,3789,1428,361,345
120,46,3794,1460,447,0
120,46,3796,1448,344,-194
120,46,3797,1460,421,0
120,46,3805,1459,-139,-313
120,46,3806,1459,-131,-317
120,46,3807,1460,-131,-317
120,46,3812,1430,0,0
120,46,3819,1443,153,178
120,46,3820,1409,19,392
120,46,3820,1443,-403,121
120,46,3820,1443,136,158
120,46,3820,1444,136,158
120,46,3821,1413,351,351
120,46,3821,1444,115,141
120,46,3821,1445,132,161
120,46,3822,1413,358,343
120,46,3826,1403,18,366
120,46,3826,1404,26,364
120,46,3827,1402,0,340
120,46,3828,1402,0,340
120,46,3828,1402,0,342
120,46,3828,1403,0,340
120,46,3829,1402,0,340
120,46,3831,1402,0,340
120,46,3831,1403,0,340
120,46,3832,1402,0,340
120,46,3832,1403,0,340
120,46,3832,1427,394,306
120,46,3832,1439,0,261
120,46,3832,1447,0,78
120,46,3834,1402,0,340
120,46,3834,1403,0,340
120,46,3835,1402,0,340
120,46,3835,1443,153,178
120,46,3837,1402,0,340
120,46,3838,1402,0,340
120,46,3839,1403,0,340
120,46,3839,1412,371,335
120,46,3840,1402,0,340
120,46,3840,1438,-72,108
120,46,3841,1402,0,340
120,46,3842,1402,0,340
120,46,3842,1403,0,340
120,46,3842,1414,353,353
120,46,3843,1402,0,340
120,46,3843,1414,345,361
120,46,3844,1402,0,340
120,46,3844,1443,153,178
120,46,3845,1402,0,340
120,46,3846,1402,0,340
120,46,3847,1402,0,340
120,46,3848,1402,0,340
120,46,3848,1408,240,341
120,46,3848,1412,343,358
120,46,3849,1402,0,340
120,46,3850,1402,0,340
120,46,3850,1403,0,340
120,46,3851,1402,0,340
120,46,3851,1403,0,340
120,46,3851,1443,169,162
120,46,3852,1402,0,340
120,46,3853,1402,0,340
120,46,3853,1403,0,366
120,46,3854,1402,0,340
120,46,3855,1402,0,340
120,46,3855,1403,0,340
120,46,3855,1407,176,351
120,46,3856,1402,0,340
120,46,3856,1403,0,340
120,46,3856,1405,180,406
120,46,3856,1440,0,235
120,46,3856,1443,0,183
120,46,3857,1402,0,340
120,46,3858,1402,0,340
120,46,3859,1402,0,340
120,46,3860,1402,0,340
120,46,3861,1402,0,340
120,46,3861,1448,200,209
120,46,3862,1402,0,340
120,46,3862,1405,88,354
120,46,3863,1402,0,340
120,46,3864,1402,0,340
120,46,3864,1405,71,358
120,46,3865,1402,0,340
120,46,3865,1437,173,260
120,46,3866,1402,0,340
120,46,3866,1441,189,180
120,46,3867,1402,0,340
120,46,3867,1439,159,239
120,46,3867,1443,169,162
120,46,3868,1402,0,340
120,46,3868,1443,169,162
120,46,3869,1402,0,340
120,46,3869,1402,33,338
120,46,3870,1399,66,442
120,46,3870,1402,0,340
120,46,3870,1403,26,364
120,46,3870,1445,80,103
120,46,3871,1402,0,340
120,46,3871,1402,7,340
120,46,3871,1404,19,387
120,46,3871,1447,35,69
120,46,3872,1402,0,340
120,46,3872,1403,0,340
120,46,3872,1405,20,407
120,46,3872,1406,0,366
120,46,3872,1406,0,387
120,46,3873,1402,0,340
120,46,3874,1402,0,340
120,46,3874,1403,18,366
120,46,3874,1404,18,366
120,46,3875,1402,0,340
120,46,3875,1402,7,340
120,46,3875,1403,8,366
120,46,3875,1404,18,366
120,46,3875,1405,8,366
120,46,3875,1405,18,366
120,46,3875,1444,0,104
120,46,3876,1398,0,418
120,46,3876,1398,0,447
120,46,3876,1399,0,500
120,46,3876,1400,0,366
120,46,3876,1400,0,392
120,46,3876,1401,0,444
120,46,3876,1402,0,340
120,46,3876,1403,0,340
120,46,3876,1403,0,392
120,46,3876,1405,-21,418
120,46,3876,1408,0,471
120,46,3876,1444,0,104
120,46,3892,1442,0,238
120,46,3893,1442,-299,257
120,46,3915,1459,-38,151
120,46,3936,1419,0,500
120,87,3773,2771,340,0
120,87,3777,2772,500,0
120,87,3791,2852,500,0
120,87,3793,2852,500,0
120,87,3803,2852,444,0
120,87,3806,2733,386,316
120,87,3817,2718,0,366
120,87,3817,2724,368,333
120,87,3818,2719,28,391
120,87,3820,2718,0,366
120,87,3820,2756,136,158
120,87,3820,2756,151,144
120,87,3821,2718,0,366
120,87,3821,2719,0,366
120,87,3821,2719,28,391
120,87,3821,2725,101,405
120,87,3821,2756,115,141
120,87,3821,2756,151,144
120,87,3821,2757,132,161
120,87,3821,2757,151,144
120,87,3822,2718,0,366
120,87,3822,2719,0,366
120,87,3823,2718,0,366
120,87,3823,2759,0,0
120,87,3824,2715,26,364
120,87,3824,2718,0,366
120,87,3825,2714,0,340
120,87,3825,2716,26,364
120,87,3826,2714,0,340
120,87,3826,2716,18,366
120,87,3826,2718,0,366
120,87,3827,2714,0,340
120,87,3827,2715,0,340
120,87,3827,2715,26,364
120,87,3827,2717,0,366
120,87,3827,2753,23,473
120,87,3828,2714,0,340
120,87,3829,2714,0,340
120,87,3829,2715,18,366
120,87,3829,2758,0,0
120,87,3830,2714,0,340
120,87,3831,2714,0,340
120,87,3831,2715,18,366
120,87,3831,2732,0,340
120,87,3832,2714,0,340
120,87,3833,2714,0,340
120,87,3833,2715,0,340
120,87,3834,2714,0,340
120,87,3834,2753,189,180
120,87,3835,2714,0,340
120,87,3835,2715,0,340
120,87,3836,2714,0,340
120,87,3836,2755,153,178
120,87,3838,2714,0,340
120,87,3839,2714,0,340
120,87,3839,2715,0,340
120,87,3839,2725,345,361
120,87,3840,2714,0,340
120,87,3840,2722,332,332
120,87,3840,2723,355,340
120,87,3840,2724,355,340
120,87,3840,2725,358,343
120,87,3840,2725,368,333
120,87,3840,2728,386,316
120,87,3840,2751,0,261
120,87,3841,2714,0,340
120,87,3841,2715,0,340
120,87,3841,2725,358,343
120,87,3841,2725,368,333
120,87,3841,2727,378,326
120,87,3842,2714,0,340
120,87,3842,2715,26,364
120,87,3842,2730,386,316
120,87,3843,2714,0,340
120,87,3843,2715,0,340
120,87,3843,2724,343,358
120,87,3843,2725,358,343
120,87,3843,2726,345,361
120,87,3843,2726,353,353
120,87,3843,2726,358,343
120,87,3844,2714,0,340
120,87,3844,2725,358,343
120,87,3844,2729,361,345
120,87,3844,2734,421,267
120,87,3845,2714,0,340
120,87,3845,2730,378,326
120,87,3846,2714,0,340
120,87,3847,2714,0,340
120,87,3847,2724,351,351
120,87,3847,2725,358,343
120,87,3848,2714,0,340
120,87,3848,2720,240,341
120,87,3848,2724,351,351
120,87,3848,2725,358,343
120,87,3849,2714,0,340
120,87,3849,2715,26,364
120,87,3849,2724,351,351
120,87,3849,2725,358,343
120,87,3849,2726,351,351
120,87,3850,2714,0,340
120,87,3850,2724,351,351
120,87,3850,2725,358,343
120,87,3851,2712,0,473
120,87,3851,2714,0,340
120,87,3852,2714,0,340
120,87,3852,2724,351,351
120,87,3852,2725,358,343
120,87,3852,2727,371,335
120,87,3852,2729,353,353
120,87,3853,2714,0,340
120,87,3853,2715,0,366
120,87,3853,2724,351,351
120,87,3853,2725,358,343
120,87,3854,2714,0,340
120,87,3854,2724,351,351
120,87,3854,2725,343,358
120,87,3854,2725,358,343
120,87,3855,2714,0,340
120,87,3856,2714,0,340
120,87,3856,2715,0,340
120,87,3856,2719,159,358
120,87,3856,2751,0,261
120,87,3857,2714,0,340
120,87,3858,2714,0,340
120,87,3859,2714,0,340
120,87,3860,2714,0,340
120,87,3861,2714,0,340
120,87,3862,2714,0,340
120,87,3863,2714,0,340
120,87,3864,2714,0,340
120,87,3865,2714,0,340
120,87,3866,2714,0,340
120,87,3866,2753,189,180
120,87,3867,2714,0,340
120,87,3867,2764,141,-116
120,87,3868,2714,0,340
120,87,3868,2714,33,338
120,87,3868,2755,153,178
120,87,3868,2755,169,162
120,87,3869,2714,0,340
120,87,3870,2714,0,340
120,87,3870,2715,28,392
120,87,3870,2756,94,90
120,87,3871,2714,0,340
120,87,3871,2714,7,340
120,87,3871,2716,19,387
120,87,3871,2718,21,418
120,87,3871,2756,75,72
120,87,3872,2714,0,340
120,87,3872,2716,0,500
120,87,3872,2716,19,387
120,87,3872,2718,0,366
120,87,3873,2714,0,340
120,87,3874,2746,0,369
120,87,3875,2756,0,104
120,87,3875,2757,0,52
120,87,3876,2710,0,447
120,87,3876,2710,0,500
120,87,3876,2711,0,418
120,87,3876,2711,0,500
120,87,3876,2712,0,366
120,87,3876,2712,0,392
120,87,3876,2712,0,418
120,87,3876,2713,0,444
120,87,3876,2714,0,340
120,87,3876,2714,0,366
120,87,3876,2716,0,366
120,87,3876,2756,0,104
120,87,3877,2725,-48,495
120,87,3883,2726,-212,451
120,87,3916,2773,61,172
120,87,3916,2774,92,92
120,87,3917,2773,130,86
120,87,3917,2775,130,86
120,87,3923,2768,-74,-167
120,87,3936,2731,0,500
120,87,3941,2750,-332,258
121,47,3849,1479,178,229
121,47,3859,1461,31,419
121,47,3871,1461,0,421
121,47,3875,1454,0,447
121,47,3875,1461,0,421
121,47,3876,1454,0,447
121,47,3876,1461,0,421
121,47,3876,1469,0,209
121,47,3885,1474,322,226
121,47,3891,1436,0,392
121,47,3891,1474,322,226
121,47,3892,1474,0,238
121,47,3896,1453,474,156
121,47,3896,1454,474,156
121,47,3896,1454,482,132
121,47,3897,1453,466,179
121,47,3899,1448,402,296
121,47,3899,1454,457,203
121,47,3899,1454,474,156
121,47,3899,1456,482,132
121,47,3900,1448,394,306
121,47,3900,1453,457,203
121,47,3900,1454,466,179
121,47,3900,1454,470,167
121,47,3900,1456,478,144
121,47,3900,1456,488,109
121,47,3901,1456,405,101
121,47,3901,1456,484,121
121,47,3902,1450,402,296
121,47,3902,1456,484,121
121,47,3902,1457,484,121
121,47,3902,1457,488,109
121,47,3902,1457,490,97
121,47,3904,1444,287,408
121,47,3904,1445,287,408
121,47,3904,1448,361,345
121,47,3904,1458,492,85
121,47,3905,1446,306,394
121,47,3905,1447,296,402
121,47,3905,1460,500,0
121,47,3906,1443,361,345
121,47,3906,1446,287,408
121,47,3906,1460,451,212
121,47,3907,1460,500,0
121,47,3908,1443,361,345
121,47,3908,1460,494,74
121,47,3908,1460,500,0
121,47,3909,1460,500,0
121,47,3909,1461,0,421
121,47,3910,1459,482,132
121,47,3910,1460,194,194
121,47,3912,1459,482,132
121,47,3914,1460,435,246
121,47,3915,1461,0,421
121,47,3915,1469,0,209
121,47,3915,1470,0,52
121,47,3916,1461,-21,421
121,47,3917,1480,-69,308
121,47,3918,1491,16,-19
121,47,3921,1461,-21,421
121,47,3923,1468,0,366
121,47,3924,1489,24,-8
121,47,3924,1489,89,-218
121,47,3926,1448,-97,490
121,47,3928,1447,-167,470
121,47,3929,1449,-203,457
122,88,3829,2859,500,0
122,88,3833,2851,500,0
122,88,3834,2852,500,0
122,88,3838,2851,500,0
122,88,3839,2852,500,0
122,88,3840,2852,500,0
122,88,3849,2859,500,0
122,88,3861,2828,421,0
122,88,3863,2830,393,-29
122,88,3864,2829,395,-20
122,88,3868,2829,369,-18
122,88,3900,2766,470,167
122,88,3900,2768,478,144
122,88,3900,2768,488,109
122,88,3900,2772,500,0
122,88,3901,2767,478,144
122,88,3901,2768,484,121
122,88,3902,2764,435,246
122,88,3902,2765,447,224
122,88,3902,2771,500,25
122,88,3902,2772,498,48
122,88,3902,2772,500,0
122,88,3903,2763,416,277
122,88,3903,2764,394,306
122,88,3903,2765,435,246
122,88,3903,2766,451,212
122,88,3903,2772,500,0
122,88,3904,2762,343,281
122,88,3904,2765,421,267
122,88,3904,2767,462,191
122,88,3904,2767,470,167
122,88,3904,2768,466,179
122,88,3904,2768,470,167
122,88,3905,2766,447,224
122,88,3905,2769,478,144
122,88,3905,2772,500,0
122,88,3907,2760,287,408
122,88,3907,2764,371,335
122,88,3907,2770,484,121
122,88,3908,2762,296,402
122,88,3909,2769,386,316
122,88,3912,2760,361,345
122,88,3914,2772,435,246
122,88,3920,2780,71,361
122,88,3921,2773,41,419
122,88,3922,2761,262,394
122,88,3924,2772,-418,0
122,88,3924,2790,0,276
122,88,3924,2790,267,66
122,88,3924,2797,24,-8
122,88,3924,2797,198,70
122,88,3924,2798,89,-54
122,88,3924,2799,145,-152
122,88,3924,2799,181,31
122,88,3924,2800,117,55
122,88,3924,2802,175,62
122,88,3925,2771,-21,421
122,88,3927,2755,-97,490
122,88,3939,2771,-498,37
122,88,3976,2862,-210,392
122,88,4026,2813,-361,345
123,4,3864,155,500,0
123,4,3864,156,500,0
123,4,3865,132,500,0
123,4,3866,132,500,0
123,4,3866,152,500,0
123,4,3868,153,498,37
123,4,3869,148,482,-132
123,4,3870,164,500,0
123,4,3871,155,500,0
123,4,3872,182,421,-267
123,4,3873,139,500,0
123,4,3873,183,408,-287
123,4,3873,184,408,-287
123,4,3873,186,408,-287
123,4,3876,193,340,-325
123,4,3876,194,340,-325
123,4,3876,195,340,-325
123,4,3876,196,340,-325
123,4,3876,204,340,-325
123,4,3877,186,368,-334
123,4,3877,187,368,-334
123,4,3878,93,345,361
123,4,3878,133,498,-48
123,4,3878,171,371,-335
123,4,3878,177,353,-353
123,4,3878,186,368,-334
123,4,3878,187,368,-334
123,4,3878,189,343,-359
123,4,3878,191,335,-371
123,4,3878,191,343,-359
123,4,3879,186,358,-344
123,4,3879,187,358,-344
123,4,3879,188,343,-359
123,4,3879,192,326,-378
123,4,3881,183,361,-345
123,4,3881,183,371,-335
123,4,3882,187,345,-361
123,4,3882,194,296,-402
123,4,3883,185,335,-371
123,4,3883,185,361,-345
123,4,3883,187,361,-345
123,4,3883,188,361,-345
123,4,3883,189,361,-345
123,4,3883,190,361,-345
123,4,3883,191,361,-345
123,4,3883,193,361,-345
123,4,3883,194,361,-345
123,4,3883,195,361,-345
123,4,3883,196,361,-345
123,4,3883,197,361,-345
123,4,3885,189,296,-402
123,4,3885,191,287,-408
123,4,3886,172,345,-361
123,4,3886,181,353,-353
123,4,3886,182,353,-353
123,4,3890,154,447,10
123,4,3891,154,421,0
123,4,3891,182,287,-408
123,4,3894,208,345,-361
123,4,3894,211,345,-361
123,4,3895,154,395,0
123,4,3896,185,236,-441
123,4,3897,175,345,-361
123,4,3897,178,345,-361
123,4,3897,180,345,-361
123,4,3897,206,361,-345
123,4,3899,155,369,18
123,4,3903,89,323,-309
123,4,3903,162,257,-365
123,4,3904,163,191,-462
123,4,3904,220,500,0
123,4,3905,154,212,-424
123,4,3905,156,316,7
123,4,3906,138,260,19
123,4,3907,149,211,-395
123,4,3907,150,212,-424
123,4,3907,162,96,-92
123,4,3907,170,209,-201
123,4,3907,193,11,-500
123,4,3908,112,235,0
123,4,3908,139,234,17
123,4,3908,155,192,-433
123,4,3908,155,226,-323
123,4,3908,159,94,-90
123,4,3908,160,179,-466
123,4,3908,162,77,-74
123,4,3909,138,181,-22
123,4,3909,147,200,-400
123,4,3909,172,156,-474
123,4,3909,206,192,-433
123,4,3909,207,144,-478
123,4,3909,212,203,-457
123,4,3910,137,182,-17
123,4,3910,139,183,0
123,4,3910,151,179,-380
123,4,3910,152,181,-438
123,4,3910,201,156,-474
123,4,3911,150,160,-417
123,4,3911,151,160,-417
123,4,3911,207,169,-442
123,4,3911,213,277,-416
123,4,3912,146,161,-390
123,4,3912,149,160,-417
123,4,3913,130,104,0
123,4,3913,203,121,-484
123,4,3914,153,97,-353
123,4,3914,181,114,-459
123,4,3914,198,121,-484
123,4,3914,204,139,-425
123,4,3915,153,108,-433
123,4,3915,156,-367,-36
123,4,3915,162,108,-433
123,4,3915,166,108,-433
123,4,3915,167,108,-433
123,4,3915,168,108,-433
123,4,3915,174,108,-433
123,4,3915,175,108,-433
123,4,3915,183,108,-433
123,4,3915,186,108,-433
123,4,3915,203,108,-433
123,4,3915,205,108,-433
123,4,3916,182,97,-490
123,4,3916,202,111,-407
123,4,3916,204,94,-380
123,4,3917,228,179,-466
123,4,3918,147,-416,-277
123,4,3918,162,-329,-219
123,4,3918,228,191,-462
123,4,3918,228,212,-451
123,4,3918,230,167,-470
123,4,3919,228,144,-478
123,4,3919,228,167,-470
123,4,3920,162,-305,-203
123,4,3920,163,-283,-189
123,4,3920,186,70,-281
123,4,3921,156,-176,-117
123,4,3923,130,-87,-164
123,4,3923,139,-87,-164
123,4,3924,172,236,441
123,4,3924,173,74,138
123,4,3924,174,152,101
123,4,3924,175,152,101
123,4,3924,177,0,0
123,4,3924,179,21,14
123,4,3924,180,21,13
123,4,3924,180,21,14
123,4,3924,182,25,2
123,4,3924,183,25,2
123,4,3924,184,24,-10
123,4,3924,185,24,-10
123,4,3924,186,16,-20
123,4,3924,188,16,-20
123,4,3924,195,0,-183
123,4,3924,212,361,-345
123,4,3924,218,0,-500
123,4,3924,224,0,-500
123,4,3924,230,0,-500
123,4,3924,231,0,-500
123,4,3924,232,0,-500
123,5,3864,203,500,25
123,5,3865,164,500,0
123,5,3866,155,500,0
123,5,3866,160,500,0
123,5,3866,164,500,0
123,5,3866,168,500,0
123,5,3866,183,500,0
123,5,3866,196,500,0
123,5,3872,217,392,0
123,5,3873,224,457,-34
123,5,3874,220,500,0
123,5,3874,222,392,0
123,5,3874,224,444,-33
123,5,3874,225,498,-48
123,5,3874,226,498,-48
123,5,3875,220,392,0
123,5,3875,220,500,0
123,5,3875,221,392,0
123,5,3875,222,392,0
123,5,3875,222,414,-21
123,5,3875,222,414,0
123,5,3875,224,457,-44
123,5,3875,224,457,-34
123,5,3875,225,496,-60
123,5,3875,226,494,-74
123,5,3875,227,492,-85
123,5,3876,217,418,0
123,5,3876,219,416,30
123,5,3876,221,500,0
123,5,3876,222,416,-31
123,5,3876,222,418,-21
123,5,3876,223,416,-31
123,5,3876,224,457,-44
123,5,3877,219,418,21
123,5,3877,220,418,0
123,5,3877,222,416,-31
123,5,3877,222,418,-21
123,5,3877,222,418,0
123,5,3877,222,438,-32
123,5,3877,223,416,-31
123,5,3877,223,418,-21
123,5,3877,223,418,0
123,5,3877,224,470,-46
123,5,3877,224,470,-35
123,5,3877,226,494,-74
123,5,3878,220,418,0
123,5,3878,221,500,-25
123,5,3878,222,418,-21
123,5,3878,222,418,0
123,5,3878,223,392,0
123,5,3878,223,418,-21
123,5,3878,224,483,-36
123,5,3878,239,343,-359
123,5,3879,220,418,0
123,5,3879,221,418,-10
123,5,3879,222,418,0
123,5,3879,222,440,0
123,5,3879,224,470,-35
123,5,3880,221,366,-8
123,5,3880,225,496,-60
123,5,3881,221,444,0
123,5,3881,221,497,0
123,5,3881,222,444,-10
123,5,3881,235,335,-371
123,5,3882,223,444,0
123,5,3882,226,492,-85
123,5,3883,186,361,-345
123,5,3883,187,361,-345
123,5,3883,190,361,-345
123,5,3883,191,361,-345
123,5,3883,193,361,-345
123,5,3883,194,361,-345
123,5,3883,196,361,-345
123,5,3883,199,361,-345
123,5,3883,202,361,-345
123,5,3883,203,361,-345
123,5,3883,204,361,-345
123,5,3883,205,361,-345
123,5,3883,206,361,-345
123,5,3883,207,361,-345
123,5,3883,208,361,-345
123,5,3883,209,361,-345
123,5,3883,210,361,-345
123,5,3883,211,361,-345
123,5,3883,212,361,-345
123,5,3883,213,361,-345
123,5,3883,214,361,-345
123,5,3883,215,361,-345
123,5,3883,216,361,-345
123,5,3883,217,361,-345
123,5,3883,241,361,-345
123,5,3884,231,335,-371
123,5,3884,232,335,-371
123,5,3885,220,494,74
123,5,3886,155,447,0
123,5,3886,162,484,121
123,5,3886,191,353,-353
123,5,3886,197,353,-353
123,5,3886,212,353,-353
123,5,3887,220,340,0
123,5,3887,222,471,-11
123,5,3889,132,500,0
123,5,3890,191,353,-353
123,5,3890,196,447,0
123,5,3890,240,361,-345
123,5,3890,242,361,-345
123,5,3892,214,424,-140
123,5,3893,139,500,0
123,5,3895,221,500,25
123,5,3898,164,395,0
123,5,3898,212,378,-114
123,5,3898,243,345,-361
123,5,3899,214,368,-142
123,5,3900,196,369,0
123,5,3901,213,341,-141
123,5,3901,245,345,-361
123,5,3904,178,194,-216
123,5,3904,218,203,-109
123,5,3905,181,265,293
123,5,3905,218,417,-224
123,5,3905,235,223,-353
123,5,3908,162,77,-74
123,5,3908,181,169,-162
123,5,3908,198,-197,311
123,5,3908,236,361,-345
123,5,3910,143,181,438
123,5,3910,250,316,-386
123,5,3911,235,181,-409
123,5,3911,243,158,-446
123,5,3912,211,-145,-217
123,5,3913,240,136,-453
123,5,3914,168,139,424
123,5,3914,229,151,-366
123,5,3914,236,139,-425
123,5,3915,235,117,-429
123,5,3916,176,-242,100
123,5,3916,245,81,-466
123,5,3916,245,92,-464
123,5,3916,250,85,-492
123,5,3917,244,92,-464
123,5,3918,235,82,-413
123,5,3919,194,-285,-190
123,5,3920,189,-242,-161
123,5,3920,195,-242,-161
123,5,3921,210,408,-182
123,5,3921,213,14,287
123,5,3921,217,-191,114
123,5,3922,205,-183,3
123,5,3922,211,76,-253
123,5,3923,203,-208,-20
123,5,3923,203,-138,74
123,5,3923,211,51,-232
123,5,3924,132,14,21
123,5,3924,206,387,-77
123,5,3924,209,330,91
123,5,3924,218,157,-65
123,5,3924,241,0,-473
123,5,3924,245,0,-473
123,5,3924,263,0,-500
123,5,3924,266,0,-500
123,5,3925,205,114,68
123,5,3925,210,-13,261
123,5,3926,204,65,170
123,5,3926,205,65,170
123,5,3926,205,71,142
123,5,3926,205,137,124
123,5,3926,210,-13,261
123,5,3926,211,-13,261
123,5,3926,212,-14,287
123,5,3926,212,25,2
123,5,3927,204,18,17
123,5,3927,204,18,18
123,5,3927,204,116,105
123,5,3927,212,-130,0
123,5,3927,212,-80,119
123,5,3927,212,-16,20
123,5,3927,212,0,0
123,5,3928,204,16,49
123,5,3928,206,172,233
123,5,3928,211,-56,-88
123,5,3928,212,-23,-12
123,5,3928,212,0,0
123,5,3929,212,-210,112
123,5,3929,212,-45,64
123,5,3929,212,-26,0
123,5,3929,212,-23,-12
123,5,3929,212,-23,11
123,5,3929,212,0,0
123,5,3930,206,57,173
123,5,3930,206,247,237
123,5,3930,212,-307,153
123,5,3930,212,-46,62
123,5,3930,212,-45,64
123,5,3930,212,-23,-12
123,5,3930,212,431,118
123,5,3931,206,57,173
123,5,3931,210,123,375
123,5,3931,212,-227,322
123,5,3931,212,-26,0
123,5,3931,212,-23,-12
123,5,3931,212,-15,21
123,5,3931,212,-7,51
123,5,3931,212,0,0
123,5,3932,206,48,176
123,5,3932,212,-74,494
123,5,3932,212,-26,0
123,5,3932,212,0,0
123,5,3934,212,-26,-1
123,5,3934,212,-23,-12
123,5,3937,212,-26,-3
123,5,3941,204,-168,-75
123,7,3864,221,500,0
123,7,3866,221,500,0
123,7,3866,267,369,0
123,7,3867,224,340,0
123,7,3867,236,340,0
123,7,3867,241,340,0
123,7,3867,243,340,0
123,7,3867,244,340,0
123,7,3867,247,340,0
123,7,3867,251,340,0
123,7,3867,252,340,0
123,7,3867,256,340,0
123,7,3867,257,340,0
123,7,3867,258,340,0
123,7,3867,259,340,0
123,7,3867,260,340,0
123,7,3867,260,361,0
123,7,3867,261,340,0
123,7,3867,262,340,0
123,7,3867,263,340,0
123,7,3867,264,340,0
123,7,3867,265,340,0
123,7,3867,266,340,0
123,7,3867,267,340,0
123,7,3867,267,369,0
123,7,3868,221,500,0
123,7,3868,260,340,0
123,7,3868,260,361,0
123,7,3868,269,366,0
123,7,3868,270,366,0
123,7,3869,225,366,0
123,7,3869,267,369,0
123,7,3869,270,366,0
123,7,3871,221,444,0
123,7,3871,237,337,202
123,7,3871,261,366,0
123,7,3871,267,366,0
123,7,3871,276,366,0
123,7,3871,277,366,0
123,7,3871,278,366,0
123,7,3871,280,366,0
123,7,3871,281,366,0
123,7,3872,239,364,205
123,7,3872,240,359,215
123,7,3872,269,392,0
123,7,3872,270,392,0
123,7,3874,238,359,215
123,7,3875,219,496,60
123,7,3875,260,414,0
123,7,3875,276,392,0
123,7,3875,283,392,0
123,7,3875,286,392,0
123,7,3876,242,382,229
123,7,3876,260,414,0
123,7,3876,267,421,0
123,7,3876,292,353,-353
123,7,3878,278,361,-345
123,7,3878,279,361,-345
123,7,3878,282,361,-345
123,7,3879,260,418,0
123,7,3879,265,418,0
123,7,3879,286,418,0
123,7,3879,287,418,0
123,7,3879,288,418,0
123,7,3880,260,440,0
123,7,3881,277,335,-371
123,7,3883,264,361,-345
123,7,3883,265,361,-345
123,7,3883,266,361,-345
123,7,3883,267,361,-345
123,7,3883,268,361,-345
123,7,3883,269,361,-345
123,7,3883,270,361,-345
123,7,3883,271,361,-345
123,7,3883,272,361,-345
123,7,3883,273,361,-345
123,7,3883,274,361,-345
123,7,3883,275,361,-345
123,7,3883,276,361,-345
123,7,3883,277,361,-345
123,7,3883,278,361,-345
123,7,3883,279,361,-345
123,7,3883,280,361,-345
123,7,3883,281,361,-345
123,7,3883,283,361,-345
123,7,3883,284,361,-345
123,7,3883,285,353,-353
123,7,3884,256,444,0
123,7,3884,257,444,0
123,7,3884,258,444,0
123,7,3884,259,444,0
123,7,3884,260,444,0
123,7,3884,261,444,0
123,7,3884,262,444,0
123,7,3884,263,444,0
123,7,3884,264,444,0
123,7,3884,265,444,0
123,7,3884,266,444,0
123,7,3884,291,444,0
123,7,3884,292,444,0
123,7,3884,293,444,0
123,7,3886,221,447,0
123,7,3886,266,353,-353
123,7,3886,270,353,-353
123,7,3888,260,471,0
123,7,3889,196,500,0
123,7,3889,260,492,0
123,7,3890,221,421,0
123,7,3890,267,361,345
123,7,3891,267,353,353
123,7,3892,269,353,353
123,7,3892,270,416,-31
123,7,3893,221,421,0
123,7,3893,268,326,378
123,7,3893,268,353,353
123,7,3893,269,345,361
123,7,3893,270,345,361
123,7,3893,297,497,0
123,7,3893,298,497,0
123,7,3895,271,361,345
123,7,3895,273,345,361
123,7,3895,274,345,361
123,7,3895,284,366,-207
123,7,3896,273,345,361
123,7,3896,274,345,361
123,7,3897,256,418,0
123,7,3897,258,418,0
123,7,3897,260,418,0
123,7,3897,263,418,0
123,7,3897,264,418,0
123,7,3897,267,418,0
123,7,3897,273,345,361
123,7,3897,275,345,361
123,7,3898,237,95,-42
123,7,3898,299,500,0
123,7,3898,300,500,0
123,7,3900,221,369,0
123,7,3900,276,345,361
123,7,3900,276,361,345
123,7,3900,297,283,-346
123,7,3902,276,345,361
123,7,3905,224,197,0
123,7,3907,259,113,-108
123,7,3907,261,115,-141
123,7,3907,301,212,-424
123,7,3908,224,145,0
123,7,3908,247,75,-72
123,7,3908,281,144,306
123,7,3908,296,500,0
123,7,3910,229,185,0
123,7,3910,272,-298,364
123,7,3910,272,280,-77
123,7,3911,240,78,0
123,7,3911,265,172,-200
123,7,3914,300,139,-425
123,7,3917,281,123,-262
123,7,3918,298,92,-411
123,7,3919,266,-262,-25
123,7,3921,264,33,338
123,7,3921,267,184,98
123,7,3921,270,-70,169
123,7,3921,271,26,364
123,7,3921,278,26,364
123,7,3922,273,11,235
123,7,3923,268,-121,99
123,7,3923,273,-127,253
123,7,3923,287,323,173
123,7,3924,268,0,52
123,7,3924,277,-180,107
123,7,3924,281,16,-20
123,7,3924,281,230,5
123,7,3924,282,4,-25
123,7,3924,284,4,-25
123,7,3924,286,0,-26
123,7,3924,296,0,-183
123,7,3924,296,0,-130
123,7,3925,269,72,108
123,7,3925,270,-5,235
123,7,3925,272,-5,235
123,7,3925,276,-5,209
123,7,3925,276,25,1
123,7,3926,268,106,75
123,7,3926,269,101,152
123,7,3926,271,20,208
123,7,3926,271,35,205
123,7,3926,273,-12,235
123,7,3926,276,-23,-11
123,7,3926,276,25,2
123,7,3927,268,116,105
123,7,3927,270,61,172
123,7,3927,270,70,140
123,7,3927,276,0,0
123,7,3928,274,33,338
123,7,3928,276,-27,364
123,7,3928,276,-14,21
123,7,3928,276,-13,22
123,7,3928,276,0,0
123,7,3930,269,-167,159
123,7,3930,276,-120,170
123,7,3933,268,105,116
123,7,3933,269,130,12
123,7,3935,268,105,116
123,7,3938,268,-110,-70
123,7,3938,270,19,-203
123,7,3939,276,-16,316
123,7,3945,209,258,51
123,7,3945,269,25,-128
123,7,3947,203,25,3
123,7,3949,270,66,-81
123,7,3956,203,0,0
123,7,3956,271,25,4
123,7,3956,271,126,-132
123,9,3863,299,447,0
123,9,3863,323,447,0
123,9,3864,323,500,0
123,9,3865,299,496,-60
123,9,3865,323,500,0
123,9,3865,326,500,-25
123,9,3866,289,366,8
123,9,3866,299,500,0
123,9,3866,311,500,0
123,9,3866,323,500,0
123,9,3867,276,340,0
123,9,3867,277,340,0
123,9,3867,278,340,0
123,9,3867,279,340,0
123,9,3867,280,340,0
123,9,3867,281,340,0
123,9,3867,282,340,0
123,9,3867,283,340,0
123,9,3867,284,340,0
123,9,3867,285,340,0
123,9,3867,286,340,0
123,9,3867,287,340,0
123,9,3867,288,340,0
123,9,3867,289,340,0
123,9,3867,290,340,0
123,9,3867,291,340,0
123,9,3867,292,340,0
123,9,3867,293,340,0
123,9,3867,294,340,0
123,9,3867,295,340,0
123,9,3867,296,340,0
123,9,3867,297,340,0
123,9,3867,298,340,0
123,9,3867,299,340,0
123,9,3867,300,340,0
123,9,3867,301,340,0
123,9,3867,302,340,0
123,9,3867,303,340,0
123,9,3867,304,340,0
123,9,3867,305,340,0
123,9,3867,306,340,0
123,9,3867,307,340,0
123,9,3867,308,340,0
123,9,3867,309,340,0
123,9,3867,310,340,0
123,9,3867,311,340,0
123,9,3867,312,340,0
123,9,3867,313,340,0
123,9,3867,314,340,0
123,9,3867,315,340,0
123,9,3867,316,340,0
123,9,3867,317,340,0
123,9,3867,318,340,0
123,9,3867,319,340,0
123,9,3867,320,340,0
123,9,3867,321,340,0
123,9,3867,322,340,0
123,9,3867,323,340,0
123,9,3867,323,500,0
123,9,3867,325,366,-18
123,9,3867,326,366,-18
123,9,3867,334,482,-132
123,9,3867,335,482,-132
123,9,3868,318,366,-8
123,9,3868,319,366,-18
123,9,3868,320,498,-48
123,9,3868,325,366,-8
123,9,3868,325,366,0
123,9,3869,319,366,-18
123,9,3869,334,478,-144
123,9,3870,268,366,0
123,9,3870,320,445,-43
123,9,3870,321,366,8
123,9,3870,325,498,-37
123,9,3871,267,366,0
123,9,3871,267,395,0
123,9,3871,276,366,0
123,9,3871,287,366,0
123,9,3871,299,366,0
123,9,3871,302,366,0
123,9,3871,316,366,0
123,9,3871,317,366,0
123,9,3871,320,364,-35
123,9,3871,323,500,0
123,9,3872,269,392,-20
123,9,3872,269,392,-9
123,9,3872,270,392,0
123,9,3872,325,392,0
123,9,3872,334,482,-132
123,9,3873,269,392,-20
123,9,3873,269,392,-9
123,9,3874,321,392,8
123,9,3874,323,500,0
123,9,3875,323,500,0
123,9,3875,325,418,-21
123,9,3876,260,414,0
123,9,3876,325,418,-21
123,9,3877,260,418,0
123,9,3877,274,350,335
123,9,3878,254,358,343
123,9,3878,256,351,351
123,9,3878,256,361,345
123,9,3878,260,418,0
123,9,3878,260,444,0
123,9,3879,255,345,361
123,9,3879,255,418,0
123,9,3879,260,418,0
123,9,3879,331,408,-287
123,9,3883,340,457,-126
123,9,3884,251,444,0
123,9,3884,320,444,0
123,9,3884,321,444,0
123,9,3884,322,444,0
123,9,3884,323,444,0
123,9,3886,271,353,353
123,9,3886,324,447,0
123,9,3886,362,287,-408
123,9,3887,322,366,0
123,9,3888,248,471,0
123,9,3888,249,471,0
123,9,3890,321,392,0
123,9,3893,323,421,0
123,9,3894,337,323,-309
123,9,3895,323,395,0
123,9,3897,320,264,0
123,9,3897,320,418,0
123,9,3900,323,369,0
123,9,3901,321,274,-353
123,9,3903,296,261,0
123,9,3903,320,264,0
123,9,3903,328,316,0
123,9,3905,283,171,164
123,9,3906,283,132,126
123,9,3906,322,157,0
123,9,3907,324,104,0
123,9,3907,337,179,-466
123,9,3908,247,-282,344
123,9,3908,290,104,0
123,9,3908,310,104,0
123,9,3908,315,104,0
123,9,3915,331,108,-433
123,9,3916,367,92,-464
123,9,3917,315,62,-360
123,9,3920,271,-149,-149
123,9,3921,319,-239,-159
123,9,3921,326,-174,-116
123,9,3922,263,244,200
123,9,3922,273,-293,-121
123,9,3923,266,-154,-98
123,9,3923,322,-99,-185
123,9,3923,323,-111,-208
123,9,3923,323,-99,-185
123,9,3923,325,-99,-185
123,9,3924,241,0,314
123,9,3924,266,243,130
123,9,3924,267,114,-323
123,9,3924,274,-182,17
123,9,3924,274,0,-262
123,9,3924,275,0,-130
123,9,3924,275,7,-78
123,9,3924,275,46,-25
123,9,3924,332,173,323
123,9,3924,333,74,138
123,9,3924,334,0,0
123,9,3924,335,0,0
123,9,3924,335,43,28
123,9,3924,335,152,101
123,9,3924,335,359,215
123,9,3924,336,0,0
123,9,3924,340,21,14
123,9,3924,341,23,11
123,9,3924,342,25,2
123,9,3924,343,24,-10
123,9,3924,343,25,2
123,9,3925,268,-6,-264
123,9,3925,272,74,-138
123,9,3925,273,61,-115
123,9,3925,273,74,-138
123,9,3925,274,74,-138
123,9,3925,275,24,-46
123,9,3925,275,25,-262
123,9,3926,267,173,-93
123,9,3926,269,152,-101
123,9,3926,271,204,-307
123,9,3926,272,124,-232
123,9,3926,273,28,-289
123,9,3926,274,87,-131
123,9,3926,275,0,-52
123,9,3926,275,126,37
123,9,3927,269,152,-101
123,9,3927,270,152,-101
123,9,3927,271,152,-101
123,9,3927,272,38,-394
123,9,3927,275,-208,20
123,9,3927,275,233,-350
123,9,3928,267,-130,0
123,9,3928,267,-117,-58
123,9,3928,267,0,0
123,9,3928,268,0,238
123,9,3928,269,208,-20
123,9,3928,271,175,-263
123,9,3928,272,393,29
123,9,3928,275,23,-12
123,9,3929,267,-23,12
123,9,3929,269,28,-289
123,9,3929,270,28,-289
123,9,3929,271,190,-285
123,9,3930,267,-95,-42
123,9,3930,267,-26,-2
123,9,3930,267,0,0
123,9,3930,268,-25,-5
123,9,3930,268,0,0
123,9,3930,268,43,-446
123,9,3930,268,151,41
123,9,3930,268,225,67
123,9,3931,273,400,-201
123,9,3931,274,348,-187
123,9,3941,271,301,91
123,9,3943,274,101,-152
123,9,3948,267,25,5
123,9,3951,267,0,0
123,9,3952,267,-97,-40
123,9,3953,267,-7,25
123,9,3956,267,5,51
123,9,3956,271,22,-234
123,10,3863,323,500,0
123,10,3864,323,500,0
123,10,3865,326,500,-25
123,10,3866,315,500,0
123,10,3867,308,340,0
123,10,3867,309,340,0
123,10,3867,310,340,0
123,10,3867,311,340,0
123,10,3867,312,340,0
123,10,3867,313,340,0
123,10,3867,314,340,0
123,10,3867,315,340,0
123,10,3867,316,340,0
123,10,3867,317,340,0
123,10,3867,318,335,50
123,10,3867,318,337,41
123,10,3867,318,340,0
123,10,3867,319,337,41
123,10,3867,319,340,0
123,10,3867,320,340,0
123,10,3867,321,340,0
123,10,3867,321,340,7
123,10,3867,321,340,17
123,10,3867,322,340,0
123,10,3867,322,340,7
123,10,3867,323,340,0
123,10,3867,324,361,0
123,10,3867,325,366,-18
123,10,3867,326,366,-18
123,10,3867,335,482,-132
123,10,3867,356,498,48
123,10,3868,310,354,0
123,10,3868,316,340,0
123,10,3868,318,366,-8
123,10,3868,318,366,0
123,10,3868,319,366,-18
123,10,3868,325,366,-8
123,10,3868,325,366,0
123,10,3869,308,341,131
123,10,3869,319,366,-18
123,10,3869,319,366,0
123,10,3869,320,366,0
123,10,3869,321,366,18
123,10,3869,345,366,0
123,10,3870,314,354,88
123,10,3870,321,366,8
123,10,3870,322,366,0
123,10,3871,308,366,0
123,10,3871,312,366,0
123,10,3871,314,366,0
123,10,3871,316,366,0
123,10,3871,317,360,62
123,10,3871,318,362,54
123,10,3871,323,366,0
123,10,3872,318,392,-20
123,10,3872,325,392,-9
123,10,3872,335,451,-212
123,10,3875,316,392,0
123,10,3875,319,332,332
123,10,3875,320,332,332
123,10,3875,321,332,332
123,10,3875,322,332,332
123,10,3875,323,332,332
123,10,3875,324,332,332
123,10,3875,325,332,332
123,10,3875,326,332,332
123,10,3875,327,332,332
123,10,3875,329,332,332
123,10,3875,330,332,332
123,10,3876,296,364,298
123,10,3877,299,353,353
123,10,3877,302,351,351
123,10,3877,302,353,353
123,10,3878,289,418,0
123,10,3878,301,358,343
123,10,3878,302,358,343
123,10,3879,284,358,343
123,10,3879,285,358,343
123,10,3879,299,418,0
123,10,3879,301,358,343
123,10,3879,311,358,343
123,10,3879,312,358,343
123,10,3879,313,358,343
123,10,3879,314,358,343
123,10,3879,315,358,343
123,10,3879,316,358,343
123,10,3879,317,358,343
123,10,3879,318,358,343
123,10,3879,319,358,343
123,10,3879,320,358,343
123,10,3879,321,358,343
123,10,3879,322,358,343
123,10,3879,323,358,343
123,10,3879,324,358,343
123,10,3879,325,358,343
123,10,3879,326,358,343
123,10,3879,327,358,343
123,10,3879,328,358,343
123,10,3879,329,358,343
123,10,3879,330,358,343
123,10,3879,332,358,343
123,10,3879,333,358,343
123,10,3883,318,353,353
123,10,3883,320,353,353
123,10,3883,321,353,353
123,10,3883,323,353,353
123,10,3883,340,441,-53
123,10,3884,299,444,0
123,10,3886,324,447,0
123,10,3886,371,361,-345
123,10,3886,386,498,37
123,10,3888,299,471,0
123,10,3893,305,497,0
123,10,3893,307,497,0
123,10,3894,337,323,-309
123,10,3895,328,395,0
123,10,3896,295,500,-25
123,10,3899,384,500,0
123,10,3900,341,369,0
123,10,3902,313,287,0
123,10,3903,306,500,0
123,10,3903,328,157,0
123,10,3903,328,261,0
123,10,3903,328,316,0
123,10,3904,299,-97,490
123,10,3905,324,230,0
123,10,3906,328,290,0
123,10,3906,401,212,-424
123,10,3907,321,130,0
123,10,3907,322,157,0
123,10,3908,310,104,0
123,10,3908,312,104,0
123,10,3908,321,104,0
123,10,3909,321,78,0
123,10,3910,322,148,449
123,10,3911,328,160,417
123,10,3911,420,179,-466
123,10,3912,271,109,488
123,10,3912,320,158,445
123,10,3912,375,212,0
123,10,3913,276,121,484
123,10,3913,301,-364,150
123,10,3913,303,-364,150
123,10,3913,304,121,484
123,10,3913,321,125,455
123,10,3913,420,167,-470
123,10,3915,320,108,485
123,10,3915,328,118,431
123,10,3915,328,128,425
123,10,3915,329,128,426
123,10,3915,418,144,-478
123,10,3916,290,85,492
123,10,3916,294,85,492
123,10,3916,317,101,408
123,10,3916,318,118,431
123,10,3917,289,-339,-33
123,10,3917,295,-341,-33
123,10,3918,283,-416,-277
123,10,3918,291,-416,-277
123,10,3918,302,-218,89
123,10,3918,318,46,310
123,10,3918,380,136,-227
123,10,3920,297,-284,-189
123,10,3920,298,-284,-189
123,10,3920,299,-284,-189
123,10,3920,300,-261,-174
123,10,3920,302,-208,-20
123,10,3921,296,-239,-159
123,10,3922,304,-152,-101
123,10,3922,305,-152,-101
123,10,3922,306,-130,-87
123,10,3922,320,-152,-101
123,10,3923,298,-149,-278
123,10,3923,299,-149,-278
123,10,3923,301,-99,-185
123,10,3923,303,-74,-138
123,10,3923,304,-74,-138
123,10,3923,317,-86,-162
123,10,3924,303,0,-238
123,10,3924,304,-74,-138
123,10,3924,304,0,-130
123,10,3924,304,0,-104
123,10,3924,305,0,-130
123,10,3924,306,0,-130
123,10,3924,306,0,-104
123,10,3924,306,0,-78
123,10,3924,306,7,-78
123,10,3924,306,25,-262
123,10,3924,306,131,-197
123,10,3924,307,0,-104
123,10,3924,307,7,-78
123,10,3924,307,86,-130
123,10,3924,307,113,-170
123,12,3863,393,500,0
123,12,3866,368,500,0
123,12,3866,384,500,0
123,12,3866,388,500,0
123,12,3866,420,500,0
123,12,3866,424,500,0
123,12,3867,411,392,8
123,12,3869,388,500,0
123,12,3871,360,500,0
123,12,3871,361,416,277
123,12,3871,424,500,0
123,12,3874,361,402,296
123,12,3876,339,332,332
123,12,3876,352,340,325
123,12,3876,356,500,0
123,12,3876,358,386,316
123,12,3877,349,351,351
123,12,3877,353,361,345
123,12,3877,355,353,353
123,12,3877,357,358,343
123,12,3877,357,368,333
123,12,3878,339,387,218
123,12,3878,339,392,210
123,12,3878,343,358,343
123,12,3878,350,358,343
123,12,3878,351,358,343
123,12,3878,351,371,335
123,12,3878,352,351,351
123,12,3878,353,335,371
123,12,3878,355,343,358
123,12,3878,356,345,361
123,12,3878,357,358,343
123,12,3878,358,358,343
123,12,3878,364,345,361
123,12,3878,364,353,353
123,12,3878,369,345,361
123,12,3879,334,351,351
123,12,3879,336,416,277
123,12,3879,339,358,343
123,12,3879,339,387,218
123,12,3879,340,343,358
123,12,3879,341,358,343
123,12,3879,341,392,210
123,12,3879,341,397,199
123,12,3879,342,351,351
123,12,3879,342,358,343
123,12,3879,343,358,343
123,12,3879,344,358,343
123,12,3879,345,358,343
123,12,3879,346,358,343
123,12,3879,347,358,343
123,12,3879,348,358,343
123,12,3879,349,358,343
123,12,3879,350,351,351
123,12,3879,350,358,343
123,12,3879,351,358,343
123,12,3879,353,326,378
123,12,3879,353,358,343
123,12,3879,354,358,343
123,12,3879,355,333,368
123,12,3879,355,343,358
123,12,3879,355,358,343
123,12,3879,356,343,358
123,12,3879,356,358,343
123,12,3879,357,353,353
123,12,3879,357,358,343
123,12,3879,358,345,361
123,12,3879,365,353,353
123,12,3879,438,361,-345
123,12,3879,450,361,-345
123,12,3880,334,378,279
123,12,3880,337,419,266
123,12,3880,355,335,371
123,12,3880,361,353,353
123,12,3880,448,500,0
123,12,3881,333,376,324
123,12,3881,337,419,266
123,12,3881,354,316,386
123,12,3881,356,345,361
123,12,3881,393,473,0
123,12,3881,415,471,35
123,12,3881,448,500,0
123,12,3882,337,405,285
123,12,3882,379,361,345
123,12,3882,423,498,37
123,12,3883,331,361,345
123,12,3883,333,353,353
123,12,3883,337,353,353
123,12,3883,337,361,345
123,12,3883,353,353,353
123,12,3884,331,361,345
123,12,3884,348,500,0
123,12,3885,333,361,345
123,12,3885,357,306,394
123,12,3885,386,316,386
123,12,3886,348,500,0
123,12,3886,384,447,0
123,12,3886,387,500,0
123,12,3886,452,500,0
123,12,3887,329,353,353
123,12,3888,357,287,408
123,12,3889,380,345,361
123,12,3890,334,353,353
123,12,3890,389,421,0
123,12,3890,428,267,-421
123,12,3890,430,447,-23
123,12,3891,361,287,408
123,12,3891,362,431,118
123,12,3891,410,447,0
123,12,3891,432,416,-62
123,12,3892,439,345,361
123,12,3893,388,421,0
123,12,3893,393,421,0
123,12,3893,411,419,41
123,12,3893,419,421,0
123,12,3893,424,421,0
123,12,3893,456,500,0
123,12,3894,440,389,-161
123,12,3895,384,395,0
123,12,3895,389,395,0
123,12,3895,392,395,0
123,12,3896,446,361,345
123,12,3897,404,390,58
123,12,3897,442,371,-199
123,12,3899,359,353,177
123,12,3900,334,345,361
123,12,3900,394,369,0
123,12,3900,443,333,-211
123,12,3900,444,343,-242
123,12,3900,450,304,-291
123,12,3901,464,361,-345
123,12,3903,374,273,285
123,12,3903,378,204,237
123,12,3903,378,213,223
123,12,3904,335,361,345
123,12,3904,380,166,159
123,12,3904,456,323,-309
123,12,3904,457,457,125
123,12,3905,381,177,196
123,12,3905,437,309,-146
123,12,3906,377,255,266
123,12,3906,381,151,144
123,12,3906,381,177,196
123,12,3907,383,150,174
123,12,3907,412,185,17
123,12,3907,436,302,-162
123,12,3908,383,113,108
123,12,3908,383,153,178
123,12,3908,383,166,159
123,12,3908,383,171,164
123,12,3908,387,153,178
123,12,3908,387,169,162
123,12,3908,452,437,-98
123,12,3909,337,181,438
123,12,3909,392,159,0
123,12,3910,459,181,-409
123,12,3911,372,-462,-191
123,12,3911,449,219,-329
123,12,3911,467,148,-450
123,12,3912,345,167,356
123,12,3912,472,361,-345
123,12,3913,343,161,389
123,12,3913,468,136,-453
123,12,3913,469,125,-457
123,12,3914,460,160,-417
123,12,3914,464,136,-453
123,12,3915,350,141,341
123,12,3916,318,121,484
123,12,3916,318,132,482
123,12,3916,334,97,437
123,12,3916,344,114,378
123,12,3916,348,123,347
123,12,3917,319,121,484
123,12,3917,348,106,353
123,12,3917,352,-307,-30
123,12,3917,452,123,-375
123,12,3917,465,85,-492
123,12,3918,458,72,-415
123,12,3918,461,87,-439
123,12,3918,470,353,-353
123,12,3920,349,121,484
123,12,3921,347,97,490
123,12,3922,369,-175,-53
123,12,3922,466,17,-342
123,12,3923,370,-169,-70
123,12,3923,372,-126,34
123,12,3924,314,0,500
123,12,3924,339,0,209
123,12,3924,349,0,78
123,12,3924,351,0,78
123,12,3924,353,0,130
123,12,3924,371,46,-25
123,12,3924,371,46,-22
123,12,3924,446,0,-157
123,12,3924,449,0,-290
123,12,3925,363,350,-106
123,12,3925,366,389,-161
123,12,3925,368,-3,-157
123,12,3925,368,74,-138
123,12,3925,370,74,-138
123,12,3925,371,24,-46
123,12,3926,363,182,-91
123,12,3926,366,152,-101
123,12,3926,367,-10,-209
123,12,3926,367,152,-101
123,12,3926,368,124,-232
123,12,3926,368,148,-278
123,12,3926,370,-119,-102
123,12,3926,370,289,-183
123,12,3926,371,21,-14
123,12,3926,371,207,-367
123,12,3926,483,-18,-366
123,12,3927,365,152,-101
123,12,3927,366,152,-101
123,12,3927,371,381,104
123,12,3927,448,226,-217
123,12,3928,363,-133,-210
123,12,3928,363,-130,0
123,12,3928,363,-26,0
123,12,3928,363,-23,11
123,12,3928,363,0,0
123,12,3928,364,-119,-236
123,12,3928,364,-23,-12
123,12,3928,364,-21,-289
123,12,3928,365,21,14
123,12,3928,365,208,-20
123,12,3928,367,155,-276
123,12,3928,371,23,-12
123,12,3929,363,-26,0
123,12,3929,363,0,0
123,12,3930,363,0,0
123,12,3930,364,-25,-5
123,12,3930,364,0,0
123,12,3930,365,37,69
123,12,3930,366,-150,-250
123,12,3930,467,25,-341
123,12,3931,362,190,-404
123,12,3931,363,-23,-12
123,12,3931,363,0,0
123,12,3931,369,344,-194
123,12,3931,370,348,-187
123,12,3932,449,0,-316
123,12,3932,459,0,-421
123,12,3932,465,0,-473
123,12,3932,469,0,-473
123,12,3933,344,339,-292
123,12,3934,365,271,-387
123,12,3934,367,255,57
123,12,3935,322,287,408
123,12,3935,322,296,402
123,12,3935,363,25,7
123,12,3938,324,296,402
123,12,3938,371,100,30
123,12,3940,370,121,-99
123,12,3940,459,0,-421
123,12,3940,469,0,-473
123,12,3941,464,-10,-447
123,12,3943,469,0,-500
123,12,3946,355,278,-84
123,12,3946,451,312,-283
123,12,3950,363,74,-332
123,12,3950,364,19,17
123,12,3951,364,125,198
123,12,3956,334,0,447
123,12,3956,341,0,421
123,12,3956,354,0,185
123,12,3956,367,104,5
123,12,3956,367,128,90
123,12,3957,471,361,-345
123,12,3964,450,0,-342
123,12,3964,451,0,-342
123,12,3964,459,0,-421
123,12,3964,464,361,-345
123,12,3964,465,0,-473
123,12,3964,469,0,-473
123,12,3966,447,198,-208
123,12,3969,448,216,-227
123,12,3971,455,0,-395
123,12,3992,452,-339,-292
123,46,3872,1453,482,132
123,46,3873,1460,500,0
123,46,3874,1440,236,441
123,46,3882,1459,492,85
123,46,3884,1436,345,361
123,46,3885,1414,351,351
123,46,3886,1460,447,0
123,46,3887,1438,361,345
123,46,3887,1459,494,74
123,46,3890,1417,353,353
123,46,3895,1460,395,0
123,46,3899,1452,411,92
123,46,3901,1433,282,312
123,46,3904,1451,408,101
123,46,3905,1450,403,121
123,46,3906,1457,205,51
123,46,3906,1460,238,0
123,46,3909,1414,345,361
123,46,3909,1446,348,186
123,46,3910,1460,209,0
123,46,3911,1417,353,353
123,46,3911,1454,332,82
123,46,3912,1417,353,353
123,46,3912,1420,353,353
123,46,3913,1420,361,345
123,46,3915,1422,371,335
123,46,3916,1421,345,361
123,46,3916,1421,361,345
123,46,3916,1421,371,335
123,46,3917,1418,335,371
123,46,3917,1418,345,361
123,46,3917,1419,345,361
123,46,3917,1421,353,353
123,46,3917,1427,345,361
123,46,3918,1418,335,371
123,46,3918,1419,335,371
123,46,3918,1420,353,353
123,46,3918,1421,353,353
123,46,3920,1438,361,345
123,46,3922,1420,353,353
123,46,3924,1457,12,-133
123,46,3925,1417,335,371
123,46,3925,1419,345,361
123,46,3925,1419,361,345
123,46,3925,1420,345,361
123,46,3929,1422,345,361
123,46,3932,1420,361,345
123,46,3934,1422,335,371
123,46,3943,1403,156,474
123,46,3946,1404,121,484
123,46,3947,1427,129,428
123,46,3948,1423,89,357
123,46,3948,1453,319,274
123,46,3949,1423,74,332
123,46,3953,1453,375,123
123,46,3956,1434,0,395
123,46,3956,1436,0,369
123,46,3956,1454,0,0
123,46,3956,1455,117,55
123,46,3956,1458,78,-61
123,87,3866,2772,500,0
123,87,3868,2772,500,0
123,87,3873,2772,500,0
123,87,3882,2728,343,358
123,87,3882,2737,353,353
123,87,3883,2730,358,343
123,87,3884,2739,345,361
123,87,3885,2729,353,353
123,87,3885,2763,437,97
123,87,3886,2740,345,361
123,87,3886,2749,335,371
123,87,3887,2736,353,353
123,87,3887,2771,494,74
123,87,3888,2750,361,345
123,87,3889,2728,345,361
123,87,3890,2727,353,353
123,87,3890,2729,353,353
123,87,3890,2772,447,0
123,87,3891,2729,353,353
123,87,3892,2765,-18,185
123,87,3893,2772,421,0
123,87,3895,2772,395,0
123,87,3896,2761,368,141
123,87,3899,2764,411,92
123,87,3900,2739,353,353
123,87,3900,2748,345,361
123,87,3900,2758,445,158
123,87,3900,2762,433,108
123,87,3900,2763,408,101
123,87,3902,2763,408,101
123,87,3903,2768,252,76
123,87,3903,2769,229,63
123,87,3904,2763,408,101
123,87,3905,2762,403,121
123,87,3911,2729,353,353
123,87,3911,2736,353,353
123,87,3915,2732,353,353
123,87,3915,2777,-43,65
123,87,3915,2777,29,72
123,87,3917,2730,335,371
123,87,3917,2731,345,361
123,87,3917,2731,353,353
123,87,3917,2733,353,353
123,87,3917,2736,353,353
123,87,3917,2747,345,361
123,87,3918,2731,335,371
123,87,3918,2731,345,361
123,87,3918,2732,353,353
123,87,3918,2736,353,353
123,87,3918,2747,345,361
123,87,3918,2772,27,183
123,87,3919,2750,361,345
123,87,3920,2736,353,353
123,87,3920,2750,361,345
123,87,3922,2732,353,353
123,87,3924,2771,94,-50
123,87,3925,2733,361,345
123,87,3927,2729,345,361
123,87,3927,2730,345,361
123,87,3927,2763,6,-290
123,87,3928,2758,194,-344
123,87,3928,2767,-23,-237
123,87,3929,2732,345,361
123,87,3929,2768,156,-212
123,87,3931,2732,345,361
123,87,3932,2734,345,361
123,87,3937,2769,-134,-128
123,87,3939,2745,-266,325
123,87,3940,2719,0,500
123,87,3940,2762,355,225
123,87,3940,2770,-134,-128
123,87,3941,2766,-31,-315
123,87,3942,2745,-366,151
123,87,3943,2761,205,-205
123,87,3944,2716,128,425
123,87,3945,2756,189,180
123,87,3945,2759,200,209
123,87,3946,2713,121,484
123,87,3947,2739,129,428
123,87,3947,2765,317,234
123,87,3948,2765,-46,230
123,87,3948,2765,319,274
123,87,3950,2751,98,328
123,87,3952,2748,-262,-175
123,87,3956,2731,287,408
123,87,3956,2738,0,447
123,87,3956,2743,0,395
123,87,3956,2744,0,395
123,87,3956,2748,0,369
123,87,3956,2754,0,238
123,87,3956,2763,0,130
123,87,3956,2763,25,6
123,87,3956,2763,157,0
123,87,3956,2765,0,-78
123,87,3956,2766,0,0
123,87,3956,2766,186,-145
123,87,3956,2767,0,0
123,87,3956,2767,168,29
123,87,3956,2768,144,-47
123,87,3956,2770,78,-61
124,6,3905,200,494,74
124,6,3905,207,488,109
124,6,3907,201,496,60
124,6,3907,216,490,-97
124,6,3907,221,500,0
124,6,3908,215,148,-450
124,6,3908,218,466,-179
124,6,3908,219,148,-450
124,6,3908,221,492,-85
124,6,3908,221,500,0
124,6,3908,222,500,0
124,6,3908,223,148,-450
124,6,3908,251,148,-450
124,6,3909,217,474,-156
124,6,3909,222,500,0
124,6,3911,226,335,-371
124,6,3912,218,441,-236
124,6,3912,257,441,-236
124,6,3913,216,470,-167
124,6,3914,227,316,-386
124,6,3915,187,267,421
124,6,3915,262,361,-345
124,6,3916,229,224,-447
124,6,3917,227,212,-451
124,6,3918,189,203,457
124,6,3918,220,447,0
124,6,3918,222,447,0
124,6,3918,228,179,-466
124,6,3919,204,457,125
124,6,3919,211,435,-87
124,6,3919,225,191,-462
124,6,3919,226,167,-470
124,6,3920,225,167,-470
124,6,3921,226,85,-492
124,6,3921,226,109,-488
124,6,3921,229,121,-484
124,6,3922,217,191,-462
124,6,3922,218,132,-482
124,6,3922,221,447,0
124,6,3922,225,447,10
124,6,3922,226,447,10
124,6,3922,227,447,10
124,6,3922,228,447,10
124,6,3922,229,447,10
124,6,3922,230,447,10
124,6,3922,230,447,22
124,6,3922,231,447,10
124,6,3922,232,447,10
124,6,3922,233,447,10
124,6,3922,233,447,22
124,6,3923,218,97,-490
124,6,3923,218,132,-482
124,6,3924,193,0,500
124,6,3924,195,0,500
124,6,3924,196,0,500
124,6,3924,214,0,-350
124,6,3924,220,0,-500
124,6,3924,221,0,-500
124,6,3925,223,419,41
124,6,3925,224,419,41
124,6,3925,226,419,41
124,6,3925,227,419,41
124,6,3925,228,419,41
124,6,3925,229,419,41
124,6,3925,230,419,41
124,6,3925,231,419,41
124,6,3925,231,421,21
124,6,3925,232,419,41
124,6,3925,239,417,-51
124,6,3927,221,395,0
124,6,3928,208,393,38
124,6,3928,231,393,38
124,6,3928,233,393,29
124,6,3928,248,380,-179
124,6,3929,249,376,-189
124,6,3929,265,309,-323
124,6,3929,265,335,-371
124,6,3930,212,104,0
124,6,3930,255,144,-112
124,6,3931,220,183,0
124,6,3931,260,189,-181
124,6,3932,232,364,-55
124,6,3933,282,306,-394
124,6,3934,253,311,-242
124,6,3934,258,184,-185
124,6,3943,212,25,5
124,6,3943,248,308,-69
124,6,3944,212,9,24
124,6,3944,212,19,16
124,6,3946,212,13,21
124,6,3946,212,20,16
124,6,3946,248,246,-95
124,6,3946,256,332,-258
124,6,3947,283,224,-447
124,6,3948,212,0,0
124,6,3951,203,-7,-104
124,6,3955,204,-301,-212
124,6,3956,257,0,-290
124,6,3956,260,0,-354
124,6,3956,276,0,-500
124,6,3956,288,0,-500
124,6,3961,244,-26,0
124,6,4043,276,0,-500
124,6,4043,286,0,-500
124,8,3908,261,474,156
124,8,3908,261,500,0
124,8,3908,282,500,0
124,8,3908,283,462,-191
124,8,3908,283,500,0
124,8,3909,279,492,-85
124,8,3909,288,394,-306
124,8,3911,288,361,-345
124,8,3912,251,441,236
124,8,3912,253,441,236
124,8,3912,254,441,236
124,8,3912,287,441,-236
124,8,3912,288,441,-236
124,8,3912,290,500,0
124,8,3915,252,277,416
124,8,3915,292,277,-416
124,8,3915,293,224,-447
124,8,3916,292,224,-447
124,8,3917,291,212,-451
124,8,3918,260,447,0
124,8,3918,289,212,-451
124,8,3919,289,191,-462
124,8,3919,290,156,-474
124,8,3920,289,144,-478
124,8,3920,291,121,-484
124,8,3920,291,156,-474
124,8,3921,269,438,87
124,8,3921,289,109,-488
124,8,3921,291,109,-488
124,8,3922,261,447,0
124,8,3922,262,447,0
124,8,3922,265,447,0
124,8,3922,266,447,0
124,8,3922,267,447,0
124,8,3922,271,447,0
124,8,3922,275,447,0
124,8,3922,277,447,0
124,8,3922,280,447,0
124,8,3922,281,191,-462
124,8,3922,282,179,-466
124,8,3922,286,447,0
124,8,3922,289,447,0
124,8,3922,290,447,0
124,8,3922,294,447,0
124,8,3922,299,447,0
124,8,3922,300,447,0
124,8,3923,261,132,482
124,8,3923,282,132,-482
124,8,3923,286,74,-494
124,8,3924,261,0,444
124,8,3924,264,0,276
124,8,3924,279,0,-276
124,8,3924,285,0,-500
124,8,3925,273,419,41
124,8,3926,270,414,72
124,8,3926,270,416,62
124,8,3926,271,416,62
124,8,3926,273,416,-62
124,8,3926,276,173,-324
124,8,3929,273,283,-189
124,8,3929,274,283,-189
124,8,3930,308,378,-114
124,8,3933,268,52,-1
124,8,3934,276,52,0
124,8,3935,282,342,0
124,8,3937,267,78,0
124,8,3939,325,233,-350
124,8,3940,268,26,-1
124,8,3940,307,411,-92
124,8,3940,308,408,-102
124,8,3940,326,225,-355
124,8,3941,267,25,-4
124,8,3941,276,26,0
124,8,3941,333,181,-409
124,8,3942,330,95,-215
124,8,3943,275,-122,-47
124,8,3943,276,25,5
124,8,3944,267,11,-23
124,8,3944,267,21,-15
124,8,3944,272,-198,170
124,8,3944,276,9,24
124,8,3945,276,22,12
124,8,3945,276,26,0
124,8,3946,268,21,-14
124,8,3946,276,-17,49
124,8,3947,276,9,24
124,8,3948,267,-40,-33
124,8,3948,267,0,0
124,8,3948,274,201,55
124,8,3948,275,231,-40
124,8,3949,267,-74,24
124,8,3949,267,0,0
124,8,3949,276,-25,46
124,8,3949,276,104,0
124,8,3950,273,250,-82
124,8,3950,275,-75,-23
124,8,3950,276,-258,-39
124,8,3950,276,126,92
124,8,3951,267,83,-62
124,8,3951,267,128,-90
124,8,3951,267,181,-22
124,8,3951,276,-255,57
124,8,3952,267,0,0
124,8,3952,276,0,0
124,8,3953,274,-177,44
124,8,3953,276,-4,25
124,8,3954,267,-50,-121
124,8,3954,271,-77,11
124,8,3955,267,101,-30
124,8,3955,271,-20,16
124,8,3957,302,15,158
124,11,3904,328,498,48
124,11,3904,357,482,132
124,11,3904,357,484,121
124,11,3905,379,470,-167
124,11,3906,323,500,0
124,11,3906,372,500,-11
124,11,3907,323,500,0
124,11,3907,360,496,60
124,11,3907,361,467,57
124,11,3908,320,375,237
124,11,3908,323,500,0
124,11,3908,324,500,0
124,11,3908,351,361,345
124,11,3908,351,402,296
124,11,3908,353,421,267
124,11,3908,354,361,345
124,11,3908,356,361,345
124,11,3908,356,451,212
124,11,3908,358,361,345
124,11,3908,369,361,-345
124,11,3908,382,441,-236
124,11,3909,375,492,-85
124,11,3909,379,457,-203
124,11,3910,352,402,296
124,11,3910,354,421,267
124,11,3911,348,500,0
124,11,3911,351,371,335
124,11,3911,353,394,306
124,11,3912,318,441,236
124,11,3912,350,335,371
124,11,3912,384,345,-361
124,11,3913,348,296,402
124,11,3913,349,471,35
124,11,3913,352,441,236
124,11,3913,365,473,-24
124,11,3913,384,224,-447
124,11,3913,384,335,-371
124,11,3914,350,306,394
124,11,3914,351,335,371
124,11,3914,387,287,-408
124,11,3915,330,326,378
124,11,3915,331,500,0
124,11,3915,346,246,435
124,11,3915,347,267,421
124,11,3916,346,224,447
124,11,3916,389,212,-451
124,11,3917,348,236,441
124,11,3918,346,167,470
124,11,3918,351,224,447
124,11,3918,384,191,-462
124,11,3919,351,203,457
124,11,3919,385,212,-451
124,11,3919,385,277,-416
124,11,3919,386,156,-474
124,11,3920,327,421,150
124,11,3920,348,121,484
124,11,3920,349,132,482
124,11,3920,349,156,474
124,11,3920,350,144,478
124,11,3920,350,167,470
124,11,3920,351,167,470
124,11,3920,384,167,-470
124,11,3920,386,167,-470
124,11,3921,346,121,484
124,11,3921,349,85,492
124,11,3921,349,109,488
124,11,3921,350,109,488
124,11,3921,357,212,451
124,11,3921,357,447,0
124,11,3922,332,411,92
124,11,3922,348,447,0
124,11,3922,349,109,488
124,11,3922,349,447,0
124,11,3922,355,447,0
124,11,3922,356,85,492
124,11,3922,356,447,0
124,11,3922,357,132,482
124,11,3922,357,179,466
124,11,3922,357,447,0
124,11,3923,355,85,492
124,11,3923,357,97,490
124,11,3923,357,132,482
124,11,3924,354,0,500
124,11,3924,354,85,492
124,11,3924,355,85,492
124,11,3924,372,197,-105
124,11,3924,378,0,-500
124,11,3924,380,248,-75
124,11,3924,381,0,-500
124,11,3925,340,421,0
124,11,3925,342,419,-31
124,11,3925,349,419,-31
124,11,3925,350,419,-31
124,11,3925,356,419,-31
124,11,3925,356,421,0
124,11,3925,358,419,-31
124,11,3925,388,421,0
124,11,3926,363,173,324
124,11,3926,366,414,72
124,11,3927,348,395,0
124,11,3927,357,345,361
124,11,3928,330,123,40
124,11,3930,334,276,61
124,11,3931,320,164,128
124,11,3932,333,355,98
124,11,3932,336,363,44
124,11,3932,348,369,0
124,11,3932,356,369,0
124,11,3932,369,364,35
124,11,3933,313,282,312
124,11,3933,371,341,7
124,11,3933,372,209,0
124,11,3936,356,296,219
124,11,3938,323,403,190
124,11,3939,294,345,361
124,11,3940,327,421,150
124,11,3940,331,408,101
124,11,3940,364,395,-9
124,11,3940,444,0,-500
124,11,3945,363,22,-12
124,11,3945,363,26,1
124,11,3946,328,356,167
124,11,3947,314,132,371
124,11,3948,324,333,211
124,11,3949,363,-84,-132
124,11,3949,372,-250,-75
124,11,3949,372,233,5
124,11,3950,337,-218,89
124,11,3950,371,-235,-12
124,11,3950,371,-75,-23
124,11,3950,372,-258,-39
124,11,3950,372,-239,106
124,11,3951,363,128,-90
124,11,3951,363,181,-22
124,11,3952,372,-162,302
124,11,3952,372,0,0
124,11,3952,372,32,99
124,11,3953,363,130,-9
124,11,3954,369,-130,12
124,11,3956,280,0,500
124,11,3956,300,0,473
124,11,3960,309,0,421
124,11,3960,335,35,-235
124,11,3975,332,14,-290
124,11,3996,438,394,-306
124,11,3996,438,408,-287
124,11,3997,435,447,-224
124,11,3997,436,421,-267
124,11,3998,427,500,0
124,11,3998,439,378,-326
124,11,3999,427,418,0
124,11,3999,442,316,-386
124,11,4000,441,316,-386
124,11,4001,443,251,-397
124,11,4001,445,257,-429
124,11,4002,442,246,-435
124,11,4002,443,236,-441
124,11,4004,435,326,-378
124,11,4006,445,132,-482
124,11,4006,446,144,-478
124,11,4008,444,97,-490
124,11,4009,427,287,0
124,11,4010,433,48,-498
124,11,4011,427,492,-85
124,11,4011,443,0,-500
124,11,4011,445,277,-416
124,11,4012,444,-25,-500
124,11,4012,445,-25,-500
124,11,4013,425,276,-148
124,11,4019,446,-132,-482
124,11,4020,450,-132,-482
124,11,4028,416,0,-369
124,11,4028,426,0,-421
124,11,4028,433,0,-473
124,11,4028,445,0,-500
124,11,4032,427,-72,-415
124,43,3895,1379,444,0
124,43,3895,1379,447,0
124,43,3895,1379,500,0
124,43,3896,1379,500,0
124,43,3897,1378,500,25
124,43,3897,1384,391,-38
124,43,3898,1379,444,0
124,43,3898,1379,497,0
124,43,3898,1379,500,0
124,43,3898,1380,361,0
124,43,3898,1380,500,0
124,43,3899,1364,340,0
124,43,3899,1366,340,0
124,43,3899,1370,340,0
124,43,3899,1372,340,0
124,43,3899,1373,340,0
124,43,3899,1374,340,0
124,43,3899,1375,340,0
124,43,3899,1376,340,0
124,43,3899,1377,340,0
124,43,3899,1378,340,0
124,43,3899,1379,340,0
124,43,3899,1379,366,0
124,43,3899,1380,361,0
124,43,3899,1391,482,-132
124,43,3900,1366,366,-8
124,43,3900,1379,340,0
124,43,3900,1380,361,0
124,43,3900,1381,366,-8
124,43,3900,1381,366,0
124,43,3900,1383,391,-29
124,43,3901,1377,366,8
124,43,3901,1379,366,0
124,43,3901,1380,366,0
124,43,3902,1377,366,8
124,43,3902,1378,366,0
124,43,3903,1352,366,0
124,43,3903,1359,417,223
124,43,3903,1379,392,0
124,43,3903,1380,387,0
124,43,3903,1383,416,-31
124,43,3904,1350,366,0
124,43,3904,1381,392,-9
124,43,3905,1358,359,215
124,43,3905,1359,364,205
124,43,3906,1358,359,215
124,43,3911,1350,358,343
124,43,3911,1355,358,343
124,43,3912,1328,343,358
124,43,3915,1338,444,10
124,43,3915,1338,447,10
124,43,3915,1339,444,0
124,43,3916,1338,444,10
124,43,3916,1339,444,0
124,43,3916,1340,444,0
124,43,3916,1343,496,-60
124,43,3916,1343,498,-37
124,43,3918,1341,471,-11
124,43,3918,1342,471,-24
124,43,3918,1365,287,0
124,43,3920,1338,471,0
124,43,3924,1325,361,345
124,43,3925,1322,361,345
124,43,3925,1325,345,361
124,43,3925,1326,345,361
124,43,3925,1334,497,0
124,43,3925,1335,497,0
124,43,3929,1355,175,52
124,43,3930,1333,500,0
124,43,3930,1339,500,0
124,43,3930,1340,500,0
124,43,3931,1339,500,25
124,43,3931,1340,361,345
124,43,3935,1361,285,34
124,43,3935,1366,261,0
124,43,3938,1402,264,0
124,43,3940,1316,0,500
124,43,3940,1336,500,0
124,43,3940,1366,104,0
124,43,3940,1372,104,0
124,43,3942,1354,104,0
124,43,3949,1330,109,488
124,43,3949,1378,-281,-70
124,43,3951,1319,192,358
124,43,3951,1321,70,467
124,43,3952,1308,224,447
124,43,3953,1330,17,234
124,43,3953,1333,21,286
124,43,3953,1334,21,286
124,43,3953,1378,-176,-117
124,43,3954,1386,-124,-168
124,43,3955,1387,-86,-162
124,43,3956,1308,0,392
124,43,3956,1333,0,421
124,43,3972,1323,0,500
124,43,3972,1333,0,421
124,43,3973,1329,-23,447
124,43,3996,1341,46,62
124,43,4004,1341,59,51
124,45,3896,1436,500,0
124,45,3896,1437,500,0
124,45,3896,1444,500,0
124,45,3897,1436,500,0
124,45,3898,1443,500,0
124,45,3901,1451,484,121
124,45,3906,1417,402,296
124,45,3906,1419,416,277
124,45,3907,1415,386,316
124,45,3908,1395,332,332
124,45,3908,1396,332,332
124,45,3908,1401,332,332
124,45,3909,1413,358,343
124,45,3909,1413,368,333
124,45,3910,1398,358,343
124,45,3910,1413,358,343
124,45,3910,1420,345,361
124,45,3911,1398,351,351
124,45,3911,1398,358,343
124,45,3911,1399,358,343
124,45,3911,1400,358,343
124,45,3911,1401,358,343
124,45,3911,1404,358,343
124,45,3911,1405,358,343
124,45,3911,1406,358,343
124,45,3911,1407,358,343
124,45,3911,1408,358,343
124,45,3911,1409,358,343
124,45,3911,1410,358,343
124,45,3911,1412,358,343
124,45,3911,1413,351,351
124,45,3911,1413,358,343
124,45,3911,1413,361,345
124,45,3911,1414,358,343
124,45,3911,1417,353,353
124,45,3911,1421,353,353
124,45,3911,1427,345,361
124,45,3912,1408,490,97
124,45,3912,1417,353,353
124,45,3912,1434,361,345
124,45,3913,1417,361,345
124,45,3913,1432,345,361
124,45,3914,1386,358,343
124,45,3914,1420,353,353
124,45,3915,1386,358,343
124,45,3915,1393,353,353
124,45,3915,1440,361,345
124,45,3915,1443,361,345
124,45,3915,1460,402,296
124,45,3915,1460,500,0
124,45,3918,1420,353,353
124,45,3918,1444,457,125
124,45,3918,1460,447,0
124,45,3921,1428,345,361
124,45,3922,1460,261,0
124,45,3925,1388,345,361
124,45,3925,1460,421,0
124,45,3926,1389,345,361
124,45,3927,1460,335,-101
124,45,3930,1396,500,0
124,45,3931,1444,369,-8
124,45,3932,1459,123,-41
124,45,3933,1398,298,364
124,45,3935,1430,273,285
124,45,3936,1440,194,215
124,45,3939,1438,-409,181
124,45,3941,1387,192,432
124,45,3941,1393,181,408
124,45,3946,1395,139,424
124,45,3946,1429,-276,203
124,45,3946,1435,-263,116
124,45,3947,1427,-56,282
124,45,3947,1435,-266,110
124,45,3947,1440,-155,140
124,45,3948,1374,121,484
124,45,3948,1404,123,347
124,45,3948,1436,-285,273
124,45,3949,1422,-312,-30
124,45,3949,1433,-230,57
124,45,3950,1460,0,0
124,45,3951,1445,-234,-23
124,45,3953,1432,-160,-176
124,45,3953,1435,-116,-174
124,45,3953,1446,-182,-17
124,45,3954,1403,27,367
124,45,3954,1435,-141,-155
124,45,3955,1384,23,471
124,45,3955,1393,22,447
124,45,3955,1425,32,129
124,45,3956,1368,0,500
124,45,3956,1370,0,500
124,45,3956,1397,0,421
124,45,3956,1397,21,421
124,45,3956,1403,18,369
124,45,3956,1405,0,52
124,45,3956,1418,0,316
124,45,3956,1425,0,-209
124,45,3958,1426,289,-183
124,45,3960,1423,155,-276
124,45,3982,1383,353,353
124,45,4043,1397,0,421
124,81,3898,2589,444,0
124,81,3898,2589,500,0
124,81,3899,2590,361,0
124,81,3899,2592,360,26
124,81,3899,2593,340,0
124,81,3899,2596,361,0
124,81,3899,2597,340,0
124,81,3899,2600,340,0
124,81,3899,2604,340,0
124,81,3899,2607,340,0
124,81,3899,2608,340,0
124,81,3899,2612,340,0
124,81,3899,2634,340,0
124,81,3899,2635,340,0
124,81,3900,2586,357,80
124,81,3900,2589,366,0
124,81,3900,2589,500,0
124,81,3900,2596,340,0
124,81,3901,2590,366,0
124,81,3901,2596,366,0
124,81,3903,2596,366,0
124,81,3903,2615,366,0
124,81,3907,2652,392,0
124,81,3907,2652,500,0
124,81,3908,2655,393,-29
124,81,3909,2653,418,-21
124,81,3909,2653,418,-10
124,81,3909,2654,418,-21
124,81,3909,2655,469,-46
124,81,3910,2648,343,-359
124,81,3910,2652,418,0
124,81,3910,2654,445,-33
124,81,3910,2654,447,-23
124,81,3910,2664,457,-203
124,81,3911,2634,418,0
124,81,3911,2652,418,0
124,81,3911,2653,418,-10
124,81,3911,2664,401,-189
124,81,3913,2656,444,-10
124,81,3914,2667,416,-277
124,81,3914,2667,429,-257
124,81,3915,2638,361,-345
124,81,3915,2663,378,-104
124,81,3915,2669,353,-353
124,81,3916,2635,444,0
124,81,3921,2581,235,0
124,81,3921,2591,233,28
124,81,3925,2593,364,35
124,81,3927,2662,337,-290
124,81,3930,2595,340,7
124,81,3932,2656,262,-215
124,81,3936,2649,438,-235
124,81,3942,2659,266,-255
124,81,3945,2623,-94,-90
124,81,3950,2666,92,-411
124,81,3952,2659,399,-253
124,81,3952,2664,402,-296
124,81,3953,2650,67,386
124,81,3955,2640,27,-183
124,81,3955,2650,-228,128
124,81,3955,2650,-141,250
124,81,3956,2638,387,-77
124,81,3957,2646,-121,202
124,81,3957,2650,-337,149
124,81,3958,2637,65,170
124,81,3958,2637,101,152
124,81,3958,2644,-13,261
124,81,3959,2641,187,217
124,81,3959,2642,210,232
124,81,3959,2643,-21,286
124,81,3960,2637,65,170
124,81,3961,2638,21,181
124,81,3961,2640,-20,208
124,81,3961,2645,-21,286
124,81,3961,2649,-227,322
124,81,3962,2636,-138,74
124,81,3962,2638,260,260
124,81,3962,2638,266,255
124,81,3962,2655,332,-258
124,81,3963,2637,-116,173
124,81,3963,2642,-13,261
124,81,3963,2644,-41,340
124,81,3963,2646,-44,366
124,81,3963,2648,-41,337
124,81,3964,2640,-157,212
124,81,3964,2646,111,406
124,81,3964,2659,158,445
124,81,3964,2662,391,28
124,81,3965,2636,92,126
124,81,3965,2642,-201,209
124,81,3965,2657,303,248
124,81,3965,2665,283,-346
124,81,3966,2646,281,381
124,81,3967,2642,-108,282
124,81,3967,2643,-97,273
124,81,3968,2640,-23,237
124,81,3968,2643,239,377
124,81,3968,2655,271,246
124,81,3968,2656,234,317
124,81,3968,2664,323,309
124,81,3969,2636,-164,87
124,81,3969,2640,-26,263
124,81,3969,2640,-22,229
124,81,3969,2648,257,365
124,81,3970,2636,-187,100
124,81,3970,2643,110,268
124,81,3970,2644,28,289
124,81,3970,2647,233,350
124,81,3971,2638,-184,150
124,81,3971,2659,-298,-298
124,81,3973,2534,353,353
124,81,3973,2534,361,345
124,81,3975,2636,128,25
124,81,3976,2636,-162,86
124,81,3977,2640,73,223
124,81,3978,2640,-62,226
124,81,3980,2642,187,-146
124,81,3980,2643,178,-153
124,81,3982,2641,151,-144
124,81,3982,2642,175,-194
124,81,3984,2636,23,12
124,81,3984,2641,130,-230
124,81,3985,2636,28,43
124,81,3985,2642,279,-150
124,81,3988,2643,99,-121
124,81,3988,2644,-111,-208
124,81,3988,2645,0,-261
124,81,3988,2648,0,-264
124,81,3988,2649,16,-20
124,81,3988,2650,3,-26
124,81,3988,2662,0,-261
124,81,3988,2662,112,-177
124,81,3988,2668,0,-183
124,81,3990,2561,216,226
124,84,3895,2691,447,0
124,84,3895,2691,500,0
124,84,3896,2691,500,0
124,84,3897,2691,392,0
124,84,3898,2691,444,0
124,84,3898,2691,497,0
124,84,3899,2676,340,0
124,84,3899,2678,340,0
124,84,3899,2679,340,0
124,84,3899,2682,340,0
124,84,3899,2683,340,0
124,84,3899,2684,340,0
124,84,3899,2686,340,0
124,84,3899,2691,340,0
124,84,3899,2692,361,0
124,84,3900,2679,366,-18
124,84,3900,2691,473,0
124,84,3900,2691,500,0
124,84,3900,2692,361,0
124,84,3900,2692,392,0
124,84,3900,2693,366,-8
124,84,3900,2693,366,0
124,84,3901,2679,366,-18
124,84,3901,2693,366,0
124,84,3902,2682,354,88
124,84,3902,2689,366,8
124,84,3903,2667,366,0
124,84,3903,2671,417,223
124,84,3903,2686,362,54
124,84,3903,2723,500,0
124,84,3904,2670,359,215
124,84,3905,2671,364,205
124,84,3906,2668,392,0
124,84,3906,2670,359,215
124,84,3906,2748,500,0
124,84,3907,2659,392,0
124,84,3907,2748,500,0
124,84,3911,2654,351,351
124,84,3911,2657,418,0
124,84,3911,2669,358,343
124,84,3913,2656,444,-10
124,84,3914,2655,444,10
124,84,3915,2652,444,0
124,84,3916,2652,444,0
124,84,3916,2653,444,0
124,84,3916,2655,496,-60
124,84,3918,2653,471,-24
124,84,3918,2653,471,-11
124,84,3918,2654,471,-24
124,84,3918,2654,471,-11
124,84,3930,2652,500,0
124,84,3930,2739,381,-105
124,84,3931,2696,287,0
124,84,3933,2762,265,-360
124,84,3940,2678,104,0
124,84,3940,2679,104,0
124,84,3940,2689,104,0
124,84,3940,2690,130,0
124,84,3940,2735,159,0
124,84,3949,2758,114,-378
124,84,3953,2646,109,488
124,84,3953,2690,-176,-117
124,84,3953,2738,236,-119
124,84,3954,2728,-174,-116
124,84,3954,2743,-180,107
124,84,3955,2683,-86,-162
124,84,3956,2647,0,395
124,84,3956,2675,0,-130
124,84,3957,2672,74,-138
124,84,3957,2674,74,-138
124,84,3960,2670,250,-305
124,84,3962,2656,311,-242
124,84,3962,2670,258,-332
124,84,3962,2674,-144,-117
124,84,3964,2673,-132,-126
124,84,3965,2666,290,-374
124,84,3965,2674,-132,-126
124,84,3966,2649,266,325
124,84,3970,2663,241,-344
124,84,3974,2671,-23,-234
124,84,3975,2673,-202,-165
124,84,3976,2669,93,-244
124,84,3988,2659,0,157
124,84,3988,2660,0,26
124,84,3988,2665,111,235
124,84,3988,2668,0,104
124,84,3988,2673,156,19
124,86,3896,2749,500,0
124,86,3896,2756,500,0
124,86,3897,2757,500,-11
124,86,3904,2751,498,-48
124,86,3905,2728,402,296
124,86,3905,2772,500,0
124,86,3906,2729,402,296
124,86,3909,2711,351,351
124,86,3909,2725,358,343
124,86,3909,2725,368,333
124,86,3909,2726,358,343
124,86,3910,2722,343,358
124,86,3910,2725,358,343
124,86,3910,2732,345,361
124,86,3911,2710,358,343
124,86,3911,2711,358,343
124,86,3911,2712,358,343
124,86,3911,2713,358,343
124,86,3911,2714,358,343
124,86,3911,2715,358,343
124,86,3911,2716,358,343
124,86,3911,2717,358,343
124,86,3911,2718,358,343
124,86,3911,2719,358,343
124,86,3911,2721,358,343
124,86,3911,2722,358,343
124,86,3911,2723,358,343
124,86,3911,2724,358,343
124,86,3911,2725,351,351
124,86,3911,2725,358,343
124,86,3911,2725,361,345
124,86,3911,2726,358,343
124,86,3911,2729,353,353
124,86,3911,2733,353,353
124,86,3911,2739,345,361
124,86,3912,2756,498,-37
124,86,3913,2700,353,353
124,86,3913,2729,353,353
124,86,3913,2729,361,345
124,86,3914,2747,345,361
124,86,3915,2752,361,345
124,86,3915,2755,361,345
124,86,3915,2772,500,0
124,86,3920,2698,353,353
124,86,3921,2700,353,353
124,86,3922,2697,353,353
124,86,3924,2763,408,101
124,86,3925,2700,345,361
124,86,3926,2701,345,361
124,86,3927,2772,395,0
124,86,3933,2772,78,0
124,86,3934,2723,317,234
124,86,3934,2772,101,-25
124,86,3935,2742,273,285
124,86,3935,2772,49,-17
124,86,3937,2745,218,228
124,86,3937,2755,185,0
124,86,3938,2745,255,266
124,86,3938,2755,238,0
124,86,3939,2704,48,498
124,86,3939,2742,-87,437
124,86,3941,2699,192,432
124,86,3941,2704,181,408
124,86,3941,2705,181,408
124,86,3942,2742,-82,411
124,86,3942,2772,19,16
124,86,3943,2755,185,0
124,86,3944,2712,151,365
124,86,3944,2760,-23,237
124,86,3945,2708,121,484
124,86,3946,2707,139,424
124,86,3947,2714,132,371
124,86,3948,2732,-367,-36
124,86,3948,2732,-294,113
124,86,3948,2738,-165,202
124,86,3949,2772,23,12
124,86,3950,2736,-218,89
124,86,3950,2737,-218,89
124,86,3954,2738,-130,-12
124,86,3956,2689,0,500
124,86,3956,2694,0,500
124,86,3956,2714,0,104
124,86,3956,2738,0,-78
124,86,3956,2739,0,-262
124,86,3956,2739,46,-22
124,86,3958,2731,-25,-500
124,86,3958,2738,289,-183
124,86,3959,2731,-24,9
124,86,3960,2731,-52,-1
124,86,3960,2731,-26,0
124,86,3960,2731,0,0
124,86,3960,2735,155,-276
124,86,4064,2713,-258,332
124,114,3896,3676,500,0
124,114,3897,3651,500,0
124,114,3897,3652,500,0
124,114,3898,3652,500,0
124,114,3898,3680,500,0
124,114,3898,3684,500,0
124,114,3899,3659,340,0
124,114,3899,3682,500,0
124,114,3900,3673,498,37
124,114,3901,3676,500,0
124,114,3901,3682,500,11
124,114,3902,3652,369,0
124,114,3902,3674,500,11
124,114,3903,3675,500,0
124,114,3903,3684,500,0
124,114,3905,3659,500,0
124,114,3905,3701,416,-277
124,114,3905,3703,408,-287
124,114,3905,3704,408,-287
124,114,3905,3705,408,-287
124,114,3905,3706,408,-287
124,114,3908,3713,340,-325
124,114,3908,3714,340,-325
124,114,3908,3715,340,-325
124,114,3908,3716,340,-325
124,114,3908,3718,340,-325
124,114,3908,3724,340,-325
124,114,3909,3706,358,-344
124,114,3909,3706,368,-334
124,114,3909,3707,368,-334
124,114,3909,3708,351,-351
124,114,3909,3711,343,-359
124,114,3910,3610,386,316
124,114,3910,3613,345,361
124,114,3910,3613,353,353
124,114,3910,3614,353,353
124,114,3910,3653,498,-48
124,114,3910,3691,371,-335
124,114,3910,3697,353,-353
124,114,3910,3706,358,-344
124,114,3910,3706,368,-334
124,114,3910,3707,368,-334
124,114,3910,3708,343,-359
124,114,3910,3709,343,-359
124,114,3910,3710,343,-359
124,114,3910,3711,335,-371
124,114,3910,3711,343,-359
124,114,3910,3712,343,-359
124,114,3911,3606,345,361
124,114,3911,3607,353,353
124,114,3911,3701,361,-345
124,114,3911,3706,358,-344
124,114,3911,3708,343,-359
124,114,3911,3714,351,-351
124,114,3912,3653,498,-37
124,114,3912,3711,316,-386
124,114,3913,3611,378,326
124,114,3913,3703,361,-345
124,114,3913,3703,371,-335
124,114,3913,3709,345,-361
124,114,3914,3605,361,345
124,114,3914,3608,361,345
124,114,3914,3609,361,345
124,114,3914,3611,361,345
124,114,3914,3612,361,345
124,114,3914,3697,353,-353
124,114,3914,3700,361,-345
124,114,3914,3712,306,-394
124,114,3914,3717,361,-345
124,114,3915,3694,353,-353
124,114,3915,3705,335,-371
124,114,3915,3705,361,-345
124,114,3915,3706,361,-345
124,114,3915,3707,361,-345
124,114,3915,3708,361,-345
124,114,3915,3709,361,-345
124,114,3915,3710,361,-345
124,114,3915,3711,361,-345
124,114,3915,3712,361,-345
124,114,3915,3713,361,-345
124,114,3915,3714,361,-345
124,114,3915,3715,361,-345
124,114,3915,3716,361,-345
124,114,3915,3717,361,-345
124,114,3916,3652,496,-60
124,114,3916,3689,353,-353
124,114,3916,3704,335,-371
124,114,3916,3705,326,-378
124,114,3916,3706,326,-378
124,114,3917,3709,296,-402
124,114,3918,3672,445,43
124,114,3918,3675,447,0
124,114,3918,3692,345,-361
124,114,3918,3703,353,-353
124,114,3920,3706,287,-408
124,114,3922,3708,277,-416
124,114,3923,3668,183,0
124,114,3923,3674,421,0
124,114,3924,3668,209,0
124,114,3924,3669,209,0
124,114,3924,3697,372,-248
124,114,3925,3652,421,0
124,114,3925,3691,421,0
124,114,3928,3652,335,-371
124,114,3929,3663,181,21
124,114,3929,3695,345,-361
124,114,3929,3700,345,-361
124,114,3930,3659,185,0
124,114,3930,3730,224,-447
124,114,3931,3634,133,128
124,114,3931,3673,369,8
124,114,3931,3675,369,18
124,114,3933,3636,78,0
124,114,3933,3706,291,-304
124,114,3934,3675,316,0
124,114,3934,3675,369,18
124,114,3935,3623,237,247
124,114,3935,3678,234,-439
124,114,3936,3677,274,-319
124,114,3937,3658,260,19
124,114,3937,3674,212,-424
124,114,3937,3676,316,7
124,114,3938,3653,157,0
124,114,3938,3659,238,0
124,114,3938,3680,191,-462
124,114,3938,3682,151,-144
124,114,3939,3669,211,-395
124,114,3939,3670,212,-424
124,114,3939,3681,75,-107
124,114,3940,3675,192,-433
124,114,3940,3675,226,-323
124,114,3940,3680,179,-466
124,114,3940,3681,185,0
124,114,3940,3682,77,-74
124,114,3940,3685,226,-323
124,114,3941,3629,191,182
124,114,3941,3658,208,20
124,114,3941,3667,200,-400
124,114,3941,3732,203,-457
124,114,3942,3609,334,334
124,114,3942,3657,209,0
124,114,3942,3665,179,-380
124,114,3942,3671,179,-380
124,114,3942,3672,181,-438
124,114,3943,3671,160,-417
124,114,3943,3727,169,-442
124,114,3944,3666,161,-390
124,114,3944,3669,160,-417
124,114,3944,3677,156,-474
124,114,3944,3682,132,-482
124,114,3944,3751,121,-484
124,114,3945,3690,136,-453
124,114,3945,3718,125,-457
124,114,3945,3723,121,-484
124,114,3945,3747,121,-484
124,114,3945,3748,132,-482
124,114,3946,3617,168,298
124,114,3946,3701,114,-459
124,114,3946,3718,85,-383
124,114,3946,3718,121,-484
124,114,3946,3724,139,-425
124,114,3946,3748,121,-484
124,114,3947,3671,108,-433
124,114,3947,3673,108,-433
124,114,3947,3690,108,-433
124,114,3947,3694,108,-433
124,114,3947,3703,108,-433
124,114,3947,3707,108,-433
124,114,3947,3719,108,-433
124,114,3947,3722,131,-400
124,114,3947,3750,132,-482
124,114,3947,3752,121,-484
124,114,3948,3610,114,378
124,114,3948,3692,97,-490
124,114,3948,3704,85,-492
124,114,3948,3722,111,-407
124,114,3948,3752,121,-484
124,114,3949,3613,106,353
124,114,3949,3662,-416,-277
124,114,3949,3678,-416,-277
124,114,3949,3747,132,-482
124,114,3950,3671,-372,-248
124,114,3950,3682,-329,-219
124,114,3950,3750,167,-470
124,114,3951,3670,-372,-248
124,114,3951,3746,296,-402
124,114,3952,3706,70,-281
124,114,3953,3676,-176,-117
124,114,3954,3688,-174,-116
124,114,3954,3689,-130,-87
124,114,3955,3682,-111,-208
124,114,3956,3593,-5,238
124,114,3956,3602,0,261
124,114,3956,3606,30,312
124,114,3956,3692,74,138
124,114,3956,3692,236,441
124,114,3956,3693,74,138
124,114,3956,3693,152,101
124,114,3956,3693,236,441
124,114,3956,3694,0,0
124,114,3956,3694,152,101
124,114,3956,3694,236,441
124,114,3956,3695,152,101
124,114,3956,3696,0,0
124,114,3956,3697,0,0
124,114,3956,3697,12,23
124,114,3956,3700,0,0
124,114,3956,3701,0,0
124,114,3956,3704,24,-10
124,114,3956,3708,16,-20
124,114,3956,3723,191,-90
124,114,3956,3725,0,-447
124,114,3956,3742,0,-500
124,114,3956,3752,0,-500
124,114,3966,3590,-46,207
124,114,3970,3739,306,-394
124,114,3971,3736,361,-345
124,114,3988,3722,0,-414
124,114,3988,3749,0,-500
124,114,3989,3622,382,169
124,114,3994,3593,23,473
124,114,3996,3598,0,447
124,115,3896,3716,500,0
124,115,3896,3723,500,25
124,115,3898,3684,500,0
124,115,3898,3688,500,0
124,115,3898,3735,482,-132
124,115,3903,3675,500,0
124,115,3903,3736,500,0
124,115,3904,3737,392,0
124,115,3905,3744,457,-34
124,115,3906,3716,500,0
124,115,3906,3724,498,37
124,115,3906,3744,444,-33
124,115,3907,3740,500,0
124,115,3907,3742,392,0
124,115,3907,3742,414,-21
124,115,3907,3742,414,0
124,115,3907,3744,457,-34
124,115,3908,3737,418,0
124,115,3908,3738,418,0
124,115,3908,3741,500,0
124,115,3908,3742,418,-21
124,115,3908,3743,418,0
124,115,3908,3745,340,-325
124,115,3908,3746,340,-325
124,115,3908,3747,340,-325
124,115,3908,3748,340,-325
124,115,3908,3750,340,-325
124,115,3908,3751,340,-325
124,115,3908,3752,340,-325
124,115,3908,3753,340,-325
124,115,3908,3754,340,-325
124,115,3908,3755,340,-325
124,115,3908,3756,340,-325
124,115,3909,3741,500,0
124,115,3909,3742,416,-31
124,115,3909,3742,418,-21
124,115,3909,3742,418,0
124,115,3909,3742,438,-32
124,115,3909,3743,418,-21
124,115,3909,3743,418,0
124,115,3909,3744,470,-46
124,115,3909,3744,470,-35
124,115,3909,3748,492,-85
124,115,3909,3755,361,-345
124,115,3910,3740,418,0
124,115,3910,3742,418,-21
124,115,3910,3742,418,0
124,115,3910,3742,438,-32
124,115,3910,3743,418,-21
124,115,3910,3743,421,0
124,115,3910,3753,361,-345
124,115,3910,3756,343,-359
124,115,3910,3759,333,-369
124,115,3910,3759,343,-359
124,115,3911,3740,418,0
124,115,3911,3741,418,-10
124,115,3911,3742,418,0
124,115,3911,3742,440,0
124,115,3911,3743,351,-351
124,115,3911,3743,418,0
124,115,3911,3744,351,-351
124,115,3911,3744,418,0
124,115,3911,3744,470,-35
124,115,3911,3745,485,0
124,115,3911,3746,351,-351
124,115,3911,3747,351,-351
124,115,3911,3748,351,-351
124,115,3911,3749,351,-351
124,115,3911,3750,351,-351
124,115,3911,3752,351,-351
124,115,3912,3754,335,-371
124,115,3912,3757,391,-261
124,115,3913,3734,335,-371
124,115,3913,3741,497,0
124,115,3913,3743,444,-10
124,115,3913,3751,353,-353
124,115,3914,3743,444,0
124,115,3914,3744,444,-10
124,115,3914,3747,490,-97
124,115,3915,3720,361,-345
124,115,3915,3721,361,-345
124,115,3915,3722,361,-345
124,115,3915,3723,361,-345
124,115,3915,3724,361,-345
124,115,3915,3725,361,-345
124,115,3915,3726,361,-345
124,115,3915,3727,361,-345
124,115,3915,3728,361,-345
124,115,3915,3729,361,-345
124,115,3915,3730,361,-345
124,115,3915,3731,361,-345
124,115,3915,3732,361,-345
124,115,3915,3733,361,-345
124,115,3915,3734,361,-345
124,115,3915,3735,361,-345
124,115,3915,3736,361,-345
124,115,3915,3737,361,-345
124,115,3915,3738,361,-345
124,115,3915,3739,361,-345
124,115,3915,3740,361,-345
124,115,3915,3741,361,-345
124,115,3915,3743,361,-345
124,115,3915,3744,361,-345
124,115,3915,3745,361,-345
124,115,3915,3746,361,-345
124,115,3915,3747,361,-345
124,115,3915,3748,361,-345
124,115,3915,3749,361,-345
124,115,3915,3757,392,-305
124,115,3915,3758,361,-345
124,115,3915,3761,361,-345
124,115,3916,3748,444,0
124,115,3916,3749,444,0
124,115,3916,3751,335,-371
124,115,3916,3759,371,-335
124,115,3917,3740,494,74
124,115,3918,3684,447,0
124,115,3918,3720,353,-353
124,115,3918,3758,353,-353
124,115,3918,3759,353,-353
124,115,3918,3760,353,-353
124,115,3918,3761,353,-353
124,115,3919,3731,464,-92
124,115,3920,3751,471,0
124,115,3921,3652,500,0
124,115,3922,3716,447,0
124,115,3922,3760,361,-345
124,115,3922,3762,361,-345
124,115,3924,3734,424,-140
124,115,3925,3724,261,0
124,115,3925,3741,500,0
124,115,3925,3752,497,0
124,115,3925,3753,497,0
124,115,3925,3754,497,0
124,115,3927,3675,395,0
124,115,3930,3755,500,0
124,115,3930,3756,500,0
124,115,3931,3665,277,416
124,115,3931,3734,368,-142
124,115,3933,3733,341,-141
124,115,3935,3671,277,416
124,115,3935,3757,500,0
124,115,3936,3652,500,0
124,115,3936,3682,191,90
124,115,3936,3757,335,-371
124,115,3937,3729,328,-99
124,115,3937,3732,341,-141
124,115,3938,3682,167,78
124,115,3938,3727,175,-194
124,115,3938,3743,230,-254
124,115,3940,3700,169,-162
124,115,3940,3716,24,9
124,115,3940,3756,361,-345
124,115,3941,3762,179,-466
124,115,3942,3651,181,438
124,115,3942,3663,181,438
124,115,3943,3736,-48,392
124,115,3945,3760,136,-453
124,115,3946,3668,109,488
124,115,3946,3681,139,424
124,115,3946,3727,-328,135
124,115,3946,3754,141,-396
124,115,3947,3675,141,368
124,115,3947,3711,406,-112
124,115,3948,3652,101,408
124,115,3948,3737,308,69
124,115,3948,3747,297,-298
124,115,3949,3748,114,-378
124,115,3950,3677,81,466
124,115,3951,3636,500,0
124,115,3951,3712,385,86
124,115,3953,3726,-158,136
124,115,3954,3718,122,204
124,115,3954,3724,165,-78
124,115,3955,3730,279,-241
124,115,3955,3782,11,-500
124,115,3956,3724,-234,-23
124,115,3956,3727,396,-141
124,115,3956,3732,-136,226
124,115,3956,3734,24,-10
124,115,3956,3735,16,-20
124,115,3956,3737,0,-78
124,115,3957,3724,229,63
124,115,3957,3729,360,265
124,115,3958,3724,263,-19
124,115,3958,3725,65,170
124,115,3958,3732,25,2
124,115,3959,3725,161,132
124,115,3959,3732,-130,0
124,115,3959,3732,-125,44
124,115,3959,3732,0,0
124,115,3960,3724,226,136
124,115,3960,3727,403,121
124,115,3960,3732,-26,0
124,115,3960,3732,-23,-12
124,115,3960,3732,-23,12
124,115,3960,3732,-14,21
124,115,3960,3732,0,0
124,115,3961,3732,-26,0
124,115,3961,3732,-23,-12
124,115,3961,3732,0,0
124,115,3962,3725,113,108
124,115,3962,3726,146,153
124,115,3962,3726,149,249
124,115,3962,3726,242,242
124,115,3962,3732,-307,153
124,115,3962,3732,-46,62
124,115,3962,3732,-45,64
124,115,3962,3732,-23,-12
124,115,3963,3729,128,289
124,115,3963,3732,-121,173
124,115,3963,3732,-45,25
124,115,3963,3732,-26,0
124,115,3963,3732,-23,-12
124,115,3963,3732,-22,-13
124,115,3963,3732,306,394
124,115,3964,3732,-26,1
124,115,3964,3732,-25,500
124,115,3964,3732,-11,77
124,115,3964,3732,-7,51
124,115,3964,3732,0,0
124,115,3964,3732,25,-5
124,115,3964,3740,173,-116
124,115,3965,3730,-39,261
124,115,3968,3732,-15,76
124,115,3969,3728,-26,263
124,115,3970,3726,15,156
124,115,3979,3725,25,-128
124,115,3988,3752,0,-395
124,115,3988,3764,0,-500
124,115,3997,3755,-76,-253
124,115,4052,3652,-108,433
124,117,3896,3741,500,0
124,117,3896,3745,405,-30
124,117,3896,3782,500,0
124,117,3896,3787,500,0
124,117,3897,3745,405,-30
124,117,3897,3746,417,-31
124,117,3897,3787,421,0
124,117,3898,3741,500,0
124,117,3898,3744,361,-18
124,117,3898,3745,407,-20
124,117,3899,3740,340,0
124,117,3899,3742,340,0
124,117,3899,3742,361,0
124,117,3899,3743,340,0
124,117,3899,3744,340,0
124,117,3899,3745,340,0
124,117,3899,3746,340,0
124,117,3899,3747,340,0
124,117,3899,3748,340,0
124,117,3899,3749,340,0
124,117,3899,3750,340,0
124,117,3899,3751,340,0
124,117,3899,3752,340,0
124,117,3899,3753,340,0
124,117,3899,3754,340,0
124,117,3899,3755,340,0
124,117,3899,3756,340,0
124,117,3899,3757,340,0
124,117,3899,3758,340,0
124,117,3899,3759,340,0
124,117,3899,3760,340,0
124,117,3899,3761,340,0
124,117,3899,3762,340,0
124,117,3899,3763,340,0
124,117,3899,3764,340,0
124,117,3899,3765,340,0
124,117,3899,3766,340,0
124,117,3899,3767,340,0
124,117,3899,3768,340,0
124,117,3899,3769,340,0
124,117,3899,3770,340,0
124,117,3899,3771,340,0
124,117,3899,3772,340,0
124,117,3899,3773,340,0
124,117,3899,3774,340,0
124,117,3899,3775,340,0
124,117,3899,3776,340,0
124,117,3899,3777,340,0
124,117,3899,3778,340,0
124,117,3899,3779,340,0
124,117,3899,3780,340,0
124,117,3899,3780,361,0
124,117,3899,3781,340,0
124,117,3899,3782,340,0
124,117,3899,3783,340,0
124,117,3899,3784,340,0
124,117,3899,3785,340,0
124,117,3899,3786,340,0
124,117,3899,3787,340,0
124,117,3899,3787,369,0
124,117,3900,3738,366,18
124,117,3900,3741,366,0
124,117,3900,3742,366,0
124,117,3900,3743,366,-8
124,117,3900,3789,366,0
124,117,3900,3790,366,0
124,117,3901,3730,478,144
124,117,3901,3741,366,0
124,117,3901,3742,366,-8
124,117,3901,3742,366,0
124,117,3901,3743,366,0
124,117,3901,3744,366,0
124,117,3901,3790,366,0
124,117,3902,3780,369,0
124,117,3903,3741,366,0
124,117,3903,3741,418,0
124,117,3903,3741,444,0
124,117,3903,3742,366,-8
124,117,3903,3743,364,-27
124,117,3903,3759,366,0
124,117,3903,3781,366,0
124,117,3904,3790,392,0
124,117,3905,3741,500,0
124,117,3905,3742,392,0
124,117,3905,3790,392,0
124,117,3907,3739,496,60
124,117,3907,3760,392,0
124,117,3907,3780,414,0
124,117,3907,3803,392,0
124,117,3907,3805,392,0
124,117,3908,3787,421,0
124,117,3908,3812,353,-353
124,117,3909,3719,371,335
124,117,3910,3795,361,-345
124,117,3910,3799,361,-345
124,117,3910,3800,343,-359
124,117,3910,3809,351,-351
124,117,3911,3781,418,0
124,117,3911,3786,418,0
124,117,3911,3806,418,0
124,117,3911,3807,418,0
124,117,3915,3741,492,85
124,117,3915,3741,500,0
124,117,3915,3790,361,-345
124,117,3915,3792,361,-345
124,117,3915,3794,361,-345
124,117,3915,3797,361,-345
124,117,3915,3798,361,-345
124,117,3915,3805,353,-353
124,117,3915,3805,361,-345
124,117,3915,3807,335,-371
124,117,3916,3776,444,0
124,117,3916,3777,444,0
124,117,3916,3778,444,0
124,117,3916,3779,444,0
124,117,3916,3780,444,0
124,117,3916,3781,444,0
124,117,3916,3782,444,0
124,117,3916,3783,444,0
124,117,3916,3784,444,0
124,117,3916,3785,444,0
124,117,3916,3786,444,0
124,117,3916,3787,444,0
124,117,3916,3791,500,-11
124,117,3918,3741,447,0
124,117,3918,3741,473,0
124,117,3925,3777,444,0
124,117,3925,3787,444,0
124,117,3925,3789,345,361
124,117,3927,3741,395,0
124,117,3928,3741,395,0
124,117,3929,3718,376,189
124,117,3929,3781,418,0
124,117,3929,3786,418,0
124,117,3929,3787,418,0
124,117,3930,3819,500,0
124,117,3932,3741,369,0
124,117,3937,3744,197,0
124,117,3938,3791,-57,173
124,117,3939,3742,130,0
124,117,3939,3742,157,0
124,117,3939,3743,130,0
124,117,3939,3759,75,-107
124,117,3939,3779,113,-108
124,117,3940,3742,104,0
124,117,3940,3742,130,0
124,117,3940,3743,104,0
124,117,3940,3767,75,-72
124,117,3941,3742,78,0
124,117,3941,3743,52,0
124,117,3941,3822,181,-438
124,117,3942,3749,185,0
124,117,3944,3705,167,356
124,117,3944,3794,-224,274
124,117,3946,3742,92,-2
124,117,3947,3826,86,-386
124,117,3948,3701,-392,-38
124,117,3949,3682,167,470
124,117,3950,3788,-258,38
124,117,3951,3713,-350,-233
124,117,3953,3782,230,123
124,117,3953,3787,184,98
124,117,3954,3785,-130,-87
124,117,3954,3786,-130,-87
124,117,3955,3784,159,239
124,117,3955,3788,-157,3
124,117,3955,3788,-121,99
124,117,3956,3724,0,104
124,117,3956,3730,0,-209
124,117,3956,3731,0,-130
124,117,3956,3731,45,-25
124,117,3956,3788,138,-119
124,117,3956,3796,219,-189
124,117,3956,3800,16,-20
124,117,3957,3723,-13,-178
124,117,3957,3726,111,-208
124,117,3957,3728,74,-138
124,117,3957,3729,74,-138
124,117,3957,3730,0,-78
124,117,3957,3730,74,-138
124,117,3957,3731,24,-46
124,117,3957,3790,-5,235
124,117,3958,3725,152,-101
124,117,3958,3727,152,-101
124,117,3958,3789,101,152
124,117,3958,3789,116,173
124,117,3958,3793,-12,235
124,117,3958,3795,-14,287
124,117,3958,3816,12,-130
124,117,3959,3726,152,-101
124,117,3959,3727,152,-101
124,117,3959,3728,152,-101
124,117,3959,3789,61,172
124,117,3960,3793,262,394
124,117,3960,3796,-23,12
124,117,3960,3796,-14,21
124,117,3960,3796,0,0
124,117,3961,3790,57,173
124,117,3962,3724,125,37
124,117,3962,3796,121,484
124,117,3963,3723,-46,-63
124,117,3963,3723,-26,1
124,117,3963,3788,108,113
124,117,3963,3790,57,173
124,117,3967,3723,-21,14
124,117,3980,3723,25,5
124,117,3980,3724,-105,-149
124,117,3981,3724,-41,-205
124,117,3983,3723,-8,-157
124,117,3983,3723,0,0
124,117,3985,3723,-25,-5
124,117,3986,3728,83,132
124,117,3988,3791,51,5
124,119,3895,3819,447,0
124,119,3896,3843,500,0
124,119,3897,3843,500,0
124,119,3897,3846,500,-25
124,119,3898,3813,500,0
124,119,3898,3819,500,0
124,119,3898,3832,500,0
124,119,3898,3843,500,0
124,119,3899,3796,340,0
124,119,3899,3797,340,0
124,119,3899,3798,340,0
124,119,3899,3799,340,0
124,119,3899,3800,340,0
124,119,3899,3801,340,0
124,119,3899,3802,340,0
124,119,3899,3803,340,0
124,119,3899,3804,340,0
124,119,3899,3805,340,0
124,119,3899,3806,340,0
124,119,3899,3807,340,0
124,119,3899,3808,340,0
124,119,3899,3809,340,0
124,119,3899,3810,340,0
124,119,3899,3811,340,0
124,119,3899,3812,340,0
124,119,3899,3813,340,0
124,119,3899,3814,340,0
124,119,3899,3815,340,0
124,119,3899,3816,340,0
124,119,3899,3817,340,0
124,119,3899,3818,340,0
124,119,3899,3819,340,0
124,119,3899,3820,340,0
124,119,3899,3821,340,0
124,119,3899,3822,340,0
124,119,3899,3823,340,0
124,119,3899,3824,340,0
124,119,3899,3825,340,0
124,119,3899,3826,340,0
124,119,3899,3827,340,0
124,119,3899,3828,340,0
124,119,3899,3829,340,0
124,119,3899,3830,340,0
124,119,3899,3831,340,0
124,119,3899,3832,340,0
124,119,3899,3833,340,0
124,119,3899,3834,340,0
124,119,3899,3835,340,0
124,119,3899,3836,340,0
124,119,3899,3837,340,0
124,119,3899,3838,340,0
124,119,3899,3839,340,0
124,119,3899,3840,338,25
124,119,3899,3841,340,0
124,119,3899,3842,340,0
124,119,3899,3842,340,7
124,119,3899,3843,340,0
124,119,3899,3844,361,0
124,119,3899,3846,366,-18
124,119,3899,3855,482,-132
124,119,3900,3838,366,-8
124,119,3900,3840,498,-48
124,119,3900,3845,366,-8
124,119,3900,3845,366,0
124,119,3901,3839,366,-18
124,119,3902,3841,366,8
124,119,3902,3845,498,-37
124,119,3903,3783,366,0
124,119,3903,3787,366,0
124,119,3903,3787,500,0
124,119,3903,3788,366,0
124,119,3903,3811,366,0
124,119,3903,3813,366,0
124,119,3903,3815,366,0
124,119,3903,3816,366,0
124,119,3903,3819,366,0
124,119,3903,3830,366,0
124,119,3903,3836,366,0
124,119,3903,3840,364,-35
124,119,3903,3843,500,0
124,119,3904,3789,392,-20
124,119,3904,3789,392,-9
124,119,3904,3790,392,0
124,119,3904,3845,392,0
124,119,3904,3854,482,-132
124,119,3905,3789,392,-20
124,119,3905,3789,392,-9
124,119,3906,3841,392,8
124,119,3906,3843,500,0
124,119,3907,3778,392,0
124,119,3907,3779,392,0
124,119,3907,3844,414,0
124,119,3908,3780,414,0
124,119,3908,3845,418,-21
124,119,3910,3774,345,361
124,119,3910,3774,358,343
124,119,3910,3774,361,345
124,119,3910,3776,351,351
124,119,3910,3780,444,0
124,119,3911,3775,345,361
124,119,3911,3775,353,353
124,119,3911,3775,361,345
124,119,3911,3775,418,0
124,119,3911,3776,361,345
124,119,3911,3777,418,0
124,119,3911,3780,418,0
124,119,3913,3844,466,0
124,119,3915,3841,392,0
124,119,3915,3843,444,0
124,119,3916,3771,444,0
124,119,3916,3841,444,0
124,119,3916,3842,444,0
124,119,3916,3843,444,0
124,119,3916,3843,444,10
124,119,3917,3843,447,0
124,119,3920,3769,471,0
124,119,3921,3844,444,0
124,119,3922,3841,392,0
124,119,3922,3844,447,0
124,119,3925,3844,418,0
124,119,3926,3790,255,266
124,119,3927,3844,395,0
124,119,3929,3781,371,198
124,119,3930,3844,380,0
124,119,3931,3795,218,228
124,119,3931,3827,335,-50
124,119,3932,3818,310,-62
124,119,3932,3843,369,0
124,119,3935,3768,500,0
124,119,3936,3807,234,17
124,119,3936,3811,234,17
124,119,3936,3815,234,17
124,119,3937,3803,171,164
124,119,3939,3841,130,0
124,119,3940,3806,104,0
124,119,3940,3830,104,0
124,119,3941,3802,104,23
124,119,3944,3767,417,223
124,119,3944,3789,-446,43
124,119,3947,3768,-366,-35
124,119,3948,3777,-340,-33
124,119,3949,3790,-198,-242
124,119,3950,3765,92,411
124,119,3951,3857,51,229
124,119,3952,3772,-261,-174
124,119,3952,3791,-217,-265
124,119,3952,3845,-261,-174
124,119,3953,3789,134,285
124,119,3953,3846,-174,-116
124,119,3953,3847,-174,-116
124,119,3954,3784,-177,-112
124,119,3955,3785,-180,-108
124,119,3955,3822,-86,-162
124,119,3956,3735,0,500
124,119,3956,3778,0,26
124,119,3956,3784,6,25
124,119,3956,3785,23,10
124,119,3956,3786,24,9
124,119,3956,3794,0,-262
124,119,3956,3794,0,-78
124,119,3956,3795,-1,-52
124,119,3956,3795,0,-130
124,119,3956,3795,44,-27
124,119,3956,3795,46,-25
124,119,3956,3795,46,-22
124,119,3956,3795,179,-49
124,119,3956,3852,74,138
124,119,3956,3852,135,253
124,119,3956,3852,173,323
124,119,3956,3853,74,138
124,119,3956,3855,0,0
124,119,3956,3855,43,28
124,119,3956,3855,152,101
124,119,3956,3856,0,0
124,119,3956,3858,12,23
124,119,3956,3859,12,23
124,119,3956,3859,21,14
124,119,3956,3859,43,28
124,119,3956,3861,25,2
124,119,3956,3862,25,2
124,119,3956,3863,25,2
124,119,3957,3787,97,-353
124,119,3957,3788,-12,-235
124,119,3957,3792,74,-138
124,119,3957,3793,61,-115
124,119,3957,3793,74,-138
124,119,3957,3794,74,-138
124,119,3957,3795,25,-262
124,119,3957,3795,94,-50
124,119,3958,3787,-14,-289
124,119,3958,3787,60,-496
124,119,3958,3787,173,-93
124,119,3958,3788,-100,-35
124,119,3958,3791,152,-101
124,119,3958,3795,-2,-52
124,119,3959,3788,-100,-243
124,119,3959,3789,152,-101
124,119,3959,3790,152,-101
124,119,3959,3791,152,-101
124,119,3959,3794,371,-199
124,119,3959,3795,5,-25
124,119,3960,3787,-117,-58
124,119,3960,3787,-37,-498
124,119,3960,3787,-26,0
124,119,3960,3787,0,0
124,119,3960,3789,208,-20
124,119,3960,3791,175,-263
124,119,3960,3795,23,-12
124,119,3961,3789,28,-289
124,119,3961,3790,28,-289
124,119,3961,3795,271,-104
124,119,3962,3787,226,68
124,119,3962,3788,-25,-5
124,119,3962,3788,0,0
124,119,3962,3788,43,-446
124,119,3962,3788,225,67
124,119,3963,3791,181,-258
124,119,3963,3793,400,-201
124,119,3963,3794,348,-187
124,119,3964,3794,-174,116
124,119,3965,3787,-130,0
124,119,3965,3787,300,-332
124,119,3965,3788,43,-446
124,119,3966,3789,271,-387
124,119,3975,3794,101,-152
124,119,3981,3787,-41,-205
124,119,3981,3787,52,-175
124,119,3982,3788,74,-332
124,119,3983,3787,-71,-359
124,119,3983,3788,74,-332
124,119,3988,3787,0,0
124,119,3988,3788,0,26
124,119,3988,3791,24,-248
124,119,3988,3795,115,-62
124,120,3896,3843,500,0
124,120,3897,3843,366,0
124,120,3897,3846,393,-9
124,120,3897,3846,500,-25
124,120,3897,3855,482,-132
124,120,3898,3831,500,0
124,120,3898,3876,500,0
124,120,3899,3828,340,0
124,120,3899,3829,340,0
124,120,3899,3830,340,0
124,120,3899,3831,340,0
124,120,3899,3832,340,0
124,120,3899,3833,340,0
124,120,3899,3834,340,0
124,120,3899,3835,340,0
124,120,3899,3836,340,0
124,120,3899,3837,340,0
124,120,3899,3838,335,50
124,120,3899,3838,337,41
124,120,3899,3838,340,0
124,120,3899,3839,337,41
124,120,3899,3839,340,0
124,120,3899,3840,338,25
124,120,3899,3840,338,33
124,120,3899,3840,340,0
124,120,3899,3841,340,0
124,120,3899,3841,340,7
124,120,3899,3841,340,17
124,120,3899,3842,340,0
124,120,3899,3842,340,7
124,120,3899,3843,340,0
124,120,3899,3843,366,0
124,120,3899,3844,361,0
124,120,3899,3845,366,-18
124,120,3899,3846,366,-18
124,120,3899,3855,474,-156
124,120,3899,3855,482,-132
124,120,3900,3838,366,-8
124,120,3900,3838,366,0
124,120,3900,3843,340,0
124,120,3900,3845,366,-8
124,120,3900,3845,366,0
124,120,3901,3828,341,131
124,120,3901,3841,366,18
124,120,3902,3834,354,88
124,120,3902,3834,357,80
124,120,3902,3836,358,71
124,120,3902,3836,360,62
124,120,3902,3841,366,8
124,120,3902,3842,366,0
124,120,3902,3842,366,8
124,120,3902,3854,478,-144
124,120,3903,3832,366,0
124,120,3903,3836,366,0
124,120,3903,3837,360,62
124,120,3903,3838,362,54
124,120,3903,3843,366,0
124,120,3903,3844,387,0
124,120,3905,3819,341,240
124,120,3905,3841,392,19
124,120,3906,3845,337,290
124,120,3907,3818,350,272
124,120,3907,3819,357,264
124,120,3907,3819,392,0
124,120,3907,3841,332,332
124,120,3907,3842,332,332
124,120,3907,3843,332,332
124,120,3907,3844,332,332
124,120,3907,3846,332,332
124,120,3907,3850,332,332
124,120,3908,3813,340,325
124,120,3908,3816,364,298
124,120,3909,3814,349,316
124,120,3909,3816,356,307
124,120,3909,3822,351,351
124,120,3909,3848,356,307
124,120,3911,3806,358,343
124,120,3911,3811,358,343
124,120,3911,3814,358,343
124,120,3911,3819,418,0
124,120,3911,3821,358,343
124,120,3911,3831,358,343
124,120,3911,3832,358,343
124,120,3911,3833,358,343
124,120,3911,3834,358,343
124,120,3911,3835,358,343
124,120,3911,3836,358,343
124,120,3911,3837,358,343
124,120,3911,3838,358,343
124,120,3911,3839,358,343
124,120,3911,3840,358,343
124,120,3911,3841,358,343
124,120,3911,3842,358,343
124,120,3911,3844,358,343
124,120,3911,3845,358,343
124,120,3911,3846,358,343
124,120,3911,3847,358,343
124,120,3911,3849,358,343
124,120,3911,3852,358,343
124,120,3911,3853,358,343
124,120,3912,3876,473,0
124,120,3913,3844,466,0
124,120,3913,3851,376,324
124,120,3914,3809,444,-10
124,120,3915,3835,353,353
124,120,3915,3844,353,353
124,120,3915,3845,353,353
124,120,3915,3854,353,353
124,120,3916,3819,444,0
124,120,3918,3841,353,353
124,120,3919,3809,471,-11
124,120,3922,3844,447,0
124,120,3923,3819,500,0
124,120,3924,3809,497,-11
124,120,3925,3843,421,0
124,120,3927,3843,395,0
124,120,3927,3844,395,0
124,120,3927,3860,395,0
124,120,3929,3793,345,361
124,120,3931,3844,369,0
124,120,3932,3860,369,0
124,120,3934,3860,342,0
124,120,3935,3807,500,0
124,120,3935,3825,500,0
124,120,3935,3848,261,0
124,120,3936,3819,-97,490
124,120,3936,3847,234,17
124,120,3936,3931,335,-371
124,120,3937,3844,230,0
124,120,3939,3830,130,0
124,120,3939,3841,130,0
124,120,3939,3928,326,-378
124,120,3940,3830,104,0
124,120,3940,3838,104,0
124,120,3940,3841,104,0
124,120,3942,3805,104,0
124,120,3942,3829,156,474
124,120,3942,3834,156,474
124,120,3944,3802,136,453
124,120,3944,3847,139,424
124,120,3944,3847,150,421
124,120,3945,3796,121,484
124,120,3945,3817,-364,150
124,120,3945,3821,-364,150
124,120,3945,3823,-364,150
124,120,3945,3837,139,424
124,120,3945,3840,125,454
124,120,3945,3890,159,0
124,120,3946,3837,102,459
124,120,3946,3838,91,408
124,120,3947,3808,277,416
124,120,3947,3825,277,416
124,120,3948,3811,85,492
124,120,3948,3820,53,308
124,120,3948,3820,85,492
124,120,3948,3834,53,308
124,120,3948,3835,58,334
124,120,3948,3836,58,334
124,120,3948,3837,58,334
124,120,3948,3837,101,408
124,120,3948,3838,62,360
124,120,3948,3848,107,430
124,120,3949,3809,-339,-33
124,120,3949,3838,62,360
124,120,3950,3841,50,335
124,120,3950,3842,81,466
124,120,3952,3806,210,112
124,120,3952,3817,-284,-189
124,120,3952,3818,-284,-189
124,120,3952,3818,-261,-174
124,120,3952,3821,-208,-20
124,120,3953,3822,-239,-159
124,120,3954,3821,-152,-101
124,120,3954,3822,-152,-101
124,120,3954,3823,-152,-101
124,120,3954,3824,-152,-101
124,120,3955,3818,-149,-278
124,120,3955,3827,-130,-87
124,120,3956,3821,0,-235
124,120,3956,3823,-74,-138
124,120,3956,3824,-74,-138
124,120,3956,3824,0,-209
124,120,3956,3824,0,-130
124,120,3956,3824,25,-262
124,120,3956,3825,0,-104
124,120,3956,3825,12,-130
124,120,3956,3825,86,-130
124,120,3956,3826,0,-209
124,120,3956,3826,0,-104
124,120,3956,3826,25,-262
124,120,3956,3826,131,-197
124,120,3956,3827,25,-262
124,122,3896,3944,500,0
124,122,3897,3900,500,0
124,122,3897,3921,500,0
124,122,3898,3940,500,0
124,122,3898,3944,500,0
124,122,3899,3908,500,0
124,122,3903,3881,416,277
124,122,3903,3940,500,0
124,122,3903,3944,500,0
124,122,3903,3959,500,0
124,122,3905,3876,500,0
124,122,3905,3880,402,296
124,122,3905,3882,408,287
124,122,3906,3881,402,296
124,122,3908,3859,332,332
124,122,3908,3863,425,200
124,122,3908,3863,430,191
124,122,3908,3876,500,0
124,122,3908,3878,386,316
124,122,3909,3861,401,189
124,122,3909,3863,425,200
124,122,3909,3873,361,345
124,122,3909,3877,358,343
124,122,3909,3877,368,333
124,122,3909,3953,353,-353
124,122,3910,3858,387,218
124,122,3910,3859,392,210
124,122,3910,3863,358,343
124,122,3910,3871,358,343
124,122,3910,3871,371,335
124,122,3910,3872,351,351
124,122,3910,3873,335,371
124,122,3910,3874,343,358
124,122,3910,3875,343,358
124,122,3910,3877,358,343
124,122,3910,3889,345,361
124,122,3911,3854,351,351
124,122,3911,3856,416,277
124,122,3911,3859,387,218
124,122,3911,3861,392,210
124,122,3911,3861,397,199
124,122,3911,3862,358,343
124,122,3911,3863,358,343
124,122,3911,3864,358,343
124,122,3911,3865,358,343
124,122,3911,3866,358,343
124,122,3911,3867,358,343
124,122,3911,3868,358,343
124,122,3911,3869,358,343
124,122,3911,3870,358,343
124,122,3911,3871,358,343
124,122,3911,3873,358,343
124,122,3911,3874,358,343
124,122,3911,3875,343,358
124,122,3911,3875,358,343
124,122,3911,3876,343,358
124,122,3911,3877,358,343
124,122,3911,3878,358,343
124,122,3911,3885,353,353
124,122,3912,3854,378,279
124,122,3912,3861,423,212
124,122,3912,3865,454,201
124,122,3912,3865,466,179
124,122,3912,3881,353,353
124,122,3912,3888,361,345
124,122,3913,3865,454,201
124,122,3913,3913,473,0
124,122,3914,3857,405,285
124,122,3914,3926,500,0
124,122,3915,3857,353,353
124,122,3915,3857,361,345
124,122,3915,3857,400,294
124,122,3915,3907,361,345
124,122,3916,3851,361,345
124,122,3917,3854,371,335
124,122,3917,3880,479,132
124,122,3918,3878,306,394
124,122,3918,3909,457,125
124,122,3918,3972,500,0
124,122,3919,3874,339,140
124,122,3921,3849,345,361
124,122,3922,3852,353,353
124,122,3923,3882,431,118
124,122,3924,3977,500,0
124,122,3925,3853,345,361
124,122,3925,3854,361,345
124,122,3925,3865,339,291
124,122,3925,3913,421,0
124,122,3925,3976,500,0
124,122,3925,3977,500,0
124,122,3926,3865,339,291
124,122,3927,3875,364,205
124,122,3927,3910,395,0
124,122,3927,3940,395,0
124,122,3928,3977,309,-323
124,122,3929,3851,345,361
124,122,3929,3854,345,361
124,122,3929,3858,492,85
124,122,3931,3961,346,-185
124,122,3932,3854,345,361
124,122,3932,3878,344,194
124,122,3933,3868,500,0
124,122,3933,3877,337,202
124,122,3933,3907,78,0
124,122,3933,3912,78,0
124,122,3934,3872,293,265
124,122,3935,3894,273,285
124,122,3935,3898,204,237
124,122,3935,3898,213,223
124,122,3936,3855,361,345
124,122,3936,3909,417,223
124,122,3937,3875,285,233
124,122,3937,3901,177,196
124,122,3938,3897,255,266
124,122,3938,3901,245,235
124,122,3939,3902,169,162
124,122,3939,3903,150,174
124,122,3939,3903,153,178
124,122,3940,3877,-233,285
124,122,3940,3903,153,178
124,122,3940,3903,166,159
124,122,3940,3903,171,164
124,122,3940,3907,169,162
124,122,3941,3857,181,438
124,122,3941,3909,115,141
124,122,3941,3966,226,-291
124,122,3943,3860,181,408
124,122,3943,3987,148,-450
124,122,3944,3889,-316,-386
124,122,3945,3863,161,389
124,122,3945,3976,151,-393
124,122,3946,3868,-333,137
124,122,3947,3836,121,484
124,122,3947,3838,121,484
124,122,3947,3876,-273,112
124,122,3947,3973,141,-369
124,122,3948,3838,121,484
124,122,3948,3838,132,482
124,122,3948,3839,121,484
124,122,3948,3868,-333,-32
124,122,3948,3868,123,347
124,122,3948,3887,-198,-242
124,122,3948,3988,92,-464
124,122,3949,3841,121,484
124,122,3949,3868,106,353
124,122,3949,3887,-183,-223
124,122,3949,3890,-255,-105
124,122,3950,3888,-183,-225
124,122,3951,3839,66,439
124,122,3952,3866,132,482
124,122,3952,3872,-283,-189
124,122,3952,3887,-149,-182
124,122,3955,3834,33,445
124,122,3955,3882,-137,-77
124,122,3956,3857,0,261
124,122,3956,3858,0,447
124,122,3956,3868,0,369
124,122,3956,3871,0,78
124,122,3956,3878,-19,-255
124,122,3956,3879,0,26
124,122,3956,3889,406,111
124,122,3956,3891,46,-25
124,122,3956,3891,46,-22
124,122,3956,3891,50,-11
124,122,3957,3885,-5,-235
124,122,3957,3886,101,82
124,122,3957,3888,74,-138
124,122,3957,3890,74,-138
124,122,3957,3891,24,-46
124,122,3957,3891,96,-46
124,122,3958,3883,-400,200
124,122,3958,3883,-130,0
124,122,3958,3883,-42,-66
124,122,3958,3883,-26,0
124,122,3958,3883,0,0
124,122,3958,3883,182,-91
124,122,3958,3887,-10,-209
124,122,3958,3889,148,-278
124,122,3958,3889,182,35
124,122,3958,3890,289,-183
124,122,3958,3891,0,-52
124,122,3958,3891,120,-57
124,122,3958,3891,126,-34
124,122,3958,3891,207,-367
124,122,3958,3891,364,54
124,122,3959,3883,-132,-75
124,122,3959,3883,-24,9
124,122,3959,3883,-23,11
124,122,3959,3883,126,34
124,122,3959,3883,182,-17
124,122,3959,3884,-23,-12
124,122,3959,3884,0,238
124,122,3959,3885,152,-101
124,122,3959,3886,152,-101
124,122,3959,3887,152,-101
124,122,3959,3890,371,-199
124,122,3959,3891,5,-25
124,122,3960,3883,-130,0
124,122,3960,3883,-26,0
124,122,3960,3883,-23,11
124,122,3960,3883,-23,12
124,122,3960,3883,0,0
124,122,3960,3883,378,-326
124,122,3960,3884,-119,-236
124,122,3960,3884,-23,-12
124,122,3960,3885,208,-20
124,122,3960,3887,155,-276
124,122,3961,3883,-130,-9
124,122,3961,3883,0,0
124,122,3961,3884,10,-447
124,122,3961,3887,190,-285
124,122,3961,3891,292,-121
124,122,3962,3883,-26,0
124,122,3962,3883,-23,12
124,122,3962,3883,0,0
124,122,3962,3884,-25,-5
124,122,3962,3884,0,0
124,122,3962,3884,151,41
124,122,3963,3885,-32,-262
124,122,3963,3890,348,-187
124,122,3964,3889,85,-194
124,122,3970,3868,375,123
124,122,3971,3973,279,-279
124,122,3972,3891,72,-108
124,122,3974,3971,266,-255
124,122,3977,3891,138,-74
124,122,3980,3884,0,0
124,122,3980,3884,209,200
124,122,3982,3883,74,-332
124,122,3983,3883,98,-325
124,122,3984,3883,35,-207
124,122,3986,3889,80,103
124,122,3988,3834,0,500
124,122,3988,3863,0,183
124,122,3988,3871,148,449
124,122,3988,3883,-22,-14
125,82,3933,2662,357,-80
125,82,3950,2621,203,457
125,82,3950,2652,447,0
125,82,3954,2635,447,0
125,82,3954,2651,447,0
125,82,3954,2652,421,0
125,82,3954,2652,447,0
125,82,3954,2653,447,0
125,82,3954,2656,447,0
125,82,3954,2658,447,0
125,82,3954,2667,447,0
125,82,3957,2649,419,31
125,82,3957,2655,419,-31
125,82,3958,2635,148,278
125,82,3958,2636,111,207
125,82,3959,2661,339,-292
125,82,3960,2637,283,189
125,82,3962,2656,332,-258
125,82,3962,2667,204,-238
125,82,3962,2668,294,-360
125,82,3964,2664,291,-339
125,82,3964,2665,283,-346
125,82,3965,2635,209,0
125,82,3965,2655,77,-70
125,82,3965,2664,176,-227
125,82,3965,2666,265,-360
125,82,3985,2656,-87,57
125,82,4060,2579,-21,421
125,83,3940,2688,402,-296
125,83,3941,2681,482,-132
125,83,3941,2683,457,-203
125,83,3941,2686,391,-261
125,83,3944,2688,441,-236
125,83,3944,2689,441,-236
125,83,3944,2690,482,-132
125,83,3945,2652,471,0
125,83,3948,2675,500,0
125,83,3950,2652,447,0
125,83,3954,2652,421,0
125,83,3954,2652,447,0
125,83,3954,2654,447,0
125,83,3954,2655,447,0
125,83,3954,2672,445,43
125,83,3954,2673,445,33
125,83,3954,2673,447,22
125,83,3954,2674,447,10
125,83,3954,2675,447,0
125,83,3954,2676,447,0
125,83,3956,2679,0,-257
125,83,3956,2684,121,-484
125,83,3958,2670,414,72
125,83,3960,2640,393,38
125,83,3962,2652,319,274
125,83,3962,2672,286,-28
125,83,3967,2649,266,325
125,83,3979,2676,-52,2
125,83,3980,2676,0,0
125,83,3985,2656,-175,-158
125,83,3985,2657,-141,-155
125,83,3986,2657,-123,-136
125,83,3988,2639,312,46
125,83,3988,2643,0,-78
125,83,4037,2734,323,-173
125,83,4043,2703,-142,-55
125,83,4043,2703,0,0
125,83,4043,2716,0,-340
125,83,4046,2729,323,-173
125,83,4067,2584,132,482
125,116,3936,3720,498,48
125,116,3936,3721,482,132
125,116,3939,3720,496,60
125,116,3939,3741,500,0
125,116,3939,3772,478,-144
125,116,3940,3716,361,345
125,116,3940,3716,500,0
125,116,3940,3722,498,37
125,116,3940,3735,148,-450
125,116,3940,3738,148,-450
125,116,3940,3738,466,-179
125,116,3940,3740,361,-345
125,116,3940,3741,492,-85
125,116,3940,3741,500,0
125,116,3940,3742,500,0
125,116,3940,3743,500,0
125,116,3941,3741,432,-244
125,116,3941,3743,500,0
125,116,3942,3708,361,345
125,116,3942,3711,371,335
125,116,3942,3764,358,-344
125,116,3943,3735,316,-386
125,116,3943,3742,500,0
125,116,3943,3743,361,-345
125,116,3943,3746,335,-371
125,116,3943,3775,361,-345
125,116,3943,3775,371,-335
125,116,3944,3723,432,-192
125,116,3944,3738,441,-236
125,116,3944,3744,441,-236
125,116,3946,3738,441,-236
125,116,3946,3747,316,-386
125,116,3947,3746,287,-408
125,116,3947,3749,277,-416
125,116,3948,3739,386,-316
125,116,3948,3748,224,-447
125,116,3949,3712,316,386
125,116,3949,3746,246,-435
125,116,3949,3747,212,-451
125,116,3950,3677,203,457
125,116,3950,3709,473,0
125,116,3950,3740,447,0
125,116,3950,3745,212,-451
125,116,3950,3748,212,-451
125,116,3951,3724,457,125
125,116,3951,3745,191,-462
125,116,3951,3746,167,-470
125,116,3951,3767,378,-326
125,116,3952,3736,335,-371
125,116,3952,3744,144,-478
125,116,3952,3745,144,-478
125,116,3953,3745,109,-488
125,116,3953,3769,421,-150
125,116,3954,3737,191,-462
125,116,3954,3738,179,-466
125,116,3954,3738,447,10
125,116,3954,3739,121,-484
125,116,3954,3740,447,0
125,116,3954,3741,74,-494
125,116,3954,3741,447,0
125,116,3954,3747,85,-492
125,116,3954,3749,447,0
125,116,3954,3751,447,0
125,116,3954,3754,447,0
125,116,3954,3755,447,0
125,116,3955,3738,132,-482
125,116,3955,3739,60,-496
125,116,3956,3678,0,500
125,116,3956,3713,0,500
125,116,3956,3715,0,500
125,116,3956,3717,0,500
125,116,3956,3722,112,223
125,116,3956,3724,98,184
125,116,3956,3732,226,-217
125,116,3956,3732,283,-133
125,116,3956,3735,0,-261
125,116,3956,3738,0,-500
125,116,3956,3738,198,-199
125,116,3956,3739,0,-500
125,116,3956,3741,0,-500
125,116,3956,3742,0,-500
125,116,3956,3742,37,-498
125,116,3956,3777,377,-239
125,116,3956,3794,361,-345
125,116,3957,3737,419,31
125,116,3958,3740,395,0
125,116,3958,3761,414,-72
125,116,3958,3761,416,-62
125,116,3958,3763,411,-92
125,116,3958,3781,339,-292
125,116,3959,3724,274,-319
125,116,3959,3732,249,-250
125,116,3960,3723,157,0
125,116,3960,3726,393,-29
125,116,3960,3728,326,217
125,116,3960,3728,390,58
125,116,3960,3730,213,-142
125,116,3960,3730,393,29
125,116,3960,3768,389,-161
125,116,3961,3688,145,59
125,116,3961,3728,390,58
125,116,3962,3723,276,0
125,116,3962,3732,104,0
125,116,3962,3778,319,-275
125,116,3963,3723,183,0
125,116,3963,3732,369,0
125,116,3964,3729,364,35
125,116,3965,3723,209,0
125,116,3966,3772,317,-234
125,116,3967,3732,78,0
125,116,3968,3723,47,21
125,116,3969,3724,52,-1
125,116,3976,3732,9,24
125,116,3976,3732,21,14
125,116,3978,3732,3,51
125,116,3978,3732,117,265
125,116,3979,3723,23,11
125,116,3979,3732,-2,25
125,116,3980,3732,0,0
125,116,3980,3732,22,46
125,116,3983,3723,0,0
125,116,3983,3732,-52,5
125,116,3984,3732,-162,302
125,116,3984,3732,0,0
125,116,3986,3723,17,-182
125,116,3986,3727,1,-78
125,116,3987,3724,-301,-212
125,116,3988,3777,0,-290
125,116,3993,3756,-129,-129
125,116,3997,3758,267,169
125,116,4043,3666,0,447
125,116,4043,3669,0,421
125,116,4044,3672,-20,395
125,116,4048,3661,-66,442
125,116,4049,3657,-70,467
125,116,4060,3650,0,500
125,116,4084,3645,0,500
125,118,3931,3794,362,-54
125,118,3940,3780,361,345
125,118,3940,3780,500,0
125,118,3940,3781,474,156
125,118,3940,3783,500,0
125,118,3940,3798,500,0
125,118,3940,3802,466,-179
125,118,3940,3804,500,0
125,118,3940,3807,500,0
125,118,3943,3758,500,-25
125,118,3944,3772,441,236
125,118,3944,3773,441,236
125,118,3944,3774,441,236
125,118,3944,3810,500,0
125,118,3945,3741,500,0
125,118,3945,3777,310,281
125,118,3947,3771,277,416
125,118,3947,3772,277,416
125,118,3947,3774,296,402
125,118,3947,3812,277,-416
125,118,3948,3843,471,0
125,118,3949,3810,224,-447
125,118,3950,3771,191,462
125,118,3950,3773,170,411
125,118,3950,3780,447,0
125,118,3950,3815,167,-470
125,118,3951,3774,191,462
125,118,3951,3809,277,-416
125,118,3951,3810,156,-474
125,118,3951,3811,144,-478
125,118,3952,3773,132,482
125,118,3952,3774,144,478
125,118,3952,3809,144,-478
125,118,3953,3772,109,488
125,118,3953,3773,109,488
125,118,3953,3789,438,87
125,118,3953,3807,121,-484
125,118,3953,3809,109,-488
125,118,3953,3810,109,-488
125,118,3954,3765,447,0
125,118,3954,3766,447,0
125,118,3954,3767,447,0
125,118,3954,3772,85,492
125,118,3954,3777,447,0
125,118,3954,3781,132,482
125,118,3954,3782,447,0
125,118,3954,3783,447,0
125,118,3954,3787,447,0
125,118,3954,3791,447,0
125,118,3954,3796,447,0
125,118,3954,3801,191,-462
125,118,3954,3802,132,-482
125,118,3954,3805,447,0
125,118,3954,3812,447,0
125,118,3954,3814,447,0
125,118,3954,3819,447,0
125,118,3955,3781,132,482
125,118,3955,3802,132,-482
125,118,3956,3777,0,500
125,118,3956,3778,0,500
125,118,3956,3780,0,444
125,118,3956,3781,0,444
125,118,3956,3781,0,500
125,118,3956,3803,0,-500
125,118,3956,3803,48,-498
125,118,3956,3805,0,-500
125,118,3957,3748,403,190
125,118,3957,3787,225,67
125,118,3958,3788,180,319
125,118,3958,3790,414,72
125,118,3958,3790,416,62
125,118,3958,3793,416,-62
125,118,3958,3825,416,-62
125,118,3961,3793,283,-189
125,118,3962,3828,378,-114
125,118,3964,3739,304,291
125,118,3965,3787,209,0
125,118,3965,3796,209,0
125,118,3966,3796,157,0
125,118,3971,3814,89,-128
125,118,3972,3788,26,-1
125,118,3972,3793,392,47
125,118,3973,3787,25,-4
125,118,3975,3796,23,12
125,118,3976,3787,11,-23
125,118,3976,3787,21,-15
125,118,3976,3788,-97,39
125,118,3976,3796,25,-7
125,118,3976,3796,26,0
125,118,3977,3730,98,298
125,118,3977,3788,-74,26
125,118,3977,3796,0,0
125,118,3977,3796,26,0
125,118,3977,3796,288,14
125,118,3978,3788,25,-2
125,118,3978,3796,212,100
125,118,3979,3787,21,14
125,118,3979,3787,26,0
125,118,3981,3787,3,-26
125,118,3981,3787,104,0
125,118,3982,3793,250,-82
125,118,3982,3795,-235,-12
125,118,3982,3795,-75,-23
125,118,3983,3787,83,-62
125,118,3983,3787,128,-90
125,118,3983,3787,181,-22
125,118,3983,3796,-50,-15
125,118,3984,3787,0,0
125,118,3984,3787,52,0
125,118,3984,3796,-43,65
125,118,3984,3796,0,0
125,118,3985,3791,74,-167
125,118,3986,3787,-81,-66
125,118,3986,3791,-77,11
125,118,3987,3787,-136,-123
125,118,3987,3787,101,-30
125,118,3987,3791,-20,16
125,118,3988,3826,0,316
125,118,3997,3836,-192,247
125,118,4013,3759,416,40
125,118,4063,3847,-155,-210
125,118,4075,3733,0,421
125,121,3936,3877,482,132
125,121,3938,3843,500,0
125,121,3938,3877,478,144
125,121,3938,3885,484,121
125,121,3938,3892,500,-11
125,121,3938,3897,482,-132
125,121,3939,3843,500,0
125,121,3939,3872,429,257
125,121,3939,3875,457,203
125,121,3940,3843,500,0
125,121,3940,3844,361,345
125,121,3940,3844,451,212
125,121,3940,3852,368,333
125,121,3940,3871,361,345
125,121,3940,3876,361,345
125,121,3940,3876,451,212
125,121,3940,3877,474,156
125,121,3940,3879,361,345
125,121,3940,3888,482,-132
125,121,3941,3872,408,287
125,121,3941,3876,457,203
125,121,3941,3878,482,132
125,121,3942,3871,378,326
125,121,3942,3872,386,316
125,121,3942,3873,416,277
125,121,3942,3876,500,0
125,121,3942,3905,378,-326
125,121,3943,3872,378,326
125,121,3943,3873,394,306
125,121,3943,3873,402,296
125,121,3943,3873,416,277
125,121,3943,3878,361,345
125,121,3944,3905,441,-236
125,121,3944,3907,326,-378
125,121,3945,3868,500,0
125,121,3945,3871,361,345
125,121,3945,3872,441,236
125,121,3945,3880,492,85
125,121,3946,3870,306,394
125,121,3946,3901,386,-316
125,121,3947,3866,246,435
125,121,3947,3867,267,421
125,121,3947,3909,246,-435
125,121,3948,3868,224,447
125,121,3949,3868,236,441
125,121,3949,3869,224,447
125,121,3949,3872,287,408
125,121,3949,3907,212,-451
125,121,3950,3867,212,451
125,121,3950,3869,212,451
125,121,3950,3871,224,447
125,121,3950,3876,361,345
125,121,3950,3904,224,-447
125,121,3951,3868,156,474
125,121,3951,3871,167,470
125,121,3951,3905,212,-451
125,121,3952,3868,121,484
125,121,3952,3869,156,474
125,121,3952,3870,167,470
125,121,3952,3871,167,470
125,121,3953,3837,132,482
125,121,3953,3866,121,484
125,121,3953,3868,109,488
125,121,3953,3869,85,492
125,121,3953,3869,109,488
125,121,3953,3870,121,484
125,121,3953,3870,144,478
125,121,3953,3873,447,-10
125,121,3954,3869,109,488
125,121,3954,3873,447,0
125,121,3954,3876,121,484
125,121,3954,3876,447,0
125,121,3954,3877,447,0
125,121,3954,3898,179,-466
125,121,3955,3875,48,498
125,121,3955,3875,85,492
125,121,3955,3877,97,490
125,121,3955,3878,74,494
125,121,3955,3879,74,494
125,121,3955,3893,294,-217
125,121,3956,3873,0,500
125,121,3956,3873,85,492
125,121,3956,3874,0,500
125,121,3956,3875,0,500
125,121,3956,3876,0,500
125,121,3956,3876,85,492
125,121,3956,3877,0,500
125,121,3956,3877,224,447
125,121,3956,3881,26,275
125,121,3956,3900,248,-75
125,121,3956,3901,0,-500
125,121,3957,3862,419,-31
125,121,3957,3874,419,-31
125,121,3957,3875,419,-31
125,121,3957,3876,421,0
125,121,3957,3878,419,-31
125,121,3958,3886,414,72
125,121,3959,3852,191,127
125,121,3959,3876,395,0
125,121,3960,3884,381,104
125,121,3961,3843,362,217
125,121,3962,3892,104,0
125,121,3963,3838,337,290
125,121,3963,3863,369,-8
125,121,3964,3851,408,101
125,121,3964,3852,353,106
125,121,3964,3876,369,0
125,121,3964,3889,364,35
125,121,3965,3833,282,312
125,121,3965,3854,255,57
125,121,3966,3873,311,242
125,121,3968,3876,296,219
125,121,3970,3843,403,190
125,121,3972,3847,421,150
125,121,3972,3851,408,101
125,121,3972,3883,23,12
125,121,3973,3883,22,12
125,121,3974,3883,-143,-204
125,121,3977,3883,-130,0
125,121,3978,3883,-104,0
125,121,3979,3844,333,211
125,121,3979,3883,10,-24
125,121,3979,3883,235,0
125,121,3980,3828,328,219
125,121,3980,3844,333,211
125,121,3980,3883,-13,-22
125,121,3981,3883,-1,-26
125,121,3982,3891,-225,-68
125,121,3982,3891,-75,-23
125,121,3982,3892,-258,-39
125,121,3983,3883,26,0
125,121,3983,3883,128,-90
125,121,3983,3883,181,-22
125,121,3983,3892,-50,-15
125,121,3984,3859,200,60
125,121,3984,3883,132,-84
125,121,3984,3892,0,0
125,121,3985,3892,56,53
125,121,3988,3801,0,500
125,121,3988,3822,0,447
125,121,3988,3836,0,369
125,121,3991,3811,267,421
125,121,3992,3855,31,-209
125,121,3994,3858,416,277
125,121,4005,3840,293,265
125,121,4008,3854,11,-238
125,121,4027,3844,333,211
125,121,4028,3948,471,-11
125,121,4031,3948,498,-48
125,121,4034,3837,-328,-99
125,121,4043,3941,0,-157
125,121,4045,3945,276,-148
125,121,4064,3833,-258,332
125,121,4075,3808,0,500
