0,5,20,119,0,500
0,5,20,121,0,500
0,5,20,140,0,0
0,5,78,179,80,196
0,5,82,180,53,216
0,5,85,180,167,185
0,5,87,171,-10,-24
0,5,101,176,-389,-67
0,5,101,180,-157,0
0,5,105,177,-416,-62
0,5,106,177,-415,-72
0,5,107,157,0,500
0,5,107,190,0,-500
0,5,107,191,0,-500
0,5,107,192,0,-500
0,5,107,193,0,-500
0,5,107,194,0,-500
0,5,108,194,-37,-498
0,5,109,171,-447,0
0,5,109,175,-446,-43
0,5,109,176,-442,-66
0,5,109,177,-442,-66
0,5,109,180,-447,0
0,5,109,191,-97,-490
0,5,109,194,-85,-492
0,5,109,195,-447,0
0,5,110,191,-156,-474
0,5,110,191,-97,-490
0,5,111,161,-441,236
0,5,111,198,-121,-484
0,5,115,164,-386,316
0,5,118,158,-441,236
0,5,119,157,-441,236
0,5,119,158,-441,236
0,5,119,159,-441,236
0,5,120,192,-378,-326
0,5,123,161,-435,246
0,5,124,161,-500,0
0,5,124,192,-287,-408
0,7,73,269,-70,169
0,7,74,268,-58,86
0,7,75,268,0,52
0,7,75,268,0,78
0,7,76,268,-179,35
0,7,77,238,-146,219
0,7,80,235,-58,-117
0,7,85,235,-280,-77
0,7,87,235,-10,-24
0,7,89,237,-24,-10
0,7,92,297,-230,-384
0,7,97,297,-274,-353
0,7,97,298,-266,-360
0,7,98,296,-283,-346
0,7,98,296,-274,-353
0,7,101,222,-157,0
0,7,103,256,-395,0
0,7,104,256,-421,0
0,7,106,253,-419,-31
0,7,106,259,-421,0
0,7,107,258,-421,0
0,7,109,235,-447,0
0,7,109,256,-447,0
0,7,109,257,-447,0
0,7,109,258,-447,0
0,7,109,259,-447,0
0,7,109,261,-447,0
0,7,110,229,-447,0
0,7,110,235,-447,0
0,7,110,256,-447,0
0,7,110,258,-447,0
0,7,110,259,-447,0
0,7,113,256,-473,0
0,7,113,257,-473,0
0,7,113,258,-473,0
0,7,113,261,-473,0
0,7,117,253,-473,0
0,7,117,255,-473,0
0,7,117,257,-473,0
0,7,117,260,-473,0
0,7,119,224,-441,236
0,7,119,224,-402,296
0,7,124,231,-500,0
0,9,22,363,-310,-94
0,9,27,378,-224,-447
0,9,34,377,-345,-361
0,9,35,377,-361,-345
0,9,36,366,-488,-109
0,9,36,371,-457,-203
0,9,67,268,-33,-341
0,9,68,267,25,3
0,9,69,269,40,-234
0,9,69,274,-134,-128
0,9,70,267,51,-259
0,9,70,275,-154,-42
0,9,71,267,108,-132
0,9,71,275,-154,-42
0,9,72,268,-168,-357
0,9,72,275,-133,9
0,9,74,275,-314,-38
0,9,74,275,-25,-5
0,9,84,265,-230,57
0,9,87,258,328,98
0,9,90,263,-332,82
0,9,91,264,-389,67
0,9,95,249,-258,332
0,9,97,259,-318,234
0,9,102,301,-383,95
0,9,107,309,0,-392
0,9,109,287,-447,10
0,9,110,281,-447,0
0,9,110,296,-447,0
0,9,116,311,-474,-156
0,9,120,256,-394,306
0,9,120,319,-378,-326
0,9,121,322,-361,-345
0,9,122,316,-447,-224
0,9,123,261,-478,144
0,9,123,316,-457,-203
0,9,124,259,-500,0
0,9,124,259,-492,85
0,9,124,259,-488,109
0,9,124,259,-451,212
0,9,126,312,-457,-203
0,52,26,1620,-500,0
0,52,27,1618,-482,132
0,52,72,1709,-103,154
0,52,72,1710,-160,176
0,52,73,1708,-141,75
0,52,73,1708,-74,110
0,52,73,1709,-172,164
0,52,73,1709,-103,154
0,52,73,1709,-87,130
0,52,73,1710,-15,158
0,52,73,1711,-21,210
0,52,73,1713,71,171
0,52,74,1708,-117,62
0,52,74,1709,-74,110
0,52,74,1716,14,290
0,52,75,1708,-201,66
0,52,75,1708,0,52
0,52,75,1716,0,0
0,52,75,1716,0,104
0,52,75,1719,-25,-5
0,52,75,1722,-10,-24
0,52,76,1706,103,10
0,52,76,1707,104,5
0,52,77,1715,110,268
0,52,78,1710,178,229
0,52,79,1617,-39,258
0,52,79,1712,128,164
0,52,79,1714,132,161
0,52,80,1714,80,66
0,52,80,1717,-179,-49
0,52,82,1720,278,83
0,52,92,1722,-344,-132
0,52,97,1737,-274,-353
0,52,104,1730,-353,-274
0,52,105,1713,-416,-62
0,52,106,1700,-418,0
0,52,106,1712,-416,-62
0,52,107,1662,0,500
0,52,107,1707,-209,0
0,52,109,1693,-447,0
0,52,109,1694,-447,0
0,52,109,1695,-447,0
0,52,109,1697,-447,0
0,52,109,1699,-447,0
0,52,109,1700,-447,0
0,52,109,1701,-447,0
0,52,109,1702,-447,0
0,52,109,1703,-447,-23
0,52,109,1703,-447,0
0,52,109,1705,-447,0
0,52,109,1706,-447,0
0,52,109,1707,-447,0
0,52,109,1711,-446,-43
0,52,110,1697,-447,0
0,52,110,1697,-447,22
0,52,110,1699,-447,0
0,52,110,1700,-447,0
0,52,110,1706,-447,0
0,52,110,1707,-447,0
0,52,111,1665,-203,457
0,52,111,1670,-287,408
0,52,113,1675,-473,0
0,52,113,1700,-473,0
0,52,114,1699,-326,378
0,52,116,1659,-267,421
0,52,116,1722,-386,-316
0,52,117,1642,-361,345
0,52,117,1672,-372,122
0,52,117,1694,-473,0
0,52,118,1718,-447,-224
0,52,119,1661,-335,371
0,52,119,1696,-498,37
0,52,120,1727,-361,-345
0,52,121,1667,-447,224
0,52,121,1728,-378,-326
0,52,122,1661,-378,326
0,52,122,1666,-429,257
0,52,122,1679,-482,132
0,52,124,1636,-361,345
0,52,124,1721,-500,0
0,52,124,1724,-287,-408
0,54,68,1707,298,-106
0,54,69,1707,49,-17
0,54,72,1707,22,12
0,54,74,1711,-21,-211
0,54,74,1715,-25,-5
0,54,77,1740,-155,244
0,54,78,1715,147,-108
0,54,78,1748,26,0
0,54,81,1748,-15,157
0,54,82,1722,82,329
0,54,83,1722,-238,0
0,54,91,1700,-361,160
0,54,91,1705,-394,29
0,54,92,1708,-395,-9
0,54,96,1689,-258,332
0,54,98,1736,-24,-74
0,54,101,1726,-101,-82
0,54,103,1727,-394,38
0,54,105,1730,-421,21
0,54,106,1700,-404,190
0,54,106,1729,-421,21
0,54,107,1723,0,-500
0,54,107,1727,-418,50
0,54,107,1751,0,-302
0,54,109,1716,-447,0
0,54,109,1719,-447,0
0,54,109,1720,-447,0
0,54,109,1720,-447,10
0,54,109,1723,-447,0
0,54,109,1724,-447,0
0,54,109,1725,-447,0
0,54,109,1726,-447,0
0,54,109,1726,-446,33
0,54,109,1727,-447,0
0,54,109,1728,-447,0
0,54,109,1729,-447,0
0,54,109,1729,-447,10
0,54,109,1730,-447,0
0,54,109,1731,-447,0
0,54,109,1744,-447,0
0,54,109,1745,-447,22
0,54,109,1747,-447,0
0,54,109,1748,-447,0
0,54,109,1771,-447,0
0,54,109,1775,-446,-43
0,54,110,1716,-447,0
0,54,110,1722,-447,22
0,54,110,1723,-447,0
0,54,110,1724,-447,0
0,54,110,1725,-447,0
0,54,110,1728,-447,0
0,54,110,1729,-447,22
0,54,110,1730,-447,0
0,54,110,1748,-447,0
0,54,112,1712,-335,371
0,54,112,1765,-156,-474
0,54,119,1695,-441,236
0,54,122,1694,-500,0
0,54,122,1695,-500,0
0,54,122,1703,-500,0
0,54,123,1695,-421,267
0,54,123,1701,-478,144
0,54,123,1702,-478,144
0,54,123,1754,-470,-167
0,54,123,1760,-500,0
0,54,124,1696,-361,345
0,54,124,1756,-500,0
0,54,124,1756,-402,-296
0,54,124,1756,-361,-345
0,54,124,1756,-253,-400
0,54,124,1760,-500,0
0,54,126,1703,-444,22
0,54,133,1718,-500,0
0,56,73,1747,-18,185
0,56,74,1773,5,-238
0,56,75,1768,-16,19
0,56,79,1803,-132,-84
0,56,79,1803,5,-104
0,56,79,1803,44,-27
0,56,85,1804,-14,-21
0,56,85,1844,0,0
0,56,89,1803,-20,-16
0,56,97,1795,-369,0
0,56,97,1807,-309,-69
0,56,98,1819,-78,0
0,56,100,1807,-392,-48
0,56,105,1774,-415,72
0,56,105,1809,-415,-72
0,56,106,1822,-419,-31
0,56,107,1807,0,500
0,56,107,1814,0,500
0,56,108,1802,-231,230
0,56,109,1780,-447,0
0,56,109,1789,-447,0
0,56,109,1793,-447,0
0,56,109,1794,-447,0
0,56,109,1795,-447,0
0,56,110,1799,-335,371
0,56,110,1802,-441,236
0,56,110,1810,-447,0
0,56,110,1819,-447,0
0,56,110,1822,-447,0
0,56,111,1789,-167,470
0,56,113,1790,-212,451
0,56,115,1788,-277,416
0,56,115,1796,-386,316
0,56,118,1787,-441,236
0,56,119,1791,-441,236
0,56,123,1792,-500,0
0,56,123,1796,-470,167
0,56,123,1797,-478,144
0,56,123,1798,-478,144
0,56,123,1850,-470,-167
0,56,124,1792,-500,0
0,56,124,1795,-500,0
0,56,124,1795,-381,281
0,56,124,1796,-253,399
0,56,124,1799,-490,97
0,56,124,1855,-421,-267
0,56,127,1799,-492,85
1,3,106,171,235,0
1,3,107,140,-5,223
1,3,107,142,-5,223
1,3,107,143,-275,20
1,3,107,144,0,0
1,3,107,154,0,-447
1,3,107,165,0,-26
1,3,107,176,0,-130
1,3,107,193,0,-500
1,3,107,199,0,-500
1,3,107,200,0,-500
1,3,107,202,0,-500
1,3,108,117,-210,-270
1,3,108,136,-21,-421
1,3,108,141,-11,-500
1,3,109,123,-24,-473
1,3,110,121,-67,-389
1,3,110,123,-67,-389
1,3,110,125,-67,-389
1,3,110,126,-67,-389
1,3,111,144,208,20
1,3,112,136,-81,-466
1,3,112,139,-81,-466
1,3,113,138,-74,-494
1,3,113,145,-74,-494
1,3,114,129,-63,-360
1,3,114,129,-54,-362
1,3,114,132,-58,-335
1,3,114,135,-74,-494
1,3,115,142,165,-202
1,3,115,159,-85,-492
1,3,116,125,-103,-462
1,3,117,118,-140,-425
1,3,117,123,-117,-470
1,3,117,125,-117,-470
1,3,117,134,-121,-484
1,3,117,134,-103,-460
1,3,117,171,-126,-457
1,3,118,126,-132,-482
1,3,118,127,-111,-445
1,3,118,132,-111,-445
1,3,118,133,-132,-482
1,3,119,113,-171,-385
1,3,119,154,-441,-236
1,3,119,176,-132,-482
1,3,120,155,-441,-236
1,3,121,116,-190,-404
1,3,121,118,-190,-404
1,3,121,118,-171,-414
1,3,121,125,-167,-470
1,3,122,115,-201,-400
1,3,122,116,-201,-400
1,3,123,117,-190,-404
1,3,123,119,-201,-427
1,3,123,120,-201,-427
1,3,123,128,-179,-466
1,3,123,153,-441,-236
1,3,124,118,-212,-424
1,3,124,156,314,-384
1,3,124,166,-500,0
1,3,125,125,-220,-390
1,3,125,157,-500,0
1,3,126,122,-224,-447
1,3,126,123,-224,-447
1,3,127,126,-212,-451
1,3,129,159,-492,-85
1,3,130,157,-498,-37
1,3,130,167,-498,37
1,3,131,156,-498,37
1,3,131,157,-500,0
1,3,131,167,-498,37
1,3,135,122,-300,-366
1,3,135,144,-361,-345
1,3,135,145,-361,-345
1,3,136,156,-500,25
1,3,136,157,-500,0
1,3,136,162,-500,25
1,3,136,164,-500,25
1,3,136,165,-500,25
1,3,136,166,-500,25
1,3,136,167,-500,25
1,3,136,171,-500,25
1,3,136,172,-500,25
1,3,138,127,-345,-361
1,3,138,151,-361,-345
1,3,138,156,-500,0
1,3,138,161,-470,-167
1,3,139,143,-361,-345
1,3,139,144,-361,-345
1,3,139,146,-361,-345
1,3,139,149,-361,-345
1,3,140,131,-314,-314
1,3,140,156,-497,0
1,3,140,158,-497,-11
1,3,141,157,-495,36
1,3,141,159,-495,36
1,3,141,166,-497,0
1,3,142,93,5,-264
1,3,142,155,-361,-345
1,3,142,156,-361,-345
1,3,142,157,-361,-345
1,3,144,139,-316,-386
1,3,144,159,-464,-81
1,3,145,156,-471,0
1,3,145,158,-471,-11
1,3,145,161,-492,-85
1,3,146,158,-469,-35
1,3,147,156,-466,0
1,3,148,156,-466,0
1,3,149,138,-361,-345
1,3,149,145,-361,-345
1,3,149,152,-361,-345
1,3,149,156,-500,0
1,3,149,156,-466,0
1,3,149,158,-444,-10
1,3,150,156,-444,0
1,3,151,147,-326,-378
1,3,151,155,-444,22
1,3,152,156,-440,0
1,3,153,90,-498,37
1,3,153,135,-351,-351
1,3,153,137,-351,-351
1,3,153,139,-359,-344
1,3,153,140,-359,-344
1,3,153,141,-359,-344
1,3,153,142,-359,-344
1,3,153,143,-359,-344
1,3,153,143,-351,-351
1,3,153,144,-359,-344
1,3,153,145,-359,-344
1,3,153,145,-351,-351
1,3,153,146,-359,-344
1,3,153,147,-359,-344
1,3,153,148,-359,-344
1,3,153,149,-359,-344
1,3,153,150,-359,-344
1,3,153,151,-359,-344
1,3,153,152,-359,-344
1,3,153,152,-351,-351
1,3,153,153,-359,-344
1,3,153,154,-359,-344
1,3,153,155,-359,-344
1,3,153,156,-359,-344
1,3,153,157,-359,-344
1,3,153,158,-418,0
1,3,153,158,-359,-344
1,3,153,159,-359,-344
1,3,153,160,-359,-344
1,3,153,161,-359,-344
1,3,153,162,-359,-344
1,3,153,163,-359,-344
1,3,153,164,-359,-344
1,3,153,165,-359,-344
1,3,153,165,-351,-351
1,3,153,166,-359,-344
1,3,153,166,-351,-351
1,3,153,167,-359,-344
1,3,153,168,-359,-344
1,3,153,168,-351,-351
1,3,154,144,-351,-351
1,3,154,157,-351,-351
1,3,154,158,-418,0
1,3,155,156,-417,30
1,3,155,157,-417,30
1,3,155,158,-417,30
1,3,158,97,-498,48
1,3,161,75,-500,0
1,3,161,76,-500,0
1,3,163,96,-498,37
1,3,167,84,-500,0
1,3,168,89,-498,48
1,4,102,180,7,78
1,4,102,180,26,0
1,4,103,179,-33,338
1,4,103,180,23,312
1,4,104,180,26,0
1,4,105,172,-132,198
1,4,105,172,-115,61
1,4,105,173,-73,191
1,4,105,177,18,255
1,4,105,179,20,282
1,4,105,180,17,342
1,4,105,180,18,369
1,4,106,174,8,369
1,4,106,176,5,248
1,4,106,179,-121,292
1,4,106,179,7,314
1,4,106,180,4,209
1,4,107,172,0,52
1,4,107,185,-15,-21
1,4,107,190,0,-264
1,4,107,191,0,-212
1,4,107,192,0,-212
1,4,107,193,0,-290
1,4,107,196,0,-316
1,4,111,169,-254,135
1,4,113,173,242,100
1,4,116,180,71,361
1,4,117,173,-142,-157
1,4,118,116,-121,484
1,4,118,196,-168,-357
1,4,127,157,-261,-13
1,4,134,159,-340,0
1,4,135,157,-418,-10
1,4,138,210,-345,-361
1,4,140,199,-497,0
1,4,142,215,-353,-353
1,4,143,213,-353,-353
1,4,144,170,-471,0
1,4,146,157,-471,-11
1,4,146,161,-471,23
1,4,146,162,-471,23
1,4,146,163,-471,23
1,4,146,164,-471,23
1,4,148,157,-444,-10
1,4,148,170,-444,0
1,4,150,189,-444,10
1,4,152,166,-422,-139
1,4,155,155,-417,30
1,4,155,156,-417,30
1,4,155,157,-418,0
1,4,155,158,-418,-21
1,4,155,158,-417,-31
1,4,155,158,-417,30
1,4,155,159,-418,-21
1,4,155,159,-417,-41
1,4,155,159,-417,30
1,4,155,160,-417,30
1,4,155,161,-417,30
1,4,155,162,-417,30
1,4,155,162,-412,-72
1,4,155,163,-417,30
1,4,155,164,-417,30
1,4,155,166,-417,30
1,4,155,167,-417,30
1,4,155,168,-417,30
1,4,155,169,-417,30
1,4,155,175,-387,-219
1,4,155,176,-418,0
1,4,155,187,-418,0
1,4,157,170,-392,0
1,4,157,179,-392,0
1,4,158,157,-500,0
1,4,158,159,-392,-9
1,4,159,156,-392,0
1,4,159,159,-392,-9
1,4,159,160,-391,-29
1,4,159,164,-392,19
1,4,159,177,-392,19
1,4,159,177,-364,-206
1,4,159,180,-392,0
1,4,161,157,-500,0
1,4,161,179,-366,0
1,4,161,179,-337,-202
1,4,162,159,-366,-8
1,4,162,159,-366,0
1,4,162,170,-348,-114
1,4,163,154,-366,18
1,4,163,155,-366,18
1,4,163,156,-366,0
1,4,163,156,-366,18
1,4,163,157,-366,0
1,4,163,157,-366,18
1,4,163,158,-366,-8
1,4,163,158,-366,18
1,4,163,159,-366,-18
1,4,163,159,-366,-8
1,4,163,159,-366,18
1,4,163,160,-366,18
1,4,163,160,-365,-35
1,4,163,160,-365,-27
1,4,163,161,-366,18
1,4,163,161,-365,-35
1,4,163,162,-366,18
1,4,163,163,-366,18
1,4,163,163,-360,-63
1,4,163,164,-366,18
1,4,163,165,-366,18
1,4,163,166,-366,18
1,4,163,167,-366,18
1,4,163,168,-366,18
1,4,163,171,-366,0
1,4,163,173,-366,-8
1,4,163,175,-366,0
1,4,163,176,-366,0
1,4,163,177,-366,18
1,4,164,169,-348,-114
1,4,165,157,-340,0
1,4,165,161,-340,0
1,4,165,168,-340,0
1,4,165,170,-340,0
1,4,166,156,-500,0
1,4,166,157,-500,0
1,4,166,175,-369,0
1,4,168,157,-500,0
1,6,72,267,223,0
1,6,75,238,-185,0
1,6,75,241,0,78
1,6,75,243,-17,-19
1,6,75,248,-58,390
1,6,85,237,179,35
1,6,95,237,151,144
1,6,98,245,-160,206
1,6,99,171,70,-468
1,6,100,171,22,12
1,6,100,236,121,99
1,6,101,174,-43,-446
1,6,101,179,-179,-35
1,6,101,242,-100,242
1,6,101,252,-350,-233
1,6,102,171,93,-47
1,6,103,174,-33,-339
1,6,103,178,-303,-162
1,6,103,241,-260,-122
1,6,104,171,130,0
1,6,106,179,-29,-43
1,6,106,179,-23,-12
1,6,107,169,-24,9
1,6,107,250,0,-212
1,6,107,269,0,-447
1,6,107,279,0,-500
1,6,107,299,0,-500
1,6,108,234,-277,148
1,6,109,182,154,97
1,6,115,270,-296,-402
1,6,119,274,-287,-408
1,6,125,215,-172,-200
1,6,126,284,-326,-378
1,6,127,287,-306,-394
1,6,128,286,-306,-394
1,6,130,176,-366,0
1,6,135,226,-418,0
1,6,135,233,-418,0
1,6,136,186,-471,0
1,6,136,196,-471,0
1,6,144,234,-471,0
1,6,144,261,-471,-11
1,6,144,261,-471,0
1,6,146,182,-471,23
1,6,146,184,-471,23
1,6,146,199,-471,23
1,6,146,201,-471,23
1,6,146,208,-471,23
1,6,146,210,-471,23
1,6,146,215,-471,23
1,6,146,217,-471,23
1,6,146,223,-471,23
1,6,146,228,-471,23
1,6,148,157,-500,0
1,6,148,258,-444,0
1,6,148,259,-500,0
1,6,150,255,-444,10
1,6,150,256,-444,0
1,6,150,258,-444,0
1,6,151,254,-444,10
1,6,151,255,-444,10
1,6,151,256,-444,10
1,6,154,252,-473,0
1,6,154,256,-418,0
1,6,155,179,-417,30
1,6,155,180,-417,30
1,6,155,181,-417,30
1,6,155,182,-417,30
1,6,155,183,-417,30
1,6,155,184,-417,30
1,6,155,185,-417,30
1,6,155,187,-417,30
1,6,155,189,-417,30
1,6,155,190,-417,30
1,6,155,191,-417,30
1,6,155,193,-417,30
1,6,155,198,-417,30
1,6,155,200,-417,30
1,6,155,202,-417,30
1,6,155,203,-417,30
1,6,155,204,-417,30
1,6,155,206,-417,30
1,6,155,208,-417,30
1,6,155,210,-417,30
1,6,155,212,-417,30
1,6,155,214,-417,30
1,6,155,216,-417,30
1,6,155,218,-417,30
1,6,155,219,-417,30
1,6,155,220,-417,30
1,6,155,222,-417,30
1,6,155,223,-417,30
1,6,155,224,-417,30
1,6,155,225,-417,30
1,6,155,226,-417,30
1,6,155,227,-417,30
1,6,155,228,-417,30
1,6,155,228,-345,-361
1,6,155,229,-417,30
1,6,155,230,-417,30
1,6,155,231,-417,30
1,6,155,232,-417,30
1,6,155,233,-417,30
1,6,156,252,-392,0
1,6,159,167,-392,0
1,6,159,171,-392,0
1,6,159,193,-392,19
1,6,159,228,-392,19
1,6,159,229,-392,19
1,6,159,232,-392,19
1,6,163,176,-366,0
1,6,163,177,-366,18
1,6,163,178,-366,18
1,6,163,179,-366,18
1,6,163,180,-366,18
1,6,163,181,-366,18
1,6,163,182,-366,18
1,6,163,183,-366,18
1,6,163,184,-366,18
1,6,163,185,-366,0
1,6,163,185,-366,18
1,6,163,186,-366,18
1,6,163,187,-366,18
1,6,163,188,-366,18
1,6,163,189,-366,18
1,6,163,190,-366,18
1,6,163,191,-366,0
1,6,163,191,-366,18
1,6,163,192,-366,18
1,6,163,193,-366,18
1,6,163,195,-366,18
1,6,163,196,-366,18
1,6,163,197,-366,18
1,6,163,198,-366,18
1,6,163,199,-366,18
1,6,163,200,-366,18
1,6,163,201,-366,18
1,6,163,202,-366,18
1,6,163,203,-366,18
1,6,163,204,-366,18
1,6,163,205,-366,18
1,6,163,206,-366,18
1,6,163,207,-366,18
1,6,163,208,-366,18
1,6,163,209,-366,18
1,6,163,211,-366,18
1,6,163,212,-366,18
1,6,163,213,-366,18
1,6,163,214,-366,18
1,6,163,215,-366,18
1,6,163,216,-366,18
1,6,163,217,-366,18
1,6,163,218,-366,18
1,6,163,219,-366,18
1,6,163,220,-366,18
1,6,163,221,-366,18
1,6,163,222,-366,18
1,6,163,223,-366,18
1,6,163,224,-366,18
1,6,163,225,-366,18
1,6,163,226,-366,18
1,6,163,227,-366,18
1,6,163,228,-366,18
1,6,163,229,-366,18
1,6,163,230,-366,18
1,6,163,231,-366,0
1,6,163,231,-366,18
1,6,163,232,-366,18
1,6,163,237,-366,-8
1,6,165,181,-340,0
1,6,165,183,-340,0
1,6,165,197,-340,0
1,6,165,209,-340,0
1,6,165,211,-340,0
1,6,165,225,-340,0
1,6,165,226,-340,0
1,6,165,228,-340,0
1,6,165,232,-340,0
1,6,165,233,-340,0
1,6,165,234,-340,0
1,10,75,282,0,104
1,10,83,280,-114,378
1,10,84,305,26,-181
1,10,86,290,-188,254
1,10,88,398,-361,-345
1,10,95,405,-361,-345
1,10,96,297,-104,-271
1,10,97,296,-160,-206
1,10,98,287,-305,-250
1,10,99,295,-91,-331
1,10,99,408,-361,-345
1,10,100,306,88,-133
1,10,101,285,-350,-233
1,10,101,298,-361,-345
1,10,102,298,47,-392
1,10,102,300,-142,-283
1,10,103,306,132,-126
1,10,105,291,204,-307
1,10,105,305,-167,-204
1,10,116,415,0,-500
1,10,116,421,0,-500
1,10,121,313,-155,180
1,10,124,319,-132,126
1,10,127,312,-151,144
1,10,131,308,-291,304
1,10,133,324,-395,-9
1,10,135,274,-345,361
1,10,135,316,-326,378
1,10,141,265,-335,371
1,10,141,316,-447,0
1,10,141,324,-447,0
1,10,142,324,-447,0
1,10,144,265,-353,353
1,10,144,324,-447,-10
1,10,145,282,-353,353
1,10,146,295,-345,361
1,10,146,386,-498,37
1,10,147,265,-335,371
1,10,147,268,-335,371
1,10,149,279,-345,361
1,10,149,297,-353,353
1,10,151,266,-335,371
1,10,151,268,-335,371
1,10,151,297,-361,345
1,10,152,290,-335,371
1,10,152,291,-335,371
1,10,152,294,-361,345
1,10,152,294,-351,351
1,10,153,284,-335,371
1,10,153,287,-344,358
1,10,153,290,-359,343
1,10,153,290,-351,351
1,10,153,290,-344,358
1,10,153,290,-334,368
1,10,153,291,-351,351
1,10,153,291,-344,358
1,10,153,291,-334,368
1,10,153,292,-351,351
1,10,153,292,-344,358
1,10,153,293,-359,343
1,10,153,293,-351,351
1,10,153,294,-351,351
1,10,154,286,-344,358
1,10,154,287,-344,358
1,10,154,288,-334,368
1,10,154,289,-335,371
1,10,154,292,-361,345
1,10,154,293,-359,343
1,10,154,325,-500,-11
1,10,156,287,-340,325
1,10,156,288,-340,325
1,10,156,289,-340,325
1,10,156,290,-340,325
1,10,156,290,-333,332
1,10,156,291,-353,353
1,10,156,297,-394,306
1,10,158,297,-402,296
1,10,159,358,-498,48
1,10,161,320,-500,0
1,10,166,320,-500,0
1,51,75,1676,0,0
1,51,75,1678,-79,67
1,51,75,1684,-115,-110
1,51,75,1701,0,-78
1,51,76,1686,-225,-158
1,51,78,1688,-260,-25
1,51,79,1688,-311,-38
1,51,81,1689,-261,-261
1,51,87,1702,-415,50
1,51,91,1680,89,217
1,51,92,1680,-202,94
1,51,92,1680,105,210
1,51,92,1688,-114,319
1,51,93,1676,86,130
1,51,93,1678,17,182
1,51,94,1676,128,25
1,51,94,1681,148,247
1,51,94,1683,-148,201
1,51,95,1678,17,182
1,51,95,1679,-80,193
1,51,95,1687,-114,295
1,51,96,1676,86,130
1,51,96,1680,62,226
1,51,96,1691,-306,225
1,51,96,1696,-153,304
1,51,97,1676,128,25
1,51,99,1678,94,142
1,51,100,1676,128,68
1,51,100,1678,-66,170
1,51,100,1682,-105,255
1,51,101,1677,123,185
1,51,101,1677,141,115
1,51,101,1682,-105,255
1,51,101,1683,0,276
1,51,102,1677,123,185
1,51,102,1679,117,248
1,51,103,1677,-166,150
1,51,103,1677,109,164
1,51,103,1680,-82,163
1,51,104,1680,20,208
1,51,105,1681,-407,111
1,51,106,1678,17,182
1,51,110,1704,-121,-484
1,51,111,1707,-121,-484
1,51,111,1712,-54,-444
1,51,120,1709,-160,-417
1,51,123,1659,94,-90
1,51,129,1629,-309,323
1,51,133,1598,-332,258
1,51,136,1704,-500,25
1,51,137,1638,-128,-165
1,51,139,1630,-419,-31
1,51,139,1639,-419,-31
1,51,140,1694,-497,-11
1,51,140,1704,-497,0
1,51,141,1637,-447,0
1,51,141,1702,-497,11
1,51,144,1700,-497,0
1,51,144,1702,-500,11
1,51,145,1602,-353,353
1,51,145,1628,-473,0
1,51,145,1699,-500,0
1,51,145,1700,-444,0
1,51,147,1700,-444,0
1,51,147,1714,-361,-345
1,51,148,1693,-500,0
1,51,149,1693,-500,0
1,51,149,1698,-492,-85
1,51,151,1685,-482,132
1,51,151,1693,-444,10
1,51,151,1695,-444,10
1,51,151,1696,-444,10
1,51,151,1708,-353,-353
1,51,152,1595,-353,353
1,51,152,1685,-484,121
1,51,152,1693,-418,0
1,51,152,1694,-418,0
1,51,152,1697,-498,-48
1,51,152,1698,-492,-85
1,51,153,1691,-418,21
1,51,153,1694,-418,0
1,51,153,1695,-447,0
1,51,153,1697,-418,0
1,51,153,1698,-494,-74
1,51,153,1699,-494,-74
1,51,154,1680,-351,-351
1,51,154,1689,-351,-351
1,51,154,1691,-418,21
1,51,154,1693,-351,-351
1,51,154,1694,-418,-21
1,51,154,1694,-418,0
1,51,154,1694,-351,-351
1,51,154,1695,-351,-351
1,51,154,1698,-494,-74
1,51,154,1699,-492,-85
1,51,155,1689,-418,0
1,51,155,1690,-418,0
1,51,155,1691,-417,30
1,51,155,1695,-418,-21
1,51,155,1698,-496,-60
1,51,155,1698,-494,-74
1,51,156,1693,-500,0
1,51,156,1693,-392,0
1,51,157,1636,-500,0
1,51,157,1684,-482,132
1,51,157,1692,-392,0
1,51,157,1694,-392,0
1,51,157,1697,-496,-60
1,51,157,1698,-494,-74
1,51,157,1699,-494,-74
1,51,157,1699,-492,-85
1,51,158,1696,-446,-33
1,51,158,1697,-446,-43
1,51,158,1698,-498,-48
1,51,158,1698,-470,-57
1,51,158,1699,-494,-74
1,51,159,1688,-444,-10
1,51,159,1689,-392,0
1,51,159,1698,-498,-48
1,51,159,1698,-472,-46
1,51,159,1699,-494,-74
1,51,161,1640,-500,0
1,51,162,1672,-392,0
1,51,166,1640,-500,0
1,51,167,1636,-500,0
1,51,167,1636,-421,0
1,55,91,1733,-287,21
1,55,92,1736,-233,-125
1,55,94,1737,-281,-141
1,55,99,1738,-190,-404
1,55,99,1741,-127,-287
1,55,101,1742,-250,-339
1,55,103,1740,-100,-242
1,55,105,1740,-6,-261
1,55,105,1804,-121,99
1,55,105,1805,-108,113
1,55,106,1746,101,-152
1,55,107,1804,0,52
1,55,107,1808,0,261
1,55,109,1819,253,135
1,55,113,1717,-92,411
1,55,117,1715,-140,424
1,55,122,1707,-192,432
1,55,122,1707,-170,442
1,55,122,1785,-133,0
1,55,126,1715,-500,0
1,55,126,1793,-157,0
1,55,127,1785,-211,20
1,55,128,1795,-238,0
1,55,129,1794,-26,0
1,55,131,1716,-500,0
1,55,131,1717,-500,0
1,55,133,1715,-330,298
1,55,134,1756,-418,0
1,55,136,1720,-500,25
1,55,139,1795,-473,0
1,55,141,1794,-500,25
1,55,144,1748,-471,0
1,55,145,1795,-473,0
1,55,145,1796,-473,0
1,55,146,1723,-471,10
1,55,146,1725,-471,10
1,55,146,1763,-471,23
1,55,146,1773,-471,23
1,55,146,1786,-471,23
1,55,146,1790,-471,23
1,55,148,1731,-345,361
1,55,148,1796,-444,0
1,55,149,1723,-473,10
1,55,149,1731,-361,345
1,55,150,1795,-498,-37
1,55,150,1796,-492,-85
1,55,151,1726,-444,10
1,55,151,1727,-444,10
1,55,151,1795,-500,0
1,55,152,1727,-345,361
1,55,152,1756,-418,0
1,55,153,1724,-351,351
1,55,153,1728,-361,345
1,55,153,1795,-500,0
1,55,153,1796,-500,-25
1,55,154,1720,-344,358
1,55,154,1724,-344,358
1,55,154,1725,-345,361
1,55,154,1729,-344,358
1,55,154,1732,-344,358
1,55,154,1734,-344,358
1,55,154,1743,-344,358
1,55,154,1796,-496,-60
1,55,155,1723,-345,361
1,55,155,1725,-361,345
1,55,155,1747,-417,30
1,55,155,1748,-417,30
1,55,155,1749,-417,30
1,55,155,1750,-417,30
1,55,155,1751,-417,30
1,55,155,1752,-417,30
1,55,155,1753,-417,30
1,55,155,1754,-417,30
1,55,155,1755,-417,30
1,55,155,1756,-417,30
1,55,155,1758,-417,30
1,55,155,1759,-417,30
1,55,155,1760,-417,30
1,55,155,1761,-417,30
1,55,155,1762,-417,30
1,55,155,1763,-417,30
1,55,155,1764,-417,30
1,55,155,1765,-417,30
1,55,155,1766,-417,30
1,55,155,1767,-417,30
1,55,155,1768,-417,30
1,55,155,1769,-417,30
1,55,155,1770,-417,30
1,55,155,1771,-417,30
1,55,155,1772,-417,30
1,55,155,1773,-417,30
1,55,155,1774,-417,30
1,55,155,1775,-417,30
1,55,155,1776,-417,30
1,55,155,1777,-417,30
1,55,155,1778,-417,30
1,55,155,1779,-417,30
1,55,155,1780,-417,30
1,55,155,1781,-417,30
1,55,155,1782,-417,30
1,55,155,1783,-417,30
1,55,155,1784,-417,30
1,55,155,1785,-417,30
1,55,155,1786,-417,30
1,55,155,1787,-417,30
1,55,155,1788,-417,30
1,55,155,1790,-417,30
1,55,155,1791,-417,30
1,55,155,1792,-417,30
1,55,155,1793,-418,21
1,55,155,1793,-417,30
1,55,156,1725,-361,345
1,55,156,1793,-418,21
1,55,157,1795,-500,0
1,55,158,1783,-392,0
1,55,158,1785,-392,0
1,55,158,1792,-392,0
1,55,158,1793,-392,8
1,55,158,1796,-392,0
1,55,159,1745,-392,19
1,55,159,1775,-392,19
1,55,159,1783,-392,0
1,55,159,1791,-392,19
1,55,159,1792,-392,19
1,55,159,1793,-392,8
1,55,159,1793,-392,19
1,55,160,1756,-366,0
1,55,160,1787,-490,97
1,55,161,1794,-366,8
1,55,161,1795,-500,0
1,55,162,1783,-366,0
1,55,162,1785,-366,0
1,55,162,1790,-366,8
1,55,162,1792,-366,0
1,55,162,1793,-366,8
1,55,162,1793,-366,18
1,55,162,1796,-366,0
1,55,162,1797,-366,0
1,55,163,1744,-366,0
1,55,163,1745,-366,18
1,55,163,1746,-366,18
1,55,163,1747,-366,18
1,55,163,1748,-366,18
1,55,163,1749,-366,18
1,55,163,1750,-366,18
1,55,163,1751,-366,18
1,55,163,1752,-366,18
1,55,163,1753,-366,18
1,55,163,1754,-366,18
1,55,163,1755,-366,18
1,55,163,1757,-366,18
1,55,163,1758,-366,18
1,55,163,1759,-366,18
1,55,163,1760,-366,18
1,55,163,1761,-366,18
1,55,163,1762,-366,18
1,55,163,1763,-366,18
1,55,163,1764,-366,18
1,55,163,1765,-366,18
1,55,163,1766,-366,18
1,55,163,1767,-366,18
1,55,163,1768,-366,18
1,55,163,1769,-366,18
1,55,163,1770,-366,18
1,55,163,1771,-366,18
1,55,163,1772,-366,18
1,55,163,1773,-366,18
1,55,163,1774,-366,18
1,55,163,1775,-366,18
1,55,163,1776,-366,18
1,55,163,1777,-366,18
1,55,163,1778,-366,18
1,55,163,1779,-366,18
1,55,163,1780,-366,18
1,55,163,1781,-366,18
1,55,163,1782,-366,18
1,55,163,1783,-366,0
1,55,163,1783,-366,18
1,55,163,1784,-366,18
1,55,163,1785,-366,18
1,55,163,1786,-366,18
1,55,163,1787,-366,18
1,55,163,1788,-366,18
1,55,163,1789,-366,18
1,55,163,1790,-366,18
1,55,163,1791,-366,0
1,55,163,1791,-366,18
1,55,163,1792,-366,18
1,55,163,1793,-366,8
1,55,163,1796,-366,0
1,55,164,1756,-340,0
1,55,164,1793,-366,8
1,55,164,1795,-431,0
1,55,164,1796,-340,0
1,55,164,1798,-366,0
1,55,165,1747,-340,0
1,55,165,1748,-340,0
1,55,165,1749,-340,0
1,55,165,1751,-340,0
1,55,165,1752,-340,0
1,55,165,1757,-340,0
1,55,165,1761,-340,0
1,55,165,1764,-340,0
1,55,165,1772,-340,0
1,55,165,1780,-340,0
1,55,165,1783,-500,0
1,55,165,1784,-340,0
1,55,165,1785,-340,0
1,55,165,1786,-490,97
1,55,165,1787,-492,85
1,55,165,1790,-340,0
1,55,165,1798,-366,-18
1,55,166,1795,-500,0
1,55,167,1794,-500,0
1,55,167,1794,-471,0
1,55,167,1795,-500,0
1,55,167,1796,-418,0
1,58,63,1837,-25,-6
1,58,75,1835,-75,-72
1,58,77,1836,-212,-10
1,58,81,1835,-157,212
1,58,82,1843,102,-20
1,58,82,1843,153,-30
1,58,85,1842,132,-126
1,58,85,1843,75,22
1,58,87,1837,40,-232
1,58,87,1843,138,-74
1,58,90,1839,-281,-70
1,58,90,1841,49,60
1,58,91,1818,-407,111
1,58,91,1837,100,-242
1,58,92,1812,-415,72
1,58,92,1820,-360,-80
1,58,92,1822,-372,122
1,58,94,1821,-358,-80
1,58,94,1842,121,-99
1,58,96,1842,-123,-44
1,58,97,1816,-419,-31
1,58,97,1816,-339,-292
1,58,97,1823,-299,-258
1,58,97,1832,105,-295
1,58,97,1834,-123,-375
1,58,98,1822,-305,-250
1,58,98,1823,-305,-250
1,58,98,1831,107,-325
1,58,99,1818,-279,-279
1,58,99,1831,98,-328
1,58,99,1834,-190,-404
1,58,99,1843,-173,-67
1,58,100,1819,-170,-442
1,58,100,1824,-151,-366
1,58,100,1824,-142,-369
1,58,100,1836,57,-258
1,58,101,1830,58,-391
1,58,101,1830,95,-383
1,58,101,1840,41,-208
1,58,101,1841,108,-182
1,58,102,1831,33,-341
1,58,102,1833,35,-367
1,58,102,1836,28,-289
1,58,102,1837,39,-261
1,58,102,1837,44,-257
1,58,103,1827,219,-297
1,58,103,1828,247,-274
1,58,103,1829,206,-240
1,58,103,1842,-150,-150
1,58,104,1826,-247,-148
1,58,104,1827,211,-301
1,58,105,1827,204,-307
1,58,106,1843,-22,-14
1,58,106,1843,0,-52
1,58,107,1803,0,500
1,58,107,1828,121,-202
1,58,112,1830,283,142
1,58,113,1792,-132,482
1,58,113,1792,-121,484
1,58,113,1825,-114,319
1,58,113,1827,-170,162
1,58,114,1823,-132,344
1,58,115,1790,-132,482
1,58,116,1816,-141,396
1,58,117,1811,-140,424
1,58,118,1812,-140,424
1,58,118,1812,-121,484
1,58,119,1806,-167,467
1,58,119,1812,-160,417
1,58,121,1809,-181,438
1,58,121,1811,-127,286
1,58,123,1804,-181,438
1,58,124,1804,-181,438
1,58,124,1819,-120,170
1,58,124,1879,-234,17
1,58,125,1839,316,-386
1,58,127,1805,-335,371
1,58,127,1856,-195,215
1,58,129,1854,-219,228
1,58,135,1857,-285,-35
1,58,135,1860,-419,-31
1,58,138,1862,-419,-41
1,58,139,1866,-419,-31
1,58,140,1866,-387,271
1,58,144,1861,-498,-37
1,58,144,1864,-361,345
1,58,144,1864,-148,449
1,58,147,1824,-287,408
1,58,147,1836,-361,345
1,58,148,1859,-335,371
1,58,148,1867,-361,345
1,58,149,1840,-345,361
1,58,149,1841,-394,306
1,58,149,1858,-361,345
1,58,149,1858,-335,371
1,58,149,1859,-361,345
1,58,150,1809,-361,345
1,58,150,1857,-326,378
1,58,150,1858,-361,345
1,58,152,1826,-335,371
1,58,153,1814,-359,343
1,58,153,1815,-359,343
1,58,153,1815,-351,351
1,58,153,1816,-359,343
1,58,153,1816,-351,351
1,58,153,1817,-359,343
1,58,153,1817,-351,351
1,58,153,1818,-351,351
1,58,153,1819,-359,343
1,58,153,1819,-351,351
1,58,153,1820,-359,343
1,58,153,1820,-351,351
1,58,153,1821,-359,343
1,58,153,1821,-351,351
1,58,153,1822,-351,351
1,58,153,1823,-359,343
1,58,153,1823,-351,351
1,58,153,1824,-359,343
1,58,153,1824,-344,358
1,58,153,1825,-351,351
1,58,153,1826,-351,351
1,58,153,1826,-334,368
1,58,153,1827,-359,343
1,58,153,1827,-351,351
1,58,153,1828,-359,343
1,58,153,1828,-351,351
1,58,153,1829,-359,343
1,58,153,1829,-351,351
1,58,153,1836,-345,361
1,58,153,1862,-498,-37
1,58,154,1814,-359,343
1,58,154,1816,-371,335
1,58,154,1823,-334,368
1,58,154,1824,-334,368
1,58,154,1829,-359,343
1,58,154,1830,-369,333
1,58,154,1830,-359,343
1,58,154,1832,-378,326
1,58,154,1862,-498,-37
1,58,155,1829,-359,343
1,58,156,1815,-340,325
1,58,156,1820,-340,325
1,58,156,1822,-340,325
1,58,156,1823,-340,325
1,58,156,1824,-357,307
1,58,156,1824,-340,325
1,58,156,1825,-340,325
1,58,156,1826,-340,325
1,58,156,1835,-402,296
1,58,157,1834,-402,296
1,58,157,1835,-408,287
1,58,157,1853,-500,0
1,58,157,1860,-500,0
1,58,158,1816,-371,335
1,58,158,1829,-378,326
1,58,160,1832,-402,296
1,58,161,1876,-500,0
1,58,165,1853,-500,0
1,58,166,1854,-500,0
1,58,166,1859,-500,0
1,58,166,1876,-500,0
1,58,167,1853,-500,0
1,58,167,1860,-500,0
1,58,168,1863,-498,-37
1,58,169,1863,-498,-37
1,85,36,2666,0,500
1,85,41,2652,156,474
1,85,45,2665,70,467
1,85,46,2664,70,467
1,85,47,2670,66,442
1,85,49,2677,40,416
1,85,51,2696,19,263
1,85,52,2677,0,421
1,85,52,2677,21,421
1,85,52,2684,0,369
1,85,84,2795,0,-366
1,85,104,2803,15,-314
1,85,105,2764,-141,75
1,85,105,2764,-74,110
1,85,105,2765,-70,169
1,85,105,2766,-15,158
1,85,106,2707,-230,-63
1,85,106,2764,-121,99
1,85,107,2764,0,52
1,85,107,2779,0,-26
1,85,107,2790,0,-392
1,85,107,2792,0,-261
1,85,107,2804,-167,-470
1,85,107,2805,-167,-470
1,85,107,2820,0,-340
1,85,108,2765,-207,25
1,85,110,2740,0,0
1,85,113,2740,0,0
1,85,120,2733,-312,-30
1,85,124,2700,-113,-108
1,85,125,2736,-378,-114
1,85,129,2678,-316,316
1,85,129,2748,-369,0
1,85,131,2740,-183,0
1,85,131,2790,-158,-175
1,85,133,2740,-157,0
1,85,133,2743,-157,0
1,85,135,2700,-126,31
1,85,135,2737,-394,29
1,85,135,2740,-130,0
1,85,136,2665,-402,296
1,85,136,2731,-335,101
1,85,137,2733,-148,276
1,85,137,2733,-111,207
1,85,137,2734,-173,323
1,85,137,2769,-416,-62
1,85,138,2735,-418,50
1,85,138,2735,-98,-437
1,85,138,2747,-421,0
1,85,138,2765,-419,-31
1,85,138,2768,-418,-51
1,85,138,2768,-416,-62
1,85,138,2769,-415,-72
1,85,139,2717,0,500
1,85,139,2718,0,500
1,85,139,2719,0,500
1,85,139,2720,0,500
1,85,139,2740,0,-183
1,85,139,2740,125,-457
1,85,139,2752,-37,-498
1,85,139,2752,0,-500
1,85,139,2754,0,-500
1,85,141,2731,-447,0
1,85,141,2746,-447,10
1,85,141,2747,-447,0
1,85,141,2748,-447,0
1,85,141,2749,-447,0
1,85,141,2751,-97,-490
1,85,141,2751,-74,-494
1,85,141,2752,-97,-490
1,85,141,2754,-85,-492
1,85,141,2757,-447,0
1,85,141,2758,-447,0
1,85,141,2760,-447,0
1,85,141,2761,-447,0
1,85,141,2763,-447,0
1,85,141,2767,-446,-43
1,85,142,2721,-167,470
1,85,142,2751,-167,-470
1,85,142,2751,-156,-474
1,85,142,2751,-121,-484
1,85,142,2751,-97,-490
1,85,142,2754,-109,-488
1,85,142,2757,-121,-484
1,85,142,2758,-447,0
1,85,142,2758,-97,-490
1,85,142,2763,-447,0
1,85,142,2774,-432,-119
1,85,142,2778,-442,-170
1,85,143,2721,-203,457
1,85,143,2732,-433,192
1,85,143,2750,-167,-470
1,85,143,2754,-167,-470
1,85,143,2754,-132,-482
1,85,143,2757,-132,-482
1,85,143,2758,-132,-482
1,85,143,2758,-121,-484
1,85,143,2759,-132,-482
1,85,144,2682,-132,482
1,85,144,2685,-167,470
1,85,144,2718,-191,462
1,85,144,2727,-335,371
1,85,144,2733,-387,271
1,85,144,2754,-212,-451
1,85,144,2754,-179,-466
1,85,144,2754,-156,-474
1,85,144,2756,-167,-470
1,85,144,2757,-156,-474
1,85,144,2758,-132,-482
1,85,144,2759,-156,-474
1,85,145,2748,-473,0
1,85,145,2756,-179,-466
1,85,145,2757,-179,-466
1,85,145,2757,-156,-474
1,85,145,2758,-167,-470
1,85,148,2713,-353,353
1,85,148,2715,-267,421
1,85,149,2756,-277,-416
1,85,150,2715,-287,408
1,85,151,2754,-441,-236
1,85,151,2755,-441,-236
1,85,152,2721,-402,296
1,85,152,2754,-345,-361
1,85,153,2749,-435,-246
1,85,153,2750,-500,0
1,85,154,2726,-482,132
1,85,154,2739,-500,0
1,85,154,2745,-474,-156
1,85,154,2746,-466,-179
1,85,154,2781,-335,-371
1,85,155,2746,-470,-167
1,85,155,2747,-306,-394
1,85,155,2748,-492,-85
1,85,155,2749,-500,0
1,85,155,2749,-306,-394
1,85,155,2751,-500,0
1,85,156,2724,-500,0
1,85,156,2746,-500,0
1,85,156,2747,-500,0
1,85,156,2748,-500,0
1,85,156,2748,-490,-97
1,85,156,2748,-287,-408
1,85,156,2749,-500,0
1,85,156,2750,-500,0
1,85,156,2751,-500,0
1,85,156,2752,-287,-408
1,85,158,2735,-494,-74
1,85,158,2760,-500,0
1,85,159,2727,-492,85
1,87,20,2741,0,421
1,87,101,2836,24,9
1,87,102,2836,0,0
1,87,102,2836,22,-13
1,87,102,2836,40,32
1,87,104,2829,-103,154
1,87,105,2828,-141,75
1,87,105,2828,-74,110
1,87,105,2829,-84,103
1,87,105,2829,-64,143
1,87,105,2830,-15,158
1,87,105,2831,-89,248
1,87,105,2831,-21,210
1,87,105,2831,-17,182
1,87,105,2866,15,-314
1,87,106,2828,-117,62
1,87,106,2828,-115,61
1,87,106,2828,-74,110
1,87,106,2829,-103,154
1,87,106,2829,-74,110
1,87,107,2828,-36,37
1,87,107,2828,-7,78
1,87,107,2828,0,52
1,87,107,2830,-25,210
1,87,107,2830,0,204
1,87,107,2831,0,178
1,87,107,2834,101,244
1,87,107,2836,61,87
1,87,107,2837,14,290
1,87,107,2839,0,0
1,87,107,2843,-2,-26
1,87,107,2843,0,-26
1,87,107,2847,-94,-50
1,87,108,2827,-125,-37
1,87,108,2831,-23,157
1,87,108,2858,-18,-369
1,87,109,2835,110,268
1,87,110,2755,-119,236
1,87,110,2826,76,-280
1,87,110,2831,67,-40
1,87,110,2831,117,-55
1,87,111,2795,-128,-90
1,87,111,2834,44,64
1,87,111,2845,-112,-238
1,87,112,2813,263,25
1,87,113,2828,-233,124
1,87,115,2825,-256,-137
1,87,117,2795,-23,-12
1,87,120,2839,-283,-63
1,87,123,2799,-389,-67
1,87,123,2840,-307,-76
1,87,124,2749,-208,268
1,87,124,2841,262,-215
1,87,128,2745,-258,332
1,87,129,2857,-274,-353
1,87,131,2782,-183,0
1,87,133,2789,-157,0
1,87,133,2795,-395,0
1,87,133,2816,-395,-9
1,87,133,2836,-378,-114
1,87,135,2816,-394,-29
1,87,137,2831,-418,-51
1,87,137,2833,-416,-62
1,87,137,2837,-403,-121
1,87,138,2756,-404,190
1,87,138,2789,-421,0
1,87,138,2842,-404,-190
1,87,139,2781,0,500
1,87,139,2782,0,500
1,87,139,2815,-421,0
1,87,139,2816,-419,-41
1,87,141,2772,-447,0
1,87,141,2776,-447,0
1,87,141,2787,-447,0
1,87,141,2795,-447,0
1,87,141,2798,-447,0
1,87,141,2813,-447,0
1,87,141,2814,-447,0
1,87,141,2815,-447,0
1,87,141,2816,-447,0
1,87,141,2817,-447,0
1,87,141,2818,-447,0
1,87,141,2819,-447,0
1,87,141,2820,-447,0
1,87,141,2821,-447,0
1,87,141,2822,-447,0
1,87,141,2823,-447,0
1,87,141,2824,-447,0
1,87,141,2825,-447,0
1,87,141,2826,-447,0
1,87,141,2827,-447,0
1,87,141,2831,-446,-43
1,87,141,2832,-446,-43
1,87,141,2832,-442,-66
1,87,141,2833,-441,-76
1,87,142,2760,-375,113
1,87,142,2795,-447,0
1,87,142,2811,-447,0
1,87,142,2812,-447,0
1,87,142,2814,-447,0
1,87,142,2815,-447,0
1,87,142,2817,-447,-10
1,87,142,2817,-447,0
1,87,142,2818,-447,0
1,87,142,2819,-447,0
1,87,142,2822,-447,0
1,87,142,2823,-447,0
1,87,142,2824,-447,0
1,87,142,2825,-447,0
1,87,142,2826,-447,0
1,87,142,2827,-447,0
1,87,142,2830,-446,-33
1,87,145,2788,-473,0
1,87,145,2811,-473,0
1,87,145,2815,-473,0
1,87,145,2823,-473,0
1,87,145,2824,-473,0
1,87,145,2825,-473,0
1,87,147,2843,-386,-316
1,87,147,2849,-470,-167
1,87,148,2778,-277,416
1,87,148,2779,-277,416
1,87,148,2782,-296,402
1,87,149,2840,-500,0
1,87,150,2782,-335,371
1,87,150,2792,-492,85
1,87,151,2782,-441,236
1,87,151,2848,-441,-236
1,87,151,2849,-441,-236
1,87,152,2848,-441,-236
1,87,152,2849,-441,-236
1,87,154,2845,-500,0
1,87,154,2848,-500,0
1,87,154,2849,-500,0
1,87,155,2788,-421,267
1,87,155,2789,-478,144
1,87,155,2790,-478,144
1,87,155,2838,-500,0
1,87,155,2841,-500,0
1,87,155,2841,-408,-287
1,87,155,2842,-484,-121
1,87,155,2842,-470,-167
1,87,155,2845,-500,0
1,87,155,2849,-500,0
1,87,156,2784,-500,0
1,87,156,2785,-500,0
1,87,156,2787,-457,203
1,87,156,2788,-500,0
1,87,156,2788,-402,296
1,87,156,2789,-500,0
1,87,156,2790,-478,144
1,87,156,2791,-500,0
1,87,156,2792,-500,0
1,87,156,2794,-500,0
1,87,156,2847,-429,-257
1,87,159,2827,-471,-11
1,89,20,2805,0,421
1,89,100,2827,25,3
1,89,100,2827,26,1
1,89,102,2827,26,0
1,89,103,2827,0,0
1,89,104,2834,-103,-155
1,89,105,2832,0,-212
1,89,105,2835,-74,-111
1,89,106,2827,-26,-2
1,89,106,2832,-66,-201
1,89,107,2802,0,447
1,89,107,2804,0,209
1,89,107,2807,0,395
1,89,107,2816,0,52
1,89,107,2818,0,238
1,89,107,2826,-15,20
1,89,107,2827,-94,-50
1,89,107,2828,101,-244
1,89,107,2830,-158,23
1,89,109,2817,-280,-77
1,89,109,2835,109,-141
1,89,109,2837,110,-269
1,89,109,2838,129,15
1,89,110,2829,142,-253
1,89,110,2851,-23,-75
1,89,110,2868,0,0
1,89,111,2834,-210,-112
1,89,112,2825,-179,49
1,89,113,2828,183,-225
1,89,113,2855,188,89
1,89,114,2825,40,-205
1,89,115,2793,-246,435
1,89,115,2825,-234,40
1,89,115,2825,-230,57
1,89,118,2868,0,0
1,89,120,2834,-281,343
1,89,121,2821,-271,104
1,89,124,2868,133,0
1,89,126,2806,-174,260
1,89,126,2851,-290,0
1,89,126,2851,-212,0
1,89,127,2809,-258,332
1,89,127,2851,-212,0
1,89,128,2809,-258,332
1,89,128,2851,-238,0
1,89,129,2850,-369,0
1,89,131,2851,-342,0
1,89,133,2845,-395,0
1,89,133,2848,-395,0
1,89,133,2850,-395,0
1,89,133,2851,-395,0
1,89,133,2882,-369,-8
1,89,134,2828,-383,95
1,89,134,2861,-383,95
1,89,134,2863,-389,67
1,89,135,2823,-390,161
1,89,135,2840,-421,0
1,89,135,2851,-369,0
1,89,136,2870,-130,0
1,89,136,2899,-101,-25
1,89,137,2830,-415,72
1,89,137,2860,-411,92
1,89,137,2871,-105,77
1,89,137,2896,-198,-369
1,89,138,2820,-404,190
1,89,138,2842,-421,21
1,89,138,2850,-421,0
1,89,138,2851,-421,0
1,89,138,2851,-395,0
1,89,139,2819,-411,92
1,89,139,2851,-421,0
1,89,139,2857,-453,136
1,89,141,2836,-447,0
1,89,141,2837,-447,0
1,89,141,2838,-447,0
1,89,141,2839,-447,0
1,89,141,2840,-447,0
1,89,141,2841,-447,0
1,89,141,2842,-447,0
1,89,141,2843,-447,0
1,89,141,2844,-447,0
1,89,141,2845,-447,0
1,89,141,2846,-447,0
1,89,141,2847,-447,0
1,89,141,2847,-446,33
1,89,141,2848,-447,0
1,89,141,2848,-446,33
1,89,141,2849,-447,0
1,89,141,2850,-447,0
1,89,141,2851,-447,0
1,89,141,2853,-447,0
1,89,142,2836,-447,0
1,89,142,2837,-447,0
1,89,142,2838,-447,0
1,89,142,2840,-447,0
1,89,142,2841,-447,0
1,89,142,2842,-447,0
1,89,142,2843,-447,0
1,89,142,2844,-447,0
1,89,142,2845,-447,0
1,89,142,2846,-447,0
1,89,142,2847,-447,0
1,89,142,2848,-447,0
1,89,142,2849,-447,0
1,89,142,2849,-447,10
1,89,142,2850,-447,0
1,89,142,2851,-447,0
1,89,142,2851,-421,0
1,89,142,2852,-447,0
1,89,145,2833,-473,23
1,89,145,2838,-473,0
1,89,145,2839,-473,0
1,89,145,2841,-473,0
1,89,145,2844,-473,0
1,89,145,2848,-473,0
1,89,145,2849,-473,0
1,89,145,2849,-473,10
1,89,145,2850,-473,0
1,89,145,2851,-473,0
1,89,145,2853,-473,0
1,89,147,2817,-482,132
1,89,149,2848,-473,0
1,89,149,2849,-473,0
1,89,149,2849,-473,10
1,89,149,2850,-473,0
1,89,149,2851,-473,0
1,89,149,2852,-473,0
1,89,150,2813,-441,236
1,89,151,2815,-371,335
1,89,151,2815,-361,345
1,89,151,2863,-500,0
1,89,152,2813,-361,345
1,89,152,2815,-378,326
1,89,152,2816,-394,306
1,89,152,2816,-361,345
1,89,152,2878,-402,-296
1,89,152,2879,-378,-326
1,89,153,2814,-361,345
1,89,153,2853,-478,144
1,89,153,2880,-378,-326
1,89,154,2819,-361,345
1,89,155,2871,-492,-85
1,89,156,2819,-306,394
1,89,156,2821,-306,394
1,89,156,2822,-306,394
1,89,156,2823,-306,394
1,89,156,2824,-500,0
1,89,157,2846,-500,0
1,89,157,2872,-490,-97
1,89,161,2851,-418,-21
1,89,162,2859,-482,132
1,89,167,2851,-500,0
2,83,43,2620,132,344
2,83,58,2642,255,-19
2,83,76,2606,0,290
2,83,78,2598,361,345
2,83,84,2614,0,340
2,83,86,2608,14,287
2,83,86,2611,15,314
2,83,86,2620,18,366
2,83,88,2626,247,237
2,83,100,2606,0,447
2,83,100,2610,0,421
2,83,100,2613,0,421
2,83,100,2615,0,395
2,83,100,2620,0,369
2,83,102,2595,274,353
2,83,104,2613,158,136
2,83,107,2757,0,-500
2,83,108,2596,0,500
2,83,109,2727,-31,-315
2,83,112,2614,-345,361
2,83,118,2607,0,290
2,83,120,2614,-345,361
2,83,120,2627,-280,240
2,83,124,2606,0,447
2,83,124,2618,0,380
2,83,124,2757,246,-435
2,83,125,2595,60,202
2,83,128,2614,-345,361
2,83,128,2712,-131,317
2,83,129,2711,-151,365
2,83,130,2617,-378,326
2,83,130,2707,-121,292
2,83,132,2704,-162,302
2,83,132,2712,58,390
2,83,136,2609,28,233
2,83,138,2619,-194,344
2,83,138,2702,-157,-142
2,83,139,2607,0,290
2,83,139,2700,0,104
2,83,139,2701,-146,218
2,83,139,2701,-5,223
2,83,139,2701,0,104
2,83,139,2702,-16,222
2,83,139,2702,-5,223
2,83,139,2702,0,104
2,83,139,2704,0,250
2,83,139,2706,0,250
2,83,139,2709,-26,1
2,83,139,2717,-1,-26
2,83,139,2723,0,-26
2,83,139,2724,0,-26
2,83,139,2731,-229,-219
2,83,139,2747,0,-444
2,83,139,2757,0,-500
2,83,139,2760,0,-500
2,83,139,2762,0,-500
2,83,140,2703,-21,-421
2,83,141,2619,23,155
2,83,141,2619,26,154
2,83,142,2616,-22,181
2,83,142,2618,80,103
2,83,142,2678,-46,-472
2,83,143,2710,-25,-341
2,83,143,2746,-74,-494
2,83,144,2706,-89,-357
2,83,144,2746,-109,-488
2,83,145,2745,-121,-484
2,83,145,2751,-109,-488
2,83,145,2761,-74,-494
2,83,145,2762,-109,-488
2,83,146,2617,-105,381
2,83,146,2620,-107,353
2,83,146,2621,-107,353
2,83,146,2684,-81,-466
2,83,146,2689,-54,-362
2,83,146,2690,-54,-362
2,83,146,2691,-58,-335
2,83,146,2692,-58,-335
2,83,146,2693,-54,-362
2,83,146,2694,-58,-335
2,83,146,2753,-132,-482
2,83,146,2759,-167,-470
2,83,147,2618,-114,378
2,83,147,2694,-54,-309
2,83,147,2699,-108,-433
2,83,147,2703,165,-202
2,83,147,2718,-108,-433
2,83,147,2760,-121,-484
2,83,148,2617,-123,375
2,83,148,2682,-111,-445
2,83,148,2688,-108,-433
2,83,148,2691,-108,-433
2,83,148,2692,-108,-433
2,83,148,2695,-108,-433
2,83,148,2697,-108,-433
2,83,148,2698,-108,-433
2,83,148,2707,290,-120
2,83,148,2717,-108,-433
2,83,148,2728,-141,-396
2,83,148,2731,-108,-433
2,83,148,2755,-132,-482
2,83,148,2758,-132,-482
2,83,148,2759,-121,-484
2,83,148,2760,-121,-484
2,83,149,2611,-136,450
2,83,149,2633,-130,0
2,83,149,2682,-126,-457
2,83,149,2686,-121,-484
2,83,149,2726,-121,-484
2,83,149,2727,-121,-484
2,83,149,2727,-114,-459
2,83,149,2728,-141,-396
2,83,149,2732,-140,-425
2,83,149,2761,-121,-484
2,83,149,2762,-121,-484
2,83,150,2608,-147,448
2,83,150,2682,-137,-453
2,83,150,2684,-137,-453
2,83,150,2685,-132,-482
2,83,150,2691,-107,-431
2,83,150,2692,-111,-445
2,83,150,2693,-100,-448
2,83,150,2699,-137,-453
2,83,151,2622,-174,325
2,83,151,2643,-208,20
2,83,151,2673,-171,-385
2,83,151,2689,-129,-468
2,83,151,2693,-118,-430
2,83,151,2697,-156,-474
2,83,151,2698,-159,-446
2,83,151,2759,-121,-484
2,83,152,2635,-154,26
2,83,152,2639,-155,180
2,83,152,2754,-132,-482
2,83,153,2616,-199,371
2,83,153,2676,-190,-404
2,83,153,2676,-182,-409
2,83,153,2677,-182,-409
2,83,153,2679,-190,-404
2,83,153,2684,-167,-470
2,83,153,2729,-144,-478
2,83,153,2734,-144,-478
2,83,154,2675,-201,-400
2,83,154,2676,-201,-400
2,83,154,2677,-182,-409
2,83,154,2731,-113,-343
2,83,154,2734,-192,-433
2,83,155,2650,-234,17
2,83,155,2665,-208,20
2,83,155,2677,-190,-404
2,83,155,2679,-201,-427
2,83,155,2679,-192,-433
2,83,155,2680,-201,-427
2,83,155,2688,-179,-466
2,83,156,2615,-230,384
2,83,156,2666,-234,17
2,83,156,2678,-224,-418
2,83,156,2678,-212,-424
2,83,156,2683,-172,-164
2,83,156,2684,-203,-457
2,83,156,2715,-287,-408
2,83,156,2716,-287,-408
2,83,156,2719,-287,-408
2,83,156,2728,-287,-408
2,83,156,2749,-500,0
2,83,157,2643,-234,17
2,83,157,2665,-234,17
2,83,157,2681,-212,-424
2,83,157,2693,-242,-344
2,83,157,2696,-217,-227
2,83,158,2634,-219,228
2,83,158,2666,-208,20
2,83,158,2682,-224,-447
2,83,158,2684,-237,17
2,83,158,2687,-212,-451
2,83,159,2644,-261,13
2,83,159,2666,-261,13
2,83,159,2666,-260,19
2,83,159,2684,-266,-326
2,83,159,2686,-212,-451
2,83,159,2687,-212,-451
2,83,159,2700,-227,-217
2,83,160,2646,-261,13
2,83,160,2684,-185,17
2,83,160,2706,-223,-260
2,83,161,2605,-353,353
2,83,161,2629,-248,273
2,83,161,2667,-290,0
2,83,162,2644,-287,14
2,83,162,2644,-78,0
2,83,163,2708,-241,-280
2,83,164,2610,-335,334
2,83,164,2712,-298,-298
2,83,165,2643,-134,128
2,83,165,2645,-314,7
2,83,165,2704,-203,-457
2,83,165,2705,-203,-457
2,83,165,2711,-258,-299
2,83,165,2720,-345,-361
2,83,166,2667,-418,0
2,83,166,2681,-391,58
2,83,166,2705,-212,-451
2,83,167,2683,-395,0
2,83,167,2704,-361,-345
2,83,168,2660,-421,0
2,83,168,2735,-345,-361
2,83,170,2680,-407,-112
2,83,170,2682,-419,41
2,83,171,2706,-361,-345
2,83,172,2602,-353,353
2,83,173,2674,-417,-160
2,83,173,2683,-447,0
2,83,173,2683,-447,10
2,83,173,2694,-447,0
2,83,174,2660,-447,0
2,83,174,2662,-314,0
2,83,174,2715,-361,-345
2,83,174,2716,-361,-345
2,83,174,2717,-361,-345
2,83,176,2681,-446,43
2,83,177,2660,-473,0
2,83,177,2683,-473,0
2,83,178,2617,-335,371
2,83,178,2714,-306,-394
2,83,180,2618,-345,361
2,83,180,2689,-335,-371
2,83,181,2625,-353,353
2,83,181,2625,-345,361
2,83,181,2660,-473,0
2,83,181,2693,-473,0
2,83,181,2712,-361,-345
2,83,181,2712,-345,-361
2,83,181,2725,-361,-345
2,83,182,2626,-353,353
2,83,182,2717,-316,-386
2,83,182,2719,-361,-345
2,83,183,2711,-361,-345
2,83,183,2717,-345,-361
2,83,183,2717,-326,-378
2,83,183,2724,-500,0
2,83,184,2719,-335,-371
2,83,184,2720,-316,-386
2,83,185,2699,-345,-361
2,83,185,2707,-345,-361
2,83,185,2711,-353,-353
2,83,185,2713,-345,-361
2,83,185,2714,-359,-344
2,83,185,2716,-359,-344
2,83,185,2716,-344,-359
2,83,185,2717,-359,-344
2,83,185,2717,-344,-359
2,83,185,2717,-334,-369
2,83,185,2718,-359,-344
2,83,185,2719,-359,-344
2,83,185,2719,-344,-359
2,83,185,2720,-359,-344
2,83,185,2720,-351,-351
2,83,185,2720,-344,-359
2,83,185,2721,-359,-344
2,83,185,2722,-359,-344
2,83,185,2722,-351,-351
2,83,185,2723,-359,-344
2,83,185,2724,-359,-344
2,83,185,2724,-351,-351
2,83,185,2725,-359,-344
2,83,185,2725,-351,-351
2,83,185,2726,-359,-344
2,83,185,2726,-351,-351
2,83,185,2727,-359,-344
2,83,185,2727,-351,-351
2,83,185,2728,-359,-344
2,83,185,2728,-351,-351
2,83,186,2683,-500,0
2,83,186,2707,-416,-277
2,83,186,2713,-351,-351
2,83,186,2713,-345,-361
2,83,186,2714,-369,-334
2,83,186,2714,-359,-344
2,83,186,2714,-351,-351
2,83,186,2718,-351,-351
2,83,186,2720,-344,-359
2,83,186,2720,-335,-371
2,83,186,2720,-334,-369
2,83,186,2721,-351,-351
2,83,186,2722,-351,-351
2,83,186,2725,-351,-351
2,83,186,2727,-351,-351
2,83,186,2729,-359,-344
2,83,187,2620,-345,361
2,83,187,2708,-408,-287
2,83,187,2714,-369,-334
2,83,187,2714,-359,-344
2,83,187,2715,-369,-334
2,83,188,2660,-500,0
2,83,188,2682,-498,48
2,83,188,2708,-408,-287
2,83,189,2682,-498,37
2,83,189,2684,-500,0
2,83,189,2692,-500,0
2,83,189,2708,-416,-277
2,83,189,2717,-340,-325
2,83,189,2720,-340,-325
2,83,189,2726,-340,-325
2,83,189,2729,-340,-325
2,83,189,2731,-340,-325
2,83,190,2667,-500,0
2,83,190,2668,-470,-167
2,83,191,2709,-416,-277
2,83,191,2711,-408,-287
2,83,191,2713,-408,-287
2,83,192,2711,-416,-277
2,83,193,2660,-500,0
2,83,193,2685,-500,0
2,83,193,2696,-500,0
2,83,195,2677,-488,109
2,83,196,2666,-340,0
2,83,198,2660,-500,0
2,83,198,2681,-498,48
2,83,198,2683,-500,0
2,83,198,2685,-500,0
2,83,198,2692,-500,0
2,83,198,2696,-500,0
2,83,199,2681,-500,25
2,83,199,2683,-500,0
2,83,199,2684,-500,0
2,83,199,2692,-500,0
2,83,200,2660,-500,0
2,83,200,2681,-500,0
2,83,200,2682,-500,11
2,83,200,2688,-500,0
2,84,34,2708,25,-7
2,84,62,2619,-191,462
2,84,107,2737,0,261
2,84,118,2740,0,0
2,84,122,2732,-7,78
2,84,127,2742,-227,322
2,84,129,2743,-151,365
2,84,130,2740,26,0
2,84,131,2740,-26,1
2,84,131,2740,11,77
2,84,132,2736,-162,302
2,84,132,2736,-154,306
2,84,132,2736,-123,319
2,84,132,2740,-242,-161
2,84,132,2740,-150,-279
2,84,132,2740,8,369
2,84,132,2740,22,-13
2,84,132,2740,48,61
2,84,132,2740,58,390
2,84,132,2740,219,296
2,84,132,2744,58,390
2,84,133,2733,-263,175
2,84,133,2733,76,-137
2,84,133,2733,114,126
2,84,133,2733,123,136
2,84,133,2738,-177,353
2,84,133,2738,-63,363
2,84,133,2740,0,0
2,84,133,2740,46,62
2,84,133,2740,198,371
2,84,133,2740,306,153
2,84,133,2749,-350,-233
2,84,134,2732,228,129
2,84,134,2733,-88,132
2,84,134,2738,-41,340
2,84,134,2738,-25,341
2,84,134,2739,28,287
2,84,134,2740,23,-12
2,84,135,2732,-117,62
2,84,135,2732,80,120
2,84,135,2733,-113,108
2,84,135,2739,-217,362
2,84,135,2740,-199,371
2,84,135,2740,0,0
2,84,136,2732,-120,132
2,84,136,2733,-171,155
2,84,136,2734,-66,170
2,84,136,2740,-56,321
2,84,136,2740,0,0
2,84,137,2732,-153,76
2,84,137,2732,-66,98
2,84,137,2735,7,157
2,84,137,2736,13,182
2,84,137,2740,250,0
2,84,138,2734,17,182
2,84,138,2738,-150,279
2,84,138,2740,0,250
2,84,138,2740,96,45
2,84,139,2733,0,184
2,84,139,2734,-387,-77
2,84,139,2740,81,0
2,84,139,2741,102,182
2,84,139,2741,159,89
2,84,139,2741,175,105
2,84,139,2743,-85,-207
2,84,139,2745,0,0
2,84,139,2745,19,267
2,84,139,2746,-10,-24
2,84,139,2749,-10,-24
2,84,139,2751,0,-52
2,84,139,2759,0,-395
2,84,139,2762,0,-183
2,84,139,2764,-209,0
2,84,140,2625,-23,234
2,84,140,2729,132,-75
2,84,140,2732,-195,-75
2,84,140,2736,-390,-161
2,84,140,2747,149,279
2,84,140,2763,-31,-419
2,84,141,2735,104,-5
2,84,143,2616,-85,492
2,84,143,2739,8,183
2,84,144,2735,191,233
2,84,144,2752,372,248
2,84,145,2753,-130,-230
2,84,145,2755,-98,-356
2,84,145,2762,-82,-413
2,84,147,2671,-85,492
2,84,147,2694,-102,408
2,84,147,2732,289,28
2,84,147,2762,-112,-407
2,84,148,2648,-108,433
2,84,148,2743,-107,353
2,84,148,2761,-121,-403
2,84,149,2615,-132,482
2,84,149,2616,-121,484
2,84,149,2667,-114,458
2,84,149,2743,419,41
2,84,149,2744,-121,403
2,84,149,2756,419,41
2,84,149,2764,-129,-428
2,84,150,2766,-140,-425
2,84,150,2768,-137,-453
2,84,151,2643,-267,421
2,84,153,2671,-170,442
2,84,158,2765,-496,60
2,84,159,2683,-290,0
2,84,160,2670,-246,369
2,84,162,2629,-335,371
2,84,162,2738,-235,-246
2,84,163,2673,-277,416
2,84,163,2750,209,-331
2,84,163,2763,-498,37
2,84,164,2643,-361,345
2,84,164,2745,-395,-211
2,84,165,2696,-290,373
2,84,167,2759,-500,25
2,84,168,2640,-335,371
2,84,169,2740,-407,-112
2,84,170,2741,-453,-137
2,84,171,2759,-500,-11
2,84,172,2740,-433,-108
2,84,173,2692,-447,0
2,84,173,2747,-433,-192
2,84,173,2757,-497,11
2,84,173,2758,-497,11
2,84,174,2749,-361,-345
2,84,175,2702,-209,0
2,84,175,2773,-345,-361
2,84,176,2739,-353,-353
2,84,178,2749,-500,0
2,84,178,2752,-471,23
2,84,178,2754,-471,10
2,84,178,2755,-471,10
2,84,178,2756,-471,10
2,84,178,2772,-345,-361
2,84,179,2773,-335,-371
2,84,180,2749,-500,0
2,84,181,2749,-500,0
2,84,181,2751,-444,0
2,84,181,2754,-361,-345
2,84,182,2748,-444,22
2,84,182,2750,-444,10
2,84,182,2752,-444,-10
2,84,182,2752,-444,10
2,84,182,2752,-361,-345
2,84,182,2757,-361,-345
2,84,183,2745,-353,-353
2,84,183,2750,-444,10
2,84,183,2751,-444,10
2,84,183,2754,-353,-353
2,84,183,2755,-353,-353
2,84,183,2764,-405,-242
2,84,184,2746,-478,-144
2,84,184,2750,-418,0
2,84,184,2754,-492,-85
2,84,185,2731,-359,-344
2,84,185,2732,-359,-344
2,84,185,2736,-359,-344
2,84,185,2737,-359,-344
2,84,185,2738,-359,-344
2,84,185,2739,-359,-344
2,84,185,2740,-359,-344
2,84,185,2741,-351,-351
2,84,185,2742,-359,-344
2,84,185,2743,-359,-344
2,84,185,2744,-359,-344
2,84,185,2745,-359,-344
2,84,185,2746,-359,-344
2,84,185,2747,-359,-344
2,84,185,2747,-351,-351
2,84,185,2748,-440,0
2,84,185,2748,-359,-344
2,84,185,2749,-418,0
2,84,185,2749,-359,-344
2,84,185,2750,-418,0
2,84,185,2750,-359,-344
2,84,185,2750,-351,-351
2,84,185,2751,-359,-344
2,84,185,2751,-351,-351
2,84,185,2752,-359,-344
2,84,185,2753,-359,-344
2,84,185,2754,-359,-344
2,84,185,2755,-359,-344
2,84,185,2755,-351,-351
2,84,185,2756,-359,-344
2,84,185,2756,-351,-351
2,84,185,2757,-359,-344
2,84,185,2758,-359,-344
2,84,185,2759,-359,-344
2,84,185,2759,-351,-351
2,84,185,2760,-359,-344
2,84,185,2769,-392,-261
2,84,186,2739,-351,-351
2,84,186,2740,-351,-351
2,84,186,2747,-351,-351
2,84,186,2748,-500,0
2,84,186,2748,-418,0
2,84,186,2748,-351,-351
2,84,186,2750,-418,-21
2,84,186,2750,-418,0
2,84,186,2750,-351,-351
2,84,186,2751,-418,-21
2,84,186,2751,-418,0
2,84,186,2754,-494,-74
2,84,186,2754,-351,-351
2,84,186,2756,-351,-351
2,84,186,2757,-351,-351
2,84,186,2758,-351,-351
2,84,186,2759,-351,-351
2,84,187,2745,-418,0
2,84,187,2746,-418,0
2,84,187,2747,-418,0
2,84,187,2747,-417,30
2,84,187,2748,-418,0
2,84,187,2748,-417,30
2,84,187,2749,-500,0
2,84,187,2750,-418,0
2,84,187,2751,-418,-21
2,84,187,2752,-418,0
2,84,188,2745,-418,0
2,84,188,2748,-500,0
2,84,188,2748,-414,0
2,84,188,2749,-500,0
2,84,188,2753,-472,-46
2,84,188,2754,-494,-74
2,84,188,2755,-492,-85
2,84,189,2747,-340,-325
2,84,189,2748,-500,0
2,84,189,2748,-414,0
2,84,189,2749,-500,0
2,84,189,2749,-392,0
2,84,189,2755,-494,-74
2,84,189,2755,-492,-85
2,84,189,2763,-340,-325
2,84,190,2749,-500,0
2,84,191,2745,-392,0
2,84,191,2755,-494,-74
2,84,197,2713,-500,0
2,84,198,2696,-500,0
2,84,198,2724,-500,0
2,84,200,2681,-500,0
2,86,107,2797,-26,-3
2,86,119,2810,-285,190
2,86,130,2732,-21,-14
2,86,130,2804,-121,292
2,86,130,2805,-290,373
2,86,131,2796,115,61
2,86,131,2796,128,25
2,86,133,2796,115,61
2,86,133,2799,-93,126
2,86,134,2805,-29,300
2,86,134,2818,-305,203
2,86,135,2796,18,75
2,86,136,2736,-70,-197
2,86,136,2739,125,37
2,86,137,2739,-21,-14
2,86,137,2814,-160,300
2,86,138,2731,-52,-5
2,86,138,2739,0,-52
2,86,139,2689,0,500
2,86,139,2727,-5,25
2,86,139,2739,25,-5
2,86,139,2739,115,-62
2,86,140,2739,138,-74
2,86,140,2740,-123,-27
2,86,140,2740,126,34
2,86,140,2740,129,15
2,86,140,2740,157,0
2,86,141,2688,-60,496
2,86,142,2692,-97,490
2,86,142,2742,198,132
2,86,143,2753,169,-70
2,86,145,2808,-151,-366
2,86,145,2826,-92,-411
2,86,146,2690,-167,470
2,86,149,2707,-140,424
2,86,149,2828,-140,-425
2,86,150,2713,-171,414
2,86,151,2768,457,203
2,86,155,2758,-159,0
2,86,155,2782,-191,-183
2,86,156,2750,-130,0
2,86,157,2750,-306,394
2,86,157,2750,-157,0
2,86,157,2759,-212,0
2,86,158,2758,-212,0
2,86,160,2750,-209,0
2,86,160,2785,-263,-26
2,86,161,2752,-290,0
2,86,161,2757,-211,-16
2,86,161,2787,-219,-229
2,86,161,2828,-500,0
2,86,162,2750,-52,0
2,86,165,2784,-366,0
2,86,166,2825,-500,0
2,86,167,2754,-418,0
2,86,167,2760,-418,0
2,86,167,2761,-418,0
2,86,167,2767,-418,0
2,86,167,2781,-392,0
2,86,167,2783,-418,0
2,86,167,2786,-418,0
2,86,167,2788,-418,0
2,86,167,2792,-418,0
2,86,168,2793,-335,-371
2,86,168,2824,-500,25
2,86,170,2749,-421,0
2,86,170,2750,-447,0
2,86,171,2757,-444,0
2,86,171,2823,-497,0
2,86,172,2824,-497,0
2,86,173,2747,-495,36
2,86,173,2750,-392,0
2,86,173,2763,-495,36
2,86,173,2782,-495,36
2,86,173,2821,-497,11
2,86,175,2803,-345,-361
2,86,176,2753,-471,0
2,86,176,2757,-471,0
2,86,176,2761,-471,0
2,86,176,2769,-471,0
2,86,176,2770,-471,0
2,86,176,2777,-471,0
2,86,176,2781,-471,0
2,86,176,2783,-471,0
2,86,176,2784,-471,0
2,86,176,2786,-471,0
2,86,176,2788,-471,0
2,86,176,2790,-471,0
2,86,176,2791,-471,0
2,86,176,2792,-471,0
2,86,176,2793,-471,0
2,86,176,2794,-471,0
2,86,176,2798,-353,-353
2,86,176,2819,-471,0
2,86,176,2822,-500,11
2,86,178,2747,-471,10
2,86,178,2750,-471,23
2,86,178,2752,-471,23
2,86,178,2758,-471,10
2,86,178,2758,-471,23
2,86,178,2759,-471,23
2,86,178,2763,-471,23
2,86,178,2765,-471,23
2,86,178,2768,-471,23
2,86,178,2776,-471,23
2,86,178,2779,-471,23
2,86,178,2782,-471,23
2,86,178,2784,-471,23
2,86,179,2745,-478,144
2,86,180,2749,-444,0
2,86,180,2785,-444,0
2,86,180,2789,-444,0
2,86,180,2794,-444,0
2,86,181,2809,-361,-345
2,86,181,2813,-353,-353
2,86,181,2815,-444,0
2,86,181,2817,-444,0
2,86,182,2749,-500,0
2,86,182,2814,-361,-345
2,86,182,2815,-444,-10
2,86,183,2749,-500,0
2,86,183,2803,-353,-353
2,86,183,2804,-353,-353
2,86,183,2815,-353,-353
2,86,184,2816,-353,-353
2,86,184,2816,-345,-361
2,86,185,2749,-500,0
2,86,185,2802,-344,-359
2,86,185,2806,-344,-359
2,86,185,2807,-344,-359
2,86,185,2808,-344,-359
2,86,185,2809,-344,-359
2,86,185,2810,-344,-359
2,86,185,2812,-344,-359
2,86,185,2815,-351,-351
2,86,185,2815,-344,-359
2,86,185,2816,-353,-353
2,86,185,2816,-344,-359
2,86,185,2817,-361,-345
2,86,185,2817,-344,-359
2,86,185,2818,-344,-359
2,86,186,2800,-351,-351
2,86,186,2802,-351,-351
2,86,186,2803,-351,-351
2,86,186,2805,-351,-351
2,86,186,2808,-344,-359
2,86,186,2809,-351,-351
2,86,186,2810,-418,0
2,86,186,2811,-418,0
2,86,186,2811,-351,-351
2,86,186,2813,-351,-351
2,86,186,2814,-418,0
2,86,186,2814,-351,-351
2,86,186,2815,-418,0
2,86,186,2815,-351,-351
2,86,186,2816,-344,-359
2,86,186,2817,-353,-353
2,86,186,2818,-344,-359
2,86,186,2819,-353,-353
2,86,186,2819,-344,-359
2,86,187,2744,-482,132
2,86,187,2747,-418,0
2,86,187,2747,-417,30
2,86,187,2748,-417,30
2,86,187,2749,-417,30
2,86,187,2750,-417,30
2,86,187,2751,-417,30
2,86,187,2752,-418,-21
2,86,187,2752,-417,30
2,86,187,2753,-417,30
2,86,187,2754,-418,0
2,86,187,2754,-417,30
2,86,187,2755,-417,30
2,86,187,2756,-418,0
2,86,187,2756,-417,30
2,86,187,2757,-418,0
2,86,187,2757,-417,30
2,86,187,2758,-417,30
2,86,187,2759,-417,30
2,86,187,2760,-417,30
2,86,187,2762,-417,30
2,86,187,2763,-417,30
2,86,187,2764,-417,30
2,86,187,2765,-417,30
2,86,187,2766,-417,30
2,86,187,2767,-417,30
2,86,187,2768,-417,30
2,86,187,2769,-417,30
2,86,187,2770,-417,30
2,86,187,2771,-417,30
2,86,187,2772,-417,30
2,86,187,2773,-417,30
2,86,187,2774,-417,30
2,86,187,2775,-417,30
2,86,187,2776,-417,30
2,86,187,2777,-417,30
2,86,187,2778,-417,30
2,86,187,2779,-417,30
2,86,187,2780,-417,30
2,86,187,2782,-417,30
2,86,187,2783,-417,30
2,86,187,2784,-417,30
2,86,187,2785,-417,30
2,86,187,2786,-417,30
2,86,187,2787,-418,0
2,86,187,2787,-417,30
2,86,187,2788,-417,30
2,86,187,2789,-417,30
2,86,187,2790,-418,0
2,86,187,2790,-417,30
2,86,187,2791,-418,0
2,86,187,2791,-417,30
2,86,187,2792,-417,30
2,86,187,2793,-417,30
2,86,187,2810,-418,0
2,86,187,2811,-418,0
2,86,187,2812,-418,0
2,86,187,2813,-500,0
2,86,187,2813,-418,0
2,86,187,2814,-418,0
2,86,187,2816,-418,0
2,86,187,2818,-353,-353
2,86,187,2820,-345,-361
2,86,188,2745,-418,0
2,86,188,2820,-361,-345
2,86,188,2820,-353,-353
2,86,189,2787,-392,0
2,86,189,2820,-353,-353
2,86,190,2748,-392,0
2,86,190,2749,-500,0
2,86,190,2750,-392,-9
2,86,190,2750,-392,0
2,86,190,2751,-392,-9
2,86,190,2751,-392,0
2,86,190,2809,-392,0
2,86,190,2810,-392,0
2,86,190,2811,-392,0
2,86,191,2738,-478,144
2,86,191,2748,-500,0
2,86,191,2748,-392,0
2,86,191,2751,-392,-9
2,86,191,2751,-392,0
2,86,191,2753,-392,-9
2,86,191,2754,-392,-9
2,86,191,2756,-492,-85
2,86,191,2760,-392,19
2,86,191,2791,-392,19
2,86,191,2792,-392,19
2,86,191,2808,-392,0
2,86,191,2809,-392,0
2,86,191,2810,-392,0
2,86,192,2739,-470,167
2,86,192,2794,-500,0
2,86,193,2749,-500,0
2,86,193,2787,-366,0
2,86,194,2739,-474,156
2,86,194,2748,-366,0
2,86,194,2750,-366,-8
2,86,194,2750,-366,0
2,86,194,2751,-366,-8
2,86,194,2751,-366,0
2,86,194,2754,-366,-8
2,86,194,2769,-366,0
2,86,195,2745,-366,0
2,86,195,2746,-366,18
2,86,195,2747,-366,0
2,86,195,2747,-366,18
2,86,195,2748,-366,0
2,86,195,2748,-366,18
2,86,195,2749,-500,0
2,86,195,2749,-366,0
2,86,195,2749,-366,18
2,86,195,2750,-366,0
2,86,195,2750,-366,18
2,86,195,2751,-366,-8
2,86,195,2751,-366,18
2,86,195,2752,-366,-8
2,86,195,2752,-366,0
2,86,195,2752,-366,18
2,86,195,2753,-366,-8
2,86,195,2753,-366,18
2,86,195,2754,-366,0
2,86,195,2754,-366,18
2,86,195,2755,-366,0
2,86,195,2755,-366,18
2,86,195,2756,-366,0
2,86,195,2756,-366,18
2,86,195,2757,-366,0
2,86,195,2757,-366,18
2,86,195,2758,-366,0
2,86,195,2758,-366,18
2,86,195,2759,-366,18
2,86,195,2760,-366,18
2,86,195,2761,-366,18
2,86,195,2762,-366,0
2,86,195,2762,-366,18
2,86,195,2763,-366,18
2,86,195,2764,-366,18
2,86,195,2765,-366,18
2,86,195,2766,-366,18
2,86,195,2767,-366,0
2,86,195,2767,-366,18
2,86,195,2768,-366,18
2,86,195,2769,-366,18
2,86,195,2770,-366,18
2,86,195,2771,-366,18
2,86,195,2772,-366,18
2,86,195,2773,-366,0
2,86,195,2773,-366,18
2,86,195,2774,-366,18
2,86,195,2775,-366,18
2,86,195,2776,-366,0
2,86,195,2776,-366,18
2,86,195,2777,-366,18
2,86,195,2778,-366,18
2,86,195,2779,-366,18
2,86,195,2780,-366,18
2,86,195,2781,-366,18
2,86,195,2782,-366,0
2,86,195,2782,-366,18
2,86,195,2783,-366,0
2,86,195,2783,-366,18
2,86,195,2784,-366,0
2,86,195,2784,-366,18
2,86,195,2785,-366,18
2,86,195,2786,-366,18
2,86,195,2787,-366,0
2,86,195,2787,-366,18
2,86,195,2788,-366,18
2,86,195,2789,-366,18
2,86,195,2790,-366,0
2,86,195,2790,-366,18
2,86,195,2791,-366,-8
2,86,195,2791,-366,0
2,86,195,2791,-366,18
2,86,195,2792,-366,0
2,86,195,2792,-366,18
2,86,196,2737,-478,144
2,86,196,2738,-478,144
2,86,196,2745,-366,0
2,86,196,2748,-500,0
2,86,196,2748,-361,0
2,86,196,2748,-340,0
2,86,196,2750,-340,0
2,86,196,2757,-494,-74
2,86,196,2788,-340,0
2,86,197,2748,-361,0
2,86,197,2749,-340,0
2,86,197,2751,-340,0
2,86,197,2753,-340,0
2,86,197,2754,-340,0
2,86,197,2755,-340,0
2,86,197,2756,-340,0
2,86,197,2757,-494,-74
2,86,197,2757,-492,-85
2,86,197,2757,-340,0
2,86,197,2760,-500,0
2,86,197,2760,-340,0
2,86,197,2761,-340,0
2,86,197,2762,-340,0
2,86,197,2766,-340,0
2,86,197,2767,-340,0
2,86,197,2769,-340,0
2,86,197,2770,-340,0
2,86,197,2771,-340,0
2,86,197,2772,-340,0
2,86,197,2776,-340,0
2,86,197,2777,-340,0
2,86,197,2781,-500,0
2,86,197,2781,-340,0
2,86,197,2782,-340,0
2,86,197,2783,-340,0
2,86,197,2784,-340,0
2,86,197,2785,-340,0
2,86,197,2786,-340,0
2,86,197,2787,-340,0
2,86,197,2788,-340,0
2,86,197,2789,-340,0
2,86,197,2790,-340,0
2,86,197,2791,-340,0
2,86,197,2792,-340,0
2,86,197,2793,-340,0
2,86,197,2794,-500,0
2,86,197,2794,-340,0
2,86,198,2739,-478,144
2,86,198,2740,-478,144
2,86,198,2749,-500,0
2,86,199,2748,-500,0
2,86,200,2749,-500,0
2,86,201,2749,-500,0
2,90,98,2836,75,250
2,90,99,2836,74,248
2,90,101,2836,201,201
2,90,101,2836,218,187
2,90,102,2836,194,194
2,90,102,2836,198,198
2,90,102,2836,201,201
2,90,103,2836,312,94
2,90,107,2837,-293,265
2,90,107,2838,0,250
2,90,107,2842,0,104
2,90,107,2842,0,282
2,90,107,2853,-3,25
2,90,107,2856,-16,19
2,90,107,2858,0,26
2,90,107,2859,-219,328
2,90,107,2859,-26,-2
2,90,107,2860,-23,-12
2,90,107,2861,-23,-12
2,90,107,2862,-106,-117
2,90,107,2864,0,0
2,90,108,2838,323,173
2,90,108,2842,109,362
2,90,108,2856,-43,287
2,90,108,2860,-46,207
2,90,110,2851,-119,236
2,90,110,2860,-56,204
2,90,111,2844,-366,-18
2,90,111,2854,-115,350
2,90,111,2855,-99,300
2,90,111,2867,-6,-51
2,90,112,2839,-77,387
2,90,112,2853,-132,344
2,90,112,2855,-225,183
2,90,113,2835,-72,414
2,90,113,2847,-248,273
2,90,114,2841,-142,368
2,90,116,2846,-149,334
2,90,116,2854,-249,-89
2,90,116,2859,-179,-40
2,90,116,2863,-31,-207
2,90,117,2853,-313,-139
2,90,118,2860,-57,-255
2,90,118,2863,22,-234
2,90,118,2865,17,-182
2,90,118,2865,144,-151
2,90,119,2847,-211,-333
2,90,119,2853,-217,-227
2,90,119,2862,51,-232
2,90,119,2863,62,-227
2,90,119,2865,140,-155
2,90,120,2853,-203,-203
2,90,120,2854,-386,-86
2,90,120,2865,17,-182
2,90,121,2850,-114,-378
2,90,121,2855,-230,-63
2,90,121,2855,-205,-205
2,90,121,2856,-204,-56
2,90,121,2859,-84,-305
2,90,121,2865,17,-182
2,90,121,2865,31,-180
2,90,121,2866,117,-176
2,90,121,2867,164,-87
2,90,122,2853,-351,-318
2,90,122,2854,-99,-328
2,90,122,2856,-99,-328
2,90,122,2859,-121,-293
2,90,122,2860,35,-288
2,90,122,2862,-63,-230
2,90,122,2865,146,-220
2,90,122,2867,89,-128
2,90,122,2867,92,-126
2,90,123,2854,-319,-275
2,90,123,2855,-107,-325
2,90,123,2859,157,-333
2,90,123,2862,28,-289
2,90,123,2863,25,-263
2,90,123,2865,90,-191
2,90,123,2865,146,-220
2,90,123,2866,117,-176
2,90,124,2854,-333,-157
2,90,124,2854,-319,-275
2,90,124,2856,-239,-377
2,90,124,2860,-57,-255
2,90,124,2861,30,-315
2,90,124,2864,-127,-201
2,90,124,2864,74,-226
2,90,125,2847,-280,-241
2,90,125,2856,-115,-323
2,90,125,2856,-107,-325
2,90,125,2860,-58,-258
2,90,125,2862,63,-256
2,90,125,2863,118,-236
2,90,125,2867,153,-42
2,90,126,2852,-297,-219
2,90,126,2852,-291,-226
2,90,126,2854,-225,-183
2,90,126,2854,-199,-372
2,90,126,2857,-212,-301
2,90,126,2858,-160,-417
2,90,126,2859,-12,-238
2,90,126,2860,-26,-263
2,90,126,2860,13,-264
2,90,126,2863,-71,-172
2,90,126,2863,22,-234
2,90,126,2866,-160,-96
2,90,126,2866,88,-133
2,90,126,2866,101,-152
2,90,126,2867,94,-50
2,90,126,2867,121,-99
2,90,126,2867,123,-101
2,90,127,2855,-242,-312
2,90,127,2857,-227,-323
2,90,127,2858,-151,-393
2,90,127,2860,-111,-269
2,90,127,2861,-253,-400
2,90,127,2864,17,-185
2,90,127,2864,20,-211
2,90,127,2866,59,-89
2,90,128,2848,-119,-432
2,90,128,2856,-127,-201
2,90,128,2857,-171,-414
2,90,128,2857,-111,-269
2,90,128,2857,0,-447
2,90,128,2857,53,-444
2,90,128,2859,-141,-223
2,90,128,2859,-95,-247
2,90,128,2862,-199,-372
2,90,128,2866,73,-111
2,90,129,2854,-168,-357
2,90,129,2855,-160,-361
2,90,129,2855,-141,-341
2,90,129,2858,-219,-297
2,90,129,2859,-212,-301
2,90,129,2859,-21,-289
2,90,129,2863,10,-209
2,90,129,2866,103,-155
2,90,130,2857,-23,-315
2,90,130,2862,-10,-212
2,90,130,2863,-15,-208
2,90,130,2864,-233,-285
2,90,130,2864,20,-211
2,90,130,2865,-312,-242
2,90,130,2865,-260,-223
2,90,131,2853,225,-355
2,90,131,2855,-138,-311
2,90,131,2861,13,-264
2,90,131,2862,-203,-276
2,90,131,2862,-197,-280
2,90,131,2864,20,-211
2,90,131,2867,138,-74
2,90,132,2853,217,-362
2,90,132,2858,50,-339
2,90,132,2865,-318,-234
2,90,133,2850,-355,225
2,90,133,2860,-146,-309
2,90,133,2866,151,-144
2,90,133,2867,-271,-104
2,90,134,2851,339,-203
2,90,134,2866,-418,-51
2,90,135,2851,211,-301
2,90,135,2851,219,-297
2,90,135,2853,-159,-239
2,90,135,2859,-189,-377
2,90,135,2860,-17,-234
2,90,135,2865,-61,-172
2,90,136,2849,393,-151
2,90,136,2851,211,-301
2,90,136,2866,-64,-82
2,90,137,2848,-372,248
2,90,137,2861,-90,-218
2,90,137,2862,-90,-218
2,90,137,2863,-10,-209
2,90,140,2851,325,-174
2,90,140,2863,-15,-208
2,90,143,2840,-144,478
2,90,145,2844,-98,355
2,90,147,2918,-54,-309
2,90,151,2827,-137,453
2,90,151,2832,-140,424
2,90,156,2832,-361,345
2,90,156,2906,-201,-427
2,90,156,2923,-323,309
2,90,157,2835,-494,-74
2,90,158,2835,-500,0
2,90,159,2921,-342,-8
2,90,162,2837,-500,0
2,90,162,2838,-498,-37
2,90,163,2836,-500,0
2,90,165,2844,-500,0
2,90,166,2837,-500,-25
2,90,166,2838,-500,0
2,90,166,2839,-500,0
2,90,167,2839,-500,-25
2,90,167,2839,-500,0
2,90,167,2840,-500,-25
2,90,167,2840,-500,0
2,90,167,2852,-500,-25
2,90,167,2921,-395,-9
2,90,168,2819,-335,371
2,90,168,2840,-500,25
2,90,171,2838,-500,11
2,90,171,2841,-497,0
2,90,171,2842,-497,0
2,90,171,2912,-326,378
2,90,171,2919,-407,111
2,90,171,2922,-419,-31
2,90,172,2850,-497,11
2,90,173,2840,-497,11
2,90,173,2841,-497,11
2,90,173,2860,-287,408
2,90,173,2861,-439,87
2,90,175,2844,-500,11
2,90,175,2848,-494,74
2,90,176,2843,-471,0
2,90,176,2850,-471,10
2,90,176,2920,-148,449
2,90,177,2844,-471,0
2,90,177,2845,-500,0
2,90,177,2845,-471,-11
2,90,177,2845,-471,0
2,90,177,2857,-484,-121
2,90,178,2844,-471,10
2,90,178,2845,-471,10
2,90,178,2847,-471,-11
2,90,179,2844,-444,0
2,90,179,2900,-345,361
2,90,180,2844,-444,0
2,90,180,2915,-361,345
2,90,180,2915,-335,371
2,90,180,2923,-361,345
2,90,181,2846,-492,85
2,90,181,2846,-444,-10
2,90,181,2848,-444,0
2,90,181,2849,-444,0
2,90,181,2893,-345,361
2,90,181,2897,-345,361
2,90,181,2914,-361,345
2,90,181,2914,-335,371
2,90,181,2922,-473,-24
2,90,182,2846,-494,74
2,90,182,2846,-492,85
2,90,182,2847,-378,326
2,90,182,2849,-444,-22
2,90,182,2896,-353,353
2,90,183,2826,-335,371
2,90,183,2846,-444,10
2,90,183,2847,-444,10
2,90,183,2858,-490,-97
2,90,184,2894,-345,361
2,90,185,2839,-359,343
2,90,185,2839,-351,351
2,90,185,2840,-359,343
2,90,185,2840,-351,351
2,90,185,2841,-359,343
2,90,185,2841,-351,351
2,90,185,2842,-359,343
2,90,185,2842,-351,351
2,90,185,2843,-359,343
2,90,185,2843,-351,351
2,90,185,2844,-359,343
2,90,185,2844,-351,351
2,90,185,2845,-359,343
2,90,185,2845,-351,351
2,90,185,2846,-359,343
2,90,185,2846,-351,351
2,90,185,2847,-359,343
2,90,185,2847,-351,351
2,90,185,2848,-359,343
2,90,185,2848,-351,351
2,90,185,2849,-359,343
2,90,185,2849,-351,351
2,90,185,2850,-359,343
2,90,185,2850,-351,351
2,90,185,2851,-418,0
2,90,185,2851,-359,343
2,90,185,2851,-351,351
2,90,185,2852,-359,343
2,90,185,2852,-351,351
2,90,185,2853,-359,343
2,90,185,2853,-351,351
2,90,185,2854,-359,343
2,90,185,2854,-351,351
2,90,185,2855,-359,343
2,90,185,2855,-351,351
2,90,185,2856,-359,343
2,90,185,2856,-351,351
2,90,185,2857,-359,343
2,90,185,2857,-351,351
2,90,185,2858,-359,343
2,90,185,2858,-351,351
2,90,185,2859,-359,343
2,90,185,2859,-351,351
2,90,185,2860,-351,351
2,90,185,2861,-359,343
2,90,185,2862,-359,343
2,90,185,2862,-351,351
2,90,185,2863,-359,343
2,90,185,2863,-351,351
2,90,185,2864,-351,351
2,90,185,2865,-359,343
2,90,185,2866,-359,343
2,90,185,2866,-351,351
2,90,185,2867,-359,343
2,90,185,2867,-351,351
2,90,185,2868,-351,351
2,90,185,2893,-353,353
2,90,186,2841,-344,358
2,90,186,2842,-344,358
2,90,186,2845,-492,85
2,90,186,2846,-378,326
2,90,186,2846,-344,358
2,90,186,2849,-418,21
2,90,186,2850,-418,0
2,90,186,2850,-418,21
2,90,186,2850,-344,358
2,90,186,2851,-418,0
2,90,186,2852,-344,358
2,90,186,2853,-418,0
2,90,186,2853,-344,358
2,90,186,2854,-344,358
2,90,186,2863,-344,358
2,90,186,2864,-344,358
2,90,187,2846,-470,57
2,90,187,2847,-472,46
2,90,187,2849,-418,21
2,90,187,2849,-417,30
2,90,187,2850,-418,21
2,90,187,2851,-418,0
2,90,187,2854,-418,0
2,90,188,2843,-340,325
2,90,188,2844,-340,325
2,90,188,2845,-494,74
2,90,188,2845,-492,85
2,90,188,2845,-340,325
2,90,188,2846,-340,325
2,90,188,2847,-446,43
2,90,188,2847,-340,325
2,90,188,2848,-340,325
2,90,188,2849,-340,325
2,90,188,2850,-340,325
2,90,188,2851,-340,325
2,90,188,2852,-340,325
2,90,188,2853,-340,325
2,90,188,2854,-418,0
2,90,188,2854,-340,325
2,90,188,2855,-418,0
2,90,188,2855,-340,325
2,90,188,2856,-340,325
2,90,188,2857,-340,325
2,90,188,2859,-340,325
2,90,188,2860,-340,325
2,90,188,2861,-340,325
2,90,188,2864,-340,325
2,90,188,2865,-340,325
2,90,189,2844,-488,109
2,90,189,2849,-421,9
2,90,189,2849,-392,8
2,90,189,2850,-392,0
2,90,189,2851,-392,0
2,90,190,2840,-371,335
2,90,190,2842,-371,335
2,90,190,2846,-468,70
2,90,190,2847,-472,46
2,90,190,2847,-446,43
2,90,190,2848,-371,335
2,90,190,2849,-412,30
2,90,190,2849,-392,8
2,90,190,2850,-371,335
2,90,190,2852,-392,0
2,90,190,2853,-371,335
2,90,190,2854,-371,335
2,90,190,2856,-371,335
2,90,191,2846,-496,60
2,90,193,2920,-500,0
2,90,198,2884,-500,0
2,90,198,2912,-500,0
2,90,198,2920,-500,0
2,91,95,2893,-274,-248
2,91,95,2893,-25,-6
2,91,99,2891,48,-65
2,91,107,2859,-224,447
2,91,107,2869,0,421
2,91,115,2899,72,-108
2,91,122,2856,-296,402
2,91,129,2872,-339,-292
2,91,130,2885,-129,-257
2,91,131,2872,-353,-274
2,91,131,2890,-190,-404
2,91,131,2897,-344,-194
2,91,133,2890,-201,-400
2,91,135,2897,-61,-172
2,91,136,2894,19,-260
2,91,138,2877,5,104
2,91,138,2899,-28,-44
2,91,139,2851,0,500
2,91,139,2869,0,421
2,91,139,2889,-26,-2
2,91,139,2889,-26,-1
2,91,139,2891,-21,-14
2,91,139,2893,-12,-23
2,91,139,2893,0,0
2,91,139,2896,-273,-182
2,91,139,2896,-152,-101
2,91,139,2896,-74,-138
2,91,139,2896,0,0
2,91,139,2897,-74,-138
2,91,139,2898,-74,-138
2,91,139,2899,-189,-119
2,91,139,2899,-74,-138
2,91,139,2899,0,-130
2,91,140,2848,-109,488
2,91,140,2849,-121,484
2,91,140,2891,-22,-13
2,91,140,2891,0,0
2,91,142,2840,-144,478
2,91,142,2912,239,159
2,91,142,2914,239,159
2,91,142,2923,260,173
2,91,142,2924,260,173
2,91,143,2840,-144,478
2,91,143,2925,260,173
2,91,143,2926,260,173
2,91,144,2858,-121,484
2,91,144,2891,-271,53
2,91,144,2892,-205,40
2,91,144,2912,350,233
2,91,145,2851,-132,482
2,91,145,2853,-132,482
2,91,145,2898,182,17
2,91,145,2911,312,30
2,91,145,2912,312,30
2,91,146,2876,-92,464
2,91,146,2879,48,498
2,91,146,2888,-96,382
2,91,146,2925,338,33
2,91,146,2926,338,33
2,91,147,2844,-132,482
2,91,147,2845,-132,482
2,91,148,2842,-121,484
2,91,148,2844,-121,484
2,91,148,2876,-108,433
2,91,148,2879,-108,433
2,91,148,2880,-108,433
2,91,148,2884,-97,490
2,91,148,2893,-114,458
2,91,149,2881,-140,424
2,91,149,2903,340,-141
2,91,150,2896,-129,428
2,91,151,2902,-171,385
2,91,152,2841,-132,482
2,91,152,2846,-257,429
2,91,152,2864,-121,484
2,91,152,2895,-170,442
2,91,152,2896,-170,442
2,91,153,2892,-170,442
2,91,153,2895,-181,438
2,91,154,2892,-181,438
2,91,154,2912,-75,72
2,91,155,2887,-287,408
2,91,155,2889,-148,449
2,91,155,2911,-75,106
2,91,155,2913,-113,108
2,91,156,2856,-306,394
2,91,156,2890,-277,416
2,91,156,2891,-361,345
2,91,156,2911,-96,123
2,91,157,2890,-316,386
2,91,157,2909,-242,311
2,91,158,2884,-335,371
2,91,158,2893,-172,200
2,91,158,2917,-212,423
2,91,159,2883,-335,371
2,91,159,2885,-335,371
2,91,159,2905,-250,339
2,91,159,2910,-279,279
2,91,160,2891,-195,215
2,91,160,2897,-335,371
2,91,160,2905,-274,353
2,91,160,2905,-266,325
2,91,161,2869,-335,371
2,91,161,2873,-335,371
2,91,161,2897,-253,399
2,91,161,2901,-266,360
2,91,161,2906,-300,332
2,91,162,2889,-212,234
2,91,162,2897,-219,228
2,91,162,2905,-292,339
2,91,163,2890,-326,378
2,91,163,2900,-306,394
2,91,163,2903,-309,358
2,91,164,2881,-224,447
2,91,164,2893,-361,345
2,91,164,2894,-287,408
2,91,164,2894,-277,416
2,91,164,2899,-361,345
2,91,164,2902,-318,351
2,91,164,2902,-309,358
2,91,164,2923,-367,-36
2,91,165,2893,-287,408
2,91,165,2894,-287,408
2,91,165,2897,-290,373
2,91,165,2901,-309,358
2,91,165,2902,-292,339
2,91,166,2897,-300,366
2,91,166,2897,-290,373
2,91,166,2898,-300,366
2,91,167,2856,-345,361
2,91,167,2886,-267,421
2,91,167,2890,-361,345
2,91,167,2890,-345,361
2,91,167,2891,-361,345
2,91,167,2892,-361,345
2,91,167,2895,-345,361
2,91,167,2902,-345,361
2,91,167,2905,216,405
2,91,167,2908,-447,0
2,91,167,2912,-361,345
2,91,167,2921,-395,-9
2,91,168,2873,-335,371
2,91,168,2883,-300,160
2,91,168,2891,-345,361
2,91,168,2924,-407,111
2,91,169,2890,-335,371
2,91,169,2895,-361,345
2,91,169,2896,-335,371
2,91,169,2897,-335,371
2,91,170,2892,-345,361
2,91,170,2892,-306,394
2,91,170,2909,-421,0
2,91,170,2921,-421,0
2,91,171,2886,-345,361
2,91,171,2890,-378,326
2,91,171,2894,-361,345
2,91,171,2894,-353,353
2,91,171,2908,0,459
2,91,171,2921,-457,125
2,91,171,2922,-419,-31
2,91,172,2891,-287,408
2,91,173,2869,-335,371
2,91,173,2882,-335,371
2,91,173,2891,-335,371
2,91,173,2893,-335,371
2,91,173,2917,-447,0
2,91,174,2882,-353,353
2,91,174,2883,-353,353
2,91,174,2891,-353,353
2,91,174,2891,-345,361
2,91,174,2892,-353,353
2,91,174,2903,-378,326
2,91,175,2881,-335,371
2,91,175,2882,-353,353
2,91,175,2883,-353,353
2,91,175,2884,-371,335
2,91,175,2885,-371,335
2,91,175,2886,-371,335
2,91,175,2889,-361,345
2,91,175,2889,-353,353
2,91,175,2892,-353,353
2,91,176,2874,-335,371
2,91,176,2884,-451,212
2,91,176,2886,-335,371
2,91,176,2887,-335,371
2,91,176,2888,-335,371
2,91,176,2889,-335,371
2,91,176,2895,-361,345
2,91,176,2900,-402,296
2,91,176,2916,-148,449
2,91,176,2920,-148,449
2,91,176,2924,-439,87
2,91,177,2908,-473,0
2,91,177,2938,-378,-326
2,91,178,2878,-353,353
2,91,178,2879,-353,353
2,91,178,2880,-361,345
2,91,178,2880,-353,353
2,91,178,2881,-361,345
2,91,178,2881,-353,353
2,91,178,2882,-371,335
2,91,178,2882,-353,353
2,91,178,2883,-361,345
2,91,178,2884,-361,345
2,91,178,2884,-353,353
2,91,178,2885,-361,345
2,91,178,2886,-353,353
2,91,178,2897,-345,361
2,91,178,2907,-345,361
2,91,179,2871,-335,371
2,91,179,2873,-335,371
2,91,179,2875,-335,371
2,91,179,2880,-287,408
2,91,179,2885,-361,345
2,91,180,2915,-361,345
2,91,180,2915,-353,353
2,91,180,2915,-335,371
2,91,180,2923,-361,345
2,91,180,2936,-354,-167
2,91,180,2938,-416,-277
2,91,181,2862,-353,353
2,91,181,2875,-353,353
2,91,181,2877,-353,353
2,91,181,2878,-353,353
2,91,181,2879,-353,353
2,91,181,2879,-287,408
2,91,181,2881,-353,353
2,91,181,2882,-353,353
2,91,181,2883,-353,353
2,91,181,2893,-345,361
2,91,181,2897,-345,361
2,91,181,2901,-345,361
2,91,181,2912,-473,0
2,91,181,2914,-361,345
2,91,181,2914,-335,371
2,91,181,2914,-316,386
2,91,181,2915,-335,371
2,91,181,2925,-468,70
2,91,182,2865,-361,345
2,91,182,2876,-287,408
2,91,182,2877,-378,326
2,91,182,2878,-378,326
2,91,182,2880,-353,353
2,91,182,2881,-353,353
2,91,182,2882,-361,345
2,91,182,2882,-353,353
2,91,182,2896,-353,353
2,91,182,2912,-326,378
2,91,182,2913,-326,378
2,91,183,2858,-335,371
2,91,183,2882,-361,345
2,91,183,2902,-394,306
2,91,183,2902,-361,345
2,91,183,2910,-371,335
2,91,183,2945,-345,-361
2,91,184,2871,-351,351
2,91,184,2879,-351,351
2,91,184,2880,-351,351
2,91,184,2890,-345,361
2,91,184,2894,-345,361
2,91,184,2910,-371,335
2,91,184,2942,-402,-296
2,91,185,2870,-359,343
2,91,185,2870,-351,351
2,91,185,2870,-335,371
2,91,185,2871,-359,343
2,91,185,2871,-351,351
2,91,185,2872,-359,343
2,91,185,2872,-351,351
2,91,185,2873,-359,343
2,91,185,2873,-351,351
2,91,185,2873,-335,371
2,91,185,2874,-359,343
2,91,185,2874,-351,351
2,91,185,2875,-359,343
2,91,185,2875,-351,351
2,91,185,2876,-359,343
2,91,185,2876,-351,351
2,91,185,2877,-359,343
2,91,185,2877,-351,351
2,91,185,2878,-361,345
2,91,185,2878,-359,343
2,91,185,2878,-351,351
2,91,185,2879,-359,343
2,91,185,2879,-351,351
2,91,185,2879,-344,358
2,91,185,2880,-359,343
2,91,185,2880,-351,351
2,91,185,2880,-344,358
2,91,185,2881,-359,343
2,91,185,2881,-351,351
2,91,185,2882,-359,343
2,91,185,2882,-351,351
2,91,185,2882,-334,368
2,91,185,2883,-359,343
2,91,185,2883,-351,351
2,91,185,2883,-334,368
2,91,185,2884,-359,343
2,91,185,2884,-351,351
2,91,185,2885,-359,343
2,91,185,2885,-351,351
2,91,185,2893,-353,353
2,91,185,2893,-345,361
2,91,185,2897,-345,361
2,91,185,2911,-371,335
2,91,185,2945,-378,-326
2,91,186,2863,-344,358
2,91,186,2867,-344,358
2,91,186,2869,-344,358
2,91,186,2870,-359,343
2,91,186,2871,-344,358
2,91,186,2873,-344,358
2,91,186,2874,-344,358
2,91,186,2875,-344,358
2,91,186,2876,-344,358
2,91,186,2877,-344,358
2,91,186,2878,-359,343
2,91,186,2878,-344,358
2,91,186,2879,-378,326
2,91,186,2879,-344,358
2,91,186,2880,-334,368
2,91,186,2885,-359,343
2,91,186,2886,-351,351
2,91,186,2887,-378,326
2,91,186,2889,-378,326
2,91,186,2891,-394,306
2,91,186,2892,-408,287
2,91,186,2925,-494,74
2,91,186,2931,-345,-361
2,91,186,2940,-451,-212
2,91,187,2877,-359,343
2,91,187,2878,-359,343
2,91,187,2885,-369,333
2,91,187,2885,-359,343
2,91,188,2868,-340,325
2,91,188,2871,-340,325
2,91,188,2872,-340,325
2,91,188,2874,-340,325
2,91,188,2875,-340,325
2,91,188,2875,-333,332
2,91,188,2876,-340,325
2,91,188,2876,-333,332
2,91,188,2877,-340,325
2,91,188,2879,-340,325
2,91,188,2880,-340,325
2,91,188,2881,-340,325
2,91,188,2882,-340,325
2,91,188,2890,-394,306
2,91,188,2891,-345,361
2,91,188,2892,-408,287
2,91,188,2935,-496,-60
2,91,189,2875,-340,325
2,91,189,2891,-408,287
2,91,189,2912,-500,0
2,91,189,2936,-490,-97
2,91,189,2937,-482,-132
2,91,190,2869,-371,335
2,91,190,2870,-371,335
2,91,190,2871,-371,335
2,91,190,2872,-371,335
2,91,190,2873,-371,335
2,91,190,2874,-371,335
2,91,190,2875,-371,335
2,91,190,2878,-371,335
2,91,190,2879,-371,335
2,91,190,2881,-371,335
2,91,190,2883,-378,326
2,91,190,2884,-378,326
2,91,190,2885,-378,326
2,91,190,2886,-386,316
2,91,190,2888,-394,306
2,91,190,2939,-474,-156
2,91,191,2888,-402,296
2,91,191,2889,-408,287
2,91,191,2908,-500,0
2,91,192,2888,-402,296
2,91,192,2889,-408,287
2,91,193,2915,-500,0
2,91,196,2911,-414,0
2,91,196,2923,-488,109
2,91,197,2906,-494,74
2,91,198,2908,-500,0
2,91,198,2915,-500,0
2,91,198,2948,-500,0
2,91,199,2912,-500,0
2,91,199,2930,-500,11
3,92,139,2872,0,500
3,92,139,2894,0,447
3,92,139,2898,0,447
3,92,139,2901,0,421
3,92,139,2903,-260,155
3,92,139,2908,0,78
3,92,139,2908,0,369
3,92,139,2916,0,26
3,92,139,2920,-20,16
3,92,139,2920,-16,19
3,92,139,2922,-24,10
3,92,139,2923,-26,0
3,92,139,2924,-25,-4
3,92,140,2901,-21,421
3,92,140,2922,-26,263
3,92,140,2925,-25,207
3,92,140,2926,-266,-118
3,92,141,2897,-33,445
3,92,141,2911,-56,204
3,92,141,2911,-41,181
3,92,141,2921,-43,287
3,92,141,2922,-70,281
3,92,142,2923,-340,-41
3,92,142,2923,-262,-19
3,92,142,2923,-260,-32
3,92,142,2925,-466,-81
3,92,145,2922,-190,317
3,92,146,2872,-85,492
3,92,146,2908,-107,353
3,92,147,2877,-132,482
3,92,147,2906,-132,371
3,92,148,2876,-121,484
3,92,148,2877,-121,484
3,92,149,2895,-119,431
3,92,149,2900,-132,400
3,92,149,2929,44,-177
3,92,149,2931,105,-116
3,92,151,2917,-383,-96
3,92,153,2904,-199,371
3,92,153,2931,92,-126
3,92,156,2923,13,-264
3,92,157,2919,-115,-323
3,92,157,2920,-159,-446
3,92,157,2925,61,-310
3,92,158,2925,189,-220
3,92,158,2927,122,-205
3,92,158,2928,17,-185
3,92,159,2893,-335,371
3,92,159,2922,-103,-269
3,92,160,2921,-121,-293
3,92,160,2922,-141,-341
3,92,160,2925,149,-250
3,92,161,2921,-121,-293
3,92,162,2930,-321,-182
3,92,162,2931,86,-130
3,92,163,2893,-345,361
3,92,163,2922,-118,-266
3,92,163,2924,-26,-263
3,92,163,2931,161,-86
3,92,164,2887,-335,371
3,92,164,2916,-171,198
3,92,164,2922,-378,-326
3,92,164,2925,-100,-242
3,92,164,2927,136,-194
3,92,165,2915,-355,225
3,92,165,2921,-130,-260
3,92,165,2925,-6,-261
3,92,165,2929,-146,-188
3,92,166,2889,-335,371
3,92,166,2917,-194,-344
3,92,166,2918,-194,-344
3,92,166,2925,-45,-257
3,92,167,2890,-345,361
3,92,167,2891,-345,361
3,92,167,2892,-345,361
3,92,167,2896,-345,361
3,92,167,2925,124,-233
3,92,167,2931,117,-63
3,92,168,2889,-345,361
3,92,168,2891,-345,361
3,92,168,2912,-377,239
3,92,168,2920,-169,-267
3,92,168,2925,-52,-232
3,92,168,2925,-45,-260
3,92,168,2929,-160,-138
3,92,168,2930,157,-94
3,92,168,2931,-182,-109
3,92,169,2888,-335,371
3,92,169,2890,-335,371
3,92,169,2894,-345,361
3,92,169,2928,-95,-189
3,92,170,2915,-201,209
3,92,170,2926,135,-226
3,92,170,2930,-181,-41
3,92,171,2889,-361,345
3,92,171,2889,-335,371
3,92,171,2892,-361,345
3,92,171,2914,-361,345
3,92,173,2888,-335,371
3,92,173,2888,-277,416
3,92,173,2889,-335,371
3,92,173,2890,-335,371
3,92,173,2907,-345,361
3,92,173,2911,-335,371
3,92,174,2888,-277,416
3,92,174,2891,-345,361
3,92,174,2900,-345,361
3,92,174,2904,-345,361
3,92,174,2907,-345,361
3,92,175,2889,-335,371
3,92,175,2890,-353,353
3,92,175,2891,-353,353
3,92,175,2891,-345,361
3,92,175,2892,-345,361
3,92,175,2903,-345,361
3,92,175,2904,-345,361
3,92,175,2907,-345,361
3,92,176,2887,-335,371
3,92,176,2888,-335,371
3,92,176,2888,-296,402
3,92,176,2889,-353,353
3,92,176,2889,-335,371
3,92,176,2890,-353,353
3,92,176,2890,-345,361
3,92,176,2891,-335,371
3,92,176,2896,-353,353
3,92,176,2903,-345,361
3,92,177,2888,-353,353
3,92,177,2896,-353,353
3,92,177,2897,-345,361
3,92,177,2900,-345,361
3,92,177,2919,-90,128
3,92,178,2888,-335,371
3,92,178,2889,-335,371
3,92,178,2890,-353,353
3,92,178,2890,-345,361
3,92,178,2890,-335,371
3,92,178,2891,-353,353
3,92,178,2891,-345,361
3,92,178,2891,-335,371
3,92,178,2892,-361,345
3,92,178,2892,-345,361
3,92,178,2893,-353,353
3,92,178,2895,-353,353
3,92,178,2896,-353,353
3,92,178,2897,-345,361
3,92,178,2900,-345,361
3,92,178,2907,-345,361
3,92,179,2892,-361,345
3,92,179,2892,-345,361
3,92,179,2893,-361,345
3,92,179,2893,-353,353
3,92,179,2898,-353,353
3,92,179,2899,-361,345
3,92,179,2899,-335,371
3,92,179,2906,-361,345
3,92,179,2907,-345,361
3,92,179,2916,-151,144
3,92,179,2916,-116,141
3,92,179,2917,-151,144
3,92,179,2917,-132,161
3,92,180,2892,-361,345
3,92,180,2893,-371,335
3,92,180,2893,-353,353
3,92,180,2899,-353,353
3,92,180,2914,-274,247
3,92,180,2915,-136,158
3,92,180,2915,-124,168
3,92,180,2916,-151,144
3,92,180,2916,-136,158
3,92,181,2892,-361,345
3,92,181,2894,-353,353
3,92,184,2909,-319,274
3,92,185,2909,-312,282
3,92,185,2910,-227,216
3,92,185,2910,-217,226
3,92,185,2910,-205,237
3,92,187,2907,-314,314
3,92,190,2952,-264,0
3,92,192,2914,-299,257
3,92,193,2906,-283,312
3,92,194,2904,-369,333
3,92,195,2952,-316,0
3,92,196,2910,-326,266
3,92,197,2922,-372,132
3,92,197,2997,-372,-132
3,92,200,2890,-353,353
3,92,200,2904,-361,345
3,92,200,2906,-337,290
3,92,200,2964,-395,0
3,92,201,2905,-346,283
3,92,201,2905,-339,291
3,92,201,2921,-396,141
3,92,201,2923,-403,121
3,92,202,2906,-303,248
3,92,202,2912,-418,223
3,92,202,2977,-421,0
3,92,202,2980,-421,0
3,92,202,2984,-421,0
3,92,202,2985,-421,0
3,92,203,2926,-415,72
3,92,204,2889,-353,353
3,92,204,2947,-421,0
3,92,204,2952,-421,0
3,92,205,2889,-378,326
3,92,205,2890,-386,316
3,92,205,2926,-442,66
3,92,205,2932,-342,0
3,92,205,2948,-447,0
3,92,205,2951,-446,-33
3,92,205,2955,-446,-33
3,92,205,2983,-447,0
3,92,206,2888,-378,326
3,92,206,2890,-394,306
3,92,206,2900,-345,361
3,92,206,2917,-438,181
3,92,207,2889,-394,306
3,92,207,2912,-361,345
3,92,207,2912,-345,361
3,92,208,2886,-350,316
3,92,208,2924,-439,87
3,92,209,2892,-345,361
3,92,209,2893,-345,361
3,92,209,2894,-361,345
3,92,209,2894,-353,353
3,92,209,2894,-345,361
3,92,209,2897,-345,361
3,92,209,2944,-473,0
3,92,209,2976,-473,0
3,92,210,2891,-335,371
3,92,210,2894,-361,345
3,92,210,2894,-353,353
3,92,210,2901,-353,353
3,92,210,2901,-345,361
3,92,210,2908,-500,0
3,92,211,2889,-359,343
3,92,211,2890,-359,343
3,92,211,2894,-361,345
3,92,211,2907,-345,361
3,92,211,2908,-361,345
3,92,211,2908,-335,371
3,92,211,2924,-494,74
3,92,212,2893,-361,345
3,92,212,2906,-335,371
3,92,212,2906,-326,378
3,92,212,2908,-345,361
3,92,213,2907,-371,335
3,92,213,2912,-500,0
3,92,213,2922,-464,92
3,92,213,2923,-464,92
3,92,213,2940,-473,0
3,92,213,2948,-473,0
3,92,213,2952,-473,0
3,92,213,2959,-473,0
3,92,213,2976,-473,0
3,92,213,2980,-473,0
3,92,214,2930,-361,345
3,92,215,3008,-500,0
3,92,216,2896,-361,345
3,92,216,2898,-371,335
3,92,216,2912,-500,0
3,92,216,2916,-500,0
3,92,217,2912,-500,0
3,92,217,2915,-500,0
3,92,219,2911,-353,353
3,92,222,2916,-500,0
3,92,223,2920,-500,0
3,92,223,2921,-500,0
3,92,223,2922,-500,-11
3,92,224,2923,-498,-37
3,92,225,2980,-500,0
3,92,229,2947,-340,-17
3,92,230,2969,-500,0
3,92,230,2980,-500,0
23,76,665,2432,500,0
23,76,668,2439,466,179
23,76,668,2441,484,121
23,76,668,2444,492,85
23,76,668,2452,361,-345
23,76,670,2408,500,0
23,76,675,2446,492,85
23,76,676,2404,500,0
23,76,681,2452,473,0
23,76,690,2444,411,92
23,76,690,2452,447,0
23,76,691,2451,421,0
23,76,695,2432,395,0
23,76,695,2450,395,19
23,76,695,2452,395,0
23,76,699,2436,369,0
23,76,700,2411,408,101
23,76,705,2450,177,53
23,76,707,2452,133,0
23,76,711,2375,353,353
23,76,716,2369,0,500
23,76,716,2383,103,462
23,76,718,2377,70,467
23,76,720,2405,301,211
23,76,732,2386,0,447
23,76,735,2404,283,231
23,76,740,2386,0,447
23,76,741,2377,-11,473
23,76,742,2390,0,209
23,76,743,2375,353,353
23,76,764,2406,-153,178
23,76,769,2402,218,228
23,76,774,2367,21,418
23,76,774,2391,0,395
23,76,780,2402,-253,264
23,76,783,2391,0,395
23,76,789,2391,0,395
23,76,790,2376,-361,345
23,76,790,2391,0,395
23,76,791,2399,-310,281
23,76,795,2385,33,445
23,76,795,2389,21,421
23,76,796,2386,0,447
23,76,796,2389,0,421
23,76,796,2391,0,395
23,76,796,2396,0,369
23,76,800,2362,0,500
23,76,800,2386,0,447
23,76,800,2391,0,395
23,76,800,2398,0,342
23,76,800,2403,0,185
23,76,800,2405,0,159
23,76,803,2377,-353,353
23,76,807,2374,-353,353
23,76,810,2419,12,-130
23,76,812,2420,52,0
23,76,812,2420,78,0
23,76,812,2420,309,0
23,76,813,2421,254,187
23,76,813,2422,169,69
23,76,814,2420,341,0
23,76,814,2424,-27,44
23,76,814,2426,169,69
23,76,814,2434,173,116
23,76,815,2422,209,-5
23,76,816,2363,0,395
23,76,816,2373,-287,408
23,76,816,2378,-353,353
23,76,817,2378,-353,353
23,76,817,2381,-353,353
23,76,818,2379,-335,371
23,76,818,2420,-264,0
23,76,818,2422,239,206
23,76,819,2368,-287,408
23,76,819,2376,-335,371
23,76,819,2405,-132,161
23,76,820,2403,-136,158
23,76,820,2404,-170,162
23,76,820,2404,-136,158
23,76,820,2424,332,157
23,76,821,2368,-296,402
23,76,821,2377,-353,353
23,76,822,2374,-361,345
23,76,822,2376,-353,353
23,76,822,2429,343,241
23,76,823,2372,-326,378
23,76,823,2373,-361,345
23,76,823,2374,-361,345
23,76,823,2377,-353,353
23,76,823,2422,395,-20
23,76,824,2370,-335,371
23,76,824,2372,-344,358
23,76,824,2373,-361,345
23,76,824,2377,-353,353
23,76,824,2419,340,0
23,76,824,2421,227,-128
23,76,824,2422,235,157
23,76,825,2371,-344,358
23,76,825,2371,-334,368
23,76,825,2372,-344,358
23,76,825,2377,-353,353
23,76,825,2398,-227,216
23,76,825,2398,-217,226
23,76,825,2416,204,-307
23,76,826,2373,-359,343
23,76,826,2377,-353,353
23,76,827,2373,-369,333
23,76,827,2373,-359,343
23,76,827,2377,-353,353
23,76,827,2430,408,181
23,76,828,2373,-359,343
23,76,828,2373,-344,358
23,76,828,2374,-345,361
23,76,828,2377,-353,353
23,76,828,2417,176,-294
23,76,828,2420,362,-217
23,76,829,2373,-351,351
23,76,829,2373,-344,358
23,76,829,2375,-361,345
23,76,829,2377,-353,353
23,76,830,2372,-369,333
23,76,830,2372,-345,361
23,76,830,2377,-353,353
23,76,830,2399,-271,283
23,76,830,2417,203,-339
23,76,831,2372,-359,343
23,76,831,2377,-353,353
23,76,831,2392,-374,290
23,76,831,2422,355,-225
23,76,832,2377,-353,353
23,76,832,2409,-227,216
23,76,832,2414,7,-316
23,76,832,2415,8,-369
23,76,832,2419,153,-307
23,76,833,2377,-416,277
23,76,833,2377,-353,353
23,76,833,2415,8,-369
23,76,834,2377,-353,353
23,76,835,2373,-344,358
23,76,835,2377,-353,353
23,76,836,2377,-353,353
23,76,836,2413,9,-421
23,76,838,2373,-344,358
23,76,838,2408,-150,-364
23,76,839,2408,-390,161
23,76,840,2373,-351,351
23,76,840,2410,-403,121
23,76,840,2410,-396,141
23,76,841,2411,-407,111
23,76,842,2406,-409,181
23,76,842,2411,-407,111
23,76,843,2408,-425,139
23,76,843,2409,-425,139
23,76,844,2396,0,500
23,76,844,2410,-432,118
23,76,845,2395,-345,361
23,76,845,2406,-323,309
23,76,846,2409,-428,129
23,76,847,2378,-361,345
23,76,847,2378,-351,351
23,76,847,2392,-345,361
23,76,847,2400,-326,378
23,76,847,2411,-439,87
23,76,849,2382,-353,353
23,76,849,2403,-287,408
23,76,850,2389,-353,353
23,76,851,2407,-453,136
23,76,852,2403,-148,449
23,76,852,2404,-361,345
23,76,852,2420,-402,296
23,76,853,2390,-345,361
23,76,854,2383,-335,371
23,76,855,2385,-361,345
23,76,857,2407,-482,132
24,77,701,2452,500,0
24,77,741,2419,134,285
24,77,794,2411,441,236
24,77,796,2411,429,257
24,77,797,2417,494,74
24,77,801,2402,257,429
24,77,801,2420,500,0
24,77,802,2420,500,0
24,77,803,2420,500,0
24,77,804,2403,-148,449
24,77,804,2404,361,345
24,77,804,2420,500,0
24,77,805,2420,-121,403
24,77,805,2420,218,187
24,77,805,2420,500,0
24,77,806,2404,167,470
24,77,806,2405,144,478
24,77,808,2403,74,494
24,77,808,2403,97,490
24,77,809,2420,262,0
24,77,809,2420,287,127
24,77,810,2420,-66,442
24,77,810,2420,342,0
24,77,811,2420,114,257
24,77,811,2421,0,421
24,77,811,2422,0,209
24,77,811,2425,0,289
24,77,812,2421,-21,421
24,77,812,2426,108,360
24,77,813,2421,-41,419
24,77,813,2421,-31,419
24,77,814,2411,-353,353
24,77,814,2421,-41,419
24,77,816,2395,-11,500
24,77,816,2408,-148,449
24,77,817,2409,-11,473
24,77,817,2428,35,366
24,77,818,2424,-114,378
24,77,819,2421,21,421
24,77,820,2421,0,421
24,77,822,2412,-144,478
24,77,823,2407,-344,358
24,77,824,2424,-171,385
24,77,828,2418,-201,400
24,77,834,2402,-306,394
24,77,834,2416,-262,394
24,77,834,2428,-298,297
24,77,835,2421,-283,346
24,77,835,2429,-304,291
24,77,836,2392,0,500
24,77,836,2421,-292,339
24,77,836,2421,0,421
24,77,836,2429,-312,282
24,77,836,2430,-319,274
24,77,837,2430,-332,258
24,77,837,2431,-332,258
24,77,839,2423,-316,316
24,77,840,2428,-353,274
24,77,841,2424,29,393
24,77,841,2428,-353,274
24,77,841,2429,-360,265
24,77,841,2429,-353,274
24,77,842,2421,21,421
24,77,842,2429,-365,257
24,77,844,2425,-371,288
24,77,844,2426,-381,281
24,77,847,2422,-402,296
24,77,855,2416,-140,424
24,77,903,2450,-418,21
26,77,820,2426,330,256
26,77,822,2428,353,274
26,77,825,2431,332,258
26,77,826,2430,332,258
26,77,828,2428,447,224
26,77,833,2436,289,224
26,77,837,2415,48,495
26,77,837,2421,211,394
26,77,837,2433,423,212
26,77,838,2420,190,403
26,77,838,2424,198,371
26,77,839,2424,29,393
26,77,840,2421,21,421
26,77,841,2429,-328,135
26,77,842,2424,29,393
26,77,842,2429,-328,135
26,77,843,2421,21,421
26,77,845,2422,51,229
26,77,846,2424,29,393
26,77,847,2449,-44,-177
26,77,848,2425,67,389
26,77,849,2417,43,445
26,77,849,2421,41,419
26,77,850,2421,31,419
26,77,850,2424,29,393
26,77,851,2421,21,421
26,77,851,2437,36,72
26,77,852,2417,0,447
26,77,852,2420,-235,0
26,77,852,2421,0,421
26,77,852,2424,29,393
26,77,852,2442,0,0
26,77,852,2442,0,130
26,77,852,2442,0,242
26,77,852,2443,195,130
26,77,852,2443,255,63
26,77,852,2447,168,29
26,77,852,2448,83,132
26,77,853,2403,-148,449
26,77,853,2405,-361,345
26,77,853,2419,-224,447
26,77,853,2424,29,393
26,77,854,2402,-74,494
26,77,854,2404,-74,494
26,77,855,2400,-60,496
26,77,855,2403,-148,449
26,77,856,2409,-179,466
26,77,856,2420,41,419
26,77,856,2424,29,393
26,77,858,2404,-361,345
26,77,858,2418,-484,121
26,77,858,2420,-500,0
26,77,859,2420,-500,0
26,77,860,2396,0,500
26,77,860,2403,-306,394
26,77,860,2403,0,500
26,77,860,2414,0,447
26,77,860,2421,0,421
26,77,861,2407,-236,441
26,77,862,2403,-148,449
26,77,862,2406,-326,378
26,77,862,2413,-408,287
26,77,864,2404,0,500
26,77,864,2406,-345,361
26,77,864,2407,-236,441
26,77,864,2409,-378,326
26,77,864,2421,0,421
26,77,864,2423,0,395
26,77,865,2406,-361,345
26,77,865,2410,-402,296
26,77,866,2409,-402,296
26,77,866,2409,-378,326
26,77,866,2417,-490,97
26,77,867,2409,-408,287
26,77,867,2410,-416,277
26,77,868,2408,-402,296
26,77,868,2410,-416,277
26,77,869,2408,-408,287
26,77,869,2421,0,421
26,77,871,2421,21,421
26,77,872,2421,0,421
26,77,872,2421,21,421
26,77,873,2421,0,421
26,77,873,2421,31,419
26,77,874,2421,21,421
26,77,874,2429,0,369
26,77,875,2421,0,421
26,77,883,2421,21,421
26,77,889,2433,-332,258
26,77,894,2425,-378,326
26,77,909,2437,-394,140
26,77,927,2414,-361,345
27,76,811,2420,500,0
27,76,821,2420,421,0
27,76,825,2437,418,9
27,76,839,2425,-335,58
27,76,845,2426,-252,-186
27,76,845,2428,-260,-19
27,76,846,2391,44,177
27,76,853,2419,61,-115
27,76,856,2363,8,366
27,76,857,2363,0,366
27,76,857,2365,38,391
27,76,857,2389,18,366
27,76,858,2366,38,391
27,76,858,2367,28,391
27,76,860,2359,0,500
27,76,860,2364,0,366
27,76,860,2367,0,392
27,76,860,2367,47,389
27,76,860,2382,0,447
27,76,860,2396,0,369
27,76,862,2363,26,364
27,76,862,2365,26,364
27,76,864,2361,0,500
27,76,864,2362,0,340
27,76,864,2362,7,340
27,76,864,2363,0,340
27,76,864,2365,0,366
27,76,864,2366,0,366
27,76,864,2367,0,366
27,76,879,2404,189,180
27,76,896,2362,0,340
27,76,896,2403,0,183
27,76,897,2362,0,340
27,76,898,2362,0,340
27,76,898,2406,-96,123
27,76,899,2362,0,340
27,76,899,2373,358,343
27,76,901,2373,358,343
27,76,901,2403,-170,162
27,76,902,2373,358,343
27,76,903,2362,0,340
27,76,903,2373,358,343
27,76,904,2362,0,340
27,76,904,2372,368,333
27,76,905,2362,0,340
27,76,905,2373,358,343
27,76,905,2377,353,353
27,76,906,2373,358,343
27,76,907,2362,0,340
27,76,908,2362,0,340
27,76,908,2373,358,343
27,76,909,2362,0,340
27,76,910,2362,0,340
27,76,910,2373,358,343
27,76,910,2412,-200,60
27,76,911,2362,0,340
27,76,912,2398,0,261
27,76,912,2401,0,235
27,76,913,2362,0,340
27,76,913,2363,0,340
27,76,914,2362,0,340
27,76,914,2363,26,364
27,76,915,2362,0,340
27,76,916,2361,0,500
27,76,916,2362,0,340
27,76,916,2363,0,340
27,76,917,2362,0,340
27,76,917,2404,0,104
27,76,918,2362,0,340
27,76,918,2363,0,340
27,76,919,2362,0,340
27,76,919,2363,26,364
27,76,919,2370,0,392
27,76,920,2362,0,340
27,76,920,2398,0,261
27,76,920,2399,0,261
27,76,920,2399,0,264
27,76,921,2362,0,340
27,76,921,2387,345,361
27,76,922,2362,0,340
27,76,922,2363,0,340
27,76,922,2363,26,364
27,76,922,2370,0,392
27,76,923,2362,0,340
27,76,924,2362,0,340
27,76,925,2362,0,340
27,76,926,2362,0,340
27,76,926,2363,0,340
27,76,926,2364,0,366
27,76,927,2362,0,340
27,76,927,2363,0,340
27,76,928,2362,0,340
27,76,928,2363,0,340
27,76,928,2364,0,369
27,76,928,2364,0,387
27,76,928,2365,0,366
27,76,928,2366,-17,340
27,76,928,2366,0,366
27,76,928,2366,0,387
27,76,928,2367,0,340
27,76,928,2367,0,366
27,76,928,2369,0,392
27,76,928,2370,0,392
27,76,929,2362,0,340
27,76,929,2391,-18,366
27,76,930,2362,0,340
27,76,930,2367,-29,391
27,76,930,2385,361,345
27,76,930,2387,-15,208
27,76,930,2404,-82,163
27,76,931,2362,0,340
27,76,931,2387,-172,71
27,76,931,2398,-96,270
27,76,931,2398,-90,273
27,76,931,2400,-117,233
27,76,932,2362,0,340
27,76,932,2363,0,340
27,76,932,2366,-54,362
27,76,932,2396,-105,295
27,76,932,2397,-112,292
27,76,932,2398,-129,257
27,76,932,2418,101,-152
27,76,933,2362,0,340
27,76,933,2363,0,340
27,76,933,2364,-54,362
27,76,933,2365,-71,358
27,76,933,2366,-54,362
27,76,933,2366,0,366
27,76,933,2394,-114,319
27,76,934,2362,0,340
27,76,934,2363,0,340
27,76,934,2363,18,366
27,76,934,2384,353,353
27,76,935,2360,0,473
27,76,935,2362,0,340
27,76,935,2363,0,340
27,76,935,2364,0,366
27,76,935,2366,0,366
27,76,935,2367,-95,380
27,76,935,2369,-85,383
27,76,936,2362,0,340
27,76,936,2363,0,340
27,76,936,2363,8,366
27,76,936,2364,0,366
27,76,936,2384,353,353
27,76,937,2362,0,340
27,76,937,2363,0,340
27,76,937,2363,0,366
27,76,938,2362,0,340
27,76,938,2363,0,340
27,76,938,2401,189,180
27,76,939,2361,0,500
27,76,939,2362,0,340
27,76,939,2363,0,340
27,76,939,2402,169,162
27,76,939,2403,153,178
27,76,939,2403,169,162
27,76,940,2403,153,178
27,76,940,2403,169,162
27,76,940,2404,136,158
27,76,940,2404,151,144
27,76,940,2420,78,7
27,76,940,2422,52,0
27,76,940,2423,186,348
27,76,940,2426,74,-138
27,76,941,2364,0,366
27,76,941,2395,345,361
27,76,941,2404,132,126
27,76,941,2405,132,161
27,76,941,2416,223,417
27,76,941,2423,7,78
27,76,941,2424,130,86
27,76,942,2395,345,361
27,76,942,2405,113,108
27,76,942,2406,132,126
27,76,942,2424,149,105
27,76,943,2387,345,361
27,76,944,2406,0,130
27,76,944,2422,209,-5
27,76,944,2426,365,257
27,76,945,2424,317,234
27,76,945,2430,253,-143
27,76,947,2428,360,265
27,76,947,2428,372,248
27,76,948,2391,345,361
27,76,948,2420,289,0
27,76,948,2426,419,41
27,76,948,2427,332,258
27,76,951,2418,342,17
27,76,951,2431,386,271
27,76,953,2417,160,-240
27,76,955,2375,-345,361
27,76,955,2433,365,257
27,76,956,2424,392,-48
27,76,956,2432,123,375
27,76,957,2374,-353,353
27,76,957,2377,-361,345
27,76,958,2422,296,-219
27,76,958,2436,339,250
27,76,959,2421,298,168
27,76,959,2423,285,-233
27,76,960,2373,-361,345
27,76,960,2417,161,-303
27,76,960,2419,153,-307
27,76,960,2424,364,-55
27,76,961,2374,-353,353
27,76,962,2373,-353,353
27,76,963,2422,275,-203
27,76,964,2419,134,-285
27,76,965,2404,-273,154
28,77,880,2422,300,332
28,77,897,2425,378,326
28,77,905,2421,31,419
28,77,906,2421,21,421
28,77,907,2421,0,421
28,77,909,2421,21,421
28,77,910,2421,21,421
28,77,917,2421,21,421
28,77,918,2414,0,447
28,77,921,2414,0,447
28,77,921,2431,-83,332
28,77,922,2410,236,441
28,77,922,2410,416,277
28,77,922,2421,21,421
28,77,924,2408,394,306
28,77,924,2412,451,212
28,77,925,2414,462,191
28,77,925,2417,490,97
28,77,926,2421,0,421
28,77,927,2421,0,421
28,77,927,2421,21,421
28,77,928,2408,0,500
28,77,928,2414,451,212
28,77,928,2423,0,395
28,77,929,2407,236,441
28,77,929,2420,500,0
28,77,930,2407,-156,474
28,77,930,2407,236,441
28,77,930,2420,500,0
28,77,931,2403,0,500
28,77,931,2420,74,248
28,77,931,2420,500,0
28,77,931,2421,21,421
28,77,932,2403,-224,447
28,77,932,2403,-148,449
28,77,932,2403,0,500
28,77,932,2420,500,0
28,77,933,2411,287,408
28,77,933,2420,500,0
28,77,933,2421,21,421
28,77,934,2400,144,478
28,77,934,2420,198,198
28,77,934,2421,0,421
28,77,936,2403,0,500
28,77,936,2407,0,500
28,77,936,2421,-285,134
28,77,937,2403,0,500
28,77,938,2400,48,498
28,77,938,2403,0,500
28,77,938,2419,267,421
28,77,938,2420,435,246
28,77,938,2421,21,421
28,77,939,2417,0,447
28,77,939,2420,-39,173
28,77,939,2421,0,421
28,77,939,2421,242,130
28,77,939,2435,0,26
28,77,939,2437,-5,25
28,77,939,2439,0,26
28,77,939,2444,-18,-18
28,77,940,2421,-21,418
28,77,940,2421,-21,421
28,77,941,2421,21,421
28,77,941,2432,-339,250
28,77,942,2421,-51,417
28,77,942,2421,0,421
28,77,942,2421,21,421
28,77,943,2424,-67,389
28,77,945,2451,92,-126
28,77,946,2399,-188,374
28,77,947,2424,-114,378
28,77,948,2449,21,-182
28,77,949,2419,-130,397
28,77,949,2435,-400,200
28,77,952,2416,-76,440
28,77,952,2424,-171,385
28,77,960,2421,0,421
28,77,963,2416,-262,394
28,77,965,2430,-332,258
28,77,965,2431,-332,258
28,77,968,2428,-353,274
28,77,969,2429,-353,274
28,77,970,2429,-365,257
30,77,901,2428,378,326
30,77,923,2421,33,445
30,77,934,2465,-320,-123
30,77,943,2422,402,296
30,77,947,2398,0,500
30,77,947,2421,21,421
30,77,947,2429,328,219
30,77,947,2453,-50,94
30,77,948,2421,0,421
30,77,948,2429,365,257
30,77,950,2428,353,274
30,77,953,2421,300,332
30,77,953,2431,332,258
30,77,953,2431,343,241
30,77,954,2421,291,339
30,77,954,2427,234,212
30,77,954,2430,332,258
30,77,958,2426,282,312
30,77,958,2432,293,265
30,77,959,2419,248,372
30,77,959,2420,257,365
30,77,959,2421,21,421
30,77,959,2425,266,325
30,77,960,2421,0,421
30,77,960,2421,21,421
30,77,961,2421,0,421
30,77,966,2420,190,403
30,77,967,2407,371,335
30,77,967,2416,160,417
30,77,969,2450,121,-99
30,77,971,2421,0,421
30,77,972,2421,0,421
30,77,972,2421,21,421
30,77,972,2451,138,-74
30,77,973,2428,106,353
30,77,974,2421,0,421
30,77,974,2421,21,421
30,77,974,2421,92,411
30,77,975,2421,0,421
30,77,975,2424,-189,282
30,77,975,2432,105,295
30,77,977,2421,21,421
30,77,977,2421,41,419
30,77,978,2421,21,421
30,77,978,2448,262,31
30,77,979,2421,0,421
30,77,979,2421,21,421
30,77,980,2420,-235,0
30,77,980,2421,0,421
30,77,980,2429,0,209
30,77,980,2439,0,264
30,77,980,2443,17,182
30,77,980,2443,207,111
30,77,980,2447,0,0
30,77,981,2405,287,408
30,77,981,2405,361,345
30,77,981,2419,-21,421
30,77,981,2420,-223,112
30,77,982,2403,0,500
30,77,982,2417,0,447
30,77,983,2420,-289,0
30,77,984,2403,361,345
30,77,984,2407,-167,470
30,77,984,2407,0,500
30,77,985,2403,361,345
30,77,985,2421,-21,421
30,77,986,2420,-500,0
30,77,988,2403,224,447
30,77,988,2420,-500,0
30,77,989,2407,-236,441
30,77,989,2412,-236,441
30,77,990,2403,0,500
30,77,990,2410,-361,345
30,77,990,2420,-500,0
30,77,991,2421,21,421
30,77,992,2404,0,500
30,77,992,2420,-361,345
30,77,992,2421,0,421
30,77,992,2423,0,395
30,77,993,2407,-236,441
30,77,993,2410,-402,296
30,77,993,2411,-416,277
30,77,993,2414,-236,441
31,76,939,2420,500,0
31,76,942,2406,326,378
31,76,942,2420,447,0
31,76,951,2373,358,343
31,76,953,2412,-21,-421
31,76,953,2413,-10,-421
31,76,954,2414,-10,-421
31,76,955,2414,-10,-421
31,76,956,2414,-10,-421
31,76,958,2412,-21,-421
31,76,958,2415,0,-421
31,76,958,2419,-146,-309
31,76,960,2370,332,332
31,76,960,2372,355,340
31,76,960,2409,167,-357
31,76,961,2371,353,353
31,76,961,2421,-300,160
31,76,962,2372,353,353
31,76,962,2407,291,-226
31,76,962,2414,141,-281
31,76,963,2373,353,353
31,76,963,2373,358,343
31,76,963,2374,345,361
31,76,963,2374,353,353
31,76,963,2374,358,343
31,76,964,2368,272,350
31,76,964,2369,290,337
31,76,964,2373,358,343
31,76,964,2377,353,353
31,76,964,2423,-89,-249
31,76,965,2373,358,343
31,76,965,2425,-75,-250
31,76,966,2373,358,343
31,76,967,2373,358,343
31,76,968,2372,368,333
31,76,968,2373,351,351
31,76,968,2373,358,343
31,76,968,2425,-74,-226
31,76,969,2372,351,351
31,76,969,2373,351,351
31,76,969,2373,358,343
31,76,969,2377,353,353
31,76,969,2379,353,353
31,76,970,2372,351,351
31,76,970,2373,351,351
31,76,970,2373,358,343
31,76,970,2374,351,351
31,76,970,2377,353,353
31,76,970,2419,-287,0
31,76,970,2427,-332,258
31,76,970,2427,-242,242
31,76,971,2373,358,343
31,76,971,2380,353,353
31,76,971,2437,-234,-117
31,76,972,2372,353,353
31,76,972,2416,-307,-68
31,76,972,2416,-300,-91
31,76,972,2425,-242,100
31,76,972,2439,-257,-45
31,76,972,2439,-242,-100
31,76,973,2372,351,351
31,76,973,2373,351,351
31,76,973,2373,358,343
31,76,973,2426,-280,-70
31,76,973,2427,-256,-51
31,76,973,2429,-256,-64
31,76,973,2430,-256,-64
31,76,973,2452,52,0
31,76,974,2372,343,358
31,76,974,2372,351,351
31,76,974,2373,343,358
31,76,974,2373,351,351
31,76,974,2373,358,343
31,76,974,2377,361,345
31,76,974,2413,-248,-192
31,76,974,2418,-261,5
31,76,974,2419,-261,0
31,76,974,2420,-260,25
31,76,974,2431,-289,-28
31,76,975,2373,358,343
31,76,975,2416,-176,-227
31,76,975,2419,-209,0
31,76,975,2435,-237,-23
31,76,976,2372,351,351
31,76,976,2373,358,343
31,76,976,2377,353,353
31,76,976,2380,353,353
31,76,976,2423,-128,227
31,76,977,2372,351,351
31,76,977,2373,351,351
31,76,977,2373,358,343
31,76,977,2377,353,353
31,76,977,2401,136,158
31,76,977,2420,-218,-90
31,76,978,2363,18,366
31,76,978,2363,26,364
31,76,978,2372,351,351
31,76,978,2373,351,351
31,76,978,2373,358,343
31,76,978,2377,353,353
31,76,978,2418,-165,-202
31,76,978,2419,-124,-168
31,76,978,2420,-154,-98
31,76,978,2422,-27,180
31,76,978,2428,-91,-162
31,76,979,2362,0,340
31,76,979,2370,0,392
31,76,979,2373,358,343
31,76,979,2419,-99,-121
31,76,979,2419,-86,-162
31,76,979,2422,-52,-1
31,76,979,2422,-12,23
31,76,979,2422,-2,25
31,76,979,2433,-130,-87
31,76,980,2362,0,340
31,76,980,2363,0,340
31,76,980,2373,358,343
31,76,981,2362,0,340
31,76,981,2363,0,340
31,76,981,2363,18,366
31,76,981,2372,351,351
31,76,981,2373,358,343
31,76,981,2377,353,353
31,76,982,2362,0,340
31,76,982,2372,351,351
31,76,982,2373,358,343
31,76,982,2418,48,-149
31,76,983,2362,0,340
31,76,983,2363,0,340
31,76,983,2373,358,343
31,76,983,2382,353,353
31,76,984,2362,0,340
31,76,984,2363,0,340
31,76,984,2373,358,343
31,76,984,2383,353,353
31,76,985,2362,0,340
31,76,985,2362,66,333
31,76,985,2365,71,358
31,76,985,2373,358,343
31,76,985,2377,353,353
31,76,986,2362,0,340
31,76,986,2363,0,340
31,76,986,2364,-18,366
31,76,986,2365,62,360
31,76,986,2366,62,360
31,76,986,2373,358,343
31,76,986,2402,189,180
31,76,987,2362,0,340
31,76,987,2362,41,337
31,76,987,2362,50,335
31,76,987,2363,0,340
31,76,987,2366,54,362
31,76,987,2373,358,343
31,76,987,2402,158,174
31,76,988,2362,0,340
31,76,988,2362,33,338
31,76,988,2364,-18,366
31,76,988,2367,67,386
31,76,988,2396,107,325
31,76,988,2401,136,158
31,76,988,2403,169,162
31,76,989,2362,0,340
31,76,989,2362,25,338
31,76,989,2362,33,338
31,76,989,2363,0,340
31,76,989,2367,38,391
31,76,989,2402,94,157
31,76,990,2362,0,340
31,76,990,2362,17,340
31,76,990,2363,26,364
31,76,990,2366,26,364
31,76,990,2367,38,391
31,76,990,2372,351,351
31,76,990,2373,358,343
31,76,991,2362,0,340
31,76,991,2362,7,340
31,76,991,2363,0,340
31,76,991,2365,19,392
31,76,991,2407,35,69
31,76,992,2362,0,340
31,76,992,2362,7,340
31,76,992,2363,0,366
31,76,992,2364,-18,366
31,76,992,2364,0,500
31,76,992,2366,0,366
31,76,992,2366,0,387
31,76,992,2367,0,366
31,76,992,2372,351,351
31,76,992,2373,358,343
31,76,992,2377,353,353
31,76,992,2408,24,74
31,76,993,2362,0,340
31,76,994,2364,18,366
31,76,994,2373,358,343
31,76,995,2362,0,340
31,76,995,2373,358,343
31,76,995,2377,353,353
31,76,996,2359,0,500
31,76,996,2362,0,340
31,76,996,2373,358,343
31,76,996,2386,0,447
31,76,996,2388,0,421
31,76,996,2391,0,395
31,76,996,2396,0,369
31,76,997,2373,358,343
31,76,998,2373,358,343
31,76,998,2377,353,353
31,76,998,2387,345,361
31,76,998,2401,136,158
31,76,1000,2389,0,421
31,76,1002,2372,351,351
31,76,1002,2373,358,343
31,76,1003,2372,351,351
31,76,1003,2373,358,343
31,76,1003,2377,353,353
31,76,1006,2372,351,351
31,76,1006,2373,351,351
31,76,1007,2377,353,353
31,76,1009,2384,-148,449
31,76,1009,2386,0,447
31,76,1010,2383,-148,449
31,76,1011,2380,-361,345
31,76,1011,2402,169,162
31,76,1012,2364,0,418
31,76,1012,2403,153,178
31,76,1012,2403,169,162
31,76,1018,2401,189,180
31,76,1019,2403,153,178
31,76,1020,2403,153,178
31,76,1020,2403,169,162
31,76,1023,2382,0,447
31,76,1026,2401,189,180
31,76,1027,2402,158,174
31,76,1027,2403,153,178
31,76,1028,2403,169,162
31,76,1029,2404,132,126
31,76,1029,2405,132,126
31,76,1038,2383,-148,449
31,76,1038,2385,0,473
31,76,1042,2383,-148,449
31,76,1044,2380,-361,345
31,76,1046,2383,-148,449
31,76,1050,2380,-361,345
31,76,1054,2379,-224,447
31,76,1055,2383,-148,449
31,76,1056,2364,0,500
31,76,1056,2391,0,395
31,76,1063,2379,-287,408
31,76,1081,2396,-203,339
31,76,1083,2386,-212,423
31,76,1087,2384,-287,408
50,93,1596,2913,0,500
50,93,1611,2914,0,500
50,93,1612,2912,0,500
50,93,1613,2906,0,340
50,93,1632,2907,0,500
50,93,1632,2935,0,395
50,93,1635,2945,-195,215
50,93,1640,2943,-237,247
50,93,1642,2922,-361,345
50,93,1643,2941,0,78
50,93,1645,2937,-342,327
50,93,1651,2912,-287,408
50,93,1652,2947,-170,162
50,93,1654,2945,-176,194
50,93,1656,2916,-344,358
50,93,1656,2938,-323,309
50,93,1657,2915,-334,368
50,93,1657,2935,-323,309
50,93,1659,2917,-359,343
50,93,1660,2921,-353,353
50,93,1663,2921,-353,353
50,93,1665,2921,-353,353
50,93,1667,2921,-353,353
50,93,1668,2921,-353,353
50,93,1670,2917,-344,358
50,93,1671,2921,-353,353
50,93,1673,2917,-344,358
50,93,1673,2921,-353,353
50,93,1676,2917,-344,358
50,93,1676,2921,-353,353
50,93,1676,2964,78,7
50,93,1676,2971,78,-7
50,93,1676,2978,113,108
50,93,1677,2921,-353,353
50,93,1677,2970,115,350
50,93,1679,2921,-353,353
50,93,1683,2921,-353,353
50,93,1683,2960,-74,-167
50,93,1683,2969,393,38
50,93,1684,2921,-353,353
50,93,1684,2964,-83,-166
50,93,1684,2969,-12,-23
50,93,1685,2921,-353,353
50,93,1685,2925,-353,353
50,93,1687,2923,-137,453
50,93,1688,2921,-353,353
50,93,1688,2953,403,121
50,93,1689,2921,-353,353
50,93,1693,2964,-24,9
50,93,1696,2921,-25,497
50,93,1697,2921,-353,353
50,93,1697,2964,-52,0
50,93,1700,2921,-353,353
50,93,1700,2954,-135,-326
50,93,1702,2928,-353,353
50,93,1704,2954,-396,141
50,93,1707,2927,-335,371
50,93,1708,2926,-326,378
50,93,1709,2921,-353,353
50,93,1710,2920,-353,353
50,93,1715,2938,-361,345
50,93,1716,2929,-378,326
50,93,1717,2927,-371,335
50,93,1717,2927,-361,345
52,94,1684,2965,0,421
52,94,1684,2990,24,-8
52,94,1690,2962,-484,121
52,94,1690,2964,-500,0
52,94,1691,2948,-212,451
52,94,1691,2964,-500,0
52,94,1692,2947,0,500
52,94,1696,2948,-474,156
52,94,1696,2953,-378,326
52,94,1697,2953,-394,306
52,94,1697,2961,-490,97
52,94,1698,2949,-287,408
52,94,1698,2953,-378,326
52,94,1700,2955,-492,-85
53,93,1684,2912,156,474
53,93,1684,2913,156,474
53,93,1685,2913,167,470
53,93,1689,2907,0,366
53,93,1692,2903,0,500
53,93,1692,2908,0,500
53,93,1692,2935,0,395
53,93,1692,2940,0,369
53,93,1697,2914,-20,392
53,93,1698,2906,0,340
53,93,1700,2906,0,340
53,93,1701,2906,0,340
53,93,1702,2906,0,340
53,93,1703,2906,0,340
53,93,1703,2907,8,366
53,93,1705,2906,0,340
53,93,1709,2906,0,340
53,93,1717,2906,0,340
53,93,1717,2907,8,366
53,93,1720,2906,0,340
53,93,1723,2906,0,340
53,93,1725,2906,0,340
53,93,1733,2906,0,340
53,93,1737,2906,0,340
53,93,1738,2906,0,340
53,93,1739,2906,0,340
53,93,1742,2906,0,340
53,93,1743,2906,0,340
53,93,1743,2907,0,340
53,93,1745,2906,0,340
53,93,1745,2921,-353,353
53,93,1747,2906,0,340
53,93,1748,2906,0,340
53,93,1750,2906,0,340
53,93,1751,2906,0,340
53,93,1753,2906,0,340
53,93,1754,2906,0,340
53,93,1754,2907,26,364
53,93,1755,2906,0,340
53,93,1756,2906,0,340
53,93,1756,2907,0,340
53,93,1757,2906,0,340
53,93,1758,2906,0,340
53,93,1758,2907,0,340
53,93,1759,2906,0,340
53,93,1759,2907,0,340
53,93,1760,2906,0,340
53,93,1760,2907,0,340
53,93,1761,2906,0,340
53,93,1762,2906,0,340
53,93,1762,2907,0,340
53,93,1763,2906,0,340
53,93,1764,2906,0,340
53,93,1764,2907,0,340
53,93,1765,2906,0,340
53,93,1765,2907,0,340
53,93,1766,2906,0,340
53,93,1766,2907,0,340
53,93,1766,2907,26,364
53,93,1767,2906,0,340
53,93,1767,2907,0,340
53,93,1767,2910,0,366
53,93,1768,2906,0,340
53,93,1768,2907,0,340
53,93,1769,2906,0,340
53,93,1769,2907,0,340
53,93,1770,2906,0,340
53,93,1771,2906,0,340
53,93,1771,2907,0,340
53,93,1772,2906,0,340
53,93,1772,2964,78,7
53,93,1772,2967,186,348
53,93,1772,2980,-61,-172
53,93,1773,2906,0,340
53,93,1773,2907,0,366
53,93,1773,2960,15,208
53,93,1777,2968,317,234
53,93,1777,2971,242,100
53,93,1777,2989,-251,55
53,93,1778,2988,232,34
53,93,1779,2921,-353,353
53,93,1779,2972,360,265
53,93,1779,2982,304,53
53,93,1779,2996,-261,0
53,93,1780,2911,0,392
53,93,1780,2971,332,258
53,93,1781,2969,447,10
53,93,1787,2968,390,-58
53,93,1787,2972,270,210
53,93,1788,2975,353,274
53,93,1788,2978,316,222
53,93,1789,2921,-361,345
53,93,1790,2960,173,-261
53,93,1790,2980,339,250
53,93,1791,2961,-31,-315
53,93,1791,2967,285,-233
53,93,1792,2963,145,-309
53,93,1792,2968,364,-55
53,93,1794,2954,-177,-353
53,93,1794,2966,399,-253
53,93,1795,2955,-177,-353
53,93,1795,2966,275,-203
53,93,1795,2985,165,330
53,93,1796,2958,9,-421
53,93,1796,2963,134,-285
53,93,1797,2958,9,-421
53,93,1798,2956,21,-421
53,93,1799,2954,-187,-349
53,93,1799,2956,35,-365
53,93,1801,2958,0,-421
53,93,1801,2962,211,-395
54,94,1754,2954,416,277
54,94,1759,2959,466,179
54,94,1761,2964,500,0
54,94,1762,2948,0,500
54,94,1762,2949,0,500
54,94,1764,2947,-148,449
54,94,1768,2963,462,191
54,94,1768,2964,149,182
54,94,1770,2947,0,500
54,94,1771,2964,-39,173
54,94,1771,2965,0,421
54,94,1801,2973,-353,274
56,43,1742,1394,445,43
56,43,1745,1389,447,-10
56,43,1749,1389,419,-31
56,43,1803,1470,0,-500
56,43,1851,1456,10,-447
56,43,1852,1451,0,-421
56,43,1880,1427,-386,-86
56,43,1880,1447,-316,-316
56,43,1886,1446,-378,-326
56,43,1889,1419,-290,0
56,43,1890,1457,-361,-345
56,43,1890,1458,-353,-353
56,43,1894,1462,-361,-345
56,43,1896,1429,-464,-92
56,43,1896,1429,-462,-103
56,43,1901,1417,-447,10
56,43,1906,1434,-484,-121
56,43,1916,1437,-361,-345
56,43,1917,1437,-361,-345
56,94,1780,2973,365,257
56,94,1785,2975,332,258
56,94,1786,2965,291,339
56,94,1787,2966,291,339
56,94,1805,2972,106,353
56,94,1810,2958,22,447
56,94,1811,2958,10,447
56,94,1812,2990,13,-22
56,94,1812,2990,159,89
56,94,1812,2991,0,0
56,94,1812,2991,181,31
56,94,1812,2992,0,0
56,94,1813,2947,0,500
56,94,1814,2947,0,500
56,94,1815,2947,0,500
56,94,1815,2959,-335,371
56,94,1818,2955,-287,408
56,94,1822,2948,-267,421
56,94,1824,2964,-361,345
56,94,1825,2951,-236,441
56,94,1827,2963,-498,37
57,93,1777,2916,368,333
57,93,1783,2917,358,343
57,93,1786,2958,-10,-421
57,93,1790,2956,-21,-421
57,93,1790,2958,-23,-315
57,93,1791,2958,203,-339
57,93,1791,2964,-146,-309
57,93,1794,2951,291,-226
57,93,1796,2917,358,343
57,93,1797,2917,358,343
57,93,1797,2978,-153,305
57,93,1798,2917,358,343
57,93,1799,2917,358,343
57,93,1800,2917,351,351
57,93,1800,2917,358,343
57,93,1800,2996,23,-12
57,93,1801,2916,351,351
57,93,1801,2917,351,351
57,93,1801,2917,358,343
57,93,1802,2917,358,343
57,93,1803,2917,358,343
57,93,1804,2917,358,343
57,93,1805,2916,351,351
57,93,1805,2917,351,351
57,93,1805,2917,353,353
57,93,1805,2917,358,343
57,93,1806,2911,28,391
57,93,1806,2916,343,358
57,93,1806,2916,351,351
57,93,1806,2917,343,358
57,93,1806,2917,351,351
57,93,1806,2917,358,343
57,93,1806,2975,-289,-28
57,93,1807,2917,358,343
57,93,1808,2917,358,343
57,93,1809,2917,351,351
57,93,1809,2917,358,343
57,93,1809,2921,353,353
57,93,1809,2973,-141,-155
57,93,1810,2907,26,364
57,93,1810,2917,351,351
57,93,1810,2917,358,343
57,93,1811,2917,358,343
57,93,1811,2921,353,353
57,93,1812,2906,0,340
57,93,1812,2917,358,343
57,93,1812,2921,353,353
57,93,1813,2906,0,340
57,93,1813,2916,351,351
57,93,1813,2917,358,343
57,93,1813,2921,353,353
57,93,1814,2906,0,340
57,93,1814,2907,0,340
57,93,1814,2917,358,343
57,93,1815,2906,0,340
57,93,1815,2907,0,340
57,93,1815,2917,358,343
57,93,1816,2906,0,340
57,93,1816,2907,0,340
57,93,1817,2906,0,340
57,93,1817,2917,358,343
57,93,1818,2906,0,340
57,93,1818,2917,358,343
57,93,1819,2906,0,340
57,93,1819,2917,358,343
57,93,1820,2906,0,340
57,93,1820,2917,358,343
57,93,1820,2921,353,353
57,93,1821,2906,0,340
57,93,1821,2917,358,343
57,93,1821,2921,353,353
57,93,1822,2906,0,340
57,93,1822,2908,-18,366
57,93,1822,2917,358,343
57,93,1823,2906,0,340
57,93,1823,2916,351,351
57,93,1823,2917,358,343
57,93,1824,2906,0,340
57,93,1824,2917,358,343
57,93,1827,2917,358,343
57,93,1827,2948,0,104
57,93,1828,2903,0,500
57,93,1828,2905,0,500
57,93,1828,2906,0,340
57,93,1828,2940,0,369
57,93,1828,2942,0,342
57,93,1829,2916,351,351
57,93,1829,2917,358,343
57,93,1830,2907,0,366
57,93,1831,2909,-29,391
57,93,1832,2917,358,343
57,93,1833,2921,353,353
57,93,1837,2921,353,353
57,93,1870,2944,-339,250
57,93,1876,2946,0,238
57,93,1884,2905,0,500
57,93,1884,2933,0,421
57,93,1888,2930,0,447
57,93,1888,2944,0,264
58,42,1854,1419,500,0
58,42,1865,1436,48,-498
58,42,1867,1421,0,-447
58,42,1898,1407,-332,-258
58,42,1909,1403,-404,-190
58,42,1911,1416,-402,-296
58,42,1912,1415,-394,-306
58,42,1914,1407,17,-342
58,42,1915,1418,21,-421
58,42,1916,1418,0,-421
58,42,1918,1421,-361,-345
58,42,1919,1418,21,-421
58,42,1919,1422,22,-447
58,42,1920,1421,-394,-306
58,42,1920,1422,22,-447
58,42,1922,1425,-378,-326
58,42,1925,1423,-447,-224
58,42,1940,1419,-500,0
58,42,1940,1419,-361,-345
58,42,1944,1426,-277,-416
58,42,1946,1419,-500,0
58,42,1947,1430,-287,-408
58,42,1951,1419,-500,0
59,93,1824,2964,451,212
59,93,1830,2964,500,0
59,93,1835,2947,361,345
59,93,1845,2917,368,333
59,93,1847,2917,358,343
59,93,1848,2917,358,343
59,93,1849,2917,358,343
59,93,1850,2917,358,343
59,93,1852,2917,358,343
59,93,1853,2917,358,343
59,93,1854,2917,358,343
59,93,1854,2918,358,343
59,93,1855,2917,358,343
59,93,1856,2921,353,353
59,93,1857,2917,358,343
59,93,1858,2917,358,343
59,93,1859,2917,351,351
59,93,1859,2917,358,343
59,93,1859,2964,19,16
59,93,1860,2917,358,343
59,93,1860,2964,19,16
59,93,1861,2917,358,343
59,93,1861,2917,368,333
59,93,1861,2918,358,343
59,93,1861,2921,353,353
59,93,1861,2964,9,24
59,93,1862,2917,358,343
59,93,1862,2964,9,24
59,93,1863,2916,351,351
59,93,1863,2917,358,343
59,93,1863,2964,9,24
59,93,1865,2912,306,394
59,93,1865,2951,-485,108
59,93,1867,2918,353,353
59,93,1869,2941,361,345
59,93,1870,2964,0,0
59,93,1873,2964,-101,152
59,93,1874,2964,-145,217
59,93,1874,2964,-101,152
59,93,1875,2964,-138,74
59,93,1876,2933,0,421
59,93,1884,2905,0,500
59,93,1888,2935,0,395
59,93,1888,2940,0,369
59,93,1892,2930,0,447
59,93,1892,2940,0,369
59,93,1896,2958,277,-416
59,93,1899,2951,317,190
59,93,1901,2942,0,261
59,93,1907,2955,408,101
59,93,1940,2946,0,238
59,93,1948,2904,0,500
59,93,1948,2909,0,500
59,93,1977,2937,-325,340
60,42,1885,1410,451,-212
60,42,1918,1427,23,-473
60,42,1919,1407,17,-342
60,42,1919,1411,18,-369
60,42,1919,1418,21,-421
60,42,1919,1427,10,-473
60,42,1920,1407,0,-342
60,42,1930,1429,-57,-470
60,42,1939,1418,21,-421
60,42,1946,1419,-500,0
60,42,1948,1419,-500,0
60,42,1949,1419,-500,0
60,42,1949,1433,-287,-408
60,42,1950,1419,-500,0
60,42,1950,1434,-287,-408
60,42,1951,1434,-287,-408
60,42,1953,1422,-490,-97
60,42,1955,1424,-482,-132
60,42,1955,1424,-470,-167
61,43,1879,1419,500,0
61,43,1928,1451,171,-414
61,43,1929,1447,151,-393
61,43,1971,1479,109,-488
61,43,1974,1464,121,-484
61,43,1978,1478,97,-490
61,43,1980,1468,0,-418
61,43,1980,1468,85,-492
61,43,1980,1475,74,-494
61,43,1980,1476,0,-366
61,43,1980,1478,69,-465
61,43,1981,1450,50,-415
61,43,1982,1439,50,-336
61,43,1982,1472,28,-391
61,43,1984,1461,0,-466
61,43,1984,1470,0,-414
61,43,1984,1470,0,-392
61,43,1984,1474,0,-387
61,43,1984,1474,0,-366
61,43,1987,1445,0,-444
61,43,1989,1468,-21,-418
61,43,1989,1476,-18,-366
61,43,1990,1476,-18,-366
61,43,1998,1440,-277,-277
61,43,2002,1474,0,-366
61,43,2002,1476,18,-366
61,43,2004,1445,-314,-314
61,43,2005,1463,-345,-361
61,43,2005,1464,-345,-361
61,43,2014,1464,-353,-353
61,43,2016,1464,-361,-345
61,43,2018,1444,83,-166
61,43,2022,1476,-18,-366
61,43,2027,1477,0,-340
61,43,2028,1468,-21,-418
61,43,2029,1476,-18,-366
61,43,2048,1464,0,-444
61,43,2049,1461,-22,-444
61,43,2049,1464,-22,-444
61,43,2057,1446,-494,74
61,43,2078,1419,-500,0
61,43,2088,1419,-500,0
61,43,2090,1419,-500,0
62,42,2011,1424,482,-132
62,42,2012,1419,500,0
62,42,2012,1427,451,-212
62,42,2013,1426,457,-203
62,42,2021,1427,306,-394
62,42,2024,1419,444,0
62,42,2026,1419,435,-246
62,42,2027,1397,0,0
62,42,2027,1418,0,-421
62,42,2036,1413,-132,-372
62,42,2037,1423,-119,-432
62,42,2040,1421,-160,-417
62,42,2047,1390,103,154
62,42,2052,1419,0,-421
62,42,2079,1393,-237,-248
62,42,2080,1424,-189,-315
62,42,2082,1398,-277,-277
62,42,2082,1416,-283,-346
62,42,2099,1413,-421,-267
64,54,2018,1716,238,0
64,54,2037,1715,-162,-86
64,54,2052,1685,0,421
64,54,2057,1681,98,300
64,54,2067,1685,21,421
64,54,2068,1685,0,421
64,54,2068,1705,229,-57
64,54,2068,1711,168,29
64,54,2068,1711,181,31
64,54,2077,1684,-500,0
64,54,2078,1682,-484,121
64,54,2079,1678,-447,224
64,54,2084,1674,-416,277
65,53,2050,1692,238,0
65,53,2060,1630,0,366
65,53,2060,1668,136,158
65,53,2061,1668,151,144
65,53,2062,1630,0,366
65,53,2063,1630,0,366
65,53,2063,1631,0,366
65,53,2066,1626,0,340
65,53,2066,1627,18,366
65,53,2066,1627,26,364
65,53,2066,1628,26,364
65,53,2067,1626,0,340
65,53,2067,1630,0,366
65,53,2067,1631,28,391
65,53,2067,1634,0,392
65,53,2068,1626,0,340
65,53,2068,1627,0,340
65,53,2068,1630,0,366
65,53,2069,1626,0,340
65,53,2071,1626,0,340
65,53,2072,1626,0,340
65,53,2072,1636,351,351
65,53,2074,1626,0,340
65,53,2075,1626,0,340
65,53,2078,1626,0,340
65,53,2081,1626,0,340
65,53,2081,1627,0,340
65,53,2083,1643,0,444
65,53,2084,1626,0,340
65,53,2084,1637,358,343
65,53,2085,1637,358,343
65,53,2086,1626,0,340
65,53,2086,1637,358,343
65,53,2087,1626,0,340
65,53,2087,1637,358,343
65,53,2089,1626,0,340
65,53,2089,1627,26,364
65,53,2089,1637,358,343
65,53,2090,1626,0,340
65,53,2090,1636,351,351
65,53,2090,1637,358,343
65,53,2091,1626,0,340
65,53,2091,1627,0,340
65,53,2091,1636,351,351
65,53,2091,1637,358,343
65,53,2092,1626,0,340
65,53,2092,1627,0,340
65,53,2092,1637,358,343
65,53,2093,1626,0,340
65,53,2093,1627,0,366
65,53,2094,1626,0,340
65,53,2094,1637,358,343
65,53,2095,1626,0,340
65,53,2095,1627,0,340
65,53,2097,1626,0,340
65,53,2098,1626,0,340
65,53,2099,1626,0,340
65,53,2100,1626,0,340
65,53,2101,1626,0,340
65,53,2102,1626,0,340
65,53,2103,1626,0,340
65,53,2104,1626,0,340
65,53,2105,1626,0,340
65,53,2106,1643,0,444
65,53,2107,1626,0,340
65,53,2108,1626,0,340
65,53,2109,1626,0,340
65,53,2110,1626,0,340
65,53,2111,1626,0,340
65,53,2112,1626,0,340
65,53,2116,1622,0,447
65,53,2116,1626,0,340
65,53,2168,1648,-335,371
65,53,2189,1684,-447,0
66,54,2136,1678,474,156
66,54,2147,1684,500,0
66,54,2154,1669,287,408
66,54,2155,1685,0,421
66,54,2155,1692,0,369
66,54,2156,1685,-21,421
66,54,2166,1685,-21,421
66,54,2179,1678,0,447
66,54,2181,1694,-332,258
66,54,2189,1716,104,0
67,1,2195,109,0,-447
67,1,2195,117,0,-473
67,1,2195,127,0,-500
67,1,2195,132,0,-500
67,1,2204,112,0,-447
67,1,2208,134,0,-500
67,1,2211,98,-466,-179
67,1,2212,80,-248,372
67,1,2213,98,-466,-179
67,1,2222,118,-353,-353
67,1,2224,78,-217,-265
67,1,2224,120,-361,-345
67,1,2224,122,-353,-353
67,1,2225,122,-361,-345
67,1,2225,123,-353,-353
67,1,2226,121,-316,-386
67,1,2226,122,-353,-353
67,1,2226,122,-306,-394
67,1,2227,122,-361,-345
67,1,2228,123,-361,-345
67,1,2229,78,59,145
67,1,2229,109,-345,-361
67,1,2229,120,-345,-361
67,1,2229,121,-345,-361
67,1,2229,125,-361,-345
67,1,2229,126,-316,-386
67,1,2230,109,-345,-361
67,1,2230,119,-345,-361
67,1,2230,128,-306,-394
67,1,2231,119,-345,-361
67,1,2232,123,-344,-359
67,1,2233,109,-345,-361
67,1,2233,119,-353,-353
67,1,2233,119,-345,-361
67,1,2233,123,-344,-359
67,1,2233,124,-344,-359
67,1,2234,119,-345,-361
67,1,2234,120,-345,-361
67,1,2234,123,-344,-359
67,1,2235,119,-345,-361
67,1,2236,119,-345,-361
67,1,2236,123,-344,-359
67,1,2237,119,-353,-353
67,1,2237,119,-345,-361
67,1,2237,123,-344,-359
67,1,2238,119,-345,-361
67,1,2239,123,-344,-359
67,1,2240,116,-353,-353
67,1,2240,119,-345,-361
67,1,2240,123,-344,-359
67,1,2241,119,-345,-361
67,1,2243,119,-353,-353
67,1,2243,119,-345,-361
67,1,2244,119,-345,-361
67,1,2262,93,-361,-345
67,1,2266,75,-500,0
67,1,2267,75,-302,0
67,1,2278,76,-482,-132
68,54,2164,1685,0,421
68,54,2170,1685,291,339
68,54,2170,1694,332,258
68,54,2196,1684,-418,0
68,54,2196,1693,0,209
68,54,2202,1683,-492,85
68,54,2211,1683,-498,37
69,1,2208,117,0,-473
69,1,2208,129,0,-500
69,1,2208,134,0,-500
69,1,2212,107,0,-421
69,1,2212,127,0,-500
69,1,2212,132,0,-500
69,1,2245,124,345,-361
69,1,2249,121,353,-353
69,1,2264,130,28,-391
69,1,2264,131,19,-392
69,1,2265,132,0,-366
69,1,2268,107,0,-421
69,1,2268,131,0,-500
69,1,2270,132,18,-366
69,1,2271,101,0,-444
69,1,2271,110,25,-497
69,1,2271,119,-345,-361
69,1,2272,95,-217,-227
69,1,2272,126,0,-414
69,1,2272,130,0,-387
69,1,2272,133,0,-340
69,1,2273,107,0,-366
69,1,2273,124,-21,-418
69,1,2273,132,-18,-366
69,1,2273,132,0,-366
69,1,2274,123,-344,-359
69,1,2274,124,-21,-418
69,1,2274,132,-18,-366
69,1,2274,132,18,-366
69,1,2274,133,0,-340
69,1,2275,80,123,-231
69,1,2275,119,-345,-361
69,1,2275,124,-21,-418
69,1,2275,132,-18,-366
69,1,2276,119,-345,-361
69,1,2276,132,-18,-366
69,1,2277,124,-21,-418
69,1,2278,119,-345,-361
69,1,2278,124,-21,-418
69,1,2278,132,-18,-366
69,1,2279,104,0,-340
69,1,2279,119,-353,-353
69,1,2279,120,-22,-444
69,1,2279,124,-21,-418
69,1,2279,132,-18,-366
69,1,2280,119,-345,-361
69,1,2280,132,-18,-366
69,1,2281,119,-345,-361
69,1,2281,123,-344,-359
69,1,2281,124,-21,-418
69,1,2281,132,-18,-366
69,1,2281,133,0,-340
69,1,2282,119,-345,-361
69,1,2282,124,-21,-418
69,1,2282,132,-18,-366
69,1,2283,124,-21,-418
69,1,2283,132,-18,-366
69,1,2284,61,87,164
69,1,2284,119,-353,-353
69,1,2284,119,-345,-361
69,1,2284,124,-21,-418
69,1,2284,132,-18,-366
69,1,2285,73,252,-186
69,1,2285,74,158,174
69,1,2285,119,-345,-361
69,1,2285,120,-345,-361
69,1,2285,121,-361,-345
69,1,2285,132,-18,-366
69,1,2286,119,-345,-361
69,1,2287,119,-345,-361
69,1,2287,120,-353,-353
69,1,2287,122,-351,-351
69,1,2288,119,-345,-361
69,1,2288,123,-344,-359
69,1,2289,64,289,28
69,1,2289,123,-344,-359
69,1,2289,124,-351,-351
69,1,2290,119,-345,-361
69,1,2290,123,-344,-359
69,1,2290,124,-353,-353
69,1,2291,119,-353,-353
69,1,2291,119,-345,-361
69,1,2291,120,-371,-335
69,1,2291,123,-344,-359
69,1,2292,119,-353,-353
69,1,2292,119,-345,-361
69,1,2293,68,289,-225
69,1,2293,119,-345,-361
69,1,2293,123,-344,-359
69,1,2294,119,-345,-361
69,1,2294,123,-344,-359
69,1,2295,119,-345,-361
69,1,2295,123,-344,-359
69,1,2296,120,-371,-335
69,1,2297,73,338,25
69,1,2297,123,-344,-359
69,1,2298,123,-344,-359
69,1,2300,75,148,247
69,1,2303,79,182,286
69,1,2306,86,-428,-129
69,1,2312,85,-433,-108
69,1,2321,87,-484,-121
69,1,2331,88,-85,-492
69,1,2331,90,-484,-121
69,53,2155,1684,500,0
69,53,2156,1644,361,345
69,53,2157,1644,361,345
69,53,2158,1644,353,353
69,53,2159,1662,361,345
69,53,2165,1684,421,0
69,53,2167,1676,381,104
69,53,2213,1658,386,316
69,53,2218,1657,334,334
69,53,2228,1655,0,185
69,53,2244,1633,0,500
69,53,2292,1638,0,500
69,53,2315,1724,-421,0
69,53,2325,1719,-472,46
69,53,2330,1719,-482,-132
70,0,2273,88,306,-394
70,0,2275,82,386,-316
70,0,2276,90,212,-451
70,0,2277,92,164,-428
70,0,2279,92,121,-484
70,0,2280,75,302,0
70,0,2280,93,0,-500
70,0,2283,49,-189,282
70,0,2283,49,-127,133
70,0,2283,74,0,-421
70,0,2283,75,235,0
70,0,2287,62,277,238
70,0,2303,67,-275,-319
70,0,2309,77,-300,-366
70,0,2312,66,-360,-266
70,0,2312,66,-353,-274
70,0,2312,77,-309,-359
70,0,2316,69,-374,-290
70,0,2317,67,-394,-262
70,0,2324,75,-361,-345
70,0,2324,75,-224,-447
70,0,2324,75,-167,-470
72,0,2287,72,402,-296
72,0,2294,66,360,-266
72,0,2297,64,339,-250
72,0,2321,77,41,-419
72,0,2323,74,31,-419
72,0,2324,56,16,-20
72,0,2324,57,16,-20
72,0,2324,60,282,27
72,0,2324,66,0,-369
72,0,2324,70,0,-395
72,0,2324,74,0,-421
72,0,2324,75,-407,0
72,0,2325,75,-435,-246
72,0,2326,93,0,-500
72,0,2331,91,-212,-451
72,0,2332,91,-224,-447
72,0,2333,75,-75,-248
72,0,2333,93,0,-500
72,0,2334,91,0,-500
72,0,2336,89,-335,-371
72,0,2336,92,-306,-394
72,0,2337,89,-335,-371
72,0,2340,81,-474,-156
72,0,2340,85,-416,-277
72,0,2341,81,-470,-167
72,0,2342,81,-478,-144
72,0,2342,82,-466,-179
72,0,2342,84,-416,-277
72,0,2343,82,-416,-277
73,1,2295,86,393,-151
73,1,2295,111,361,-345
73,1,2300,78,-168,264
73,1,2303,43,157,0
73,1,2303,84,344,-132
73,1,2305,59,-154,-273
73,1,2305,73,-121,292
73,1,2306,75,-315,188
73,1,2306,102,342,-327
73,1,2307,124,368,-334
73,1,2308,60,-122,259
73,1,2310,67,-303,-248
73,1,2312,71,-340,17
73,1,2314,63,-266,-118
73,1,2315,71,-314,15
73,1,2316,61,-242,-100
73,1,2316,64,-275,83
73,1,2316,68,-258,57
73,1,2317,67,-260,19
73,1,2318,63,-176,226
73,1,2318,75,-157,0
73,1,2319,69,-235,-165
73,1,2319,73,-248,5
73,1,2319,74,-218,-187
73,1,2320,67,-198,125
73,1,2320,73,-248,-192
73,1,2321,71,-210,-155
73,1,2321,73,-252,-186
73,1,2321,128,0,-392
73,1,2322,69,-130,86
73,1,2322,132,0,-366
73,1,2323,74,-136,-254
73,1,2323,74,-74,138
73,1,2323,74,-43,-29
73,1,2323,75,-78,0
73,1,2323,75,-52,0
73,1,2324,113,0,-471
73,1,2324,117,0,-444
73,1,2324,132,0,-366
73,1,2324,133,0,-340
73,1,2325,120,-22,-444
73,1,2325,124,-21,-418
73,1,2325,128,-29,-391
73,1,2326,120,0,-444
73,1,2326,124,0,-418
73,1,2326,132,-18,-366
73,1,2326,132,0,-366
73,1,2327,124,-21,-418
73,1,2328,120,-22,-444
73,1,2328,132,-18,-366
73,1,2329,124,-21,-418
73,1,2329,124,0,-418
73,1,2329,132,-18,-366
73,1,2329,132,0,-366
73,1,2330,124,-21,-418
73,1,2330,132,-18,-366
73,1,2331,124,-21,-418
73,1,2331,132,-18,-366
73,1,2332,120,-22,-444
73,1,2332,132,-18,-366
73,1,2333,80,-365,-27
73,1,2333,93,0,-500
73,1,2333,120,-22,-444
73,1,2333,124,-21,-418
73,1,2333,132,-18,-366
73,1,2334,132,-18,-366
73,1,2335,134,7,-340
73,1,2336,101,0,-392
73,1,2336,110,0,-497
73,1,2336,130,0,-387
73,1,2337,120,-22,-444
73,1,2337,124,-21,-418
73,1,2337,132,-27,-365
73,1,2338,115,-24,-471
73,1,2338,131,-31,-419
73,1,2338,132,-18,-366
73,1,2339,120,-22,-444
73,1,2339,132,-18,-366
73,1,2340,120,-22,-444
73,1,2340,131,-8,-366
73,1,2340,132,-18,-366
73,1,2340,133,0,-340
73,1,2341,120,-22,-444
73,1,2341,124,-21,-418
73,1,2341,132,-18,-366
73,1,2342,132,-18,-366
73,1,2344,120,-22,-444
73,1,2345,132,-18,-366
73,1,2345,133,0,-340
73,1,2346,132,-18,-366
73,1,2347,101,0,-444
73,1,2347,114,-24,-471
73,1,2348,132,-18,-366
73,1,2349,114,0,-471
73,1,2349,132,-18,-366
73,1,2349,132,0,-366
73,1,2351,132,-18,-366
73,1,2352,101,0,-444
73,1,2353,132,-18,-366
73,1,2354,132,-18,-366
73,1,2355,120,-22,-444
73,1,2355,124,-21,-418
73,1,2356,132,-18,-366
73,1,2357,132,-18,-366
73,1,2358,132,-18,-366
73,1,2361,132,-18,-366
73,1,2362,120,-22,-444
73,1,2363,132,-18,-366
73,1,2366,132,-18,-366
73,1,2369,132,-18,-366
73,1,2370,132,-18,-366
73,1,2372,132,-18,-366
73,1,2376,132,-18,-366
73,1,2378,132,-18,-366
73,1,2381,132,-18,-366
73,1,2384,132,-18,-366
73,1,2393,132,0,-366
73,1,2394,124,-21,-418
73,1,2395,132,-18,-366
73,1,2400,126,0,-500
73,1,2403,126,0,-392
73,1,2403,130,0,-366
73,1,2404,107,0,-421
73,1,2404,122,0,-500
73,1,2404,137,0,-500
74,0,2395,82,462,-191
74,0,2396,75,500,0
74,0,2400,75,500,0
74,0,2402,89,267,-421
74,0,2402,93,287,-408
74,0,2404,93,0,-500
74,0,2405,83,306,-394
74,0,2405,84,287,-408
74,0,2408,77,363,-150
74,0,2409,93,74,-494
74,0,2411,74,0,-421
74,0,2412,74,-21,-421
74,0,2413,73,0,-421
74,0,2420,47,110,-74
76,1,2378,114,361,-345
76,1,2379,113,361,-345
76,1,2379,114,361,-345
76,1,2381,112,353,-353
76,1,2382,111,371,-335
76,1,2391,123,343,-359
76,1,2394,123,343,-359
76,1,2395,119,353,-353
76,1,2395,120,353,-353
76,1,2395,123,343,-359
76,1,2396,90,361,-345
76,1,2396,118,107,-431
76,1,2399,120,43,-443
76,1,2399,120,353,-353
76,1,2399,123,343,-359
76,1,2402,123,343,-359
76,1,2403,123,343,-359
76,1,2406,123,343,-359
76,1,2408,123,343,-359
76,1,2409,123,343,-359
76,1,2410,106,141,-396
76,1,2410,123,343,-359
76,1,2411,67,0,0
76,1,2411,72,-26,0
76,1,2413,123,343,-359
76,1,2414,123,343,-359
76,1,2416,123,343,-359
76,1,2417,68,-174,-57
76,1,2417,123,343,-359
76,1,2418,74,-104,0
76,1,2418,123,343,-359
76,1,2419,73,-62,-115
76,1,2419,75,-46,-25
76,1,2421,123,343,-359
76,1,2425,110,386,-316
76,1,2426,123,343,-359
76,1,2428,123,343,-359
76,1,2432,100,0,-159
76,1,2433,104,394,-306
76,1,2437,123,358,-344
76,1,2439,123,343,-359
76,1,2439,124,343,-359
76,1,2442,121,345,-361
76,1,2464,117,0,-473
76,1,2468,107,0,-421
76,1,2500,109,0,-447
95,20,3020,719,92,-464
95,20,3020,720,103,-462
95,20,3020,723,0,-500
95,20,3022,720,76,-441
95,20,3023,717,76,-441
95,20,3023,720,66,-442
95,20,3036,724,361,-345
95,20,3037,710,366,-300
95,20,3038,716,33,-341
95,20,3040,704,0,-342
95,20,3040,717,0,-447
95,20,3040,724,421,-267
95,20,3040,725,0,-473
95,20,3043,713,0,-447
95,20,3045,704,0,-342
95,20,3046,702,305,-250
95,20,3068,707,0,-369
95,20,3085,705,-23,-12
95,20,3089,714,0,-421
95,20,3095,727,-345,-361
95,20,3098,731,-344,-359
95,20,3100,715,0,-421
95,20,3100,735,0,-500
95,20,3100,740,0,-500
95,20,3101,731,-21,-418
95,20,3101,739,-8,-366
95,20,3102,727,-345,-361
95,20,3102,740,18,-366
95,20,3104,700,0,0
95,20,3104,728,-22,-444
95,20,3104,728,0,-444
95,20,3104,732,0,-418
95,20,3104,734,0,-414
95,20,3104,734,0,-392
95,20,3104,737,0,-387
95,20,3104,738,0,-387
95,20,3104,738,0,-366
95,20,3104,739,0,-500
95,20,3104,740,0,-366
95,20,3105,713,-73,-266
95,20,3105,728,-22,-444
95,20,3105,732,-21,-418
95,20,3105,736,-33,-456
95,20,3105,740,-27,-365
95,20,3105,740,-18,-366
95,20,3105,741,0,-340
95,20,3106,706,0,-104
95,20,3106,709,-11,-156
95,20,3106,714,-22,-301
95,20,3106,718,-345,-361
95,20,3106,721,0,-471
95,20,3106,732,-31,-417
95,20,3106,732,-21,-418
95,20,3106,736,-29,-391
95,20,3106,740,-27,-365
95,20,3106,740,-18,-366
95,20,3106,741,-32,-430
95,20,3106,741,0,-340
95,20,3106,742,-17,-340
95,20,3107,688,123,-231
95,20,3107,721,0,-471
95,20,3107,732,-21,-418
95,20,3107,736,-58,-388
95,20,3107,736,-38,-391
95,20,3107,740,-35,-365
95,20,3107,740,-18,-366
95,20,3107,741,0,-340
95,20,3108,732,-21,-418
95,20,3108,738,-35,-365
95,20,3108,740,-18,-366
95,20,3109,728,-22,-444
95,20,3109,736,-29,-391
95,20,3109,740,-18,-366
95,20,3109,740,18,-366
95,20,3109,741,0,-340
95,20,3110,725,0,-444
95,20,3110,728,-22,-444
95,20,3110,732,-21,-418
95,20,3110,740,-18,-366
95,20,3110,741,0,-340
95,20,3111,721,0,-471
95,20,3111,732,-21,-418
95,20,3111,740,-18,-366
95,20,3111,741,0,-340
95,20,3112,732,-21,-418
95,20,3112,740,-18,-366
95,20,3113,684,-74,110
95,20,3113,732,-21,-418
95,20,3113,738,-89,-355
95,20,3113,740,-18,-366
95,20,3113,741,0,-340
95,20,3114,685,0,157
95,20,3114,686,-117,176
95,20,3114,732,-21,-418
95,20,3114,740,-18,-366
95,20,3114,741,0,-340
95,20,3115,716,0,-183
95,20,3115,721,0,-471
95,20,3115,732,-21,-418
95,20,3115,740,-18,-366
95,20,3115,741,0,-340
95,20,3116,676,86,161
95,20,3116,681,41,-151
95,20,3116,681,86,57
95,20,3116,681,99,121
95,20,3116,683,76,136
95,20,3116,683,99,121
95,20,3116,684,102,118
95,20,3116,727,-361,-345
95,20,3116,727,-353,-353
95,20,3116,727,-345,-361
95,20,3116,732,-21,-418
95,20,3116,740,-18,-366
95,20,3117,680,154,-98
95,20,3117,681,111,-208
95,20,3117,684,169,69
95,20,3117,685,169,69
95,20,3117,727,-345,-361
95,20,3117,728,-345,-361
95,20,3117,729,-361,-345
95,20,3117,736,28,-391
95,20,3117,740,-18,-366
95,20,3118,679,189,-181
95,20,3118,683,144,151
95,20,3118,683,169,69
95,20,3118,683,175,52
95,20,3118,683,209,0
95,20,3118,683,392,0
95,20,3118,687,11,156
95,20,3118,712,0,-340
95,20,3119,684,217,89
95,20,3119,727,-345,-361
95,20,3119,730,-351,-351
95,20,3119,731,-344,-359
95,20,3120,667,159,239
95,20,3120,680,130,0
95,20,3120,682,209,0
95,20,3120,684,208,15
95,20,3120,684,209,0
95,20,3120,727,-345,-361
95,20,3120,730,-351,-351
95,20,3120,731,-344,-359
95,20,3120,736,28,-391
95,20,3121,680,234,22
95,20,3121,681,261,5
95,20,3121,684,231,170
95,20,3121,684,261,0
95,20,3121,718,-361,-345
95,20,3121,727,-345,-361
95,20,3122,679,259,31
95,20,3122,683,261,0
95,20,3122,684,198,207
95,20,3122,718,-61,-308
95,20,3122,727,-353,-353
95,20,3122,731,-344,-359
95,20,3122,736,28,-391
95,20,3123,669,286,-21
95,20,3123,670,250,75
95,20,3123,679,314,15
95,20,3123,727,-353,-353
95,20,3123,727,-345,-361
95,20,3123,728,-371,-335
95,20,3123,731,-344,-359
95,20,3124,677,286,-127
95,20,3124,680,287,6
95,20,3124,727,-345,-361
95,20,3124,728,-371,-335
95,20,3124,731,-344,-359
95,20,3125,672,245,-235
95,20,3125,678,285,34
95,20,3125,678,312,23
95,20,3125,679,314,15
95,20,3125,683,287,0
95,20,3125,710,-22,-182
95,20,3125,727,-345,-361
95,20,3126,678,357,-80
95,20,3126,678,367,27
95,20,3126,727,-345,-361
95,20,3126,730,-351,-351
95,20,3126,731,-344,-359
95,20,3127,679,312,30
95,20,3127,679,340,17
95,20,3127,714,118,-102
95,20,3127,727,-345,-361
95,20,3127,731,-344,-359
95,20,3127,731,-298,-364
95,20,3127,731,-289,-371
95,20,3127,732,-289,-371
95,20,3128,679,338,25
95,20,3128,680,337,41
95,20,3128,682,340,7
95,20,3128,686,364,-27
95,20,3128,730,-334,-369
95,20,3128,731,-344,-359
95,20,3129,682,341,-132
95,20,3129,728,-345,-361
95,20,3129,729,-344,-359
95,20,3129,731,-344,-359
95,20,3129,733,-316,-386
95,20,3130,678,391,28
95,20,3130,679,392,47
95,20,3130,679,393,29
95,20,3130,683,148,247
95,20,3130,731,-344,-359
95,20,3130,734,-281,-344
95,20,3130,734,-273,-351
95,20,3130,735,-273,-351
95,20,3131,674,334,-149
95,20,3131,681,269,161
95,20,3131,681,276,-148
95,20,3131,727,-361,-345
95,20,3132,681,292,175
95,20,3132,683,148,247
95,20,3132,727,-361,-345
95,20,3132,729,-361,-345
95,20,3132,729,-345,-361
95,20,3132,730,-353,-353
95,20,3133,668,238,-277
95,20,3133,669,-263,-215
95,20,3133,680,283,231
95,20,3133,680,294,217
95,20,3133,680,308,195
95,20,3133,681,301,211
95,20,3133,685,444,-10
95,20,3133,708,-250,-339
95,20,3133,729,-361,-345
95,20,3133,730,-361,-345
95,20,3134,681,277,238
95,20,3135,733,-345,-361
95,20,3140,676,33,-339
95,20,3142,724,-361,-345
95,20,3143,725,-371,-335
95,20,3144,683,-407,0
95,20,3144,686,195,308
95,20,3146,728,-371,-335
95,20,3149,683,-447,0
95,20,3149,731,-359,-344
95,20,3153,683,-473,0
95,20,3153,695,-484,-121
95,20,3156,683,-500,0
95,20,3157,683,-473,0
95,20,3160,700,-361,-345
95,20,3163,698,-484,-121
96,19,3082,670,305,-250
96,19,3100,683,500,0
96,19,3102,683,402,-296
96,19,3102,694,394,-306
96,19,3102,696,236,-441
96,19,3102,697,236,-441
96,19,3103,683,418,0
96,19,3104,674,0,-369
96,19,3104,677,0,-157
96,19,3104,682,0,-421
96,19,3104,683,402,-296
96,19,3104,683,466,-179
96,19,3104,693,0,-473
96,19,3105,683,466,-81
96,19,3106,696,236,-441
96,19,3106,699,257,-429
96,19,3106,700,257,-429
96,19,3107,701,0,-500
96,19,3108,701,0,-500
96,19,3109,674,0,-369
96,19,3109,689,246,-272
96,19,3110,686,421,-267
96,19,3110,700,132,-482
96,19,3112,680,101,-152
96,19,3112,683,447,0
96,19,3112,701,0,-500
96,19,3113,684,413,-62
96,19,3115,663,-25,-7
96,19,3115,675,0,-183
96,19,3115,677,0,-157
96,19,3115,682,0,-421
96,19,3115,682,21,-421
96,19,3115,683,0,-421
96,19,3115,683,235,0
96,19,3115,684,226,-217
96,19,3116,682,-21,-421
96,19,3116,686,-23,-447
96,19,3118,676,-44,-363
96,19,3119,682,0,-421
96,19,3119,688,66,-442
96,19,3120,682,-72,-415
96,19,3120,682,0,-421
96,19,3123,682,0,-421
96,19,3124,682,0,-421
96,19,3126,700,0,-497
96,19,3127,682,-255,-363
96,19,3128,682,0,-421
96,19,3130,675,-80,-360
96,19,3133,672,-258,-299
96,19,3135,675,-275,-319
96,19,3136,675,-283,-312
96,19,3141,685,-300,-366
96,19,3143,677,-332,-300
96,19,3144,674,-360,-266
96,19,3144,674,-353,-274
96,19,3144,685,-309,-359
96,19,3145,673,-360,-266
96,19,3145,675,-353,-274
96,19,3147,682,0,-421
96,19,3147,689,-326,-378
96,19,3149,675,-394,-262
96,19,3150,692,-326,-378
96,19,3151,680,-441,-236
96,19,3151,680,-402,-296
96,19,3152,680,-402,-296
96,19,3152,682,-72,-415
96,19,3153,678,-236,-441
96,19,3156,683,-361,-345
96,19,3156,683,-81,-466
96,19,3161,682,-182,-409
96,19,3187,668,-378,-326
96,19,3188,667,-451,-212
96,19,3205,651,-380,0
98,19,3104,651,25,-7
98,19,3119,680,402,-296
98,19,3119,680,441,-236
98,19,3125,673,372,-248
98,19,3129,671,339,-250
98,19,3129,680,239,-377
98,19,3129,680,248,-372
98,19,3130,672,332,-258
98,19,3140,652,184,98
98,19,3141,682,0,-421
98,19,3144,682,0,-421
98,19,3147,682,0,-421
98,19,3148,674,0,-369
98,19,3149,652,-7,78
98,19,3149,682,0,-421
98,19,3152,681,-347,-186
98,19,3152,682,0,-421
98,19,3152,683,21,-421
98,19,3153,674,0,-369
98,19,3154,682,31,-419
98,19,3155,674,0,-369
98,19,3155,682,0,-421
98,19,3155,682,31,-419
98,19,3156,654,49,92
98,19,3156,655,104,0
98,19,3156,655,115,61
98,19,3156,656,88,47
98,19,3156,658,69,104
98,19,3156,659,21,14
98,19,3156,659,82,-187
98,19,3156,660,25,2
98,19,3156,661,0,0
98,19,3156,663,14,-21
98,19,3156,663,16,-20
98,19,3156,664,16,-20
98,19,3156,665,16,-20
98,19,3156,665,237,-98
98,19,3156,666,5,-25
98,19,3156,666,16,-20
98,19,3156,668,215,143
98,19,3156,668,282,27
98,19,3156,670,0,-26
98,19,3156,674,0,-369
98,19,3156,674,0,-157
98,19,3156,680,-101,-335
98,19,3156,681,0,-130
98,19,3156,682,0,-421
98,19,3156,683,-367,0
98,19,3156,683,361,-345
98,19,3157,682,0,-421
98,19,3157,683,-435,-246
98,19,3157,701,0,-500
98,19,3158,683,-341,0
98,19,3158,683,-313,-94
98,19,3158,687,-224,-447
98,19,3158,701,0,-500
98,19,3159,682,0,-421
98,19,3159,686,0,-447
98,19,3159,701,0,-500
98,19,3160,674,0,-369
98,19,3160,683,-209,0
98,19,3160,701,0,-500
98,19,3161,691,-246,-435
98,19,3162,682,0,-421
98,19,3162,683,-500,0
98,19,3162,683,-485,0
98,19,3163,682,0,-421
98,19,3163,683,-500,0
98,19,3163,701,0,-500
98,19,3164,682,0,-421
98,19,3164,683,-500,0
98,19,3164,683,-75,-248
98,19,3164,701,148,-450
98,19,3165,683,-500,0
98,19,3165,683,-75,-248
98,19,3165,696,-236,-441
98,19,3166,682,0,-421
98,19,3166,696,-236,-441
98,19,3168,682,0,-421
98,19,3168,693,0,-473
98,19,3168,697,-335,-371
98,19,3169,697,-335,-371
98,19,3172,693,-416,-277
98,19,3173,691,-464,-178
98,19,3174,687,-490,-97
98,19,3174,692,-416,-277
98,19,3192,672,-319,-275
98,19,3252,667,-451,-212
99,20,3122,691,8,392
99,20,3124,694,205,364
99,20,3134,731,361,-345
99,20,3135,729,361,-345
99,20,3136,732,361,-345
99,20,3137,681,-294,217
99,20,3137,682,-278,195
99,20,3138,726,361,-345
99,20,3139,668,-110,-266
99,20,3139,728,361,-345
99,20,3139,731,343,-359
99,20,3140,684,-136,253
99,20,3140,729,361,-345
99,20,3142,662,-25,-260
99,20,3143,672,-329,-82
99,20,3144,652,25,-1
99,20,3144,679,-339,33
99,20,3144,684,-101,152
99,20,3145,679,-339,33
99,20,3146,673,-273,-202
99,20,3147,674,-301,-212
99,20,3148,669,-242,-100
99,20,3148,676,-312,23
99,20,3148,676,-256,-180
99,20,3148,679,-312,30
99,20,3149,667,-242,-100
99,20,3149,682,-291,-264
99,20,3149,686,-108,162
99,20,3151,672,-234,22
99,20,3151,674,-234,22
99,20,3151,675,-221,78
99,20,3151,676,-236,111
99,20,3151,677,-235,-165
99,20,3152,683,-263,-215
99,20,3153,679,-202,-165
99,20,3153,680,-169,-70
99,20,3153,680,-123,135
99,20,3153,736,0,-392
99,20,3154,669,40,205
99,20,3154,677,-163,108
99,20,3154,680,-130,86
99,20,3154,732,0,-418
99,20,3154,740,0,-366
99,20,3155,675,-130,86
99,20,3155,681,-111,-208
99,20,3155,683,-221,-21
99,20,3155,683,-78,0
99,20,3155,683,-52,0
99,20,3155,744,0,-473
99,20,3156,721,0,-471
99,20,3156,739,0,-369
99,20,3156,741,0,-340
99,20,3157,687,117,-123
99,20,3157,721,0,-471
99,20,3157,728,-22,-444
99,20,3157,732,-21,-418
99,20,3157,741,0,-340
99,20,3158,728,-22,-444
99,20,3158,728,0,-444
99,20,3158,732,-21,-418
99,20,3158,732,0,-418
99,20,3158,740,-18,-366
99,20,3158,740,0,-366
99,20,3158,741,0,-340
99,20,3158,741,97,-353
99,20,3159,732,-21,-418
99,20,3159,740,-18,-366
99,20,3159,740,0,-366
99,20,3160,732,-21,-418
99,20,3160,740,-18,-366
99,20,3160,740,0,-366
99,20,3160,741,0,-340
99,20,3161,729,107,-431
99,20,3161,732,-21,-418
99,20,3161,732,0,-418
99,20,3161,740,-18,-366
99,20,3161,740,0,-366
99,20,3161,741,0,-340
99,20,3162,723,-24,-471
99,20,3162,732,-21,-418
99,20,3162,740,-18,-366
99,20,3163,718,-25,-497
99,20,3163,728,-22,-444
99,20,3163,732,-21,-418
99,20,3163,737,67,-386
99,20,3163,740,-18,-366
99,20,3164,718,-25,-497
99,20,3164,721,0,-471
99,20,3164,723,-24,-471
99,20,3164,732,-21,-418
99,20,3164,740,-18,-366
99,20,3164,741,0,-340
99,20,3165,728,-22,-444
99,20,3165,732,-21,-418
99,20,3165,740,-18,-366
99,20,3166,723,-24,-471
99,20,3166,728,-22,-444
99,20,3166,732,-21,-418
99,20,3166,740,-18,-366
99,20,3166,741,0,-340
99,20,3167,718,-25,-497
99,20,3167,732,-21,-418
99,20,3167,738,32,-438
99,20,3167,740,-18,-366
99,20,3168,724,0,-403
99,20,3168,730,0,-440
99,20,3168,732,-21,-418
99,20,3168,733,0,-500
99,20,3168,734,0,-414
99,20,3168,734,0,-392
99,20,3168,737,0,-387
99,20,3168,738,0,-387
99,20,3168,738,0,-366
99,20,3168,740,-18,-366
99,20,3168,743,0,-500
99,20,3169,732,-21,-418
99,20,3169,740,-18,-366
99,20,3169,741,0,-340
99,20,3170,718,-25,-497
99,20,3170,732,-21,-418
99,20,3170,740,-18,-366
99,20,3171,728,-22,-444
99,20,3171,732,-21,-418
99,20,3171,740,-18,-366
99,20,3172,732,-21,-418
99,20,3172,740,-18,-366
99,20,3173,728,-22,-444
99,20,3173,732,-21,-418
99,20,3173,740,-18,-366
99,20,3174,723,-24,-471
99,20,3174,728,-22,-444
99,20,3174,732,-21,-418
99,20,3174,740,-18,-366
99,20,3174,741,0,-340
99,20,3175,728,-22,-444
99,20,3175,732,-21,-418
99,20,3175,740,-18,-366
99,20,3176,732,-21,-418
99,20,3176,740,-18,-366
99,20,3177,732,-21,-418
99,20,3177,740,-18,-366
99,20,3178,718,-25,-497
99,20,3178,722,-19,-260
99,20,3178,732,-21,-418
99,20,3178,740,-18,-366
99,20,3179,712,0,-418
99,20,3179,720,0,-471
99,20,3179,721,0,-471
99,20,3179,732,-21,-418
99,20,3179,740,-18,-366
99,20,3179,741,0,-340
99,20,3179,743,0,-500
99,20,3180,732,-21,-418
99,20,3180,740,-18,-366
99,20,3181,728,-22,-444
99,20,3181,732,0,-418
99,20,3181,740,-18,-366
99,20,3181,740,0,-366
99,20,3181,741,0,-340
99,20,3182,728,-22,-444
99,20,3182,732,-21,-418
99,20,3182,740,-18,-366
99,20,3183,740,-18,-366
99,20,3184,732,-21,-418
99,20,3184,740,-18,-366
99,20,3184,741,0,-340
99,20,3185,728,-22,-444
99,20,3185,732,-21,-418
99,20,3185,740,-18,-366
99,20,3186,740,-18,-366
99,20,3187,702,0,-314
99,20,3187,740,-18,-366
99,20,3188,732,-21,-418
99,20,3188,740,-18,-366
99,20,3189,740,-18,-366
99,20,3190,740,-18,-366
99,20,3191,740,-18,-366
99,20,3195,708,104,0
99,20,3196,707,302,-289
99,20,3196,728,-22,-444
99,20,3197,728,-22,-444
99,20,3197,740,-18,-366
99,20,3198,728,-22,-444
99,20,3198,740,-18,-366
99,20,3199,740,-18,-366
99,20,3202,732,-21,-418
99,20,3202,740,-18,-366
99,20,3203,728,-22,-444
99,20,3203,740,-18,-366
99,20,3204,740,-18,-366
99,20,3209,728,-22,-444
99,20,3210,740,-18,-366
99,20,3211,740,-18,-366
99,20,3212,740,-18,-366
99,20,3214,740,-18,-366
99,20,3215,740,-18,-366
99,20,3216,732,-21,-418
99,20,3216,736,-29,-391
99,20,3217,728,-22,-444
99,20,3217,732,-21,-418
99,20,3217,740,-18,-366
99,20,3218,740,-18,-366
99,20,3220,740,-18,-366
99,20,3222,718,0,-497
99,20,3222,732,0,-418
99,20,3222,740,0,-366
99,20,3223,740,0,-366
99,20,3224,740,-18,-366
99,20,3224,743,0,-500
99,20,3225,709,0,-444
99,20,3225,740,-18,-366
99,20,3226,740,-18,-366
99,20,3226,740,0,-366
99,20,3227,728,-22,-444
99,20,3227,732,-21,-418
99,20,3227,740,-18,-366
99,20,3228,740,-18,-366
99,20,3228,743,0,-500
99,20,3229,728,-22,-444
99,20,3229,740,-18,-366
99,20,3230,740,-18,-366
99,20,3230,740,0,-366
99,20,3231,728,-22,-444
99,20,3231,740,-18,-366
99,20,3232,732,-21,-418
99,20,3232,732,0,-418
99,20,3232,734,0,-392
99,20,3232,738,0,-387
99,20,3232,738,0,-366
99,20,3232,740,-18,-366
99,20,3232,740,0,-387
99,20,3232,740,0,-366
99,20,3232,743,0,-500
99,20,3233,708,-18,-369
99,20,3233,716,-14,-287
99,20,3233,728,-22,-444
99,20,3233,732,-21,-418
99,20,3233,740,-27,-365
99,20,3233,740,-18,-366
99,20,3233,740,0,-366
99,20,3234,715,-31,-419
99,20,3234,732,-21,-418
99,20,3234,732,0,-418
99,20,3234,739,18,-366
99,20,3234,740,-18,-366
99,20,3234,740,0,-366
99,20,3235,721,-81,-466
99,20,3235,740,-43,-443
99,20,3235,740,-18,-366
99,20,3235,740,0,-366
99,20,3236,708,0,-369
99,20,3236,715,0,-421
99,20,3236,717,0,-447
99,20,3236,721,0,-473
99,20,3236,732,0,-444
99,20,3236,739,0,-447
99,20,3236,741,0,-392
99,20,3236,745,0,-500
99,20,3238,728,0,-444
99,20,3238,736,0,-392
99,20,3238,738,-29,-391
99,20,3238,740,0,-366
99,20,3239,741,-8,-366
99,20,3242,685,-75,141
99,20,3242,685,-46,152
99,20,3242,687,35,182
99,20,3243,736,-121,-484
99,20,3244,691,0,0
99,20,3245,737,-144,-478
99,20,3246,676,173,116
99,20,3246,681,173,116
99,20,3248,683,223,73
99,20,3250,672,242,-100
99,20,3254,682,328,-90
99,20,3255,679,360,-63
99,20,3258,732,-353,-353
99,20,3277,683,-447,0
99,20,3284,683,-478,-144
99,20,3287,695,-482,-132
100,19,3180,659,110,268
100,19,3188,682,0,-421
100,19,3196,679,408,-287
100,19,3198,682,0,-421
100,19,3199,682,0,-421
100,19,3201,674,0,-369
100,19,3201,682,408,-287
100,19,3204,674,0,-369
100,19,3205,679,408,-287
100,19,3205,682,0,-421
100,19,3206,674,0,-369
100,19,3207,671,339,-250
100,19,3209,676,386,-272
100,19,3210,670,305,-250
100,19,3211,682,0,-421
100,19,3216,674,0,-369
100,19,3217,682,0,-421
100,19,3219,671,339,-250
100,19,3221,682,0,-421
100,19,3222,682,0,-421
100,19,3223,674,0,-369
100,19,3225,682,0,-421
100,19,3226,682,0,-421
100,19,3226,693,416,-277
100,19,3226,694,421,-267
100,19,3228,683,451,-212
100,19,3228,690,464,-178
100,19,3228,692,416,-277
100,19,3228,693,416,-277
100,19,3228,695,236,-441
100,19,3228,696,236,-441
100,19,3229,675,10,-209
100,19,3229,682,0,-421
100,19,3229,683,451,-212
100,19,3229,683,500,0
100,19,3229,687,478,-144
100,19,3229,692,416,-277
100,19,3229,692,421,-267
100,19,3229,693,408,-287
100,19,3229,694,402,-296
100,19,3230,682,0,-421
100,19,3230,683,500,0
100,19,3230,692,416,-277
100,19,3230,693,402,-296
100,19,3230,694,394,-306
100,19,3232,682,0,-421
100,19,3232,683,451,-212
100,19,3232,683,466,-179
100,19,3232,683,500,0
100,19,3232,684,482,-132
100,19,3232,693,0,-473
100,19,3232,696,296,-402
100,19,3232,697,316,-386
100,19,3232,698,0,-500
100,19,3232,700,0,-500
100,19,3233,685,488,-109
100,19,3233,686,484,-121
100,19,3233,690,408,-287
100,19,3234,684,482,-132
100,19,3234,686,403,-111
100,19,3234,696,236,-441
100,19,3234,701,287,-408
100,19,3235,701,-85,-492
100,19,3236,701,0,-500
100,19,3236,702,180,-436
100,19,3237,692,287,-408
100,19,3237,702,144,-478
100,19,3239,689,195,-278
100,19,3240,683,444,0
100,19,3240,691,94,-380
100,19,3241,683,235,0
100,19,3241,699,48,-498
100,19,3241,699,287,-408
100,19,3243,652,-79,67
100,19,3243,655,-121,-33
100,19,3243,655,-37,-36
100,19,3243,655,-19,-18
100,19,3243,656,-147,-40
100,19,3243,661,0,0
100,19,3243,665,0,-26
100,19,3243,674,0,-369
100,19,3243,675,0,-104
100,19,3243,676,0,-78
100,19,3243,681,207,-111
100,19,3243,682,0,-421
100,19,3243,683,235,0
100,19,3244,676,27,-287
100,19,3244,679,-27,-365
100,19,3244,682,-21,-421
100,19,3245,678,0,-395
100,19,3245,679,159,-239
100,19,3245,682,0,-421
100,19,3245,685,0,-447
100,19,3252,688,148,-450
100,19,3272,674,-353,-274
100,19,3272,675,-353,-274
100,19,3273,675,-353,-274
100,19,3275,677,-374,-290
100,19,3276,677,-374,-290
100,19,3277,675,-394,-262
100,19,3280,680,-402,-296
100,19,3284,683,-500,0
100,19,3284,683,-478,-144
100,19,3284,683,-224,-447
100,19,3284,683,0,-500
102,19,3211,666,361,-345
102,19,3223,651,52,0
102,19,3225,671,350,-233
102,19,3228,654,-33,338
102,19,3232,650,43,-29
102,19,3239,683,181,-409
102,19,3239,691,158,-446
102,19,3240,655,402,-296
102,19,3242,675,151,-366
102,19,3243,660,461,-92
102,19,3243,683,0,-500
102,19,3243,683,121,-484
102,19,3247,680,402,-296
102,19,3247,680,441,-236
102,19,3252,658,-289,28
102,19,3252,665,0,-290
102,19,3252,676,268,-208
102,19,3252,682,0,-421
102,19,3253,673,365,-257
102,19,3253,673,372,-248
102,19,3254,674,353,-274
102,19,3254,674,360,-266
102,19,3254,675,350,-273
102,19,3254,675,353,-274
102,19,3255,686,308,-359
102,19,3257,671,339,-250
102,19,3257,671,350,-233
102,19,3257,672,332,-258
102,19,3257,672,339,-250
102,19,3257,685,299,-366
102,19,3258,672,332,-258
102,19,3258,672,339,-250
102,19,3259,674,312,-283
102,19,3260,669,322,-227
102,19,3260,681,291,-339
102,19,3261,681,265,-360
102,19,3269,671,339,-250
102,19,3271,691,158,-446
102,19,3272,690,441,-236
102,19,3273,697,316,-386
102,19,3274,699,224,-447
102,19,3275,695,-361,-345
102,19,3276,653,-102,22
102,19,3280,685,462,-191
102,19,3281,661,85,-262
102,19,3281,678,58,-391
102,19,3281,682,50,-418
102,19,3281,712,38,-391
102,19,3282,682,31,-419
102,19,3282,698,-361,-345
102,19,3283,682,21,-421
102,19,3284,668,0,-308
102,19,3284,671,0,-264
102,19,3284,674,0,-308
102,19,3284,682,0,-421
102,19,3286,699,-48,-498
102,19,3288,683,-407,0
102,19,3288,701,287,-408
102,19,3290,683,-485,0
102,19,3291,699,-212,-451
102,19,3291,701,287,-408
102,19,3292,683,-500,0
102,19,3292,683,-485,0
102,19,3292,683,-451,-212
102,19,3293,683,-488,-109
102,19,3293,683,-433,0
102,19,3294,683,-500,0
102,19,3294,696,-306,-394
102,19,3294,701,-257,-429
102,19,3295,695,-361,-345
102,19,3298,698,-335,-371
102,19,3299,692,-429,-257
102,19,3299,696,-386,-316
102,19,3301,689,-478,-144
102,19,3302,686,-494,-74
102,19,3328,712,0,-500
103,20,3243,683,451,-212
103,20,3243,683,488,-109
103,20,3243,683,500,0
103,20,3246,683,447,0
103,20,3247,681,457,-126
103,20,3249,697,423,-212
103,20,3253,683,421,0
103,20,3255,683,395,0
103,20,3255,691,408,-102
103,20,3255,692,406,-112
103,20,3255,730,351,-351
103,20,3255,731,343,-359
103,20,3255,731,351,-351
103,20,3256,725,361,-345
103,20,3256,730,351,-351
103,20,3256,731,343,-359
103,20,3256,731,351,-351
103,20,3257,691,381,-105
103,20,3257,731,343,-359
103,20,3258,693,368,-142
103,20,3258,708,302,-289
103,20,3258,732,326,-378
103,20,3259,694,368,-142
103,20,3259,727,353,-353
103,20,3259,728,353,-353
103,20,3259,731,343,-359
103,20,3259,732,326,-378
103,20,3259,732,358,-344
103,20,3260,682,-182,321
103,20,3260,687,-8,342
103,20,3260,722,371,-335
103,20,3260,727,353,-353
103,20,3260,727,361,-345
103,20,3260,728,353,-353
103,20,3260,731,343,-359
103,20,3261,692,341,-141
103,20,3261,699,234,-165
103,20,3261,727,353,-353
103,20,3261,728,353,-353
103,20,3261,730,351,-351
103,20,3261,731,343,-359
103,20,3261,732,358,-344
103,20,3262,680,-333,211
103,20,3262,682,-167,296
103,20,3262,731,343,-359
103,20,3263,680,-153,304
103,20,3263,682,-167,296
103,20,3263,683,-169,298
103,20,3263,687,-16,314
103,20,3263,727,353,-353
103,20,3263,728,353,-353
103,20,3263,731,343,-359
103,20,3264,683,-169,298
103,20,3264,684,-176,294
103,20,3264,730,351,-351
103,20,3264,731,343,-359
103,20,3264,731,358,-344
103,20,3265,678,-419,31
103,20,3265,683,-169,298
103,20,3265,684,-176,294
103,20,3265,684,-162,269
103,20,3265,689,-233,350
103,20,3265,731,343,-359
103,20,3265,731,358,-344
103,20,3265,733,345,-361
103,20,3266,666,-168,-357
103,20,3266,680,-311,197
103,20,3266,681,-317,190
103,20,3266,681,-309,195
103,20,3266,684,-162,269
103,20,3266,731,343,-359
103,20,3267,679,-301,211
103,20,3267,680,-307,204
103,20,3267,715,148,-277
103,20,3267,730,351,-351
103,20,3267,730,353,-353
103,20,3267,731,343,-359
103,20,3267,732,343,-359
103,20,3267,732,351,-351
103,20,3268,728,371,-335
103,20,3268,728,386,-316
103,20,3268,729,353,-353
103,20,3268,731,343,-359
103,20,3268,732,358,-344
103,20,3269,679,-395,19
103,20,3269,728,371,-335
103,20,3269,729,378,-326
103,20,3269,730,358,-344
103,20,3269,731,343,-359
103,20,3269,731,358,-344
103,20,3269,734,316,-386
103,20,3270,672,-183,-225
103,20,3270,676,-392,47
103,20,3270,729,378,-326
103,20,3270,731,343,-359
103,20,3270,731,358,-344
103,20,3270,732,353,-353
103,20,3271,728,353,-353
103,20,3271,731,343,-359
103,20,3271,732,343,-359
103,20,3271,732,351,-351
103,20,3271,734,335,-371
103,20,3272,653,21,-14
103,20,3272,677,-335,58
103,20,3272,730,326,-378
103,20,3273,674,-287,-28
103,20,3273,678,-367,27
103,20,3273,736,306,-394
103,20,3274,674,-301,-212
103,20,3274,677,-283,-232
103,20,3274,679,-367,27
103,20,3274,728,345,-361
103,20,3274,729,345,-361
103,20,3274,735,306,-394
103,20,3274,736,306,-394
103,20,3275,674,-315,23
103,20,3275,734,306,-394
103,20,3275,736,306,-394
103,20,3276,675,-256,50
103,20,3276,680,-319,-275
103,20,3276,724,353,-353
103,20,3276,734,296,-402
103,20,3277,669,-258,-39
103,20,3277,676,-317,-131
103,20,3277,677,-276,-203
103,20,3277,682,-209,0
103,20,3277,730,361,-345
103,20,3277,731,306,-394
103,20,3277,731,361,-345
103,20,3278,673,-307,76
103,20,3278,674,-245,155
103,20,3278,679,-261,13
103,20,3278,680,-261,5
103,20,3278,683,-157,0
103,20,3278,729,353,-353
103,20,3278,730,296,-402
103,20,3278,730,353,-353
103,20,3278,731,353,-353
103,20,3278,734,287,-408
103,20,3279,663,-198,125
103,20,3279,676,-210,112
103,20,3279,679,-235,11
103,20,3279,679,-229,-178
103,20,3279,683,-209,0
103,20,3279,720,66,-442
103,20,3279,730,296,-402
103,20,3279,730,353,-353
103,20,3279,730,361,-345
103,20,3280,669,-218,-90
103,20,3280,679,-258,-182
103,20,3280,681,-209,4
103,20,3280,683,-130,0
103,20,3280,720,53,-444
103,20,3281,672,-130,230
103,20,3281,677,-169,-70
103,20,3281,681,-182,17
103,20,3281,681,-169,-70
103,20,3281,682,-104,0
103,20,3281,683,-250,0
103,20,3281,710,58,-391
103,20,3282,679,-187,-349
103,20,3282,680,-169,-70
103,20,3282,681,-166,-64
103,20,3282,682,-104,0
103,20,3282,682,-74,-26
103,20,3282,683,-108,147
103,20,3282,683,-78,0
103,20,3282,725,0,-500
103,20,3282,726,353,-353
103,20,3282,727,353,-353
103,20,3282,727,361,-345
103,20,3283,680,-111,-269
103,20,3283,681,-14,-21
103,20,3283,682,-68,-144
103,20,3283,682,-52,0
103,20,3283,682,-40,-33
103,20,3283,682,-39,-35
103,20,3283,682,-37,-37
103,20,3283,682,-35,-39
103,20,3283,682,-5,-25
103,20,3283,683,-223,0
103,20,3283,683,-74,138
103,20,3283,683,-52,0
103,20,3284,684,-28,-125
103,20,3284,686,-41,-205
103,20,3285,722,345,-361
103,20,3292,715,0,-421
103,20,3292,720,0,-447
103,20,3292,725,0,-473
103,20,3296,737,0,-500
103,20,3296,742,0,-500
103,20,3298,732,0,-500
103,20,3298,742,0,-500
103,20,3300,708,0,-369
103,20,3300,715,0,-421
103,20,3300,718,-23,-447
103,20,3301,721,-11,-473
103,20,3301,729,0,-500
103,20,3312,715,0,-421
103,20,3317,704,216,-227
103,20,3328,725,0,-473
103,20,3332,712,0,-395
103,20,3332,720,0,-447
103,20,3345,716,290,-374
103,20,3347,705,319,-275
103,20,3348,712,283,-346
103,20,3350,702,293,-265
103,20,3359,725,0,-473
103,20,3364,715,0,-421
103,20,3364,725,0,-473
103,20,3364,732,0,-500
103,20,3366,701,-208,-199
103,20,3373,716,-23,-234
103,20,3374,704,0,-264
103,20,3380,734,0,-500
103,20,3387,731,0,-500
103,20,3387,736,0,-500
103,20,3391,707,-418,-224
103,20,3392,733,-345,-361
103,20,3393,679,-210,-201
103,20,3400,697,-442,-170
103,20,3404,698,-478,-144
103,20,3411,712,-277,-416
103,20,3413,683,-473,0
103,20,3415,683,-500,0
103,20,3418,675,-498,-37
103,20,3421,651,-500,0
103,20,3421,652,-500,0
103,20,3421,653,-500,-11
103,20,3422,654,-500,-25
103,20,3422,673,-500,0
103,20,3424,656,-498,-48
103,20,3424,656,-496,-60
103,20,3426,652,-500,0
103,20,3426,679,-498,-37
103,20,3427,654,-500,-25
103,20,3427,661,-498,-37
103,20,3428,654,-500,-25
103,20,3429,656,-496,-60
103,20,3429,657,-496,-60
103,20,3429,665,-474,-156
103,20,3431,651,-500,0
103,20,3431,652,-500,0
103,20,3431,653,-500,-25
103,20,3432,653,-500,-11
103,20,3432,654,-500,-25
103,20,3432,673,-500,0
103,20,3433,676,-498,-37
123,12,3864,385,500,25
123,12,3867,416,498,48
123,12,3868,416,498,37
123,12,3868,420,498,37
123,12,3868,420,500,0
123,12,3869,361,500,0
123,12,3869,367,500,0
123,12,3870,380,500,0
123,12,3871,361,500,-11
123,12,3871,386,500,25
123,12,3873,417,498,48
123,12,3873,420,500,0
123,12,3875,355,500,0
123,12,3876,356,500,0
123,12,3876,434,498,37
123,12,3877,355,500,0
123,12,3878,377,500,-25
123,12,3879,343,371,335
123,12,3879,372,345,361
123,12,3879,439,353,-353
123,12,3879,444,361,-345
123,12,3880,344,371,335
123,12,3880,448,418,0
123,12,3881,330,358,343
123,12,3881,343,353,353
123,12,3881,344,345,361
123,12,3881,344,361,345
123,12,3881,362,464,92
123,12,3881,363,464,92
123,12,3881,373,345,361
123,12,3881,415,471,35
123,12,3881,428,473,0
123,12,3881,448,500,0
123,12,3882,376,345,361
123,12,3883,335,386,316
123,12,3883,360,498,-37
123,12,3883,360,500,0
123,12,3883,361,498,-37
123,12,3884,348,345,361
123,12,3884,348,361,345
123,12,3884,375,335,371
123,12,3884,375,361,345
123,12,3884,383,361,345
123,12,3884,452,500,0
123,12,3885,339,335,371
123,12,3885,348,500,0
123,12,3885,363,437,97
123,12,3885,380,314,0
123,12,3886,332,345,361
123,12,3886,333,353,353
123,12,3886,348,500,0
123,12,3886,364,438,87
123,12,3886,380,447,0
123,12,3886,383,316,386
123,12,3886,384,447,0
123,12,3886,390,447,-23
123,12,3886,431,445,-33
123,12,3886,452,500,0
123,12,3888,407,335,-371
123,12,3888,450,308,-196
123,12,3890,364,411,92
123,12,3890,412,447,0
123,12,3890,419,447,0
123,12,3890,420,447,0
123,12,3890,424,447,0
123,12,3890,454,500,0
123,12,3891,345,500,0
123,12,3891,359,453,136
123,12,3891,383,421,0
123,12,3891,432,416,-62
123,12,3892,415,287,0
123,12,3892,444,361,-345
123,12,3892,448,377,-239
123,12,3892,448,384,-230
123,12,3892,456,500,0
123,12,3893,352,417,223
123,12,3893,413,419,31
123,12,3893,420,447,0
123,12,3893,424,421,0
123,12,3893,456,500,0
123,12,3894,365,385,86
123,12,3894,366,412,82
123,12,3894,373,314,0
123,12,3894,419,421,0
123,12,3894,440,389,-161
123,12,3894,441,389,-161
123,12,3895,384,395,-9
123,12,3895,388,395,0
123,12,3895,389,395,0
123,12,3895,392,395,0
123,12,3895,393,395,0
123,12,3895,395,395,0
123,12,3895,402,395,0
123,12,3895,405,395,0
123,12,3895,416,395,0
123,12,3895,420,395,0
123,12,3895,428,395,0
123,12,3895,455,323,-309
123,12,3895,468,378,-326
123,12,3896,415,395,8
123,12,3896,422,395,0
123,12,3896,439,368,-142
123,12,3898,436,378,-114
123,12,3898,437,371,-132
123,12,3899,359,453,136
123,12,3899,442,339,-203
123,12,3899,459,500,0
123,12,3899,465,378,-326
123,12,3900,359,421,150
123,12,3900,361,428,129
123,12,3900,363,408,101
123,12,3900,364,411,92
123,12,3900,365,355,98
123,12,3900,395,78,0
123,12,3900,416,78,0
123,12,3900,418,369,0
123,12,3900,426,369,0
123,12,3900,428,261,-13
123,12,3900,457,291,-339
123,12,3901,420,78,0
123,12,3901,420,104,0
123,12,3901,420,366,44
123,12,3901,435,353,-107
123,12,3901,436,344,-123
123,12,3902,393,98,-85
123,12,3902,416,342,7
123,12,3903,458,386,-316
123,12,3904,340,417,223
123,12,3904,359,421,150
123,12,3904,363,408,101
123,12,3904,460,371,-335
123,12,3904,460,378,-326
123,12,3905,344,339,291
123,12,3905,354,351,176
123,12,3906,392,238,0
123,12,3906,406,238,0
123,12,3906,414,204,-56
123,12,3907,364,411,92
123,12,3907,445,186,-187
123,12,3907,449,250,-305
123,12,3907,450,319,-275
123,12,3908,347,165,234
123,12,3908,363,408,101
123,12,3909,344,339,291
123,12,3909,363,408,101
123,12,3910,450,248,-372
123,12,3910,452,346,-283
123,12,3911,324,351,351
123,12,3911,325,358,343
123,12,3911,333,386,316
123,12,3911,365,355,98
123,12,3913,329,353,353
123,12,3913,349,325,266
123,12,3913,356,291,226
123,12,3913,360,159,0
123,12,3913,452,129,-257
123,12,3913,475,353,-353
123,12,3914,336,353,353
123,12,3914,349,319,274
123,12,3914,352,293,265
123,12,3914,356,500,0
123,12,3914,451,312,-283
123,12,3915,330,361,345
123,12,3915,332,353,353
123,12,3915,333,353,353
123,12,3915,333,361,345
123,12,3916,332,361,345
123,12,3916,333,353,353
123,12,3916,339,345,361
123,12,3916,352,285,233
123,12,3916,362,172,200
123,12,3917,330,335,371
123,12,3917,330,345,361
123,12,3917,331,345,361
123,12,3917,331,353,353
123,12,3917,332,353,353
123,12,3917,333,353,353
123,12,3917,333,361,345
123,12,3917,335,345,361
123,12,3917,335,353,353
123,12,3917,336,353,353
123,12,3917,338,353,353
123,12,3917,339,335,371
123,12,3917,339,345,361
123,12,3917,340,345,361
123,12,3917,343,345,361
123,12,3917,347,345,361
123,12,3917,348,335,371
123,12,3917,352,350,233
123,12,3917,355,279,240
123,12,3918,328,345,361
123,12,3918,329,345,361
123,12,3918,329,353,353
123,12,3918,331,335,371
123,12,3918,331,345,361
123,12,3918,331,353,353
123,12,3918,332,345,361
123,12,3918,332,353,353
123,12,3918,336,353,353
123,12,3918,339,345,361
123,12,3918,343,345,361
123,12,3918,347,345,361
123,12,3918,360,115,110
123,12,3919,336,353,353
123,12,3919,343,345,361
123,12,3919,347,345,361
123,12,3919,349,335,371
123,12,3919,349,361,345
123,12,3919,350,335,371
123,12,3919,350,361,345
123,12,3919,465,42,-284
123,12,3920,330,353,353
123,12,3920,330,361,345
123,12,3920,336,353,353
123,12,3920,350,335,371
123,12,3920,350,361,345
123,12,3921,356,291,226
123,12,3921,464,27,-367
123,12,3922,332,353,353
123,12,3922,333,353,353
123,12,3922,334,353,353
123,12,3922,426,-185,-99
123,12,3922,426,-162,-86
123,12,3922,466,13,-261
123,12,3923,465,8,-369
123,12,3924,330,353,353
123,12,3924,357,301,211
123,12,3925,330,361,345
123,12,3925,331,345,361
123,12,3925,332,345,361
123,12,3925,333,345,361
123,12,3925,347,350,272
123,12,3925,356,291,226
123,12,3925,366,124,-233
123,12,3926,354,247,237
123,12,3926,367,-23,-234
123,12,3926,370,-180,-155
123,12,3926,370,-103,-155
123,12,3927,329,345,361
123,12,3927,371,164,-87
123,12,3927,371,191,-90
123,12,3928,351,357,264
123,12,3928,362,30,-315
123,12,3928,368,101,-215
123,12,3928,369,-171,-120
123,12,3929,331,345,361
123,12,3929,332,345,361
123,12,3929,334,345,361
123,12,3929,361,113,-296
123,12,3929,362,30,-315
123,12,3929,447,325,-266
123,12,3930,347,302,289
123,12,3930,364,-14,-290
123,12,3930,365,25,-263
123,12,3930,366,80,-196
123,12,3930,368,-18,-185
123,12,3931,363,-16,-314
123,12,3931,366,-110,-266
123,12,3931,371,-117,-63
123,12,3931,449,133,-128
123,12,3931,457,11,-156
123,12,3932,333,345,361
123,12,3932,443,0,-447
123,12,3932,446,0,-78
123,12,3932,459,0,-418
123,12,3933,353,177,196
123,12,3933,454,366,-300
123,12,3934,345,165,202
123,12,3934,365,-123,-262
123,12,3935,335,335,371
123,12,3935,363,0,185
123,12,3935,366,87,-246
123,12,3935,367,-21,-211
123,12,3935,370,-103,-155
123,12,3936,335,361,345
123,12,3936,367,-23,-237
123,12,3936,370,-103,-155
123,12,3936,459,0,-421
123,12,3937,357,132,-344
123,12,3937,359,122,-317
123,12,3937,367,-62,-227
123,12,3937,439,273,-202
123,12,3937,459,0,-421
123,12,3938,359,114,-323
123,12,3939,339,-299,365
123,12,3939,363,0,-290
123,12,3939,371,-87,-130
123,12,3940,348,-233,285
123,12,3940,459,0,-421
123,12,3940,468,0,-444
123,12,3941,369,-27,-181
123,12,3941,370,-90,-128
123,12,3942,345,-366,151
123,12,3942,352,-366,151
123,12,3942,363,76,-280
123,12,3942,446,305,-250
123,12,3943,340,-389,160
123,12,3944,363,63,-283
123,12,3945,343,161,389
123,12,3946,316,121,484
123,12,3946,351,257,-299
123,12,3946,351,282,-189
123,12,3947,315,121,484
123,12,3947,346,132,371
123,12,3948,348,-360,-35
123,12,3949,364,159,176
123,12,3949,466,17,-342
123,12,3950,319,132,482
123,12,3951,345,76,387
123,12,3952,324,121,484
123,12,3952,344,67,389
123,12,3952,353,-284,-189
123,12,3952,354,-262,-175
123,12,3952,356,-239,-159
123,12,3953,327,121,484
123,12,3954,354,56,204
123,12,3954,355,-148,-277
123,12,3954,358,-136,-254
123,12,3955,353,28,130
123,12,3955,354,-149,-278
123,12,3955,358,-136,-255
123,12,3955,362,-87,-58
123,12,3956,312,0,500
123,12,3956,331,224,447
123,12,3956,334,0,447
123,12,3956,334,0,473
123,12,3956,334,148,449
123,12,3956,341,0,421
123,12,3956,343,0,157
123,12,3956,343,0,395
123,12,3956,345,0,104
123,12,3956,348,0,369
123,12,3956,349,0,52
123,12,3956,349,0,78
123,12,3956,355,0,26
123,12,3956,357,-74,-138
123,12,3956,357,124,233
123,12,3956,359,0,-183
123,12,3956,359,122,204
123,12,3956,360,0,-130
123,12,3956,360,0,0
123,12,3956,360,19,17
123,12,3956,361,23,12
123,12,3956,362,17,19
123,12,3956,363,0,-287
123,12,3956,363,25,-4
123,12,3956,363,190,-140
123,12,3956,363,190,-52
123,12,3956,363,366,-44
123,12,3956,364,0,-104
123,12,3956,364,0,0
123,12,3956,364,19,-17
123,12,3956,364,137,-159
123,12,3956,365,0,-314
123,12,3956,365,0,-178
123,12,3956,365,23,-11
123,12,3956,365,33,153
123,12,3956,365,105,149
123,12,3956,365,123,136
123,12,3956,366,0,-261
123,12,3956,366,0,0
123,12,3956,366,16,-20
123,12,3956,366,194,33
123,12,3956,367,0,0
123,12,3956,367,52,0
123,12,3956,367,87,-146
123,12,3956,367,89,128
123,12,3956,367,158,-8
123,12,3956,367,168,29
123,12,3956,368,47,-172
123,12,3956,368,123,21
123,12,3956,368,149,26
123,12,3956,369,0,0
123,12,3956,369,102,17
123,12,3956,369,119,-39
123,12,3956,369,173,66
123,12,3956,370,0,-26
123,12,3956,370,75,-65
123,12,3956,370,78,-61
123,12,3956,370,83,-55
123,12,3956,371,119,-39
123,12,3964,465,0,-473
123,12,3964,468,0,-395
123,12,3968,452,-409,-182
123,12,3979,464,-14,-287
123,12,3980,464,-14,-287
123,12,4009,429,-148,276
123,12,4041,461,-318,-351
124,3,3896,122,500,11
124,3,3896,124,500,0
124,3,3896,135,500,0
124,3,3897,123,500,0
124,3,3897,128,416,40
124,3,3897,132,500,0
124,3,3898,100,500,0
124,3,3898,107,500,0
124,3,3898,125,500,0
124,3,3898,132,500,0
124,3,3898,136,500,0
124,3,3899,106,340,0
124,3,3899,107,340,0
124,3,3899,109,366,0
124,3,3900,109,366,-8
124,3,3900,121,498,37
124,3,3901,101,500,0
124,3,3901,122,500,25
124,3,3901,129,500,25
124,3,3903,123,500,0
124,3,3903,136,500,0
124,3,3905,145,421,-267
124,3,3905,149,416,-277
124,3,3905,151,408,-287
124,3,3905,153,408,-287
124,3,3905,154,408,-287
124,3,3906,154,386,-316
124,3,3907,132,500,0
124,3,3908,101,495,-37
124,3,3908,155,368,-334
124,3,3908,161,340,-325
124,3,3908,162,340,-325
124,3,3908,162,361,-345
124,3,3908,163,340,-325
124,3,3908,164,340,-325
124,3,3908,166,340,-325
124,3,3908,170,340,-325
124,3,3908,172,332,-333
124,3,3908,172,340,-325
124,3,3909,154,358,-344
124,3,3909,154,368,-334
124,3,3909,155,358,-344
124,3,3909,155,368,-334
124,3,3909,156,351,-351
124,3,3909,156,361,-345
124,3,3909,159,343,-359
124,3,3910,101,498,-48
124,3,3910,101,500,-25
124,3,3910,139,371,-335
124,3,3910,145,353,-353
124,3,3910,154,368,-334
124,3,3910,155,368,-334
124,3,3910,156,343,-359
124,3,3910,157,343,-359
124,3,3910,159,335,-371
124,3,3910,159,343,-359
124,3,3910,160,333,-369
124,3,3910,168,358,-344
124,3,3910,171,343,-359
124,3,3910,173,343,-359
124,3,3911,154,358,-344
124,3,3911,156,343,-359
124,3,3911,157,333,-369
124,3,3911,166,351,-351
124,3,3911,168,351,-351
124,3,3912,159,316,-386
124,3,3913,101,498,-37
124,3,3913,151,361,-345
124,3,3913,176,353,-353
124,3,3914,125,148,-450
124,3,3914,160,306,-394
124,3,3914,162,296,-402
124,3,3914,165,361,-345
124,3,3914,175,353,-353
124,3,3915,153,335,-371
124,3,3915,153,361,-345
124,3,3915,154,361,-345
124,3,3915,155,361,-345
124,3,3915,156,361,-345
124,3,3915,157,361,-345
124,3,3915,158,361,-345
124,3,3915,159,361,-345
124,3,3915,160,361,-345
124,3,3915,161,361,-345
124,3,3915,162,361,-345
124,3,3915,163,361,-345
124,3,3915,164,361,-345
124,3,3915,165,353,-353
124,3,3915,165,361,-345
124,3,3915,174,361,-345
124,3,3916,152,335,-371
124,3,3917,157,296,-402
124,3,3918,100,447,0
124,3,3918,115,345,-361
124,3,3918,124,445,33
124,3,3918,140,345,-361
124,3,3921,141,296,-402
124,3,3921,150,316,-386
124,3,3922,100,447,0
124,3,3922,122,445,33
124,3,3922,122,447,10
124,3,3923,120,406,-112
124,3,3923,150,287,-408
124,3,3924,142,306,-394
124,3,3925,141,310,-281
124,3,3926,122,316,-386
124,3,3926,123,395,0
124,3,3926,175,490,-97
124,3,3927,100,395,0
124,3,3928,168,500,0
124,3,3929,143,345,-361
124,3,3929,147,345,-361
124,3,3929,148,345,-361
124,3,3930,122,395,8
124,3,3930,134,236,-441
124,3,3930,164,277,-416
124,3,3930,182,345,-361
124,3,3931,123,369,18
124,3,3932,100,369,0
124,3,3933,176,361,-345
124,3,3933,179,361,-345
124,3,3934,110,235,0
124,3,3935,107,287,14
124,3,3935,125,224,-447
124,3,3936,125,274,-319
124,3,3936,135,191,-462
124,3,3936,135,258,-332
124,3,3936,137,441,-236
124,3,3937,106,260,19
124,3,3937,122,212,-424
124,3,3937,124,316,7
124,3,3938,107,238,0
124,3,3938,128,191,-462
124,3,3939,106,208,20
124,3,3939,117,211,-395
124,3,3939,118,212,-424
124,3,3939,122,264,13
124,3,3939,123,210,20
124,3,3939,178,156,-474
124,3,3940,118,185,0
124,3,3940,119,207,-367
124,3,3940,123,192,-433
124,3,3940,123,226,-323
124,3,3940,130,77,-74
124,3,3941,115,200,-400
124,3,3941,128,207,-367
124,3,3941,129,122,-372
124,3,3941,168,121,-484
124,3,3941,180,203,-457
124,3,3942,119,179,-380
124,3,3942,120,181,-438
124,3,3942,145,156,-474
124,3,3942,169,156,-474
124,3,3942,174,181,-438
124,3,3943,118,160,-417
124,3,3943,119,160,-417
124,3,3943,181,277,-416
124,3,3943,196,156,-474
124,3,3943,197,132,-482
124,3,3944,114,161,-390
124,3,3944,117,160,-417
124,3,3944,126,-498,-48
124,3,3944,127,-498,-48
124,3,3944,164,148,-450
124,3,3944,170,132,-482
124,3,3944,176,121,-484
124,3,3945,121,136,-453
124,3,3945,122,136,-453
124,3,3945,130,139,-425
124,3,3945,138,136,-453
124,3,3945,166,125,-457
124,3,3945,171,121,-484
124,3,3945,195,132,-482
124,3,3946,127,114,-459
124,3,3946,143,114,-459
124,3,3946,149,114,-459
124,3,3946,166,121,-484
124,3,3946,172,139,-425
124,3,3946,194,121,-484
124,3,3947,120,108,-433
124,3,3947,122,108,-433
124,3,3947,124,108,-433
124,3,3947,126,108,-433
124,3,3947,130,108,-433
124,3,3947,132,108,-433
124,3,3947,133,108,-433
124,3,3947,137,108,-433
124,3,3947,142,108,-433
124,3,3947,145,108,-433
124,3,3947,162,108,-433
124,3,3947,166,108,-433
124,3,3947,170,108,-433
124,3,3947,198,132,-482
124,3,3947,200,121,-484
124,3,3948,124,108,-433
124,3,3948,152,85,-492
124,3,3948,170,111,-407
124,3,3949,110,-416,-277
124,3,3949,125,-416,-277
124,3,3949,126,-416,-277
124,3,3949,195,132,-482
124,3,3950,110,-394,-262
124,3,3950,115,-416,-277
124,3,3950,130,-329,-219
124,3,3950,198,167,-470
124,3,3951,107,-370,-246
124,3,3951,121,-307,-205
124,3,3951,141,60,-496
124,3,3951,158,48,-498
124,3,3952,131,-283,-189
124,3,3952,149,25,-341
124,3,3953,121,-198,-132
124,3,3954,136,-130,-87
124,3,3955,108,-87,-164
124,3,3955,116,-185,-346
124,3,3955,134,-86,-162
124,3,3955,138,-75,-141
124,3,3955,138,-50,-94
124,3,3955,142,71,-172
124,3,3956,140,236,441
124,3,3956,141,74,138
124,3,3956,141,152,101
124,3,3956,141,236,441
124,3,3956,142,0,0
124,3,3956,143,152,101
124,3,3956,144,0,0
124,3,3956,147,0,0
124,3,3956,147,22,13
124,3,3956,148,0,0
124,3,3956,148,21,14
124,3,3956,149,21,14
124,3,3956,149,24,46
124,3,3956,152,24,-10
124,3,3956,153,24,-10
124,3,3956,155,16,-20
124,3,3956,158,5,-25
124,3,3956,171,191,-90
124,3,3956,186,0,-500
124,3,3956,188,0,-500
124,3,3956,198,0,-500
124,3,3956,199,0,-500
124,3,3956,202,0,-500
124,3,3957,174,-21,-421
124,3,3958,157,145,-309
124,3,3959,142,-116,173
124,3,3962,142,149,249
124,3,3968,140,-157,30
124,3,3970,179,-435,-246
124,3,3973,193,156,-474
124,3,3988,181,0,-473
124,4,3896,123,500,0
124,4,3896,156,500,0
124,4,3898,132,500,0
124,4,3898,136,500,0
124,4,3898,160,500,0
124,4,3898,164,500,0
124,4,3901,108,500,0
124,4,3901,183,500,0
124,4,3903,123,500,0
124,4,3903,164,500,0
124,4,3904,185,392,0
124,4,3904,187,500,0
124,4,3905,189,500,0
124,4,3905,192,457,-34
124,4,3905,195,496,-60
124,4,3906,100,500,0
124,4,3906,188,500,0
124,4,3906,191,419,-10
124,4,3906,192,444,-33
124,4,3907,119,447,224
124,4,3907,188,500,0
124,4,3907,189,392,0
124,4,3907,189,500,0
124,4,3907,190,414,-21
124,4,3907,190,414,0
124,4,3907,192,457,-34
124,4,3908,123,500,0
124,4,3908,185,418,0
124,4,3908,186,418,0
124,4,3908,188,392,0
124,4,3908,188,500,0
124,4,3908,189,471,0
124,4,3908,189,500,0
124,4,3908,190,416,-31
124,4,3908,190,418,-21
124,4,3908,190,418,0
124,4,3908,191,416,-31
124,4,3908,192,444,-33
124,4,3908,193,340,-325
124,4,3908,194,340,-325
124,4,3908,195,340,-325
124,4,3908,195,492,-85
124,4,3908,196,340,-325
124,4,3908,197,340,-325
124,4,3908,198,340,-325
124,4,3908,199,340,-325
124,4,3908,200,340,-325
124,4,3908,201,340,-325
124,4,3908,202,340,-325
124,4,3908,203,340,-325
124,4,3908,204,340,-325
124,4,3909,189,418,0
124,4,3909,190,416,-31
124,4,3909,190,418,-21
124,4,3909,190,418,0
124,4,3909,190,438,-32
124,4,3909,191,416,-31
124,4,3909,191,418,-21
124,4,3909,191,418,0
124,4,3909,192,457,-34
124,4,3909,192,470,-46
124,4,3909,192,470,-35
124,4,3909,194,494,-74
124,4,3909,203,361,-345
124,4,3909,204,361,-345
124,4,3910,188,418,0
124,4,3910,189,418,-10
124,4,3910,189,418,0
124,4,3910,189,500,0
124,4,3910,190,418,-21
124,4,3910,190,418,0
124,4,3910,190,438,-32
124,4,3910,191,418,-21
124,4,3910,191,421,0
124,4,3910,192,483,-36
124,4,3910,203,387,-219
124,4,3910,207,333,-369
124,4,3910,207,343,-359
124,4,3910,210,343,-359
124,4,3911,188,418,0
124,4,3911,188,500,0
124,4,3911,189,418,-10
124,4,3911,189,466,0
124,4,3911,190,418,0
124,4,3911,190,440,0
124,4,3911,191,351,-351
124,4,3911,191,418,0
124,4,3911,191,446,-22
124,4,3911,192,351,-351
124,4,3911,192,418,0
124,4,3911,192,470,-35
124,4,3911,193,351,-351
124,4,3911,193,418,0
124,4,3911,193,485,0
124,4,3911,195,351,-351
124,4,3911,196,351,-351
124,4,3911,197,351,-351
124,4,3912,188,497,0
124,4,3912,189,497,0
124,4,3912,199,353,-353
124,4,3912,200,353,-353
124,4,3912,204,394,-262
124,4,3912,205,391,-261
124,4,3913,189,444,0
124,4,3913,189,497,0
124,4,3913,202,345,-361
124,4,3913,203,397,-252
124,4,3914,145,353,353
124,4,3914,191,444,0
124,4,3915,102,500,0
124,4,3915,168,361,-345
124,4,3915,169,361,-345
124,4,3915,170,361,-345
124,4,3915,171,361,-345
124,4,3915,172,361,-345
124,4,3915,173,361,-345
124,4,3915,174,361,-345
124,4,3915,175,361,-345
124,4,3915,176,361,-345
124,4,3915,177,361,-345
124,4,3915,178,361,-345
124,4,3915,179,361,-345
124,4,3915,180,361,-345
124,4,3915,181,361,-345
124,4,3915,182,361,-345
124,4,3915,183,361,-345
124,4,3915,184,361,-345
124,4,3915,185,361,-345
124,4,3915,186,361,-345
124,4,3915,187,361,-345
124,4,3915,188,361,-345
124,4,3915,189,361,-345
124,4,3915,190,361,-345
124,4,3915,191,361,-345
124,4,3915,192,361,-345
124,4,3915,193,361,-345
124,4,3915,194,361,-345
124,4,3915,195,361,-345
124,4,3915,196,361,-345
124,4,3915,197,361,-345
124,4,3915,205,392,-305
124,4,3916,100,500,0
124,4,3916,195,444,0
124,4,3916,196,444,0
124,4,3916,197,444,0
124,4,3916,199,335,-371
124,4,3916,200,335,-371
124,4,3916,204,386,-316
124,4,3916,207,371,-335
124,4,3917,188,494,74
124,4,3918,100,500,0
124,4,3918,123,447,0
124,4,3920,107,500,0
124,4,3920,198,471,0
124,4,3921,198,500,0
124,4,3922,124,447,0
124,4,3922,156,447,0
124,4,3922,162,353,-353
124,4,3922,164,447,0
124,4,3922,167,353,-353
124,4,3922,197,500,0
124,4,3924,107,500,0
124,4,3924,182,424,-140
124,4,3924,188,474,-156
124,4,3925,128,421,0
124,4,3925,186,403,-190
124,4,3925,200,497,0
124,4,3925,201,497,0
124,4,3925,202,497,0
124,4,3926,100,500,0
124,4,3926,197,333,-287
124,4,3926,208,345,-361
124,4,3927,195,402,-296
124,4,3927,200,500,0
124,4,3930,179,381,-105
124,4,3930,180,378,-114
124,4,3930,193,500,0
124,4,3930,203,500,0
124,4,3933,107,500,0
124,4,3933,181,341,-141
124,4,3934,164,342,0
124,4,3935,205,500,0
124,4,3938,205,500,0
124,4,3939,223,267,-421
124,4,3940,137,185,0
124,4,3940,229,156,-474
124,4,3941,182,-72,361
124,4,3942,224,224,-447
124,4,3943,176,-300,366
124,4,3945,144,151,365
124,4,3945,191,194,-344
124,4,3945,208,136,-453
124,4,3947,197,141,-369
124,4,3947,202,121,-403
124,4,3947,204,118,-432
124,4,3948,138,101,408
124,4,3949,177,-114,319
124,4,3949,194,335,-371
124,4,3949,218,85,-492
124,4,3950,182,-212,-100
124,4,3951,106,277,416
124,4,3951,181,-165,-78
124,4,3951,220,121,-484
124,4,3952,180,-164,-82
124,4,3953,176,411,-92
124,4,3954,172,-121,99
124,4,3955,170,-126,-34
124,4,3955,171,-208,-20
124,4,3955,172,-121,99
124,4,3955,177,31,-209
124,4,3955,224,121,-484
124,4,3956,172,0,52
124,4,3956,172,43,28
124,4,3956,184,261,5
124,4,3956,188,0,-26
124,4,3956,190,0,-26
124,4,3956,202,0,-421
124,4,3956,213,0,-473
124,4,3956,218,0,-500
124,4,3956,224,0,-500
124,4,3956,232,0,-500
124,4,3957,172,58,52
124,4,3957,172,112,67
124,4,3957,179,-108,179
124,4,3957,180,-174,-326
124,4,3957,180,-37,69
124,4,3957,180,-7,287
124,4,3958,172,59,51
124,4,3958,172,65,170
124,4,3958,173,65,170
124,4,3958,173,70,196
124,4,3958,173,71,142
124,4,3958,180,-159,89
124,4,3958,180,-108,179
124,4,3958,180,25,2
124,4,3959,175,121,202
124,4,3959,179,203,339
124,4,3960,172,226,136
124,4,3960,174,61,172
124,4,3960,175,403,121
124,4,3960,180,-26,0
124,4,3960,180,-23,-12
124,4,3960,180,-23,12
124,4,3960,180,-14,21
124,4,3960,180,0,0
124,4,3961,172,99,121
124,4,3961,174,57,173
124,4,3961,178,190,317
124,4,3961,180,-26,0
124,4,3961,196,319,-275
124,4,3962,172,110,110
124,4,3962,174,52,175
124,4,3962,174,149,249
124,4,3962,174,242,242
124,4,3962,178,16,316
124,4,3962,179,-48,392
124,4,3962,180,-62,83
124,4,3962,180,-46,62
124,4,3963,177,128,289
124,4,3963,180,-330,165
124,4,3963,180,-227,322
124,4,3963,180,-45,25
124,4,3963,180,-26,-1
124,4,3963,180,-26,0
124,4,3963,180,-23,-12
124,4,3963,180,-23,11
124,4,3963,180,-23,12
124,4,3963,180,-15,21
124,4,3963,180,-15,76
124,4,3963,180,-7,51
124,4,3963,180,0,0
124,4,3963,198,411,92
124,4,3964,176,226,291
124,4,3964,180,-26,-1
124,4,3964,180,-26,1
124,4,3964,180,-22,-14
124,4,3964,180,-11,77
124,4,3964,180,25,-5
124,4,3965,172,28,43
124,4,3965,180,25,6
124,4,3966,172,105,116
124,4,3967,180,-23,-12
124,4,3968,172,-210,112
124,4,3968,187,317,234
124,4,3968,199,187,-255
124,4,3969,180,25,1
124,4,3971,180,-14,50
124,4,3975,173,25,-128
124,4,3981,176,250,-305
124,4,3984,178,117,-207
124,4,3984,180,85,-222
124,4,3988,173,75,-23
124,4,3988,174,125,-37
124,4,3988,175,112,-67
124,4,3988,179,184,-99
124,4,4075,162,0,-500
124,6,3896,189,500,0
124,6,3897,193,393,-9
124,6,3897,193,405,-30
124,6,3897,194,417,-31
124,6,3898,189,500,0
124,6,3898,192,361,-18
124,6,3898,235,500,0
124,6,3899,188,340,0
124,6,3899,190,340,0
124,6,3899,190,361,0
124,6,3899,191,340,0
124,6,3899,192,340,0
124,6,3899,193,340,0
124,6,3899,194,340,0
124,6,3899,195,340,0
124,6,3899,196,340,0
124,6,3899,197,340,0
124,6,3899,198,340,0
124,6,3899,199,340,0
124,6,3899,200,340,0
124,6,3899,201,340,0
124,6,3899,202,340,0
124,6,3899,203,340,0
124,6,3899,204,340,0
124,6,3899,205,340,0
124,6,3899,206,340,0
124,6,3899,207,340,0
124,6,3899,208,340,0
124,6,3899,209,340,0
124,6,3899,210,340,0
124,6,3899,211,340,0
124,6,3899,212,340,0
124,6,3899,213,340,0
124,6,3899,214,340,0
124,6,3899,215,340,0
124,6,3899,216,340,0
124,6,3899,217,340,0
124,6,3899,218,340,0
124,6,3899,219,340,0
124,6,3899,220,340,0
124,6,3899,221,340,0
124,6,3899,222,340,0
124,6,3899,223,340,0
124,6,3899,224,340,0
124,6,3899,225,340,0
124,6,3899,226,340,0
124,6,3899,227,340,0
124,6,3899,228,340,0
124,6,3899,228,361,0
124,6,3899,229,340,0
124,6,3899,230,340,0
124,6,3899,231,340,0
124,6,3899,232,340,0
124,6,3899,233,340,0
124,6,3899,234,340,0
124,6,3899,235,340,0
124,6,3899,236,369,0
124,6,3900,177,474,156
124,6,3900,186,366,18
124,6,3900,189,366,0
124,6,3900,190,366,0
124,6,3900,191,366,-8
124,6,3900,192,366,0
124,6,3900,217,354,0
124,6,3900,228,340,0
124,6,3900,228,361,0
124,6,3900,238,366,0
124,6,3901,189,366,0
124,6,3901,190,366,-8
124,6,3901,190,366,0
124,6,3901,191,366,-8
124,6,3901,191,366,0
124,6,3901,192,366,0
124,6,3901,193,366,0
124,6,3901,238,366,0
124,6,3902,189,366,0
124,6,3902,190,366,-8
124,6,3902,191,366,-8
124,6,3903,189,366,0
124,6,3903,189,418,0
124,6,3903,189,444,0
124,6,3903,190,366,-8
124,6,3903,190,387,0
124,6,3903,191,364,-27
124,6,3903,194,366,0
124,6,3903,209,366,0
124,6,3903,210,366,0
124,6,3903,211,366,0
124,6,3903,212,366,0
124,6,3903,213,366,0
124,6,3903,218,366,0
124,6,3903,223,366,0
124,6,3903,228,366,0
124,6,3903,229,366,0
124,6,3903,235,366,0
124,6,3903,246,340,0
124,6,3904,192,392,0
124,6,3904,238,392,0
124,6,3905,178,478,144
124,6,3905,238,392,0
124,6,3906,181,470,167
124,6,3907,228,414,0
124,6,3908,228,414,0
124,6,3908,259,353,-353
124,6,3908,260,353,-353
124,6,3909,263,343,-359
124,6,3910,246,361,-345
124,6,3910,247,361,-345
124,6,3910,250,361,-345
124,6,3910,256,351,-351
124,6,3910,258,353,-353
124,6,3910,261,343,-359
124,6,3911,228,418,0
124,6,3911,229,418,0
124,6,3911,233,418,0
124,6,3911,235,418,0
124,6,3911,256,418,0
124,6,3911,257,418,0
124,6,3913,259,345,-361
124,6,3915,232,361,-345
124,6,3915,233,361,-345
124,6,3915,238,361,-345
124,6,3915,240,361,-345
124,6,3915,241,361,-345
124,6,3915,243,361,-345
124,6,3915,245,361,-345
124,6,3915,246,361,-345
124,6,3915,249,361,-345
124,6,3915,253,353,-353
124,6,3916,156,500,0
124,6,3916,224,444,0
124,6,3916,225,444,0
124,6,3916,226,444,0
124,6,3916,227,444,0
124,6,3916,228,444,0
124,6,3916,229,444,0
124,6,3916,230,444,0
124,6,3916,231,444,0
124,6,3916,232,444,0
124,6,3916,233,444,0
124,6,3916,234,444,0
124,6,3916,255,335,-371
124,6,3916,258,444,0
124,6,3916,259,444,0
124,6,3916,260,444,0
124,6,3916,261,444,0
124,6,3917,166,474,-156
124,6,3918,189,473,0
124,6,3918,249,353,-353
124,6,3920,212,287,0
124,6,3920,262,471,0
124,6,3920,263,471,0
124,6,3924,264,497,0
124,6,3925,188,419,41
124,6,3925,264,497,0
124,6,3925,265,497,0
124,6,3925,266,497,0
124,6,3929,226,418,0
124,6,3929,232,418,0
124,6,3930,237,340,-8
124,6,3930,267,500,0
124,6,3930,268,500,0
124,6,3932,189,369,0
124,6,3934,222,287,0
124,6,3935,269,500,0
124,6,3937,192,197,0
124,6,3938,228,132,-126
124,6,3939,190,130,0
124,6,3939,191,130,0
124,6,3940,190,104,0
124,6,3940,190,130,0
124,6,3940,191,104,0
124,6,3940,192,145,0
124,6,3942,197,185,0
124,6,3942,288,224,-447
124,6,3943,194,104,0
124,6,3946,268,139,-425
124,6,3949,275,326,-378
124,6,3951,155,80,360
124,6,3952,256,306,-394
124,6,3953,217,-174,-116
124,6,3954,236,-128,89
124,6,3955,176,150,-45
124,6,3955,180,33,-341
124,6,3955,238,-210,147
124,6,3955,249,-205,115
124,6,3955,251,371,-199
124,6,3955,260,356,-307
124,6,3956,165,16,20
124,6,3956,170,0,-314
124,6,3956,179,0,-235
124,6,3956,179,0,-130
124,6,3956,241,-103,268
124,6,3956,261,337,290
124,6,3957,172,86,-162
124,6,3957,176,74,-138
124,6,3957,177,74,-138
124,6,3957,178,0,-78
124,6,3957,178,74,-138
124,6,3957,179,24,-46
124,6,3957,236,-121,99
124,6,3957,238,-5,235
124,6,3957,246,-121,202
124,6,3957,252,151,-216
124,6,3957,282,-11,-500
124,6,3958,175,152,-101
124,6,3958,176,123,-231
124,6,3958,236,253,135
124,6,3958,244,-13,261
124,6,3958,244,21,286
124,6,3958,250,-205,307
124,6,3959,174,152,-101
124,6,3960,174,208,-20
124,6,3961,238,96,39
124,6,3961,241,89,217
124,6,3962,241,201,273
124,6,3962,241,203,275
124,6,3962,245,-15,208
124,6,3963,236,-162,132
124,6,3963,245,164,327
124,6,3964,244,224,289
124,6,3964,256,303,248
124,6,3965,245,-80,357
124,6,3965,248,167,356
124,6,3967,247,240,309
124,6,3968,237,-233,28
124,6,3968,243,-35,288
124,6,3968,245,101,264
124,6,3968,261,386,67
124,6,3971,236,-98,-182
124,6,3971,248,304,291
124,6,3975,251,376,189
124,6,3978,236,-184,87
124,6,3978,239,151,144
124,6,3979,239,123,43
124,6,3979,242,44,177
124,6,3982,243,167,-204
124,6,3983,241,159,-176
124,6,3986,265,-329,-176
124,6,3988,172,0,0
124,6,3988,179,86,-130
124,6,3988,276,306,-394
124,6,3996,267,-75,-248
124,10,3898,307,500,-11
124,10,3898,325,500,0
124,10,3899,351,498,48
124,10,3900,298,421,-10
124,10,3900,303,423,212
124,10,3900,306,358,159
124,10,3901,328,500,0
124,10,3902,296,500,0
124,10,3902,304,447,224
124,10,3902,307,498,-48
124,10,3903,296,500,0
124,10,3903,304,346,185
124,10,3903,356,500,0
124,10,3904,305,351,176
124,10,3905,291,500,0
124,10,3905,304,466,179
124,10,3905,309,441,236
124,10,3906,286,494,74
124,10,3906,289,392,8
124,10,3906,290,392,0
124,10,3906,291,392,0
124,10,3906,291,418,0
124,10,3906,298,402,296
124,10,3906,315,457,203
124,10,3907,285,492,85
124,10,3907,286,494,74
124,10,3907,290,392,0
124,10,3907,291,392,0
124,10,3907,291,418,0
124,10,3907,291,444,0
124,10,3907,294,418,0
124,10,3908,286,494,74
124,10,3908,291,392,0
124,10,3908,291,418,0
124,10,3908,291,444,0
124,10,3908,291,500,0
124,10,3908,292,340,325
124,10,3908,293,340,325
124,10,3908,293,418,-21
124,10,3908,293,418,0
124,10,3908,294,418,0
124,10,3908,310,470,167
124,10,3909,287,496,60
124,10,3909,289,418,21
124,10,3909,291,418,0
124,10,3909,291,444,0
124,10,3909,291,500,0
124,10,3909,292,418,0
124,10,3909,294,349,316
124,10,3909,296,356,307
124,10,3910,287,496,60
124,10,3910,289,418,21
124,10,3910,290,418,0
124,10,3910,290,418,21
124,10,3911,287,418,0
124,10,3911,288,418,0
124,10,3911,289,418,0
124,10,3911,290,358,343
124,10,3911,290,418,0
124,10,3911,291,358,343
124,10,3911,291,418,0
124,10,3911,291,444,0
124,10,3911,292,358,343
124,10,3911,293,358,343
124,10,3911,294,358,343
124,10,3911,295,358,343
124,10,3911,296,358,343
124,10,3911,297,358,343
124,10,3911,298,358,343
124,10,3911,299,358,343
124,10,3911,300,358,343
124,10,3911,301,358,343
124,10,3911,302,358,343
124,10,3911,303,358,343
124,10,3911,304,358,343
124,10,3911,305,358,343
124,10,3911,307,358,343
124,10,3911,308,358,343
124,10,3912,272,353,353
124,10,3913,271,361,345
124,10,3913,273,353,353
124,10,3913,273,361,345
124,10,3913,274,353,353
124,10,3913,288,444,-10
124,10,3913,291,500,0
124,10,3913,292,361,345
124,10,3914,289,444,10
124,10,3914,291,500,0
124,10,3915,269,353,353
124,10,3915,273,353,353
124,10,3915,289,444,0
124,10,3915,291,500,0
124,10,3915,297,353,353
124,10,3915,298,353,353
124,10,3915,300,353,353
124,10,3915,301,353,353
124,10,3916,283,444,0
124,10,3916,284,444,0
124,10,3916,286,444,0
124,10,3916,287,496,-60
124,10,3916,330,316,-386
124,10,3917,286,495,-48
124,10,3917,298,437,97
124,10,3918,285,471,-24
124,10,3918,286,471,-24
124,10,3918,296,500,0
124,10,3919,283,471,0
124,10,3920,280,471,0
124,10,3920,291,471,0
124,10,3921,301,488,-109
124,10,3921,306,230,45
124,10,3922,268,353,353
124,10,3922,359,447,0
124,10,3923,280,500,0
124,10,3924,290,497,11
124,10,3925,269,345,361
124,10,3925,278,497,0
124,10,3925,279,497,0
124,10,3925,283,345,361
124,10,3926,281,335,371
124,10,3926,321,130,0
124,10,3927,290,198,125
124,10,3927,302,387,76
124,10,3927,337,316,-316
124,10,3928,290,500,25
124,10,3928,293,423,212
124,10,3929,320,392,47
124,10,3930,276,500,0
124,10,3930,277,500,0
124,10,3930,284,500,0
124,10,3933,322,355,-98
124,10,3934,277,498,-37
124,10,3935,275,500,0
124,10,3935,316,316,0
124,10,3935,324,316,0
124,10,3936,350,212,-451
124,10,3938,346,212,-424
124,10,3939,341,211,-395
124,10,3940,278,500,0
124,10,3940,282,500,0
124,10,3940,323,94,44
124,10,3940,323,169,162
124,10,3945,271,129,428
124,10,3946,249,121,484
124,10,3947,279,131,400
124,10,3947,292,151,-41
124,10,3947,296,185,0
124,10,3948,270,87,438
124,10,3949,324,445,-33
124,10,3955,303,-117,-234
124,10,3955,316,-130,-87
124,10,3956,303,80,-194
124,10,3956,307,0,-130
124,10,3956,307,46,-22
124,10,3957,303,-82,-248
124,10,3957,303,-23,-234
124,10,3958,293,-313,-139
124,10,3958,299,19,-263
124,10,3958,301,100,-242
124,10,3958,304,-90,-218
124,10,3958,306,-162,-132
124,10,3959,303,-15,-208
124,10,3959,303,15,-208
124,10,3959,305,12,-130
124,10,3959,307,-162,-86
124,10,3960,291,-344,-194
124,10,3960,291,-339,-203
124,10,3960,292,-333,-157
124,10,3960,303,442,-66
124,10,3960,304,-136,-227
124,10,3960,304,-23,-234
124,10,3961,295,148,-277
124,10,3961,296,148,-277
124,10,3961,304,156,-212
124,10,3961,306,-101,-152
124,10,3961,307,298,-106
124,10,3961,307,317,-131
124,10,3962,298,-41,-340
124,10,3962,298,21,-287
124,10,3962,299,287,-14
124,10,3962,303,-10,-209
124,10,3962,305,322,-227
124,10,3962,306,176,-160
124,10,3962,307,-176,-48
124,10,3962,307,421,-10
124,10,3963,295,141,-281
124,10,3963,305,-209,-10
124,10,3964,294,-199,-372
124,10,3964,297,134,-285
124,10,3964,304,-90,-218
124,10,3965,300,80,-194
124,10,3965,301,141,-341
124,10,3965,304,-21,-211
124,10,3966,297,0,-447
124,10,3966,301,141,-369
124,10,3966,302,198,-372
124,10,3966,304,52,175
124,10,3967,295,106,-239
124,10,3967,297,171,-414
124,10,3967,299,-16,-316
124,10,3967,301,151,-393
124,10,3967,306,-162,-132
124,10,3967,307,-87,-130
124,10,3968,296,241,-344
124,10,3968,297,-23,-315
124,10,3968,298,160,-417
124,10,3968,301,253,-400
124,10,3968,302,-136,-227
124,10,3969,295,123,-320
124,10,3969,295,224,-183
124,10,3969,299,106,-298
124,10,3969,301,-31,-315
124,10,3969,301,-17,-234
124,10,3969,303,-23,-234
124,10,3969,303,124,-233
124,10,3969,304,-21,-211
124,10,3970,296,106,-298
124,10,3970,301,-146,-220
124,10,3970,301,-84,-278
124,10,3970,303,-15,-208
124,10,3971,284,357,-89
124,10,3971,295,319,-275
124,10,3971,299,0,-290
124,10,3971,305,-27,-181
124,10,3972,295,107,-325
124,10,3972,298,-28,-289
124,10,3972,302,-28,-289
124,10,3972,303,-62,-227
124,10,3972,303,-23,-234
124,10,3973,299,121,-293
124,10,3974,294,258,-58
124,10,3974,296,91,-331
124,10,3974,296,157,-333
124,10,3975,292,223,-224
124,10,3975,293,281,-70
124,10,3975,295,235,-12
124,10,3976,270,438,87
124,10,3977,294,206,239
124,10,3977,300,219,146
124,10,3979,296,231,-40
124,10,3981,288,-339,-33
124,10,3984,298,104,271
124,10,3987,288,298,106
124,10,3987,297,-148,-277
124,10,3987,297,105,210
124,10,3987,302,27,183
124,10,3988,288,0,26
124,10,3988,289,0,26
124,10,3988,293,10,23
124,10,3988,299,77,165
124,10,3988,300,23,-12
124,10,3988,300,26,0
124,10,3988,302,160,-91
124,10,3988,303,83,132
124,10,3988,303,145,-3
124,10,3988,306,17,-182
124,10,4052,370,-108,-433
124,11,3896,349,500,0
124,11,3896,357,500,-25
124,11,3897,348,500,0
124,11,3897,349,500,0
124,11,3897,369,498,37
124,11,3898,352,500,0
124,11,3899,368,498,48
124,11,3901,366,498,48
124,11,3902,365,488,109
124,11,3903,328,408,287
124,11,3903,329,416,277
124,11,3903,363,488,109
124,11,3905,330,408,287
124,11,3905,376,490,-97
124,11,3905,377,488,-109
124,11,3905,377,490,-97
124,11,3905,379,474,-156
124,11,3906,327,402,296
124,11,3906,328,394,306
124,11,3906,329,402,296
124,11,3906,330,408,287
124,11,3906,331,416,277
124,11,3906,375,494,-74
124,11,3906,376,490,-97
124,11,3906,381,457,-203
124,11,3907,326,351,351
124,11,3907,329,353,353
124,11,3907,329,361,345
124,11,3907,367,492,85
124,11,3907,378,421,-127
124,11,3907,380,466,-179
124,11,3908,312,332,332
124,11,3908,325,368,333
124,11,3908,376,408,-91
124,11,3908,376,459,-103
124,11,3908,379,462,-191
124,11,3909,323,351,351
124,11,3909,324,351,351
124,11,3909,325,351,351
124,11,3909,325,358,343
124,11,3909,325,368,333
124,11,3909,326,351,351
124,11,3909,326,358,343
124,11,3909,377,443,-158
124,11,3909,379,457,-203
124,11,3909,384,394,-306
124,11,3909,385,371,-335
124,11,3910,310,358,343
124,11,3910,311,358,343
124,11,3910,319,333,368
124,11,3910,319,358,343
124,11,3910,319,371,335
124,11,3910,322,343,358
124,11,3910,323,343,358
124,11,3910,324,353,353
124,11,3910,324,358,343
124,11,3910,325,353,353
124,11,3910,325,358,343
124,11,3910,332,345,361
124,11,3910,332,353,353
124,11,3910,333,345,361
124,11,3910,334,345,361
124,11,3910,337,345,361
124,11,3910,338,353,353
124,11,3910,381,441,-236
124,11,3910,382,408,-287
124,11,3910,384,378,-326
124,11,3910,385,361,-345
124,11,3910,385,378,-326
124,11,3910,386,371,-335
124,11,3910,387,361,-345
124,11,3911,310,358,343
124,11,3911,311,358,343
124,11,3911,312,358,343
124,11,3911,313,358,343
124,11,3911,314,358,343
124,11,3911,315,358,343
124,11,3911,316,358,343
124,11,3911,317,358,343
124,11,3911,318,351,351
124,11,3911,318,358,343
124,11,3911,319,351,351
124,11,3911,319,358,343
124,11,3911,320,358,343
124,11,3911,321,358,343
124,11,3911,322,358,343
124,11,3911,323,358,343
124,11,3911,324,343,358
124,11,3911,324,358,343
124,11,3911,325,345,361
124,11,3911,325,351,351
124,11,3911,325,358,343
124,11,3911,325,361,345
124,11,3911,326,345,361
124,11,3911,329,353,353
124,11,3911,329,361,345
124,11,3911,333,353,353
124,11,3911,333,361,345
124,11,3911,334,353,353
124,11,3911,382,402,-296
124,11,3911,383,378,-326
124,11,3911,384,361,-345
124,11,3911,385,345,-361
124,11,3911,385,361,-345
124,11,3911,416,500,0
124,11,3912,326,351,351
124,11,3912,328,361,345
124,11,3912,337,361,345
124,11,3912,383,361,-345
124,11,3912,383,378,-326
124,11,3912,385,335,-371
124,11,3912,385,345,-361
124,11,3912,388,316,-386
124,11,3913,305,353,353
124,11,3913,329,361,345
124,11,3913,343,345,361
124,11,3913,343,361,345
124,11,3913,351,471,35
124,11,3914,305,361,345
124,11,3914,329,353,353
124,11,3914,331,353,353
124,11,3914,350,345,361
124,11,3914,376,478,-144
124,11,3914,385,306,-394
124,11,3914,387,267,-421
124,11,3915,317,353,353
124,11,3915,319,361,345
124,11,3915,323,353,353
124,11,3915,326,353,353
124,11,3916,348,361,-345
124,11,3916,379,386,-316
124,11,3917,362,437,97
124,11,3917,363,437,97
124,11,3918,318,353,353
124,11,3918,358,447,-23
124,11,3918,388,447,0
124,11,3919,349,407,244
124,11,3921,316,500,0
124,11,3921,377,306,-394
124,11,3922,350,447,10
124,11,3922,356,447,0
124,11,3922,385,277,-416
124,11,3924,368,0,-500
124,11,3924,376,342,-327
124,11,3924,378,0,-500
124,11,3924,379,37,-498
124,11,3924,381,0,-500
124,11,3924,382,0,-500
124,11,3924,385,224,-447
124,11,3925,312,402,296
124,11,3925,348,419,41
124,11,3925,357,419,-31
124,11,3925,361,421,0
124,11,3926,317,457,203
124,11,3926,343,332,300
124,11,3926,364,354,88
124,11,3927,356,395,0
124,11,3927,357,395,0
124,11,3928,356,393,38
124,11,3929,317,225,320
124,11,3930,314,-41,416
124,11,3930,345,342,327
124,11,3930,350,325,266
124,11,3932,316,500,0
124,11,3932,320,447,224
124,11,3934,332,335,371
124,11,3934,355,293,265
124,11,3935,339,248,372
124,11,3935,342,273,285
124,11,3936,320,345,361
124,11,3936,333,-92,464
124,11,3936,340,417,223
124,11,3937,305,287,408
124,11,3937,332,-92,464
124,11,3937,344,210,298
124,11,3937,344,255,362
124,11,3937,345,200,209
124,11,3937,366,170,125
124,11,3938,332,-300,366
124,11,3938,345,255,266
124,11,3938,350,132,126
124,11,3939,323,394,306
124,11,3939,336,-282,344
124,11,3939,360,132,126
124,11,3940,327,361,345
124,11,3940,351,75,72
124,11,3940,352,75,72
124,11,3940,355,264,13
124,11,3941,305,181,408
124,11,3941,326,156,474
124,11,3941,338,-87,437
124,11,3941,340,200,400
124,11,3941,341,-87,437
124,11,3941,343,189,376
124,11,3941,344,207,366
124,11,3941,347,211,333
124,11,3942,281,121,484
124,11,3942,332,-266,324
124,11,3942,337,-266,324
124,11,3942,338,-266,324
124,11,3942,344,121,401
124,11,3943,339,-76,384
124,11,3943,339,171,414
124,11,3944,331,136,453
124,11,3944,336,139,424
124,11,3944,339,150,421
124,11,3944,342,151,393
124,11,3944,342,171,385
124,11,3944,347,113,375
124,11,3945,336,-364,150
124,11,3945,336,-71,358
124,11,3946,330,253,399
124,11,3946,340,131,400
124,11,3946,349,156,331
124,11,3947,330,262,394
124,11,3947,334,-291,119
124,11,3947,337,128,425
124,11,3947,339,-56,282
124,11,3947,340,131,400
124,11,3947,345,123,375
124,11,3948,285,121,484
124,11,3948,315,101,408
124,11,3948,318,85,492
124,11,3948,319,101,408
124,11,3948,325,101,408
124,11,3948,326,441,236
124,11,3948,331,101,408
124,11,3948,333,101,408
124,11,3948,336,-165,202
124,11,3948,337,-165,202
124,11,3948,338,-165,202
124,11,3948,339,-56,282
124,11,3948,340,121,403
124,11,3949,312,95,382
124,11,3949,332,92,464
124,11,3949,337,-218,89
124,11,3949,340,-149,182
124,11,3950,313,82,329
124,11,3952,337,-208,-20
124,11,3955,289,121,484
124,11,3955,334,-149,-278
124,11,3956,280,0,500
124,11,3956,305,0,447
124,11,3956,326,0,0
124,11,3956,331,0,-78
124,11,3956,334,0,-289
124,11,3956,335,-74,-138
124,11,3956,335,0,-289
124,11,3956,337,0,0
124,11,3956,338,0,-261
124,11,3956,338,0,-209
124,11,3956,338,76,-137
124,11,3956,339,0,-183
124,11,3956,339,0,-157
124,11,3965,312,339,-292
124,11,3975,337,340,17
124,11,3976,302,353,353
124,11,3988,315,0,104
124,11,3988,331,154,103
124,11,3999,427,500,0
124,11,3999,429,361,-345
124,11,4000,427,447,-224
124,11,4000,427,482,-132
124,11,4006,429,441,-236
124,11,4006,429,470,-167
124,11,4008,445,70,-468
124,11,4011,427,183,0
124,11,4012,444,-25,-500
124,11,4014,425,323,-173
124,11,4020,450,-132,-482
124,11,4021,413,-194,-250
124,11,4060,444,0,-500
124,11,4060,445,0,-500
125,5,3936,165,482,132
125,5,3936,168,498,48
125,5,3936,169,498,37
125,5,3938,189,488,109
125,5,3939,163,144,478
125,5,3939,189,500,0
125,5,3940,164,500,0
125,5,3940,186,466,-179
125,5,3940,188,361,-345
125,5,3940,188,402,-296
125,5,3940,188,421,-267
125,5,3940,188,478,-144
125,5,3940,189,492,-85
125,5,3940,189,500,0
125,5,3940,190,500,0
125,5,3940,191,500,0
125,5,3940,192,148,-450
125,5,3940,214,500,0
125,5,3940,216,500,0
125,5,3940,217,500,0
125,5,3941,164,457,203
125,5,3941,166,474,156
125,5,3941,185,474,-156
125,5,3941,218,418,21
125,5,3942,190,500,0
125,5,3943,190,378,-326
125,5,3943,192,361,-345
125,5,3943,195,326,-378
125,5,3943,223,361,-345
125,5,3944,158,345,361
125,5,3944,171,432,-192
125,5,3944,186,441,-236
125,5,3944,192,441,-236
125,5,3944,193,441,-236
125,5,3944,194,441,-236
125,5,3944,196,441,-236
125,5,3945,184,470,-167
125,5,3946,157,326,378
125,5,3948,198,203,-457
125,5,3950,157,203,457
125,5,3950,188,447,0
125,5,3950,189,447,0
125,5,3950,196,212,-451
125,5,3950,199,167,-470
125,5,3951,172,457,125
125,5,3951,194,156,-474
125,5,3951,194,167,-470
125,5,3951,196,167,-470
125,5,3952,180,314,0
125,5,3952,193,144,-478
125,5,3952,195,121,-484
125,5,3953,171,447,0
125,5,3953,191,121,-484
125,5,3953,193,109,-488
125,5,3953,194,109,-488
125,5,3953,195,109,-488
125,5,3953,217,417,-160
125,5,3954,185,191,-462
125,5,3954,186,132,-482
125,5,3954,186,179,-466
125,5,3954,187,85,-492
125,5,3954,187,447,0
125,5,3954,188,447,0
125,5,3954,189,447,0
125,5,3954,190,447,0
125,5,3954,192,447,0
125,5,3954,194,85,-492
125,5,3954,197,447,0
125,5,3954,198,447,0
125,5,3954,199,447,0
125,5,3954,201,447,0
125,5,3954,202,447,0
125,5,3954,203,447,0
125,5,3955,186,132,-482
125,5,3956,164,0,341
125,5,3956,165,0,341
125,5,3956,167,0,393
125,5,3956,170,112,223
125,5,3956,170,192,115
125,5,3956,171,197,105
125,5,3956,171,208,111
125,5,3956,182,0,-350
125,5,3956,186,0,-500
125,5,3956,186,198,-199
125,5,3956,186,201,-201
125,5,3956,187,0,-500
125,5,3956,188,0,-500
125,5,3956,190,0,-500
125,5,3956,195,0,-500
125,5,3957,185,419,31
125,5,3957,189,421,0
125,5,3957,228,353,-274
125,5,3958,209,414,-72
125,5,3958,209,416,-62
125,5,3958,210,412,-82
125,5,3959,180,244,-245
125,5,3959,232,323,-309
125,5,3960,171,302,0
125,5,3960,176,390,58
125,5,3960,195,393,38
125,5,3960,216,389,-161
125,5,3962,171,276,0
125,5,3962,179,362,-109
125,5,3962,180,104,0
125,5,3962,198,395,0
125,5,3963,130,170,119
125,5,3963,158,183,3
125,5,3963,171,183,0
125,5,3964,253,326,-378
125,5,3965,176,358,-35
125,5,3965,179,301,15
125,5,3965,197,209,0
125,5,3974,178,262,31
125,5,3976,180,9,24
125,5,3976,180,26,0
125,5,3976,251,224,-447
125,5,3977,172,11,-23
125,5,3977,179,-122,-47
125,5,3978,180,9,24
125,5,3979,180,1,25
125,5,3979,180,21,13
125,5,3980,180,-45,26
125,5,3980,180,0,0
125,5,3980,180,22,46
125,5,3981,180,0,0
125,5,3982,171,-239,-106
125,5,3982,176,94,-157
125,5,3982,179,-235,-12
125,5,3982,180,0,0
125,5,3982,206,171,-164
125,5,3983,180,-50,-15
125,5,3983,180,-14,21
125,5,3984,148,139,-313
125,5,3984,180,-27,44
125,5,3984,180,0,0
125,5,3984,180,83,62
125,5,3984,180,85,59
125,5,3985,171,12,-23
125,5,3985,171,130,-9
125,5,3985,180,-181,26
125,5,3985,180,-25,46
125,5,3985,180,0,26
125,5,3985,246,353,-353
125,5,3986,171,-81,-66
125,5,3986,171,5,-223
125,5,3986,193,-126,170
125,5,3987,192,-87,164
125,5,3987,238,22,-447
125,5,3988,245,167,-470
125,5,3988,260,0,-500
125,5,3989,206,15,158
125,5,3990,219,174,325
125,5,3991,205,32,-40
125,5,3991,212,-141,223
125,5,3992,215,41,340
125,5,3993,212,0,0
125,5,4005,240,-137,-453
125,5,4007,144,338,25
125,5,4075,237,0,-447
125,5,4075,242,0,-473
125,5,4081,245,-70,-468
125,7,3940,228,361,345
125,7,3940,228,500,0
125,7,3940,229,474,156
125,7,3940,230,500,0
125,7,3940,233,500,0
125,7,3940,234,500,0
125,7,3940,282,466,-179
125,7,3940,283,500,0
125,7,3940,285,435,-246
125,7,3941,287,361,-345
125,7,3941,287,386,-316
125,7,3941,288,500,0
125,7,3941,289,500,0
125,7,3942,290,500,0
125,7,3943,222,368,333
125,7,3943,229,421,267
125,7,3943,288,361,-345
125,7,3944,220,441,236
125,7,3944,221,441,236
125,7,3944,222,441,236
125,7,3944,287,441,-236
125,7,3945,256,423,212
125,7,3945,257,457,125
125,7,3945,290,500,0
125,7,3946,285,361,-345
125,7,3947,219,277,416
125,7,3947,221,287,408
125,7,3947,222,296,402
125,7,3948,285,361,-345
125,7,3949,219,491,-73
125,7,3949,220,212,451
125,7,3950,218,179,466
125,7,3950,228,447,0
125,7,3950,290,500,0
125,7,3951,222,191,462
125,7,3951,223,203,457
125,7,3952,280,335,-371
125,7,3953,229,224,447
125,7,3953,255,447,-10
125,7,3953,257,447,-10
125,7,3954,212,447,0
125,7,3954,213,447,0
125,7,3954,214,447,0
125,7,3954,215,447,0
125,7,3954,218,447,0
125,7,3954,219,447,0
125,7,3954,222,447,0
125,7,3954,223,447,0
125,7,3954,225,447,0
125,7,3954,227,447,0
125,7,3954,228,447,0
125,7,3954,229,447,0
125,7,3954,231,447,0
125,7,3954,232,447,0
125,7,3954,233,447,0
125,7,3954,234,447,0
125,7,3954,235,447,0
125,7,3954,236,447,0
125,7,3954,237,447,-10
125,7,3954,237,447,0
125,7,3954,238,447,0
125,7,3954,241,447,0
125,7,3954,242,447,0
125,7,3954,247,447,0
125,7,3954,252,447,0
125,7,3954,253,447,0
125,7,3954,254,447,0
125,7,3954,255,447,0
125,7,3954,256,447,0
125,7,3954,257,447,0
125,7,3954,258,447,0
125,7,3954,259,447,0
125,7,3954,260,447,0
125,7,3954,261,447,0
125,7,3954,263,447,0
125,7,3954,267,447,0
125,7,3955,289,224,-447
125,7,3956,235,287,0
125,7,3957,196,403,190
125,7,3957,255,419,-31
125,7,3957,282,403,-190
125,7,3958,206,414,72
125,7,3958,235,421,0
125,7,3958,243,-36,371
125,7,3958,273,416,-62
125,7,3958,282,380,-179
125,7,3960,296,323,-309
125,7,3960,296,335,-371
125,7,3961,277,375,-123
125,7,3962,235,395,0
125,7,3962,276,378,-114
125,7,3963,194,173,116
125,7,3963,234,183,-4
125,7,3964,297,283,-346
125,7,3965,234,209,0
125,7,3965,298,265,-360
125,7,3968,235,52,0
125,7,3969,292,198,-242
125,7,3970,189,208,268
125,7,3973,235,52,0
125,7,3973,281,275,-91
125,7,3976,235,22,-12
125,7,3976,262,-381,104
125,7,3976,276,261,0
125,7,3976,281,252,-76
125,7,3977,235,-314,0
125,7,3977,235,-130,0
125,7,3977,236,-51,-6
125,7,3977,236,11,-23
125,7,3977,279,255,-70
125,7,3978,235,-104,0
125,7,3978,235,0,0
125,7,3978,236,21,-14
125,7,3979,235,-78,0
125,7,3979,278,230,-57
125,7,3980,279,197,-76
125,7,3981,235,-1,-26
125,7,3981,298,69,-278
125,7,3982,235,-88,-56
125,7,3983,297,72,-415
125,7,3984,235,10,-23
125,7,3984,247,-211,20
125,7,3985,235,-196,-130
125,7,3986,235,-63,-77
125,7,3986,244,-126,92
125,7,3986,246,-130,-87
125,7,3987,253,-130,86
125,7,3987,268,153,42
125,7,3988,188,0,314
125,7,3990,271,20,210
125,7,3992,276,-26,0
125,7,3993,273,98,300
125,7,4010,206,390,47
125,7,4012,206,416,62
125,7,4014,203,-79,-221
125,9,3928,290,500,0
125,9,3936,306,498,48
125,9,3936,312,492,-85
125,9,3937,345,490,-97
125,9,3938,307,500,11
125,9,3939,264,500,0
125,9,3939,314,500,0
125,9,3940,257,500,0
125,9,3940,259,500,0
125,9,3940,263,500,0
125,9,3940,306,497,11
125,9,3940,314,466,-179
125,9,3940,314,470,-167
125,9,3940,318,421,-267
125,9,3941,311,492,-85
125,9,3941,316,451,-212
125,9,3941,322,371,-335
125,9,3942,319,500,0
125,9,3942,320,378,-326
125,9,3942,321,378,-326
125,9,3942,322,361,-345
125,9,3942,354,361,-345
125,9,3943,256,378,326
125,9,3943,264,500,0
125,9,3943,312,478,-144
125,9,3943,318,402,-296
125,9,3943,321,345,-361
125,9,3944,269,441,236
125,9,3944,320,345,-361
125,9,3944,324,306,-394
125,9,3945,287,471,35
125,9,3945,291,471,35
125,9,3945,319,361,-345
125,9,3945,319,471,35
125,9,3945,323,287,-408
125,9,3946,311,484,-121
125,9,3946,323,287,-408
125,9,3946,324,277,-416
125,9,3947,273,296,402
125,9,3947,321,296,-402
125,9,3947,322,277,-416
125,9,3947,324,267,-421
125,9,3947,324,410,81
125,9,3947,338,361,-345
125,9,3948,323,224,-447
125,9,3949,323,212,-451
125,9,3949,323,224,-447
125,9,3949,324,203,-457
125,9,3949,324,212,-451
125,9,3950,284,447,0
125,9,3950,286,445,43
125,9,3950,288,447,0
125,9,3950,289,447,0
125,9,3950,291,447,0
125,9,3950,320,224,-447
125,9,3950,322,224,-447
125,9,3951,314,335,-371
125,9,3952,312,335,-371
125,9,3952,313,287,-408
125,9,3953,281,296,402
125,9,3953,314,212,-451
125,9,3953,314,224,-447
125,9,3953,355,498,48
125,9,3954,258,488,109
125,9,3954,272,445,43
125,9,3954,275,447,0
125,9,3954,276,447,0
125,9,3954,277,447,0
125,9,3954,278,447,-10
125,9,3954,288,447,0
125,9,3954,289,447,0
125,9,3954,290,447,0
125,9,3954,291,447,0
125,9,3954,293,447,0
125,9,3954,314,179,-466
125,9,3954,320,471,35
125,9,3954,332,447,0
125,9,3955,287,323,-309
125,9,3956,287,377,239
125,9,3956,309,267,-421
125,9,3956,310,216,53
125,9,3956,340,138,-422
125,9,3957,252,360,265
125,9,3957,260,403,190
125,9,3957,284,419,41
125,9,3957,288,419,41
125,9,3957,291,421,0
125,9,3957,292,403,190
125,9,3958,247,361,345
125,9,3958,259,394,211
125,9,3958,270,414,72
125,9,3958,288,421,0
125,9,3958,308,173,-324
125,9,3959,282,287,408
125,9,3959,289,395,0
125,9,3959,290,395,0
125,9,3959,291,395,0
125,9,3959,339,126,-32
125,9,3960,257,355,225
125,9,3960,288,393,38
125,9,3960,292,393,38
125,9,3960,293,371,198
125,9,3960,303,393,38
125,9,3960,316,393,38
125,9,3961,253,325,266
125,9,3961,283,382,-96
125,9,3961,342,371,-132
125,9,3962,251,319,274
125,9,3962,252,319,274
125,9,3962,291,395,0
125,9,3963,244,283,346
125,9,3964,306,297,297
125,9,3965,244,265,360
125,9,3965,256,305,250
125,9,3965,261,482,132
125,9,3965,308,209,0
125,9,3966,249,274,319
125,9,3966,250,282,312
125,9,3967,249,266,325
125,9,3967,295,305,83
125,9,3967,295,321,181
125,9,3968,261,478,144
125,9,3968,271,444,53
125,9,3968,328,285,-273
125,9,3969,279,248,372
125,9,3971,300,230,384
125,9,3971,354,234,-318
125,9,3972,253,226,322
125,9,3972,298,234,317
125,9,3973,263,488,109
125,9,3974,255,211,301
125,9,3975,246,345,361
125,9,3975,299,-285,134
125,9,3976,308,9,24
125,9,3979,260,-305,-84
125,9,3980,308,-78,7
125,9,3980,340,0,0
125,9,3981,260,291,226
125,9,3982,273,-90,-128
125,9,3984,271,-76,197
125,9,3984,294,160,241
125,9,3984,324,-67,-336
125,9,3985,261,296,219
125,9,3985,271,-132,-162
125,9,3985,276,-159,-90
125,9,3985,284,-198,-132
125,9,3986,275,-157,-3
125,9,3986,277,-108,-147
125,9,3986,285,-152,101
125,9,3987,277,-157,-3
125,9,3987,278,-87,57
125,9,3988,242,0,447
125,9,3988,264,19,16
125,9,3989,275,107,-5
125,9,3990,267,-58,-53
125,9,3990,267,-26,0
125,9,3990,267,206,-41
125,9,3990,275,128,-35
125,9,3990,275,179,-49
125,9,3991,274,153,-146
125,9,3992,268,-23,-12
125,9,3992,271,74,-226
125,9,3992,272,94,-189
125,9,3992,273,125,-170
125,9,3993,267,-41,-340
125,9,3994,274,416,277
125,9,4005,257,311,242
125,9,4007,272,338,25
125,9,4011,271,364,35
125,9,4011,273,364,26
125,9,4014,259,200,209
125,9,4014,267,-204,45
125,9,4014,267,-79,-221
125,9,4015,267,0,0
125,9,4016,267,49,-283
125,9,4016,269,192,-248
125,9,4016,270,444,53
125,9,4016,271,445,43
125,9,4016,272,445,43
125,9,4043,340,-5,-212
125,9,4043,362,-21,-421
125,9,4043,365,0,-447
125,9,4043,366,0,-447
125,9,4052,387,-132,-482
125,9,4059,267,25,5
125,9,4061,267,20,16
125,9,4081,373,-81,-466
125,38,3928,1219,500,0
125,38,3929,1220,500,0
125,38,3930,1256,500,0
125,38,3933,1203,500,0
125,38,3933,1208,397,130
125,38,3938,1276,500,0
125,38,3939,1276,500,0
125,38,3939,1278,414,-21
125,38,3940,1276,500,0
125,38,3940,1277,500,0
125,38,3940,1278,416,-31
125,38,3940,1278,418,-21
125,38,3940,1282,340,-325
125,38,3940,1283,340,-325
125,38,3940,1286,340,-325
125,38,3940,1287,340,-325
125,38,3940,1289,340,-325
125,38,3940,1290,340,-325
125,38,3940,1291,340,-325
125,38,3940,1292,340,-325
125,38,3941,1268,361,-345
125,38,3941,1278,416,-31
125,38,3941,1278,418,-21
125,38,3941,1278,418,0
125,38,3941,1279,416,-31
125,38,3941,1281,471,-46
125,38,3941,1287,390,-150
125,38,3942,1265,358,-344
125,38,3942,1266,358,-344
125,38,3942,1269,343,-359
125,38,3942,1272,343,-359
125,38,3942,1289,401,-189
125,38,3943,1265,351,-351
125,38,3943,1266,351,-351
125,38,3943,1276,418,0
125,38,3943,1277,418,-10
125,38,3943,1277,500,-25
125,38,3943,1280,418,0
125,38,3943,1282,351,-351
125,38,3943,1283,351,-351
125,38,3943,1285,351,-351
125,38,3943,1286,351,-351
125,38,3944,1188,500,0
125,38,3945,1213,457,203
125,38,3945,1277,497,0
125,38,3945,1291,397,-252
125,38,3946,1261,353,-353
125,38,3946,1262,361,-345
125,38,3947,1261,353,-353
125,38,3947,1262,353,-353
125,38,3947,1262,361,-345
125,38,3947,1264,361,-345
125,38,3947,1265,361,-345
125,38,3947,1267,361,-345
125,38,3947,1268,361,-345
125,38,3947,1275,361,-345
125,38,3947,1276,361,-345
125,38,3947,1279,361,-345
125,38,3947,1280,361,-345
125,38,3947,1282,361,-345
125,38,3947,1283,361,-345
125,38,3947,1284,361,-345
125,38,3947,1285,361,-345
125,38,3948,1283,444,0
125,38,3951,1260,353,-353
125,38,3954,1261,361,-345
125,38,3954,1296,361,-345
125,38,3956,1270,424,-140
125,38,3956,1276,474,-156
125,38,3960,1271,389,-161
125,38,3965,1269,341,-141
125,38,3965,1301,326,-378
125,38,3965,1301,345,-361
125,38,3968,1274,428,-229
125,38,3968,1274,438,-235
125,38,3972,1292,361,-345
125,38,3974,1195,207,25
125,38,3977,1289,151,-393
125,38,3977,1296,136,-453
125,38,3978,1194,78,0
125,38,3978,1196,238,0
125,38,3979,1285,141,-369
125,38,3979,1292,118,-432
125,38,3980,1280,229,-178
125,38,3981,1271,-257,-129
125,38,3983,1263,204,-123
125,38,3984,1259,-173,66
125,38,3984,1274,-286,-161
125,38,3985,1260,-207,46
125,38,3985,1273,-227,-176
125,38,3986,1284,217,326
125,38,3987,1258,-50,-94
125,38,3987,1262,91,-220
125,38,3987,1276,-250,141
125,38,3988,1293,0,-447
125,38,3989,1274,-323,114
125,38,3989,1275,-174,260
125,38,3990,1260,-58,86
125,38,3990,1261,61,172
125,38,3990,1261,65,170
125,38,3990,1273,-192,247
125,38,3990,1280,135,253
125,38,3991,1260,153,30
125,38,3991,1267,-19,260
125,38,3991,1269,-21,286
125,38,3991,1272,-25,338
125,38,3992,1261,65,170
125,38,3992,1268,-19,263
125,38,3992,1273,-242,311
125,38,3992,1278,160,361
125,38,3993,1269,-41,340
125,38,3993,1273,-227,322
125,38,3993,1274,-219,296
125,38,3994,1262,149,249
125,38,3994,1262,260,260
125,38,3994,1262,266,255
125,38,3994,1266,16,316
125,38,3994,1270,-82,412
125,38,3995,1260,86,130
125,38,3995,1266,114,378
125,38,3995,1270,-51,417
125,38,3996,1260,96,123
125,38,3996,1279,132,371
125,38,3997,1277,106,353
125,38,3998,1281,298,256
125,38,3999,1263,-366,44
125,38,4000,1278,274,319
125,38,4001,1264,-135,240
125,38,4001,1280,297,297
125,38,4002,1261,161,132
125,38,4002,1277,366,-141
125,38,4003,1286,148,334
125,38,4004,1266,-100,242
125,38,4005,1284,408,101
125,38,4008,1261,-105,-135
125,38,4008,1284,385,-86
125,38,4009,1264,-250,-75
125,38,4017,1266,200,-127
125,38,4018,1260,-132,-198
125,38,4018,1267,208,-162
125,38,4020,1267,154,103
125,38,4020,1270,-57,53
125,38,4023,1260,-111,-111
125,41,3930,1355,369,0
125,41,3931,1299,340,0
125,41,3931,1300,340,0
125,41,3931,1301,340,0
125,41,3931,1302,340,0
125,41,3931,1303,340,0
125,41,3931,1304,340,0
125,41,3931,1305,340,0
125,41,3931,1306,340,0
125,41,3931,1307,340,0
125,41,3931,1308,340,0
125,41,3931,1309,340,0
125,41,3931,1310,340,0
125,41,3931,1311,340,0
125,41,3931,1312,340,0
125,41,3931,1313,340,0
125,41,3931,1314,340,0
125,41,3931,1315,340,0
125,41,3931,1316,340,0
125,41,3931,1316,361,0
125,41,3931,1317,340,0
125,41,3931,1318,340,0
125,41,3931,1319,340,0
125,41,3931,1320,340,0
125,41,3931,1321,340,0
125,41,3931,1322,340,0
125,41,3931,1323,340,0
125,41,3931,1324,340,0
125,41,3931,1326,340,0
125,41,3931,1328,340,0
125,41,3931,1329,340,0
125,41,3931,1330,340,0
125,41,3931,1331,340,0
125,41,3931,1332,340,0
125,41,3931,1333,340,0
125,41,3931,1335,340,0
125,41,3931,1336,340,0
125,41,3931,1337,340,0
125,41,3931,1338,340,0
125,41,3931,1339,340,0
125,41,3931,1340,340,0
125,41,3931,1341,340,0
125,41,3931,1342,340,0
125,41,3931,1343,340,0
125,41,3931,1344,340,0
125,41,3931,1345,340,0
125,41,3931,1346,340,0
125,41,3931,1347,340,0
125,41,3931,1348,340,0
125,41,3931,1349,340,0
125,41,3931,1350,340,0
125,41,3931,1351,340,0
125,41,3931,1352,340,0
125,41,3931,1353,340,0
125,41,3931,1354,340,0
125,41,3931,1355,340,0
125,41,3931,1355,369,0
125,41,3932,1302,366,-8
125,41,3932,1303,366,-18
125,41,3932,1303,366,0
125,41,3932,1316,340,0
125,41,3932,1356,366,-8
125,41,3932,1357,366,-8
125,41,3932,1358,366,0
125,41,3933,1292,429,257
125,41,3933,1303,366,-18
125,41,3933,1357,366,-8
125,41,3933,1358,366,0
125,41,3934,1292,429,257
125,41,3935,1316,366,0
125,41,3935,1323,366,0
125,41,3935,1335,366,0
125,41,3935,1355,366,0
125,41,3935,1364,366,0
125,41,3935,1367,366,0
125,41,3936,1356,392,0
125,41,3936,1357,392,-9
125,41,3936,1358,392,0
125,41,3937,1357,392,-9
125,41,3937,1358,392,0
125,41,3937,1367,392,0
125,41,3938,1366,392,0
125,41,3938,1367,392,0
125,41,3938,1368,392,0
125,41,3939,1316,392,0
125,41,3939,1364,392,0
125,41,3939,1373,392,0
125,41,3940,1371,500,0
125,41,3941,1374,418,-21
125,41,3941,1375,469,-46
125,41,3942,1374,447,-23
125,41,3942,1375,496,-60
125,41,3943,1355,418,0
125,41,3943,1372,418,0
125,41,3945,1280,444,-10
125,41,3946,1277,498,37
125,41,3947,1355,444,0
125,41,3948,1277,500,0
125,41,3948,1344,444,0
125,41,3948,1345,444,0
125,41,3948,1346,444,0
125,41,3948,1347,444,0
125,41,3948,1348,444,0
125,41,3948,1349,444,0
125,41,3948,1350,444,0
125,41,3948,1351,444,0
125,41,3948,1352,444,0
125,41,3948,1353,444,0
125,41,3948,1354,444,0
125,41,3948,1379,444,0
125,41,3948,1379,497,0
125,41,3948,1379,500,0
125,41,3950,1381,471,0
125,41,3951,1379,471,0
125,41,3955,1389,361,-345
125,41,3956,1377,492,85
125,41,3961,1350,418,0
125,41,3964,1300,130,0
125,41,3966,1288,330,165
125,41,3967,1376,500,0
125,41,3980,1263,92,464
125,41,3980,1326,-242,100
125,41,3986,1298,-152,-101
125,41,3988,1358,387,-77
125,41,3989,1297,74,-138
125,41,3993,1357,258,181
125,41,3994,1356,-138,74
125,41,3994,1361,201,273
125,41,3994,1361,203,275
125,41,3994,1367,150,300
125,41,3995,1280,305,-250
125,41,3995,1357,-141,115
125,41,3995,1365,164,327
125,41,3996,1275,279,-279
125,41,3996,1361,-130,259
125,41,3996,1364,7,314
125,41,3997,1279,279,-279
125,41,3997,1358,-148,141
125,41,3997,1366,170,231
125,41,3999,1367,240,309
125,41,4000,1356,-236,28
125,41,4000,1357,-233,28
125,41,4000,1370,296,219
125,41,4002,1357,-154,42
125,41,4002,1364,6,290
125,41,4004,1369,279,149
125,41,4007,1279,279,240
125,41,4008,1377,314,130
125,41,4009,1359,-107,-213
125,41,4009,1368,263,19
125,41,4020,1289,0,209
125,41,4020,1359,0,0
125,41,4020,1362,12,23
125,41,4020,1362,87,-184
125,41,4020,1367,24,-10
125,41,4020,1368,0,-26
125,41,4020,1368,16,-20
125,41,4020,1384,-250,-250
125,41,4028,1387,-75,-248
125,45,3928,1476,500,0
125,45,3930,1440,500,0
125,45,3931,1472,498,48
125,45,3938,1415,402,296
125,45,3938,1417,402,296
125,45,3938,1476,500,0
125,45,3940,1395,332,332
125,45,3940,1397,361,345
125,45,3941,1407,351,351
125,45,3941,1413,358,343
125,45,3941,1413,368,333
125,45,3942,1398,358,343
125,45,3942,1399,358,343
125,45,3942,1406,358,343
125,45,3942,1407,358,343
125,45,3942,1407,371,335
125,45,3942,1408,343,358
125,45,3942,1408,351,351
125,45,3942,1411,343,358
125,45,3942,1413,358,343
125,45,3942,1425,345,361
125,45,3943,1398,351,351
125,45,3943,1398,358,343
125,45,3943,1399,351,351
125,45,3943,1399,358,343
125,45,3943,1400,358,343
125,45,3943,1401,358,343
125,45,3943,1402,358,343
125,45,3943,1403,358,343
125,45,3943,1404,358,343
125,45,3943,1405,358,343
125,45,3943,1406,351,351
125,45,3943,1406,353,353
125,45,3943,1406,358,343
125,45,3943,1407,351,351
125,45,3943,1407,358,343
125,45,3943,1410,358,343
125,45,3943,1411,343,358
125,45,3943,1411,358,343
125,45,3943,1412,343,358
125,45,3943,1413,358,343
125,45,3944,1391,353,353
125,45,3944,1392,353,353
125,45,3944,1487,345,-361
125,45,3944,1488,361,-345
125,45,3945,1392,353,353
125,45,3945,1393,361,345
125,45,3945,1394,353,353
125,45,3945,1444,473,0
125,45,3946,1431,345,361
125,45,3947,1393,353,353
125,45,3947,1402,345,361
125,45,3947,1414,353,353
125,45,3947,1485,361,-345
125,45,3948,1449,361,345
125,45,3951,1384,361,345
125,45,3951,1480,335,-371
125,45,3954,1389,353,353
125,45,3954,1477,335,-371
125,45,3956,1403,361,345
125,45,3957,1403,345,361
125,45,3959,1473,393,29
125,45,3960,1405,365,257
125,45,3962,1505,332,-258
125,45,3963,1413,347,114
125,45,3963,1473,367,27
125,45,3964,1412,333,211
125,45,3965,1474,341,33
125,45,3966,1407,417,223
125,45,3967,1395,500,0
125,45,3967,1428,235,245
125,45,3967,1430,273,285
125,45,3970,1433,255,266
125,45,3973,1394,192,432
125,45,3977,1407,165,330
125,45,3978,1396,131,400
125,45,3980,1398,101,408
125,45,3987,1403,74,494
125,45,3987,1403,85,492
125,45,3988,1394,0,447
125,45,3988,1424,138,160
125,45,3988,1427,0,-130
125,45,3989,1426,74,-138
125,45,3989,1427,24,-46
125,45,3990,1421,-17,-234
125,45,3990,1425,148,-278
125,45,3990,1425,233,-285
125,45,3991,1425,-101,-152
125,45,3992,1423,232,-52
125,45,3992,1423,299,-366
125,45,3993,1417,198,-372
125,45,3993,1422,258,-332
125,45,3994,1418,200,-400
125,45,3994,1425,322,-227
125,45,3995,1418,190,-404
125,45,3995,1419,160,-206
125,45,3995,1426,348,-187
125,45,3997,1400,339,-292
125,45,4003,1404,411,-92
125,45,4004,1424,-23,-234
125,45,4005,1408,226,291
125,45,4008,1406,266,255
125,45,4013,1416,162,208
125,45,4014,1403,391,38
125,45,4016,1407,-283,-189
125,45,4016,1412,-239,-159
125,45,4016,1412,226,216
125,45,4017,1427,23,-12
125,45,4018,1415,93,187
125,45,4019,1398,392,-9
125,45,4020,1408,0,26
125,45,4020,1409,0,26
125,45,4020,1422,0,-261
125,45,4020,1422,203,-51
125,45,4020,1423,0,0
125,45,4020,1423,89,128
125,45,4020,1423,168,29
125,45,4022,1396,-54,216
125,84,3930,2728,500,0
125,84,3935,2728,500,0
125,84,3939,2757,340,-325
125,84,3940,2674,500,0
125,84,3940,2747,368,-334
125,84,3940,2756,332,-333
125,84,3940,2756,340,-325
125,84,3940,2757,332,-333
125,84,3940,2757,340,-325
125,84,3940,2758,340,-325
125,84,3940,2761,340,-325
125,84,3940,2762,340,-325
125,84,3940,2764,332,-333
125,84,3940,2764,340,-325
125,84,3942,2746,368,-334
125,84,3942,2751,335,-371
125,84,3942,2753,358,-344
125,84,3942,2760,358,-344
125,84,3942,2761,358,-344
125,84,3943,2748,343,-359
125,84,3943,2753,351,-351
125,84,3943,2753,358,-344
125,84,3943,2754,351,-351
125,84,3944,2744,371,-335
125,84,3945,2724,500,0
125,84,3945,2768,353,-353
125,84,3946,2757,361,-345
125,84,3947,2728,500,0
125,84,3947,2749,361,-345
125,84,3947,2750,361,-345
125,84,3947,2751,361,-345
125,84,3947,2754,361,-345
125,84,3947,2755,361,-345
125,84,3947,2757,353,-353
125,84,3947,2757,361,-345
125,84,3947,2769,361,-345
125,84,3948,2768,335,-371
125,84,3948,2769,335,-371
125,84,3968,2724,158,-175
125,84,3971,2723,130,0
125,84,3977,2755,317,-273
125,84,3983,2647,76,387
125,84,3985,2641,43,445
125,84,3986,2751,46,-207
125,84,3986,2756,132,-482
125,84,3987,2732,-121,99
125,84,3988,2735,-17,182
125,84,3988,2747,0,-316
125,84,3988,2756,109,-488
125,84,3988,2765,0,-447
125,84,3993,2745,-226,291
125,84,3994,2734,149,249
125,84,3994,2734,237,247
125,84,3994,2748,132,344
125,84,3996,2741,76,306
125,84,3997,2740,257,331
125,84,3998,2650,0,369
125,84,3998,2736,-23,237
125,84,3999,2732,0,0
125,84,4003,2753,250,-305
125,84,4007,2741,95,215
125,84,4012,2757,142,-283
125,84,4016,2746,113,-179
125,84,4017,2633,-11,473
125,84,4019,2761,-318,-170
125,84,4020,2657,0,264
125,88,3931,2804,340,0
125,88,3931,2805,340,0
125,88,3931,2806,340,0
125,88,3931,2807,340,0
125,88,3931,2810,340,0
125,88,3931,2813,340,0
125,88,3931,2814,340,0
125,88,3931,2815,340,0
125,88,3931,2816,340,0
125,88,3931,2822,340,0
125,88,3931,2823,340,0
125,88,3931,2827,340,0
125,88,3931,2830,340,0
125,88,3931,2837,340,0
125,88,3931,2838,340,0
125,88,3931,2840,340,0
125,88,3931,2841,340,0
125,88,3931,2844,340,0
125,88,3931,2845,340,0
125,88,3931,2846,340,0
125,88,3931,2849,340,0
125,88,3931,2852,340,0
125,88,3931,2853,340,0
125,88,3931,2855,340,0
125,88,3931,2857,340,0
125,88,3931,2858,340,0
125,88,3931,2859,340,0
125,88,3932,2806,366,-18
125,88,3932,2806,366,-8
125,88,3932,2807,366,-18
125,88,3932,2807,366,0
125,88,3932,2846,366,-8
125,88,3932,2847,366,-18
125,88,3932,2859,340,0
125,88,3932,2861,366,0
125,88,3932,2862,366,0
125,88,3933,2807,366,-18
125,88,3933,2847,366,-18
125,88,3933,2862,366,0
125,88,3934,2848,445,-43
125,88,3934,2867,435,-246
125,88,3935,2792,366,0
125,88,3935,2795,366,0
125,88,3935,2813,366,0
125,88,3935,2823,366,0
125,88,3935,2844,366,0
125,88,3935,2852,366,0
125,88,3935,2867,366,0
125,88,3935,2870,366,0
125,88,3936,2861,392,0
125,88,3936,2862,392,0
125,88,3939,2788,414,0
125,88,3940,2788,414,0
125,88,3941,2779,429,257
125,88,3941,2788,418,0
125,88,3942,2788,418,0
125,88,3943,2788,418,0
125,88,3943,2852,418,0
125,88,3943,2857,418,0
125,88,3944,2767,429,257
125,88,3948,2781,500,0
125,88,3948,2852,444,0
125,88,3948,2859,444,0
125,88,3948,2883,500,0
125,88,3949,2763,378,326
125,88,3949,2884,471,-24
125,88,3950,2848,286,-28
125,88,3953,2762,361,345
125,88,3953,2766,371,335
125,88,3961,2855,418,0
125,88,3961,2858,418,0
125,88,3970,2805,209,200
125,88,3972,2794,218,228
125,88,3972,2797,350,105
125,88,3972,2843,104,0
125,88,3975,2805,80,194
125,88,3988,2801,387,76
125,88,3988,2803,0,-130
125,88,3989,2802,-116,-174
125,88,3990,2801,233,-285
125,88,3990,2802,-162,-132
125,88,3990,2803,-162,-86
125,88,3991,2797,177,-353
125,88,3992,2798,250,-305
125,88,3992,2798,299,-366
125,88,3993,2798,233,-350
125,88,3993,2799,-105,-210
125,88,3994,2797,132,-162
125,88,3994,2798,258,-332
125,88,3996,2801,-153,-146
125,88,3997,2791,111,-236
125,88,3997,2794,290,-374
125,88,4001,2789,265,-360
125,88,4002,2798,-58,-258
125,88,4004,2800,-23,-234
125,88,4005,2789,190,-285
125,88,4006,2801,44,-177
125,88,4010,2768,-315,130
125,88,4016,2795,130,259
125,88,4020,2798,0,0
125,88,4020,2798,48,19
125,88,4020,2798,166,-41
125,88,4020,2799,178,44
125,88,4020,2800,117,55
125,88,4020,2802,21,14
125,90,3928,2883,500,0
125,90,3929,2919,500,0
125,90,3931,2868,340,0
125,90,3931,2869,340,0
125,90,3931,2870,340,0
125,90,3931,2871,340,0
125,90,3931,2872,340,0
125,90,3931,2873,340,0
125,90,3931,2874,340,0
125,90,3931,2875,340,0
125,90,3931,2876,340,0
125,90,3931,2877,340,0
125,90,3931,2878,340,0
125,90,3931,2879,340,0
125,90,3931,2880,340,0
125,90,3931,2881,340,0
125,90,3931,2883,340,0
125,90,3931,2884,361,0
125,90,3932,2884,387,0
125,90,3932,2884,392,0
125,90,3934,2884,418,0
125,90,3935,2859,366,0
125,90,3935,2860,366,0
125,90,3935,2861,337,202
125,90,3935,2861,366,0
125,90,3935,2883,500,0
125,90,3935,2883,500,11
125,90,3936,2861,392,-20
125,90,3936,2861,392,-9
125,90,3936,2862,364,205
125,90,3936,2862,392,0
125,90,3937,2863,364,205
125,90,3938,2857,392,0
125,90,3938,2862,359,215
125,90,3939,2852,392,0
125,90,3941,2839,351,351
125,90,3942,2838,358,343
125,90,3943,2838,358,343
125,90,3945,2842,353,353
125,90,3948,2844,444,0
125,90,3948,2846,444,0
125,90,3950,2844,500,0
125,90,3950,2846,471,-24
125,90,3951,2844,471,0
125,90,3952,2840,471,0
125,90,3957,2829,345,361
125,90,3957,2830,361,345
125,90,3960,2930,353,-353
125,90,3962,2844,500,0
125,90,3962,2932,371,335
125,90,3963,2938,345,361
125,90,3963,2938,361,345
125,90,3964,2883,369,0
125,90,3966,2941,361,345
125,90,3967,2941,361,345
125,90,3968,2946,361,345
125,90,3970,2924,129,428
125,90,3971,2840,-266,325
125,90,3975,2811,156,474
125,90,3976,2811,156,474
125,90,3976,2838,-351,144
125,90,3976,2861,-446,43
125,90,3976,2938,345,361
125,90,3977,2918,125,-457
125,90,3978,2809,121,484
125,90,3978,2918,121,-484
125,90,3979,2840,-366,-35
125,90,3979,2947,488,-109
125,90,3981,2945,470,-167
125,90,3982,2864,-183,-223
125,90,3983,2839,76,387
125,90,3983,2866,-156,-141
125,90,3983,2939,179,-466
125,90,3986,2855,244,200
125,90,3987,2865,-103,20
125,90,3988,2837,0,421
125,90,3988,2855,0,26
125,90,3988,2858,0,276
125,90,3988,2860,-90,-219
125,90,3988,2860,0,130
125,90,3988,2862,0,-157
125,90,3988,2867,43,-29
125,90,3988,2867,46,-25
125,90,3988,2932,0,-500
125,90,3990,2859,173,-93
125,90,3990,2867,-2,-52
125,90,3991,2859,-65,-146
125,90,3991,2859,-37,-498
125,90,3991,2862,152,-101
125,90,3991,2862,419,31
125,90,3991,2865,15,-156
125,90,3991,2867,152,-42
125,90,3992,2859,-26,0
125,90,3992,2863,175,-263
125,90,3993,2859,-93,-47
125,90,3994,2859,-26,-2
125,90,3994,2859,0,0
125,90,3994,2860,-25,-5
125,90,3994,2860,43,-446
125,90,3995,2866,348,-187
125,90,3996,2859,-167,-74
125,90,3996,2860,11,77
125,90,3996,2860,35,-288
125,90,3997,2859,-21,14
125,90,3998,2861,271,-387
125,90,4000,2859,21,14
125,90,4002,2859,-23,12
125,90,4012,2860,61,-172
125,90,4015,2859,122,-317
125,90,4015,2860,82,-329
125,91,3928,2946,496,-60
125,91,3930,2945,496,-60
125,91,3931,2959,340,0
125,91,3933,2945,496,-60
125,91,3935,2921,416,277
125,91,3939,2911,332,332
125,91,3939,2913,332,332
125,91,3939,2914,332,332
125,91,3939,2914,340,325
125,91,3939,2924,416,277
125,91,3940,2873,332,332
125,91,3941,2877,353,353
125,91,3941,2917,358,343
125,91,3941,2917,368,333
125,91,3941,2963,497,-11
125,91,3942,2878,353,353
125,91,3942,2879,358,343
125,91,3942,2879,371,335
125,91,3942,2917,358,343
125,91,3942,2918,358,343
125,91,3943,2871,358,343
125,91,3943,2872,358,343
125,91,3943,2873,358,343
125,91,3943,2875,358,343
125,91,3943,2876,358,343
125,91,3943,2877,358,343
125,91,3943,2878,351,351
125,91,3943,2878,358,343
125,91,3943,2879,351,351
125,91,3943,2879,358,343
125,91,3943,2880,358,343
125,91,3943,2881,358,343
125,91,3943,2883,358,343
125,91,3943,2884,358,343
125,91,3943,2886,358,343
125,91,3943,2888,358,343
125,91,3943,2889,358,343
125,91,3943,2890,358,343
125,91,3943,2892,358,343
125,91,3943,2893,358,343
125,91,3943,2894,358,343
125,91,3943,2895,358,343
125,91,3943,2896,358,343
125,91,3943,2897,358,343
125,91,3943,2898,358,343
125,91,3943,2901,358,343
125,91,3943,2902,358,343
125,91,3943,2903,358,343
125,91,3943,2904,358,343
125,91,3943,2905,358,343
125,91,3943,2906,358,343
125,91,3943,2907,358,343
125,91,3943,2908,358,343
125,91,3943,2910,358,343
125,91,3943,2911,358,343
125,91,3943,2914,358,343
125,91,3943,2916,358,343
125,91,3943,2917,358,343
125,91,3943,2920,353,353
125,91,3943,2921,353,353
125,91,3946,2882,361,345
125,91,3947,2883,353,353
125,91,3947,2891,353,353
125,91,3947,2893,353,353
125,91,3947,2897,353,353
125,91,3947,2900,353,353
125,91,3947,2902,353,353
125,91,3947,2959,444,0
125,91,3952,2918,327,342
125,91,3955,2922,345,361
125,91,3957,2868,497,0
125,91,3962,2877,421,267
125,91,3966,2889,277,416
125,91,3967,2929,273,285
125,91,3968,2886,441,236
125,91,3968,2889,-97,490
125,91,3972,2884,421,267
125,91,3973,2874,121,484
125,91,3973,2895,156,474
125,91,3975,2884,132,482
125,91,3975,2907,148,449
125,91,3976,2862,441,236
125,91,3976,2884,158,445
125,91,3976,2912,132,480
125,91,3977,2891,-364,150
125,91,3977,2892,-364,150
125,91,3977,2917,136,451
125,91,3977,2924,141,396
125,91,3978,2905,118,431
125,91,3978,2907,114,458
125,91,3979,2907,97,490
125,91,3979,2912,103,462
125,91,3979,2951,-346,123
125,91,3980,2863,85,492
125,91,3980,2866,85,492
125,91,3980,2872,85,492
125,91,3980,2877,101,408
125,91,3980,2882,85,492
125,91,3980,2888,85,492
125,91,3980,2896,-165,202
125,91,3980,2909,101,408
125,91,3984,2842,121,484
125,91,3984,2895,-208,-20
125,91,3985,2842,121,484
125,91,3987,2849,121,484
125,91,3987,2896,234,317
125,91,3988,2850,0,500
125,91,3988,2897,-74,-138
126,40,3964,1289,354,88
126,40,3970,1303,236,-441
126,40,3972,1302,306,-394
126,40,3972,1306,500,0
126,40,3972,1307,148,-450
126,40,3973,1302,361,-345
126,40,3973,1304,148,-450
126,40,3975,1310,378,-280
126,40,3975,1311,361,-345
126,40,3976,1291,432,-192
126,40,3976,1312,371,-335
126,40,3976,1313,361,-345
126,40,3976,1313,441,-236
126,40,3977,1314,457,-126
126,40,3979,1316,277,-416
126,40,3982,1264,445,33
126,40,3982,1276,447,0
126,40,3982,1277,447,0
126,40,3982,1316,447,0
126,40,3983,1315,144,-478
126,40,3985,1291,447,10
126,40,3985,1303,302,-289
126,40,3986,1277,447,0
126,40,3986,1290,447,10
126,40,3986,1298,447,10
126,40,3986,1300,447,0
126,40,3986,1316,447,0
126,40,3986,1323,447,0
126,40,3988,1300,241,5
126,40,3988,1308,0,-500
126,40,3988,1308,121,-484
126,40,3990,1300,167,-313
126,40,3991,1300,335,-101
126,40,3992,1283,393,38
126,40,3992,1284,393,38
126,40,3992,1285,393,38
126,40,3992,1286,393,38
126,40,3992,1287,393,38
126,40,3994,1260,100,27
126,40,3994,1300,104,0
126,40,3999,1300,49,-17
126,40,3999,1300,73,-26
126,40,4001,1277,-258,299
126,40,4004,1295,-49,283
126,40,4005,1300,24,-9
126,40,4008,1300,9,24
126,40,4008,1300,21,14
126,40,4008,1300,22,-12
126,40,4009,1291,-23,234
126,40,4010,1300,-17,49
126,40,4011,1300,-20,48
126,40,4011,1300,0,0
126,40,4012,1264,-165,202
126,40,4014,1287,-242,-154
126,40,4015,1282,-293,-112
126,40,4015,1284,-234,-23
126,40,4015,1286,-208,-111
126,40,4015,1289,-212,-100
126,40,4016,1286,-198,-126
126,40,4016,1300,0,0
126,40,4018,1282,-141,-155
126,40,4019,1282,-86,-162
126,40,4021,1267,128,-25
126,40,4021,1326,15,158
126,42,3960,1357,500,-11
126,42,3972,1350,500,0
126,42,3975,1344,378,326
126,42,3976,1340,441,236
126,42,3982,1338,179,466
126,42,3982,1372,447,0
126,42,3984,1342,167,470
126,42,3985,1342,109,488
126,42,3986,1355,447,0
126,42,3986,1356,447,0
126,42,3986,1370,447,0
126,42,3986,1372,447,0
126,42,3986,1377,421,9
126,42,3986,1377,447,0
126,42,3986,1379,447,0
126,42,3989,1367,419,-31
126,42,3990,1362,412,-82
126,42,3991,1379,395,0
126,42,3992,1372,393,38
126,42,3994,1355,395,0
126,42,3998,1379,342,0
126,42,4010,1355,-104,0
126,42,4011,1355,-78,0
126,42,4012,1368,-242,-100
126,42,4012,1381,238,0
126,42,4013,1355,-1,-26
126,42,4013,1355,0,0
126,42,4013,1366,-257,-45
126,42,4017,1355,-196,-130
126,42,4018,1391,-20,203
126,44,3962,1444,500,0
126,44,3966,1411,500,0
126,44,3968,1381,482,132
126,44,3968,1384,498,48
126,44,3970,1382,484,121
126,44,3971,1379,500,0
126,44,3971,1382,484,121
126,44,3972,1379,500,0
126,44,3972,1380,466,179
126,44,3972,1381,500,0
126,44,3972,1407,497,-11
126,44,3973,1382,482,132
126,44,3973,1385,496,60
126,44,3973,1439,148,-450
126,44,3974,1379,500,0
126,44,3974,1439,402,-296
126,44,3975,1369,306,394
126,44,3975,1379,500,0
126,44,3975,1440,386,-316
126,44,3976,1374,441,236
126,44,3980,1378,361,345
126,44,3987,1370,497,0
126,44,3988,1374,372,248
126,44,3988,1387,408,101
126,44,3992,1408,393,38
126,44,3994,1372,319,274
126,44,3994,1373,319,274
126,44,3997,1364,265,360
126,44,3999,1369,266,325
126,44,4002,1379,259,223
126,44,4004,1384,0,-316
126,44,4005,1377,-349,186
126,44,4010,1389,-198,-242
126,44,4010,1395,287,14
126,44,4012,1392,-165,202
126,44,4013,1395,-242,-100
126,44,4013,1395,-126,198
126,44,4016,1391,444,53
126,44,4016,1391,445,43
126,44,4016,1392,445,43
126,44,4016,1394,-182,17
126,44,4017,1395,-128,-28
126,44,4020,1373,0,78
126,44,4020,1395,46,-22
126,44,4021,1395,0,-52
126,44,4021,1395,107,-5
126,44,4022,1387,-26,0
126,44,4022,1395,128,-35
126,44,4022,1395,156,-31
126,44,4022,1395,179,-49
126,44,4023,1388,-26,-263
126,44,4023,1392,57,-176
126,44,4023,1394,187,-100
126,44,4023,1395,128,-35
126,44,4023,1395,153,-42
126,44,4024,1389,-98,-126
126,44,4024,1389,-45,-260
126,44,4024,1393,125,-170
126,44,4025,1394,133,-128
126,44,4025,1395,130,-26
126,44,4025,1395,141,-75
126,44,4025,1395,156,-31
126,44,4026,1392,160,-242
126,44,4027,1392,187,-255
126,85,3972,2725,474,156
126,85,3972,2778,148,-450
126,85,3972,2781,478,-144
126,85,3972,2781,500,0
126,85,3972,2782,500,0
126,85,3976,2785,441,-236
126,85,3988,2785,377,-239
126,85,3992,2739,395,-9
126,85,3992,2742,393,38
126,85,3992,2746,393,38
126,85,3993,2785,325,-266
126,85,3994,2786,319,-275
126,85,3995,2741,369,-8
126,85,3996,2792,291,-339
126,85,3996,2793,283,-346
126,85,3997,2750,312,-283
126,85,4012,2776,98,328
126,85,4014,2779,256,137
126,85,4016,2763,-211,-21
126,85,4019,2761,-121,-80
126,85,4020,2778,310,-62
126,85,4023,2765,133,163
126,85,4025,2769,98,300
126,85,4025,2772,0,0
126,85,4058,2673,492,85
126,85,4061,2661,345,361
126,85,4063,2670,316,386
126,85,4064,2662,316,386
126,85,4065,2676,500,0
126,85,4067,2667,361,345
126,85,4069,2676,482,132
126,85,4069,2676,500,0
126,87,3967,2782,500,0
126,87,3972,2805,500,0
126,87,3972,2806,500,0
126,87,3972,2814,500,0
126,87,3974,2787,500,25
126,87,3975,2815,361,-345
126,87,3979,2821,224,-447
126,87,3980,2822,224,-447
126,87,3982,2781,447,0
126,87,3982,2785,473,0
126,87,3982,2788,447,0
126,87,3985,2810,224,-447
126,87,3986,2803,447,0
126,87,3986,2804,447,0
126,87,3986,2805,361,-345
126,87,3986,2809,191,-462
126,87,3987,2783,417,50
126,87,3990,2788,395,0
126,87,3991,2782,395,0
126,87,3991,2803,389,-47
126,87,3992,2791,393,38
126,87,3995,2782,369,0
126,87,3998,2745,266,325
126,87,3999,2745,266,325
126,87,4012,2769,-165,202
126,87,4013,2792,-242,100
126,87,4017,2764,-82,101
126,87,4018,2766,-152,-101
126,87,4019,2782,-75,72
126,87,4020,2763,0,-104
126,87,4020,2763,0,130
126,87,4020,2769,0,-104
126,87,4020,2771,46,-22
126,87,4020,2771,176,-48
126,87,4022,2771,128,-25
126,87,4023,2770,169,-75
126,87,4023,2771,176,-58
126,87,4024,2770,86,-130
126,87,4025,2763,25,5
126,87,4025,2766,-46,-207
126,87,4025,2768,76,-198
126,87,4025,2770,146,-153
126,89,3965,2863,366,44
126,89,3972,2858,500,0
126,89,3974,2877,421,-267
126,89,3976,2846,441,236
126,89,3976,2855,361,345
126,89,3976,2880,441,-236
126,89,3977,2845,474,156
126,89,3977,2868,500,0
126,89,3982,2842,179,466
126,89,3985,2846,85,492
126,89,3985,2861,438,87
126,89,3988,2849,0,500
126,89,3988,2851,0,500
126,89,3988,2852,0,500
126,89,3988,2852,121,484
126,89,3988,2853,0,500
126,89,3988,2856,0,353
126,89,3988,2859,0,314
126,89,3988,2874,201,-201
126,89,3988,2876,248,-75
126,89,3990,2862,414,72
126,89,3990,2862,416,62
126,89,3990,2867,173,-324
126,89,4001,2859,26,0
126,89,4007,2867,300,15
126,89,4007,2868,25,5
126,89,4008,2859,-130,0
126,89,4010,2859,-104,0
126,89,4012,2859,-78,0
126,89,4012,2859,0,0
126,89,4013,2860,0,-26
126,89,4014,2865,250,-82
126,89,4014,2867,-75,-23
126,89,4015,2859,128,-90
126,89,4016,2859,0,0
126,89,4016,2868,0,0
126,89,4017,2864,-174,57
126,89,4017,2868,-4,25
126,89,4018,2865,-130,12
126,89,4019,2859,-10,-24
126,89,4081,2933,-70,-468
