1,6,18,228,-174,-326
1,6,19,235,-99,-185
1,6,20,296,0,-500
1,6,49,130,74,494
1,6,105,265,-88,-133
1,6,105,271,-156,-474
1,6,107,239,0,204
1,6,108,232,-97,79
1,6,109,233,100,30
1,6,110,233,123,43
1,6,111,219,304,-203
1,6,111,235,18,75
1,6,111,236,-25,101
1,6,115,292,-224,-447
1,6,117,236,353,-107
1,6,124,157,-208,268
1,6,127,244,-437,-98
1,6,128,246,-266,-326
1,6,129,234,-266,-360
1,6,130,232,-274,-353
1,6,130,233,-283,-346
1,6,133,200,-157,0
1,6,133,215,-290,-374
1,6,134,253,-300,-366
1,6,134,260,-300,-366
1,6,135,216,-390,-161
1,6,135,217,-380,-179
1,6,135,223,-394,38
1,6,136,195,-128,-90
1,6,136,226,-353,-274
1,6,136,228,-421,0
1,6,136,239,-236,-441
1,6,137,209,-416,-62
1,6,137,209,-415,-72
1,6,137,211,-411,-92
1,6,138,208,-416,-62
1,6,138,216,-418,50
1,6,138,224,-419,41
1,6,138,225,-421,21
1,6,139,191,0,500
1,6,139,223,-418,50
1,6,139,229,-374,-290
1,6,139,231,-419,-41
1,6,139,244,-287,-408
1,6,139,244,-224,-447
1,6,139,244,-191,-462
1,6,139,245,-191,-462
1,6,139,245,0,-500
1,6,139,248,0,-500
1,6,139,249,0,-500
1,6,139,249,0,-497
1,6,139,253,0,-500
1,6,140,232,-359,-309
1,6,141,189,-447,0
1,6,141,197,-447,0
1,6,141,200,-447,0
1,6,141,203,-447,0
1,6,141,206,-447,-23
1,6,141,207,-446,-43
1,6,141,210,-441,-76
1,6,141,212,-447,0
1,6,141,216,-447,0
1,6,141,217,-447,0
1,6,141,218,-447,0
1,6,141,219,-447,10
1,6,141,220,-447,0
1,6,141,221,-447,0
1,6,141,222,-447,0
1,6,141,222,-446,33
1,6,141,223,-447,0
1,6,141,223,-446,33
1,6,141,224,-447,0
1,6,141,225,-447,0
1,6,141,225,-447,10
1,6,141,226,-447,0
1,6,141,227,-447,0
1,6,141,228,-447,0
1,6,141,229,-447,0
1,6,141,235,-447,0
1,6,141,249,-191,-462
1,6,142,197,-447,0
1,6,142,203,-447,0
1,6,142,215,-447,22
1,6,142,218,-447,0
1,6,142,221,-447,0
1,6,142,221,-447,22
1,6,142,222,-447,22
1,6,142,223,-447,0
1,6,142,224,-447,0
1,6,142,225,-447,0
1,6,142,225,-447,22
1,6,142,226,-447,0
1,6,142,228,-447,0
1,6,142,235,-447,0
1,6,143,235,-378,-326
1,6,143,254,-203,-457
1,6,145,228,-473,0
1,6,147,228,-444,0
1,6,147,238,-386,-316
1,6,149,215,-361,-345
1,6,149,216,-361,-345
1,6,149,222,-457,-126
1,6,149,222,-424,-212
1,6,149,223,-457,-126
1,6,150,190,-441,236
1,6,150,223,-345,-361
1,6,151,188,-490,97
1,6,151,190,-441,236
1,6,151,191,-441,236
1,6,151,192,-441,236
1,6,153,195,-447,224
1,6,154,191,-416,277
1,6,155,191,-421,267
1,6,156,194,-500,0
1,6,156,196,-500,0
1,6,156,197,-500,0
1,6,156,198,-500,0
1,6,156,199,-500,0
1,6,156,200,-500,0
1,6,156,202,-500,0
1,7,19,266,-50,-94
1,7,20,301,0,-447
1,7,108,230,101,82
1,7,110,234,-30,100
1,7,110,244,15,156
1,7,112,229,234,-23
1,7,113,218,60,147
1,7,113,230,-33,341
1,7,116,244,-244,101
1,7,122,244,-25,-7
1,7,122,294,-207,-367
1,7,126,226,-242,343
1,7,126,292,-198,-242
1,7,127,217,-258,332
1,7,127,217,-250,339
1,7,130,214,-274,353
1,7,131,225,-332,258
1,7,132,216,-224,447
1,7,132,284,-154,-98
1,7,133,261,-395,0
1,7,133,276,-378,-114
1,7,135,222,-353,274
1,7,135,223,-394,38
1,7,136,244,-331,209
1,7,137,277,-403,-121
1,7,138,224,-419,41
1,7,138,225,-421,21
1,7,138,228,-418,0
1,7,138,230,-421,-21
1,7,139,203,-500,0
1,7,139,221,-415,72
1,7,139,245,-150,-363
1,7,139,255,0,-500
1,7,139,258,0,-500
1,7,141,212,-447,0
1,7,141,215,-447,0
1,7,141,216,-447,0
1,7,141,217,-447,0
1,7,141,218,-447,0
1,7,141,220,-447,0
1,7,141,221,-447,0
1,7,141,222,-447,0
1,7,141,222,-446,33
1,7,141,223,-447,0
1,7,141,224,-447,0
1,7,141,225,-447,0
1,7,141,225,-447,10
1,7,141,226,-447,0
1,7,141,227,-447,0
1,7,141,228,-447,0
1,7,141,236,-447,0
1,7,141,240,-447,0
1,7,141,241,-447,22
1,7,141,243,-447,0
1,7,141,244,-447,0
1,7,141,248,-447,0
1,7,141,250,-447,0
1,7,141,253,-447,0
1,7,141,267,-447,0
1,7,142,212,-447,0
1,7,142,215,-447,0
1,7,142,216,-447,0
1,7,142,218,-447,0
1,7,142,220,-447,0
1,7,142,221,-447,0
1,7,142,222,-447,0
1,7,142,222,-447,22
1,7,142,223,-447,0
1,7,142,224,-447,0
1,7,142,225,-447,0
1,7,142,225,-447,22
1,7,142,226,-447,0
1,7,142,227,-447,0
1,7,142,244,-447,0
1,7,142,267,-447,0
1,7,143,213,-317,122
1,7,143,254,-203,-457
1,7,143,254,-191,-462
1,7,145,228,-473,0
1,7,145,229,-473,0
1,7,145,258,-203,-457
1,7,146,201,-488,109
1,7,146,259,-212,-451
1,7,146,280,-450,-148
1,7,147,262,-203,-457
1,7,148,258,-287,-408
1,7,148,261,-236,-441
1,7,148,261,-224,-447
1,7,149,216,-361,-345
1,7,149,222,-433,-192
1,7,149,222,-424,-212
1,7,149,223,-457,-126
1,7,149,224,-424,-212
1,7,151,200,-494,74
1,7,151,260,-441,-236
1,7,151,260,-306,-394
1,7,155,293,-405,-101
1,7,157,291,-488,-109
1,9,42,387,121,-484
1,9,46,268,500,0
1,9,48,269,500,-11
1,9,51,362,21,-421
1,9,51,366,22,-447
1,9,52,365,0,-447
1,9,52,366,0,-447
1,9,106,271,-21,-211
1,9,106,275,-25,-5
1,9,109,304,7,78
1,9,110,253,-74,332
1,9,115,308,-52,0
1,9,116,308,-25,-5
1,9,122,308,0,0
1,9,129,291,-369,0
1,9,131,253,-304,291
1,9,131,274,-183,8
1,9,132,311,-307,-321
1,9,133,293,-157,0
1,9,133,308,-157,0
1,9,134,268,-383,95
1,9,136,283,-130,0
1,9,137,270,-415,72
1,9,139,288,0,500
1,9,139,311,0,-444
1,9,139,319,0,-500
1,9,140,288,-109,488
1,9,140,289,-121,484
1,9,140,319,-74,-494
1,9,141,276,-447,0
1,9,141,278,-447,0
1,9,141,285,-447,0
1,9,141,290,-447,0
1,9,141,291,-447,0
1,9,142,278,-447,0
1,9,142,287,-277,416
1,9,142,291,-447,0
1,9,142,294,-267,421
1,9,142,350,-167,-470
1,9,143,284,-156,474
1,9,143,285,-167,470
1,9,143,295,-210,200
1,9,143,317,-179,-466
1,9,143,319,-203,-457
1,9,144,282,-144,478
1,9,144,318,-224,-447
1,9,144,318,-212,-451
1,9,144,322,-167,-470
1,9,145,278,-473,0
1,9,145,282,-179,466
1,9,145,283,-179,466
1,9,145,284,-473,0
1,9,145,284,-203,457
1,9,145,286,-212,451
1,9,145,322,-224,-447
1,9,145,323,-224,-447
1,9,145,326,-167,-470
1,9,146,283,-179,466
1,9,147,323,-224,-447
1,9,147,324,-224,-447
1,9,147,325,-224,-447
1,9,148,282,-277,416
1,9,148,324,-267,-421
1,9,148,357,-236,-441
1,9,150,283,-287,408
1,9,150,286,-441,236
1,9,150,297,-492,85
1,9,151,283,-441,236
1,9,151,285,-482,132
1,9,151,285,-441,236
1,9,151,286,-441,236
1,9,151,288,-441,236
1,9,151,288,-402,296
1,9,151,319,-378,-326
1,9,151,321,-441,-236
1,9,152,319,-371,-335
1,9,154,274,-457,-203
1,9,154,289,-500,0
1,9,154,294,-482,132
1,9,154,294,-474,156
1,9,154,296,-492,85
1,9,155,288,-500,0
1,9,155,292,-500,0
1,9,155,293,-500,0
1,9,155,296,-492,85
1,9,155,318,-421,-267
1,9,156,262,-224,447
1,9,156,264,-500,0
1,9,156,288,-500,0
1,9,156,288,-306,394
1,9,156,290,-500,0
1,9,156,291,-500,0
1,9,156,291,-381,281
1,9,156,294,-484,121
1,9,156,295,-490,97
1,9,157,291,-500,0
1,9,157,295,-490,97
1,9,158,310,-417,-31
1,9,159,294,-492,85
1,9,159,295,-492,85
1,9,159,308,-500,-11
1,33,61,1012,-500,0
1,33,109,1076,9,24
1,33,114,1076,0,0
1,33,114,1076,21,13
1,33,117,1076,-210,75
1,33,120,1068,-25,7
1,33,122,1067,-25,7
1,33,130,1121,-170,-162
1,33,131,1067,-183,0
1,33,137,1073,-416,-62
1,33,138,1073,-415,-72
1,33,139,1055,0,459
1,33,139,1065,0,183
1,33,139,1067,0,183
1,33,139,1067,0,236
1,33,141,1067,-447,0
1,33,141,1071,-446,-43
1,33,141,1073,-442,-66
1,33,141,1075,-447,0
1,33,141,1087,-97,-490
1,33,141,1099,-447,0
1,33,142,1091,-85,-492
1,33,143,1049,-132,482
1,33,143,1086,-203,-457
1,33,143,1086,-191,-462
1,33,146,1092,-179,-466
1,33,146,1093,-179,-466
1,33,147,1060,-386,316
1,33,151,1054,-441,236
1,33,151,1054,-361,345
1,33,151,1055,-441,236
1,33,152,1087,-378,-326
1,33,152,1088,-378,-326
1,33,154,1085,-335,-371
1,33,154,1089,-361,-345
1,33,155,1057,-435,246
1,33,155,1060,-492,85
1,33,155,1061,-478,144
1,33,156,1056,-361,345
1,33,156,1058,-500,0
1,33,156,1060,-500,0
1,33,156,1062,-478,144
1,33,156,1085,-500,0
1,33,158,1061,-474,156
1,35,111,1131,0,-26
1,35,116,1132,0,0
1,35,121,1131,-20,-16
1,35,126,1088,-203,203
1,35,131,1155,-342,0
1,35,135,1144,-421,0
1,35,138,1155,-421,0
1,35,138,1155,-395,0
1,35,139,1117,0,500
1,35,139,1118,0,444
1,35,139,1118,0,500
1,35,139,1131,-289,-21
1,35,139,1131,0,261
1,35,140,1121,-121,484
1,35,141,1108,-447,0
1,35,141,1116,-447,0
1,35,141,1131,-447,0
1,35,141,1132,-447,0
1,35,141,1139,-439,-87
1,35,141,1155,-447,0
1,35,142,1117,-447,0
1,35,142,1131,-447,0
1,35,142,1138,-447,0
1,35,142,1155,-421,0
1,35,142,1156,-447,0
1,35,142,1160,-447,0
1,35,145,1155,-473,0
1,35,145,1156,-473,0
1,35,145,1157,-473,0
1,35,149,1155,-473,0
1,35,151,1116,-490,97
1,35,151,1117,-441,236
1,35,151,1118,-441,236
1,35,151,1118,-361,345
1,35,151,1119,-441,236
1,35,152,1120,-361,345
1,35,156,1124,-224,447
1,35,156,1127,-500,0
1,35,156,1128,-500,0
1,35,156,1130,-500,0
1,37,100,1163,25,3
1,37,101,1171,-141,-75
1,37,102,1169,-130,-167
1,37,103,1171,-154,-42
1,37,104,1163,25,6
1,37,104,1170,-96,-124
1,37,105,1164,32,99
1,37,106,1171,-25,-5
1,37,107,1162,142,-253
1,37,107,1169,-181,-41
1,37,108,1167,-121,140
1,37,108,1170,133,3
1,37,108,1173,89,59
1,37,108,1185,-62,-175
1,37,109,1173,132,88
1,37,109,1174,132,88
1,37,114,1170,150,-184
1,37,116,1168,269,-162
1,37,117,1154,369,-18
1,37,118,1158,-244,101
1,37,118,1160,-212,0
1,37,120,1157,-309,145
1,37,120,1160,-238,0
1,37,120,1170,247,-237
1,37,122,1159,-336,66
1,37,124,1144,-182,287
1,37,124,1149,-208,268
1,37,124,1150,-233,315
1,37,124,1173,161,-390
1,37,127,1145,-258,332
1,37,128,1145,-258,332
1,37,129,1155,-318,234
1,37,136,1146,-339,291
1,37,137,1145,-339,291
1,37,137,1146,-346,283
1,37,137,1146,-339,291
1,37,138,1182,-419,-31
1,37,139,1155,-500,0
1,37,139,1162,-418,223
1,37,139,1204,0,-183
1,37,140,1206,-265,-324
1,37,140,1214,-37,-498
1,37,142,1191,-447,0
1,37,143,1147,-400,253
1,37,146,1219,-378,-326
1,37,149,1181,-473,0
1,37,153,1218,-345,-361
1,37,154,1155,-500,0
1,37,154,1158,-482,132
1,37,154,1158,-474,156
1,37,155,1155,-500,0
1,37,155,1157,-478,144
1,37,155,1157,-451,135
1,37,155,1158,-478,144
1,37,155,1160,-500,0
1,37,155,1170,-500,11
1,37,155,1210,-470,-167
1,37,155,1211,-457,-203
1,37,156,1155,-500,0
1,37,156,1155,-492,85
1,37,156,1155,-478,144
1,37,156,1156,-500,0
1,37,159,1160,-500,0
1,63,138,2013,-421,0
1,63,138,2027,-421,21
1,63,139,1995,-159,175
1,63,141,2010,-447,10
1,63,141,2012,-447,0
1,63,141,2013,-447,0
1,63,141,2035,-447,0
1,63,141,2036,-447,0
1,63,142,2018,-447,22
1,63,142,2020,-447,22
1,63,142,2022,-446,158
1,63,142,2036,-447,0
1,63,145,2012,-473,0
1,63,145,2013,-473,0
1,63,147,2021,-470,167
1,63,149,2012,-473,0
1,63,149,2013,-473,0
1,63,152,2048,-378,-326
1,63,154,2049,-361,-345
1,63,156,2037,-500,0
1,65,109,2100,128,89
1,65,111,2091,-185,0
1,65,117,2092,-14,-21
1,65,120,2131,387,-77
1,65,131,2115,-342,0
1,65,138,2115,-395,0
1,65,141,2091,-447,0
1,65,141,2115,-447,0
1,65,142,2081,-167,470
1,65,142,2091,-447,0
1,65,142,2098,-447,0
1,65,142,2115,-421,0
1,65,149,2113,-473,0
1,65,151,2079,-371,335
1,65,152,2079,-361,345
1,65,152,2080,-361,345
1,65,155,2081,-500,0
1,65,156,2088,-500,0
1,65,156,2090,-500,0
1,65,158,2085,-500,0
1,66,107,2096,0,0
1,66,108,2105,-32,126
1,66,108,2106,23,155
1,66,109,2108,108,147
1,66,110,2108,158,174
1,66,113,2132,0,0
1,66,131,2115,-342,0
1,66,135,2094,-316,386
1,66,136,2107,-346,283
1,66,137,2106,-339,291
1,66,138,2115,-395,0
1,66,139,2091,-500,0
1,66,139,2091,-451,212
1,66,140,2102,-359,308
1,66,140,2104,-366,299
1,66,141,2090,-361,345
1,66,141,2115,-447,0
1,66,142,2115,-421,0
1,66,144,2086,-378,326
1,66,144,2099,-378,326
1,66,145,2112,-473,0
1,66,146,2089,-488,109
1,66,147,2096,-378,326
1,66,148,2097,-386,316
1,66,149,2113,-473,0
1,66,151,2088,-494,74
1,66,151,2093,-441,236
1,66,152,2094,-394,306
1,66,153,2115,-500,0
1,66,160,2115,-500,0
1,91,28,2985,283,-346
1,91,100,3009,0,-500
1,91,100,3014,0,-500
1,91,107,2996,-361,-345
1,91,109,2932,-46,204
1,91,111,2987,-55,-364
1,91,114,2997,-353,-353
1,91,121,2927,-353,106
1,91,131,2929,130,-397
1,91,134,2943,-281,-63
1,91,137,2929,-111,-208
1,91,137,2989,-318,-351
1,91,138,2939,-421,0
1,91,139,2943,0,-500
1,91,141,2938,-447,10
1,91,141,2940,-447,0
1,91,141,2941,-447,0
1,91,141,2942,-447,0
1,91,141,2950,-447,0
1,91,141,2954,-447,0
1,91,141,2955,-447,0
1,91,142,2944,-121,-484
1,91,142,2954,-447,0
1,91,142,2955,-447,0
1,91,143,2946,-167,-470
1,91,144,2946,-179,-466
1,91,144,2946,-156,-474
1,91,144,2949,-144,-478
1,91,145,2949,-179,-466
1,91,145,2950,-179,-466
1,91,145,2950,-167,-470
1,91,146,2946,-224,-447
1,91,148,2946,-287,-408
1,91,148,2947,-277,-416
1,91,149,2941,-473,0
1,91,149,2942,-473,0
1,91,149,2944,-316,-386
1,91,152,2945,-361,-345
1,91,152,2948,-326,-378
1,91,154,2937,-474,-156
1,91,154,2942,-500,0
1,91,155,2938,-470,-167
1,91,155,2939,-462,-191
1,91,155,2940,-500,0
1,91,156,2919,-490,97
1,91,156,2940,-500,0
1,91,156,2940,-451,-212
1,91,156,2941,-500,0
1,91,156,2941,-488,109
1,91,156,2942,-500,0
1,91,156,2943,-500,0
1,91,156,2944,-500,0
1,94,108,3038,37,151
1,94,108,3038,61,115
1,94,108,3038,130,86
1,94,108,3039,37,151
1,94,108,3041,74,138
1,94,109,3022,-146,219
1,94,109,3044,67,165
1,94,111,3019,-128,-90
1,94,111,3019,0,-26
1,94,111,3019,40,-33
1,94,111,3037,198,125
1,94,113,3035,259,122
1,94,116,3019,2,-26
1,94,119,3019,-20,-16
1,94,122,3019,-340,0
1,94,125,3043,-185,0
1,94,129,3043,-316,0
1,94,131,3043,-342,0
1,94,132,2965,-292,339
1,94,132,3043,-342,0
1,94,134,3038,-395,-9
1,94,136,3019,-338,101
1,94,137,3042,-473,0
1,94,138,3043,-395,0
1,94,138,3044,-419,-31
1,94,139,3007,0,500
1,94,140,3015,-269,81
1,94,141,2996,-447,0
1,94,141,3019,-447,0
1,94,141,3042,-447,0
1,94,141,3043,-447,0
1,94,141,3076,-500,0
1,94,142,3009,-167,470
1,94,142,3019,-447,0
1,94,142,3026,-447,0
1,94,142,3041,-447,10
1,94,142,3042,-447,0
1,94,142,3043,-447,0
1,94,142,3043,-421,0
1,94,145,3044,-473,0
1,94,147,3012,-386,316
1,94,147,3043,-447,0
1,94,149,3041,-473,10
1,94,151,3006,-441,236
1,94,151,3043,-473,0
1,94,152,3005,-361,345
1,94,152,3008,-394,306
1,94,152,3008,-361,345
1,94,155,3068,-148,-450
1,94,155,3069,-361,-345
1,94,156,3014,-500,0
1,94,159,3042,-500,11
1,94,159,3043,-500,0
1,94,160,3042,-500,11
1,94,161,3042,-500,0
1,94,166,3042,-500,0
1,94,166,3043,-500,0
1,94,167,3042,-500,0
1,94,167,3042,-500,11
1,94,167,3043,-500,0
1,118,52,3723,0,500
1,118,52,3748,0,342
1,118,85,3710,0,369
1,118,106,3851,7,-340
1,118,106,3866,15,-208
1,118,107,3821,0,0
1,118,107,3843,0,-183
1,118,107,3855,0,-340
1,118,108,3819,28,-43
1,118,108,3825,-212,0
1,118,109,3812,115,61
1,118,110,3817,-117,176
1,118,111,3820,-20,102
1,118,116,3788,-14,-21
1,118,117,3787,0,-26
1,118,120,3787,-25,-5
1,118,120,3803,-290,0
1,118,123,3791,392,-48
1,118,125,3824,-212,-424
1,118,128,3787,-98,35
1,118,129,3811,-275,-319
1,118,130,3787,-78,0
1,118,130,3816,-281,-344
1,118,132,3785,-196,-10
1,118,133,3792,-230,5
1,118,133,3821,-300,-366
1,118,133,3844,-300,-366
1,118,134,3793,-387,-77
1,118,134,3796,-395,19
1,118,135,3785,-256,-51
1,118,135,3807,-394,38
1,118,135,3824,-316,-386
1,118,136,3810,-353,-274
1,118,136,3812,-346,-283
1,118,136,3823,-236,-441
1,118,137,3787,-196,0
1,118,137,3788,-198,370
1,118,137,3790,-198,370
1,118,137,3792,-416,-62
1,118,137,3793,-416,-62
1,118,137,3793,-415,-72
1,118,137,3794,-413,-82
1,118,137,3795,-411,-92
1,118,138,3792,-418,-51
1,118,138,3792,-416,-62
1,118,138,3808,-419,41
1,118,138,3809,-421,21
1,118,139,3773,0,500
1,118,139,3774,0,500
1,118,139,3807,-418,50
1,118,139,3808,-418,50
1,118,139,3813,-374,-290
1,118,139,3815,-419,-41
1,118,140,3783,-269,81
1,118,140,3816,-359,-309
1,118,140,3817,-359,-309
1,118,141,3773,-447,0
1,118,141,3778,-447,0
1,118,141,3787,-447,0
1,118,141,3788,-447,0
1,118,141,3789,-447,-10
1,118,141,3790,-447,-23
1,118,141,3790,-446,-33
1,118,141,3791,-446,-43
1,118,141,3793,-447,0
1,118,141,3796,-447,10
1,118,141,3798,-447,0
1,118,141,3798,-446,33
1,118,141,3800,-447,0
1,118,141,3801,-447,0
1,118,141,3802,-447,0
1,118,141,3803,-447,0
1,118,141,3804,-447,0
1,118,141,3805,-447,0
1,118,141,3806,-447,0
1,118,141,3806,-446,33
1,118,141,3807,-447,0
1,118,141,3807,-446,33
1,118,141,3808,-447,0
1,118,141,3809,-447,0
1,118,141,3809,-447,10
1,118,141,3810,-447,0
1,118,141,3810,-447,10
1,118,141,3811,-447,0
1,118,141,3813,-447,0
1,118,141,3819,-447,0
1,118,141,3831,-296,-402
1,118,142,3752,-425,139
1,118,142,3778,-447,0
1,118,142,3787,-447,0
1,118,142,3799,-447,22
1,118,142,3802,-447,0
1,118,142,3803,-447,0
1,118,142,3803,-447,22
1,118,142,3805,-447,0
1,118,142,3805,-447,22
1,118,142,3806,-447,22
1,118,142,3807,-447,0
1,118,142,3808,-447,0
1,118,142,3809,-447,0
1,118,142,3809,-447,22
1,118,142,3810,-447,0
1,118,142,3811,-447,0
1,118,143,3819,-378,-326
1,118,145,3792,-472,-46
1,118,146,3791,-472,-35
1,118,147,3780,-386,316
1,118,147,3822,-386,-316
1,118,148,3797,-361,-345
1,118,148,3821,-361,-345
1,118,148,3823,-378,-326
1,118,149,3799,-387,-272
1,118,149,3806,-424,-212
1,118,149,3806,-361,-345
1,118,149,3807,-457,-126
1,118,151,3772,-490,97
1,118,151,3772,-441,236
1,118,151,3773,-441,236
1,118,151,3774,-441,236
1,118,151,3775,-441,236
1,118,152,3774,-474,156
1,118,153,3776,-402,296
1,118,154,3774,-500,0
1,118,155,3776,-441,236
1,118,155,3777,-435,246
1,118,155,3782,-482,132
1,118,155,3783,-482,132
1,118,156,3776,-148,449
1,118,156,3782,-500,0
1,118,156,3784,-500,0
1,118,156,3785,-500,0
1,118,156,3786,-500,0
1,118,159,3781,-482,132
1,118,165,3814,-340,7
1,119,105,3852,-74,110
1,119,108,3851,-19,-155
1,119,109,3802,-146,219
1,119,109,3867,-159,0
1,119,110,3800,121,-293
1,119,111,3809,-196,-81
1,119,111,3817,-7,316
1,119,117,3833,-182,258
1,119,122,3828,-26,0
1,119,122,3828,-25,-7
1,119,123,3827,-234,317
1,119,124,3812,-242,343
1,119,124,3887,-154,-307
1,119,127,3801,-258,332
1,119,127,3859,-437,-98
1,119,129,3797,-266,360
1,119,130,3798,-274,353
1,119,131,3828,-183,0
1,119,132,3800,-224,447
1,119,133,3824,-182,13
1,119,133,3854,-156,-15
1,119,135,3807,-394,38
1,119,136,3791,-236,441
1,119,136,3803,-346,283
1,119,137,3811,-421,0
1,119,138,3806,-421,21
1,119,138,3808,-419,41
1,119,138,3809,-421,21
1,119,138,3866,-404,-190
1,119,139,3780,0,500
1,119,139,3785,0,500
1,119,139,3787,-500,0
1,119,139,3787,-402,296
1,119,139,3787,-224,447
1,119,139,3807,-418,50
1,119,139,3831,0,-302
1,119,139,3832,0,-444
1,119,139,3839,-37,-498
1,119,139,3839,0,-500
1,119,140,3782,-488,109
1,119,141,3796,-447,0
1,119,141,3798,-447,0
1,119,141,3799,-447,0
1,119,141,3802,-447,0
1,119,141,3803,-447,0
1,119,141,3804,-447,0
1,119,141,3805,-447,0
1,119,141,3806,-447,0
1,119,141,3806,-446,33
1,119,141,3807,-447,0
1,119,141,3808,-447,0
1,119,141,3809,-447,0
1,119,141,3809,-447,10
1,119,141,3810,-447,0
1,119,141,3810,-447,10
1,119,141,3811,-447,0
1,119,141,3825,-447,22
1,119,141,3826,-447,0
1,119,141,3827,-447,0
1,119,141,3828,-447,0
1,119,141,3833,-447,0
1,119,141,3834,-447,0
1,119,141,3836,-447,0
1,119,141,3838,-447,0
1,119,141,3840,-447,0
1,119,141,3842,-447,0
1,119,141,3847,-447,0
1,119,141,3848,-447,0
1,119,141,3851,-447,0
1,119,142,3796,-447,0
1,119,142,3800,-447,22
1,119,142,3802,-447,22
1,119,142,3803,-447,22
1,119,142,3804,-447,0
1,119,142,3805,-447,0
1,119,142,3806,-447,0
1,119,142,3806,-447,22
1,119,142,3807,-447,0
1,119,142,3808,-447,0
1,119,142,3809,-447,0
1,119,142,3809,-447,22
1,119,142,3810,-447,0
1,119,142,3811,-447,0
1,119,142,3828,-447,0
1,119,142,3839,-447,-10
1,119,142,3851,-447,0
1,119,143,3839,-179,-466
1,119,144,3842,-156,-474
1,119,144,3863,-325,-98
1,119,146,3785,-488,109
1,119,146,3846,-191,-462
1,119,147,3781,-402,296
1,119,147,3844,-224,-447
1,119,149,3806,-424,-212
1,119,149,3807,-457,-126
1,119,149,3860,-306,-394
1,119,150,3842,-441,-236
1,119,151,3784,-494,74
1,119,151,3843,-441,-236
1,119,151,3844,-441,-236
1,119,156,3830,-500,0
1,121,110,3892,181,21
1,121,115,3883,14,-21
1,121,115,3890,-206,35
1,121,129,3875,-369,0
1,121,129,3883,-290,0
1,121,130,3902,-152,101
1,121,133,3868,-157,0
1,121,133,3880,-157,-3
1,121,133,3886,-326,-217
1,121,135,3847,-390,161
1,121,137,3889,-148,-277
1,121,138,3875,-421,0
1,121,139,3868,0,500
1,121,139,3870,0,500
1,121,139,3872,0,500
1,121,139,3893,0,-444
1,121,139,3903,0,-500
1,121,141,3861,-447,0
1,121,141,3867,-447,0
1,121,141,3868,-447,0
1,121,141,3868,-85,492
1,121,141,3875,-447,0
1,121,141,3876,-447,0
1,121,141,3877,-447,0
1,121,141,3904,-97,-490
1,121,142,3872,-167,470
1,121,142,3872,-97,490
1,121,142,3875,-447,0
1,121,142,3878,-267,421
1,121,142,3878,-246,435
1,121,142,3891,-447,0
1,121,142,3909,-121,-484
1,121,143,3869,-167,470
1,121,143,3897,-287,-408
1,121,143,3902,-203,-457
1,121,144,3866,-156,474
1,121,145,3864,-167,470
1,121,145,3867,-212,451
1,121,145,3867,-179,466
1,121,145,3868,-473,0
1,121,145,3870,-212,451
1,121,145,3876,-473,0
1,121,145,3889,-473,0
1,121,145,3906,-224,-447
1,121,146,3865,-191,462
1,121,146,3867,-179,466
1,121,147,3876,-386,316
1,121,148,3870,-296,402
1,121,149,3879,-457,203
1,121,149,3905,-296,-402
1,121,150,3868,-277,416
1,121,150,3872,-500,0
1,121,151,3869,-500,0
1,121,151,3870,-441,236
1,121,152,3902,-402,-296
1,121,154,3873,-500,0
1,121,154,3874,-500,0
1,121,154,3878,-474,156
1,121,154,3880,-492,85
1,121,155,3872,-500,0
1,121,155,3873,-500,0
1,121,155,3878,-482,132
1,121,155,3879,-488,109
1,121,155,3880,-492,85
1,121,155,3881,-496,60
1,121,156,3875,-500,0
1,121,156,3875,-457,203
1,121,156,3875,-381,281
1,121,156,3876,-361,345
1,121,156,3878,-484,121
1,121,156,3879,-490,97
1,121,156,3880,-496,60
1,121,156,3885,-484,121
1,121,157,3875,-500,0
1,121,157,3878,-484,121
1,121,157,3879,-490,97
1,121,158,3876,-500,0
1,121,159,3879,-492,85
1,121,159,3880,-498,48
1,121,159,3880,-494,74
1,121,159,3885,-488,109
1,121,160,3876,-500,0
1,121,163,3876,-500,0
1,121,164,3884,-484,121
1,121,165,3876,-500,0
1,121,166,3883,-488,109
2,3,28,168,291,-339
2,3,41,97,0,0
2,3,42,57,52,147
2,3,85,53,11,235
2,3,107,180,0,-500
2,3,110,154,-107,-151
2,3,123,141,98,148
2,3,126,151,-190,285
2,3,128,148,0,0
2,3,129,140,187,100
2,3,129,151,-160,361
2,3,129,151,-151,365
2,3,130,147,-150,337
2,3,130,148,-20,-16
2,3,131,141,-88,132
2,3,131,144,-197,279
2,3,131,148,22,-13
2,3,132,142,-384,230
2,3,132,144,-162,302
2,3,132,144,-154,306
2,3,132,148,8,369
2,3,132,148,22,-13
2,3,132,148,26,0
2,3,132,148,46,62
2,3,132,148,58,390
2,3,133,141,-263,175
2,3,133,146,-177,353
2,3,133,148,-24,9
2,3,133,148,69,35
2,3,133,148,198,371
2,3,134,140,-94,50
2,3,134,141,-347,123
2,3,134,141,-88,132
2,3,134,142,-256,63
2,3,134,147,-38,393
2,3,134,148,26,0
2,3,134,148,97,138
2,3,134,189,-335,-371
2,3,135,140,-116,105
2,3,135,141,-113,108
2,3,135,142,-48,176
2,3,135,148,-199,371
2,3,135,148,23,-12
2,3,135,148,23,312
2,3,136,142,-19,129
2,3,136,143,128,214
2,3,136,144,15,208
2,3,136,144,20,208
2,3,136,144,26,180
2,3,136,148,-23,69
2,3,136,148,23,-12
2,3,136,148,23,315
2,3,136,148,26,0
2,3,137,140,-121,99
2,3,137,140,-105,116
2,3,137,142,-104,25
2,3,137,142,17,177
2,3,137,143,10,209
2,3,137,146,-100,-187
2,3,137,146,13,276
2,3,137,147,13,276
2,3,137,148,0,0
2,3,137,148,11,235
2,3,137,148,17,342
2,3,138,140,-5,236
2,3,138,140,6,51
2,3,138,141,-31,180
2,3,138,142,-157,-142
2,3,138,142,17,182
2,3,138,145,-390,161
2,3,138,147,6,287
2,3,138,148,0,250
2,3,138,148,10,473
2,3,138,148,182,102
2,3,139,143,0,157
2,3,139,144,0,183
2,3,139,146,0,235
2,3,139,147,6,20
2,3,139,148,-24,-10
2,3,139,148,0,26
2,3,139,148,0,78
2,3,139,149,0,-207
2,3,139,151,-69,-167
2,3,139,153,0,0
2,3,139,154,-10,-24
2,3,139,154,0,-316
2,3,139,158,0,-26
2,3,139,161,0,-26
2,3,139,162,0,-52
2,3,139,177,0,-261
2,3,139,180,0,-500
2,3,139,190,0,-500
2,3,139,199,0,-500
2,3,139,200,0,-500
2,3,140,139,208,-20
2,3,140,141,129,-16
2,3,140,146,-46,-207
2,3,140,159,-25,-210
2,3,141,140,-196,-59
2,3,141,140,155,23
2,3,141,158,-46,-207
2,3,142,139,217,89
2,3,142,143,119,138
2,3,143,163,-91,-303
2,3,144,165,-91,-303
2,3,145,160,372,248
2,3,145,162,372,248
2,3,145,185,-121,-484
2,3,145,190,-109,-488
2,3,145,191,-109,-488
2,3,146,61,-107,353
2,3,146,190,-121,-484
2,3,146,193,-132,-482
2,3,146,195,-121,-484
2,3,146,195,-109,-488
2,3,147,164,-123,-375
2,3,147,193,-132,-482
2,3,148,168,-141,-396
2,3,148,194,-132,-482
2,3,148,197,-121,-484
2,3,148,199,-121,-484
2,3,149,156,419,41
2,3,149,168,-141,-396
2,3,149,172,-140,-425
2,3,149,196,-121,-484
2,3,150,74,-130,0
2,3,151,145,174,325
2,3,151,171,-160,-417
2,3,152,74,-154,26
2,3,152,171,-182,-409
2,3,152,173,-171,-414
2,3,152,196,-156,-474
2,3,153,171,-151,-320
2,3,153,174,-181,-438
2,3,154,107,-78,0
2,3,154,173,-192,-433
2,3,154,174,-192,-433
2,3,155,73,-208,20
2,3,156,177,-287,-408
2,3,158,124,-237,17
2,3,159,106,-234,17
2,3,160,124,-185,17
2,3,160,183,0,-500
2,3,166,121,-391,58
2,3,168,170,-500,0
2,3,169,117,-130,0
2,3,170,122,-419,41
2,3,171,100,-421,0
2,3,173,100,-421,0
2,3,174,100,-447,0
2,3,176,121,-446,43
2,3,177,123,-473,0
2,3,179,172,-361,-345
2,3,181,65,-345,361
2,3,181,100,-473,0
2,3,181,123,-473,0
2,3,181,123,-473,10
2,3,181,152,-345,-361
2,3,181,161,-361,-345
2,3,181,173,-361,-345
2,3,182,151,-361,-345
2,3,182,165,-361,-345
2,3,182,173,-361,-345
2,3,183,151,-361,-345
2,3,183,154,-353,-353
2,3,183,159,-353,-353
2,3,183,163,-353,-353
2,3,183,172,-353,-353
2,3,183,175,-353,-353
2,3,185,147,-345,-361
2,3,185,154,-359,-344
2,3,185,155,-359,-344
2,3,185,156,-344,-359
2,3,185,157,-359,-344
2,3,185,157,-334,-369
2,3,185,158,-359,-344
2,3,185,159,-359,-344
2,3,185,160,-359,-344
2,3,185,161,-359,-344
2,3,185,163,-359,-344
2,3,185,164,-359,-344
2,3,185,166,-359,-344
2,3,185,166,-351,-351
2,3,185,167,-359,-344
2,3,185,167,-351,-351
2,3,185,168,-359,-344
2,3,185,177,-359,-344
2,3,186,100,-500,0
2,3,186,141,-353,-353
2,3,186,154,-369,-334
2,3,186,154,-359,-344
2,3,186,157,-351,-351
2,3,186,161,-351,-351
2,3,186,162,-351,-351
2,3,186,165,-351,-351
2,3,186,166,-351,-351
2,3,186,167,-371,-335
2,3,186,167,-351,-351
2,3,187,148,-408,-287
2,3,187,154,-369,-334
2,3,187,155,-369,-334
2,3,189,102,-495,-37
2,3,189,122,-500,25
2,3,189,122,-498,37
2,3,189,123,-500,0
2,3,189,124,-500,0
2,3,189,132,-500,0
2,3,189,156,-500,0
2,3,191,151,-408,-287
2,3,192,151,-408,-287
2,3,193,100,-500,0
2,3,198,100,-500,0
2,3,198,123,-500,0
2,3,198,125,-500,0
2,3,198,132,-500,0
2,3,199,100,-500,0
2,3,199,121,-500,25
2,3,199,122,-500,11
2,3,199,123,-500,0
2,3,199,124,-500,0
2,3,199,129,-500,25
2,3,199,131,-500,0
2,3,199,132,-500,0
2,3,200,100,-500,0
2,3,200,120,-498,48
2,3,200,131,-500,0
2,3,201,123,-500,11
2,5,107,207,-115,-62
2,5,107,208,-25,-5
2,5,107,212,0,0
2,5,107,219,0,-26
2,5,107,245,0,-473
2,5,109,204,-154,-98
2,5,111,223,275,174
2,5,117,215,-183,-225
2,5,117,218,-212,-301
2,5,118,206,78,-221
2,5,123,212,-14,290
2,5,123,223,-233,-285
2,5,124,227,-234,-318
2,5,125,204,128,25
2,5,126,215,-190,285
2,5,127,205,-7,78
2,5,127,231,-171,-232
2,5,128,239,-300,-366
2,5,129,204,-7,78
2,5,129,208,69,210
2,5,129,208,73,223
2,5,130,233,-283,-346
2,5,131,224,-347,256
2,5,132,226,-358,264
2,5,133,209,-137,185
2,5,133,209,-132,161
2,5,133,212,62,280
2,5,133,216,74,332
2,5,134,205,116,173
2,5,134,206,-48,176
2,5,134,206,66,-141
2,5,134,210,44,257
2,5,135,208,-442,66
2,5,136,207,-84,219
2,5,136,207,15,208
2,5,137,204,-121,99
2,5,137,205,-80,207
2,5,137,205,-70,169
2,5,137,205,-66,170
2,5,137,205,-19,195
2,5,137,207,10,209
2,5,137,208,12,248
2,5,137,209,15,300
2,5,137,209,18,247
2,5,137,212,14,287
2,5,137,213,0,314
2,5,138,204,-58,86
2,5,138,207,-17,182
2,5,138,208,10,209
2,5,139,204,0,52
2,5,139,207,7,157
2,5,139,213,0,379
2,5,139,216,80,357
2,5,140,206,-432,-119
2,5,140,214,202,121
2,5,140,219,250,141
2,5,140,223,-202,337
2,5,141,194,-212,451
2,5,141,217,224,134
2,5,141,217,242,129
2,5,141,220,247,148
2,5,147,252,-132,-482
2,5,150,122,-151,365
2,5,158,139,-266,325
2,5,158,199,-114,-64
2,5,162,125,-418,223
2,5,163,195,-287,0
2,5,165,243,-277,-416
2,5,167,134,-377,189
2,5,167,239,-345,-361
2,5,168,120,-188,254
2,5,168,164,-335,371
2,5,169,125,-418,223
2,5,170,242,-345,-361
2,5,171,127,-377,239
2,5,171,189,-444,0
2,5,171,242,-345,-361
2,5,171,243,-353,-353
2,5,171,243,-345,-361
2,5,171,243,-335,-371
2,5,172,244,-353,-353
2,5,172,244,-345,-361
2,5,172,245,-353,-353
2,5,173,133,-442,169
2,5,173,190,-392,0
2,5,173,245,-353,-353
2,5,174,245,-353,-353
2,5,175,244,-353,-353
2,5,176,193,-471,0
2,5,176,197,-471,0
2,5,176,198,-471,0
2,5,176,199,-471,0
2,5,176,200,-471,0
2,5,176,202,-471,0
2,5,177,226,-471,23
2,5,178,225,-471,23
2,5,178,226,-471,23
2,5,178,246,-361,-345
2,5,180,189,-444,0
2,5,180,196,-444,0
2,5,180,199,-444,0
2,5,181,160,-473,0
2,5,181,164,-473,0
2,5,183,218,-431,-107
2,5,183,221,-444,10
2,5,183,222,-444,10
2,5,183,223,-444,10
2,5,186,206,-382,-229
2,5,186,207,-394,-237
2,5,186,207,-382,-229
2,5,186,208,-351,-351
2,5,186,231,-351,-351
2,5,187,185,-418,0
2,5,187,187,-417,30
2,5,187,189,-418,0
2,5,187,190,-418,-21
2,5,187,190,-417,-31
2,5,187,190,-417,30
2,5,187,191,-418,-21
2,5,187,191,-417,-41
2,5,187,191,-417,30
2,5,187,192,-417,-41
2,5,187,192,-417,30
2,5,187,193,-417,30
2,5,187,193,-415,-50
2,5,187,194,-417,30
2,5,187,194,-414,-62
2,5,187,194,-412,-72
2,5,187,195,-417,30
2,5,187,196,-417,30
2,5,187,197,-417,30
2,5,187,198,-417,30
2,5,187,199,-418,0
2,5,187,199,-417,30
2,5,187,200,-417,30
2,5,187,201,-417,30
2,5,187,207,-387,-219
2,5,187,215,-364,-298
2,5,187,217,-418,0
2,5,187,219,-418,0
2,5,187,220,-418,0
2,5,187,221,-418,0
2,5,187,222,-418,0
2,5,188,132,-500,0
2,5,189,195,-492,-85
2,5,190,188,-392,0
2,5,190,189,-500,0
2,5,190,191,-392,-9
2,5,190,196,-383,-85
2,5,190,209,-377,-213
2,5,190,209,-360,-216
2,5,190,210,-392,8
2,5,190,211,-353,-224
2,5,191,177,-478,144
2,5,191,187,-392,19
2,5,191,188,-421,0
2,5,191,188,-392,0
2,5,191,188,-392,19
2,5,191,191,-392,-20
2,5,191,191,-392,-9
2,5,191,192,-391,-29
2,5,191,209,-392,19
2,5,191,209,-364,-206
2,5,191,211,-392,0
2,5,191,211,-353,-224
2,5,191,214,-392,0
2,5,191,214,-392,19
2,5,192,202,-500,0
2,5,193,136,-500,0
2,5,193,189,-500,0
2,5,193,197,-359,-71
2,5,193,211,-337,-202
2,5,194,188,-366,0
2,5,194,191,-366,-8
2,5,194,209,-366,0
2,5,195,185,-366,0
2,5,195,186,-366,18
2,5,195,188,-395,0
2,5,195,188,-366,0
2,5,195,188,-366,18
2,5,195,189,-366,0
2,5,195,189,-366,18
2,5,195,190,-366,-8
2,5,195,190,-366,18
2,5,195,191,-366,-18
2,5,195,191,-366,-8
2,5,195,191,-366,18
2,5,195,191,-365,-27
2,5,195,192,-366,18
2,5,195,192,-365,-35
2,5,195,192,-365,-27
2,5,195,193,-366,-8
2,5,195,193,-366,18
2,5,195,193,-365,-35
2,5,195,193,-363,-44
2,5,195,194,-366,18
2,5,195,194,-362,-54
2,5,195,195,-366,18
2,5,195,195,-362,-54
2,5,195,195,-360,-63
2,5,195,196,-366,18
2,5,195,197,-366,18
2,5,195,198,-366,18
2,5,195,199,-366,0
2,5,195,199,-366,18
2,5,195,200,-366,18
2,5,195,205,-366,-8
2,5,195,208,-366,0
2,5,196,176,-478,144
2,5,196,177,-478,144
2,5,196,178,-478,144
2,5,196,188,-361,0
2,5,196,190,-340,-8
2,5,196,204,-369,-142
2,5,197,188,-361,0
2,5,197,189,-340,0
2,5,197,190,-340,0
2,5,197,192,-339,-25
2,5,197,193,-340,0
2,5,197,194,-340,0
2,5,197,194,-336,-50
2,5,197,195,-340,0
2,5,197,195,-336,-50
2,5,197,196,-340,0
2,5,197,197,-340,0
2,5,197,198,-340,0
2,5,197,199,-340,0
2,5,197,200,-340,0
2,5,197,201,-340,0
2,5,197,202,-500,0
2,5,197,202,-340,0
2,5,198,148,-500,0
2,5,198,164,-500,0
2,5,198,189,-500,0
2,5,198,190,-447,0
2,5,198,198,-369,0
2,5,199,189,-500,0
2,5,199,189,-471,0
2,5,199,197,-492,-85
2,5,200,164,-500,0
2,5,200,189,-500,0
2,8,80,302,-153,178
2,8,107,220,-311,137
2,8,123,225,179,-49
2,8,123,237,-91,-220
2,8,124,242,103,-155
2,8,125,234,-217,-362
2,8,128,237,-211,-333
2,8,129,226,-115,-350
2,8,129,241,-266,-255
2,8,131,239,-372,-132
2,8,133,236,-128,-165
2,8,133,238,-250,-339
2,8,133,301,0,104
2,8,136,302,-66,170
2,8,136,303,-17,182
2,8,136,308,26,0
2,8,137,300,-121,99
2,8,137,300,-115,61
2,8,137,300,72,108
2,8,137,301,-70,169
2,8,137,303,8,183
2,8,137,304,10,209
2,8,138,300,-119,53
2,8,139,300,0,52
2,8,139,300,0,235
2,8,139,300,7,78
2,8,139,301,86,130
2,8,139,308,0,0
2,8,139,308,0,78
2,8,139,308,0,104
2,8,139,315,0,-26
2,8,141,301,-175,-53
2,8,145,213,-92,411
2,8,147,324,-142,-283
2,8,147,325,-135,-285
2,8,148,328,-154,-307
2,8,150,317,419,41
2,8,156,280,-238,0
2,8,156,280,-212,0
2,8,156,289,-130,0
2,8,156,290,-130,0
2,8,158,211,-500,0
2,8,158,282,-184,22
2,8,158,284,-154,-27
2,8,159,281,-211,20
2,8,162,282,-263,19
2,8,165,282,-290,14
2,8,167,214,-500,0
2,8,167,280,-418,0
2,8,167,285,-418,0
2,8,168,229,-500,-25
2,8,168,278,-418,0
2,8,168,279,-418,0
2,8,168,307,-405,-101
2,8,169,289,-418,0
2,8,170,315,-400,-201
2,8,171,317,-267,-421
2,8,173,278,-495,36
2,8,173,289,-447,-10
2,8,173,289,-392,0
2,8,176,266,-471,0
2,8,176,279,-471,0
2,8,176,282,-471,0
2,8,176,283,-471,0
2,8,176,285,-471,0
2,8,176,287,-471,0
2,8,176,289,-471,0
2,8,176,289,-469,-46
2,8,176,325,-267,-421
2,8,178,219,-471,10
2,8,178,220,-471,10
2,8,178,221,-471,10
2,8,178,249,-471,23
2,8,178,250,-471,23
2,8,178,263,-471,23
2,8,178,267,-471,23
2,8,178,272,-471,23
2,8,178,287,-471,23
2,8,179,284,-444,0
2,8,180,289,-444,0
2,8,182,213,-416,277
2,8,182,291,-498,-37
2,8,182,292,-498,-37
2,8,183,222,-444,10
2,8,183,284,-444,22
2,8,183,291,-500,0
2,8,184,284,-418,0
2,8,185,228,-418,0
2,8,186,227,-433,9
2,8,186,230,-344,358
2,8,186,231,-334,368
2,8,186,240,-344,358
2,8,187,226,-417,30
2,8,187,243,-417,30
2,8,187,244,-417,30
2,8,187,245,-417,30
2,8,187,246,-417,30
2,8,187,247,-417,30
2,8,187,248,-417,30
2,8,187,249,-417,30
2,8,187,250,-417,30
2,8,187,251,-417,30
2,8,187,252,-417,30
2,8,187,253,-417,30
2,8,187,254,-417,30
2,8,187,255,-417,30
2,8,187,256,-417,30
2,8,187,257,-417,30
2,8,187,258,-417,30
2,8,187,259,-417,30
2,8,187,260,-417,30
2,8,187,261,-417,30
2,8,187,262,-417,30
2,8,187,263,-417,30
2,8,187,264,-417,30
2,8,187,265,-417,30
2,8,187,266,-417,30
2,8,187,267,-417,30
2,8,187,268,-417,30
2,8,187,269,-417,30
2,8,187,270,-417,30
2,8,187,271,-417,30
2,8,187,272,-417,30
2,8,187,273,-417,30
2,8,187,274,-417,30
2,8,187,275,-417,30
2,8,187,276,-417,30
2,8,187,277,-417,30
2,8,187,278,-417,30
2,8,187,279,-417,30
2,8,187,280,-417,30
2,8,187,281,-417,30
2,8,187,282,-417,30
2,8,187,283,-417,30
2,8,187,284,-418,0
2,8,187,284,-417,30
2,8,187,286,-418,-21
2,8,187,286,-417,30
2,8,187,287,-417,30
2,8,187,288,-417,30
2,8,187,289,-417,30
2,8,187,291,-444,0
2,8,187,291,-418,-21
2,8,188,284,-490,97
2,8,188,294,-418,0
2,8,189,228,-392,0
2,8,189,291,-500,0
2,8,189,293,-417,-31
2,8,190,224,-441,53
2,8,190,281,-392,0
2,8,190,288,-392,0
2,8,190,289,-392,8
2,8,190,291,-471,0
2,8,190,293,-392,0
2,8,191,282,-392,-9
2,8,191,284,-392,19
2,8,191,288,-392,0
2,8,191,289,-392,8
2,8,191,289,-392,19
2,8,191,291,-471,0
2,8,192,283,-492,85
2,8,192,283,-490,97
2,8,192,284,-366,0
2,8,192,285,-500,0
2,8,193,291,-500,0
2,8,194,258,-366,0
2,8,194,281,-366,0
2,8,194,288,-366,0
2,8,194,289,-366,0
2,8,194,289,-366,8
2,8,194,289,-366,18
2,8,194,290,-366,0
2,8,194,292,-366,0
2,8,194,293,-366,0
2,8,195,240,-366,0
2,8,195,241,-366,18
2,8,195,242,-366,18
2,8,195,243,-366,18
2,8,195,244,-366,18
2,8,195,245,-366,18
2,8,195,246,-366,18
2,8,195,247,-366,18
2,8,195,248,-366,18
2,8,195,249,-366,18
2,8,195,250,-366,18
2,8,195,251,-366,18
2,8,195,252,-366,18
2,8,195,253,-366,18
2,8,195,254,-366,18
2,8,195,255,-366,18
2,8,195,256,-366,18
2,8,195,257,-366,18
2,8,195,258,-366,18
2,8,195,259,-366,18
2,8,195,260,-366,18
2,8,195,261,-366,18
2,8,195,262,-366,18
2,8,195,263,-366,18
2,8,195,264,-366,18
2,8,195,265,-366,18
2,8,195,266,-366,18
2,8,195,267,-366,18
2,8,195,268,-366,0
2,8,195,268,-366,18
2,8,195,269,-366,18
2,8,195,270,-366,18
2,8,195,271,-366,18
2,8,195,272,-366,18
2,8,195,273,-366,18
2,8,195,274,-366,18
2,8,195,275,-366,18
2,8,195,276,-366,18
2,8,195,277,-366,18
2,8,195,278,-366,18
2,8,195,279,-366,18
2,8,195,280,-366,18
2,8,195,281,-366,18
2,8,195,282,-366,18
2,8,195,283,-366,18
2,8,195,284,-366,0
2,8,195,284,-366,18
2,8,195,285,-366,18
2,8,195,286,-366,-8
2,8,195,286,-366,18
2,8,195,287,-366,18
2,8,195,288,-366,18
2,8,195,291,-366,-8
2,8,196,284,-340,0
2,8,196,285,-340,0
2,8,196,290,-340,0
2,8,196,291,-392,0
2,8,196,291,-366,0
2,8,196,294,-366,0
2,8,197,243,-340,0
2,8,197,253,-340,0
2,8,197,256,-340,0
2,8,197,260,-340,0
2,8,197,266,-340,0
2,8,197,278,-340,0
2,8,197,279,-340,0
2,8,197,280,-340,0
2,8,197,281,-340,0
2,8,197,282,-490,97
2,8,197,282,-340,0
2,8,197,283,-492,85
2,8,197,283,-340,0
2,8,197,284,-500,0
2,8,197,284,-340,0
2,8,197,285,-500,0
2,8,197,285,-340,0
2,8,197,286,-340,0
2,8,197,287,-340,0
2,8,197,288,-340,0
2,8,197,289,-391,-38
2,8,197,289,-340,0
2,8,197,290,-340,0
2,8,197,291,-366,0
2,8,197,294,-366,-18
2,8,198,282,-490,97
2,8,198,291,-500,0
2,8,198,292,-500,0
2,8,199,291,-500,0
2,8,200,291,-500,0
2,10,33,334,25,1
2,10,66,409,-345,-361
2,10,107,304,-60,145
2,10,117,299,-26,-2
2,10,122,299,-121,-293
2,10,122,307,-87,-130
2,10,127,300,-26,1
2,10,128,299,-26,0
2,10,128,299,-24,9
2,10,128,299,-23,11
2,10,128,299,23,10
2,10,128,299,26,-1
2,10,128,299,217,-362
2,10,129,299,26,0
2,10,129,299,82,-95
2,10,129,299,97,-37
2,10,129,300,-233,-285
2,10,129,300,-19,-17
2,10,129,300,-16,-20
2,10,129,300,0,0
2,10,129,307,182,-36
2,10,130,299,77,-105
2,10,130,299,80,-103
2,10,130,301,-217,-265
2,10,130,301,-24,-10
2,10,130,301,-24,-9
2,10,131,299,21,13
2,10,131,307,171,-71
2,10,132,299,22,12
2,10,132,299,22,13
2,10,132,299,130,0
2,10,132,300,-409,-182
2,10,133,299,28,-233
2,10,133,305,-53,-175
2,10,133,307,-153,33
2,10,134,307,-180,-108
2,10,134,307,-111,-111
2,10,135,299,23,12
2,10,135,299,69,-35
2,10,135,299,130,0
2,10,135,303,204,-167
2,10,135,305,-61,-172
2,10,136,299,1,-26
2,10,136,299,23,11
2,10,136,302,191,-183
2,10,136,305,-61,-172
2,10,136,307,-116,-105
2,10,136,307,121,-99
2,10,137,306,69,-169
2,10,137,307,-162,-86
2,10,137,307,-119,-102
2,10,137,307,-42,-66
2,10,138,299,40,-67
2,10,138,306,-414,-171
2,10,138,307,-353,177
2,10,138,307,-26,0
2,10,139,293,-5,25
2,10,139,295,-5,25
2,10,139,299,-24,9
2,10,139,299,51,-91
2,10,139,300,0,0
2,10,139,307,156,15
2,10,140,294,-259,51
2,10,140,298,-15,20
2,10,142,291,-298,-298
2,10,143,298,191,90
2,10,144,309,208,20
2,10,147,283,-418,223
2,10,147,303,129,129
2,10,147,313,367,35
2,10,148,276,-98,325
2,10,151,251,-156,474
2,10,151,267,-137,453
2,10,153,314,78,0
2,10,155,341,-201,-400
2,10,157,275,-494,-74
2,10,157,345,-224,-418
2,10,157,345,-212,-424
2,10,158,302,316,-386
2,10,161,282,-500,0
2,10,161,287,-500,-25
2,10,162,277,-498,-37
2,10,166,278,-500,0
2,10,166,279,-500,0
2,10,167,278,-500,0
2,10,167,280,-500,-25
2,10,169,280,-500,0
2,10,171,280,-497,0
2,10,171,281,-497,0
2,10,171,300,-411,92
2,10,172,280,-497,0
2,10,172,281,-500,0
2,10,173,356,-447,0
2,10,175,298,-433,108
2,10,175,299,-437,97
2,10,176,283,-471,-11
2,10,177,283,-471,10
2,10,177,285,-500,0
2,10,177,285,-471,-11
2,10,178,282,-471,10
2,10,178,287,-471,-11
2,10,178,291,-500,0
2,10,179,284,-444,0
2,10,179,285,-444,0
2,10,179,287,-471,-11
2,10,179,291,-500,0
2,10,180,296,-500,0
2,10,181,288,-444,0
2,10,181,289,-444,0
2,10,181,291,-500,0
2,10,181,295,-498,37
2,10,181,296,-498,-37
2,10,182,285,-490,97
2,10,182,288,-444,0
2,10,182,289,-444,22
2,10,184,286,-418,0
2,10,184,291,-471,0
2,10,184,291,-444,0
2,10,185,290,-418,0
2,10,185,290,-359,343
2,10,185,290,-351,351
2,10,185,291,-471,0
2,10,185,291,-444,0
2,10,185,291,-351,351
2,10,185,292,-359,343
2,10,185,292,-351,351
2,10,185,293,-359,343
2,10,185,293,-351,351
2,10,185,294,-359,343
2,10,185,294,-351,351
2,10,185,295,-359,343
2,10,185,295,-351,351
2,10,185,296,-359,343
2,10,185,296,-351,351
2,10,185,297,-359,343
2,10,185,297,-351,351
2,10,185,298,-359,343
2,10,185,298,-351,351
2,10,185,299,-359,343
2,10,185,299,-351,351
2,10,185,300,-359,343
2,10,185,300,-351,351
2,10,185,301,-359,343
2,10,185,301,-351,351
2,10,185,302,-359,343
2,10,185,302,-351,351
2,10,185,303,-359,343
2,10,185,303,-351,351
2,10,185,304,-359,343
2,10,185,304,-351,351
2,10,185,305,-359,343
2,10,185,305,-351,351
2,10,185,306,-351,351
2,10,185,307,-359,343
2,10,185,308,-359,343
2,10,185,308,-351,351
2,10,185,319,-451,212
2,10,186,271,-344,358
2,10,186,286,-496,60
2,10,186,289,-418,21
2,10,186,290,-418,0
2,10,186,291,-418,0
2,10,186,292,-418,0
2,10,187,284,-490,97
2,10,187,289,-418,21
2,10,187,291,-500,0
2,10,187,291,-444,0
2,10,187,291,-418,0
2,10,187,294,-418,0
2,10,188,284,-490,97
2,10,188,285,-492,85
2,10,188,287,-340,325
2,10,188,288,-340,325
2,10,188,289,-340,325
2,10,188,290,-340,325
2,10,188,291,-500,0
2,10,188,291,-444,0
2,10,188,291,-418,0
2,10,188,291,-340,325
2,10,188,292,-500,0
2,10,188,292,-340,325
2,10,188,293,-340,325
2,10,188,294,-418,0
2,10,188,294,-340,325
2,10,188,295,-340,325
2,10,188,296,-340,325
2,10,188,297,-340,325
2,10,188,298,-340,325
2,10,188,299,-340,325
2,10,188,300,-340,325
2,10,188,301,-340,325
2,10,188,302,-340,325
2,10,188,305,-340,325
2,10,189,284,-492,85
2,10,189,284,-488,109
2,10,189,285,-492,85
2,10,189,286,-470,57
2,10,189,289,-392,8
2,10,189,290,-392,0
2,10,189,290,-392,8
2,10,189,291,-500,0
2,10,189,292,-500,0
2,10,189,294,-418,-10
2,10,189,294,-418,0
2,10,189,352,-500,0
2,10,190,284,-494,74
2,10,190,284,-492,85
2,10,190,284,-490,97
2,10,190,285,-494,74
2,10,190,289,-371,335
2,10,190,295,-371,335
2,10,190,296,-371,335
2,10,191,284,-494,74
2,10,191,285,-494,74
2,10,191,293,-500,0
2,10,198,356,-500,0
2,10,199,352,-500,0
2,11,69,440,306,-394
2,11,75,451,132,-482
2,11,79,418,-34,-353
2,11,80,425,-371,-198
2,11,84,404,160,-242
2,11,84,427,-485,0
2,11,84,427,-407,0
2,11,87,445,-82,-413
2,11,90,427,-500,0
2,11,92,427,-402,-296
2,11,94,429,-484,-121
2,11,95,439,-335,-371
2,11,96,331,89,-54
2,11,97,440,-345,-361
2,11,99,427,-485,0
2,11,131,330,-190,-404
2,11,139,317,0,209
2,11,139,327,-24,9
2,11,139,329,-26,-2
2,11,139,329,-26,-1
2,11,139,335,0,0
2,11,139,336,0,0
2,11,139,337,-74,-138
2,11,139,338,-160,-300
2,11,139,338,-74,-138
2,11,139,339,-74,-138
2,11,139,339,0,-130
2,11,140,288,-109,488
2,11,140,289,-121,484
2,11,141,343,152,101
2,11,142,353,239,159
2,11,143,280,-144,478
2,11,143,317,-48,498
2,11,143,351,282,188
2,11,145,328,-348,69
2,11,146,365,338,33
2,11,147,285,-132,482
2,11,147,302,-85,492
2,11,148,293,-121,484
2,11,149,286,-121,484
2,11,149,338,-129,428
2,11,150,283,-132,482
2,11,150,338,0,287
2,11,152,316,-144,478
2,11,152,326,-144,478
2,11,153,284,-121,484
2,11,153,366,-276,0
2,11,154,336,-192,432
2,11,154,348,-227,322
2,11,155,327,-167,470
2,11,156,316,-361,345
2,11,156,330,-277,416
2,11,156,345,-242,343
2,11,156,346,-242,343
2,11,156,351,-96,123
2,11,157,346,-242,343
2,11,158,333,-172,200
2,11,158,342,-189,180
2,11,158,347,-266,325
2,11,159,319,-441,236
2,11,159,339,-230,384
2,11,159,345,-258,332
2,11,159,345,-250,339
2,11,159,346,-266,325
2,11,159,347,-158,174
2,11,160,331,-195,215
2,11,160,335,-194,249
2,11,160,345,-266,325
2,11,161,336,-335,371
2,11,161,341,-272,386
2,11,161,341,-266,360
2,11,161,347,-275,319
2,11,162,316,-266,360
2,11,162,329,-212,234
2,11,163,330,-326,378
2,11,163,331,-326,378
2,11,163,334,-345,361
2,11,163,334,-291,304
2,11,163,335,-345,361
2,11,163,337,-345,361
2,11,163,343,-309,358
2,11,164,342,-318,351
2,11,165,330,-300,332
2,11,165,334,-287,408
2,11,165,338,-290,373
2,11,165,366,-326,-217
2,11,167,329,-361,345
2,11,167,332,-361,345
2,11,167,361,-395,-9
2,11,168,327,-318,351
2,11,168,337,-345,361
2,11,169,330,-335,371
2,11,169,335,-345,361
2,11,169,337,-335,371
2,11,169,369,-148,-277
2,11,170,324,-277,416
2,11,170,330,-345,361
2,11,170,348,-421,0
2,11,170,361,-421,0
2,11,170,366,-416,62
2,11,171,292,-217,294
2,11,171,324,-335,371
2,11,171,325,-361,345
2,11,171,329,-345,361
2,11,171,332,-345,361
2,11,171,334,-345,361
2,11,171,335,-345,361
2,11,171,359,-421,150
2,11,171,362,-419,-31
2,11,171,374,-70,-400
2,11,171,376,0,-444
2,11,171,383,0,-500
2,11,171,383,0,-444
2,11,171,384,-224,-447
2,11,171,384,-167,-470
2,11,171,384,-148,-450
2,11,171,384,0,-444
2,11,171,385,0,-500
2,11,171,386,0,-500
2,11,172,331,-287,408
2,11,172,362,-387,271
2,11,173,364,-437,97
2,11,174,323,-353,353
2,11,174,324,-353,353
2,11,174,331,-353,353
2,11,174,332,-353,353
2,11,175,320,-345,361
2,11,175,320,-335,371
2,11,175,322,-353,353
2,11,175,323,-353,353
2,11,175,324,-371,335
2,11,175,325,-353,353
2,11,175,326,-371,335
2,11,175,329,-353,353
2,11,175,330,-353,353
2,11,175,330,-335,371
2,11,175,332,-353,353
2,11,175,383,-335,-371
2,11,176,324,-277,416
2,11,176,328,-361,345
2,11,176,335,-361,345
2,11,176,360,-148,449
2,11,177,357,-473,0
2,11,177,375,-457,-203
2,11,178,318,-361,345
2,11,178,318,-353,353
2,11,178,319,-353,353
2,11,178,320,-353,353
2,11,178,321,-353,353
2,11,178,322,-371,335
2,11,178,322,-353,353
2,11,178,324,-353,353
2,11,178,325,-361,345
2,11,178,326,-353,353
2,11,178,327,-335,371
2,11,178,347,-345,361
2,11,178,355,-500,0
2,11,179,320,-287,408
2,11,179,325,-361,345
2,11,180,323,-361,345
2,11,180,355,-361,345
2,11,180,363,-361,345
2,11,181,315,-353,353
2,11,181,316,-353,353
2,11,181,317,-353,353
2,11,181,318,-353,353
2,11,181,319,-353,353
2,11,181,319,-287,408
2,11,181,321,-353,353
2,11,181,322,-353,353
2,11,181,323,-353,353
2,11,181,323,-345,361
2,11,181,333,-345,361
2,11,181,354,-361,345
2,11,181,354,-335,371
2,11,181,354,-316,386
2,11,181,355,-361,345
2,11,181,355,-335,371
2,11,182,305,-361,345
2,11,182,305,-353,353
2,11,182,315,-353,353
2,11,182,316,-287,408
2,11,182,317,-378,326
2,11,182,322,-361,345
2,11,182,322,-353,353
2,11,182,335,-353,353
2,11,182,337,-353,353
2,11,182,343,-361,345
2,11,182,343,-335,371
2,11,182,350,-361,345
2,11,182,354,-361,345
2,11,183,322,-361,345
2,11,184,311,-351,351
2,11,184,319,-351,351
2,11,184,329,-353,353
2,11,184,330,-345,361
2,11,184,331,-353,353
2,11,184,386,-345,-361
2,11,185,310,-359,343
2,11,185,310,-351,351
2,11,185,311,-359,343
2,11,185,311,-351,351
2,11,185,312,-359,343
2,11,185,312,-351,351
2,11,185,313,-359,343
2,11,185,313,-351,351
2,11,185,314,-359,343
2,11,185,314,-351,351
2,11,185,315,-359,343
2,11,185,315,-351,351
2,11,185,316,-359,343
2,11,185,316,-351,351
2,11,185,317,-359,343
2,11,185,317,-351,351
2,11,185,318,-361,345
2,11,185,318,-359,343
2,11,185,318,-351,351
2,11,185,319,-359,343
2,11,185,319,-351,351
2,11,185,319,-344,358
2,11,185,320,-351,351
2,11,185,320,-344,358
2,11,185,321,-359,343
2,11,185,321,-351,351
2,11,185,322,-359,343
2,11,185,322,-351,351
2,11,185,322,-334,368
2,11,185,323,-359,343
2,11,185,323,-351,351
2,11,185,324,-359,343
2,11,185,324,-351,351
2,11,185,325,-359,343
2,11,185,325,-351,351
2,11,185,327,-353,353
2,11,185,331,-353,353
2,11,185,332,-353,353
2,11,185,332,-345,361
2,11,186,303,-344,358
2,11,186,307,-344,358
2,11,186,310,-359,343
2,11,186,311,-344,358
2,11,186,314,-344,358
2,11,186,317,-345,361
2,11,186,318,-359,343
2,11,186,318,-344,358
2,11,186,319,-334,368
2,11,186,320,-334,368
2,11,186,324,-351,351
2,11,186,325,-359,343
2,11,186,328,-378,326
2,11,186,332,-345,361
2,11,186,351,-371,335
2,11,186,377,-474,-156
2,11,186,383,-394,-306
2,11,187,316,-333,332
2,11,187,317,-359,343
2,11,187,318,-359,343
2,11,187,325,-369,333
2,11,187,325,-359,343
2,11,187,328,-386,316
2,11,187,375,-492,-85
2,11,187,384,-402,-296
2,11,188,308,-340,325
2,11,188,309,-340,325
2,11,188,310,-371,335
2,11,188,310,-340,325
2,11,188,312,-340,325
2,11,188,315,-340,325
2,11,188,315,-333,332
2,11,188,316,-340,325
2,11,188,319,-340,325
2,11,188,320,-340,325
2,11,188,321,-340,325
2,11,188,322,-340,325
2,11,188,325,-351,351
2,11,188,330,-394,306
2,11,188,332,-408,287
2,11,189,328,-394,306
2,11,189,352,-500,0
2,11,189,377,-482,-132
2,11,190,309,-371,335
2,11,190,310,-371,335
2,11,190,312,-371,335
2,11,190,313,-371,335
2,11,190,314,-371,335
2,11,190,315,-371,335
2,11,190,319,-371,335
2,11,190,324,-378,326
2,11,190,329,-402,296
2,11,190,331,-416,277
2,11,190,379,-474,-156
2,11,192,329,-408,287
2,11,193,352,-500,0
2,11,193,356,-500,0
2,11,193,360,-500,0
2,11,194,366,-492,85
2,11,195,368,-419,41
2,11,198,348,-500,0
2,11,198,352,-500,0
2,11,198,355,-500,0
2,11,198,356,-500,0
2,11,198,360,-500,0
2,11,198,365,-490,97
2,11,199,352,-500,0
2,32,126,1068,-7,78
2,32,129,1076,10,51
2,32,131,1071,71,31
2,32,131,1076,26,-1
2,32,132,1072,70,33
2,32,133,1076,6,51
2,32,134,1074,-31,315
2,32,134,1076,0,0
2,32,134,1076,14,21
2,32,134,1076,23,12
2,32,135,1070,-70,169
2,32,135,1076,0,0
2,32,135,1076,22,12
2,32,135,1076,26,0
2,32,136,1068,8,-183
2,32,136,1070,-70,169
2,32,136,1071,-79,221
2,32,136,1072,-98,237
2,32,136,1076,0,0
2,32,137,1068,-217,96
2,32,137,1068,-132,198
2,32,137,1068,-130,195
2,32,137,1068,-121,99
2,32,137,1069,-73,191
2,32,137,1069,-50,121
2,32,137,1070,-92,239
2,32,137,1072,10,209
2,32,137,1073,11,235
2,32,137,1075,20,282
2,32,137,1076,-14,-50
2,32,137,1076,0,0
2,32,137,1076,17,342
2,32,137,1076,18,369
2,32,137,1076,23,-12
2,32,137,1076,111,176
2,32,138,1068,-81,66
2,32,138,1068,-41,32
2,32,138,1068,6,51
2,32,138,1070,2,130
2,32,138,1070,23,155
2,32,138,1074,5,259
2,32,139,1069,49,92
2,32,139,1077,-25,7
2,32,139,1080,-16,-20
2,32,139,1082,-10,-24
2,32,139,1085,0,-26
2,32,141,1072,-95,-215
2,32,141,1073,-295,105
2,32,142,1078,183,8
2,32,145,1065,338,-33
2,32,146,1089,315,30
2,32,148,1096,-141,-396
2,32,149,1100,-140,-425
2,32,150,1099,-160,-417
2,32,156,1092,-121,-400
2,32,159,981,-418,223
2,32,165,975,-345,361
2,32,168,1045,-361,345
2,32,173,1109,-353,-353
2,32,175,989,-498,-37
2,32,176,1065,-471,0
2,32,176,1066,-471,0
2,32,177,1085,-353,-353
2,32,178,1090,-471,23
2,32,179,996,-500,0
2,32,179,1060,-444,0
2,32,180,1025,-353,353
2,32,182,1085,-444,22
2,32,182,1086,-444,22
2,32,183,1087,-444,10
2,32,183,1091,-353,-353
2,32,186,1077,-351,-351
2,32,186,1091,-351,-351
2,32,186,1095,-351,-351
2,32,187,1051,-417,30
2,32,187,1052,-417,30
2,32,187,1054,-417,30
2,32,187,1055,-418,-21
2,32,187,1055,-417,30
2,32,187,1056,-418,0
2,32,187,1056,-417,30
2,32,187,1057,-417,30
2,32,187,1058,-417,30
2,32,187,1059,-417,30
2,32,187,1060,-417,30
2,32,187,1061,-417,30
2,32,187,1062,-417,30
2,32,187,1063,-417,30
2,32,187,1064,-417,30
2,32,187,1065,-417,30
2,32,187,1072,-418,0
2,32,187,1082,-417,30
2,32,189,996,-500,0
2,32,189,1059,-392,0
2,32,189,1075,-392,0
2,32,190,1074,-392,8
2,32,191,1073,-392,19
2,32,191,1077,-392,19
2,32,193,1000,-500,0
2,32,193,1059,-366,0
2,32,193,1068,-490,97
2,32,193,1075,-366,0
2,32,194,1055,-366,-8
2,32,194,1072,-394,29
2,32,195,1050,-366,18
2,32,195,1051,-366,18
2,32,195,1052,-366,18
2,32,195,1053,-366,18
2,32,195,1054,-366,18
2,32,195,1055,-366,-8
2,32,195,1055,-366,18
2,32,195,1056,-366,0
2,32,195,1056,-366,18
2,32,195,1057,-366,18
2,32,195,1058,-366,18
2,32,195,1059,-366,18
2,32,195,1060,-366,18
2,32,195,1061,-366,18
2,32,195,1062,-366,18
2,32,195,1063,-366,18
2,32,195,1064,-366,18
2,32,195,1072,-366,0
2,32,195,1073,-366,18
2,32,196,1041,-478,144
2,32,196,1042,-478,144
2,32,196,1052,-466,0
2,32,196,1060,-340,0
2,32,197,1057,-340,0
2,32,197,1058,-340,0
2,32,197,1060,-340,0
2,32,197,1061,-340,0
2,32,197,1062,-340,0
2,32,197,1065,-340,0
2,32,197,1066,-340,0
2,32,199,1052,-500,0
2,32,200,1053,-500,0
2,34,107,1071,-25,6
2,34,107,1072,-23,12
2,34,114,1149,0,26
2,34,120,1075,115,-62
2,34,120,1075,176,-48
2,34,120,1135,202,165
2,34,121,1074,86,-130
2,34,122,1134,170,119
2,34,123,1074,141,-116
2,34,125,1133,224,79
2,34,129,1138,-205,307
2,34,130,1071,-18,-185
2,34,131,1134,116,173
2,34,131,1134,151,144
2,34,132,1074,-146,-153
2,34,132,1075,-164,-87
2,34,132,1132,121,99
2,34,133,1075,-154,-42
2,34,134,1138,-25,260
2,34,135,1074,-303,-162
2,34,135,1133,86,130
2,34,135,1134,101,152
2,34,136,1132,134,71
2,34,136,1134,17,182
2,34,137,1133,-70,169
2,34,137,1133,98,148
2,34,138,1072,-36,-206
2,34,138,1073,15,-103
2,34,138,1074,-7,-78
2,34,138,1075,-23,-12
2,34,138,1075,-23,-11
2,34,139,1051,0,274
2,34,139,1067,0,-78
2,34,139,1067,0,0
2,34,140,1073,112,-144
2,34,140,1118,86,57
2,34,141,1075,127,-28
2,34,145,1082,-235,0
2,34,147,1052,-324,264
2,34,159,1113,-155,180
2,34,162,1086,-170,162
2,34,166,1040,-345,361
2,34,166,1116,-418,0
2,34,167,1130,-418,0
2,34,170,1116,-444,0
2,34,172,1127,-429,-257
2,34,176,1126,-471,0
2,34,176,1130,-471,0
2,34,178,1075,-471,23
2,34,178,1081,-471,23
2,34,178,1082,-471,23
2,34,178,1085,-471,23
2,34,178,1087,-471,23
2,34,178,1093,-471,23
2,34,178,1100,-471,23
2,34,178,1102,-471,23
2,34,178,1107,-471,23
2,34,178,1128,-471,23
2,34,179,1116,-444,0
2,34,179,1158,-471,-11
2,34,180,1053,-500,0
2,34,180,1073,-314,15
2,34,180,1089,-353,353
2,34,180,1126,-444,0
2,34,180,1155,-500,0
2,34,180,1155,-471,0
2,34,181,1053,-500,0
2,34,181,1132,-427,-256
2,34,181,1153,-444,0
2,34,181,1155,-500,0
2,34,183,1129,-444,22
2,34,184,1116,-418,0
2,34,185,1134,-429,-257
2,34,185,1134,-405,-242
2,34,186,1056,-340,41
2,34,186,1135,-405,-242
2,34,186,1135,-375,-238
2,34,187,1058,-417,30
2,34,187,1059,-418,0
2,34,187,1075,-417,30
2,34,187,1077,-417,30
2,34,187,1078,-417,30
2,34,187,1079,-417,30
2,34,187,1080,-417,30
2,34,187,1081,-417,30
2,34,187,1082,-417,30
2,34,187,1083,-417,30
2,34,187,1084,-417,30
2,34,187,1085,-417,30
2,34,187,1086,-417,30
2,34,187,1087,-417,30
2,34,187,1088,-417,30
2,34,187,1090,-417,30
2,34,187,1091,-417,30
2,34,187,1093,-417,30
2,34,187,1094,-417,30
2,34,187,1095,-417,30
2,34,187,1096,-417,30
2,34,187,1098,-417,30
2,34,187,1099,-417,30
2,34,187,1100,-417,30
2,34,187,1102,-417,30
2,34,187,1103,-417,30
2,34,187,1104,-417,30
2,34,187,1106,-417,30
2,34,187,1108,-417,30
2,34,187,1109,-417,30
2,34,187,1110,-417,30
2,34,187,1112,-417,30
2,34,187,1113,-417,30
2,34,187,1114,-417,30
2,34,187,1116,-418,0
2,34,187,1116,-417,30
2,34,187,1118,-418,-21
2,34,187,1118,-417,30
2,34,187,1119,-417,30
2,34,187,1120,-417,30
2,34,187,1121,-417,30
2,34,187,1122,-417,30
2,34,187,1123,-417,30
2,34,187,1124,-417,30
2,34,187,1125,-417,30
2,34,187,1126,-417,30
2,34,187,1127,-418,0
2,34,187,1127,-417,30
2,34,187,1128,-417,30
2,34,187,1129,-417,30
2,34,188,1060,-392,0
2,34,189,1060,-392,0
2,34,189,1138,-353,-224
2,34,189,1144,-500,0
2,34,190,1056,-496,60
2,34,191,1073,-392,19
2,34,191,1138,-429,-257
2,34,191,1143,-392,0
2,34,193,1116,-366,0
2,34,193,1139,-360,-216
2,34,194,1073,-366,0
2,34,194,1085,-366,0
2,34,194,1139,-429,-257
2,34,194,1144,-500,0
2,34,195,1072,-366,0
2,34,195,1073,-366,18
2,34,195,1074,-366,18
2,34,195,1075,-366,18
2,34,195,1076,-366,18
2,34,195,1077,-366,18
2,34,195,1078,-366,18
2,34,195,1079,-366,18
2,34,195,1080,-366,18
2,34,195,1081,-366,18
2,34,195,1082,-366,18
2,34,195,1083,-366,0
2,34,195,1083,-366,18
2,34,195,1084,-366,18
2,34,195,1085,-366,18
2,34,195,1086,-366,18
2,34,195,1087,-366,18
2,34,195,1088,-366,18
2,34,195,1089,-366,18
2,34,195,1090,-366,18
2,34,195,1091,-366,18
2,34,195,1092,-366,18
2,34,195,1093,-366,18
2,34,195,1094,-366,18
2,34,195,1095,-366,18
2,34,195,1097,-366,18
2,34,195,1098,-366,18
2,34,195,1099,-366,18
2,34,195,1100,-366,18
2,34,195,1101,-366,18
2,34,195,1102,-366,18
2,34,195,1103,-366,18
2,34,195,1105,-366,18
2,34,195,1106,-366,18
2,34,195,1107,-366,18
2,34,195,1108,-366,18
2,34,195,1109,-366,18
2,34,195,1110,-366,18
2,34,195,1111,-366,18
2,34,195,1112,-366,18
2,34,195,1113,-366,18
2,34,195,1114,-366,18
2,34,195,1115,-366,18
2,34,195,1116,-369,0
2,34,195,1116,-366,0
2,34,195,1116,-366,18
2,34,195,1117,-366,18
2,34,195,1118,-366,-8
2,34,195,1118,-366,18
2,34,195,1119,-366,18
2,34,195,1120,-366,18
2,34,195,1121,-366,18
2,34,195,1121,-365,-35
2,34,195,1122,-366,18
2,34,195,1123,-366,18
2,34,195,1123,-360,-63
2,34,195,1124,-366,18
2,34,195,1125,-366,18
2,34,195,1126,-366,18
2,34,195,1127,-366,0
2,34,195,1127,-366,18
2,34,195,1128,-366,18
2,34,196,1075,-340,0
2,34,196,1116,-340,0
2,34,197,1075,-447,0
2,34,197,1075,-340,0
2,34,197,1082,-340,0
2,34,197,1086,-340,0
2,34,197,1102,-340,0
2,34,197,1103,-340,0
2,34,197,1111,-340,0
2,34,197,1113,-340,0
2,34,197,1119,-340,0
2,34,197,1122,-340,0
2,34,197,1124,-340,0
2,34,197,1125,-340,0
2,34,197,1126,-340,0
2,34,197,1128,-340,0
2,34,197,1130,-340,0
2,38,101,1172,203,203
2,38,107,1178,0,104
2,38,107,1195,0,133
2,38,107,1195,0,209
2,38,110,1187,-119,236
2,38,110,1203,-7,-78
2,38,113,1188,-439,87
2,38,114,1180,-123,262
2,38,116,1202,92,-126
2,38,118,1187,-411,-92
2,38,121,1190,-339,-203
2,38,121,1202,103,-155
2,38,126,1200,17,-182
2,38,127,1203,126,-34
2,38,128,1202,161,-132
2,38,129,1190,-168,-357
2,38,129,1194,-219,-297
2,38,129,1195,-157,-212
2,38,131,1194,-190,-404
2,38,132,1201,161,-132
2,38,133,1194,-201,-400
2,38,133,1198,-250,-339
2,38,133,1199,118,-236
2,38,134,1198,-258,-332
2,38,135,1200,20,-208
2,38,135,1201,-359,-309
2,38,137,1187,204,-307
2,38,137,1201,-167,-204
2,38,139,1179,-85,492
2,38,147,1179,-123,375
2,38,148,1175,-141,396
2,38,148,1180,-161,389
2,38,149,1171,-140,424
2,38,150,1171,-140,424
2,38,150,1172,-140,424
2,38,151,1172,-160,417
2,38,152,1183,-197,311
2,38,154,1163,-170,442
2,38,154,1164,-192,432
2,38,155,1164,-181,438
2,38,155,1220,94,90
2,38,156,1182,-250,305
2,38,157,1168,-48,498
2,38,158,1197,-172,200
2,38,159,1220,-264,-13
2,38,160,1195,-195,215
2,38,161,1187,-318,234
2,38,162,1193,-212,234
2,38,162,1229,-78,0
2,38,169,1230,-413,82
2,38,170,1225,-421,0
2,38,170,1230,-416,62
2,38,170,1236,-418,0
2,38,171,1225,-457,125
2,38,172,1227,-323,309
2,38,176,1224,-148,449
2,38,176,1236,-209,0
2,38,177,1182,-353,353
2,38,179,1162,-335,371
2,38,179,1164,-335,371
2,38,179,1197,-353,353
2,38,180,1219,-361,345
2,38,180,1227,-361,345
2,38,181,1178,-361,345
2,38,182,1162,-335,371
2,38,182,1200,-353,353
2,38,182,1217,-326,378
2,38,183,1162,-335,371
2,38,184,1175,-351,351
2,38,184,1178,-371,335
2,38,185,1174,-359,343
2,38,185,1175,-359,343
2,38,185,1175,-351,351
2,38,185,1176,-359,343
2,38,185,1176,-351,351
2,38,185,1177,-359,343
2,38,185,1177,-351,351
2,38,185,1178,-351,351
2,38,185,1180,-351,351
2,38,185,1182,-359,343
2,38,185,1182,-351,351
2,38,185,1184,-351,351
2,38,185,1185,-359,343
2,38,185,1185,-351,351
2,38,185,1186,-334,368
2,38,185,1189,-359,343
2,38,185,1189,-351,351
2,38,186,1174,-359,343
2,38,186,1175,-359,343
2,38,186,1183,-378,326
2,38,186,1189,-359,343
2,38,187,1174,-361,345
2,38,187,1189,-359,343
2,38,188,1181,-340,325
2,38,188,1186,-340,325
2,38,190,1179,-371,335
2,38,192,1193,-408,287
2,38,193,1236,-500,0
2,38,198,1236,-500,0
2,61,89,2004,-43,192
2,61,103,1996,130,-29
2,61,104,2004,-205,307
2,61,105,2002,-183,103
2,61,110,2003,-216,-151
2,61,110,2003,-210,-112
2,61,114,2009,-154,-307
2,61,115,2016,-248,-274
2,61,119,2020,-386,-86
2,61,122,2000,-106,239
2,61,122,2003,-35,285
2,61,123,2021,-403,121
2,61,124,1997,101,153
2,61,125,2024,-366,206
2,61,126,2018,-410,81
2,61,127,2017,-279,279
2,61,128,2000,136,194
2,61,129,2000,20,208
2,61,129,2015,-265,293
2,61,129,2017,-299,257
2,61,129,2022,-419,31
2,61,131,2000,-245,200
2,61,131,2002,-172,233
2,61,131,2006,67,389
2,61,132,2000,-162,302
2,61,132,2000,-154,306
2,61,132,2004,0,369
2,61,132,2004,8,369
2,61,132,2004,44,366
2,61,132,2005,7,316
2,61,132,2008,58,390
2,61,133,1996,-300,98
2,61,133,1997,101,153
2,61,133,1999,35,207
2,61,133,2001,40,232
2,61,133,2008,58,390
2,61,134,1999,33,194
2,61,134,2001,-94,245
2,61,134,2002,38,259
2,61,134,2002,40,232
2,61,136,1996,116,105
2,61,136,1998,-66,170
2,61,136,1998,-61,172
2,61,136,1999,19,203
2,61,136,2010,26,364
2,61,136,2011,211,301
2,61,137,2003,10,209
2,61,138,1996,-37,35
2,61,138,1996,0,26
2,61,138,1997,-13,132
2,61,138,1998,17,182
2,61,139,1903,0,290
2,61,139,1996,72,108
2,61,144,2010,251,-167
2,61,145,1995,208,20
2,61,145,2010,285,-190
2,61,148,2003,31,-259
2,61,155,1968,94,-90
2,61,160,2009,-404,-216
2,61,167,1954,-208,-20
2,61,168,2024,-500,25
2,61,168,2037,-345,-361
2,61,170,1995,-421,0
2,61,171,2008,-421,-150
2,61,177,1930,-500,25
2,61,180,2012,-340,0
2,61,183,1996,-353,-353
2,61,184,2012,-500,0
2,61,184,2022,-422,-139
2,61,184,2031,-397,-252
2,61,185,1924,-500,0
2,61,185,2000,-351,-351
2,61,185,2001,-359,-344
2,61,185,2008,-359,-344
2,61,185,2011,-359,-344
2,61,185,2012,-359,-344
2,61,185,2013,-359,-344
2,61,185,2015,-359,-344
2,61,185,2019,-359,-344
2,61,185,2020,-359,-344
2,61,185,2021,-359,-344
2,61,185,2023,-359,-344
2,61,185,2023,-351,-351
2,61,185,2024,-359,-344
2,61,186,2000,-351,-351
2,61,186,2002,-359,-344
2,61,186,2012,-500,0
2,61,186,2012,-418,0
2,61,186,2014,-418,0
2,61,186,2015,-418,-21
2,61,187,2012,-418,0
2,61,187,2015,-418,-21
2,61,188,2013,-500,0
2,61,188,2023,-400,-121
2,61,189,2004,-340,-325
2,61,189,2012,-500,0
2,64,107,2028,-12,-23
2,64,107,2095,-202,165
2,64,107,2097,-139,-119
2,64,107,2102,-100,-242
2,64,113,2028,-148,-53
2,64,119,2022,-290,-7
2,64,120,2033,116,-174
2,64,122,2022,-276,-156
2,64,127,2012,-405,-101
2,64,127,2100,-76,306
2,64,129,2100,98,300
2,64,132,2023,-217,-227
2,64,132,2034,121,-99
2,64,133,2014,-112,-407
2,64,133,2096,-242,343
2,64,134,2031,22,-234
2,64,136,2092,163,82
2,64,137,2022,180,-256
2,64,137,2094,151,144
2,64,138,2033,5,-104
2,64,138,2035,-29,-43
2,64,138,2092,2,130
2,64,158,2115,-500,0
2,64,159,2087,-340,0
2,64,173,2043,-495,36
2,64,178,2039,-471,23
2,64,178,2043,-471,23
2,64,178,2049,-471,23
2,64,178,2056,-471,23
2,64,178,2060,-471,23
2,64,178,2073,-471,23
2,64,178,2074,-471,23
2,64,178,2075,-471,23
2,64,178,2078,-471,23
2,64,178,2082,-471,23
2,64,178,2094,-471,-11
2,64,179,2012,-500,0
2,64,179,2115,-500,0
2,64,179,2118,-471,-11
2,64,180,2013,-500,0
2,64,180,2051,-345,361
2,64,180,2052,-444,0
2,64,180,2088,-444,0
2,64,180,2115,-500,0
2,64,180,2117,-471,-24
2,64,181,2113,-444,0
2,64,184,2047,-345,361
2,64,187,2036,-417,30
2,64,187,2037,-417,30
2,64,187,2038,-417,30
2,64,187,2039,-417,30
2,64,187,2040,-417,30
2,64,187,2041,-417,30
2,64,187,2042,-417,30
2,64,187,2043,-417,30
2,64,187,2043,-345,361
2,64,187,2045,-417,30
2,64,187,2046,-417,30
2,64,187,2048,-417,30
2,64,187,2050,-417,30
2,64,187,2052,-417,30
2,64,187,2053,-417,30
2,64,187,2054,-417,30
2,64,187,2055,-418,0
2,64,187,2055,-417,30
2,64,187,2056,-417,30
2,64,187,2057,-417,30
2,64,187,2058,-417,30
2,64,187,2059,-417,30
2,64,187,2060,-417,30
2,64,187,2061,-417,30
2,64,187,2062,-417,30
2,64,187,2063,-417,30
2,64,187,2064,-417,30
2,64,187,2065,-417,30
2,64,187,2066,-417,30
2,64,187,2068,-417,30
2,64,187,2070,-417,30
2,64,187,2073,-417,30
2,64,187,2075,-417,30
2,64,187,2076,-417,30
2,64,187,2078,-417,30
2,64,187,2079,-417,30
2,64,187,2080,-417,30
2,64,187,2081,-417,30
2,64,187,2082,-417,30
2,64,187,2083,-417,30
2,64,187,2084,-417,30
2,64,187,2085,-417,30
2,64,187,2086,-417,30
2,64,187,2087,-418,0
2,64,187,2087,-417,30
2,64,187,2088,-417,30
2,64,187,2089,-417,30
2,64,187,2094,-418,0
2,64,187,2109,-500,-11
2,64,188,2108,-392,0
2,64,189,2090,-392,0
2,64,189,2104,-500,0
2,64,190,2081,-392,0
2,64,191,2033,-392,19
2,64,191,2043,-392,19
2,64,191,2050,-392,19
2,64,191,2087,-392,19
2,64,193,2051,-366,0
2,64,193,2090,-366,0
2,64,194,2081,-366,0
2,64,194,2091,-366,0
2,64,194,2104,-500,0
2,64,195,2032,-366,0
2,64,195,2033,-366,18
2,64,195,2035,-366,0
2,64,195,2035,-366,18
2,64,195,2036,-366,18
2,64,195,2037,-366,18
2,64,195,2038,-366,18
2,64,195,2039,-366,18
2,64,195,2040,-366,18
2,64,195,2041,-366,18
2,64,195,2042,-366,18
2,64,195,2043,-366,0
2,64,195,2044,-366,18
2,64,195,2045,-366,18
2,64,195,2047,-366,18
2,64,195,2048,-366,18
2,64,195,2049,-366,18
2,64,195,2051,-366,18
2,64,195,2052,-366,18
2,64,195,2053,-366,18
2,64,195,2054,-366,18
2,64,195,2055,-366,0
2,64,195,2055,-366,18
2,64,195,2056,-366,0
2,64,195,2056,-366,18
2,64,195,2057,-366,18
2,64,195,2058,-366,18
2,64,195,2059,-366,18
2,64,195,2060,-366,18
2,64,195,2061,-366,18
2,64,195,2062,-366,18
2,64,195,2063,-366,18
2,64,195,2064,-366,18
2,64,195,2065,-366,18
2,64,195,2066,-366,18
2,64,195,2067,-366,18
2,64,195,2068,-366,18
2,64,195,2069,-366,18
2,64,195,2070,-366,18
2,64,195,2071,-366,18
2,64,195,2072,-366,0
2,64,195,2072,-366,18
2,64,195,2073,-366,18
2,64,195,2074,-366,18
2,64,195,2075,-366,0
2,64,195,2075,-366,18
2,64,195,2076,-366,18
2,64,195,2077,-366,18
2,64,195,2078,-366,18
2,64,195,2079,-366,18
2,64,195,2080,-366,0
2,64,195,2080,-366,18
2,64,195,2081,-366,18
2,64,195,2082,-366,18
2,64,195,2083,-366,18
2,64,195,2084,-366,18
2,64,195,2085,-366,18
2,64,195,2086,-366,18
2,64,195,2087,-366,0
2,64,195,2087,-366,18
2,64,195,2088,-366,18
2,64,195,2094,-366,0
2,64,196,2052,-340,0
2,64,197,2035,-340,0
2,64,197,2054,-340,0
2,64,197,2061,-340,0
2,64,197,2080,-340,0
2,64,197,2084,-340,0
2,64,197,2088,-340,0
2,64,197,2090,-340,0
2,64,197,2091,-447,0
2,67,107,2100,0,209
2,67,107,2127,-91,110
2,67,107,2128,0,0
2,67,119,2129,-151,-144
2,67,120,2131,128,-25
2,67,121,2131,164,-87
2,67,122,2095,-447,0
2,67,122,2123,-121,-293
2,67,122,2129,167,-204
2,67,123,2127,-58,-258
2,67,123,2129,-213,-107
2,67,125,2108,-187,-349
2,67,125,2125,-101,-244
2,67,126,2123,128,-289
2,67,128,2124,45,-260
2,67,128,2131,100,30
2,67,129,2120,235,-35
2,67,129,2122,-219,-297
2,67,129,2123,-242,-344
2,67,129,2123,-212,-301
2,67,129,2123,16,-316
2,67,129,2129,-299,-258
2,67,130,2120,262,-32
2,67,130,2124,-6,-261
2,67,130,2129,-312,-242
2,67,131,2117,225,-355
2,67,131,2126,-197,-280
2,67,131,2126,178,-229
2,67,131,2128,121,-202
2,67,133,2114,-355,225
2,67,133,2116,221,-222
2,67,133,2118,58,-391
2,67,133,2122,-394,-306
2,67,133,2131,138,-74
2,67,134,2115,339,-203
2,67,136,2116,275,-83
2,67,138,2114,309,-146
2,67,138,2125,13,-261
2,67,138,2130,132,-126
2,67,138,2131,138,-74
2,67,139,2128,20,-208
2,67,140,2124,-6,-261
2,67,143,2189,92,-92
2,67,151,2091,-137,453
2,67,176,2090,-335,371
2,67,176,2121,-457,125
2,67,176,2124,-439,87
2,67,177,2109,-500,0
2,67,177,2120,-500,0
2,67,179,2108,-444,0
2,67,180,2115,-500,0
2,67,180,2120,-500,0
2,67,181,2113,-444,0
2,67,181,2119,-498,37
2,67,185,2103,-359,343
2,67,185,2104,-359,343
2,67,185,2104,-351,351
2,67,185,2105,-359,343
2,67,185,2105,-351,351
2,67,185,2106,-359,343
2,67,185,2106,-351,351
2,67,185,2107,-359,343
2,67,185,2107,-351,351
2,67,185,2108,-351,351
2,67,185,2109,-359,343
2,67,185,2110,-359,343
2,67,185,2110,-351,351
2,67,185,2111,-359,343
2,67,185,2111,-351,351
2,67,185,2112,-359,343
2,67,185,2112,-351,351
2,67,185,2113,-351,351
2,67,185,2115,-471,0
2,67,185,2115,-444,0
2,67,185,2115,-418,0
2,67,185,2115,-359,343
2,67,185,2115,-351,351
2,67,185,2116,-359,343
2,67,185,2116,-351,351
2,67,185,2117,-359,343
2,67,185,2117,-351,351
2,67,185,2118,-335,371
2,67,185,2120,-359,343
2,67,185,2120,-351,351
2,67,185,2122,-351,351
2,67,185,2123,-359,343
2,67,185,2124,-351,351
2,67,185,2125,-359,343
2,67,185,2125,-351,351
2,67,185,2126,-351,351
2,67,185,2127,-361,345
2,67,185,2130,-359,343
2,67,186,2116,-378,326
2,67,186,2118,-344,358
2,67,186,2123,-378,326
2,67,186,2125,-359,343
2,67,186,2126,-359,343
2,67,186,2126,-351,351
2,67,188,2108,-340,325
2,67,188,2110,-340,325
2,67,188,2112,-340,325
2,67,188,2113,-340,325
2,67,188,2114,-340,325
2,67,188,2115,-444,0
2,67,188,2117,-340,325
2,67,188,2118,-418,0
2,67,188,2119,-340,325
2,67,188,2121,-340,325
2,67,188,2122,-340,325
2,67,189,2108,-490,97
2,67,189,2108,-488,109
2,67,189,2113,-392,8
2,67,189,2115,-418,0
2,67,189,2118,-418,0
2,67,190,2104,-371,335
2,67,190,2108,-371,335
2,67,190,2111,-371,335
2,67,190,2112,-371,335
2,67,190,2116,-500,0
2,67,190,2116,-371,335
2,67,190,2119,-371,335
2,90,54,2865,197,-369
2,90,103,2938,-207,25
2,90,107,2928,-102,-20
2,90,122,2924,-29,43
2,90,132,2928,-162,302
2,90,132,2932,-242,-161
2,90,132,2932,-150,-279
2,90,133,2925,123,136
2,90,133,2926,-57,173
2,90,134,2925,-88,132
2,90,134,2930,-41,340
2,90,135,2924,-117,62
2,90,137,2924,-121,99
2,90,137,2927,-271,104
2,90,139,2937,0,0
2,90,139,2938,-2,-26
2,90,139,2939,0,-26
2,90,149,2956,-129,-428
2,90,150,2960,-137,-453
2,90,154,2930,192,248
2,90,167,2882,-182,-17
2,90,167,2893,-345,361
2,90,168,2946,-451,-212
2,90,168,2963,-345,-361
2,90,168,2965,-345,-361
2,90,170,2937,-409,-182
2,90,171,2871,-417,160
2,90,171,2951,-500,-11
2,90,173,2937,-417,-160
2,90,174,2939,-361,-345
2,90,174,2941,-361,-345
2,90,175,2869,-438,181
2,90,176,2966,-353,-353
2,90,177,2941,-500,0
2,90,181,2943,-444,0
2,90,181,2946,-492,-85
2,90,181,2948,-361,-345
2,90,182,2939,-498,48
2,90,182,2944,-444,-10
2,90,183,2946,-353,-353
2,90,183,2956,-405,-242
2,90,184,2946,-492,-85
2,90,184,2958,-405,-242
2,90,185,2925,-359,-344
2,90,185,2929,-359,-344
2,90,185,2932,-359,-344
2,90,185,2934,-359,-344
2,90,185,2936,-359,-344
2,90,185,2937,-359,-344
2,90,185,2938,-359,-344
2,90,185,2940,-359,-344
2,90,185,2941,-418,0
2,90,185,2941,-359,-344
2,90,185,2942,-418,0
2,90,185,2942,-359,-344
2,90,185,2942,-351,-351
2,90,185,2943,-359,-344
2,90,185,2944,-359,-344
2,90,185,2944,-351,-351
2,90,185,2945,-359,-344
2,90,185,2946,-359,-344
2,90,185,2947,-359,-344
2,90,185,2947,-351,-351
2,90,185,2948,-359,-344
2,90,185,2949,-359,-344
2,90,185,2949,-351,-351
2,90,185,2950,-359,-344
2,90,185,2951,-359,-344
2,90,185,2951,-351,-351
2,90,185,2952,-415,-160
2,90,185,2952,-359,-344
2,90,185,2961,-392,-261
2,90,186,2931,-351,-351
2,90,186,2940,-418,0
2,90,186,2942,-418,-21
2,90,186,2942,-418,0
2,90,186,2943,-418,-21
2,90,186,2943,-418,0
2,90,186,2947,-492,-85
2,90,187,2940,-418,0
2,90,187,2941,-471,0
2,90,187,2943,-418,-21
2,90,187,2943,-417,-31
2,90,188,2940,-500,0
2,90,188,2940,-414,0
2,90,188,2941,-500,0
2,90,188,2947,-492,-85
2,90,189,2937,-418,21
2,90,189,2940,-500,0
2,90,189,2940,-414,0
2,90,189,2947,-494,-74
2,90,189,2947,-492,-85
2,92,129,2931,-151,-41
2,92,130,2931,-154,26
2,92,133,2930,-141,-116
2,92,135,2931,152,101
2,92,136,2923,-85,-60
2,92,137,2930,0,-78
2,92,137,2931,-47,-122
2,92,137,2931,-21,-14
2,92,138,2931,-12,-103
2,92,138,2931,128,-25
2,92,139,2922,-24,9
2,92,139,2931,115,-62
2,92,139,2931,179,-49
2,92,139,2991,-17,235
2,92,139,2991,-14,21
2,92,140,2920,-23,12
2,92,140,2932,128,35
2,92,141,2915,180,-256
2,92,141,2991,152,101
2,92,143,2928,133,-128
2,92,143,2992,208,20
2,92,143,2994,208,20
2,92,144,2983,-70,-468
2,92,145,2930,297,28
2,92,145,2993,299,29
2,92,146,2979,-58,-335
2,92,146,2980,-58,-335
2,92,146,2981,-58,-335
2,92,147,2978,-97,-490
2,92,147,2981,-54,-309
2,92,147,2990,165,-202
2,92,147,2996,165,-202
2,92,147,3031,-85,-492
2,92,149,2978,-94,-421
2,92,150,2981,-98,-392
2,92,151,2941,-290,0
2,92,151,2976,-159,-446
2,92,151,2986,73,-372
2,92,151,3040,-441,-236
2,92,152,2937,-267,-169
2,92,153,2960,-189,-377
2,92,153,2965,-203,-339
2,92,154,2964,-190,-404
2,92,155,2964,-201,-400
2,92,155,2965,-190,-404
2,92,155,3012,-148,-450
2,92,155,3029,-167,-470
2,92,156,2966,-212,-424
2,92,157,2942,-157,0
2,92,160,2977,-212,-451
2,92,162,2940,-414,0
2,92,163,2982,-224,-447
2,92,164,2970,-314,0
2,92,165,2940,-78,0
2,92,167,2940,-395,0
2,92,173,2940,-495,36
2,92,173,2943,-495,36
2,92,175,2941,-500,0
2,92,176,2957,-471,0
2,92,176,2964,-471,0
2,92,178,2948,-471,23
2,92,178,2951,-471,23
2,92,178,2952,-471,23
2,92,178,2959,-471,23
2,92,178,2960,-471,23
2,92,178,2962,-471,23
2,92,178,2968,-471,23
2,92,178,2974,-471,23
2,92,178,2977,-471,23
2,92,178,2978,-471,23
2,92,180,2941,-444,0
2,92,181,3005,-353,-353
2,92,184,2941,-500,0
2,92,184,3008,-353,-353
2,92,184,3009,-353,-353
2,92,185,2940,-440,0
2,92,185,3008,-353,-353
2,92,185,3009,-361,-345
2,92,186,2983,-351,-351
2,92,186,2984,-353,-353
2,92,186,3011,-353,-353
2,92,187,2939,-417,30
2,92,187,2940,-417,30
2,92,187,2941,-417,30
2,92,187,2942,-417,30
2,92,187,2943,-417,30
2,92,187,2944,-418,-21
2,92,187,2944,-417,30
2,92,187,2945,-417,30
2,92,187,2946,-417,30
2,92,187,2947,-417,30
2,92,187,2948,-417,30
2,92,187,2949,-417,30
2,92,187,2950,-417,30
2,92,187,2951,-417,30
2,92,187,2952,-417,30
2,92,187,2953,-417,30
2,92,187,2954,-417,30
2,92,187,2955,-417,30
2,92,187,2956,-417,30
2,92,187,2957,-417,30
2,92,187,2958,-417,30
2,92,187,2959,-417,30
2,92,187,2960,-417,30
2,92,187,2961,-417,30
2,92,187,2962,-417,30
2,92,187,2963,-417,30
2,92,187,2964,-417,30
2,92,187,2965,-417,30
2,92,187,2966,-417,30
2,92,187,2967,-417,30
2,92,187,2968,-417,30
2,92,187,2969,-417,30
2,92,187,2970,-417,30
2,92,187,2972,-417,30
2,92,187,2974,-417,30
2,92,187,2975,-417,30
2,92,187,2976,-417,30
2,92,187,2977,-417,30
2,92,187,2978,-417,30
2,92,187,2979,-417,30
2,92,187,2980,-417,30
2,92,187,2981,-417,30
2,92,187,2982,-417,30
2,92,187,2983,-418,0
2,92,187,2983,-417,30
2,92,187,2984,-417,30
2,92,187,2985,-417,30
2,92,187,3010,-353,-353
2,92,187,3012,-345,-361
2,92,188,3012,-361,-345
2,92,188,3012,-353,-353
2,92,189,2940,-500,0
2,92,189,2941,-500,0
2,92,189,3012,-353,-353
2,92,190,2940,-392,0
2,92,190,2941,-471,0
2,92,190,2942,-392,-9
2,92,190,2942,-392,0
2,92,190,2943,-392,-9
2,92,190,2943,-392,0
2,92,191,2930,-478,144
2,92,191,2940,-457,0
2,92,191,2940,-392,0
2,92,191,2943,-392,-9
2,92,191,2945,-392,-9
2,92,191,2946,-392,-9
2,92,191,2984,-392,0
2,92,192,2940,-366,0
2,92,193,2937,-469,45
2,92,193,2941,-500,0
2,92,193,2941,-444,0
2,92,194,2940,-366,0
2,92,194,2942,-366,-8
2,92,194,2942,-366,0
2,92,194,2943,-366,-8
2,92,194,2943,-366,0
2,92,194,2946,-366,-8
2,92,195,2938,-366,18
2,92,195,2939,-366,18
2,92,195,2940,-366,0
2,92,195,2940,-366,18
2,92,195,2941,-366,0
2,92,195,2941,-366,18
2,92,195,2942,-366,18
2,92,195,2943,-366,-8
2,92,195,2943,-366,18
2,92,195,2944,-366,-8
2,92,195,2944,-366,18
2,92,195,2945,-366,-8
2,92,195,2945,-366,18
2,92,195,2946,-366,18
2,92,195,2947,-366,18
2,92,195,2948,-366,18
2,92,195,2949,-366,18
2,92,195,2950,-366,18
2,92,195,2951,-366,18
2,92,195,2952,-366,18
2,92,195,2953,-366,18
2,92,195,2954,-366,18
2,92,195,2955,-366,18
2,92,195,2956,-366,18
2,92,195,2957,-366,18
2,92,195,2958,-366,18
2,92,195,2959,-366,18
2,92,195,2960,-366,0
2,92,195,2960,-366,18
2,92,195,2961,-366,18
2,92,195,2962,-366,0
2,92,195,2962,-366,18
2,92,195,2963,-366,18
2,92,195,2964,-366,18
2,92,195,2965,-366,18
2,92,195,2966,-366,18
2,92,195,2967,-366,18
2,92,195,2968,-366,18
2,92,195,2969,-366,0
2,92,195,2969,-366,18
2,92,195,2970,-366,0
2,92,195,2971,-366,18
2,92,195,2972,-366,18
2,92,195,2973,-366,18
2,92,195,2974,-366,18
2,92,195,2975,-366,18
2,92,195,2976,-366,18
2,92,195,2977,-366,0
2,92,195,2977,-366,18
2,92,195,2978,-366,18
2,92,195,2979,-366,0
2,92,195,2979,-366,18
2,92,195,2980,-366,18
2,92,195,2981,-366,18
2,92,195,2982,-366,18
2,92,195,2983,-366,0
2,92,195,2983,-366,18
2,92,195,2984,-366,0
2,92,195,2984,-366,18
2,92,196,2928,-478,144
2,92,196,2929,-478,144
2,92,196,2930,-478,144
2,92,196,2937,-443,43
2,92,196,2940,-431,0
2,92,196,2943,-340,-17
2,92,196,2949,-494,-74
2,92,197,2940,-361,0
2,92,197,2941,-340,0
2,92,197,2945,-340,0
2,92,197,2946,-340,0
2,92,197,2948,-340,0
2,92,197,2949,-492,-85
2,92,197,2950,-340,0
2,92,197,2952,-340,0
2,92,197,2957,-340,0
2,92,197,2959,-340,0
2,92,197,2964,-340,0
2,92,197,2973,-340,0
2,92,197,2974,-340,0
2,92,197,2975,-340,0
2,92,197,2976,-340,0
2,92,197,2978,-340,0
2,92,198,2941,-500,0
2,92,198,2950,-492,-85
2,92,199,2940,-500,0
2,93,139,2949,-15,20
2,93,139,2952,-26,-2
2,93,139,2953,-26,-2
2,93,139,2958,0,0
2,93,139,2959,0,0
2,93,139,2960,0,0
2,93,140,2958,0,26
2,93,142,2970,173,116
2,93,143,2972,260,173
2,93,143,3009,219,146
2,93,144,3000,285,190
2,93,144,3001,328,219
2,93,144,3005,307,204
2,93,145,2967,-74,494
2,93,145,2987,416,277
2,93,145,2991,350,233
2,93,145,2992,350,233
2,93,145,2993,350,233
2,93,145,2993,372,248
2,93,145,2994,350,233
2,93,145,2997,350,233
2,93,145,2998,350,233
2,93,145,2999,350,233
2,93,146,2979,-92,464
2,93,147,2954,-74,494
2,93,147,3008,367,35
2,93,150,2956,-121,484
2,93,150,3054,-140,-425
2,93,154,2994,438,-181
2,93,156,2941,-500,0
2,93,160,2951,-361,-345
2,93,163,2960,-500,0
2,93,164,2954,-345,-361
2,93,164,2955,-345,-361
2,93,164,2956,-345,-361
2,93,164,2957,-345,-361
2,93,164,2958,-345,-361
2,93,164,2959,-345,-361
2,93,164,2961,-345,-361
2,93,164,2962,-345,-361
2,93,164,2963,-345,-361
2,93,165,2941,-500,0
2,93,165,3043,-500,0
2,93,167,2956,-361,-345
2,93,167,2957,-361,-345
2,93,167,2964,-361,-345
2,93,167,2967,-361,-345
2,93,167,2988,-418,0
2,93,168,2965,-345,-361
2,93,168,3000,-471,0
2,93,169,2941,-500,0
2,93,171,2967,-371,-335
2,93,171,3038,-335,-149
2,93,172,2969,-361,-345
2,93,173,2963,-495,36
2,93,173,2977,-497,11
2,93,176,2942,-471,0
2,93,176,2972,-353,-353
2,93,176,2975,-471,0
2,93,176,2978,-471,0
2,93,176,2982,-471,0
2,93,176,2983,-471,0
2,93,176,2984,-471,0
2,93,176,2986,-471,0
2,93,176,2993,-471,0
2,93,176,3018,-471,0
2,93,177,3042,-500,11
2,93,177,3047,-482,-132
2,93,178,2967,-471,23
2,93,178,2971,-471,23
2,93,178,2975,-471,23
2,93,178,2976,-471,23
2,93,178,2981,-471,23
2,93,178,2983,-471,10
2,93,178,2985,-471,23
2,93,178,2990,-471,23
2,93,178,2991,-471,23
2,93,178,2995,-471,23
2,93,178,2997,-471,23
2,93,178,3000,-471,23
2,93,178,3001,-471,23
2,93,178,3003,-471,23
2,93,179,2976,-361,-345
2,93,179,3043,-500,0
2,93,180,2979,-345,361
2,93,180,3043,-500,0
2,93,181,3043,-500,0
2,93,183,2963,-444,22
2,93,187,2964,-417,30
2,93,187,2965,-417,30
2,93,187,2966,-417,30
2,93,187,2967,-417,30
2,93,187,2968,-417,30
2,93,187,2969,-417,30
2,93,187,2970,-417,30
2,93,187,2971,-417,30
2,93,187,2972,-417,30
2,93,187,2973,-417,30
2,93,187,2974,-417,30
2,93,187,2975,-417,30
2,93,187,2976,-417,30
2,93,187,2977,-418,0
2,93,187,2977,-417,30
2,93,187,2978,-417,30
2,93,187,2979,-418,0
2,93,187,2979,-417,30
2,93,187,2980,-417,30
2,93,187,2981,-417,30
2,93,187,2982,-417,30
2,93,187,2983,-418,0
2,93,187,2983,-417,30
2,93,187,2984,-417,30
2,93,187,2985,-417,30
2,93,187,2986,-417,30
2,93,187,2987,-417,30
2,93,187,2988,-417,30
2,93,187,2989,-417,30
2,93,187,2990,-417,30
2,93,187,2991,-417,30
2,93,187,2992,-417,30
2,93,187,2993,-417,30
2,93,187,2994,-417,30
2,93,187,2995,-417,30
2,93,187,2996,-417,30
2,93,187,2997,-417,30
2,93,187,2999,-417,30
2,93,187,3000,-417,30
2,93,187,3001,-417,30
2,93,187,3002,-417,30
2,93,187,3003,-417,30
2,93,187,3004,-417,30
2,93,191,2961,-392,0
2,93,191,2965,-392,19
2,93,191,2997,-392,19
2,93,195,2961,-366,18
2,93,195,2962,-366,18
2,93,195,2963,-366,18
2,93,195,2964,-366,18
2,93,195,2965,-366,0
2,93,195,2965,-366,18
2,93,195,2966,-366,18
2,93,195,2967,-366,18
2,93,195,2968,-366,18
2,93,195,2969,-366,18
2,93,195,2970,-366,18
2,93,195,2971,-366,0
2,93,195,2971,-366,18
2,93,195,2972,-366,18
2,93,195,2973,-366,18
2,93,195,2974,-366,18
2,93,195,2975,-366,18
2,93,195,2976,-366,18
2,93,195,2977,-366,0
2,93,195,2977,-366,18
2,93,195,2978,-366,0
2,93,195,2978,-366,18
2,93,195,2979,-366,0
2,93,195,2979,-366,18
2,93,195,2980,-366,18
2,93,195,2981,-366,18
2,93,195,2982,-366,18
2,93,195,2983,-366,0
2,93,195,2983,-366,18
2,93,195,2984,-366,18
2,93,195,2985,-366,18
2,93,195,2986,-366,18
2,93,195,2987,-366,18
2,93,195,2988,-366,18
2,93,195,2989,-366,18
2,93,195,2990,-366,18
2,93,195,2991,-366,18
2,93,195,2992,-366,18
2,93,195,2993,-366,18
2,93,195,2994,-366,18
2,93,195,2995,-366,18
2,93,195,2996,-366,18
2,93,195,2998,-366,-8
2,93,195,2998,-366,18
2,93,195,2999,-366,18
2,93,195,3000,-366,18
2,93,195,3001,-366,18
2,93,195,3002,-366,18
2,93,195,3003,-366,18
2,93,195,3004,-366,18
2,93,197,2963,-340,0
2,93,197,2964,-340,0
2,93,197,2965,-340,0
2,93,197,2971,-340,0
2,93,197,2972,-340,0
2,93,197,2973,-340,0
2,93,197,2975,-340,0
2,93,197,2977,-340,0
2,93,197,2978,-340,0
2,93,197,2980,-340,0
2,93,197,2982,-340,0
2,93,197,2983,-340,0
2,93,197,2984,-340,0
2,93,197,2986,-340,0
2,93,197,2988,-340,0
2,93,197,2989,-340,0
2,93,197,2992,-340,0
2,93,197,2993,-340,0
2,93,197,2996,-340,0
2,93,197,3006,-340,0
2,93,197,3007,-340,0
2,93,197,3016,-340,0
2,93,197,3017,-340,0
2,93,197,3018,-340,0
2,115,84,3620,0,500
2,115,88,3634,-482,132
2,115,90,3620,-191,462
2,115,90,3627,-287,408
2,115,90,3636,-500,0
2,115,91,3619,-224,447
2,115,91,3621,-212,451
2,115,92,3636,-451,212
2,115,92,3636,-402,296
2,115,94,3636,-498,37
2,115,96,3631,-466,179
2,115,99,3633,-490,97
2,115,100,3624,-361,345
2,115,100,3624,-148,449
2,115,102,3627,-451,212
2,115,107,3761,0,-473
2,115,122,3741,-227,322
2,115,123,3731,-175,213
2,115,124,3740,-273,97
2,115,125,3734,-123,262
2,115,125,3768,-306,-394
2,115,127,3736,-123,319
2,115,127,3758,-162,-269
2,115,129,3732,-29,148
2,115,129,3735,-160,361
2,115,129,3735,-151,365
2,115,130,3731,-150,337
2,115,130,3732,-25,5
2,115,130,3733,-290,373
2,115,131,3732,-26,1
2,115,132,3725,-162,132
2,115,132,3728,-162,302
2,115,132,3728,-154,306
2,115,132,3728,-131,317
2,115,132,3728,-123,319
2,115,132,3732,-242,-161
2,115,132,3732,-150,-279
2,115,132,3732,0,0
2,115,132,3732,8,369
2,115,132,3732,14,21
2,115,132,3732,23,10
2,115,132,3732,58,390
2,115,133,3725,-263,175
2,115,133,3732,26,0
2,115,133,3732,207,366
2,115,134,3724,-347,123
2,115,134,3725,-88,132
2,115,134,3725,141,173
2,115,134,3728,-359,308
2,115,134,3730,-41,340
2,115,134,3730,-25,341
2,115,134,3730,-8,342
2,115,134,3732,57,86
2,115,135,3724,-117,62
2,115,135,3726,-189,180
2,115,135,3732,21,289
2,115,135,3732,23,237
2,115,135,3732,23,312
2,115,135,3732,26,0
2,115,135,3732,30,312
2,115,136,3725,-66,170
2,115,136,3726,-66,170
2,115,136,3727,-369,141
2,115,136,3732,0,0
2,115,136,3732,23,-12
2,115,136,3732,24,-10
2,115,136,3732,25,2
2,115,136,3732,130,0
2,115,137,3724,-66,170
2,115,137,3725,-167,204
2,115,137,3727,-18,185
2,115,137,3730,13,276
2,115,137,3732,14,287
2,115,137,3732,17,342
2,115,138,3724,-228,57
2,115,138,3724,-227,62
2,115,138,3724,234,-23
2,115,138,3726,-157,-142
2,115,138,3726,35,179
2,115,138,3730,-125,233
2,115,138,3731,-112,-208
2,115,139,3727,0,157
2,115,139,3733,0,-159
2,115,139,3737,0,0
2,115,139,3746,0,-78
2,115,139,3769,0,-500
2,115,140,3754,-236,-5
2,115,141,3722,130,-78
2,115,141,3745,-57,-230
2,115,142,3743,-58,-258
2,115,142,3747,-58,-258
2,115,143,3728,95,48
2,115,143,3745,-70,-281
2,115,143,3747,-91,-303
2,115,144,3781,-74,-494
2,115,145,3744,372,248
2,115,145,3769,-121,-484
2,115,145,3775,-109,-488
2,115,146,3774,-132,-482
2,115,146,3777,-132,-482
2,115,146,3779,-121,-484
2,115,146,3779,-109,-488
2,115,147,3753,-112,-407
2,115,147,3777,-132,-482
2,115,148,3736,-107,353
2,115,148,3752,-141,-396
2,115,148,3779,-132,-482
2,115,148,3783,-121,-484
2,115,149,3735,419,41
2,115,149,3748,419,41
2,115,149,3752,-141,-396
2,115,149,3756,-140,-425
2,115,149,3760,-126,-457
2,115,151,3755,-160,-417
2,115,152,3747,341,-141
2,115,153,3738,-320,-123
2,115,154,3757,-192,-433
2,115,156,3712,-113,-108
2,115,157,3692,-208,-20
2,115,158,3708,-237,17
2,115,160,3691,-261,0
2,115,160,3708,-264,13
2,115,160,3708,-185,17
2,115,162,3708,-211,15
2,115,166,3705,-391,58
2,115,170,3704,-407,-112
2,115,170,3706,-419,41
2,115,171,3676,0,500
2,115,171,3678,0,500
2,115,171,3686,0,407
2,115,171,3691,0,236
2,115,173,3707,-447,0
2,115,173,3752,-500,0
2,115,174,3701,-432,-119
2,115,175,3759,-345,-361
2,115,176,3705,-446,43
2,115,177,3707,-473,0
2,115,177,3740,-287,-408
2,115,178,3748,-500,0
2,115,179,3756,-361,-345
2,115,180,3748,-500,0
2,115,181,3727,-353,-353
2,115,181,3748,-353,-353
2,115,181,3757,-361,-345
2,115,182,3676,-295,400
2,115,182,3749,-361,-345
2,115,182,3757,-361,-345
2,115,183,3717,-345,-361
2,115,183,3735,-361,-345
2,115,183,3743,-353,-353
2,115,183,3747,-353,-353
2,115,183,3756,-353,-353
2,115,183,3757,-378,-326
2,115,183,3759,-353,-353
2,115,184,3733,-361,-345
2,115,185,3731,-345,-361
2,115,185,3732,-345,-361
2,115,185,3733,-353,-353
2,115,185,3738,-359,-344
2,115,185,3739,-359,-344
2,115,185,3740,-359,-344
2,115,185,3741,-359,-344
2,115,185,3741,-334,-369
2,115,185,3742,-359,-344
2,115,185,3743,-359,-344
2,115,185,3744,-359,-344
2,115,185,3745,-359,-344
2,115,185,3746,-359,-344
2,115,185,3747,-359,-344
2,115,185,3747,-351,-351
2,115,185,3748,-359,-344
2,115,185,3749,-359,-344
2,115,185,3750,-359,-344
2,115,185,3751,-359,-344
2,115,185,3751,-351,-351
2,115,185,3752,-359,-344
2,115,186,3737,-351,-351
2,115,186,3738,-359,-344
2,115,186,3741,-351,-351
2,115,186,3742,-351,-351
2,115,186,3743,-351,-351
2,115,186,3744,-344,-359
2,115,186,3744,-334,-369
2,115,186,3748,-351,-351
2,115,186,3749,-351,-351
2,115,186,3750,-351,-351
2,115,186,3751,-371,-335
2,115,186,3751,-351,-351
2,115,186,3753,-359,-344
2,115,186,3754,-351,-351
2,115,186,3759,-334,-369
2,115,187,3688,-492,85
2,115,187,3689,-496,60
2,115,187,3738,-359,-344
2,115,187,3742,-421,-267
2,115,188,3688,-496,60
2,115,188,3709,-500,0
2,115,188,3728,-378,-326
2,115,189,3706,-498,37
2,115,189,3733,-416,-277
2,115,189,3755,-340,-325
2,115,190,3684,-492,-85
2,115,190,3688,-494,74
2,115,191,3738,-408,-287
2,115,192,3735,-408,-287
2,115,198,3709,-500,0
2,115,199,3705,-500,25
2,115,199,3708,-500,0
2,115,199,3715,-500,0
2,115,199,3716,-500,0
2,115,200,3706,-500,11
2,117,107,3791,0,0
2,117,107,3797,0,-52
2,117,127,3792,22,234
2,117,127,3798,-227,322
2,117,129,3792,-62,226
2,117,130,3814,-405,39
2,117,131,3788,165,45
2,117,131,3790,144,151
2,117,131,3791,74,24
2,117,131,3795,-157,202
2,117,134,3792,-176,226
2,117,134,3792,-155,210
2,117,134,3799,63,320
2,117,134,3800,33,338
2,117,135,3723,22,13
2,117,136,3792,-10,209
2,117,136,3793,22,299
2,117,136,3793,29,299
2,117,136,3799,25,338
2,117,136,3804,-250,141
2,117,137,3788,57,86
2,117,137,3789,-87,130
2,117,137,3789,-80,207
2,117,137,3789,-70,169
2,117,137,3792,18,247
2,117,137,3793,10,209
2,117,137,3793,15,300
2,117,137,3793,22,299
2,117,137,3797,24,325
2,117,137,3800,217,89
2,117,138,3788,-84,219
2,117,138,3797,163,82
2,117,139,3788,0,52
2,117,139,3789,-176,48
2,117,139,3798,0,326
2,117,139,3799,155,258
2,117,139,3814,-74,-494
2,117,140,3788,-207,25
2,117,140,3799,-18,366
2,117,141,3788,204,4
2,117,153,3714,-217,279
2,117,157,3774,-157,0
2,117,158,3759,302,-289
2,117,159,3798,-176,-194
2,117,160,3705,-258,332
2,117,161,3701,-266,360
2,117,161,3802,-46,-63
2,117,164,3783,-290,0
2,117,167,3783,-418,0
2,117,167,3783,-316,0
2,117,167,3816,-500,25
2,117,167,3823,-345,-361
2,117,169,3763,-407,111
2,117,169,3773,-418,0
2,117,169,3828,-335,-371
2,117,170,3826,-345,-361
2,117,171,3783,-342,0
2,117,171,3827,-353,-353
2,117,171,3827,-345,-361
2,117,171,3827,-335,-371
2,117,172,3828,-353,-353
2,117,172,3829,-353,-353
2,117,173,3774,-392,0
2,117,173,3829,-353,-353
2,117,173,3829,-345,-361
2,117,175,3775,-366,8
2,117,176,3774,-471,-11
2,117,176,3778,-471,0
2,117,176,3782,-471,0
2,117,176,3783,-471,0
2,117,176,3784,-471,0
2,117,176,3786,-471,0
2,117,178,3772,-471,23
2,117,178,3773,-471,-24
2,117,178,3780,-471,23
2,117,178,3809,-471,23
2,117,178,3829,-345,-361
2,117,179,3827,-361,-345
2,117,180,3773,-444,0
2,117,180,3782,-444,0
2,117,180,3785,-444,0
2,117,181,3786,-361,-345
2,117,183,3712,-500,0
2,117,183,3805,-444,10
2,117,183,3806,-444,10
2,117,183,3807,-444,10
2,117,186,3792,-351,-351
2,117,187,3771,-417,30
2,117,187,3772,-417,30
2,117,187,3773,-418,0
2,117,187,3774,-418,-21
2,117,187,3774,-417,-31
2,117,187,3774,-417,30
2,117,187,3775,-418,-21
2,117,187,3775,-417,-41
2,117,187,3775,-417,-31
2,117,187,3775,-417,30
2,117,187,3776,-417,-41
2,117,187,3776,-417,30
2,117,187,3777,-417,30
2,117,187,3778,-417,30
2,117,187,3778,-412,-72
2,117,187,3779,-417,30
2,117,187,3780,-417,30
2,117,187,3781,-417,30
2,117,187,3782,-417,30
2,117,187,3783,-418,0
2,117,187,3783,-417,30
2,117,187,3784,-417,30
2,117,187,3785,-417,30
2,117,187,3792,-418,0
2,117,187,3799,-418,0
2,117,187,3799,-364,-298
2,117,187,3801,-418,0
2,117,187,3803,-418,0
2,117,187,3804,-418,0
2,117,187,3805,-418,0
2,117,187,3806,-418,0
2,117,188,3773,-444,0
2,117,189,3773,-447,0
2,117,190,3716,-500,0
2,117,190,3773,-500,0
2,117,190,3773,-471,0
2,117,190,3775,-392,-9
2,117,190,3794,-392,8
2,117,191,3762,-478,144
2,117,191,3772,-392,0
2,117,191,3775,-392,-9
2,117,191,3776,-391,-29
2,117,191,3781,-392,19
2,117,191,3793,-392,19
2,117,191,3799,-392,0
2,117,192,3795,-500,0
2,117,193,3781,-359,-71
2,117,193,3788,-490,97
2,117,193,3795,-500,0
2,117,193,3795,-366,0
2,117,194,3772,-366,0
2,117,194,3774,-366,-8
2,117,194,3775,-366,-8
2,117,194,3793,-346,-185
2,117,195,3769,-366,0
2,117,195,3770,-366,18
2,117,195,3771,-366,18
2,117,195,3772,-366,0
2,117,195,3772,-366,18
2,117,195,3773,-366,0
2,117,195,3773,-366,18
2,117,195,3774,-366,-8
2,117,195,3774,-366,0
2,117,195,3774,-366,18
2,117,195,3775,-366,-18
2,117,195,3775,-366,-8
2,117,195,3775,-366,18
2,117,195,3775,-365,-27
2,117,195,3776,-366,18
2,117,195,3776,-365,-35
2,117,195,3776,-365,-27
2,117,195,3777,-366,18
2,117,195,3777,-365,-35
2,117,195,3778,-366,18
2,117,195,3778,-362,-54
2,117,195,3779,-366,18
2,117,195,3779,-362,-54
2,117,195,3779,-360,-63
2,117,195,3780,-366,18
2,117,195,3781,-366,0
2,117,195,3781,-366,18
2,117,195,3782,-366,18
2,117,195,3783,-366,0
2,117,195,3783,-366,18
2,117,195,3784,-366,18
2,117,195,3792,-366,0
2,117,196,3761,-478,144
2,117,196,3762,-478,144
2,117,196,3769,-366,0
2,117,196,3772,-361,0
2,117,196,3773,-392,0
2,117,196,3774,-418,21
2,117,197,3769,-365,26
2,117,197,3772,-500,0
2,117,197,3772,-433,0
2,117,197,3773,-340,0
2,117,197,3774,-340,0
2,117,197,3778,-340,0
2,117,197,3779,-340,0
2,117,197,3780,-340,0
2,117,197,3782,-340,0
2,117,197,3783,-340,0
2,117,197,3784,-340,0
2,117,197,3785,-340,0
2,117,197,3786,-500,0
2,117,197,3786,-340,0
2,117,198,3764,-478,144
2,117,198,3773,-395,0
2,117,199,3773,-418,0
2,117,200,3766,-491,73
2,117,200,3773,-500,0
2,120,107,3796,0,209
2,120,107,3818,-24,9
2,120,107,3819,-26,0
2,120,115,3822,-239,159
2,120,119,3825,116,-174
2,120,124,3815,-183,-289
2,120,125,3805,-410,-82
2,120,128,3801,-258,332
2,120,128,3825,144,-151
2,120,129,3822,63,-253
2,120,131,3819,-225,-289
2,120,131,3884,-157,94
2,120,132,3804,-170,-442
2,120,132,3822,-250,-339
2,120,132,3823,-283,-312
2,120,132,3824,-178,-229
2,120,132,3824,-165,-235
2,120,133,3822,-250,-339
2,120,133,3884,-135,80
2,120,134,3815,180,-256
2,120,135,3884,-23,12
2,120,135,3892,141,250
2,120,136,3885,-87,130
2,120,136,3889,-96,270
2,120,136,3892,23,312
2,120,136,3892,153,242
2,120,137,3813,186,-252
2,120,137,3826,-132,-162
2,120,137,3827,57,-87
2,120,138,3811,195,-309
2,120,138,3884,-115,61
2,120,138,3885,-153,125
2,120,138,3886,44,177
2,120,139,3884,0,52
2,120,139,3884,0,157
2,120,139,3884,0,183
2,120,139,3886,49,92
2,120,139,3888,0,235
2,120,139,3893,-35,-39
2,120,139,3896,0,0
2,120,139,3897,0,0
2,120,140,3885,-75,-107
2,120,141,3898,-308,-61
2,120,142,3879,169,113
2,120,145,3797,-92,411
2,120,147,3796,-121,403
2,120,151,3875,-264,0
2,120,155,3873,-104,0
2,120,155,3874,-104,0
2,120,155,3891,61,-310
2,120,156,3874,-130,0
2,120,157,3795,-500,0
2,120,159,3874,-183,0
2,120,161,3855,-238,0
2,120,162,3864,-264,0
2,120,166,3860,-392,0
2,120,167,3874,-418,0
2,120,168,3799,-500,25
2,120,168,3871,-354,0
2,120,169,3869,-403,-121
2,120,169,3873,-418,0
2,120,170,3860,-418,0
2,120,170,3868,-418,0
2,120,170,3873,-418,0
2,120,170,3875,-421,0
2,120,170,3876,-418,0
2,120,171,3875,-473,0
2,120,171,3875,-421,0
2,120,172,3870,-444,0
2,120,173,3800,-497,11
2,120,173,3842,-495,36
2,120,173,3873,-392,0
2,120,176,3802,-500,11
2,120,176,3831,-471,0
2,120,176,3837,-471,0
2,120,176,3854,-471,0
2,120,176,3857,-471,0
2,120,176,3872,-471,0
2,120,176,3873,-471,0
2,120,176,3874,-314,-16
2,120,177,3876,-418,0
2,120,178,3802,-471,10
2,120,178,3803,-471,10
2,120,178,3805,-471,10
2,120,178,3831,-471,23
2,120,178,3832,-471,23
2,120,178,3833,-471,23
2,120,178,3838,-471,23
2,120,178,3839,-471,23
2,120,178,3842,-471,23
2,120,178,3846,-471,23
2,120,178,3848,-471,23
2,120,178,3851,-471,23
2,120,178,3862,-471,23
2,120,178,3864,-471,23
2,120,178,3865,-471,23
2,120,178,3866,-471,23
2,120,178,3868,-471,23
2,120,178,3876,-458,0
2,120,180,3868,-444,0
2,120,180,3874,-444,0
2,120,180,3876,-444,0
2,120,181,3802,-496,60
2,120,181,3804,-473,10
2,120,181,3876,-498,-37
2,120,181,3876,-473,0
2,120,182,3875,-500,0
2,120,182,3875,-498,-37
2,120,182,3876,-498,-37
2,120,183,3806,-444,10
2,120,183,3807,-444,10
2,120,183,3818,-335,371
2,120,183,3822,-335,371
2,120,183,3865,-444,22
2,120,183,3875,-500,0
2,120,183,3876,-494,-74
2,120,185,3876,-500,-25
2,120,185,3876,-496,-60
2,120,186,3806,-334,368
2,120,186,3814,-344,358
2,120,186,3815,-344,358
2,120,186,3815,-334,368
2,120,186,3823,-344,358
2,120,186,3824,-344,358
2,120,186,3876,-500,-25
2,120,186,3876,-500,0
2,120,186,3876,-496,-60
2,120,187,3827,-417,30
2,120,187,3828,-417,30
2,120,187,3829,-417,30
2,120,187,3830,-417,30
2,120,187,3831,-417,30
2,120,187,3832,-417,30
2,120,187,3833,-417,30
2,120,187,3834,-417,30
2,120,187,3835,-417,30
2,120,187,3836,-417,30
2,120,187,3837,-417,30
2,120,187,3838,-417,30
2,120,187,3839,-417,30
2,120,187,3840,-417,30
2,120,187,3841,-417,30
2,120,187,3842,-417,30
2,120,187,3843,-417,30
2,120,187,3844,-417,30
2,120,187,3845,-417,30
2,120,187,3846,-417,30
2,120,187,3847,-417,30
2,120,187,3848,-417,30
2,120,187,3849,-417,30
2,120,187,3850,-417,30
2,120,187,3851,-417,30
2,120,187,3852,-417,30
2,120,187,3853,-417,30
2,120,187,3854,-417,30
2,120,187,3855,-417,30
2,120,187,3856,-417,30
2,120,187,3857,-417,30
2,120,187,3858,-417,30
2,120,187,3859,-417,30
2,120,187,3860,-417,30
2,120,187,3861,-417,30
2,120,187,3862,-417,30
2,120,187,3863,-417,30
2,120,187,3864,-417,30
2,120,187,3865,-417,30
2,120,187,3866,-417,30
2,120,187,3867,-417,30
2,120,187,3868,-417,30
2,120,187,3870,-417,30
2,120,187,3871,-417,30
2,120,187,3872,-417,30
2,120,187,3873,-418,21
2,120,187,3873,-417,30
2,120,187,3878,-418,0
2,120,190,3862,-392,0
2,120,190,3863,-392,0
2,120,190,3864,-392,0
2,120,190,3865,-392,0
2,120,190,3872,-392,0
2,120,190,3873,-392,8
2,120,190,3877,-392,0
2,120,191,3872,-392,0
2,120,191,3873,-392,8
2,120,191,3873,-392,19
2,120,192,3867,-492,85
2,120,192,3867,-490,97
2,120,193,3875,-500,0
2,120,194,3842,-366,0
2,120,194,3843,-366,0
2,120,194,3862,-366,0
2,120,194,3863,-366,0
2,120,194,3864,-366,0
2,120,194,3865,-366,0
2,120,194,3872,-366,0
2,120,194,3873,-366,8
2,120,194,3873,-366,18
2,120,194,3877,-366,0
2,120,195,3824,-366,0
2,120,195,3825,-366,18
2,120,195,3826,-366,18
2,120,195,3827,-366,18
2,120,195,3828,-366,18
2,120,195,3829,-366,18
2,120,195,3830,-366,18
2,120,195,3831,-366,18
2,120,195,3832,-366,18
2,120,195,3833,-366,18
2,120,195,3834,-366,18
2,120,195,3835,-366,18
2,120,195,3836,-366,18
2,120,195,3837,-366,18
2,120,195,3838,-366,18
2,120,195,3839,-366,18
2,120,195,3840,-366,18
2,120,195,3841,-366,18
2,120,195,3842,-366,18
2,120,195,3843,-366,18
2,120,195,3844,-366,18
2,120,195,3845,-366,18
2,120,195,3846,-366,18
2,120,195,3847,-366,18
2,120,195,3848,-366,18
2,120,195,3849,-366,18
2,120,195,3850,-366,18
2,120,195,3851,-366,18
2,120,195,3852,-366,18
2,120,195,3853,-366,18
2,120,195,3853,-360,62
2,120,195,3854,-366,18
2,120,195,3854,-362,54
2,120,195,3855,-366,18
2,120,195,3855,-363,44
2,120,195,3856,-366,18
2,120,195,3856,-365,26
2,120,195,3857,-366,18
2,120,195,3858,-366,18
2,120,195,3859,-366,18
2,120,195,3860,-366,18
2,120,195,3861,-366,18
2,120,195,3861,-360,62
2,120,195,3862,-366,18
2,120,195,3862,-362,54
2,120,195,3863,-366,18
2,120,195,3864,-366,18
2,120,195,3865,-366,18
2,120,195,3866,-366,18
2,120,195,3867,-366,18
2,120,195,3868,-366,18
2,120,195,3869,-366,18
2,120,195,3870,-366,18
2,120,195,3871,-366,0
2,120,195,3871,-366,18
2,120,195,3872,-366,0
2,120,195,3872,-366,18
2,120,195,3878,-366,0
2,120,196,3874,-421,0
2,120,196,3874,-340,0
2,120,196,3878,-366,0
2,120,197,3827,-500,0
2,120,197,3827,-340,0
2,120,197,3831,-340,0
2,120,197,3837,-340,0
2,120,197,3839,-340,0
2,120,197,3849,-340,0
2,120,197,3854,-340,0
2,120,197,3857,-340,0
2,120,197,3858,-340,0
2,120,197,3860,-340,0
2,120,197,3862,-340,0
2,120,197,3864,-340,0
2,120,197,3866,-490,97
2,120,197,3867,-492,85
2,120,197,3868,-340,0
2,120,197,3870,-340,0
2,120,197,3871,-340,0
2,120,197,3872,-340,0
2,120,197,3873,-340,0
2,120,197,3874,-340,0
2,120,198,3823,-369,0
2,120,198,3866,-490,97
2,120,198,3875,-500,0
2,122,107,3885,-24,-10
2,122,107,3888,-20,48
2,122,111,3889,-17,-182
2,122,120,3887,-50,-203
2,122,123,3889,26,-181
2,122,125,3891,-96,-124
2,122,127,3883,0,0
2,122,127,3885,11,-238
2,122,127,3891,99,-121
2,122,128,3883,0,0
2,122,128,3883,22,13
2,122,128,3883,26,-1
2,122,128,3883,165,-202
2,122,128,3883,217,-362
2,122,129,3880,-162,169
2,122,129,3883,21,13
2,122,129,3883,21,14
2,122,129,3883,25,1
2,122,129,3883,26,0
2,122,129,3883,92,-464
2,122,129,3883,93,-108
2,122,129,3883,225,-355
2,122,129,3889,84,157
2,122,129,3891,182,-36
2,122,130,3883,21,13
2,122,130,3883,95,-42
2,122,130,3883,97,-37
2,122,130,3883,134,-81
2,122,130,3889,-318,-234
2,122,130,3890,-144,-151
2,122,131,3869,-312,282
2,122,131,3883,22,13
2,122,131,3883,83,-156
2,122,131,3883,130,0
2,122,131,3884,-381,-281
2,122,131,3884,-359,-309
2,122,131,3884,-108,-433
2,122,131,3890,116,-174
2,122,131,3891,-191,-141
2,122,132,3883,-26,-1
2,122,132,3883,22,12
2,122,132,3883,22,13
2,122,132,3883,23,-11
2,122,132,3883,113,-64
2,122,132,3883,130,0
2,122,132,3890,158,-136
2,122,133,3883,26,0
2,122,133,3884,124,-168
2,122,133,3891,-115,-62
2,122,134,3883,0,0
2,122,134,3883,22,12
2,122,134,3883,23,12
2,122,134,3883,26,0
2,122,134,3883,27,-287
2,122,134,3883,83,-62
2,122,134,3889,-101,-152
2,122,134,3890,-144,-185
2,122,134,3891,-241,-107
2,122,135,3883,0,0
2,122,135,3883,23,12
2,122,135,3883,26,0
2,122,135,3883,69,-35
2,122,135,3883,129,-19
2,122,135,3887,204,-167
2,122,135,3888,-446,-43
2,122,135,3889,-103,-155
2,122,135,3889,-101,-152
2,122,135,3889,-61,-172
2,122,135,3891,-372,-132
2,122,135,3891,-191,-85
2,122,135,3891,-185,-99
2,122,136,3883,1,-26
2,122,136,3883,23,-312
2,122,136,3883,23,11
2,122,136,3883,130,0
2,122,136,3887,15,-208
2,122,136,3890,-87,-130
2,122,136,3891,-138,-74
2,122,136,3891,-119,-53
2,122,136,3891,-116,-105
2,122,137,3883,23,10
2,122,137,3883,26,-1
2,122,137,3890,69,-169
2,122,137,3891,-179,-40
2,122,137,3891,-115,-62
2,122,137,3891,1,-26
2,122,138,3891,-26,-3
2,122,139,3886,0,-130
2,122,140,3876,-3,51
2,122,140,3877,-250,-75
2,122,140,3883,-26,0
2,122,140,3890,150,-11
2,122,140,3893,130,0
2,122,142,3875,-298,-298
2,122,142,3889,132,-162
2,122,142,3890,169,-70
2,122,142,3892,181,21
2,122,143,3878,-114,378
2,122,143,3888,130,-196
2,122,144,3897,350,233
2,122,147,3868,-151,393
2,122,147,3883,150,213
2,122,147,3889,-378,114
2,122,150,3946,-137,-453
2,122,151,3851,-137,453
2,122,155,3892,297,297
2,122,156,3868,-500,0
2,122,158,3918,-250,-339
2,122,159,3845,-287,408
2,122,159,3853,-306,394
2,122,159,3883,-313,139
2,122,161,3885,-353,106
2,122,162,3856,-435,246
2,122,162,3896,-236,111
2,122,162,3936,-292,-339
2,122,163,3909,-369,-8
2,122,165,3882,-372,132
2,122,165,3883,-431,107
2,122,165,3902,-394,-29
2,122,166,3863,-500,0
2,122,166,3864,-500,0
2,122,168,3875,-387,218
2,122,168,3879,-387,160
2,122,168,3905,-389,-67
2,122,169,3879,-387,160
2,122,169,3882,-456,114
2,122,169,3884,-408,101
2,122,169,3896,-366,0
2,122,170,3878,-239,106
2,122,170,3900,-421,0
2,122,170,3901,-418,-21
2,122,170,3901,-418,0
2,122,170,3904,-419,-41
2,122,171,3865,-497,0
2,122,171,3883,-431,107
2,122,171,3884,-411,92
2,122,171,3946,-326,-378
2,122,172,3865,-497,0
2,122,172,3866,-497,0
2,122,172,3882,-432,118
2,122,172,3882,-429,117
2,122,172,3883,-431,107
2,122,173,3872,-439,234
2,122,173,3877,-415,159
2,122,173,3877,-412,170
2,122,173,3878,-415,159
2,122,173,3900,-444,0
2,122,173,3901,-444,0
2,122,174,3872,-439,234
2,122,174,3903,-447,-23
2,122,175,3881,-460,102
2,122,175,3882,-433,108
2,122,175,3882,-431,107
2,122,175,3883,-433,108
2,122,176,3870,-500,0
2,122,176,3870,-471,0
2,122,176,3881,-460,102
2,122,176,3884,-441,76
2,122,176,3884,-439,87
2,122,176,3890,-358,159
2,122,177,3870,-416,222
2,122,177,3880,-500,0
2,122,177,3880,-494,74
2,122,177,3901,-473,0
2,122,178,3870,-416,222
2,122,179,3855,-378,326
2,122,179,3874,-436,180
2,122,179,3880,-454,125
2,122,179,3881,-456,114
2,122,179,3903,-495,-37
2,122,180,3873,-444,0
2,122,180,3880,-500,0
2,122,180,3880,-498,48
2,122,180,3884,-466,81
2,122,181,3870,-492,85
2,122,181,3871,-444,0
2,122,181,3872,-444,0
2,122,181,3873,-444,0
2,122,181,3879,-498,37
2,122,181,3880,-500,0
2,122,181,3880,-498,-37
2,122,181,3887,-361,345
2,122,181,3936,-473,0
2,122,182,3852,-371,335
2,122,182,3869,-490,97
2,122,182,3873,-444,-22
2,122,182,3900,-471,0
2,122,182,3905,-441,236
2,122,183,3897,-470,167
2,122,183,3898,-470,167
2,122,183,3904,-451,212
2,122,184,3875,-500,0
2,122,184,3897,-466,179
2,122,185,3874,-418,0
2,122,185,3874,-359,343
2,122,185,3874,-351,351
2,122,185,3875,-351,351
2,122,185,3877,-359,343
2,122,185,3878,-359,343
2,122,185,3878,-351,351
2,122,185,3879,-359,343
2,122,185,3879,-351,351
2,122,185,3880,-359,343
2,122,185,3880,-351,351
2,122,185,3882,-351,351
2,122,185,3883,-359,343
2,122,185,3883,-351,351
2,122,185,3889,-359,343
2,122,185,3892,-359,343
2,122,185,3892,-351,351
2,122,185,3904,-457,203
2,122,186,3855,-344,358
2,122,186,3870,-496,60
2,122,186,3873,-418,21
2,122,186,3874,-418,0
2,122,186,3877,-418,0
2,122,187,3869,-494,74
2,122,187,3872,-446,43
2,122,187,3878,-418,0
2,122,187,3884,-402,296
2,122,188,3868,-490,97
2,122,188,3868,-408,91
2,122,188,3869,-492,85
2,122,188,3871,-340,325
2,122,188,3872,-340,325
2,122,188,3875,-500,0
2,122,188,3875,-340,325
2,122,188,3876,-340,325
2,122,188,3877,-340,325
2,122,188,3878,-418,0
2,122,188,3879,-340,325
2,122,188,3880,-340,325
2,122,188,3885,-382,169
2,122,188,3889,-340,325
2,122,189,3868,-492,85
2,122,189,3868,-488,109
2,122,189,3869,-492,85
2,122,189,3870,-470,57
2,122,189,3873,-392,8
2,122,189,3874,-392,0
2,122,189,3874,-392,8
2,122,189,3876,-500,0
2,122,189,3881,-394,306
2,122,189,3884,-358,264
2,122,189,3889,-364,205
2,122,190,3868,-494,74
2,122,190,3868,-492,85
2,122,190,3868,-490,97
2,122,190,3869,-494,74
2,122,190,3871,-472,46
2,122,190,3873,-351,272
2,122,190,3875,-500,0
2,122,190,3881,-371,335
2,122,190,3940,-500,0
2,122,191,3868,-494,74
2,122,191,3869,-494,74
2,122,191,3881,-402,296
2,122,192,3883,-358,159
2,122,193,3880,-500,0
2,122,193,3886,-342,192
2,122,193,3887,-342,192
2,122,195,3889,-358,159
2,122,196,3896,-478,144
2,122,197,3896,-392,8
2,122,198,3936,-500,0
2,122,200,3940,-500,0
2,123,104,3918,-237,-167
2,123,107,3893,0,421
2,123,129,3896,-339,-292
2,123,130,3919,93,-187
2,123,131,3914,-190,-404
2,123,132,3920,55,-202
2,123,135,3920,74,-226
2,123,135,3923,-167,-74
2,123,139,3883,-361,345
2,123,139,3908,-15,20
2,123,139,3912,-26,-2
2,123,139,3917,-12,-23
2,123,139,3917,0,0
2,123,139,3918,-13,-22
2,123,139,3919,-112,-208
2,123,139,3919,0,0
2,123,139,3920,0,0
2,123,139,3921,-124,-232
2,123,139,3921,-74,-138
2,123,139,3922,-118,-220
2,123,139,3922,-74,-138
2,123,140,3863,-48,498
2,123,140,3874,-74,494
2,123,143,3934,239,159
2,123,144,3919,-43,445
2,123,144,3947,326,217
2,123,144,3952,328,219
2,123,145,3875,-132,482
2,123,145,3952,348,232
2,123,146,3924,-85,492
2,123,147,3914,217,-90
2,123,147,3940,-108,433
2,123,148,3865,-121,484
2,123,148,3866,-121,484
2,123,148,3868,-121,484
2,123,148,3891,-129,428
2,123,148,3933,-103,462
2,123,148,3935,-108,433
2,123,149,3909,-140,424
2,123,150,3865,-132,482
2,123,150,3867,-132,482
2,123,150,3892,-121,484
2,123,150,3908,-109,488
2,123,150,3941,-147,446
2,123,150,3949,-141,396
2,123,150,3953,-160,361
2,123,151,3933,-119,431
2,123,151,3939,-148,449
2,123,151,3953,-168,356
2,123,152,3895,-144,478
2,123,152,3917,-241,279
2,123,152,3931,-129,428
2,123,152,3950,-179,380
2,123,153,3885,-121,484
2,123,153,3911,-280,240
2,123,153,3912,-296,402
2,123,153,3933,-156,474
2,123,153,3944,-171,414
2,123,153,3947,-182,408
2,123,154,3912,-156,474
2,123,154,3926,-121,403
2,123,154,3934,-156,474
2,123,155,3900,-451,212
2,123,155,3936,-179,466
2,123,155,3941,-201,427
2,123,156,3881,-277,416
2,123,156,3908,-421,267
2,123,156,3923,-277,416
2,123,157,3911,-283,312
2,123,157,3911,-275,319
2,123,157,3930,-167,470
2,123,157,3947,-248,372
2,123,157,3950,-258,299
2,123,159,3906,-408,287
2,123,159,3933,-342,-8
2,123,159,3934,-212,451
2,123,159,3935,-250,149
2,123,160,3897,-335,371
2,123,160,3906,-441,236
2,123,160,3906,-429,257
2,123,160,3915,-275,319
2,123,160,3919,-194,249
2,123,160,3930,-191,462
2,123,161,3925,-203,457
2,123,161,3930,-212,451
2,123,161,3934,-219,228
2,123,161,4010,-266,-360
2,123,162,3912,-283,346
2,123,162,3912,-275,319
2,123,162,3913,-275,319
2,123,162,3914,-283,312
2,123,162,3929,-224,447
2,123,162,3933,-236,441
2,123,162,3953,-283,312
2,123,162,4008,-274,-353
2,123,163,3902,-326,266
2,123,163,3903,-408,287
2,123,163,3913,-300,332
2,123,163,3934,-246,435
2,123,164,3894,-292,339
2,123,164,3901,-319,274
2,123,164,3902,-292,339
2,123,164,3903,-421,267
2,123,164,3911,-292,339
2,123,164,3930,-224,447
2,123,165,3893,-326,378
2,123,165,3893,-292,339
2,123,165,3901,-292,339
2,123,165,3909,-292,339
2,123,165,3917,-212,451
2,123,165,3918,-212,451
2,123,165,3919,-203,457
2,123,165,3921,-212,451
2,123,165,3925,-224,447
2,123,165,3929,-290,373
2,123,166,3923,-224,447
2,123,166,3930,-300,366
2,123,167,3906,-309,358
2,123,167,3907,-318,351
2,123,167,3908,-318,351
2,123,167,3913,-345,361
2,123,167,3914,-361,345
2,123,167,3915,-361,345
2,123,167,3924,-224,447
2,123,167,3926,-236,441
2,123,167,3929,-300,366
2,123,167,3936,-345,361
2,123,168,3898,-309,358
2,123,168,3904,-326,378
2,123,168,3906,-318,351
2,123,168,3906,-309,358
2,123,168,3920,-361,345
2,123,169,3898,-376,324
2,123,169,3898,-337,290
2,123,169,3918,-361,345
2,123,169,3937,-335,371
2,123,170,3903,-326,378
2,123,170,3908,-500,0
2,123,170,3942,-419,-31
2,123,170,3945,-421,0
2,123,170,3968,-366,0
2,123,171,3904,-335,371
2,123,171,3914,-345,361
2,123,171,3916,-361,345
2,123,171,3916,-345,361
2,123,171,3921,-378,326
2,123,171,3945,-457,125
2,123,171,3946,-419,-31
2,123,172,3901,-326,378
2,123,172,3917,-378,326
2,123,172,3923,-326,378
2,123,173,3902,-335,371
2,123,173,3923,-326,378
2,123,173,3940,-447,0
2,123,173,3972,-447,0
2,123,174,3899,-335,371
2,123,174,3899,-326,378
2,123,174,3900,-335,371
2,123,174,3906,-353,353
2,123,174,3907,-353,353
2,123,174,3915,-353,353
2,123,175,3898,-335,371
2,123,175,3899,-335,371
2,123,175,3906,-353,353
2,123,175,3907,-353,353
2,123,175,3914,-306,394
2,123,175,3917,-316,386
2,123,175,4007,-500,0
2,123,176,3896,-439,234
2,123,176,3918,-326,378
2,123,176,3918,-316,386
2,123,176,3919,-361,345
2,123,176,3919,-316,386
2,123,176,3944,-148,449
2,123,177,3895,-326,378
2,123,177,3968,-473,0
2,123,177,3976,-473,0
2,123,177,3996,-438,-181
2,123,178,3895,-324,376
2,123,178,3902,-353,353
2,123,178,3903,-353,353
2,123,178,3904,-353,353
2,123,178,3909,-353,353
2,123,178,3912,-353,353
2,123,178,4005,-500,0
2,123,179,3909,-361,345
2,123,180,3904,-287,408
2,123,180,3908,-361,345
2,123,180,3908,-353,353
2,123,180,3939,-361,345
2,123,180,3939,-335,371
2,123,180,3947,-361,345
2,123,181,3893,-405,242
2,123,181,3894,-410,231
2,123,181,3899,-353,353
2,123,181,3901,-353,353
2,123,181,3903,-353,353
2,123,181,3905,-296,402
2,123,181,3907,-345,361
2,123,181,3917,-345,361
2,123,181,3920,-345,361
2,123,181,3921,-345,361
2,123,181,3922,-361,345
2,123,181,3922,-345,361
2,123,181,3925,-345,361
2,123,181,3936,-473,0
2,123,181,3938,-335,371
2,123,181,3938,-316,386
2,123,181,3939,-335,371
2,123,181,3972,-473,0
2,123,182,3904,-306,394
2,123,182,3905,-345,361
2,123,182,3906,-353,353
2,123,182,3906,-316,386
2,123,182,3938,-361,345
2,123,183,3901,-296,402
2,123,183,3906,-326,378
2,123,184,3901,-335,371
2,123,184,3902,-359,343
2,123,184,3907,-335,371
2,123,184,3914,-345,361
2,123,184,3918,-353,353
2,123,184,3918,-345,361
2,123,184,3919,-353,353
2,123,185,3894,-359,343
2,123,185,3894,-351,351
2,123,185,3895,-359,343
2,123,185,3895,-351,351
2,123,185,3896,-359,343
2,123,185,3896,-351,351
2,123,185,3897,-359,343
2,123,185,3897,-351,351
2,123,185,3898,-359,343
2,123,185,3898,-351,351
2,123,185,3899,-359,343
2,123,185,3899,-351,351
2,123,185,3901,-359,343
2,123,185,3901,-353,353
2,123,185,3901,-351,351
2,123,185,3902,-359,343
2,123,185,3902,-351,351
2,123,185,3902,-316,386
2,123,185,3903,-351,351
2,123,185,3903,-344,358
2,123,185,3904,-351,351
2,123,185,3904,-344,358
2,123,185,3905,-359,343
2,123,185,3905,-351,351
2,123,185,3906,-359,343
2,123,185,3906,-351,351
2,123,185,3906,-334,368
2,123,185,3907,-351,351
2,123,185,3907,-344,358
2,123,185,3907,-334,368
2,123,185,3908,-351,351
2,123,185,3908,-344,358
2,123,185,3909,-359,343
2,123,185,3909,-351,351
2,123,185,3910,-353,353
2,123,185,3916,-345,361
2,123,185,3921,-345,361
2,123,186,3893,-344,358
2,123,186,3894,-359,343
2,123,186,3898,-344,358
2,123,186,3902,-344,358
2,123,186,3903,-326,378
2,123,186,3904,-334,368
2,123,186,3909,-359,343
2,123,186,3913,-378,326
2,123,187,3901,-340,325
2,123,187,3902,-340,325
2,123,187,3903,-350,316
2,123,187,3903,-340,325
2,123,187,3904,-357,307
2,123,187,3909,-369,333
2,123,187,3909,-359,343
2,123,187,3912,-386,316
2,123,188,3892,-340,325
2,123,188,3901,-350,316
2,123,188,3903,-350,316
2,123,188,3903,-340,325
2,123,188,3904,-357,307
2,123,188,3904,-340,325
2,123,188,3905,-340,325
2,123,188,3906,-340,325
2,123,188,3915,-353,353
2,123,188,3915,-345,361
2,123,189,3903,-364,298
2,123,189,3912,-394,306
2,123,190,3893,-371,335
2,123,190,3894,-371,335
2,123,190,3896,-371,335
2,123,190,3897,-371,335
2,123,190,3900,-371,335
2,123,190,3901,-371,335
2,123,190,3902,-371,335
2,123,190,3904,-371,335
2,123,190,3909,-378,326
2,123,190,3913,-402,296
2,123,190,3914,-416,277
2,123,190,3940,-500,0
2,123,192,3913,-408,287
2,123,193,3932,-500,0
2,123,193,3944,-500,0
2,123,193,3976,-500,0
2,123,193,3983,-500,0
2,123,196,3977,-500,0
2,123,198,3930,-421,9
2,123,198,3932,-500,0
2,123,198,3944,-500,0
2,123,198,3969,-500,0
2,123,198,3976,-500,0
2,123,198,3983,-500,0
2,123,200,3940,-500,0
3,12,82,422,-141,155
3,12,82,422,-123,135
3,12,82,430,-46,-231
3,12,82,461,25,-339
3,12,90,428,255,18
3,12,91,429,235,-5
3,12,95,467,0,-316
3,12,127,467,237,-205
3,12,130,340,81,248
3,12,132,459,0,-421
3,12,132,464,0,-447
3,12,136,459,0,-421
3,12,139,312,0,500
3,12,139,327,0,380
3,12,139,338,0,447
3,12,139,341,0,421
3,12,139,343,0,395
3,12,139,345,0,104
3,12,139,354,0,26
3,12,139,361,-23,12
3,12,139,362,0,238
3,12,139,363,-289,-183
3,12,139,365,0,159
3,12,139,369,0,0
3,12,139,371,-12,-23
3,12,140,337,-33,445
3,12,140,341,-31,419
3,12,140,341,-21,421
3,12,140,361,-25,261
3,12,140,366,-266,-118
3,12,141,337,-33,445
3,12,141,362,-45,260
3,12,141,366,-457,-126
3,12,142,363,-262,-19
3,12,142,365,-466,-81
3,12,143,353,-84,278
3,12,144,355,-141,396
3,12,144,456,-17,-182
3,12,147,317,-132,482
3,12,148,316,-121,484
3,12,148,345,-123,375
3,12,148,357,-134,163
3,12,148,369,44,-177
3,12,148,448,-319,-275
3,12,149,340,-132,400
3,12,149,361,-62,-310
3,12,150,367,62,-227
3,12,151,331,-137,453
3,12,151,336,-150,421
3,12,151,336,-140,424
3,12,151,353,-235,245
3,12,151,356,-217,226
3,12,151,357,-383,-96
3,12,151,369,140,-155
3,12,151,453,82,-101
3,12,152,449,-312,-283
3,12,154,364,106,-298
3,12,156,443,0,-212
3,12,156,459,0,-421
3,12,157,361,-97,-273
3,12,157,371,86,-130
3,12,157,463,-10,-209
3,12,158,335,-345,361
3,12,158,348,-291,304
3,12,158,359,-131,-317
3,12,158,457,-378,-326
3,12,159,453,-72,-362
3,12,160,369,-319,-275
3,12,161,361,-118,-266
3,12,162,458,-378,-326
3,12,163,330,-326,378
3,12,163,332,-326,378
3,12,163,367,105,-210
3,12,164,332,-345,361
3,12,164,362,-123,-262
3,12,165,332,-345,361
3,12,165,365,-6,-261
3,12,165,369,170,-120
3,12,166,330,-335,371
3,12,166,365,-6,-261
3,12,166,368,66,-201
3,12,166,370,153,-146
3,12,167,326,-316,386
3,12,167,330,-345,361
3,12,167,331,-345,361
3,12,167,332,-345,361
3,12,167,336,-345,361
3,12,167,359,-106,-323
3,12,167,368,74,-226
3,12,167,370,86,-130
3,12,168,352,-377,239
3,12,168,363,-123,-231
3,12,168,364,-25,-260
3,12,169,328,-335,371
3,12,169,330,-335,371
3,12,169,334,-345,361
3,12,169,365,-90,-218
3,12,170,371,-179,49
3,12,170,465,8,-369
3,12,170,468,7,-342
3,12,171,328,-361,345
3,12,171,329,-361,345
3,12,171,329,-353,353
3,12,171,330,-361,345
3,12,171,331,-361,345
3,12,171,332,-353,353
3,12,171,354,-361,345
3,12,171,365,160,-242
3,12,172,331,-353,353
3,12,172,333,-345,361
3,12,172,334,-345,361
3,12,172,350,-266,255
3,12,172,355,-148,449
3,12,172,426,184,-99
3,12,173,328,-335,371
3,12,173,328,-277,416
3,12,173,332,-353,353
3,12,173,351,-335,371
3,12,173,447,-219,-229
3,12,174,340,-345,361
3,12,174,343,-345,361
3,12,174,344,-345,361
3,12,174,347,-345,361
3,12,175,330,-345,361
3,12,175,330,-335,371
3,12,175,331,-345,361
3,12,175,340,-345,361
3,12,175,343,-345,361
3,12,175,344,-345,361
3,12,175,345,-376,324
3,12,175,347,-345,361
3,12,175,473,-353,-353
3,12,176,327,-335,371
3,12,176,328,-335,371
3,12,176,329,-353,353
3,12,176,330,-353,353
3,12,176,330,-335,371
3,12,176,330,-316,386
3,12,176,331,-335,371
3,12,176,336,-353,353
3,12,176,340,-345,361
3,12,176,343,-345,361
3,12,176,350,-361,345
3,12,176,359,-270,210
3,12,177,328,-353,353
3,12,177,336,-353,353
3,12,177,336,-345,361
3,12,177,337,-345,361
3,12,177,340,-345,361
3,12,177,352,-500,0
3,12,178,329,-335,371
3,12,178,330,-345,361
3,12,178,330,-335,371
3,12,178,331,-353,353
3,12,178,331,-345,361
3,12,178,331,-335,371
3,12,178,332,-353,353
3,12,178,332,-345,361
3,12,178,333,-353,353
3,12,178,336,-353,353
3,12,178,336,-345,361
3,12,178,337,-345,361
3,12,178,339,-345,361
3,12,178,340,-345,361
3,12,178,345,-345,361
3,12,178,347,-345,361
3,12,178,451,-255,-266
3,12,178,476,-353,-353
3,12,179,327,-335,371
3,12,179,332,-345,361
3,12,179,333,-353,353
3,12,179,336,-345,361
3,12,179,339,-335,371
3,12,179,340,-353,353
3,12,179,346,-361,345
3,12,179,346,-345,361
3,12,179,347,-345,361
3,12,179,356,-116,141
3,12,179,357,-132,161
3,12,180,333,-361,345
3,12,180,333,-353,353
3,12,180,350,-310,281
3,12,180,355,-136,158
3,12,180,356,-151,144
3,12,180,356,-136,158
3,12,181,342,-345,361
3,12,181,352,-176,194
3,12,184,453,-323,-309
3,12,184,454,-323,-309
3,12,185,350,-227,216
3,12,185,350,-217,226
3,12,185,350,-205,237
3,12,189,392,-238,0
3,12,189,472,-353,-353
3,12,192,372,-238,0
3,12,192,477,-345,-361
3,12,193,394,-195,215
3,12,193,452,-353,-274
3,12,194,345,-283,312
3,12,194,348,-298,297
3,12,194,452,-346,-283
3,12,194,464,-361,-345
3,12,195,347,-304,291
3,12,195,348,-304,291
3,12,195,350,-326,266
3,12,195,363,-411,92
3,12,195,364,-407,111
3,12,195,457,-148,-450
3,12,196,346,-304,291
3,12,196,350,-326,266
3,12,196,351,-326,266
3,12,196,460,-306,-394
3,12,197,437,-372,-132
3,12,198,357,-377,189
3,12,198,367,-389,67
3,12,198,460,-300,-366
3,12,199,342,-309,323
3,12,200,362,-403,121
3,12,200,441,-442,-170
3,12,200,461,-386,-316
3,12,201,345,-339,291
3,12,201,363,-403,121
3,12,202,389,-421,0
3,12,202,425,-421,0
3,12,203,330,-359,343
3,12,204,362,-432,118
3,12,204,366,-441,76
3,12,204,415,-369,0
3,12,204,447,-412,-233
3,12,205,356,-438,181
3,12,205,356,-433,192
3,12,205,366,-442,66
3,12,205,423,-447,0
3,12,205,446,-470,-167
3,12,205,461,-394,-306
3,12,205,461,-386,-316
3,12,206,330,-394,306
3,12,206,442,-438,-181
3,12,206,443,-464,-92
3,12,207,326,-350,316
3,12,207,326,-340,325
3,12,207,352,-361,345
3,12,207,352,-345,361
3,12,208,352,-345,361
3,12,208,361,-457,125
3,12,209,332,-345,361
3,12,209,333,-345,361
3,12,209,334,-353,353
3,12,209,334,-345,361
3,12,209,385,-473,-24
3,12,209,404,-473,10
3,12,209,410,-473,10
3,12,209,432,-472,-46
3,12,209,442,-478,-144
3,12,209,444,-438,-181
3,12,210,331,-345,361
3,12,210,331,-335,371
3,12,210,334,-353,353
3,12,210,442,-442,-170
3,12,210,456,-478,-144
3,12,211,330,-359,343
3,12,211,334,-361,345
3,12,211,347,-345,361
3,12,211,365,-313,46
3,12,211,375,-441,236
3,12,211,453,-441,-236
3,12,212,329,-369,333
3,12,212,333,-361,345
3,12,212,346,-335,371
3,12,212,348,-345,361
3,12,213,362,-464,92
3,12,213,363,-464,92
3,12,213,388,-473,0
3,12,213,392,-473,0
3,12,213,402,-473,0
3,12,213,419,-473,0
3,12,213,420,-473,0
3,12,213,446,-470,-167
3,12,216,337,-361,345
3,12,216,352,-500,0
3,12,216,430,-345,-361
3,12,217,351,-353,353
3,12,217,355,-500,0
3,12,219,443,-482,-132
3,12,219,444,-478,-144
3,12,220,356,-500,0
3,12,220,370,-441,236
3,12,223,446,-457,-203
3,12,224,368,-441,236
3,12,226,384,-498,-37
3,39,130,1204,74,248
3,39,133,1204,201,201
3,39,134,1204,203,203
3,39,137,1204,123,246
3,39,139,1202,0,447
3,39,139,1206,245,245
3,39,139,1207,101,335
3,39,139,1210,0,104
3,39,139,1212,0,369
3,39,139,1220,0,26
3,39,139,1222,-8,24
3,39,139,1222,0,342
3,39,139,1228,-21,-14
3,39,139,1232,0,0
3,39,139,1235,-29,-43
3,39,141,1210,112,314
3,39,142,1227,-95,246
3,39,142,1229,-466,-81
3,39,144,1297,-248,372
3,39,145,1220,-171,414
3,39,147,1235,115,-62
3,39,148,1203,-129,428
3,39,149,1177,-121,484
3,39,151,1228,-100,-242
3,39,151,1233,140,-155
3,39,152,1179,-156,474
3,39,152,1228,-25,-260
3,39,152,1233,116,-174
3,39,153,1228,-100,-242
3,39,153,1228,-69,-252
3,39,153,1235,126,-34
3,39,154,1196,-181,438
3,39,154,1228,-57,-255
3,39,154,1233,116,-174
3,39,155,1232,89,-218
3,39,155,1235,94,-50
3,39,156,1226,-349,186
3,39,156,1233,179,-108
3,39,156,1234,103,-155
3,39,156,1234,143,-117
3,39,156,1235,159,-96
3,39,157,1228,35,-288
3,39,157,1234,88,-133
3,39,157,1234,103,-155
3,39,158,1229,-57,-255
3,39,159,1231,-200,-172
3,39,160,1234,-173,-121
3,39,161,1198,-361,345
3,39,161,1199,-335,371
3,39,162,1218,-121,-403
3,39,163,1197,-345,361
3,39,163,1234,-208,-41
3,39,164,1196,-345,361
3,39,165,1196,-345,361
3,39,167,1194,-345,361
3,39,171,1218,-361,345
3,39,173,1192,-277,416
3,39,174,1207,-345,361
3,39,174,1230,-442,66
3,39,175,1207,-345,361
3,39,176,1224,-148,449
3,39,177,1192,-353,353
3,39,177,1227,-462,103
3,39,178,1193,-353,353
3,39,178,1193,-335,371
3,39,178,1194,-335,371
3,39,178,1195,-335,371
3,39,178,1200,-353,353
3,39,179,1198,-361,345
3,39,179,1219,-148,449
3,39,180,1219,-335,371
3,39,180,1227,-361,345
3,39,181,1218,-361,345
3,39,181,1219,-361,345
3,39,181,1227,-462,103
3,39,182,1217,-326,378
3,39,182,1218,-361,345
3,39,182,1268,56,53
3,39,183,1228,-464,92
3,39,186,1227,-462,103
3,39,186,1229,-494,74
3,39,189,1292,-447,0
3,39,191,1227,-411,92
3,39,191,1227,-407,111
3,39,194,1225,-428,129
3,39,195,1212,-345,361
3,39,196,1223,-446,158
3,39,196,1231,-444,53
3,39,197,1223,-450,148
3,39,202,1236,-130,0
3,39,203,1223,-478,144
3,39,204,1231,-444,53
3,39,205,1235,-447,0
3,39,206,1204,-345,361
3,39,207,1236,-366,0
3,39,208,1220,-482,132
3,39,210,1292,-473,0
3,39,218,1236,-500,0
3,39,220,1292,-500,0
3,39,225,1292,-500,0
3,39,227,1235,-500,25
3,39,227,1235,-498,48
3,69,126,2187,0,0
3,69,127,2187,0,0
3,69,127,2187,22,12
3,69,127,2187,28,-128
3,69,127,2187,103,-462
3,69,127,2187,241,-344
3,69,129,2188,-254,-230
3,69,130,2188,-118,-220
3,69,130,2188,-23,-12
3,69,130,2195,138,-74
3,69,131,2187,0,0
3,69,131,2187,35,-288
3,69,131,2187,130,0
3,69,132,2187,22,12
3,69,132,2187,22,13
3,69,133,2187,94,-44
3,69,133,2195,-176,-58
3,69,133,2195,-113,-108
3,69,134,2187,0,209
3,69,134,2187,130,-12
3,69,135,2187,0,0
3,69,135,2187,23,11
3,69,135,2190,0,183
3,69,135,2193,-61,-172
3,69,136,2187,2,-52
3,69,136,2187,130,0
3,69,137,2187,0,0
3,69,137,2187,46,312
3,69,137,2195,-366,151
3,69,138,2190,25,167
3,69,139,2169,-366,18
3,69,139,2172,0,369
3,69,139,2173,0,52
3,69,139,2182,-5,25
3,69,139,2182,-4,25
3,69,139,2183,-10,24
3,69,139,2184,0,287
3,69,139,2186,-7,25
3,69,140,2183,-3,25
3,69,141,2186,-335,-335
3,69,141,2187,61,-87
3,69,141,2195,-150,45
3,69,142,2150,-121,484
3,69,147,2143,-132,482
3,69,148,2170,-132,371
3,69,150,2191,57,-228
3,69,150,2193,144,-151
3,69,158,2187,-183,0
3,69,158,2194,101,-82
3,69,162,2195,138,-74
3,69,163,2194,121,-99
3,69,164,2155,-345,361
3,69,164,2194,116,-174
3,69,164,2195,138,-74
3,69,165,2186,-130,-260
3,69,165,2193,173,-121
3,69,166,2161,-345,361
3,69,166,2188,-6,-261
3,69,167,2160,-345,361
3,69,167,2192,74,-226
3,69,167,2194,86,-130
3,69,169,2158,-345,361
3,69,170,2178,-361,345
3,69,171,2191,105,-210
3,69,173,2152,-277,416
3,69,173,2175,-335,371
3,69,174,2164,-345,361
3,69,174,2168,-345,361
3,69,174,2171,-345,361
3,69,175,2162,-378,326
3,69,175,2164,-345,361
3,69,175,2167,-345,361
3,69,175,2171,-345,361
3,69,176,2160,-353,353
3,69,176,2164,-345,361
3,69,176,2167,-345,361
3,69,177,2152,-353,353
3,69,177,2160,-345,361
3,69,177,2161,-345,361
3,69,178,2153,-335,371
3,69,178,2154,-345,361
3,69,178,2154,-335,371
3,69,178,2155,-335,371
3,69,178,2160,-353,353
3,69,179,2156,-361,345
3,69,179,2181,-151,144
3,69,179,2181,-132,161
3,69,180,2156,-361,345
3,69,180,2180,-151,144
3,69,185,2174,-227,216
3,69,185,2174,-217,226
3,69,194,2169,-283,312
3,69,194,2240,-369,0
3,69,196,2153,-353,353
3,69,197,2175,-353,274
3,69,199,2170,-291,263
3,69,205,2190,-442,66
3,69,209,2158,-353,353
3,69,209,2158,-345,361
3,69,214,2160,-345,361
3,88,125,2884,-303,248
3,88,131,2868,22,-13
3,88,131,2868,26,-1
3,88,135,2868,-394,306
3,88,136,2865,0,-287
3,88,138,2860,-261,-39
3,88,139,2866,-363,63
3,88,143,2881,-76,-307
3,88,144,2866,-356,-98
3,88,147,2889,-112,-407
3,88,147,2893,-108,-433
3,88,149,2889,-141,-396
3,88,149,2915,-121,-484
3,88,149,2918,-121,-484
3,88,150,2896,-137,-453
3,88,152,2867,-339,-203
3,88,152,2916,-156,-474
3,88,156,2897,-287,-408
3,88,156,2908,0,-500
3,88,162,2871,-107,325
3,88,163,2865,178,229
3,88,166,2867,-119,236
3,88,166,2867,-6,261
3,88,166,2905,-335,-371
3,88,167,2863,-101,214
3,88,167,2884,-346,-283
3,88,167,2889,-335,-371
3,88,171,2897,-345,-361
3,88,171,2899,-287,-408
3,88,172,2858,33,-39
3,88,172,2905,-361,-345
3,88,173,2903,-353,-353
3,88,173,2903,-287,-408
3,88,174,2903,-287,-408
3,88,175,2896,-371,-335
3,88,175,2898,-345,-361
3,88,175,2898,-335,-371
3,88,176,2895,-353,-353
3,88,177,2889,-335,-371
3,88,177,2893,-345,-361
3,88,177,2900,-345,-361
3,88,177,2904,-353,-353
3,88,178,2887,-361,-345
3,88,178,2896,-345,-361
3,88,178,2900,-353,-353
3,88,178,2901,-345,-361
3,88,178,2901,-335,-371
3,88,178,2902,-335,-371
3,88,178,2904,-345,-361
3,88,179,2889,-335,-371
3,88,179,2893,-345,-361
3,88,179,2898,-361,-345
3,88,179,2899,-361,-345
3,88,179,2905,-335,-371
3,88,181,2895,-416,-277
3,88,181,2905,-345,-361
3,88,183,2874,-248,-274
3,88,183,2898,-371,-335
3,88,184,2870,-104,-271
3,88,184,2903,-361,-345
3,88,184,2903,-345,-361
3,88,184,2907,-344,-359
3,88,185,2907,-344,-359
3,88,185,2909,-334,-369
3,88,186,2876,-265,-293
3,88,186,2906,-359,-344
3,88,188,2859,-26,0
3,88,188,2901,-371,-335
3,88,188,2907,-344,-359
3,88,190,2890,-345,-361
3,88,190,2900,-353,-353
3,88,191,2889,-335,-371
3,88,193,2863,-300,-99
3,88,193,2894,-361,-345
3,88,194,2893,-345,-361
3,88,194,2903,-345,-361
3,88,194,2904,-345,-361
3,88,195,2860,-478,-144
3,88,195,2868,-433,-108
3,88,195,2870,-459,-114
3,88,195,2903,-361,-345
3,88,195,2903,-353,-353
3,88,196,2868,-375,-123
3,88,196,2872,-446,-159
3,88,196,2873,-446,-159
3,88,196,2903,-345,-361
3,88,196,2904,-345,-361
3,88,197,2888,-300,-332
3,88,197,2889,-300,-332
3,88,197,2907,-344,-359
3,88,198,2886,-323,-309
3,88,198,2906,-351,-351
3,88,199,2864,-356,-98
3,88,199,2907,-344,-359
3,88,200,2891,-371,-335
3,88,200,2901,-361,-345
3,88,201,2875,-424,-212
3,88,203,2859,-421,0
3,88,203,2884,-361,-345
3,88,204,2903,-353,-353
3,88,204,2904,-353,-353
3,88,205,2871,-484,-121
3,88,205,2903,-345,-361
3,88,205,2904,-345,-361
3,88,206,2883,-335,-371
3,88,208,2874,-482,-132
3,88,208,2880,-500,-25
3,88,209,2881,-361,-345
3,88,212,2859,-500,0
3,88,212,2898,-353,-353
3,88,213,2859,-473,0
3,88,213,2881,-441,-236
3,88,213,2890,-345,-361
3,88,214,2874,-484,-121
3,88,215,2873,-488,-109
3,88,215,2874,-484,-121
3,88,218,2877,-416,-277
3,88,219,2875,-482,-132
3,88,220,2862,-496,-60
3,88,220,2874,-457,-203
3,88,220,2877,-361,-345
3,88,222,2859,-500,0
3,88,226,2859,-500,0
3,114,81,3649,-174,-116
3,114,82,3649,-152,-101
3,114,88,3619,0,185
3,114,89,3631,282,-189
3,114,100,3621,0,159
3,114,107,3598,0,447
3,114,107,3621,0,159
3,114,132,3602,0,447
3,114,135,3729,-148,-450
3,114,136,3742,85,-492
3,114,138,3618,-177,196
3,114,138,3729,23,-473
3,114,139,3693,-97,21
3,114,139,3693,-23,11
3,114,139,3693,0,0
3,114,139,3694,-85,59
3,114,139,3694,-78,9
3,114,139,3694,-73,28
3,114,139,3694,-29,-43
3,114,139,3694,-5,25
3,114,139,3695,-280,-77
3,114,139,3695,-25,5
3,114,139,3695,-8,-25
3,114,139,3697,-151,18
3,114,139,3697,-133,-155
3,114,139,3697,-92,182
3,114,139,3697,-25,-5
3,114,139,3697,0,0
3,114,139,3698,-46,23
3,114,139,3698,-15,21
3,114,139,3698,0,0
3,114,139,3699,-25,5
3,114,139,3699,-25,6
3,114,139,3699,-24,-74
3,114,139,3699,0,0
3,114,139,3699,0,78
3,114,139,3700,0,104
3,114,139,3701,-26,3
3,114,139,3702,-24,-9
3,114,139,3702,0,104
3,114,139,3702,0,340
3,114,139,3703,-21,-15
3,114,139,3703,0,130
3,114,139,3704,0,262
3,114,139,3722,0,-421
3,114,139,3723,0,-421
3,114,139,3725,0,-447
3,114,139,3726,0,-314
3,114,139,3729,0,-473
3,114,139,3732,0,-500
3,114,139,3733,0,-473
3,114,141,3710,223,417
3,114,142,3712,-70,-281
3,114,142,3713,-58,-258
3,114,144,3710,328,219
3,114,144,3717,-83,-332
3,114,146,3713,315,30
3,114,147,3713,367,35
3,114,148,3619,-94,90
3,114,148,3746,-132,-482
3,114,149,3728,-126,-457
3,114,150,3728,-137,-453
3,114,155,3601,33,445
3,114,156,3598,0,447
3,114,156,3602,0,447
3,114,163,3718,-345,-361
3,114,163,3719,-277,-416
3,114,164,3587,0,500
3,114,164,3697,160,241
3,114,164,3702,-75,334
3,114,164,3718,-345,-361
3,114,164,3718,-326,-378
3,114,164,3731,-345,-361
3,114,165,3695,-130,259
3,114,165,3719,-345,-361
3,114,165,3719,-327,-342
3,114,165,3719,-326,-378
3,114,167,3749,0,-418
3,114,168,3713,-365,-257
3,114,168,3731,-345,-361
3,114,168,3732,-345,-361
3,114,168,3733,-345,-361
3,114,168,3734,-345,-361
3,114,170,3617,-191,182
3,114,170,3617,-142,157
3,114,171,3726,-345,-361
3,114,172,3732,-361,-345
3,114,172,3732,-353,-353
3,114,172,3733,-353,-353
3,114,173,3718,-374,-290
3,114,173,3729,-353,-353
3,114,174,3713,-248,-237
3,114,174,3731,-345,-361
3,114,175,3720,-345,-361
3,114,175,3731,-353,-353
3,114,176,3579,0,395
3,114,176,3727,-353,-353
3,114,176,3728,-353,-353
3,114,176,3728,-345,-361
3,114,176,3734,-353,-353
3,114,177,3594,-353,353
3,114,177,3724,-345,-361
3,114,177,3725,-345,-361
3,114,177,3735,-353,-353
3,114,178,3717,-345,-361
3,114,178,3721,-335,-371
3,114,178,3725,-345,-361
3,114,178,3728,-345,-361
3,114,179,3725,-353,-353
3,114,179,3725,-345,-361
3,114,179,3725,-335,-371
3,114,179,3728,-345,-361
3,114,179,3730,-361,-345
3,114,179,3731,-361,-345
3,114,179,3732,-361,-345
3,114,180,3592,-353,353
3,114,180,3610,-132,371
3,114,180,3728,-345,-361
3,114,181,3715,-321,-307
3,114,181,3737,-345,-361
3,114,182,3721,-345,-361
3,114,183,3726,-70,-197
3,114,185,3725,-345,-361
3,114,185,3741,-334,-369
3,114,188,3621,-265,216
3,114,188,3648,-285,190
3,114,189,3592,-378,326
3,114,189,3728,-345,-361
3,114,189,3735,-345,-361
3,114,190,3735,-345,-361
3,114,190,3736,-345,-361
3,114,191,3731,-353,-353
3,114,192,3732,-353,-353
3,114,193,3690,-298,-106
3,114,194,3735,-353,-353
3,114,194,3739,-344,-359
3,114,195,3616,-326,266
3,114,195,3622,-349,186
3,114,195,3622,-344,194
3,114,195,3691,-320,-123
3,114,196,3596,0,500
3,114,196,3600,0,500
3,114,196,3610,-298,297
3,114,196,3702,-369,-142
3,114,196,3709,-287,-408
3,114,196,3739,-344,-359
3,114,197,3605,-292,339
3,114,197,3634,-287,14
3,114,197,3701,-372,-132
3,114,197,3739,-344,-359
3,114,198,3700,-367,-207
3,114,198,3701,-432,-119
3,114,199,3703,-390,-161
3,114,200,3612,-353,274
3,114,200,3688,-260,19
3,114,200,3693,-261,-13
3,114,200,3700,-403,-121
3,114,201,3613,-353,274
3,114,201,3694,-400,-132
3,114,202,3683,-421,0
3,114,202,3684,-421,0
3,114,203,3615,-384,230
3,114,203,3679,-208,20
3,114,203,3704,-421,-150
3,114,204,3683,-421,0
3,114,204,3702,-459,-114
3,114,205,3683,-447,0
3,114,205,3684,-447,0
3,114,205,3691,-447,0
3,114,205,3703,-484,-121
3,114,206,3688,-234,22
3,114,207,3700,-358,-80
3,114,209,3684,-473,0
3,114,209,3708,-438,-181
3,114,210,3691,-380,0
3,114,210,3733,-378,-326
3,114,211,3684,-492,-85
3,114,212,3705,-482,-132
3,114,213,3682,-473,10
3,114,213,3683,-473,0
3,114,213,3684,-473,0
3,114,213,3685,-451,-212
3,114,213,3688,-365,-27
3,114,213,3691,-473,0
3,114,213,3705,-484,-121
3,114,213,3707,-478,-144
3,114,216,3697,-482,-132
3,114,219,3705,-408,-287
3,114,219,3707,-482,-132
3,114,220,3709,-361,-345
3,114,223,3696,-425,-176
3,114,224,3693,-466,-179
3,114,224,3694,-470,-167
3,114,225,3696,-466,-179
3,114,225,3697,-466,-179
4,87,109,2861,87,-439
4,87,154,2866,462,-191
4,87,160,2843,-170,-162
4,87,161,2872,-156,-474
4,87,164,2867,85,-492
4,87,164,2874,224,-447
4,87,168,2877,-148,-450
4,87,171,2829,-112,67
4,87,171,2832,-15,-21
4,87,171,2834,0,0
4,87,171,2854,0,-289
4,87,171,2855,0,-130
4,87,171,2858,0,-421
4,87,172,2857,207,-111
4,87,173,2835,-91,-331
4,87,173,2874,-394,-306
4,87,174,2840,-79,-317
4,87,174,2855,-58,-391
4,87,175,2874,-441,-236
4,87,176,2859,-62,-416
4,87,178,2854,-137,-453
4,87,180,2857,-132,-400
4,87,185,2848,-326,-266
4,87,185,2862,-451,-212
4,87,188,2832,108,182
4,87,188,2861,-484,-121
4,87,190,2862,-478,-144
4,87,190,2871,-335,-371
4,87,191,2870,-361,-345
4,87,193,2859,-500,0
4,87,193,2860,-500,-25
4,87,193,2869,-402,-296
4,87,194,2870,-402,-296
4,87,194,2871,-386,-316
4,87,194,2874,-345,-361
4,87,195,2859,-500,0
4,87,195,2859,-485,0
4,87,195,2865,-466,-179
4,87,195,2866,-457,-203
4,87,195,2870,-416,-277
4,87,195,2870,-386,-316
4,87,196,2865,-470,-167
4,87,196,2865,-466,-179
4,87,196,2865,-457,-203
4,87,196,2866,-462,-191
4,87,196,2870,-421,-267
4,87,197,2865,-470,-167
4,87,197,2868,-447,-224
4,87,198,2863,-490,-97
4,87,198,2864,-482,-132
4,87,198,2867,-466,-179
4,87,202,2858,21,-421
4,87,203,2858,0,-421
4,87,207,2834,-217,-265
4,87,211,2849,-124,-347
4,87,213,2856,-141,-396
4,87,215,2855,-161,-390
4,87,215,2867,-148,-450
4,87,216,2859,-182,-409
4,87,229,2803,-395,8
4,87,234,2801,-419,31
4,87,235,2801,-419,31
4,87,237,2799,-442,66
4,87,238,2802,-447,10
4,87,245,2797,-470,57
5,39,160,1202,0,447
5,39,164,1234,132,-126
5,39,164,1235,138,-74
5,39,169,1235,101,22
5,39,182,1234,101,-152
5,39,184,1235,-26,0
5,39,185,1235,102,-20
5,39,186,1222,-96,123
5,39,188,1219,-170,162
5,39,188,1234,101,-152
5,39,189,1218,-176,194
5,39,191,1216,-193,213
5,39,202,1222,-96,123
5,39,204,1219,-170,162
5,39,207,1178,156,474
5,39,207,1193,-353,353
5,39,208,1193,-353,353
5,39,209,1186,97,490
5,39,209,1193,-353,353
5,39,209,1234,101,-152
5,39,210,1193,-353,353
5,39,210,1231,-246,-88
5,39,211,1193,-353,353
5,39,212,1193,-353,353
5,39,213,1193,-353,353
5,39,214,1193,-353,353
5,39,215,1189,-344,358
5,39,215,1193,-353,353
5,39,215,1234,-100,-30
5,39,216,1179,19,392
5,39,216,1193,-353,353
5,39,216,1235,-98,-35
5,39,216,1235,57,-87
5,39,217,1193,-353,353
5,39,217,1235,138,-74
5,39,218,1177,25,500
5,39,218,1179,26,364
5,39,218,1189,-344,358
5,39,218,1193,-353,353
5,39,218,1235,138,-74
5,39,219,1179,26,364
5,39,219,1184,0,471
5,39,219,1193,-353,353
5,39,219,1212,0,369
5,39,219,1219,0,104
5,39,220,1178,0,340
5,39,220,1179,18,366
5,39,220,1179,26,364
5,39,220,1187,0,500
5,39,220,1193,-353,353
5,39,220,1205,0,421
5,39,220,1212,0,369
5,39,220,1235,138,-74
5,39,221,1179,-8,366
5,39,221,1193,-353,353
5,39,222,1178,0,340
5,39,222,1179,0,340
5,39,222,1189,-344,358
5,39,222,1193,-353,353
5,39,222,1234,101,-152
5,39,223,1178,0,340
5,39,223,1179,0,340
5,39,223,1193,-353,353
5,39,224,1178,0,340
5,39,224,1180,0,387
5,39,224,1180,0,500
5,39,224,1181,0,366
5,39,224,1181,0,500
5,39,224,1182,0,366
5,39,224,1182,0,387
5,39,224,1183,0,366
5,39,224,1193,-353,353
5,39,224,1221,-32,126
5,39,225,1178,0,340
5,39,225,1180,-28,386
5,39,225,1180,-20,405
5,39,225,1193,-353,353
5,39,225,1219,-27,180
5,39,225,1221,-34,153
5,39,225,1235,138,-74
5,39,226,1178,-29,393
5,39,226,1178,0,340
5,39,226,1187,-333,332
5,39,226,1189,-344,358
5,39,226,1193,-353,353
5,39,226,1215,-55,201
5,39,226,1218,-88,246
5,39,226,1234,103,-155
5,39,227,1178,0,340
5,39,227,1179,0,340
5,39,227,1193,-353,353
5,39,227,1214,-96,270
5,39,227,1214,-90,273
5,39,227,1215,-96,270
5,39,228,1178,0,340
5,39,228,1179,0,340
5,39,228,1186,-74,494
5,39,228,1189,-344,358
5,39,228,1193,-353,353
5,39,229,1178,0,340
5,39,229,1181,-71,358
5,39,229,1182,-71,358
5,39,229,1193,-353,353
5,39,229,1210,-130,314
5,39,229,1234,101,-152
5,39,229,1235,138,-74
5,39,230,1178,0,340
5,39,230,1179,0,340
5,39,230,1189,-344,358
5,39,230,1193,-353,353
5,39,231,1178,0,340
5,39,231,1179,0,340
5,39,231,1179,26,364
5,39,231,1193,-353,353
5,39,232,1178,0,340
5,39,232,1193,-353,353
5,39,233,1178,0,340
5,39,233,1193,-353,353
5,39,234,1178,0,340
5,39,234,1179,0,340
5,39,234,1193,-353,353
5,39,235,1178,0,340
5,39,235,1189,-344,358
5,39,235,1193,-353,353
5,39,236,1178,0,340
5,39,236,1189,-344,358
5,39,236,1193,-353,353
5,39,237,1178,0,340
5,39,237,1193,-353,353
5,39,238,1178,0,340
5,39,238,1193,-353,353
5,39,239,1193,-353,353
5,39,240,1182,0,366
5,39,240,1193,-353,353
5,39,240,1218,0,209
5,39,240,1219,0,209
5,39,240,1220,0,157
5,39,240,1223,0,104
5,39,241,1193,-353,353
5,39,242,1182,0,366
5,39,242,1193,-353,353
5,39,243,1183,0,366
5,39,243,1189,-344,358
5,39,244,1182,0,366
5,39,245,1189,-344,358
5,39,248,1184,-240,341
5,39,250,1185,-281,343
5,39,265,1228,-408,101
5,39,265,1234,-287,14
5,39,269,1221,-417,160
5,39,271,1236,-366,0
5,39,272,1228,-441,76
5,39,273,1238,-473,-24
5,39,275,1242,-468,-70
5,39,276,1236,-500,0
5,39,277,1236,-473,0
5,39,277,1237,-473,0
6,88,156,2903,85,-492
6,88,208,2861,203,121
6,88,211,2914,167,-470
6,88,216,2914,50,-415
6,88,216,2917,38,-391
6,88,216,2919,47,-389
6,88,216,2920,47,-389
6,88,217,2906,45,-469
6,88,217,2907,45,-469
6,88,217,2909,43,-443
6,88,217,2910,53,-441
6,88,217,2911,40,-417
6,88,217,2913,50,-415
6,88,217,2914,50,-415
6,88,217,2916,38,-391
6,88,220,2875,0,-104
6,88,220,2906,0,-500
6,88,220,2906,0,-444
6,88,220,2907,0,-418
6,88,220,2910,0,-392
6,88,220,2914,0,-366
6,88,220,2915,0,-392
6,88,220,2915,0,-366
6,88,220,2916,0,-392
6,88,220,2917,0,-418
6,88,220,2917,0,-366
6,88,220,2918,0,-392
6,88,220,2918,0,-366
6,88,220,2921,0,-500
6,88,223,2917,0,-340
6,88,224,2869,0,-340
6,88,224,2880,0,-418
6,88,224,2908,-21,-418
6,88,224,2910,0,-392
6,88,224,2914,0,-392
6,88,224,2914,0,-366
6,88,224,2915,0,-403
6,88,224,2918,0,-361
6,88,225,2871,0,-287
6,88,225,2881,0,-418
6,88,225,2908,-22,-444
6,88,225,2908,-21,-418
6,88,225,2913,-20,-403
6,88,225,2916,-27,-365
6,88,225,2916,-18,-366
6,88,225,2916,-8,-366
6,88,225,2917,0,-340
6,88,226,2878,-50,-203
6,88,226,2898,-46,-469
6,88,226,2908,-31,-417
6,88,226,2908,-21,-418
6,88,226,2916,-27,-365
6,88,226,2916,-18,-366
6,88,226,2917,-29,-391
6,88,227,2908,-41,-417
6,88,227,2908,-21,-418
6,88,227,2916,-35,-365
6,88,227,2916,-18,-366
6,88,227,2916,0,-366
6,88,227,2917,0,-340
6,88,228,2891,-132,-482
6,88,228,2897,0,-471
6,88,228,2908,-21,-418
6,88,228,2916,-18,-366
6,88,228,2917,0,-340
6,88,229,2908,-21,-418
6,88,229,2916,-18,-366
6,88,229,2917,0,-340
6,88,230,2908,-21,-418
6,88,230,2916,-18,-366
6,88,231,2881,-193,-213
6,88,231,2897,0,-471
6,88,231,2908,-21,-418
6,88,231,2916,-18,-366
6,88,231,2917,0,-340
6,88,232,2908,-21,-418
6,88,232,2908,0,-418
6,88,232,2916,-18,-366
6,88,232,2916,0,-366
6,88,232,2916,8,-366
6,88,233,2908,-21,-418
6,88,233,2916,-18,-366
6,88,233,2916,18,-366
6,88,234,2908,-21,-418
6,88,234,2916,-18,-366
6,88,235,2888,0,-418
6,88,235,2908,-21,-418
6,88,235,2916,-18,-366
6,88,235,2917,0,-340
6,88,236,2877,0,-209
6,88,236,2897,-267,-421
6,88,236,2908,-21,-418
6,88,236,2916,-18,-366
6,88,236,2917,0,-340
6,88,237,2864,-152,37
6,88,237,2908,-21,-418
6,88,237,2916,-18,-366
6,88,238,2903,-345,-361
6,88,238,2908,-21,-418
6,88,238,2916,-18,-366
6,88,239,2903,-353,-353
6,88,239,2903,-345,-361
6,88,239,2908,-21,-418
6,88,239,2912,-150,-363
6,88,239,2914,-150,-363
6,88,239,2916,-18,-366
6,88,239,2917,0,-340
6,88,240,2903,-345,-361
6,88,240,2908,-21,-418
6,88,240,2915,-159,-358
6,88,240,2916,-18,-366
6,88,241,2894,-361,-345
6,88,241,2907,-344,-359
6,88,241,2908,-21,-418
6,88,241,2908,0,-418
6,88,241,2916,-18,-366
6,88,241,2916,0,-366
6,88,241,2916,8,-366
6,88,242,2903,-353,-353
6,88,242,2903,-345,-361
6,88,242,2907,-344,-359
6,88,242,2908,-21,-418
6,88,242,2916,-18,-366
6,88,242,2916,18,-366
6,88,243,2871,0,-287
6,88,243,2903,-353,-353
6,88,243,2903,-345,-361
6,88,243,2907,-344,-359
6,88,243,2908,-21,-418
6,88,243,2916,-18,-366
6,88,243,2917,0,-340
6,88,244,2903,-353,-353
6,88,244,2903,-345,-361
6,88,244,2907,-344,-359
6,88,244,2908,-21,-418
6,88,244,2909,-238,-375
6,88,244,2916,-18,-366
6,88,245,2903,-353,-353
6,88,245,2904,-345,-361
6,88,245,2906,-351,-351
6,88,245,2907,-344,-359
6,88,245,2908,-255,-363
6,88,245,2908,-21,-418
6,88,245,2913,-224,-353
6,88,245,2916,-18,-366
6,88,246,2903,-353,-353
6,88,246,2903,-345,-361
6,88,246,2904,-345,-361
6,88,246,2906,-351,-351
6,88,246,2907,-344,-359
6,88,246,2908,-21,-418
6,88,246,2916,-18,-366
6,88,247,2888,0,-418
6,88,247,2903,-345,-361
6,88,247,2904,-345,-361
6,88,247,2906,-351,-351
6,88,247,2907,-344,-359
6,88,247,2908,-21,-418
6,88,247,2916,-18,-366
6,88,247,2917,0,-340
6,88,248,2894,-25,-497
6,88,248,2897,0,-471
6,88,248,2906,-351,-351
6,88,248,2907,-344,-359
6,88,248,2908,-21,-418
6,88,248,2916,-18,-366
6,88,248,2917,0,-340
6,88,249,2902,-361,-345
6,88,249,2906,-359,-344
6,88,249,2906,-351,-351
6,88,249,2906,-344,-359
6,88,249,2907,-344,-359
6,88,249,2908,-21,-418
6,88,249,2916,-18,-366
6,88,249,2916,18,-366
6,88,250,2902,-361,-345
6,88,250,2907,-344,-359
6,88,250,2916,-18,-366
6,88,251,2908,-21,-418
6,88,251,2916,-18,-366
6,88,252,2905,-361,-345
6,88,252,2908,-21,-418
6,88,252,2916,-18,-366
6,88,252,2916,18,-366
6,88,252,2917,0,-340
6,88,253,2905,-361,-345
6,88,253,2906,-361,-345
6,88,253,2908,-21,-418
6,88,253,2916,-18,-366
6,88,254,2908,-21,-418
6,88,254,2912,-29,-391
6,88,254,2916,-18,-366
6,88,255,2908,-356,-340
6,88,255,2908,-21,-418
6,88,255,2909,-345,-361
6,88,255,2916,-18,-366
6,88,256,2908,-348,-348
6,88,256,2908,-21,-418
6,88,256,2916,-18,-366
6,88,256,2916,18,-366
6,88,257,2861,158,136
6,88,257,2885,0,-444
6,88,257,2908,-21,-418
6,88,257,2916,-18,-366
6,88,257,2916,18,-366
6,88,258,2916,-18,-366
6,88,258,2916,18,-366
6,88,259,2870,-21,286
6,88,259,2908,-21,-418
6,88,259,2916,-18,-366
6,88,259,2916,18,-366
6,88,260,2908,-21,-418
6,88,260,2916,-18,-366
6,88,260,2917,0,-340
6,88,261,2908,-21,-418
6,88,261,2916,-18,-366
6,88,261,2916,18,-366
6,88,262,2908,-21,-418
6,88,262,2916,-18,-366
6,88,262,2916,18,-366
6,88,263,2894,25,-497
6,88,263,2908,-21,-418
6,88,263,2916,-18,-366
6,88,263,2916,18,-366
6,88,264,2908,-21,-418
6,88,264,2916,-18,-366
6,88,264,2916,8,-366
6,88,264,2916,18,-366
6,88,265,2908,-21,-418
6,88,265,2916,-18,-366
6,88,265,2916,18,-366
6,88,266,2877,0,-392
6,88,266,2878,25,7
6,88,266,2894,25,-497
6,88,266,2908,-21,-418
6,88,266,2908,30,-417
6,88,266,2916,-18,-366
6,88,266,2916,18,-366
6,88,266,2917,0,-340
6,88,267,2888,0,-418
6,88,267,2908,30,-417
6,88,267,2916,-18,-366
6,88,267,2916,18,-366
6,88,267,2917,0,-340
6,88,268,2898,-371,-335
6,88,268,2908,-21,-418
6,88,268,2916,-18,-366
6,88,269,2894,-25,-497
6,88,269,2916,-18,-366
6,88,270,2912,28,-391
6,88,271,2912,28,-391
6,88,271,2916,-18,-366
6,88,271,2919,-18,-369
6,88,272,2908,30,-417
6,88,272,2912,28,-391
6,88,273,2912,28,-391
6,88,274,2819,0,0
6,88,274,2908,30,-417
6,88,274,2912,28,-391
6,88,275,2904,-371,-335
6,88,286,2859,0,0
6,88,287,2854,-232,-40
6,88,287,2904,-371,-335
6,88,289,2875,-232,-171
6,88,290,2857,-329,-82
6,88,290,2876,-492,-85
6,88,292,2859,-361,-345
6,88,298,2903,-361,-345
6,88,300,2868,-433,-108
6,88,301,2852,-447,0
6,88,303,2888,-345,-361
6,88,304,2858,-366,0
6,88,308,2899,-371,-335
6,88,309,2895,-361,-345
6,88,310,2895,-361,-345
6,88,314,2852,-500,0
6,88,316,2852,-500,0
6,88,319,2857,-310,-46
6,88,321,2852,-500,0
6,88,322,2852,-500,0
6,88,322,2867,-462,-191
6,88,323,2852,-485,0
6,88,324,2852,-500,0
6,88,325,2852,-500,0
6,88,326,2852,-500,0
57,123,1802,3896,132,371
57,123,1885,3879,-361,345
57,123,1893,3918,-207,-367
57,123,1899,3893,0,421
57,123,1901,3918,-75,169
57,123,1901,3922,46,233
57,123,1904,3956,0,0
57,123,1905,3882,-353,353
57,123,1906,3890,-98,437
57,123,1907,3898,-114,378
57,123,1909,3891,-140,424
57,123,1910,3892,-140,424
57,123,1910,3895,-161,389
57,123,1910,3896,-150,390
57,123,1911,3892,-160,417
57,123,1911,3926,341,33
57,123,1913,3892,-154,346
57,123,1914,3883,-170,442
57,123,1915,3884,-181,438
57,123,1916,3875,0,500
57,123,1916,3884,-181,438
57,123,1916,3885,-192,432
57,123,1916,3926,-90,-218
57,123,1917,3888,-48,498
57,123,1917,3898,-11,500
57,123,1920,3879,0,500
57,123,1921,3939,-290,0
57,123,1924,3892,-500,0
57,123,1927,3943,-407,111
57,123,1928,3915,-403,121
57,123,1934,3938,-361,345
57,123,1935,3885,-353,353
57,123,1936,3944,-148,449
57,123,1940,3934,-361,345
57,123,1941,3898,-361,345
57,123,1941,3920,-345,361
57,123,1941,3921,-345,361
57,123,1945,3894,-359,343
57,123,1945,3895,-351,351
57,123,1945,3896,-359,343
57,123,1945,3896,-351,351
57,123,1945,3897,-359,343
57,123,1945,3897,-351,351
57,123,1945,3899,-359,343
57,123,1945,3899,-351,351
57,123,1945,3900,-359,343
57,123,1945,3900,-351,351
57,123,1945,3901,-359,343
57,123,1945,3901,-351,351
57,123,1945,3903,-359,343
57,123,1945,3904,-359,343
57,123,1945,3904,-351,351
57,123,1945,3905,-359,343
57,123,1945,3905,-351,351
57,123,1945,3906,-359,343
57,123,1945,3906,-351,351
57,123,1945,3908,-351,351
57,123,1945,3909,-359,343
57,123,1945,3909,-351,351
57,123,1945,3916,-345,361
57,123,1945,3917,-345,361
57,123,1946,3894,-359,343
57,123,1946,3906,-359,343
57,123,1946,3909,-359,343
57,123,1946,3943,-482,132
57,123,1947,3909,-359,343
57,123,1948,3901,-340,325
57,123,1948,3902,-340,325
57,123,1948,3903,-340,325
57,123,1948,3905,-340,325
57,123,1948,3906,-340,325
57,123,1949,3940,-500,0
57,123,1950,3899,-371,335
57,123,1950,3905,-371,335
57,123,1950,3909,-378,326
57,123,1951,3941,-498,-37
57,123,1956,3947,-488,109
57,123,1957,3937,-496,-60
57,123,1959,3933,-500,0
57,123,1959,3940,-500,0
58,4,1825,214,353,-353
58,4,1828,211,353,-353
58,4,1862,199,378,-326
58,4,1900,206,0,-342
58,4,1907,213,0,-473
58,4,1912,196,-339,-292
58,4,1932,169,81,-105
58,4,1933,163,152,101
58,4,1937,165,230,130
58,4,1938,193,-115,-350
58,4,1940,200,-141,-396
58,4,1941,200,-141,-396
58,4,1941,204,-140,-425
58,4,1942,158,453,-137
58,4,1943,139,-20,-16
58,4,1943,203,-160,-417
58,4,1944,139,-20,-16
58,4,1945,202,-182,-409
58,4,1945,205,-171,-414
58,4,1945,206,-181,-438
58,4,1946,206,-192,-433
58,4,1946,214,-217,-326
58,4,1948,160,-113,-108
58,4,1949,157,-185,0
58,4,1949,208,-48,-498
58,4,1952,217,-441,-236
58,4,1953,156,-316,7
58,4,1964,139,-208,111
58,4,1965,158,-361,-345
58,4,1966,213,-361,-345
58,4,1969,161,-335,-371
58,4,1974,190,-361,-345
58,4,1977,168,-361,-345
58,4,1977,179,-345,-361
58,4,1977,186,-359,-344
58,4,1977,187,-359,-344
58,4,1977,189,-334,-369
58,4,1977,191,-359,-344
58,4,1977,192,-359,-344
58,4,1977,193,-359,-344
58,4,1977,193,-351,-351
58,4,1977,194,-359,-344
58,4,1977,195,-359,-344
58,4,1977,196,-359,-344
58,4,1977,196,-351,-351
58,4,1977,197,-359,-344
58,4,1977,198,-359,-344
58,4,1977,199,-359,-344
58,4,1977,199,-351,-351
58,4,1977,200,-359,-344
58,4,1978,186,-369,-334
58,4,1978,186,-359,-344
58,4,1981,156,-500,0
58,4,1982,155,-500,25
58,4,1991,153,-500,25
58,4,1991,155,-500,11
58,4,1991,156,-500,0
58,4,1991,163,-500,0
58,4,1992,154,-500,11
58,124,1887,3907,296,402
58,124,1890,3911,287,408
58,124,1893,3924,203,203
58,124,1899,3947,0,261
58,124,1899,3948,-25,-4
58,124,1899,3955,-24,-10
58,124,1907,3930,-114,378
58,124,1907,3948,-319,274
58,124,1912,3898,-156,474
58,124,1916,3916,-181,438
58,124,1923,3947,0,0
58,124,1924,3916,-345,361
58,124,1927,3916,-345,361
58,124,1931,3915,-361,345
58,124,1931,3938,-361,345
58,124,1933,3912,-277,416
58,124,1936,3958,209,-5
58,124,1937,3946,-60,145
58,124,1937,3964,200,39
58,124,1938,3913,-335,371
58,124,1938,3914,-335,371
58,124,1938,3915,-335,371
58,124,1939,3914,-353,353
58,124,1939,3930,-114,378
58,124,1939,3941,-132,161
58,124,1940,3940,-151,144
58,124,1942,3912,-353,353
58,124,1942,3938,-498,48
58,124,1942,3964,328,98
58,124,1949,3949,-323,114
58,124,1954,3948,-350,115
58,124,1955,3942,-344,194
58,124,1957,3947,-378,114
58,124,1960,3945,-393,151
58,124,1961,3913,-353,353
58,124,1962,3943,-417,160
58,124,1962,3947,-407,111
58,124,1963,3942,-417,160
58,124,1963,3943,-417,160
58,124,1964,3941,-419,186
58,124,1965,3935,-335,371
58,124,1965,3940,-433,192
58,124,1965,3956,-447,0
58,124,1966,3940,-433,192
58,124,1966,3941,-438,181
58,124,1967,3942,-446,158
58,124,1967,3947,-439,87
58,124,1971,3943,-453,136
58,124,1972,3956,-500,0
58,124,1972,3956,-361,345
58,124,1973,3956,-473,0
59,3,1844,123,0,-500
59,3,1931,141,-23,-12
59,3,1939,187,-144,-478
59,3,1942,197,-132,-482
59,3,1943,196,-156,-474
59,3,1946,174,-192,-433
59,3,1948,188,0,-500
59,3,1949,172,-361,-345
59,3,1950,159,-326,-378
59,3,1955,166,-345,-361
59,3,1955,167,-277,-416
59,3,1955,178,-345,-361
59,3,1956,166,-345,-361
59,3,1956,166,-326,-378
59,3,1956,167,-345,-361
59,3,1956,167,-326,-378
59,3,1956,179,-345,-361
59,3,1956,180,-361,-345
59,3,1957,167,-326,-378
59,3,1960,171,-335,-371
59,3,1960,179,-345,-361
59,3,1960,180,-345,-361
59,3,1960,181,-345,-361
59,3,1961,140,-88,132
59,3,1964,181,-353,-353
59,3,1966,179,-345,-361
59,3,1966,182,-296,-402
59,3,1967,181,-353,-353
59,3,1969,183,-353,-353
59,3,1971,178,-361,-345
59,3,1971,197,0,-500
59,3,1972,176,-345,-361
59,3,1974,169,-335,-371
59,3,1977,173,-345,-361
59,3,1984,180,-353,-353
59,3,1988,153,-442,-170
59,3,1989,169,-300,-332
59,3,1996,151,-482,-132
59,3,1997,151,-484,-121
59,3,1999,149,-433,-108
59,3,2001,139,-473,0
59,3,2001,157,-287,-408
59,3,2003,164,-361,-345
59,3,2004,139,-306,-394
59,3,2005,155,-478,-144
59,3,2006,154,-484,-121
59,3,2007,153,-488,-109
59,3,2007,154,-484,-121
59,3,2009,156,-416,-277
59,3,2010,157,-416,-277
59,3,2011,153,-408,-287
59,3,2011,155,-482,-132
59,3,2012,154,-457,-203
60,2,1861,98,378,-326
60,2,1910,48,185,-346
60,2,1910,49,197,-369
60,2,1956,147,361,-345
60,2,1963,109,0,0
60,2,1963,113,0,0
60,2,1963,114,-23,-12
60,2,1963,131,0,-183
60,2,1964,117,-248,273
60,2,1980,112,20,208
60,2,1981,108,86,130
60,2,1983,108,7,78
60,2,1983,129,-181,-189
60,2,1987,129,-155,-141
60,2,1989,124,-196,-130
60,2,1993,130,-381,-281
60,2,1994,128,-394,-262
60,2,1996,106,155,-19
60,2,1997,105,118,-107
60,2,1997,133,-248,-372
60,2,1998,109,138,119
60,2,1998,131,-55,-364
60,2,1998,135,-58,-391
60,2,2000,139,-62,-416
60,2,2004,139,-361,-345
60,2,2004,139,-306,-394
60,2,2004,140,-267,-421
60,2,2004,157,0,-500
60,2,2005,139,-500,0
60,2,2005,141,-316,-386
60,2,2006,155,-74,-494
60,2,2007,139,-500,0
60,2,2010,148,-287,-408
60,2,2010,156,-179,-466
60,2,2013,153,-287,-408
60,2,2015,139,-500,0
60,2,2016,156,-224,-447
60,2,2017,139,-500,0
60,2,2017,149,-416,-277
60,2,2020,148,-441,-236
60,2,2020,151,-402,-296
60,125,1916,3941,345,361
60,125,1924,3938,167,470
60,125,1925,3940,179,466
60,125,1927,3946,146,379
60,125,1935,3957,31,419
60,125,1936,3944,-148,449
60,125,1936,3957,0,421
60,125,1941,3986,86,-130
60,125,1943,3957,21,421
60,125,1948,3982,11,-235
60,125,1949,3985,151,-144
60,125,1949,3987,115,-62
60,125,1953,3985,116,-174
60,125,1954,3987,130,9
60,125,1954,3987,138,-74
60,125,1955,3985,107,-180
60,125,1958,3986,169,-75
60,125,1959,3957,31,419
60,125,1960,3944,-148,449
60,125,1961,3981,-5,-238
60,125,1964,3985,-217,-265
60,125,1964,3987,138,-74
60,125,1964,3987,157,-94
60,125,1968,3957,0,421
60,125,1971,3957,21,421
60,125,1971,3976,38,259
60,125,1972,3957,0,421
60,125,1972,3975,-3,25
60,125,1972,3979,0,130
60,125,1972,3979,23,10
60,125,1972,3982,0,0
60,125,1974,3939,-148,449
60,125,1974,3956,-224,92
60,125,1975,3941,0,500
60,125,1976,3940,-121,484
60,125,1977,3939,-167,470
60,125,1977,3939,-148,449
60,125,1977,3940,-167,470
60,125,1977,3941,-179,466
60,125,1978,3942,-203,457
60,125,1978,3947,-287,408
60,125,1978,3953,-457,203
60,125,1978,3956,-500,0
60,125,1979,3940,-212,451
60,125,1979,3940,0,500
60,125,1979,3941,0,500
60,125,1980,3938,0,500
60,125,1981,3941,0,500
60,125,1981,3942,-306,394
60,125,1981,3948,-386,316
60,125,1981,3948,-236,441
60,125,1984,3944,-224,447
60,125,1984,3944,-121,484
60,125,1984,3945,-378,326
60,125,1986,3941,-361,345
60,125,1986,3945,-378,326
60,125,1987,3945,-408,287
60,125,1987,3945,-386,316
60,125,1987,3947,-435,246
60,125,1993,4044,-187,100
60,125,1995,4044,-50,94
60,125,1995,4044,-41,126
60,125,2044,4046,-496,-60
60,125,2047,4044,-500,-11
62,124,1931,3956,361,345
62,124,1933,3937,432,192
62,124,1953,3945,294,176
62,124,1962,3954,-295,-105
62,124,1964,3954,-315,-130
62,124,1968,3954,-218,-90
62,124,1969,3965,-179,35
62,124,1970,3900,156,474
62,124,1972,3905,156,474
62,124,1978,3902,38,391
62,124,1980,3895,0,500
62,124,1980,3902,0,500
62,124,1980,3904,0,471
62,124,1980,3906,23,471
62,124,1984,3900,0,387
62,124,1984,3902,0,366
62,124,1985,3898,0,340
62,124,1985,3902,-18,366
62,124,1987,3898,0,340
62,124,1987,3899,-60,496
62,124,1987,3902,-35,364
62,124,1989,3898,0,340
62,124,1990,3898,0,340
62,124,1991,3898,0,340
62,124,1992,3898,0,340
62,124,1993,3898,0,340
62,124,1994,3898,0,340
62,124,1995,3898,0,340
62,124,1997,3898,0,340
62,124,1999,3898,0,340
62,124,1999,3899,0,340
62,124,2000,3898,0,340
62,124,2000,3899,0,340
62,124,2000,3934,0,261
62,124,2000,3935,0,261
62,124,2000,3936,0,235
62,124,2000,3937,0,235
62,124,2000,3939,0,183
62,124,2000,3941,0,157
62,124,2000,3942,0,104
62,124,2000,3943,0,78
62,124,2001,3898,0,340
62,124,2002,3898,0,340
62,124,2003,3898,0,340
62,124,2004,3898,0,340
62,124,2005,3898,0,340
62,124,2006,3898,0,340
62,124,2007,3898,0,340
62,124,2008,3898,0,340
62,124,2008,3934,0,261
62,124,2008,3935,0,261
62,124,2009,3898,0,340
62,124,2010,3898,0,340
62,124,2011,3898,0,340
62,124,2011,3954,101,-152
62,124,2012,3898,0,340
62,124,2014,3898,0,340
62,124,2015,3898,0,340
62,124,2017,3898,0,340
62,124,2018,3898,0,340
62,124,2019,3898,0,340
62,124,2020,3898,0,340
62,124,2021,3898,0,340
62,124,2022,3898,0,340
62,124,2026,3898,0,340
62,124,2029,3898,0,340
62,124,2030,3898,0,340
62,124,2031,3898,0,340
62,124,2032,3898,0,340
62,124,2033,3898,0,340
62,124,2034,3898,0,340
62,124,2034,3899,26,364
62,124,2034,3913,-353,353
62,124,2035,3898,0,340
62,124,2036,3898,0,340
62,124,2037,3898,0,340
62,124,2037,3899,0,340
62,124,2037,3899,26,364
62,124,2037,3941,0,78
62,124,2038,3898,0,340
62,124,2038,3899,0,340
62,124,2039,3898,0,340
62,124,2039,3899,26,364
62,124,2039,3908,-369,333
62,124,2040,3898,0,340
62,124,2041,3898,0,340
62,124,2041,3899,26,364
62,124,2042,3898,0,340
62,124,2042,3899,26,364
62,124,2043,3898,0,340
62,124,2043,3899,26,364
62,124,2044,3898,0,340
62,124,2045,3898,0,340
62,124,2046,3898,0,340
62,124,2046,3899,0,340
62,124,2047,3898,0,340
62,124,2047,3899,0,340
62,124,2048,3898,0,340
62,124,2049,3898,-8,340
62,124,2049,3898,0,340
62,124,2050,3898,0,340
62,124,2050,3939,0,104
62,124,2051,3898,0,340
62,124,2052,3898,0,340
62,124,2052,3899,0,340
62,124,2053,3898,0,340
62,124,2053,3899,0,340
62,124,2054,3898,0,340
62,124,2054,3899,0,340
62,124,2055,3898,0,340
62,124,2055,3899,0,340
62,124,2056,3898,0,340
62,124,2056,3899,0,340
62,124,2056,3899,8,366
62,124,2057,3898,0,340
62,124,2057,3899,0,340
62,124,2057,3899,18,366
62,124,2058,3898,0,340
62,124,2058,3899,0,340
62,124,2059,3897,0,342
62,124,2059,3897,0,500
62,124,2059,3898,0,340
62,124,2059,3898,0,342
62,124,2059,3899,0,340
62,124,2059,3909,-359,343
62,124,2060,3954,101,-152
62,124,2060,3956,78,-7
62,124,2060,3956,78,7
62,124,2060,3957,261,25
62,124,2060,3958,82,64
62,124,2060,3959,186,348
62,124,2061,3898,0,340
62,124,2062,3897,0,500
62,124,2062,3973,83,-305
62,124,2062,3979,182,17
62,124,2063,3957,209,0
62,124,2064,3965,350,233
62,124,2065,3955,232,-124
62,124,2067,3965,332,300
62,124,2067,3970,260,19
62,124,2068,3902,0,366
62,124,2068,3969,350,-115
62,124,2070,3955,98,-155
62,124,2070,3965,255,266
62,124,2070,3968,342,327
62,124,2070,3970,357,89
62,124,2071,3955,301,-161
62,124,2073,3961,338,-33
62,124,2074,3955,269,161
62,124,2074,3956,317,-190
62,124,2074,3965,240,-280
62,124,2075,3921,-324,264
62,124,2076,3947,361,-72
62,124,2077,3913,-361,345
62,124,2078,3950,232,-349
62,124,2079,3912,-353,353
62,124,2080,3948,21,-421
62,124,2080,3952,230,-384
62,124,2080,3955,153,-307
62,124,2080,3960,364,-55
62,124,2081,3909,-351,351
62,124,2082,3958,399,-253
62,124,2083,3907,-351,351
62,124,2083,3942,-344,194
62,124,2083,3958,275,-203
62,124,2083,3988,-104,0
62,124,2084,3954,220,-390
62,124,2084,3955,134,-285
62,124,2085,3950,9,-421
62,124,2087,3946,-187,-349
62,124,2087,3957,-421,0
62,124,2089,3950,0,-421
62,124,2089,3954,211,-395
62,124,2096,3958,-433,192
63,3,1975,150,393,-151
63,3,1989,145,133,283
63,3,1990,129,-320,114
63,3,1990,142,214,-101
63,3,1992,133,-312,23
63,3,1992,146,122,259
63,3,1994,140,-101,152
63,3,2000,134,-182,17
63,3,2001,136,-154,-98
63,3,2003,130,-32,126
63,3,2003,131,-32,126
63,3,2003,138,-51,-91
63,3,2003,139,-52,0
63,3,2009,191,40,-417
63,3,2009,196,38,-391
63,3,2012,171,0,-421
63,3,2012,190,0,-471
63,3,2012,191,0,-500
63,3,2012,192,0,-444
63,3,2016,179,-35,-469
63,3,2016,195,0,-500
63,3,2017,179,-37,-495
63,3,2017,188,-22,-444
63,3,2017,195,-29,-391
63,3,2017,196,-27,-365
63,3,2018,196,-18,-366
63,3,2018,197,-29,-391
63,3,2020,196,-18,-366
63,3,2021,165,0,-444
63,3,2021,184,-22,-444
63,3,2022,196,-18,-366
63,3,2023,196,-18,-366
63,3,2025,165,0,-444
63,3,2025,196,-18,-366
63,3,2027,196,-18,-366
63,3,2031,196,-18,-366
63,3,2033,188,-21,-418
63,3,2034,196,-18,-366
63,3,2037,184,-22,-444
63,3,2037,196,-18,-366
63,3,2038,196,-18,-366
63,3,2040,184,-22,-444
63,3,2040,196,-18,-366
63,3,2040,196,18,-366
63,3,2041,196,-18,-366
63,3,2042,184,-22,-444
63,3,2043,179,-24,-471
63,3,2043,196,-18,-366
63,3,2045,188,-21,-418
63,3,2046,196,-18,-366
63,3,2047,165,0,-444
63,3,2048,196,-18,-366
63,3,2049,196,-18,-366
63,3,2050,197,0,-340
63,3,2051,188,-21,-418
63,3,2051,196,-18,-366
63,3,2052,196,-18,-366
63,3,2053,165,0,-444
63,3,2054,196,-18,-366
63,3,2055,188,-21,-418
63,3,2055,196,-18,-366
63,3,2056,188,-21,-418
63,3,2056,196,-18,-366
63,3,2057,165,0,-444
63,3,2057,196,-18,-366
63,3,2059,188,-21,-418
63,3,2059,196,-18,-366
63,3,2060,178,-361,-345
63,3,2060,196,-18,-366
63,3,2061,165,0,-444
63,3,2061,188,-21,-418
63,3,2062,196,-18,-366
63,3,2063,184,-22,-444
63,3,2063,196,-18,-366
63,3,2064,196,-18,-366
63,3,2065,188,-21,-418
63,3,2065,196,0,-366
63,3,2065,196,8,-366
63,3,2065,197,0,-340
63,3,2066,165,0,-444
63,3,2066,188,-21,-418
63,3,2066,196,-18,-366
63,3,2066,196,18,-366
63,3,2067,168,0,-418
63,3,2067,174,25,-497
63,3,2067,177,0,-471
63,3,2067,196,-18,-366
63,3,2067,197,0,-340
63,3,2068,188,-21,-418
63,3,2068,196,-18,-366
63,3,2069,188,-21,-418
63,3,2069,196,-18,-366
63,3,2069,196,18,-366
63,3,2070,184,-22,-444
63,3,2070,188,-21,-418
63,3,2070,196,-18,-366
63,3,2070,196,18,-366
63,3,2071,187,-359,-344
63,3,2071,188,-21,-418
63,3,2071,196,-18,-366
63,3,2072,188,-21,-418
63,3,2072,196,-18,-366
63,3,2073,196,-18,-366
63,3,2073,196,18,-366
63,3,2074,184,-22,-444
63,3,2074,196,-18,-366
63,3,2074,196,18,-366
63,3,2075,174,25,-497
63,3,2075,183,32,-443
63,3,2075,188,-21,-418
63,3,2075,196,-18,-366
63,3,2075,197,0,-340
63,3,2076,184,-22,-444
63,3,2076,196,-18,-366
63,3,2077,184,-22,-444
63,3,2077,188,-21,-418
63,3,2077,189,69,-465
63,3,2077,196,-18,-366
63,3,2078,196,-18,-366
63,3,2079,184,-22,-444
63,3,2079,196,-18,-366
63,3,2080,181,0,-466
63,3,2080,190,0,-414
63,3,2080,190,0,-392
63,3,2080,193,0,-387
63,3,2080,194,0,-387
63,3,2080,194,0,-366
63,3,2080,196,-18,-366
63,3,2081,184,-22,-444
63,3,2081,188,-21,-418
63,3,2081,196,-18,-366
63,3,2082,184,-22,-444
63,3,2082,188,-21,-418
63,3,2082,196,-18,-366
63,3,2083,188,-21,-418
63,3,2083,196,-18,-366
63,3,2084,188,-361,-345
63,3,2084,188,-21,-418
63,3,2084,196,-18,-366
63,3,2085,196,-18,-366
63,3,2086,188,-21,-418
63,3,2086,196,-18,-366
63,3,2087,188,-21,-418
63,3,2087,196,-18,-366
63,3,2088,184,-22,-444
63,3,2088,188,-21,-418
63,3,2088,196,-18,-366
63,3,2089,196,-18,-366
63,3,2090,188,-21,-418
63,3,2090,196,-18,-366
63,3,2090,197,0,-340
63,3,2091,177,0,-471
63,3,2091,188,-21,-418
63,3,2091,189,0,-500
63,3,2091,196,-18,-366
63,3,2091,197,0,-340
63,3,2091,199,0,-500
63,3,2092,133,48,176
63,3,2092,188,-21,-418
63,3,2092,196,-18,-366
63,3,2093,130,144,185
63,3,2093,179,0,-418
63,3,2093,188,0,-418
63,3,2093,196,-18,-366
63,3,2093,196,0,-366
63,3,2094,132,124,168
63,3,2094,136,215,-95
63,3,2094,137,173,116
63,3,2094,138,338,-33
63,3,2094,139,169,69
63,3,2095,135,217,-145
63,3,2095,137,208,20
63,3,2096,133,106,239
63,3,2096,137,234,22
63,3,2097,134,262,-117
63,3,2098,119,256,-51
63,3,2098,139,261,-13
63,3,2099,128,302,161
63,3,2099,134,257,-45
63,3,2100,133,286,-127
63,3,2100,133,314,-16
63,3,2100,194,0,-366
63,3,2101,136,286,-21
63,3,2102,133,287,-14
63,3,2104,108,-26,-1
63,3,2104,108,-22,-14
63,3,2104,109,-21,-15
63,3,2104,132,286,-127
63,3,2104,135,338,25
63,3,2105,125,360,-80
63,3,2105,134,322,-106
63,3,2105,136,323,-173
63,3,2105,137,334,-149
63,3,2106,125,210,-233
63,3,2107,137,269,161
63,3,2107,140,141,250
63,3,2110,124,298,-210
63,3,2110,136,294,-217
63,3,2110,184,-361,-345
63,3,2114,107,-314,0
63,3,2114,187,-353,-353
63,3,2115,151,-391,-150
63,3,2120,133,-391,28
63,3,2121,107,-366,0
63,3,2124,107,-392,0
63,3,2127,155,-366,-141
63,3,2137,156,-416,-277
63,125,2042,3946,416,277
63,125,2042,3948,236,441
63,125,2043,3946,416,277
63,125,2045,3953,490,97
63,125,2048,3940,361,345
63,125,2048,3950,451,212
63,125,2050,3940,0,500
63,125,2050,3941,0,500
63,125,2051,3956,74,248
63,125,2052,3939,-148,449
63,125,2052,3956,500,0
63,125,2053,3956,497,0
63,125,2053,3956,500,0
63,125,2054,3956,198,198
63,125,2054,3956,199,199
63,125,2058,3939,0,500
63,125,2059,3956,500,0
63,125,2059,3957,0,421
63,125,2059,3962,0,104
63,125,2059,3972,0,26
63,125,2059,3976,-16,19
63,125,2059,3979,-18,-151
63,125,2059,3979,12,-23
63,125,2059,3980,-1,-26
63,125,2059,3983,-123,-51
63,125,2060,3962,108,360
63,125,2064,3957,0,421
63,125,2065,3957,-21,421
63,125,2065,3960,-29,393
63,125,2066,3960,-96,382
63,125,2072,3956,-182,408
63,125,2072,3957,0,421
63,125,2073,3957,-21,421
63,125,2073,3960,-29,393
63,125,2082,3957,-21,421
63,125,2083,3952,-262,394
63,125,2094,3957,-41,419
63,125,2110,3946,-361,345
63,125,2142,4011,-500,0
64,2,1999,98,212,-451
64,2,2004,94,0,-500
64,2,2073,143,490,-97
64,2,2074,149,416,-277
64,2,2075,147,416,-277
64,2,2076,147,451,-212
64,2,2079,149,394,-306
64,2,2080,152,236,-441
64,2,2081,155,0,-500
64,2,2084,154,212,-451
64,2,2084,155,203,-457
64,2,2085,147,306,-394
64,2,2088,144,155,-210
64,2,2090,139,435,-246
64,2,2090,141,110,-266
64,2,2090,141,224,-447
64,2,2091,110,-81,-66
64,2,2091,111,-23,-12
64,2,2091,111,0,0
64,2,2091,112,-114,-64
64,2,2091,112,-105,149
64,2,2091,116,0,104
64,2,2091,124,0,-26
64,2,2091,130,0,-369
64,2,2091,138,0,-421
64,2,2091,139,235,0
64,2,2092,138,-21,-421
64,2,2093,109,-211,-16
64,2,2096,138,-72,-415
64,2,2097,138,-92,-411
64,2,2098,127,299,29
64,2,2098,134,-105,-381
64,2,2098,138,-82,-413
64,2,2099,129,315,30
64,2,2100,143,-108,-433
64,2,2133,124,-400,-201
64,2,2135,125,-351,-176
64,2,2145,130,-451,-212
64,2,2150,132,-451,-212
66,2,2069,51,421,0
66,2,2071,49,393,29
66,2,2086,150,212,-451
66,2,2086,151,203,-457
66,2,2087,148,203,-457
66,2,2088,145,212,-451
66,2,2088,146,203,-457
66,2,2091,139,167,-470
66,2,2091,139,224,-447
66,2,2100,138,0,-421
66,2,2101,146,408,-287
66,2,2102,141,0,-447
66,2,2105,143,408,-287
66,2,2109,130,451,-212
66,2,2113,138,408,-287
66,2,2115,138,408,-287
66,2,2118,135,408,-287
66,2,2119,135,408,-287
66,2,2123,132,386,-272
66,2,2129,127,339,-250
66,2,2129,138,0,-421
66,2,2130,139,-21,-421
66,2,2131,138,0,-421
66,2,2132,138,0,-421
66,2,2133,127,339,-250
66,2,2133,138,-21,-421
66,2,2134,134,0,-395
66,2,2135,138,0,-421
66,2,2144,138,0,-421
66,2,2144,149,0,-473
66,2,2144,154,0,-500
66,2,2146,139,21,-421
66,2,2148,130,0,-52
66,2,2148,138,0,-421
66,2,2148,160,0,-500
66,2,2152,119,39,-261
66,2,2160,137,-118,-55
66,2,2164,131,0,-183
66,2,2164,133,0,-157
66,2,2175,151,-335,-371
66,2,2179,147,-447,-224
66,124,2059,3956,500,0
66,124,2071,3909,358,343
66,124,2072,3966,-274,353
66,124,2074,3950,-10,-421
66,124,2075,3949,31,-419
66,124,2076,3950,-10,-421
66,124,2078,3948,-21,-421
66,124,2080,3909,358,343
66,124,2080,3945,291,-226
66,124,2080,3961,-360,-266
66,124,2083,3909,358,343
66,124,2084,3909,358,343
66,124,2084,3957,-311,-197
66,124,2085,3908,351,351
66,124,2085,3909,358,343
66,124,2086,3909,358,343
66,124,2086,3948,275,-156
66,124,2087,3908,351,351
66,124,2087,3908,368,333
66,124,2087,3909,358,343
66,124,2088,3908,368,333
66,124,2088,3909,351,351
66,124,2088,3909,358,343
66,124,2089,3909,351,351
66,124,2089,3909,358,343
66,124,2090,3908,351,351
66,124,2090,3909,358,343
66,124,2091,3906,332,332
66,124,2091,3908,351,351
66,124,2091,3909,358,343
66,124,2092,3902,0,366
66,124,2092,3908,353,353
66,124,2092,3909,358,343
66,124,2093,3909,351,351
66,124,2093,3909,358,343
66,124,2093,3910,351,351
66,124,2094,3902,0,366
66,124,2094,3908,343,358
66,124,2094,3908,351,351
66,124,2094,3909,343,358
66,124,2094,3909,351,351
66,124,2094,3909,358,343
66,124,2095,3902,0,366
66,124,2095,3909,358,343
66,124,2095,3952,-176,-227
66,124,2096,3908,351,351
66,124,2096,3909,358,343
66,124,2096,3939,0,209
66,124,2097,3899,26,364
66,124,2097,3909,351,351
66,124,2097,3909,358,343
66,124,2098,3898,0,340
66,124,2098,3899,26,364
66,124,2098,3908,351,351
66,124,2098,3909,351,351
66,124,2098,3909,358,343
66,124,2098,3913,353,353
66,124,2098,3946,-208,-41
66,124,2098,3954,-124,-168
66,124,2098,3961,-184,-151
66,124,2099,3909,358,343
66,124,2100,3898,0,340
66,124,2100,3899,0,340
66,124,2100,3909,358,343
66,124,2100,3954,-46,-231
66,124,2101,3898,0,340
66,124,2101,3899,0,340
66,124,2101,3908,351,351
66,124,2101,3909,358,343
66,124,2102,3898,0,340
66,124,2102,3908,351,351
66,124,2102,3909,358,343
66,124,2103,3898,0,340
66,124,2103,3899,0,340
66,124,2103,3908,351,351
66,124,2103,3909,358,343
66,124,2103,3913,353,353
66,124,2104,3898,0,340
66,124,2104,3899,0,340
66,124,2104,3902,0,366
66,124,2104,3908,351,351
66,124,2104,3909,358,343
66,124,2105,3898,0,340
66,124,2105,3909,358,343
66,124,2106,3898,0,340
66,124,2106,3899,0,340
66,124,2106,3909,358,343
66,124,2106,3913,353,353
66,124,2107,3898,0,340
66,124,2107,3899,0,340
66,124,2107,3908,351,351
66,124,2107,3909,358,343
66,124,2107,3937,0,157
66,124,2107,3939,153,178
66,124,2108,3898,0,340
66,124,2108,3908,351,351
66,124,2108,3909,358,343
66,124,2109,3898,0,340
66,124,2109,3899,0,340
66,124,2109,3909,358,343
66,124,2110,3898,0,340
66,124,2110,3909,358,343
66,124,2110,3936,151,144
66,124,2111,3898,0,340
66,124,2111,3909,358,343
66,124,2112,3898,0,340
66,124,2112,3909,358,343
66,124,2113,3909,358,343
66,124,2113,3923,345,361
66,124,2114,3898,0,340
66,124,2114,3909,358,343
66,124,2115,3909,358,343
66,124,2116,3894,0,447
66,124,2116,3895,0,500
66,124,2116,3898,0,340
66,124,2116,3899,0,366
66,124,2116,3901,0,418
66,124,2116,3903,0,392
66,124,2116,3904,0,471
66,124,2116,3909,358,343
66,124,2116,3932,0,369
66,124,2116,3940,0,104
66,124,2117,3904,0,471
66,124,2117,3908,351,351
66,124,2117,3909,358,343
66,124,2118,3899,0,366
66,124,2118,3908,351,351
66,124,2118,3909,358,343
66,124,2118,3913,353,353
66,124,2119,3900,-20,392
66,124,2119,3902,-29,391
66,124,2119,3908,351,351
66,124,2119,3909,358,343
66,124,2119,3910,351,351
66,124,2119,3954,101,-152
66,124,2120,3908,351,351
66,124,2120,3909,358,343
66,124,2121,3908,351,351
66,124,2121,3909,358,343
66,124,2122,3908,351,351
66,124,2122,3909,358,343
66,124,2122,3913,353,353
66,124,2123,3908,351,351
66,124,2123,3909,358,343
66,124,2123,3910,351,351
66,124,2124,3909,358,343
66,124,2125,3908,351,351
66,124,2125,3909,358,343
66,124,2126,3909,358,343
66,124,2126,3913,353,353
66,124,2127,3955,138,-74
66,124,2142,3942,75,106
66,124,2165,3939,-400,200
68,3,2100,139,500,0
68,3,2104,139,500,0
68,3,2108,146,490,-97
68,3,2113,146,490,-97
68,3,2125,161,361,-345
68,3,2128,184,353,-353
68,3,2130,184,353,-353
68,3,2134,181,361,-345
68,3,2135,187,343,-359
68,3,2136,186,351,-351
68,3,2136,187,343,-359
68,3,2136,189,335,-371
68,3,2137,187,343,-359
68,3,2138,187,343,-359
68,3,2139,183,353,-353
68,3,2139,184,353,-353
68,3,2139,187,343,-359
68,3,2140,187,343,-359
68,3,2141,184,353,-353
68,3,2141,187,343,-359
68,3,2142,143,334,-58
68,3,2142,187,343,-359
68,3,2143,184,353,-353
68,3,2143,187,343,-359
68,3,2144,187,343,-359
68,3,2145,111,357,80
68,3,2145,187,343,-359
68,3,2146,136,-307,204
68,3,2147,129,-225,-289
68,3,2147,187,343,-359
68,3,2148,127,-233,-285
68,3,2148,129,-263,-175
68,3,2148,129,-242,-312
68,3,2148,185,0,-497
68,3,2149,187,343,-359
68,3,2150,187,343,-359
68,3,2151,187,343,-359
68,3,2152,125,-183,-191
68,3,2152,187,343,-359
68,3,2153,187,343,-359
68,3,2155,183,353,-353
68,3,2155,187,343,-359
68,3,2156,132,-260,19
68,3,2156,187,343,-359
68,3,2157,127,-258,-39
68,3,2157,131,-245,155
68,3,2158,138,-248,81
68,3,2158,139,-248,81
68,3,2158,187,343,-359
68,3,2159,133,-289,-183
68,3,2159,187,343,-359
68,3,2160,138,-176,111
68,3,2160,187,343,-359
68,3,2161,137,-101,152
68,3,2161,138,-162,169
68,3,2161,186,351,-351
68,3,2162,136,-169,-70
68,3,2162,187,343,-359
68,3,2163,187,343,-359
68,3,2164,183,353,-353
68,3,2164,187,343,-359
68,3,2165,187,343,-359
68,3,2166,183,361,-345
68,3,2166,191,296,-402
68,3,2167,187,343,-359
68,3,2168,187,343,-359
68,3,2168,187,351,-351
68,3,2170,187,343,-359
68,3,2171,187,343,-359
68,3,2172,187,343,-359
68,3,2174,187,343,-359
68,3,2174,187,351,-351
68,3,2175,187,343,-359
68,3,2175,187,351,-351
68,3,2177,187,353,-353
68,3,2178,52,500,0
68,3,2178,187,343,-359
68,3,2178,188,353,-353
68,3,2179,186,351,-351
68,3,2179,187,343,-359
68,3,2179,187,351,-351
68,3,2180,185,353,-353
68,3,2180,188,358,-344
68,3,2182,187,343,-359
68,3,2182,189,343,-359
68,3,2183,184,353,-353
68,3,2183,187,343,-359
68,3,2183,188,343,-359
68,3,2183,188,351,-351
68,3,2185,191,306,-394
68,3,2186,185,345,-361
68,3,2186,186,345,-361
68,3,2187,164,0,-314
68,3,2188,189,361,-345
68,3,2189,186,361,-345
68,3,2190,183,353,-353
68,3,2190,186,353,-353
68,3,2191,185,296,-402
68,3,2193,178,345,-361
68,3,2194,183,361,-345
68,3,2196,186,353,-353
68,3,2204,171,0,-421
68,3,2207,158,151,-144
68,3,2212,161,194,-216
68,3,2238,184,-306,-394
68,3,2242,186,-345,-361
68,124,2112,3956,488,109
68,124,2114,3955,421,267
68,124,2117,3956,500,0
68,124,2132,3947,408,101
68,124,2134,3947,408,101
68,124,2144,3947,408,101
68,124,2146,3948,411,92
68,124,2148,3948,412,82
68,124,2149,3930,386,316
68,124,2150,3949,385,86
68,124,2155,3944,457,125
68,124,2155,3947,408,101
68,124,2156,3923,345,361
68,124,2157,3914,335,371
68,124,2157,3914,353,353
68,124,2157,3915,353,353
68,124,2157,3917,353,353
68,124,2157,3920,353,353
68,124,2157,3931,345,361
68,124,2158,3915,335,371
68,124,2158,3915,353,353
68,124,2158,3916,345,361
68,124,2158,3916,353,353
68,124,2158,3920,353,353
68,124,2158,3931,345,361
68,124,2158,3949,-61,202
68,124,2159,3920,353,353
68,124,2160,3920,353,353
68,124,2160,3934,361,345
68,124,2160,3944,428,129
68,124,2160,3950,414,72
68,124,2161,3947,408,101
68,124,2162,3917,353,353
68,124,2165,3914,361,345
68,124,2165,3915,361,345
68,124,2166,3909,358,343
68,124,2169,3917,345,361
68,124,2169,3918,345,361
68,124,2170,3945,368,141
68,124,2172,3916,361,345
68,124,2173,3952,146,-220
68,124,2174,3918,335,371
68,124,2174,3919,223,417
68,124,2175,3919,335,371
68,124,2176,3929,-233,350
68,124,2185,3919,129,428
68,124,2190,3933,63,253
68,124,2192,3950,226,322
68,124,2195,3931,8,183
68,124,2203,3924,-500,0
69,123,2136,3941,500,0
69,123,2137,3945,496,-60
69,123,2148,3891,332,332
69,123,2148,3903,340,325
69,123,2149,3909,358,343
69,123,2150,3894,358,343
69,123,2150,3895,358,343
69,123,2150,3906,343,358
69,123,2150,3906,358,343
69,123,2150,3907,358,343
69,123,2150,3907,361,345
69,123,2150,3909,358,343
69,123,2150,3916,345,361
69,123,2151,3894,358,343
69,123,2151,3895,358,343
69,123,2151,3896,358,343
69,123,2151,3897,358,343
69,123,2151,3899,358,343
69,123,2151,3900,358,343
69,123,2151,3901,358,343
69,123,2151,3902,358,343
69,123,2151,3903,358,343
69,123,2151,3906,351,351
69,123,2151,3906,358,343
69,123,2151,3907,351,351
69,123,2151,3907,358,343
69,123,2151,3909,358,343
69,123,2151,3909,361,345
69,123,2151,3920,353,353
69,123,2153,3927,345,361
69,123,2153,3928,345,361
69,123,2154,3922,335,371
69,123,2155,3904,353,353
69,123,2164,3947,408,101
69,123,2168,3940,395,-9
69,123,2173,3916,321,307
69,123,2174,3897,266,325
69,123,2175,3926,273,285
69,123,2177,3939,185,0
69,123,2178,3934,115,141
69,123,2178,3939,238,0
69,123,2179,3924,218,228
69,123,2179,3939,238,0
69,123,2183,3892,181,408
69,123,2186,3905,168,298
69,123,2187,3901,141,341
69,123,2187,3922,-315,-23
69,123,2189,3941,-257,44
69,123,2191,3956,23,-12
69,123,2200,3865,-25,500
69,123,2200,3913,48,-498
69,123,2201,3918,207,-367
69,123,2206,3865,-25,500
69,123,2222,3879,353,353
69,123,2230,3908,177,196
69,123,2277,3920,-260,-25
69,123,2279,3919,-261,-174
69,123,2281,3920,-185,-346
69,123,2281,3920,-160,-300
69,123,2288,3893,-62,416
69,123,2288,3894,-72,414
70,4,2169,164,500,0
70,4,2178,197,340,-325
70,4,2180,195,340,-325
70,4,2180,196,332,-333
70,4,2180,196,340,-325
70,4,2180,197,332,-333
70,4,2180,197,340,-325
70,4,2180,198,340,-325
70,4,2180,200,340,-325
70,4,2180,201,340,-325
70,4,2180,203,340,-325
70,4,2180,204,332,-333
70,4,2180,204,340,-325
70,4,2181,186,358,-344
70,4,2181,187,368,-334
70,4,2182,186,368,-334
70,4,2182,187,368,-334
70,4,2182,193,358,-344
70,4,2182,194,361,-345
70,4,2182,200,358,-344
70,4,2183,191,351,-351
70,4,2183,192,351,-351
70,4,2183,193,351,-351
70,4,2183,194,351,-351
70,4,2183,197,351,-351
70,4,2185,154,473,10
70,4,2185,155,473,10
70,4,2185,183,361,-345
70,4,2186,166,345,-361
70,4,2186,173,335,-371
70,4,2186,180,345,-361
70,4,2186,190,361,-345
70,4,2187,178,353,-353
70,4,2187,185,361,-345
70,4,2187,188,361,-345
70,4,2187,190,361,-345
70,4,2187,192,361,-345
70,4,2187,193,361,-345
70,4,2187,194,361,-345
70,4,2187,196,361,-345
70,4,2187,197,353,-353
70,4,2187,197,361,-345
70,4,2190,172,345,-361
70,4,2190,188,353,-353
70,4,2191,153,423,-212
70,4,2191,163,494,74
70,4,2191,165,361,-345
70,4,2200,152,-66,-171
70,4,2200,212,361,-345
70,4,2201,206,361,-345
70,4,2204,154,0,-104
70,4,2204,198,193,-213
70,4,2204,211,0,-500
70,4,2205,208,361,-345
70,4,2212,139,23,10
70,4,2212,156,237,17
70,4,2212,165,-197,-280
70,4,2212,165,-190,-285
70,4,2212,194,225,-320
70,4,2213,157,159,0
70,4,2213,206,192,-433
70,4,2213,209,179,-466
70,4,2216,161,-296,-114
70,4,2218,164,-263,-117
70,4,2223,158,-201,127
70,4,2224,164,-211,20
70,4,2225,165,-216,-151
70,4,2227,165,-37,69
70,4,2227,168,-90,-159
70,4,2236,224,0,-500
70,4,2236,229,0,-500
70,4,2243,217,361,-345
70,4,2249,217,361,-345
70,4,2258,213,371,-335
70,4,2268,221,0,-500
70,4,2268,224,0,-500
70,4,2268,229,0,-500
70,4,2268,231,0,-500
70,4,2269,206,-23,-447
70,4,2270,190,253,-264
70,4,2285,218,85,-492
120,39,3769,1236,500,0
120,39,3770,1228,488,109
120,39,3770,1236,500,0
120,39,3771,1231,496,60
120,39,3773,1236,500,0
120,39,3774,1226,474,156
120,39,3777,1236,500,0
120,39,3789,1203,335,371
120,39,3789,1204,361,345
120,39,3790,1222,173,-324
120,39,3790,1232,445,43
120,39,3791,1201,378,326
120,39,3791,1209,492,85
120,39,3791,1225,372,248
120,39,3794,1236,447,0
120,39,3795,1195,351,351
120,39,3795,1219,444,-158
120,39,3796,1234,183,8
120,39,3797,1221,403,190
120,39,3797,1224,393,151
120,39,3797,1234,419,31
120,39,3799,1232,393,38
120,39,3800,1213,482,132
120,39,3803,1198,23,471
120,39,3803,1232,364,54
120,39,3803,1233,366,44
120,39,3806,1213,328,0
120,39,3807,1193,22,444
120,39,3808,1190,0,418
120,39,3808,1224,312,167
120,39,3808,1247,0,500
120,39,3809,1190,0,418
120,39,3810,1187,30,416
120,39,3810,1190,0,418
120,39,3810,1195,0,444
120,39,3810,1200,-143,475
120,39,3811,1195,0,444
120,39,3811,1204,0,497
120,39,3811,1229,333,119
120,39,3812,1185,0,392
120,39,3812,1186,0,392
120,39,3812,1187,0,392
120,39,3812,1187,30,416
120,39,3812,1190,0,418
120,39,3812,1193,21,418
120,39,3813,1186,0,392
120,39,3813,1188,-21,418
120,39,3814,1186,0,392
120,39,3815,1186,0,392
120,39,3815,1188,-60,496
120,39,3815,1236,0,0
120,39,3816,1182,0,366
120,39,3816,1182,130,364
120,39,3816,1236,0,0
120,39,3817,1182,0,366
120,39,3817,1183,28,391
120,39,3817,1198,-114,456
120,39,3817,1236,0,0
120,39,3818,1193,-107,430
120,39,3819,1182,0,366
120,39,3820,1182,0,366
120,39,3820,1219,136,158
120,39,3820,1220,136,158
120,39,3820,1239,0,0
120,39,3821,1214,-46,62
120,39,3821,1220,115,141
120,39,3821,1220,132,126
120,39,3821,1221,132,161
120,39,3821,1221,151,144
120,39,3822,1182,0,366
120,39,3822,1183,28,391
120,39,3822,1226,203,339
120,39,3823,1229,266,325
120,39,3824,1182,0,366
120,39,3825,1178,0,340
120,39,3825,1180,26,364
120,39,3826,1178,0,340
120,39,3826,1179,18,366
120,39,3826,1180,18,366
120,39,3827,1178,0,340
120,39,3827,1179,0,340
120,39,3827,1182,0,366
120,39,3827,1217,-59,51
120,39,3828,1178,0,340
120,39,3828,1179,0,340
120,39,3828,1230,185,-185
120,39,3829,1178,0,340
120,39,3830,1178,0,340
120,39,3830,1179,0,340
120,39,3831,1178,0,340
120,39,3831,1179,0,340
120,39,3832,1178,0,340
120,39,3832,1215,0,261
120,39,3833,1178,0,340
120,39,3834,1178,0,340
120,39,3835,1178,0,340
120,39,3836,1178,0,340
120,39,3836,1179,0,340
120,39,3836,1234,-162,-132
120,39,3837,1178,0,340
120,39,3838,1178,0,340
120,39,3839,1178,0,340
120,39,3839,1179,0,340
120,39,3839,1235,-162,-86
120,39,3840,1178,0,340
120,39,3840,1179,0,340
120,39,3840,1220,257,-365
120,39,3841,1178,0,340
120,39,3842,1178,0,340
120,39,3843,1178,0,340
120,39,3844,1178,0,340
120,39,3845,1178,0,340
120,39,3845,1222,226,-217
120,39,3846,1178,0,340
120,39,3846,1179,0,340
120,39,3846,1233,-161,-242
120,39,3847,1178,0,340
120,39,3848,1178,0,340
120,39,3849,1178,0,340
120,39,3850,1178,0,340
120,39,3850,1179,0,340
120,39,3851,1178,0,340
120,39,3851,1179,0,340
120,39,3852,1178,0,340
120,39,3853,1178,0,340
120,39,3853,1179,0,340
120,39,3854,1178,0,340
120,39,3854,1182,176,351
120,39,3854,1185,225,320
120,39,3855,1178,0,340
120,39,3855,1179,0,340
120,39,3855,1183,176,351
120,39,3856,1178,0,340
120,39,3856,1179,0,340
120,39,3856,1180,140,339
120,39,3856,1181,-8,366
120,39,3856,1186,209,330
120,39,3856,1191,272,350
120,39,3856,1215,0,261
120,39,3857,1178,0,340
120,39,3858,1178,0,340
120,39,3859,1178,0,340
120,39,3859,1180,123,344
120,39,3860,1178,0,340
120,39,3860,1181,114,347
120,39,3860,1188,199,397
120,39,3861,1178,0,340
120,39,3862,1178,0,340
120,39,3863,1178,0,340
120,39,3864,1178,0,340
120,39,3865,1178,0,340
120,39,3866,1178,0,340
120,39,3866,1180,0,366
120,39,3867,1178,0,340
120,39,3867,1219,361,345
120,39,3868,1178,0,340
120,39,3868,1219,224,447
120,39,3869,1178,0,340
120,39,3870,1178,0,340
120,39,3871,1178,0,340
120,39,3871,1180,19,387
120,39,3871,1181,19,395
120,39,3872,1178,0,340
120,39,3872,1180,0,366
120,39,3872,1180,0,500
120,39,3872,1181,0,500
120,39,3872,1182,0,366
120,39,3872,1186,0,392
120,39,3873,1178,0,340
120,39,3875,1178,0,340
120,39,3875,1220,0,78
120,39,3875,1220,0,104
120,39,3876,1174,0,447
120,39,3876,1174,0,500
120,39,3876,1175,0,500
120,39,3876,1176,0,392
120,39,3876,1177,0,444
120,39,3876,1177,0,497
120,39,3876,1178,0,340
120,39,3876,1179,0,392
120,39,3876,1184,0,471
120,39,3876,1220,0,104
120,39,3878,1179,0,366
120,39,3878,1181,-20,392
120,39,3878,1182,-29,391
120,39,3879,1182,-38,391
120,39,3880,1179,-8,366
120,39,3895,1235,-162,-86
120,88,3769,2852,500,0
120,88,3770,2859,500,0
120,88,3771,2852,392,0
120,88,3773,2867,457,-203
120,88,3774,2852,366,0
120,88,3775,2857,360,-63
120,88,3775,2859,500,0
120,88,3775,2868,447,-224
120,88,3777,2852,500,0
120,88,3778,2864,451,-212
120,88,3779,2882,371,-335
120,88,3780,2852,444,0
120,88,3782,2877,361,-345
120,88,3783,2878,494,-74
120,88,3784,2876,371,-335
120,88,3789,2871,361,-345
120,88,3789,2892,361,-345
120,88,3791,2852,366,0
120,88,3793,2888,345,-361
120,88,3793,2888,361,-345
120,88,3794,2852,340,0
120,88,3795,2904,371,-335
120,88,3799,2859,395,0
120,88,3805,2859,78,0
120,88,3806,2859,52,0
120,88,3808,2874,498,-37
120,88,3816,2859,0,0
120,88,3817,2859,0,0
120,88,3818,2859,0,0
120,88,3819,2860,0,0
120,88,3820,2877,0,-500
120,88,3820,2912,28,-391
120,88,3821,2912,-29,-391
120,88,3821,2912,0,-392
120,88,3822,2912,-29,-391
120,88,3823,2912,-29,-391
120,88,3823,2912,-20,-392
120,88,3824,2872,136,-453
120,88,3824,2912,-29,-391
120,88,3825,2912,-29,-391
120,88,3825,2916,18,-366
120,88,3826,2908,358,-344
120,88,3826,2912,-20,-392
120,88,3826,2917,7,-340
120,88,3827,2896,0,-471
120,88,3827,2897,0,-471
120,88,3827,2917,0,-340
120,88,3827,2918,0,-340
120,88,3828,2897,0,-471
120,88,3828,2908,-21,-418
120,88,3828,2916,-18,-366
120,88,3828,2917,0,-340
120,88,3828,2918,0,-340
120,88,3829,2904,-22,-444
120,88,3829,2904,353,-353
120,88,3829,2908,-21,-418
120,88,3829,2916,-18,-366
120,88,3830,2904,-22,-444
120,88,3830,2916,-18,-366
120,88,3831,2916,-18,-366
120,88,3832,2866,260,260
120,88,3832,2904,-22,-444
120,88,3832,2908,-21,-418
120,88,3832,2916,-18,-366
120,88,3832,2917,0,-340
120,88,3833,2908,-21,-418
120,88,3833,2916,-18,-366
120,88,3833,2917,0,-340
120,88,3833,2920,-70,-468
120,88,3834,2908,-21,-418
120,88,3834,2916,-18,-366
120,88,3835,2916,-18,-366
120,88,3836,2791,182,102
120,88,3836,2905,371,-335
120,88,3837,2916,-18,-366
120,88,3838,2904,-22,-444
120,88,3838,2916,-18,-366
120,88,3839,2904,-22,-444
120,88,3839,2906,358,-344
120,88,3839,2907,353,-353
120,88,3839,2916,-18,-366
120,88,3840,2904,386,-316
120,88,3840,2906,358,-344
120,88,3840,2907,368,-334
120,88,3840,2908,355,-340
120,88,3840,2908,358,-344
120,88,3840,2916,-18,-366
120,88,3841,2907,368,-334
120,88,3841,2908,-21,-418
120,88,3841,2908,353,-353
120,88,3841,2908,358,-344
120,88,3841,2917,0,-340
120,88,3842,2902,361,-345
120,88,3842,2904,-22,-444
120,88,3842,2906,371,-335
120,88,3842,2907,353,-353
120,88,3842,2907,358,-344
120,88,3842,2908,-21,-418
120,88,3842,2916,-18,-366
120,88,3843,2896,10,-447
120,88,3843,2903,361,-345
120,88,3843,2904,353,-353
120,88,3843,2905,361,-345
120,88,3843,2905,371,-335
120,88,3843,2907,343,-359
120,88,3843,2907,361,-345
120,88,3843,2909,316,-350
120,88,3843,2916,-18,-366
120,88,3844,2904,353,-353
120,88,3844,2904,361,-345
120,88,3844,2904,371,-335
120,88,3844,2908,-21,-418
120,88,3845,2904,-22,-444
120,88,3845,2904,353,-353
120,88,3845,2907,343,-359
120,88,3845,2916,-18,-366
120,88,3846,2902,361,-345
120,88,3846,2907,343,-359
120,88,3846,2916,-18,-366
120,88,3847,2901,361,-345
120,88,3847,2902,361,-345
120,88,3847,2904,353,-353
120,88,3847,2905,343,-359
120,88,3847,2907,343,-359
120,88,3847,2910,264,-358
120,88,3847,2916,-18,-366
120,88,3848,2901,361,-345
120,88,3848,2904,-22,-444
120,88,3848,2906,351,-351
120,88,3848,2907,343,-359
120,88,3848,2908,-21,-418
120,88,3848,2909,272,-351
120,88,3848,2912,240,-342
120,88,3848,2913,232,-348
120,88,3848,2913,240,-342
120,88,3848,2914,240,-342
120,88,3849,2907,343,-359
120,88,3849,2908,-21,-418
120,88,3849,2916,-18,-366
120,88,3850,2902,335,-371
120,88,3850,2907,343,-359
120,88,3850,2907,351,-351
120,88,3850,2912,267,-421
120,88,3850,2916,-18,-366
120,88,3851,2905,288,-371
120,88,3851,2907,343,-359
120,88,3851,2913,215,-360
120,88,3851,2916,-18,-366
120,88,3851,2919,0,-500
120,88,3852,2903,353,-353
120,88,3852,2903,361,-345
120,88,3852,2907,343,-359
120,88,3852,2908,-21,-418
120,88,3852,2916,-18,-366
120,88,3853,2873,317,-190
120,88,3853,2897,0,-471
120,88,3853,2905,270,-384
120,88,3853,2905,279,-379
120,88,3853,2906,260,-392
120,88,3853,2906,270,-384
120,88,3853,2907,343,-359
120,88,3853,2908,0,-418
120,88,3853,2916,0,-366
120,88,3853,2917,0,-340
120,88,3854,2904,-22,-444
120,88,3854,2905,260,-392
120,88,3854,2905,270,-384
120,88,3854,2907,343,-359
120,88,3854,2908,-21,-418
120,88,3855,2908,-21,-418
120,88,3855,2916,-18,-366
120,88,3856,2902,275,-414
120,88,3856,2916,-18,-366
120,88,3857,2908,-21,-418
120,88,3858,2904,-22,-444
120,88,3858,2916,-18,-366
120,88,3858,2917,0,-340
120,88,3859,2908,-21,-418
120,88,3859,2915,123,-345
120,88,3859,2916,-18,-366
120,88,3859,2916,18,-366
120,88,3860,2887,0,-392
120,88,3860,2897,267,-421
120,88,3860,2916,-18,-366
120,88,3860,2916,18,-366
120,88,3861,2916,-18,-366
120,88,3861,2916,18,-366
120,88,3862,2903,32,-443
120,88,3862,2908,-21,-418
120,88,3862,2916,18,-366
120,88,3863,2894,25,-497
120,88,3863,2903,32,-443
120,88,3863,2904,-22,-444
120,88,3863,2908,-21,-418
120,88,3863,2916,-18,-366
120,88,3863,2916,18,-366
120,88,3864,2894,25,-497
120,88,3864,2903,32,-443
120,88,3864,2908,-21,-418
120,88,3864,2916,-18,-366
120,88,3865,2908,-21,-418
120,88,3865,2916,-18,-366
120,88,3865,2916,18,-366
120,88,3865,2917,0,-340
120,88,3866,2881,218,-229
120,88,3866,2894,25,-497
120,88,3866,2908,-21,-418
120,88,3866,2916,-18,-366
120,88,3867,2886,224,-447
120,88,3867,2904,-22,-444
120,88,3867,2916,-18,-366
120,88,3867,2917,0,-340
120,88,3868,2908,-21,-418
120,88,3868,2913,67,-386
120,88,3868,2914,44,-363
120,88,3868,2916,-18,-366
120,88,3869,2908,-21,-418
120,88,3869,2910,58,-388
120,88,3869,2912,58,-388
120,88,3869,2915,38,-391
120,88,3869,2916,-18,-366
120,88,3870,2904,-22,-444
120,88,3870,2908,-21,-418
120,88,3870,2912,28,-391
120,88,3870,2912,38,-391
120,88,3870,2913,28,-391
120,88,3870,2916,-18,-366
120,88,3870,2917,0,-340
120,88,3871,2908,-21,-418
120,88,3871,2911,20,-414
120,88,3871,2912,20,-414
120,88,3871,2914,28,-391
120,88,3871,2915,19,-387
120,88,3871,2916,-18,-366
120,88,3872,2901,-381,-281
120,88,3872,2901,0,-466
120,88,3872,2904,-22,-444
120,88,3872,2910,0,-414
120,88,3872,2910,0,-392
120,88,3872,2913,0,-387
120,88,3872,2914,0,-392
120,88,3872,2914,0,-387
120,88,3872,2914,0,-366
120,88,3872,2914,19,-392
120,88,3872,2915,0,-500
120,88,3872,2916,-18,-366
120,88,3872,2916,0,-366
120,88,3873,2904,-22,-444
120,88,3873,2908,-21,-418
120,88,3873,2916,-18,-366
120,88,3874,2881,0,-209
120,88,3874,2904,-22,-444
120,88,3874,2908,-21,-418
120,88,3874,2916,-18,-366
120,88,3875,2881,0,-209
120,88,3875,2907,0,-418
120,88,3875,2916,-18,-366
120,88,3875,2916,0,-366
120,88,3876,2905,0,-497
120,88,3876,2906,0,-500
120,88,3876,2910,0,-471
120,88,3876,2912,0,-444
120,88,3876,2915,0,-366
120,88,3876,2917,0,-418
120,88,3876,2919,0,-418
120,88,3876,2921,0,-500
120,88,3878,2909,-43,-443
120,88,3878,2911,-41,-417
120,88,3878,2915,-29,-391
120,88,3879,2915,-29,-391
120,88,3879,2917,-29,-391
120,88,3879,2918,-38,-391
120,88,3883,2912,-109,-488
120,88,3884,2916,-109,-488
120,88,3885,2917,-132,-482
120,88,3895,2861,-192,115
121,87,3810,2805,416,-277
121,87,3821,2820,189,-401
121,87,3822,2816,212,-451
121,87,3823,2817,212,-451
121,87,3823,2818,212,-451
121,87,3824,2813,179,-466
121,87,3826,2814,74,-494
121,87,3827,2807,144,-478
121,87,3827,2813,37,-498
121,87,3828,2805,0,-444
121,87,3828,2810,0,-500
121,87,3828,2811,0,-500
121,87,3828,2812,0,-500
121,87,3828,2813,167,-470
121,87,3828,2814,0,-500
121,87,3831,2772,395,0
121,87,3833,2783,389,67
121,87,3834,2804,104,0
121,87,3834,2804,235,0
121,87,3839,2788,335,66
121,87,3851,2851,141,-369
121,87,3854,2858,82,-413
121,87,3860,2858,0,-421
121,87,3870,2858,0,-421
121,87,3872,2858,0,-421
121,87,3876,2833,0,-185
121,87,3876,2861,0,-447
121,87,3877,2858,0,-421
121,87,3877,2859,0,-421
121,87,3890,2828,-152,41
121,87,3890,2858,0,-421
121,87,3891,2858,0,-421
121,87,3895,2864,482,-132
121,87,3896,2864,488,-109
121,87,3896,2866,470,-167
121,87,3897,2866,466,-179
121,87,3897,2869,441,-236
121,87,3898,2863,484,-121
121,87,3898,2864,484,-121
121,87,3898,2865,478,-144
121,87,3898,2866,470,-167
121,87,3898,2869,441,-236
121,87,3899,2864,482,-132
121,87,3899,2865,457,-203
121,87,3899,2865,466,-179
121,87,3899,2865,470,-167
121,87,3899,2865,478,-144
121,87,3899,2866,457,-203
121,87,3899,2866,462,-191
121,87,3899,2870,394,-306
121,87,3899,2871,402,-296
121,87,3900,2864,482,-132
121,87,3900,2865,466,-179
121,87,3900,2866,457,-203
121,87,3900,2867,447,-224
121,87,3901,2862,490,-97
121,87,3901,2869,408,-287
121,87,3901,2870,402,-296
121,87,3901,2872,378,-326
121,87,3901,2873,345,-361
121,87,3902,2859,500,0
121,87,3902,2862,490,-97
121,87,3902,2863,478,-144
121,87,3902,2864,470,-167
121,87,3903,2863,478,-144
121,87,3903,2871,361,-345
121,87,3903,2874,316,-386
121,87,3903,2875,236,-441
121,87,3904,2863,466,-179
121,87,3904,2875,287,-408
121,87,3905,2862,484,-121
121,87,3905,2863,462,-191
121,87,3905,2863,466,-179
121,87,3905,2876,267,-421
121,87,3906,2876,0,-500
121,87,3906,2877,287,-408
121,87,3914,2859,340,0
121,87,3914,2859,435,-246
121,87,3915,2832,-130,-16
121,87,3915,2832,-15,-21
121,87,3915,2832,-12,-23
121,87,3915,2851,0,-342
121,87,3915,2858,0,-421
121,87,3916,2854,42,-244
121,87,3916,2858,-21,-421
121,87,3916,2858,236,-126
121,87,3917,2850,96,-40
121,87,3918,2857,369,-198
121,87,3919,2865,-11,-473
121,87,3920,2831,71,31
121,87,3921,2833,-141,-155
121,87,3921,2837,201,-55
121,87,3922,2849,-28,-73
121,87,3922,2854,-137,-453
121,87,3922,2870,262,-394
121,87,3924,2831,69,-35
121,87,3924,2832,89,128
121,87,3924,2832,104,2
121,87,3924,2832,104,5
121,87,3924,2850,0,-157
122,39,3829,1236,500,0
122,39,3832,1305,470,-167
122,39,3836,1235,287,0
122,39,3836,1304,470,-167
122,39,3839,1235,326,0
122,39,3844,1298,496,-60
122,39,3849,1297,469,-57
122,39,3858,1296,471,-46
122,39,3863,1189,358,343
122,39,3863,1294,393,-29
122,39,3864,1293,395,-20
122,39,3866,1189,358,343
122,39,3867,1189,358,343
122,39,3867,1293,369,-18
122,39,3868,1293,369,-18
122,39,3869,1215,361,345
122,39,3870,1189,358,343
122,39,3872,1189,358,343
122,39,3872,1203,0,500
122,39,3872,1204,0,302
122,39,3873,1193,353,353
122,39,3874,1189,358,343
122,39,3875,1193,353,353
122,39,3876,1189,358,343
122,39,3876,1220,482,132
122,39,3880,1189,351,351
122,39,3881,1222,488,109
122,39,3883,1188,351,351
122,39,3884,1189,358,343
122,39,3884,1292,264,0
122,39,3885,1189,358,343
122,39,3886,1189,358,343
122,39,3886,1193,353,353
122,39,3887,1189,351,351
122,39,3887,1189,358,343
122,39,3889,1230,353,-353
122,39,3889,1294,500,-25
122,39,3890,1188,351,351
122,39,3890,1189,351,351
122,39,3890,1189,358,343
122,39,3890,1207,358,343
122,39,3890,1230,353,-353
122,39,3891,1189,358,343
122,39,3891,1218,158,174
122,39,3891,1228,492,85
122,39,3892,1188,351,351
122,39,3892,1189,358,343
122,39,3893,1189,358,343
122,39,3894,1188,351,351
122,39,3894,1189,358,343
122,39,3895,1188,351,351
122,39,3896,1189,358,343
122,39,3896,1228,466,81
122,39,3897,1188,351,351
122,39,3897,1189,358,343
122,39,3898,1188,351,351
122,39,3898,1189,358,343
122,39,3899,1189,351,351
122,39,3899,1189,358,343
122,39,3899,1222,449,148
122,39,3899,1227,438,87
122,39,3900,1189,351,351
122,39,3900,1189,358,343
122,39,3900,1218,432,192
122,39,3901,1189,358,343
122,39,3902,1189,351,351
122,39,3902,1189,358,343
122,39,3902,1227,492,85
122,39,3903,1189,351,351
122,39,3903,1189,358,343
122,39,3903,1224,424,139
122,39,3904,1189,351,351
122,39,3904,1189,358,343
122,39,3904,1223,421,150
122,39,3904,1227,408,101
122,39,3904,1230,414,72
122,39,3905,1188,351,351
122,39,3905,1189,351,351
122,39,3905,1189,358,343
122,39,3905,1221,417,160
122,39,3906,1189,358,343
122,39,3906,1221,417,160
122,39,3907,1189,351,351
122,39,3907,1189,358,343
122,39,3907,1228,411,92
122,39,3908,1189,358,343
122,39,3909,1189,358,343
122,39,3909,1193,-60,496
122,39,3909,1210,386,316
122,39,3910,1186,343,358
122,39,3910,1187,343,358
122,39,3910,1189,358,343
122,39,3911,1187,343,358
122,39,3911,1188,343,358
122,39,3911,1188,351,351
122,39,3911,1189,343,358
122,39,3911,1189,351,351
122,39,3911,1189,358,343
122,39,3913,1184,306,394
122,39,3914,1192,345,361
122,39,3914,1226,89,-357
122,39,3915,1181,287,408
122,39,3915,1184,306,394
122,39,3915,1191,353,353
122,39,3917,1222,348,186
122,39,3917,1226,341,141
122,39,3917,1229,-33,-341
122,39,3918,1190,353,353
122,39,3918,1191,353,353
122,39,3918,1223,325,174
122,39,3920,1230,414,72
122,39,3920,1233,-151,-144
122,39,3921,1234,-132,-126
122,39,3922,1191,353,353
122,39,3922,1192,353,353
122,39,3922,1228,411,92
122,39,3922,1235,-210,-112
122,39,3924,1220,294,-176
122,39,3924,1222,259,223
122,39,3925,1231,-107,-213
122,39,3925,1233,116,-105
122,39,3926,1228,341,-33
122,39,3927,1212,423,-212
122,39,3927,1233,-116,-174
122,39,3931,1233,233,-46
122,39,3932,1233,103,-155
122,39,3934,1226,35,-288
122,39,3934,1226,98,-298
122,39,3934,1234,-162,-132
122,39,3934,1235,-162,-86
122,39,3935,1234,-180,-108
122,39,3936,1207,0,395
122,39,3936,1232,-17,-182
122,39,3938,1231,-23,-237
122,39,3938,1233,-153,-146
122,39,3939,1217,240,-280
122,39,3941,1231,-23,-237
122,39,3941,1231,-23,-234
122,39,3942,1221,123,-347
122,39,3942,1229,63,-256
122,39,3942,1231,-35,-235
122,39,3943,1228,5,-264
122,39,3943,1229,-13,-261
122,39,3944,1221,212,-235
122,39,3944,1225,238,0
122,39,3945,1217,382,-96
122,39,3945,1223,190,-317
122,39,3946,1217,231,-283
122,39,3946,1218,267,-169
122,39,3946,1219,180,-256
122,39,3946,1219,210,-299
122,39,3947,1226,49,-283
122,39,3947,1233,-22,-182
122,39,3948,1205,0,421
122,39,3948,1219,273,-97
122,39,3948,1227,-182,-149
122,39,3956,1226,37,69
123,12,3867,361,500,-11
123,12,3867,361,500,0
123,12,3868,420,498,37
123,12,3869,361,500,0
123,12,3870,367,435,246
123,12,3876,356,500,0
123,12,3879,453,353,-353
123,12,3880,365,371,335
123,12,3881,373,473,0
123,12,3881,415,471,35
123,12,3881,421,471,35
123,12,3881,448,500,0
123,12,3882,352,500,0
123,12,3883,360,498,-37
123,12,3883,360,500,0
123,12,3883,361,498,-37
123,12,3883,373,500,0
123,12,3883,445,353,-353
123,12,3884,375,361,345
123,12,3885,363,437,97
123,12,3886,360,496,-60
123,12,3886,364,438,87
123,12,3886,365,440,76
123,12,3886,435,361,-345
123,12,3890,416,421,0
123,12,3890,418,447,10
123,12,3892,344,500,0
123,12,3892,352,-132,482
123,12,3893,419,419,41
123,12,3893,424,421,0
123,12,3894,366,412,82
123,12,3894,435,408,-102
123,12,3895,342,309,323
123,12,3895,384,395,-9
123,12,3895,388,395,0
123,12,3895,392,395,0
123,12,3895,393,395,0
123,12,3895,416,395,0
123,12,3895,420,392,0
123,12,3895,420,395,0
123,12,3895,425,316,-316
123,12,3895,445,316,-316
123,12,3897,455,498,48
123,12,3898,380,130,0
123,12,3898,437,371,-132
123,12,3899,359,453,136
123,12,3899,412,369,0
123,12,3899,441,348,-187
123,12,3900,358,440,169
123,12,3900,359,421,150
123,12,3900,363,408,101
123,12,3900,426,369,0
123,12,3900,462,462,-191
123,12,3900,466,0,-500
123,12,3901,344,339,291
123,12,3901,363,408,101
123,12,3901,435,353,-107
123,12,3902,454,356,-307
123,12,3904,359,421,150
123,12,3904,363,408,101
123,12,3909,370,81,0
123,12,3909,421,194,-216
123,12,3909,424,194,-216
123,12,3909,457,342,-327
123,12,3910,323,343,358
123,12,3910,325,358,343
123,12,3911,324,351,351
123,12,3911,350,219,328
123,12,3911,365,107,0
123,12,3911,446,291,-264
123,12,3912,454,323,-309
123,12,3913,348,360,265
123,12,3913,356,291,226
123,12,3915,330,358,343
123,12,3915,333,353,353
123,12,3916,327,353,353
123,12,3916,333,353,353
123,12,3916,336,353,353
123,12,3916,339,345,361
123,12,3917,324,361,345
123,12,3917,328,353,353
123,12,3917,329,361,345
123,12,3917,330,335,371
123,12,3917,331,345,361
123,12,3917,331,353,353
123,12,3917,332,353,353
123,12,3917,332,361,345
123,12,3917,333,353,353
123,12,3917,335,345,361
123,12,3917,335,353,353
123,12,3917,336,353,353
123,12,3917,338,353,353
123,12,3917,339,335,371
123,12,3917,339,345,361
123,12,3917,339,353,353
123,12,3917,340,345,361
123,12,3917,343,345,361
123,12,3917,347,345,361
123,12,3917,352,350,233
123,12,3918,329,345,361
123,12,3918,329,353,353
123,12,3918,329,361,345
123,12,3918,330,361,345
123,12,3918,331,335,371
123,12,3918,331,345,361
123,12,3918,331,353,353
123,12,3918,332,345,361
123,12,3918,332,353,353
123,12,3918,335,353,353
123,12,3918,336,353,353
123,12,3918,339,345,361
123,12,3918,343,345,361
123,12,3918,347,345,361
123,12,3919,336,353,353
123,12,3919,343,345,361
123,12,3919,347,345,361
123,12,3919,349,335,371
123,12,3919,349,361,345
123,12,3919,350,335,371
123,12,3920,328,326,378
123,12,3920,330,353,353
123,12,3920,330,361,345
123,12,3920,336,353,353
123,12,3920,350,361,345
123,12,3920,359,58,55
123,12,3920,372,133,0
123,12,3922,331,353,353
123,12,3922,332,353,353
123,12,3922,333,353,353
123,12,3923,354,255,266
123,12,3923,465,8,-369
123,12,3923,468,7,-342
123,12,3924,327,345,361
123,12,3924,332,361,345
123,12,3925,330,361,345
123,12,3925,331,345,361
123,12,3925,331,361,345
123,12,3925,332,345,361
123,12,3925,332,353,353
123,12,3925,333,345,361
123,12,3925,356,291,226
123,12,3927,330,345,361
123,12,3927,371,191,-90
123,12,3928,328,345,361
123,12,3928,331,345,361
123,12,3928,367,-82,-251
123,12,3928,367,-23,-237
123,12,3928,370,210,-112
123,12,3928,371,-194,-86
123,12,3929,331,345,361
123,12,3929,333,345,361
123,12,3929,364,101,-244
123,12,3929,369,-117,-176
123,12,3929,457,394,-306
123,12,3930,363,290,-374
123,12,3930,364,-14,-290
123,12,3930,370,-103,-155
123,12,3930,371,-164,-87
123,12,3931,332,345,361
123,12,3931,366,-101,-244
123,12,3931,367,-23,-237
123,12,3931,370,-103,-155
123,12,3931,371,-117,-63
123,12,3932,332,361,345
123,12,3932,371,-164,-87
123,12,3932,459,0,-421
123,12,3933,333,345,361
123,12,3933,367,-23,-237
123,12,3933,369,-205,-123
123,12,3933,370,-134,-128
123,12,3934,334,335,371
123,12,3935,368,-21,-211
123,12,3935,371,-120,56
123,12,3935,371,175,-62
123,12,3936,334,361,345
123,12,3936,335,361,345
123,12,3936,352,151,144
123,12,3936,371,-156,34
123,12,3937,352,166,166
123,12,3937,359,123,-320
123,12,3937,370,-144,-117
123,12,3938,334,361,345
123,12,3938,343,-87,435
123,12,3938,348,-77,387
123,12,3938,370,-151,-144
123,12,3939,370,-157,-94
123,12,3940,367,-73,-223
123,12,3941,363,-16,-314
123,12,3941,364,63,-283
123,12,3943,315,156,474
123,12,3943,340,-389,160
123,12,3943,365,63,-253
123,12,3945,336,148,449
123,12,3945,365,100,-242
123,12,3946,316,121,484
123,12,3946,340,131,400
123,12,3947,315,121,484
123,12,3948,344,-366,-35
123,12,3948,348,123,347
123,12,3949,355,148,182
123,12,3951,351,-305,-203
123,12,3951,352,-307,-205
123,12,3952,325,121,484
123,12,3954,354,56,204
123,12,3955,329,132,482
123,12,3955,354,-149,-278
123,12,3955,357,-142,-267
123,12,3955,358,-136,-255
123,12,3955,362,-87,-58
123,12,3956,312,0,500
123,12,3956,334,0,447
123,12,3956,338,0,447
123,12,3956,348,0,369
123,12,3956,351,0,157
123,12,3956,356,0,26
123,12,3956,360,19,17
123,12,3956,361,23,10
123,12,3956,363,0,78
123,12,3956,364,0,-209
123,12,3956,364,0,-104
123,12,3956,365,25,-7
123,12,3956,365,26,0
123,12,3956,366,0,-261
123,12,3956,366,0,-130
123,12,3956,366,0,0
123,12,3956,367,0,-104
123,12,3956,367,0,0
123,12,3956,367,116,58
123,12,3956,367,168,29
123,12,3956,367,181,31
123,12,3956,368,0,-209
123,12,3956,368,149,26
123,12,3956,368,156,-23
123,12,3956,369,10,-51
123,12,3956,369,102,17
123,12,3956,369,119,-39
123,12,3956,370,0,-26
123,12,3956,370,63,-77
123,12,3956,370,75,-65
123,12,3956,370,78,-61
123,12,3956,370,83,-55
123,12,3956,370,84,-53
123,12,3967,466,-233,-211
123,12,3989,471,361,-345
123,12,3996,458,0,-421
123,12,3996,477,0,-500
123,12,4020,448,-319,-275
123,69,3883,2184,498,-37
123,69,3883,2184,500,0
123,69,3883,2185,498,-37
123,69,3886,2188,438,87
123,69,3900,2187,408,101
123,69,3911,2190,332,82
123,69,3916,2154,353,353
123,69,3916,2158,353,353
123,69,3916,2160,353,353
123,69,3917,2155,345,361
123,69,3917,2155,353,353
123,69,3917,2157,353,353
123,69,3917,2163,345,361
123,69,3918,2154,353,353
123,69,3918,2155,353,353
123,69,3918,2156,353,353
123,69,3919,2171,345,361
123,69,3920,2160,353,353
123,69,3920,2174,361,345
123,69,3921,2155,345,361
123,69,3922,2157,353,353
123,69,3925,2155,345,361
123,69,3925,2156,345,361
123,69,3926,2190,-136,-227
123,69,3927,2153,345,361
123,69,3927,2154,345,361
123,69,3927,2184,107,-325
123,69,3928,2154,345,361
123,69,3932,2156,361,345
123,69,3932,2195,-164,-87
123,69,3933,2190,-91,-220
123,69,3937,2175,181,-438
123,69,3937,2194,-117,-176
123,69,3938,2172,-77,387
123,69,3942,2169,-366,151
123,69,3948,2168,-366,-35
123,69,3948,2188,75,250
123,69,3951,2195,23,-12
123,69,3952,2176,-284,-189
123,69,3953,2181,-196,-130
123,69,3955,2179,-173,-323
123,69,3955,2182,-136,-255
123,69,3956,2172,0,369
123,69,3956,2174,0,52
123,69,3956,2184,19,17
123,69,3956,2184,24,7
123,69,3956,2187,25,-4
123,69,3956,2188,0,-104
123,69,3956,2190,0,0
123,69,3956,2191,87,-146
123,69,3956,2191,168,29
123,69,3956,2192,149,26
123,69,3956,2193,102,17
123,69,3956,2194,0,-52
123,69,3956,2194,78,-61
123,88,3872,2859,500,0
123,88,3873,2859,500,0
123,88,3873,2860,498,-37
123,88,3875,2859,500,0
123,88,3876,2873,447,-224
123,88,3878,2859,500,0
123,88,3881,2859,500,0
123,88,3881,2879,457,-203
123,88,3884,2877,432,-192
123,88,3884,2890,345,-361
123,88,3885,2877,432,-192
123,88,3885,2882,361,-345
123,88,3886,2883,335,-371
123,88,3888,2870,428,-129
123,88,3888,2904,353,-353
123,88,3890,2903,353,-353
123,88,3890,2904,353,-353
123,88,3890,2904,361,-345
123,88,3891,2872,421,-150
123,88,3892,2904,353,-353
123,88,3893,2900,345,-361
123,88,3893,2900,353,-353
123,88,3894,2859,130,0
123,88,3894,2900,353,-353
123,88,3894,2901,361,-345
123,88,3895,2859,395,0
123,88,3895,2870,393,-151
123,88,3897,2868,371,-132
123,88,3897,2868,378,-114
123,88,3898,2859,314,0
123,88,3898,2868,378,-114
123,88,3898,2888,300,-332
123,88,3899,2864,278,-84
123,88,3900,2859,369,0
123,88,3900,2866,355,-98
123,88,3900,2866,357,-89
123,88,3900,2873,442,-170
123,88,3901,2866,355,-98
123,88,3901,2867,347,-124
123,88,3906,2896,353,-353
123,88,3907,2864,305,-84
123,88,3909,2864,280,-77
123,88,3910,2862,214,-101
123,88,3912,2864,271,-104
123,88,3912,2883,335,-371
123,88,3913,2889,345,-361
123,88,3915,2894,361,-345
123,88,3916,2885,345,-361
123,88,3916,2893,335,-371
123,88,3916,2893,345,-361
123,88,3916,2897,353,-353
123,88,3916,2898,361,-345
123,88,3916,2901,353,-353
123,88,3917,2885,345,-361
123,88,3917,2889,345,-361
123,88,3917,2890,345,-361
123,88,3917,2893,335,-371
123,88,3917,2897,353,-353
123,88,3917,2901,345,-361
123,88,3917,2902,335,-371
123,88,3917,2902,345,-361
123,88,3918,2883,335,-371
123,88,3918,2893,345,-361
123,88,3918,2900,345,-361
123,88,3918,2900,353,-353
123,88,3918,2901,345,-361
123,88,3918,2901,353,-353
123,88,3919,2896,353,-353
123,88,3919,2901,326,-378
123,88,3919,2904,306,-394
123,88,3919,2905,296,-402
123,88,3920,2897,353,-353
123,88,3920,2905,296,-402
123,88,3921,2897,345,-361
123,88,3921,2898,345,-361
123,88,3921,2898,353,-353
123,88,3921,2900,345,-361
123,88,3921,2903,326,-378
123,88,3921,2905,287,-408
123,88,3922,2899,361,-345
123,88,3923,2846,25,101
123,88,3923,2849,-74,138
123,88,3923,2901,296,-402
123,88,3925,2898,296,-402
123,88,3925,2900,335,-371
123,88,3926,2864,-72,218
123,88,3926,2870,0,0
123,88,3927,2860,-235,-12
123,88,3928,2890,335,-371
123,88,3929,2869,129,257
123,88,3930,2910,345,-361
123,88,3932,2890,277,-416
123,88,3934,2864,-136,226
123,88,3935,2870,371,-199
123,88,3939,2862,-27,180
123,88,3940,2892,361,-345
123,88,3941,2861,-149,-57
123,88,3943,2916,156,-474
123,88,3945,2911,156,-474
123,88,3946,2865,317,-190
123,88,3947,2892,129,-428
123,88,3948,2885,114,-378
123,88,3948,2890,111,-407
123,88,3949,2872,165,-330
123,88,3954,2878,57,-230
123,88,3955,2862,290,0
123,88,3956,2867,21,14
123,88,3956,2867,49,92
123,88,3956,2872,16,-20
123,88,3956,2877,5,-25
123,88,3956,2891,0,-421
123,88,3956,2893,0,-447
123,88,3962,2891,-201,-201
123,88,3965,2891,-75,-250
123,88,3965,2891,-75,-248
123,114,3868,3695,474,-156
123,114,3872,3694,474,-156
123,114,3873,3692,470,-167
123,114,3874,3691,470,-167
123,114,3874,3714,371,-335
123,114,3881,3679,471,35
123,114,3881,3710,460,-190
123,114,3882,3702,462,-103
123,114,3883,3686,314,-7
123,114,3885,3684,392,0
123,114,3885,3709,432,-192
123,114,3886,3684,444,0
123,114,3886,3721,345,-361
123,114,3886,3729,353,-353
123,114,3886,3735,361,-345
123,114,3887,3684,471,0
123,114,3887,3707,451,-212
123,114,3887,3709,224,-447
123,114,3887,3736,353,-353
123,114,3888,3691,314,0
123,114,3888,3712,361,-345
123,114,3889,3693,234,-17
123,114,3889,3694,234,-17
123,114,3890,3684,447,0
123,114,3890,3690,261,0
123,114,3890,3693,260,-19
123,114,3891,3733,361,-345
123,114,3892,3704,421,-150
123,114,3893,3684,418,0
123,114,3893,3689,235,11
123,114,3893,3690,366,18
123,114,3893,3693,286,-21
123,114,3893,3705,414,-171
123,114,3894,3700,406,-112
123,114,3894,3700,423,-94
123,114,3894,3702,384,-230
123,114,3894,3705,389,-161
123,114,3894,3707,400,-201
123,114,3895,3684,395,0
123,114,3895,3691,395,0
123,114,3895,3699,411,-92
123,114,3895,3700,403,-121
123,114,3895,3700,406,-112
123,114,3895,3702,393,-151
123,114,3895,3739,343,-359
123,114,3896,3689,183,8
123,114,3896,3702,393,-151
123,114,3897,3615,332,258
123,114,3897,3615,339,250
123,114,3897,3615,343,241
123,114,3897,3700,378,-114
123,114,3898,3605,291,339
123,114,3898,3614,332,258
123,114,3898,3619,403,190
123,114,3898,3700,378,-114
123,114,3899,3601,478,144
123,114,3899,3645,314,7
123,114,3899,3702,368,-142
123,114,3899,3739,343,-359
123,114,3900,3596,0,500
123,114,3900,3611,304,291
123,114,3900,3622,344,194
123,114,3900,3698,355,-98
123,114,3900,3698,357,-89
123,114,3900,3698,412,-82
123,114,3900,3703,93,-47
123,114,3901,3599,394,306
123,114,3901,3698,355,-98
123,114,3901,3699,347,-124
123,114,3901,3699,411,-92
123,114,3901,3703,264,-253
123,114,3902,3598,378,326
123,114,3902,3720,192,-248
123,114,3903,3680,335,66
123,114,3903,3739,343,-359
123,114,3903,3739,351,-351
123,114,3905,3732,345,-361
123,114,3906,3619,403,190
123,114,3906,3728,353,-353
123,114,3907,3620,333,211
123,114,3909,3725,345,-361
123,114,3909,3729,353,-353
123,114,3910,3741,343,-359
123,114,3911,3706,255,-266
123,114,3912,3731,148,-450
123,114,3914,3590,361,345
123,114,3914,3592,361,345
123,114,3914,3728,353,-353
123,114,3914,3738,345,-361
123,114,3915,3590,345,361
123,114,3915,3590,353,353
123,114,3915,3590,361,345
123,114,3916,3691,264,0
123,114,3916,3725,345,-361
123,114,3916,3728,353,-353
123,114,3916,3730,361,-345
123,114,3916,3731,361,-345
123,114,3916,3733,353,-353
123,114,3917,3716,297,-298
123,114,3917,3717,345,-361
123,114,3917,3722,345,-361
123,114,3917,3725,335,-371
123,114,3917,3728,353,-353
123,114,3917,3734,335,-371
123,114,3917,3734,345,-361
123,114,3917,3735,345,-361
123,114,3917,3736,345,-361
123,114,3918,3617,255,266
123,114,3918,3714,361,-345
123,114,3918,3721,345,-361
123,114,3918,3724,345,-361
123,114,3918,3725,335,-371
123,114,3918,3725,345,-361
123,114,3918,3728,353,-353
123,114,3918,3732,345,-361
123,114,3918,3732,353,-353
123,114,3918,3733,353,-353
123,114,3918,3734,353,-353
123,114,3919,3717,345,-361
123,114,3919,3733,335,-371
123,114,3919,3737,296,-402
123,114,3920,3716,386,-272
123,114,3920,3727,353,-353
123,114,3920,3728,353,-353
123,114,3920,3729,353,-353
123,114,3920,3737,296,-402
123,114,3921,3716,394,-262
123,114,3921,3720,345,-361
123,114,3921,3730,345,-361
123,114,3921,3732,345,-361
123,114,3921,3735,296,-402
123,114,3922,3728,353,-353
123,114,3922,3730,361,-345
123,114,3922,3731,361,-345
123,114,3923,3637,-162,86
123,114,3923,3728,345,-361
123,114,3923,3729,345,-361
123,114,3923,3733,296,-402
123,114,3924,3713,365,-257
123,114,3924,3729,345,-361
123,114,3925,3730,296,-402
123,114,3926,3728,345,-361
123,114,3926,3729,361,-345
123,114,3927,3602,0,447
123,114,3927,3693,-164,121
123,114,3928,3595,361,345
123,114,3928,3711,339,-250
123,114,3929,3726,345,-361
123,114,3929,3727,345,-361
123,114,3929,3728,345,-361
123,114,3929,3738,345,-361
123,114,3930,3693,265,216
123,114,3931,3713,325,-266
123,114,3931,3713,332,-258
123,114,3931,3719,317,-351
123,114,3931,3719,327,-342
123,114,3932,3577,0,500
123,114,3932,3585,0,500
123,114,3932,3586,0,500
123,114,3932,3602,0,447
123,114,3932,3742,324,-376
123,114,3933,3605,-21,421
123,114,3933,3706,386,-272
123,114,3933,3727,361,-345
123,114,3934,3591,361,345
123,114,3936,3725,335,-371
123,114,3936,3726,335,-371
123,114,3937,3606,-7,130
123,114,3937,3692,-180,96
123,114,3940,3598,0,447
123,114,3940,3707,190,285
123,114,3940,3724,361,-345
123,114,3940,3732,148,-450
123,114,3940,3740,0,-500
123,114,3941,3589,361,345
123,114,3943,3719,189,-377
123,114,3943,3723,181,-409
123,114,3943,3726,169,-442
123,114,3944,3748,156,-474
123,114,3945,3743,144,-478
123,114,3945,3749,144,-478
123,114,3946,3701,234,-212
123,114,3946,3727,118,-432
123,114,3947,3727,108,-433
123,114,3948,3722,111,-407
123,114,3949,3620,167,204
123,114,3949,3719,104,-381
123,114,3949,3721,95,-383
123,114,3950,3695,279,-150
123,114,3951,3740,121,-484
123,114,3953,3715,69,-255
123,114,3954,3698,71,-200
123,114,3955,3694,290,0
123,114,3955,3699,157,-142
123,114,3956,3695,0,0
123,114,3956,3699,21,14
123,114,3956,3700,0,-133
123,114,3956,3700,25,2
123,114,3956,3700,159,-176
123,114,3956,3701,0,-369
123,114,3956,3701,25,2
123,114,3956,3703,16,-20
123,114,3956,3704,5,-25
123,114,3956,3704,16,-20
123,114,3956,3706,11,-23
123,114,3956,3713,0,-447
123,114,3956,3713,0,-52
123,114,3956,3714,0,-157
123,114,3956,3717,0,-104
123,114,3956,3722,0,-421
123,114,3956,3723,0,-421
123,114,3956,3725,0,-447
123,114,3956,3729,0,-473
123,114,3956,3732,0,-500
123,114,3956,3733,0,-500
123,114,3956,3733,0,-473
123,114,3956,3747,0,-418
123,114,3958,3723,-313,-94
123,114,3964,3605,-21,421
123,114,3967,3611,78,-4
123,114,3972,3598,0,447
123,114,3979,3607,0,340
123,114,3992,3606,0,316
124,3,3896,124,500,0
124,3,3897,100,500,0
124,3,3898,100,500,0
124,3,3898,104,500,0
124,3,3898,124,500,0
124,3,3898,132,500,0
124,3,3899,106,340,0
124,3,3900,109,366,-8
124,3,3900,120,498,37
124,3,3900,121,498,37
124,3,3904,150,421,-267
124,3,3905,151,408,-287
124,3,3905,153,408,-287
124,3,3908,155,368,-334
124,3,3908,161,340,-325
124,3,3908,162,340,-325
124,3,3908,163,340,-325
124,3,3908,164,340,-325
124,3,3908,166,340,-325
124,3,3908,170,340,-325
124,3,3908,172,340,-325
124,3,3909,154,358,-344
124,3,3909,154,368,-334
124,3,3909,155,368,-334
124,3,3909,156,351,-351
124,3,3910,101,498,-48
124,3,3910,139,371,-335
124,3,3910,145,353,-353
124,3,3910,154,368,-334
124,3,3910,155,368,-334
124,3,3910,157,343,-359
124,3,3910,159,335,-371
124,3,3910,159,343,-359
124,3,3910,174,343,-359
124,3,3910,175,343,-359
124,3,3911,154,358,-344
124,3,3911,156,343,-359
124,3,3911,162,351,-351
124,3,3913,135,361,-345
124,3,3913,151,361,-345
124,3,3913,157,345,-361
124,3,3913,157,471,23
124,3,3914,165,361,-345
124,3,3914,175,353,-353
124,3,3915,153,361,-345
124,3,3915,154,361,-345
124,3,3915,155,361,-345
124,3,3915,156,361,-345
124,3,3915,157,361,-345
124,3,3915,158,361,-345
124,3,3915,159,361,-345
124,3,3915,160,361,-345
124,3,3915,161,361,-345
124,3,3915,162,361,-345
124,3,3915,163,361,-345
124,3,3915,164,361,-345
124,3,3915,165,353,-353
124,3,3915,165,361,-345
124,3,3916,100,496,-60
124,3,3917,157,296,-402
124,3,3918,115,345,-361
124,3,3918,120,445,43
124,3,3918,123,447,0
124,3,3918,140,345,-361
124,3,3918,149,353,-353
124,3,3918,151,353,-353
124,3,3921,100,314,0
124,3,3922,164,500,0
124,3,3923,122,421,0
124,3,3928,141,236,-441
124,3,3928,147,212,-451
124,3,3929,132,317,-351
124,3,3929,143,345,-361
124,3,3929,147,345,-361
124,3,3930,128,327,-342
124,3,3931,123,369,18
124,3,3932,152,353,-167
124,3,3933,125,52,0
124,3,3936,125,274,-319
124,3,3936,131,191,-462
124,3,3937,106,260,19
124,3,3937,122,212,-424
124,3,3937,124,316,7
124,3,3937,124,369,8
124,3,3937,135,223,-418
124,3,3938,107,238,0
124,3,3938,128,191,-462
124,3,3939,117,211,-395
124,3,3939,118,212,-424
124,3,3940,100,23,12
124,3,3940,100,26,0
124,3,3940,123,192,-433
124,3,3940,123,226,-323
124,3,3940,128,113,-108
124,3,3940,130,77,-74
124,3,3941,115,200,-400
124,3,3941,129,131,-369
124,3,3941,180,203,-457
124,3,3942,113,179,-380
124,3,3942,117,179,-380
124,3,3942,119,179,-380
124,3,3942,120,181,-438
124,3,3942,169,156,-474
124,3,3943,118,160,-417
124,3,3943,119,160,-417
124,3,3943,169,144,-478
124,3,3943,196,156,-474
124,3,3943,197,132,-482
124,3,3944,114,161,-390
124,3,3944,126,-498,-48
124,3,3945,125,125,-457
124,3,3945,138,136,-453
124,3,3945,163,136,-453
124,3,3945,166,125,-457
124,3,3945,195,121,-484
124,3,3945,196,121,-484
124,3,3945,196,132,-482
124,3,3945,198,132,-482
124,3,3946,166,121,-484
124,3,3946,195,121,-484
124,3,3946,196,121,-484
124,3,3947,121,108,-433
124,3,3947,122,108,-433
124,3,3947,128,-57,284
124,3,3947,128,-46,233
124,3,3947,136,108,-433
124,3,3947,138,108,-433
124,3,3947,142,108,-433
124,3,3947,161,108,-433
124,3,3947,198,132,-482
124,3,3948,152,85,-492
124,3,3948,165,114,-378
124,3,3949,126,-416,-277
124,3,3949,195,132,-482
124,3,3950,115,-416,-277
124,3,3950,116,-350,-233
124,3,3950,121,-382,-255
124,3,3950,129,-350,-233
124,3,3950,130,-350,-233
124,3,3950,130,-329,-219
124,3,3950,144,490,-97
124,3,3950,198,167,-470
124,3,3951,116,-350,-233
124,3,3951,132,-348,-232
124,3,3951,139,195,130
124,3,3951,144,148,148
124,3,3951,148,284,-57
124,3,3951,192,85,-492
124,3,3953,135,-174,-116
124,3,3953,145,205,-41
124,3,3954,136,-130,-87
124,3,3955,134,-86,-162
124,3,3956,140,74,138
124,3,3956,140,236,441
124,3,3956,141,74,138
124,3,3956,141,152,101
124,3,3956,141,236,441
124,3,3956,142,0,0
124,3,3956,144,0,0
124,3,3956,145,12,23
124,3,3956,146,0,0
124,3,3956,146,12,23
124,3,3956,147,16,-20
124,3,3956,148,21,14
124,3,3956,151,25,2
124,3,3956,152,24,-10
124,3,3956,153,24,-10
124,3,3956,163,0,-183
124,3,3956,180,361,-345
124,3,3956,189,156,-474
124,3,3956,199,0,-500
124,3,3956,200,0,-500
124,3,3964,149,76,306
124,3,3966,171,-232,-232
124,3,3968,185,-335,-371
124,3,3969,193,-267,-421
124,3,3970,187,306,-394
124,3,3978,160,182,-223
124,3,4059,117,-201,-400
124,4,3896,171,500,25
124,4,3897,132,500,0
124,4,3898,123,500,0
124,4,3898,128,500,0
124,4,3898,132,500,0
124,4,3898,134,500,0
124,4,3898,164,500,0
124,4,3903,123,500,0
124,4,3903,164,500,0
124,4,3904,185,392,0
124,4,3905,191,392,-9
124,4,3905,192,457,-34
124,4,3905,195,496,-60
124,4,3906,172,498,37
124,4,3906,185,418,21
124,4,3906,188,500,0
124,4,3906,191,392,-9
124,4,3906,191,419,-10
124,4,3906,192,431,-32
124,4,3906,192,444,-33
124,4,3907,189,500,0
124,4,3907,190,414,-21
124,4,3907,190,414,0
124,4,3907,192,457,-34
124,4,3908,185,418,0
124,4,3908,189,500,0
124,4,3908,190,416,-31
124,4,3908,190,418,-21
124,4,3908,190,418,0
124,4,3908,191,416,-31
124,4,3908,191,433,-10
124,4,3908,193,340,-325
124,4,3908,194,340,-325
124,4,3908,195,340,-325
124,4,3908,196,340,-325
124,4,3908,197,340,-325
124,4,3908,198,340,-325
124,4,3908,199,340,-325
124,4,3908,200,340,-325
124,4,3908,201,340,-325
124,4,3908,202,340,-325
124,4,3908,203,340,-325
124,4,3908,204,340,-325
124,4,3909,188,418,0
124,4,3909,190,416,-31
124,4,3909,190,418,-21
124,4,3909,190,418,0
124,4,3909,190,438,-32
124,4,3909,191,416,-31
124,4,3909,191,418,-21
124,4,3909,191,418,0
124,4,3909,192,457,-34
124,4,3909,192,470,-46
124,4,3909,192,470,-35
124,4,3910,188,418,0
124,4,3910,190,418,-21
124,4,3910,190,418,0
124,4,3910,191,418,-21
124,4,3910,192,483,-36
124,4,3910,202,361,-345
124,4,3910,207,343,-359
124,4,3911,100,500,0
124,4,3911,188,418,0
124,4,3911,189,418,-10
124,4,3911,190,418,0
124,4,3911,191,351,-351
124,4,3911,191,418,0
124,4,3911,191,446,-22
124,4,3911,192,351,-351
124,4,3911,192,418,0
124,4,3911,192,457,-34
124,4,3911,192,470,-35
124,4,3911,193,351,-351
124,4,3911,193,418,0
124,4,3911,193,485,0
124,4,3911,194,351,-351
124,4,3911,195,351,-351
124,4,3911,196,351,-351
124,4,3911,197,351,-351
124,4,3911,198,351,-351
124,4,3912,202,335,-371
124,4,3912,205,391,-261
124,4,3913,137,353,353
124,4,3913,188,444,22
124,4,3913,189,497,0
124,4,3913,203,397,-252
124,4,3914,191,444,-22
124,4,3914,191,444,0
124,4,3914,192,444,-10
124,4,3915,168,361,-345
124,4,3915,169,361,-345
124,4,3915,170,361,-345
124,4,3915,171,361,-345
124,4,3915,172,361,-345
124,4,3915,173,361,-345
124,4,3915,175,361,-345
124,4,3915,176,361,-345
124,4,3915,177,361,-345
124,4,3915,178,361,-345
124,4,3915,179,361,-345
124,4,3915,181,361,-345
124,4,3915,182,361,-345
124,4,3915,183,361,-345
124,4,3915,184,361,-345
124,4,3915,185,361,-345
124,4,3915,186,361,-345
124,4,3915,187,361,-345
124,4,3915,188,361,-345
124,4,3915,189,361,-345
124,4,3915,190,361,-345
124,4,3915,191,361,-345
124,4,3915,192,361,-345
124,4,3915,193,361,-345
124,4,3915,194,361,-345
124,4,3915,195,361,-345
124,4,3915,196,361,-345
124,4,3915,197,353,-353
124,4,3915,197,361,-345
124,4,3916,199,335,-371
124,4,3918,123,447,0
124,4,3918,162,471,0
124,4,3918,176,353,-353
124,4,3918,181,353,-353
124,4,3922,123,421,0
124,4,3922,162,353,-353
124,4,3922,164,361,-345
124,4,3922,164,447,0
124,4,3923,189,495,-48
124,4,3924,182,424,-140
124,4,3925,201,497,0
124,4,3925,202,497,0
124,4,3926,180,406,-112
124,4,3927,164,395,0
124,4,3928,104,500,0
124,4,3928,183,389,-161
124,4,3930,203,500,0
124,4,3930,204,500,0
124,4,3931,100,500,0
124,4,3933,181,341,-141
124,4,3935,205,500,0
124,4,3936,102,441,236
124,4,3936,138,230,384
124,4,3936,143,250,339
124,4,3936,157,177,-196
124,4,3940,148,153,-178
124,4,3940,212,148,-450
124,4,3941,211,169,-442
124,4,3942,109,500,0
124,4,3942,125,156,474
124,4,3943,203,181,-409
124,4,3943,206,160,-417
124,4,3943,206,169,-442
124,4,3944,137,150,421
124,4,3945,180,-82,412
124,4,3945,208,136,-453
124,4,3946,182,-208,-20
124,4,3946,200,151,-393
124,4,3947,204,118,-432
124,4,3950,173,-289,-28
124,4,3952,163,57,258
124,4,3952,182,-170,75
124,4,3953,156,-174,-116
124,4,3953,170,-196,-130
124,4,3953,176,153,-307
124,4,3954,172,-121,99
124,4,3954,176,-90,217
124,4,3954,188,-173,246
124,4,3955,171,-208,-20
124,4,3955,177,259,-223
124,4,3956,172,-234,-23
124,4,3956,174,387,-77
124,4,3956,178,0,183
124,4,3956,180,-264,-6
124,4,3956,188,0,-26
124,4,3956,190,0,-26
124,4,3956,192,203,-90
124,4,3956,193,0,-290
124,4,3956,218,0,-500
124,4,3957,173,368,-142
124,4,3957,178,124,-168
124,4,3957,179,179,-35
124,4,3957,180,-37,69
124,4,3958,172,65,170
124,4,3958,173,65,170
124,4,3958,173,71,142
124,4,3958,180,328,219
124,4,3959,172,116,105
124,4,3959,175,-10,209
124,4,3959,176,-15,208
124,4,3959,179,203,339
124,4,3959,180,-154,242
124,4,3960,172,226,136
124,4,3960,180,-23,-12
124,4,3961,178,190,317
124,4,3961,180,-23,-12
124,4,3961,185,-227,322
124,4,3962,174,149,249
124,4,3962,174,266,255
124,4,3962,180,-46,62
124,4,3962,180,-45,64
124,4,3963,177,128,289
124,4,3963,180,-78,0
124,4,3963,180,-48,21
124,4,3963,180,-23,-12
124,4,3963,180,-22,-13
124,4,3963,180,-11,77
124,4,3963,180,-9,77
124,4,3964,179,136,453
124,4,3964,180,-48,61
124,4,3964,180,-26,-1
124,4,3964,180,-24,10
124,4,3964,180,-22,-14
124,4,3964,180,-22,13
124,4,3964,180,-12,22
124,4,3964,180,0,0
124,4,3965,179,-33,445
124,4,3965,180,-162,208
124,4,3965,180,-9,51
124,4,3966,179,-41,234
124,4,3966,180,-51,59
124,4,3968,172,99,121
124,4,3972,172,72,108
124,4,3975,173,25,-128
124,4,3978,180,0,0
124,4,3988,175,11,-51
124,4,3988,183,0,-294
124,4,3988,183,13,-22
124,4,3988,202,0,-421
124,4,3988,205,0,-447
124,4,4075,162,0,-500
124,6,3896,189,500,0
124,6,3896,225,498,-48
124,6,3897,193,405,-30
124,6,3897,194,417,-31
124,6,3898,189,500,0
124,6,3898,193,407,-20
124,6,3898,235,500,0
124,6,3899,188,340,0
124,6,3899,190,340,0
124,6,3899,190,361,0
124,6,3899,191,340,0
124,6,3899,192,340,0
124,6,3899,193,340,0
124,6,3899,194,340,0
124,6,3899,195,340,0
124,6,3899,196,340,0
124,6,3899,197,340,0
124,6,3899,198,340,0
124,6,3899,199,340,0
124,6,3899,200,340,0
124,6,3899,201,340,0
124,6,3899,202,340,0
124,6,3899,203,340,0
124,6,3899,204,340,0
124,6,3899,205,340,0
124,6,3899,206,340,0
124,6,3899,207,340,0
124,6,3899,208,340,0
124,6,3899,209,340,0
124,6,3899,210,340,0
124,6,3899,211,340,0
124,6,3899,212,340,0
124,6,3899,213,340,0
124,6,3899,214,340,0
124,6,3899,215,340,0
124,6,3899,216,340,0
124,6,3899,217,340,0
124,6,3899,218,340,0
124,6,3899,219,340,0
124,6,3899,220,340,0
124,6,3899,221,340,0
124,6,3899,222,340,0
124,6,3899,223,340,0
124,6,3899,224,340,0
124,6,3899,225,340,0
124,6,3899,226,340,0
124,6,3899,227,340,0
124,6,3899,228,340,0
124,6,3899,228,361,0
124,6,3899,229,340,0
124,6,3899,230,340,0
124,6,3899,231,340,0
124,6,3899,232,340,0
124,6,3899,233,340,0
124,6,3899,234,340,0
124,6,3899,235,340,0
124,6,3900,176,466,179
124,6,3900,186,366,18
124,6,3900,189,366,0
124,6,3900,189,500,0
124,6,3900,190,366,0
124,6,3900,191,366,-8
124,6,3900,192,366,-18
124,6,3900,192,366,0
124,6,3900,228,340,0
124,6,3900,228,361,0
124,6,3901,189,366,0
124,6,3901,190,366,-8
124,6,3901,190,366,0
124,6,3901,191,366,0
124,6,3901,192,366,0
124,6,3901,238,366,0
124,6,3902,190,366,-8
124,6,3902,228,366,0
124,6,3903,189,444,0
124,6,3903,190,366,-8
124,6,3903,196,366,0
124,6,3903,201,366,0
124,6,3903,231,366,0
124,6,3903,235,366,0
124,6,3905,190,392,0
124,6,3907,187,496,60
124,6,3907,228,414,0
124,6,3907,250,392,0
124,6,3908,260,353,-353
124,6,3909,245,361,-345
124,6,3909,256,418,0
124,6,3910,243,361,-345
124,6,3910,247,361,-345
124,6,3910,248,343,-359
124,6,3910,258,353,-353
124,6,3911,229,418,0
124,6,3911,234,418,0
124,6,3911,235,418,0
124,6,3911,254,392,0
124,6,3911,256,353,-353
124,6,3912,228,440,0
124,6,3913,244,335,-371
124,6,3913,256,444,-10
124,6,3913,257,444,-10
124,6,3915,242,361,-345
124,6,3915,243,361,-345
124,6,3915,244,361,-345
124,6,3915,245,361,-345
124,6,3915,246,361,-345
124,6,3915,247,361,-345
124,6,3915,249,361,-345
124,6,3915,252,353,-353
124,6,3915,253,353,-353
124,6,3916,224,444,0
124,6,3916,225,444,0
124,6,3916,226,444,0
124,6,3916,227,444,0
124,6,3916,228,444,0
124,6,3916,229,444,0
124,6,3916,230,444,0
124,6,3916,231,444,0
124,6,3916,232,444,0
124,6,3916,233,444,0
124,6,3916,234,444,0
124,6,3916,235,444,0
124,6,3916,236,335,-371
124,6,3918,189,447,0
124,6,3918,258,471,-11
124,6,3926,226,345,-361
124,6,3928,189,395,0
124,6,3928,264,500,0
124,6,3929,230,418,0
124,6,3930,219,345,-361
124,6,3932,189,369,0
124,6,3934,264,500,0
124,6,3935,192,222,-21
124,6,3935,208,261,0
124,6,3937,192,197,0
124,6,3938,214,169,-162
124,6,3939,190,130,0
124,6,3939,216,75,-107
124,6,3940,190,104,0
124,6,3940,190,130,0
124,6,3940,215,75,-72
124,6,3940,216,75,-72
124,6,3940,217,75,-72
124,6,3940,267,500,0
124,6,3943,189,290,0
124,6,3944,153,167,356
124,6,3945,154,151,365
124,6,3946,147,139,424
124,6,3946,268,139,-425
124,6,3947,249,172,-200
124,6,3948,142,97,437
124,6,3948,272,97,-437
124,6,3950,176,212,-10
124,6,3952,259,399,-253
124,6,3953,182,-174,-116
124,6,3954,236,-121,99
124,6,3954,240,-23,234
124,6,3956,151,0,340
124,6,3956,255,0,-342
124,6,3956,266,0,-421
124,6,3957,176,74,-138
124,6,3957,177,74,-138
124,6,3957,178,0,-78
124,6,3957,178,74,-138
124,6,3957,238,170,198
124,6,3957,246,-121,202
124,6,3958,175,152,-101
124,6,3958,244,-13,261
124,6,3958,246,149,-279
124,6,3959,171,-1,-26
124,6,3959,174,152,-101
124,6,3959,175,152,-101
124,6,3959,243,-14,287
124,6,3959,254,350,-233
124,6,3960,172,172,42
124,6,3960,246,-27,364
124,6,3961,171,-23,12
124,6,3961,179,23,-12
124,6,3962,172,125,37
124,6,3962,236,-138,74
124,6,3962,241,89,217
124,6,3962,241,201,273
124,6,3963,171,-24,9
124,6,3963,240,-105,210
124,6,3964,239,-225,134
124,6,3964,241,-129,257
124,6,3964,256,303,248
124,6,3964,264,291,-339
124,6,3971,174,302,83
124,6,3978,264,151,-393
124,6,3980,171,0,0
124,6,3982,171,0,0
124,6,3984,242,295,-105
124,6,3988,176,17,-182
124,6,3988,244,25,2
124,6,3988,263,314,-189
124,9,3895,291,447,0
124,9,3895,291,500,0
124,9,3896,291,500,0
124,9,3897,291,366,0
124,9,3897,291,473,0
124,9,3897,294,393,-9
124,9,3897,294,500,-25
124,9,3898,279,500,0
124,9,3898,291,444,0
124,9,3899,276,340,0
124,9,3899,277,340,0
124,9,3899,278,340,0
124,9,3899,279,340,0
124,9,3899,280,340,0
124,9,3899,281,340,0
124,9,3899,282,340,0
124,9,3899,283,340,0
124,9,3899,284,340,0
124,9,3899,285,340,0
124,9,3899,286,335,50
124,9,3899,286,337,41
124,9,3899,286,340,0
124,9,3899,287,337,41
124,9,3899,287,340,0
124,9,3899,288,338,25
124,9,3899,288,340,0
124,9,3899,289,340,0
124,9,3899,289,340,17
124,9,3899,290,340,0
124,9,3899,290,340,7
124,9,3899,291,340,0
124,9,3899,291,366,0
124,9,3899,291,447,0
124,9,3899,292,361,0
124,9,3899,293,366,-18
124,9,3899,303,482,-132
124,9,3900,275,366,0
124,9,3900,276,340,0
124,9,3900,278,366,-8
124,9,3900,279,366,-18
124,9,3900,279,366,0
124,9,3900,283,358,71
124,9,3900,284,358,71
124,9,3900,285,366,-8
124,9,3900,286,366,-8
124,9,3900,286,366,0
124,9,3900,290,340,0
124,9,3900,291,473,0
124,9,3900,293,366,-8
124,9,3900,293,366,0
124,9,3900,298,439,-66
124,9,3901,276,341,131
124,9,3901,279,366,-18
124,9,3901,286,366,-8
124,9,3901,287,366,-18
124,9,3902,282,354,88
124,9,3902,282,357,80
124,9,3902,283,357,80
124,9,3902,284,358,71
124,9,3902,286,393,-29
124,9,3902,289,366,8
124,9,3902,291,418,0
124,9,3903,263,366,0
124,9,3903,267,366,0
124,9,3903,284,366,0
124,9,3903,285,360,62
124,9,3903,285,366,0
124,9,3903,292,387,0
124,9,3904,261,366,18
124,9,3904,264,392,0
124,9,3904,270,392,0
124,9,3905,286,392,-20
124,9,3906,328,498,48
124,9,3907,262,392,0
124,9,3907,284,392,0
124,9,3908,313,490,-97
124,9,3909,259,418,0
124,9,3909,262,418,0
124,9,3912,352,500,0
124,9,3917,361,496,-60
124,9,3926,345,389,-161
124,9,3927,289,392,-9
124,9,3932,360,291,-339
124,9,3932,361,283,-346
124,9,3933,292,287,0
124,9,3935,357,266,-326
124,9,3937,279,157,0
124,9,3937,292,230,0
124,9,3937,296,235,0
124,9,3938,265,208,20
124,9,3939,289,130,0
124,9,3939,290,130,0
124,9,3940,272,361,345
124,9,3940,278,104,0
124,9,3940,280,104,0
124,9,3940,289,104,0
124,9,3940,291,130,0
124,9,3942,259,-212,301
124,9,3942,260,-212,301
124,9,3942,320,0,0
124,9,3946,243,139,424
124,9,3947,247,131,400
124,9,3947,256,-344,194
124,9,3948,237,109,488
124,9,3948,238,97,437
124,9,3948,247,114,378
124,9,3948,257,432,192
124,9,3948,258,432,192
124,9,3949,312,0,0
124,9,3950,250,-421,9
124,9,3950,251,-421,9
124,9,3950,252,-421,9
124,9,3952,258,-298,-169
124,9,3952,334,-115,192
124,9,3952,338,295,-114
124,9,3953,257,-303,-162
124,9,3955,286,-86,-162
124,9,3956,254,372,248
124,9,3956,255,384,230
124,9,3956,259,-205,-307
124,9,3956,260,-205,-307
124,9,3956,266,0,-500
124,9,3956,270,0,-157
124,9,3956,273,0,-209
124,9,3956,274,0,-104
124,9,3956,275,0,-130
124,9,3956,275,46,-22
124,9,3957,260,403,190
124,9,3957,261,408,181
124,9,3957,266,-14,-287
124,9,3957,271,111,-208
124,9,3957,272,74,-138
124,9,3957,272,161,-132
124,9,3957,273,74,-138
124,9,3957,274,74,-138
124,9,3957,275,24,-46
124,9,3957,275,25,-262
124,9,3958,257,-226,-291
124,9,3958,269,-12,-235
124,9,3958,270,133,-284
124,9,3958,271,152,-101
124,9,3958,275,12,-23
124,9,3959,263,-224,-80
124,9,3959,269,-17,-234
124,9,3959,269,152,-101
124,9,3959,270,152,-101
124,9,3959,271,-15,-208
124,9,3959,274,86,-130
124,9,3960,258,355,225
124,9,3960,269,208,-20
124,9,3960,270,250,-305
124,9,3960,270,299,-366
124,9,3960,338,33,341
124,9,3961,251,326,-217
124,9,3961,258,304,-203
124,9,3961,270,258,-332
124,9,3962,247,372,-248
124,9,3962,252,319,274
124,9,3962,270,258,-332
124,9,3963,262,-210,-201
124,9,3963,264,-83,-332
124,9,3963,272,222,-85
124,9,3963,273,-116,-174
124,9,3964,247,346,-283
124,9,3964,265,299,-366
124,9,3964,269,-58,-258
124,9,3965,266,290,-374
124,9,3965,270,-111,-269
124,9,3966,265,225,-306
124,9,3966,273,-203,-122
124,9,3967,262,209,-201
124,9,3967,263,321,181
124,9,3967,270,-111,-269
124,9,3967,270,182,-223
124,9,3967,271,122,-205
124,9,3968,270,-28,-289
124,9,3968,271,-107,-213
124,9,3969,273,52,175
124,9,3969,275,100,30
124,9,3970,271,-65,-198
124,9,3972,266,-16,-314
124,9,3972,272,-23,-234
124,9,3973,246,414,72
124,9,3973,247,198,371
124,9,3973,271,-23,-234
124,9,3974,271,-105,-210
124,9,3976,260,-339,-140
124,9,3978,251,332,-157
124,9,3978,259,-311,-38
124,9,3978,260,93,-244
124,9,3978,271,-62,-227
124,9,3979,242,-412,-40
124,9,3979,259,-339,-25
124,9,3979,273,-144,-151
124,9,3983,267,122,-317
124,9,3984,260,-242,-161
124,9,3984,260,-239,-159
124,9,3984,275,126,126
124,9,3985,274,7,-78
124,9,3985,275,57,-87
124,9,3987,266,178,153
124,9,3987,273,140,-155
124,9,3988,253,0,78
124,9,3988,258,0,26
124,9,3988,267,0,78
124,9,3988,267,0,210
124,9,3988,268,93,187
124,9,3988,270,55,-203
124,9,3988,270,63,-253
124,9,3988,271,86,130
124,9,3988,271,131,-10
124,9,3988,271,150,-49
124,9,3988,271,155,30
124,9,3988,273,0,-26
124,9,3988,274,17,-182
124,9,3988,274,206,-31
124,9,3988,275,115,-62
124,9,4043,362,-21,-421
124,11,3897,348,500,0
124,11,3897,349,500,0
124,11,3897,352,500,0
124,11,3898,339,500,0
124,11,3898,348,500,0
124,11,3898,352,500,0
124,11,3901,352,421,0
124,11,3901,367,494,74
124,11,3903,329,416,277
124,11,3905,324,500,0
124,11,3905,328,402,296
124,11,3905,330,408,287
124,11,3905,375,494,-74
124,11,3905,379,474,-156
124,11,3906,328,394,306
124,11,3906,328,402,296
124,11,3906,329,402,296
124,11,3906,376,490,-97
124,11,3906,377,482,-132
124,11,3907,324,500,0
124,11,3907,329,353,353
124,11,3907,367,492,85
124,11,3907,380,457,-203
124,11,3908,307,332,332
124,11,3908,309,332,332
124,11,3908,312,332,332
124,11,3908,324,500,0
124,11,3908,325,368,333
124,11,3908,378,470,-167
124,11,3908,384,402,-296
124,11,3909,307,351,351
124,11,3909,308,353,353
124,11,3909,311,351,351
124,11,3909,318,353,353
124,11,3909,325,358,343
124,11,3909,325,368,333
124,11,3909,326,351,351
124,11,3909,377,474,-156
124,11,3909,385,386,-316
124,11,3910,306,351,351
124,11,3910,309,353,353
124,11,3910,309,401,189
124,11,3910,311,358,343
124,11,3910,312,351,351
124,11,3910,318,358,343
124,11,3910,319,358,343
124,11,3910,319,371,335
124,11,3910,322,343,358
124,11,3910,325,358,343
124,11,3910,332,345,361
124,11,3910,333,345,361
124,11,3910,337,345,361
124,11,3910,384,378,-326
124,11,3910,385,378,-326
124,11,3910,387,361,-345
124,11,3911,302,351,351
124,11,3911,306,358,343
124,11,3911,307,358,343
124,11,3911,309,358,343
124,11,3911,310,358,343
124,11,3911,311,351,351
124,11,3911,311,358,343
124,11,3911,312,358,343
124,11,3911,313,358,343
124,11,3911,314,358,343
124,11,3911,315,358,343
124,11,3911,316,358,343
124,11,3911,317,358,343
124,11,3911,318,351,351
124,11,3911,318,358,343
124,11,3911,319,358,343
124,11,3911,320,358,343
124,11,3911,321,358,343
124,11,3911,322,358,343
124,11,3911,323,358,343
124,11,3911,324,358,343
124,11,3911,325,351,351
124,11,3911,325,358,343
124,11,3911,325,361,345
124,11,3911,327,361,345
124,11,3911,328,345,361
124,11,3911,328,353,353
124,11,3911,329,345,361
124,11,3911,329,353,353
124,11,3911,332,345,361
124,11,3911,333,353,353
124,11,3911,334,353,353
124,11,3911,382,402,-296
124,11,3912,302,378,279
124,11,3912,304,353,353
124,11,3912,329,353,353
124,11,3912,385,335,-371
124,11,3913,301,361,345
124,11,3913,302,361,345
124,11,3913,343,345,361
124,11,3913,343,361,345
124,11,3913,384,335,-371
124,11,3914,303,353,353
124,11,3914,307,397,251
124,11,3914,307,404,242
124,11,3914,356,148,-450
124,11,3915,304,353,353
124,11,3915,305,353,353
124,11,3915,305,361,345
124,11,3915,305,400,294
124,11,3917,302,371,335
124,11,3917,316,500,0
124,11,3917,332,361,345
124,11,3917,362,437,97
124,11,3917,363,437,97
124,11,3918,316,500,0
124,11,3918,355,445,43
124,11,3918,391,167,-470
124,11,3920,335,361,345
124,11,3920,386,167,-470
124,11,3922,315,492,85
124,11,3923,315,451,212
124,11,3923,378,132,-482
124,11,3923,380,85,-492
124,11,3924,373,498,-37
124,11,3924,376,287,-408
124,11,3924,378,0,-500
124,11,3924,379,0,-500
124,11,3924,380,0,-500
124,11,3924,381,0,-500
124,11,3924,382,0,-500
124,11,3924,383,0,-500
124,11,3924,384,306,-394
124,11,3926,292,343,358
124,11,3927,313,335,371
124,11,3927,356,395,0
124,11,3927,357,395,0
124,11,3929,324,500,0
124,11,3932,309,240,309
124,11,3935,342,273,285
124,11,3935,346,213,223
124,11,3935,346,223,213
124,11,3936,334,-92,464
124,11,3937,349,177,196
124,11,3938,333,-300,366
124,11,3938,349,189,181
124,11,3938,350,185,177
124,11,3938,350,191,182
124,11,3938,367,254,187
124,11,3939,333,153,178
124,11,3939,340,94,90
124,11,3939,350,121,140
124,11,3939,355,153,178
124,11,3940,338,153,178
124,11,3940,351,150,174
124,11,3940,351,153,178
124,11,3940,351,166,159
124,11,3940,351,171,164
124,11,3940,355,153,178
124,11,3941,299,158,445
124,11,3941,352,103,120
124,11,3942,338,-266,324
124,11,3942,342,-82,411
124,11,3942,354,77,74
124,11,3942,355,191,182
124,11,3943,320,369,246
124,11,3943,322,156,474
124,11,3943,328,98,300
124,11,3943,340,-462,-191
124,11,3943,347,113,376
124,11,3943,360,107,0
124,11,3944,320,-316,130
124,11,3944,336,-232,283
124,11,3944,336,-124,347
124,11,3945,311,161,389
124,11,3945,317,-316,130
124,11,3945,336,-364,150
124,11,3945,341,120,400
124,11,3947,284,121,484
124,11,3947,302,108,433
124,11,3947,339,-165,202
124,11,3947,339,-56,282
124,11,3948,286,121,484
124,11,3948,286,132,482
124,11,3948,314,114,378
124,11,3948,316,123,347
124,11,3948,324,353,-107
124,11,3948,332,-294,113
124,11,3948,332,-288,127
124,11,3948,336,-165,202
124,11,3948,337,-165,202
124,11,3948,338,-165,202
124,11,3948,339,-56,282
124,11,3948,367,0,0
124,11,3949,289,121,484
124,11,3949,297,70,467
124,11,3949,317,-421,9
124,11,3949,335,-183,-223
124,11,3949,337,-218,89
124,11,3950,336,-218,89
124,11,3950,336,-183,-225
124,11,3950,337,-218,89
124,11,3952,322,-339,-203
124,11,3952,337,-208,-20
124,11,3952,337,208,-20
124,11,3953,335,-316,-386
124,11,3954,331,-214,-151
124,11,3954,333,-152,-101
124,11,3954,340,-235,23
124,11,3954,341,-209,20
124,11,3955,335,-136,-255
124,11,3956,306,0,447
124,11,3956,322,0,26
124,11,3956,329,89,217
124,11,3956,331,23,-12
124,11,3956,334,0,-235
124,11,3956,336,0,-235
124,11,3956,337,0,-183
124,11,3956,337,0,-104
124,11,3956,339,44,-27
124,11,3956,339,46,-25
124,11,3957,331,-114,-64
124,11,3957,332,-10,-421
124,11,3957,333,-5,-235
124,11,3957,339,92,-49
124,11,3957,339,155,-31
124,11,3958,331,-26,-1
124,11,3958,332,-22,-13
124,11,3958,332,-12,-235
124,11,3958,335,93,-244
124,11,3958,336,8,-395
124,11,3958,338,289,-183
124,11,3958,339,5,-52
124,11,3958,339,207,-367
124,11,3959,331,-119,-236
124,11,3959,331,-68,-38
124,11,3959,332,-21,-288
124,11,3959,332,-1,-26
124,11,3959,335,-15,-208
124,11,3960,331,-117,-58
124,11,3960,331,-115,-62
124,11,3960,331,-52,-1
124,11,3960,331,-46,-472
124,11,3960,331,-26,0
124,11,3960,331,-23,11
124,11,3960,331,-3,-52
124,11,3960,331,0,0
124,11,3960,332,-119,-236
124,11,3960,332,-23,-12
124,11,3960,334,250,-305
124,11,3960,335,155,-276
124,11,3961,331,-94,-44
124,11,3961,331,-46,-472
124,11,3961,331,-23,12
124,11,3961,332,10,-447
124,11,3961,339,292,-121
124,11,3962,332,-25,-5
124,11,3962,332,76,-441
124,11,3963,338,348,-187
124,11,3964,332,35,-288
124,11,3968,337,-153,-146
124,11,3969,325,210,-270
124,11,3970,323,274,-353
124,11,3973,306,178,377
124,11,3974,317,248,-304
124,11,3977,322,252,-76
124,11,3979,337,116,-206
124,11,3988,299,224,447
124,11,4001,439,335,-371
124,11,4003,442,246,-435
124,11,4004,444,191,-462
124,11,4009,444,70,-468
124,11,4011,427,183,0
124,11,4014,425,323,-173
124,11,4014,425,369,-198
124,32,3896,1053,500,0
124,32,3897,1052,500,0
124,32,3897,1059,496,-60
124,32,3898,1053,500,0
124,32,3899,1037,340,0
124,32,3899,1054,361,0
124,32,3899,1056,340,0
124,32,3899,1057,340,0
124,32,3899,1058,340,0
124,32,3899,1060,361,0
124,32,3899,1061,340,0
124,32,3899,1063,340,0
124,32,3899,1064,340,0
124,32,3899,1065,340,0
124,32,3899,1066,340,0
124,32,3899,1067,340,0
124,32,3900,1053,366,0
124,32,3900,1060,340,0
124,32,3900,1060,361,0
124,32,3901,1054,366,0
124,32,3901,1060,366,0
124,32,3902,1054,366,0
124,32,3902,1055,366,-8
124,32,3902,1060,366,0
124,32,3903,1060,366,0
124,32,3903,1076,366,0
124,32,3904,1076,366,0
124,32,3904,1077,392,0
124,32,3904,1078,392,-9
124,32,3904,1079,392,0
124,32,3905,1060,392,0
124,32,3905,1077,392,-9
124,32,3905,1078,392,-9
124,32,3906,1060,392,0
124,32,3907,996,500,0
124,32,3907,1060,392,0
124,32,3907,1060,414,0
124,32,3907,1076,392,0
124,32,3908,1060,414,0
124,32,3908,1076,392,0
124,32,3909,1099,361,-345
124,32,3910,1098,361,-345
124,32,3910,1103,343,-359
124,32,3911,1064,418,0
124,32,3911,1065,418,0
124,32,3911,1086,418,0
124,32,3911,1087,418,0
124,32,3912,1060,418,0
124,32,3912,1060,440,0
124,32,3915,1082,57,-467
124,32,3915,1093,361,-345
124,32,3916,1056,444,0
124,32,3916,1057,444,0
124,32,3916,1058,444,0
124,32,3916,1060,444,0
124,32,3916,1065,444,0
124,32,3916,1066,444,0
124,32,3916,1067,444,0
124,32,3916,1092,444,0
124,32,3916,1093,444,0
124,32,3916,1095,335,-371
124,32,3917,1002,437,97
124,32,3920,1094,471,0
124,32,3923,1109,361,-345
124,32,3925,971,345,361
124,32,3925,1012,421,0
124,32,3925,1096,497,0
124,32,3925,1098,497,0
124,32,3925,1106,345,-361
124,32,3927,1010,395,19
124,32,3927,1026,345,361
124,32,3927,1033,395,0
124,32,3929,1034,392,19
124,32,3929,1056,418,0
124,32,3929,1102,345,-361
124,32,3931,1028,369,-8
124,32,3931,1029,369,-8
124,32,3932,1053,369,0
124,32,3933,1012,369,0
124,32,3935,981,417,223
124,32,3936,1114,358,-192
124,32,3938,1046,189,-181
124,32,3941,1102,192,-433
124,32,3942,1102,181,-438
124,32,3943,1001,224,183
124,32,3943,1080,-29,393
124,32,3944,1074,-230,281
124,32,3946,1091,248,-372
124,32,3946,1100,139,-425
124,32,3947,1070,-315,130
124,32,3948,1082,-335,58
124,32,3949,1074,-123,-231
124,32,3951,1062,250,133
124,32,3951,1066,-221,-21
124,32,3952,1008,123,100
124,32,3952,1066,-221,-21
124,32,3953,1064,-174,-116
124,32,3953,1066,-196,-130
124,32,3953,1067,-208,-20
124,32,3953,1071,-130,195
124,32,3953,1077,21,286
124,32,3953,1078,26,364
124,32,3954,1065,-176,-117
124,32,3954,1066,-133,-88
124,32,3954,1066,-130,-87
124,32,3954,1067,-155,-19
124,32,3954,1068,-138,74
124,32,3955,1067,-8,24
124,32,3955,1071,61,-172
124,32,3956,1068,40,32
124,32,3956,1069,207,25
124,32,3956,1069,259,-223
124,32,3956,1077,0,-52
124,32,3956,1079,16,-20
124,32,3956,1080,5,-25
124,32,3956,1081,16,-20
124,32,3956,1082,4,-25
124,32,3956,1083,0,-26
124,32,3956,1086,416,40
124,32,3956,1090,234,22
124,32,3956,1099,0,-366
124,32,3957,1069,65,170
124,32,3957,1073,164,-128
124,32,3958,1068,61,172
124,32,3958,1068,153,-30
124,32,3958,1069,-126,132
124,32,3958,1069,32,-40
124,32,3958,1069,65,170
124,32,3958,1069,101,152
124,32,3958,1070,192,135
124,32,3958,1071,20,208
124,32,3958,1072,-10,209
124,32,3958,1073,-12,235
124,32,3958,1075,-14,287
124,32,3958,1076,25,2
124,32,3959,1068,116,105
124,32,3959,1072,-15,208
124,32,3959,1075,-7,287
124,32,3959,1076,-56,88
124,32,3959,1076,-25,338
124,32,3959,1076,-23,12
124,32,3959,1076,-23,312
124,32,3959,1076,0,0
124,32,3960,1068,23,12
124,32,3960,1069,151,144
124,32,3960,1070,44,177
124,32,3960,1070,61,172
124,32,3960,1076,-60,85
124,32,3960,1076,0,0
124,32,3961,1068,134,80
124,32,3961,1069,249,194
124,32,3961,1076,-164,82
124,32,3961,1076,-23,-12
124,32,3961,1076,-23,12
124,32,3961,1076,-14,21
124,32,3961,1076,-5,51
124,32,3961,1076,0,0
124,32,3962,1068,-190,37
124,32,3962,1072,139,313
124,32,3965,1076,-50,60
124,32,3966,1070,39,178
124,32,3966,1076,-24,9
124,32,3966,1076,-10,51
124,32,3970,1069,12,130
124,34,3897,1076,421,0
124,34,3898,1076,447,0
124,34,3898,1116,500,0
124,34,3899,1076,340,0
124,34,3899,1077,340,0
124,34,3899,1078,340,0
124,34,3899,1079,340,0
124,34,3899,1080,340,0
124,34,3899,1081,340,0
124,34,3899,1082,340,0
124,34,3899,1083,340,0
124,34,3899,1085,340,0
124,34,3899,1086,340,0
124,34,3899,1088,340,0
124,34,3899,1089,340,0
124,34,3899,1090,340,0
124,34,3899,1091,340,0
124,34,3899,1093,340,0
124,34,3899,1094,340,0
124,34,3899,1095,340,0
124,34,3899,1097,340,0
124,34,3899,1098,340,0
124,34,3899,1100,340,0
124,34,3899,1101,340,0
124,34,3899,1102,340,0
124,34,3899,1103,340,0
124,34,3899,1104,340,0
124,34,3899,1105,340,0
124,34,3899,1108,340,0
124,34,3899,1109,340,0
124,34,3899,1110,340,0
124,34,3899,1111,340,0
124,34,3899,1112,340,0
124,34,3899,1113,340,0
124,34,3899,1114,340,0
124,34,3899,1115,340,0
124,34,3899,1116,340,0
124,34,3899,1117,340,0
124,34,3899,1119,340,0
124,34,3899,1120,340,0
124,34,3899,1121,340,0
124,34,3899,1123,340,0
124,34,3899,1124,340,0
124,34,3899,1125,340,0
124,34,3899,1126,340,0
124,34,3899,1127,340,0
124,34,3899,1128,340,0
124,34,3899,1129,340,0
124,34,3899,1130,340,0
124,34,3899,1131,340,0
124,34,3900,1076,421,0
124,34,3900,1079,366,-18
124,34,3900,1079,366,0
124,34,3900,1116,340,0
124,34,3900,1118,366,-8
124,34,3900,1119,366,-18
124,34,3900,1132,366,-8
124,34,3900,1133,366,-8
124,34,3900,1134,366,0
124,34,3901,1078,366,-8
124,34,3901,1079,366,0
124,34,3901,1117,369,0
124,34,3901,1118,366,-8
124,34,3901,1119,366,-18
124,34,3901,1133,366,-18
124,34,3901,1133,366,-8
124,34,3902,1124,357,-80
124,34,3902,1139,435,-246
124,34,3903,1067,366,0
124,34,3903,1082,366,0
124,34,3903,1116,366,0
124,34,3903,1131,366,0
124,34,3903,1137,341,-193
124,34,3903,1138,365,-207
124,34,3904,1133,358,-159
124,34,3904,1133,392,-9
124,34,3904,1134,353,-167
124,34,3904,1134,392,0
124,34,3905,1133,392,-9
124,34,3905,1143,392,0
124,34,3906,1138,353,-224
124,34,3906,1142,392,0
124,34,3907,1060,414,0
124,34,3907,1116,392,0
124,34,3907,1147,392,0
124,34,3908,1060,414,0
124,34,3910,1056,496,60
124,34,3910,1060,418,0
124,34,3911,1060,418,0
124,34,3911,1129,418,0
124,34,3915,1155,500,0
124,34,3916,1053,500,0
124,34,3916,1120,444,0
124,34,3916,1123,444,0
124,34,3916,1124,444,0
124,34,3916,1125,444,0
124,34,3916,1126,444,0
124,34,3916,1127,444,0
124,34,3916,1155,497,0
124,34,3916,1155,500,0
124,34,3917,1052,500,0
124,34,3917,1155,500,0
124,34,3918,1053,500,0
124,34,3918,1157,471,0
124,34,3925,1036,345,361
124,34,3925,1131,444,0
124,34,3929,1123,418,0
124,34,3932,1028,361,345
124,34,3933,1057,311,242
124,34,3934,1141,-114,347
124,34,3935,1054,500,-11
124,34,3936,1118,207,-111
124,34,3941,1116,94,90
124,34,3943,1117,94,-90
124,34,3947,1051,132,344
124,34,3953,1133,-135,116
124,34,3955,1129,-95,-42
124,34,3956,1060,0,26
124,34,3956,1075,46,-22
124,34,3956,1136,344,-194
124,34,3956,1141,21,286
124,34,3957,1073,74,-138
124,34,3958,1067,-77,-74
124,34,3958,1073,28,-289
124,34,3958,1075,0,-52
124,34,3958,1132,253,135
124,34,3958,1132,259,130
124,34,3959,1068,151,37
124,34,3959,1069,152,-101
124,34,3960,1067,176,48
124,34,3960,1071,175,-263
124,34,3960,1075,132,-7
124,34,3960,1075,155,-31
124,34,3961,1074,73,-110
124,34,3962,1137,201,273
124,34,3963,1075,139,-75
124,34,3963,1141,164,327
124,34,3963,1143,23,312
124,34,3964,1075,176,-48
124,34,3964,1132,-176,48
124,34,3964,1136,-130,259
124,34,3964,1139,149,337
124,34,3964,1140,224,289
124,34,3964,1152,303,248
124,34,3965,1144,167,356
124,34,3972,1075,128,-25
124,34,3973,1075,115,-62
124,38,3895,1220,500,0
124,38,3896,1212,500,0
124,38,3896,1213,500,0
124,38,3896,1220,500,0
124,38,3897,1212,500,0
124,38,3898,1213,500,0
124,38,3898,1217,500,0
124,38,3898,1236,500,0
124,38,3901,1218,496,-60
124,38,3901,1227,484,121
124,38,3903,1193,416,277
124,38,3906,1193,402,296
124,38,3908,1171,332,332
124,38,3908,1171,340,325
124,38,3908,1177,332,332
124,38,3909,1189,358,343
124,38,3909,1189,368,333
124,38,3910,1174,358,343
124,38,3910,1175,358,343
124,38,3910,1185,500,0
124,38,3910,1189,358,343
124,38,3910,1196,345,361
124,38,3911,1174,351,351
124,38,3911,1174,358,343
124,38,3911,1175,351,351
124,38,3911,1175,358,343
124,38,3911,1176,358,343
124,38,3911,1177,358,343
124,38,3911,1178,358,343
124,38,3911,1179,358,343
124,38,3911,1180,353,353
124,38,3911,1180,358,343
124,38,3911,1181,358,343
124,38,3911,1182,358,343
124,38,3911,1183,358,343
124,38,3911,1184,358,343
124,38,3911,1186,358,343
124,38,3911,1187,358,343
124,38,3911,1189,351,351
124,38,3911,1189,358,343
124,38,3911,1193,353,353
124,38,3911,1195,353,353
124,38,3911,1197,353,353
124,38,3911,1198,353,353
124,38,3912,1167,353,353
124,38,3912,1198,353,353
124,38,3913,1169,361,345
124,38,3913,1211,345,361
124,38,3913,1225,462,103
124,38,3915,1169,353,353
124,38,3915,1182,353,353
124,38,3916,1219,224,447
124,38,3916,1219,361,345
124,38,3918,1179,500,0
124,38,3920,1224,361,345
124,38,3922,1161,353,353
124,38,3922,1220,447,0
124,38,3922,1222,444,53
124,38,3923,1164,361,345
124,38,3923,1194,345,361
124,38,3924,1164,353,353
124,38,3924,1164,361,345
124,38,3924,1164,371,335
124,38,3924,1227,408,101
124,38,3925,1164,345,361
124,38,3925,1164,361,345
124,38,3925,1165,335,371
124,38,3925,1165,345,361
124,38,3925,1165,353,353
124,38,3925,1165,361,345
124,38,3925,1213,421,0
124,38,3926,1165,345,361
124,38,3927,1220,395,0
124,38,3928,1174,500,0
124,38,3930,1220,369,-8
124,38,3932,1236,369,0
124,38,3933,1203,291,304
124,38,3935,1206,273,285
124,38,3936,1166,361,345
124,38,3939,1168,48,498
124,38,3941,1163,169,442
124,38,3941,1169,181,408
124,38,3946,1171,139,424
124,38,3947,1161,262,394
124,38,3947,1181,141,341
124,38,3949,1230,-60,-200
124,38,3953,1184,235,245
124,38,3954,1196,16,-316
124,38,3955,1179,74,494
124,38,3955,1179,85,492
124,38,3958,1193,257,-429
124,38,3958,1199,152,-101
124,38,3958,1200,123,-231
124,38,3958,1200,148,-278
124,38,3958,1201,148,-278
124,38,3960,1198,250,-305
124,38,3961,1198,207,-367
124,38,3961,1198,258,-332
124,38,3962,1201,322,-227
124,38,3963,1194,190,-404
124,38,3965,1194,139,-313
124,38,3965,1198,-111,-269
124,38,3970,1156,296,402
124,38,3973,1184,226,291
124,38,3976,1182,266,255
124,38,3976,1189,221,-222
124,38,3984,1187,118,236
124,38,3988,1179,0,104
124,38,3988,1193,0,209
124,38,3988,1198,203,-51
124,38,3988,1199,150,-49
124,38,3988,1199,168,29
124,38,3988,1202,55,-83
124,61,3897,1956,500,0
124,61,3899,1952,364,35
124,61,3899,1956,392,0
124,61,3906,2014,392,0
124,61,3906,2015,419,-10
124,61,3906,2015,433,-10
124,61,3907,2012,500,0
124,61,3907,2013,500,0
124,61,3907,2014,392,0
124,61,3907,2014,414,-21
124,61,3908,2011,416,30
124,61,3908,2013,500,0
124,61,3908,2014,416,-31
124,61,3908,2014,418,-21
124,61,3908,2015,433,-10
124,61,3908,2027,340,-325
124,61,3908,2028,340,-325
124,61,3909,2013,418,-10
124,61,3909,2014,416,-31
124,61,3909,2014,418,-21
124,61,3909,2014,418,0
124,61,3910,2013,418,-10
124,61,3910,2013,500,0
124,61,3910,2014,418,-21
124,61,3910,2014,418,0
124,61,3910,2014,438,-32
124,61,3910,2015,418,-21
124,61,3910,2015,440,-22
124,61,3910,2019,405,-101
124,61,3911,2003,358,-344
124,61,3911,2012,418,0
124,61,3911,2013,418,-21
124,61,3911,2013,418,-10
124,61,3911,2015,446,-22
124,61,3912,2022,411,-170
124,61,3915,1956,451,212
124,61,3915,1992,361,-345
124,61,3915,1999,361,-345
124,61,3915,2006,361,-345
124,61,3915,2020,361,-345
124,61,3915,2021,353,-353
124,61,3915,2021,361,-345
124,61,3915,2030,361,-345
124,61,3916,2031,371,-335
124,61,3918,2005,353,-353
124,61,3919,1995,353,-353
124,61,3920,2007,428,-129
124,61,3924,2012,474,-156
124,61,3925,1931,408,101
124,61,3925,2024,497,0
124,61,3931,1950,133,-128
124,61,3933,1949,52,0
124,61,3937,1978,209,-201
124,61,3938,2003,-5,-52
124,61,3938,2029,500,0
124,61,3940,1931,408,101
124,61,3940,1990,-197,311
124,61,3941,1988,-333,157
124,61,3941,1990,-326,174
124,61,3945,2032,136,-453
124,61,3946,2023,248,-372
124,61,3948,1987,-272,-163
124,61,3949,2020,114,-378
124,61,3954,1987,-212,-301
124,61,3955,2027,21,-421
124,61,3956,2016,0,-342
124,61,3957,1996,353,-177
124,61,3958,1997,216,265
124,61,3960,1997,-164,121
124,61,3960,2008,-212,301
124,61,3961,2005,-41,340
124,61,3961,2008,33,339
124,61,3961,2009,-227,322
124,61,3962,1998,149,249
124,61,3962,1998,242,242
124,61,3962,1998,247,237
124,61,3962,1998,260,260
124,61,3962,1998,266,255
124,61,3964,2002,-70,281
124,61,3964,2005,76,306
124,61,3965,2002,-63,283
124,61,3966,1996,-110,-73
124,61,3966,2001,-28,289
124,61,3966,2005,83,305
124,61,3967,1998,-146,219
124,61,3967,2004,83,305
124,61,3967,2006,98,328
124,61,3968,1996,-210,112
124,61,3968,1996,-187,100
124,61,3968,2004,75,334
124,61,3968,2007,123,319
124,61,3969,2000,-26,263
124,61,3969,2010,265,360
124,61,3970,1996,-187,100
124,61,3970,2003,90,275
124,61,3970,2003,110,268
124,61,3971,1998,-184,150
124,61,3971,2001,-95,246
124,61,3972,2003,-115,322
124,61,3974,1999,-220,146
124,61,3975,1999,129,15
124,61,3981,2008,157,-333
124,61,3983,2001,146,-188
124,61,3984,2007,172,-233
124,61,3988,2007,16,-20
124,61,3990,2027,-350,0
124,65,3895,2115,447,0
124,65,3896,2115,500,0
124,65,3897,2118,500,-25
124,65,3898,2115,500,0
124,65,3899,2068,340,0
124,65,3899,2069,340,0
124,65,3899,2070,340,0
124,65,3899,2071,340,0
124,65,3899,2072,340,0
124,65,3899,2073,340,0
124,65,3899,2074,340,0
124,65,3899,2075,340,0
124,65,3899,2076,340,0
124,65,3899,2077,340,0
124,65,3899,2078,340,0
124,65,3899,2079,340,0
124,65,3899,2080,340,0
124,65,3899,2081,340,0
124,65,3899,2082,340,0
124,65,3899,2083,340,0
124,65,3899,2084,340,0
124,65,3899,2085,340,0
124,65,3899,2086,340,0
124,65,3899,2087,340,0
124,65,3899,2088,340,0
124,65,3899,2089,340,0
124,65,3899,2090,340,0
124,65,3899,2091,340,0
124,65,3899,2092,340,0
124,65,3899,2093,340,0
124,65,3899,2094,340,0
124,65,3899,2095,340,0
124,65,3899,2096,340,0
124,65,3899,2098,340,0
124,65,3899,2099,340,0
124,65,3899,2100,340,0
124,65,3899,2101,340,0
124,65,3899,2102,340,0
124,65,3899,2103,340,0
124,65,3899,2104,340,0
124,65,3899,2105,340,0
124,65,3899,2107,340,0
124,65,3899,2108,340,0
124,65,3899,2110,340,0
124,65,3899,2111,340,0
124,65,3899,2112,340,0
124,65,3899,2113,340,0
124,65,3899,2114,340,0
124,65,3899,2115,340,0
124,65,3899,2127,482,-132
124,65,3900,2115,369,0
124,65,3900,2117,366,-8
124,65,3900,2117,366,0
124,65,3902,2113,366,8
124,65,3903,2059,366,0
124,65,3903,2069,366,0
124,65,3903,2115,500,0
124,65,3904,2115,471,0
124,65,3904,2117,392,0
124,65,3904,2126,482,-132
124,65,3905,2115,500,0
124,65,3906,2113,392,8
124,65,3906,2115,500,0
124,65,3908,2117,418,-21
124,65,3910,2047,358,343
124,65,3911,2047,345,361
124,65,3911,2112,418,0
124,65,3911,2113,418,0
124,65,3911,2115,418,0
124,65,3913,2055,361,345
124,65,3916,2112,444,0
124,65,3916,2114,444,0
124,65,3916,2115,444,0
124,65,3925,2115,421,0
124,65,3929,2112,418,0
124,65,3933,2037,500,0
124,65,3940,2102,104,0
124,65,3940,2112,104,0
124,65,3945,2036,141,396
124,65,3946,2045,149,337
124,65,3948,2049,139,313
124,65,3950,2037,92,411
124,65,3952,2129,-13,257
124,65,3955,2108,-86,-162
124,65,3961,2062,233,-350
124,65,3962,2062,258,-332
124,65,3986,2052,-148,-277
124,68,3903,2152,408,287
124,68,3903,2153,416,277
124,68,3904,2152,402,296
124,68,3906,2153,402,296
124,68,3907,2151,386,316
124,68,3907,2154,402,296
124,68,3907,2191,492,85
124,68,3908,2131,332,332
124,68,3909,2148,353,353
124,68,3909,2149,358,343
124,68,3909,2149,368,333
124,68,3909,2150,358,343
124,68,3910,2146,343,358
124,68,3910,2149,351,351
124,68,3910,2149,358,343
124,68,3910,2150,358,343
124,68,3910,2156,345,361
124,68,3910,2161,345,361
124,68,3911,2134,358,343
124,68,3911,2135,358,343
124,68,3911,2136,358,343
124,68,3911,2137,358,343
124,68,3911,2138,358,343
124,68,3911,2139,358,343
124,68,3911,2140,358,343
124,68,3911,2141,358,343
124,68,3911,2142,358,343
124,68,3911,2143,358,343
124,68,3911,2144,358,343
124,68,3911,2145,358,343
124,68,3911,2146,358,343
124,68,3911,2147,358,343
124,68,3911,2148,351,351
124,68,3911,2148,358,343
124,68,3911,2149,351,351
124,68,3911,2149,358,343
124,68,3911,2149,361,345
124,68,3915,2149,353,353
124,68,3915,2152,353,353
124,68,3917,2156,361,345
124,68,3922,2124,353,353
124,68,3924,2154,327,342
124,68,3927,2158,345,361
124,68,3934,2126,335,371
124,68,3935,2166,273,285
124,68,3936,2161,218,228
124,68,3938,2163,-87,438
124,68,3938,2166,-87,438
124,68,3939,2147,335,371
124,68,3940,2175,75,72
124,68,3940,2175,75,106
124,68,3944,2137,167,356
124,68,3945,2135,161,389
124,68,3945,2160,-364,150
124,68,3947,2108,121,484
124,68,3947,2158,-291,119
124,68,3948,2110,121,484
124,68,3948,2133,101,408
124,68,3948,2161,-165,202
124,68,3949,2112,121,484
124,68,3952,2160,-208,-20
124,68,3954,2157,-152,-101
124,68,3954,2158,-152,-101
124,68,3955,2151,-161,-301
124,68,3956,2161,0,-104
124,68,3956,2162,0,-78
124,68,3956,2163,0,-104
124,68,3957,2163,24,-46
124,68,3958,2149,-25,-500
124,68,3961,2163,-154,30
124,68,3962,2145,320,-225
124,68,3964,2138,285,-273
124,68,3965,2136,339,-292
124,68,3965,2138,339,-292
124,68,3976,2142,266,255
124,68,3989,2155,24,9
124,89,3896,2874,500,11
124,89,3896,2876,500,0
124,89,3896,2883,500,0
124,89,3897,2884,500,0
124,89,3898,2882,444,10
124,89,3900,2868,488,-109
124,89,3900,2872,498,37
124,89,3900,2873,498,37
124,89,3901,2868,482,-132
124,89,3901,2881,500,25
124,89,3903,2879,498,-37
124,89,3905,2903,408,-287
124,89,3905,2904,408,-287
124,89,3905,2905,408,-287
124,89,3905,2906,408,-287
124,89,3906,2883,500,0
124,89,3906,2901,416,-277
124,89,3908,2907,368,-334
124,89,3908,2913,340,-325
124,89,3908,2914,340,-325
124,89,3908,2915,340,-325
124,89,3908,2916,340,-325
124,89,3908,2917,340,-325
124,89,3908,2918,340,-325
124,89,3908,2919,340,-325
124,89,3908,2920,340,-325
124,89,3908,2921,340,-325
124,89,3908,2922,340,-325
124,89,3908,2923,340,-325
124,89,3908,2924,340,-325
124,89,3909,2903,386,-316
124,89,3909,2906,358,-344
124,89,3909,2906,368,-334
124,89,3909,2907,358,-344
124,89,3909,2907,368,-334
124,89,3910,2906,358,-344
124,89,3910,2906,368,-334
124,89,3910,2907,368,-334
124,89,3910,2909,343,-359
124,89,3910,2911,343,-359
124,89,3911,2891,371,-335
124,89,3911,2907,358,-344
124,89,3911,2911,351,-351
124,89,3911,2912,351,-351
124,89,3911,2913,351,-351
124,89,3911,2914,351,-351
124,89,3911,2915,351,-351
124,89,3911,2916,351,-351
124,89,3911,2917,351,-351
124,89,3911,2918,351,-351
124,89,3913,2875,473,10
124,89,3913,2875,473,23
124,89,3913,2890,345,-361
124,89,3913,2903,361,-345
124,89,3913,2903,371,-335
124,89,3914,2903,361,-345
124,89,3914,2907,345,-361
124,89,3915,2859,500,0
124,89,3915,2905,361,-345
124,89,3915,2906,361,-345
124,89,3915,2907,361,-345
124,89,3915,2908,361,-345
124,89,3915,2909,361,-345
124,89,3915,2910,361,-345
124,89,3915,2911,361,-345
124,89,3915,2912,361,-345
124,89,3915,2913,361,-345
124,89,3915,2914,361,-345
124,89,3915,2915,361,-345
124,89,3915,2916,361,-345
124,89,3915,2917,353,-353
124,89,3915,2917,361,-345
124,89,3915,2928,361,-345
124,89,3916,2877,224,-447
124,89,3916,2896,353,-353
124,89,3917,2876,287,-408
124,89,3917,2877,287,-408
124,89,3917,2909,296,-402
124,89,3919,2859,471,0
124,89,3921,2875,447,10
124,89,3923,2873,323,-309
124,89,3923,2920,500,0
124,89,3925,2859,421,0
124,89,3925,2871,128,-165
124,89,3926,2928,345,-361
124,89,3931,2875,369,18
124,89,3931,2904,356,-168
124,89,3932,2932,326,-378
124,89,3933,2933,345,-361
124,89,3940,2877,133,0
124,89,3940,2879,94,-90
124,89,3940,2882,77,-74
124,89,3940,2924,361,-345
124,89,3940,2932,148,-450
124,89,3941,2926,181,-438
124,89,3941,2926,192,-433
124,89,3942,2926,181,-438
124,89,3942,2927,169,-442
124,89,3945,2932,136,-453
124,89,3946,2903,204,-238
124,89,3946,2924,139,-425
124,89,3946,2947,121,-484
124,89,3948,2916,123,-375
124,89,3949,2945,132,-482
124,89,3949,2946,109,-488
124,89,3950,2941,121,-484
124,89,3954,2879,-176,117
124,89,3954,2882,83,166
124,89,3954,2883,-125,137
124,89,3955,2883,-75,141
124,89,3955,2950,37,-498
124,89,3956,2922,0,-421
124,89,3956,2932,0,-500
124,89,3956,2932,121,-484
124,89,3961,2901,-41,340
124,92,3896,2941,500,0
124,92,3896,2942,500,0
124,92,3896,2945,405,-30
124,92,3896,2946,417,-41
124,92,3896,2987,447,0
124,92,3897,2945,405,-30
124,92,3897,2987,421,0
124,92,3898,2941,500,0
124,92,3898,2944,361,-18
124,92,3899,2940,340,0
124,92,3899,2941,340,0
124,92,3899,2942,340,0
124,92,3899,2942,361,0
124,92,3899,2943,340,0
124,92,3899,2944,340,0
124,92,3899,2945,340,0
124,92,3899,2946,340,0
124,92,3899,2947,340,0
124,92,3899,2948,340,0
124,92,3899,2949,340,0
124,92,3899,2950,340,0
124,92,3899,2951,340,0
124,92,3899,2952,340,0
124,92,3899,2953,340,0
124,92,3899,2954,340,0
124,92,3899,2955,340,0
124,92,3899,2956,340,0
124,92,3899,2957,340,0
124,92,3899,2958,340,0
124,92,3899,2959,340,0
124,92,3899,2960,340,0
124,92,3899,2961,340,0
124,92,3899,2962,340,0
124,92,3899,2963,340,0
124,92,3899,2964,340,0
124,92,3899,2965,340,0
124,92,3899,2966,340,0
124,92,3899,2967,340,0
124,92,3899,2968,340,0
124,92,3899,2969,340,0
124,92,3899,2970,340,0
124,92,3899,2971,340,0
124,92,3899,2972,340,0
124,92,3899,2973,340,0
124,92,3899,2974,340,0
124,92,3899,2975,340,0
124,92,3899,2976,340,0
124,92,3899,2977,340,0
124,92,3899,2978,340,0
124,92,3899,2979,340,0
124,92,3899,2980,340,0
124,92,3899,2980,361,0
124,92,3899,2981,340,0
124,92,3899,2982,340,0
124,92,3899,2983,340,0
124,92,3899,2984,340,0
124,92,3899,2985,340,0
124,92,3899,2986,340,0
124,92,3899,2987,340,0
124,92,3899,2987,369,0
124,92,3900,2940,340,0
124,92,3900,2941,366,0
124,92,3900,2941,500,0
124,92,3900,2942,366,0
124,92,3900,2943,366,-8
124,92,3900,2943,500,-11
124,92,3900,2944,366,0
124,92,3900,2979,500,0
124,92,3900,2980,340,0
124,92,3900,2980,361,0
124,92,3900,2989,366,0
124,92,3900,2990,366,0
124,92,3901,2941,366,0
124,92,3901,2942,366,-8
124,92,3901,2942,366,0
124,92,3901,2943,366,-8
124,92,3901,2943,366,0
124,92,3901,2980,392,0
124,92,3901,2990,366,0
124,92,3902,2941,366,0
124,92,3902,2980,366,0
124,92,3902,2987,369,0
124,92,3903,2941,392,0
124,92,3903,2942,366,-8
124,92,3903,2942,387,0
124,92,3903,2943,364,-27
124,92,3903,2962,366,0
124,92,3903,2972,366,0
124,92,3903,2984,366,0
124,92,3904,2941,498,48
124,92,3904,2989,392,0
124,92,3904,2990,392,0
124,92,3905,2990,392,0
124,92,3906,2980,392,0
124,92,3906,2987,395,0
124,92,3907,2980,414,0
124,92,3908,2980,414,0
124,92,3908,3011,353,-353
124,92,3908,3012,353,-353
124,92,3911,2976,418,0
124,92,3911,2980,418,0
124,92,3915,2941,500,0
124,92,3915,3004,353,-353
124,92,3915,3005,353,-353
124,92,3916,2976,444,0
124,92,3916,2977,444,0
124,92,3916,2978,444,0
124,92,3916,2979,444,0
124,92,3916,2980,444,0
124,92,3916,2981,444,0
124,92,3916,2982,444,0
124,92,3916,2983,444,0
124,92,3916,2984,444,0
124,92,3916,2985,444,0
124,92,3916,2986,444,0
124,92,3916,2987,444,0
124,92,3924,2966,112,-144
124,92,3925,2989,345,361
124,92,3929,2976,418,0
124,92,3929,2979,418,0
124,92,3929,2982,418,0
124,92,3929,2985,418,0
124,92,3929,2986,418,0
124,92,3931,3002,337,-202
124,92,3937,2944,197,0
124,92,3938,2956,238,0
124,92,3939,2942,130,0
124,92,3940,2942,104,0
124,92,3940,3032,179,-466
124,92,3942,3027,169,-442
124,92,3946,3020,139,-425
124,92,3947,2908,180,-256
124,92,3949,2977,-233,-211
124,92,3955,2988,207,111
124,92,3955,2989,87,-124
124,92,3956,2917,161,-269
124,92,3956,2925,0,-341
124,92,3956,2929,-49,-92
124,92,3956,2931,0,-78
124,92,3957,2928,74,-138
124,92,3957,2929,61,-115
124,92,3957,2929,74,-138
124,92,3958,2931,128,-25
124,92,3960,2916,260,-174
124,92,3960,2925,208,-20
124,92,3960,2929,124,-168
124,92,3964,2917,392,-38
124,92,3964,2929,-116,-174
124,92,3979,2925,166,166
124,92,3984,2912,-283,-189
124,92,3984,2917,-242,-198
124,92,3988,2913,0,26
124,92,3988,2924,25,1
124,92,3988,2925,0,-235
124,92,3988,2925,170,-232
124,92,3988,2929,72,108
124,92,3988,2930,17,-182
124,94,3896,3043,500,0
124,94,3897,3043,392,0
124,94,3897,3044,500,0
124,94,3897,3046,500,-25
124,94,3898,3043,500,0
124,94,3899,2996,340,0
124,94,3899,2997,340,0
124,94,3899,2998,340,0
124,94,3899,2999,340,0
124,94,3899,3000,340,0
124,94,3899,3001,340,0
124,94,3899,3002,340,0
124,94,3899,3003,340,0
124,94,3899,3004,340,0
124,94,3899,3005,340,0
124,94,3899,3006,340,0
124,94,3899,3007,340,0
124,94,3899,3008,340,0
124,94,3899,3009,340,0
124,94,3899,3010,340,0
124,94,3899,3011,340,0
124,94,3899,3012,340,0
124,94,3899,3013,340,0
124,94,3899,3014,340,0
124,94,3899,3015,340,0
124,94,3899,3016,340,0
124,94,3899,3017,340,0
124,94,3899,3018,340,0
124,94,3899,3019,340,0
124,94,3899,3020,340,0
124,94,3899,3021,340,0
124,94,3899,3022,340,0
124,94,3899,3023,340,0
124,94,3899,3024,340,0
124,94,3899,3025,340,0
124,94,3899,3026,340,0
124,94,3899,3027,340,0
124,94,3899,3028,340,0
124,94,3899,3029,340,0
124,94,3899,3030,340,0
124,94,3899,3031,340,0
124,94,3899,3032,340,0
124,94,3899,3033,340,0
124,94,3899,3034,340,0
124,94,3899,3035,340,0
124,94,3899,3036,340,0
124,94,3899,3037,340,0
124,94,3899,3038,340,0
124,94,3899,3039,340,0
124,94,3899,3040,340,0
124,94,3899,3043,340,0
124,94,3899,3055,482,-132
124,94,3900,3036,340,0
124,94,3900,3037,366,-8
124,94,3900,3038,366,-8
124,94,3900,3039,366,-18
124,94,3900,3039,391,-29
124,94,3900,3040,498,-48
124,94,3900,3043,500,0
124,94,3900,3045,366,-8
124,94,3901,2991,366,0
124,94,3901,3039,366,-18
124,94,3901,3043,392,0
124,94,3902,3045,498,-37
124,94,3903,2987,366,0
124,94,3903,2987,395,0
124,94,3903,2988,366,0
124,94,3903,3014,366,0
124,94,3903,3016,366,0
124,94,3903,3024,366,0
124,94,3903,3036,366,0
124,94,3903,3043,500,0
124,94,3904,2989,392,-20
124,94,3904,2989,392,-9
124,94,3904,2990,392,0
124,94,3904,3052,482,-132
124,94,3904,3054,482,-132
124,94,3905,2989,392,-20
124,94,3905,2989,392,-9
124,94,3905,3043,500,0
124,94,3906,3043,444,0
124,94,3906,3043,500,0
124,94,3907,2980,414,0
124,94,3908,2980,414,0
124,94,3908,3045,418,-21
124,94,3908,3067,361,-345
124,94,3909,3051,451,-212
124,94,3910,2961,421,267
124,94,3910,2961,429,257
124,94,3910,2973,345,361
124,94,3910,2974,361,345
124,94,3910,2976,351,351
124,94,3910,2978,416,30
124,94,3910,2980,418,0
124,94,3911,2975,345,361
124,94,3911,2980,418,0
124,94,3911,2982,358,343
124,94,3911,2989,358,343
124,94,3911,3043,471,0
124,94,3912,2973,335,371
124,94,3912,3063,361,-345
124,94,3913,2963,421,267
124,94,3913,2964,404,242
124,94,3915,3093,353,-353
124,94,3916,3040,444,0
124,94,3916,3043,444,0
124,94,3917,2987,473,0
124,94,3918,3041,445,-43
124,94,3918,3043,447,0
124,94,3922,3043,447,0
124,94,3922,3086,353,-353
124,94,3925,3040,417,-51
124,94,3929,3043,418,0
124,94,3931,3042,369,8
124,94,3932,3043,369,0
124,94,3935,3042,342,7
124,94,3937,3003,171,164
124,94,3938,3043,238,0
124,94,3940,2983,-339,203
124,94,3941,3043,369,0
124,94,3944,2989,-446,43
124,94,3946,2988,117,-234
124,94,3947,2976,-366,-35
124,94,3950,2992,-183,-223
124,94,3952,2977,-240,-160
124,94,3952,2979,-366,-300
124,94,3953,2981,-196,-130
124,94,3953,2994,-172,-66
124,94,3953,2995,-178,-44
124,94,3954,2983,244,200
124,94,3956,2976,0,26
124,94,3956,2980,5,25
124,94,3956,2982,9,24
124,94,3956,2983,6,25
124,94,3956,2985,182,149
124,94,3956,2986,0,235
124,94,3956,2988,0,130
124,94,3956,2994,0,-262
124,94,3956,2994,18,-76
124,94,3956,2995,46,-25
124,94,3956,2995,46,-22
124,94,3957,2987,198,-371
124,94,3957,2991,-5,-209
124,94,3957,2992,74,-138
124,94,3957,2993,61,-115
124,94,3957,2993,74,-138
124,94,3957,2994,74,-138
124,94,3957,2995,25,-262
124,94,3958,2987,-130,0
124,94,3958,2987,173,-93
124,94,3958,2993,28,-289
124,94,3958,2995,116,-62
124,94,3959,2987,-130,0
124,94,3959,2989,-25,207
124,94,3959,2989,-19,-260
124,94,3959,2989,152,-101
124,94,3959,2990,152,-101
124,94,3959,2991,-182,17
124,94,3959,2991,152,-101
124,94,3959,2992,38,-394
124,94,3959,2995,233,-350
124,94,3960,2987,-37,-498
124,94,3960,2987,-26,0
124,94,3960,2987,-5,51
124,94,3960,2989,208,-20
124,94,3960,2991,175,-263
124,94,3960,2995,23,-12
124,94,3960,2995,229,-63
124,94,3961,2987,-93,-47
124,94,3961,2994,73,-110
124,94,3962,2987,-57,-470
124,94,3962,2987,-26,-2
124,94,3962,2987,0,0
124,94,3962,2988,-25,-5
124,94,3962,2988,43,-446
124,94,3962,2988,225,67
124,94,3963,2987,78,-7
124,94,3963,2993,400,-201
124,94,3963,2994,348,-187
124,94,3970,2987,-88,-56
124,94,3971,2987,-208,-111
124,94,3973,2994,86,-130
124,94,3977,2987,-23,11
124,94,3977,2995,115,-62
124,94,3981,2987,25,-5
124,94,3983,2987,-71,-359
124,94,3988,2987,172,141
124,94,3988,2990,0,26
124,115,3896,3706,500,11
124,115,3896,3708,500,0
124,115,3896,3715,500,0
124,115,3896,3720,500,0
124,115,3898,3712,500,0
124,115,3898,3716,500,0
124,115,3901,3706,500,25
124,115,3902,3691,418,0
124,115,3903,3707,500,0
124,115,3904,3726,478,144
124,115,3904,3735,408,-287
124,115,3905,3688,494,74
124,115,3905,3735,408,-287
124,115,3905,3736,408,-287
124,115,3905,3737,408,-287
124,115,3906,3706,500,11
124,115,3906,3733,416,-277
124,115,3908,3685,474,156
124,115,3908,3688,441,53
124,115,3908,3739,368,-334
124,115,3908,3745,340,-325
124,115,3908,3746,340,-325
124,115,3908,3747,340,-325
124,115,3908,3748,340,-325
124,115,3908,3749,340,-325
124,115,3908,3750,340,-325
124,115,3908,3751,340,-325
124,115,3908,3752,340,-325
124,115,3908,3753,340,-325
124,115,3908,3754,340,-325
124,115,3908,3755,340,-325
124,115,3908,3756,332,-333
124,115,3908,3756,340,-325
124,115,3909,3738,358,-344
124,115,3909,3738,368,-334
124,115,3909,3739,368,-334
124,115,3909,3740,351,-351
124,115,3909,3743,343,-359
124,115,3910,3723,371,-335
124,115,3910,3729,353,-353
124,115,3910,3731,353,-353
124,115,3910,3732,353,-353
124,115,3910,3738,358,-344
124,115,3910,3738,368,-334
124,115,3910,3739,358,-344
124,115,3910,3739,368,-334
124,115,3910,3741,343,-359
124,115,3910,3743,343,-359
124,115,3911,3713,386,-316
124,115,3911,3733,361,-345
124,115,3911,3738,358,-344
124,115,3911,3743,351,-351
124,115,3911,3744,351,-351
124,115,3911,3745,351,-351
124,115,3911,3746,351,-351
124,115,3911,3747,351,-351
124,115,3911,3748,351,-351
124,115,3911,3749,351,-351
124,115,3911,3750,351,-351
124,115,3912,3725,335,-371
124,115,3913,3722,345,-361
124,115,3913,3729,353,-353
124,115,3913,3735,361,-345
124,115,3913,3759,353,-353
124,115,3913,3763,335,-371
124,115,3913,3765,335,-371
124,115,3914,3729,353,-353
124,115,3914,3749,353,-353
124,115,3914,3749,361,-345
124,115,3915,3689,490,97
124,115,3915,3737,361,-345
124,115,3915,3738,361,-345
124,115,3915,3739,361,-345
124,115,3915,3740,361,-345
124,115,3915,3741,361,-345
124,115,3915,3742,361,-345
124,115,3915,3743,361,-345
124,115,3915,3744,361,-345
124,115,3915,3745,361,-345
124,115,3915,3746,361,-345
124,115,3915,3747,361,-345
124,115,3915,3748,361,-345
124,115,3915,3749,345,-361
124,115,3915,3749,353,-353
124,115,3915,3749,361,-345
124,115,3915,3756,361,-345
124,115,3915,3758,361,-345
124,115,3915,3759,361,-345
124,115,3915,3761,361,-345
124,115,3915,3763,361,-345
124,115,3916,3727,353,-353
124,115,3917,3741,296,-402
124,115,3917,3756,361,-345
124,115,3918,3704,445,43
124,115,3918,3708,447,0
124,115,3918,3724,345,-361
124,115,3918,3745,353,-353
124,115,3918,3748,500,0
124,115,3918,3759,353,-353
124,115,3920,3690,363,44
124,115,3922,3706,447,10
124,115,3923,3688,152,304
124,115,3924,3678,0,500
124,115,3924,3682,0,500
124,115,3924,3684,0,500
124,115,3924,3685,0,500
124,115,3924,3692,98,184
124,115,3926,3761,345,-361
124,115,3927,3711,395,0
124,115,3928,3754,500,0
124,115,3929,3691,104,0
124,115,3929,3758,345,-361
124,115,3929,3760,345,-361
124,115,3930,3699,157,7
124,115,3930,3766,361,-345
124,115,3931,3707,369,18
124,115,3931,3765,361,-345
124,115,3932,3738,177,-353
124,115,3933,3731,347,-124
124,115,3933,3759,361,-345
124,115,3933,3765,326,-378
124,115,3934,3763,335,-371
124,115,3935,3742,385,-171
124,115,3936,3695,281,-70
124,115,3936,3758,335,-371
124,115,3937,3708,62,46
124,115,3937,3763,335,-371
124,115,3938,3691,182,-17
124,115,3938,3691,238,0
124,115,3938,3706,237,17
124,115,3938,3708,237,17
124,115,3938,3713,115,-141
124,115,3938,3740,361,-160
124,115,3939,3712,75,-107
124,115,3939,3712,132,-126
124,115,3940,3711,94,-90
124,115,3940,3720,185,0
124,115,3940,3756,361,-345
124,115,3940,3760,361,-345
124,115,3940,3761,306,-394
124,115,3941,3708,237,17
124,115,3941,3708,290,14
124,115,3941,3758,181,-438
124,115,3941,3758,192,-433
124,115,3942,3758,181,-438
124,115,3942,3759,169,-442
124,115,3943,3755,181,-409
124,115,3943,3757,160,-417
124,115,3943,3759,169,-442
124,115,3945,3754,151,-393
124,115,3946,3756,139,-425
124,115,3946,3778,121,-484
124,115,3947,3737,233,-125
124,115,3947,3754,131,-400
124,115,3947,3774,132,-482
124,115,3948,3749,114,-378
124,115,3948,3779,121,-484
124,115,3949,3691,19,-17
124,115,3949,3745,115,-350
124,115,3949,3775,121,-484
124,115,3949,3777,132,-482
124,115,3950,3770,224,-447
124,115,3953,3733,14,287
124,115,3953,3745,57,-258
124,115,3954,3743,46,-207
124,115,3955,3783,48,-498
124,115,3956,3724,0,52
124,115,3956,3732,0,-81
124,115,3956,3733,26,1
124,115,3956,3751,0,-395
124,115,3956,3757,0,-183
124,115,3956,3758,0,-447
124,115,3956,3762,0,-261
124,115,3956,3765,224,-447
124,115,3957,3732,-37,69
124,115,3958,3725,65,170
124,115,3958,3728,-8,157
124,115,3958,3732,0,0
124,115,3958,3732,21,14
124,115,3958,3732,25,2
124,115,3959,3726,65,170
124,115,3960,3724,226,136
124,115,3960,3726,110,110
124,115,3960,3732,-78,0
124,115,3960,3732,-23,-12
124,115,3961,3724,28,43
124,115,3961,3732,-46,23
124,115,3961,3732,-26,0
124,115,3961,3732,-23,11
124,115,3961,3732,0,0
124,115,3961,3732,114,458
124,115,3962,3726,149,249
124,115,3962,3731,-41,340
124,115,3963,3732,-22,-13
124,115,3964,3725,-154,30
124,115,3965,3724,28,43
124,115,3965,3726,76,197
124,115,3966,3736,157,332
124,115,3967,3765,199,-398
124,115,3988,3727,65,43
124,115,3988,3727,104,-5
124,115,3995,3631,482,132
124,115,3996,3624,361,345
124,115,3996,3624,394,306
124,115,3996,3632,488,109
124,115,3998,3634,494,74
124,115,4001,3619,267,421
124,115,4003,3636,500,0
124,115,4004,3620,361,345
124,115,4004,3621,224,447
124,115,4004,3635,361,345
124,115,4004,3636,478,144
124,115,4004,3636,500,0
124,115,4005,3633,470,167
124,115,4006,3739,117,-55
124,115,4009,3636,262,0
124,115,4012,3638,323,173
124,115,4017,3629,-76,440
124,115,4017,3637,-92,411
124,115,4017,3644,35,366
124,115,4018,3662,-60,-200
124,115,4029,3633,-23,447
124,115,4057,3634,408,287
124,115,4060,3636,435,246
124,115,4060,3636,451,212
124,117,3895,3749,500,0
124,117,3895,3773,500,0
124,117,3896,3772,418,0
124,117,3896,3773,500,0
124,117,3896,3777,405,-30
124,117,3896,3778,417,-41
124,117,3896,3780,494,-74
124,117,3897,3776,407,-20
124,117,3897,3777,405,-30
124,117,3897,3778,417,-31
124,117,3897,3779,496,-60
124,117,3897,3780,496,-60
124,117,3899,3772,340,0
124,117,3899,3773,340,0
124,117,3899,3773,392,0
124,117,3899,3773,418,0
124,117,3899,3773,500,0
124,117,3899,3774,340,0
124,117,3899,3774,361,-8
124,117,3899,3774,361,0
124,117,3899,3774,500,0
124,117,3899,3775,340,0
124,117,3899,3776,340,0
124,117,3899,3777,340,0
124,117,3899,3778,340,0
124,117,3899,3779,340,0
124,117,3899,3780,340,0
124,117,3899,3781,340,0
124,117,3899,3782,340,0
124,117,3899,3783,340,0
124,117,3899,3784,340,0
124,117,3899,3785,340,0
124,117,3899,3786,340,0
124,117,3899,3787,340,0
124,117,3900,3770,366,18
124,117,3900,3773,340,0
124,117,3900,3773,366,0
124,117,3900,3774,366,-18
124,117,3900,3774,366,0
124,117,3900,3775,366,-18
124,117,3900,3775,366,-8
124,117,3901,3773,366,0
124,117,3901,3774,366,-8
124,117,3901,3774,366,0
124,117,3901,3775,366,-18
124,117,3901,3775,366,-8
124,117,3901,3775,366,0
124,117,3902,3771,418,21
124,117,3902,3773,366,0
124,117,3902,3774,366,0
124,117,3902,3775,366,-8
124,117,3903,3772,366,0
124,117,3903,3774,366,-8
124,117,3903,3774,387,-9
124,117,3903,3774,387,0
124,117,3903,3777,362,-54
124,117,3903,3780,357,-80
124,117,3903,3796,366,0
124,117,3904,3748,500,0
124,117,3904,3772,471,10
124,117,3904,3773,471,0
124,117,3904,3774,392,-20
124,117,3904,3775,391,-29
124,117,3904,3795,353,-224
124,117,3904,3795,355,-225
124,117,3904,3795,375,-238
124,117,3905,3794,362,-217
124,117,3905,3795,353,-224
124,117,3905,3797,348,-232
124,117,3905,3798,341,-240
124,117,3906,3774,392,-9
124,117,3906,3774,392,0
124,117,3906,3793,364,-206
124,117,3907,3716,500,0
124,117,3907,3796,392,0
124,117,3908,3716,500,0
124,117,3909,3796,361,-345
124,117,3910,3791,382,-229
124,117,3910,3794,353,-353
124,117,3910,3795,361,-345
124,117,3910,3799,333,-369
124,117,3910,3799,343,-359
124,117,3910,3800,333,-369
124,117,3910,3800,343,-359
124,117,3910,3810,343,-359
124,117,3910,3821,343,-359
124,117,3911,3764,351,-351
124,117,3911,3774,351,-351
124,117,3911,3782,418,0
124,117,3911,3801,358,-344
124,117,3913,3743,345,361
124,117,3914,3791,361,-345
124,117,3915,3758,361,-345
124,117,3915,3759,361,-345
124,117,3915,3760,361,-345
124,117,3915,3761,361,-345
124,117,3915,3762,361,-345
124,117,3915,3763,361,-345
124,117,3915,3764,361,-345
124,117,3915,3765,361,-345
124,117,3915,3766,361,-345
124,117,3915,3767,361,-345
124,117,3915,3768,361,-345
124,117,3915,3769,361,-345
124,117,3915,3770,361,-345
124,117,3915,3771,361,-345
124,117,3915,3772,361,-345
124,117,3915,3773,361,-345
124,117,3915,3774,361,-345
124,117,3915,3775,361,-345
124,117,3915,3776,361,-345
124,117,3915,3777,361,-345
124,117,3915,3778,361,-345
124,117,3915,3779,361,-345
124,117,3915,3780,361,-345
124,117,3915,3781,361,-345
124,117,3915,3790,361,-345
124,117,3915,3795,361,-345
124,117,3915,3796,361,-345
124,117,3915,3797,361,-345
124,117,3915,3799,361,-345
124,117,3915,3800,361,-345
124,117,3915,3801,361,-345
124,117,3916,3776,444,0
124,117,3916,3777,444,0
124,117,3916,3778,444,0
124,117,3916,3780,444,0
124,117,3916,3781,444,0
124,117,3916,3782,444,0
124,117,3916,3783,444,0
124,117,3916,3784,444,0
124,117,3916,3786,444,0
124,117,3916,3787,444,0
124,117,3918,3772,353,-353
124,117,3918,3775,353,-353
124,117,3918,3776,353,-353
124,117,3920,3747,364,26
124,117,3920,3777,471,0
124,117,3920,3787,471,0
124,117,3920,3798,471,0
124,117,3924,3691,0,500
124,117,3924,3785,415,-160
124,117,3924,3828,361,-345
124,117,3925,3717,403,190
124,117,3925,3773,421,0
124,117,3926,3695,236,441
124,117,3926,3779,345,-361
124,117,3926,3782,314,-16
124,117,3926,3788,345,-361
124,117,3929,3777,418,0
124,117,3929,3779,418,0
124,117,3930,3819,500,0
124,117,3932,3724,347,123
124,117,3932,3760,308,-54
124,117,3932,3766,366,8
124,117,3932,3774,363,44
124,117,3932,3780,316,0
124,117,3933,3700,265,360
124,117,3934,3705,266,325
124,117,3934,3802,298,-330
124,117,3935,3780,290,0
124,117,3935,3796,500,0
124,117,3937,3820,500,0
124,117,3938,3774,157,0
124,117,3938,3781,238,0
124,117,3939,3774,130,0
124,117,3940,3768,94,-90
124,117,3940,3773,130,0
124,117,3942,3714,210,270
124,117,3946,3846,121,-484
124,117,3947,3753,-293,121
124,117,3947,3768,108,-433
124,117,3947,3782,108,-433
124,117,3947,3804,277,-416
124,117,3948,3776,76,-385
124,117,3948,3780,108,-433
124,117,3948,3784,85,-492
124,117,3948,3796,85,-492
124,117,3948,3807,85,-492
124,117,3948,3809,85,-492
124,117,3952,3752,-220,-146
124,117,3952,3754,-220,-146
124,117,3953,3788,290,-374
124,117,3955,3730,-112,-210
124,117,3955,3746,-87,-164
124,117,3955,3792,7,340
124,117,3956,3709,0,104
124,117,3956,3721,0,-316
124,117,3956,3724,-151,106
124,117,3956,3730,0,-78
124,117,3956,3731,49,-16
124,117,3956,3788,135,253
124,117,3956,3789,74,138
124,117,3956,3789,135,253
124,117,3956,3789,152,101
124,117,3956,3790,12,23
124,117,3956,3790,135,253
124,117,3956,3790,152,101
124,117,3956,3791,152,101
124,117,3956,3792,0,0
124,117,3956,3792,12,23
124,117,3956,3793,43,28
124,117,3956,3794,0,0
124,117,3956,3794,12,23
124,117,3956,3794,236,441
124,117,3956,3794,353,223
124,117,3956,3795,22,13
124,117,3956,3797,26,1
124,117,3956,3798,25,2
124,117,3956,3799,24,-10
124,117,3956,3800,23,-11
124,117,3957,3723,0,0
124,117,3957,3729,74,-138
124,117,3957,3730,74,-138
124,117,3957,3731,0,-52
124,117,3958,3723,-130,0
124,117,3958,3725,152,-101
124,117,3958,3727,152,-101
124,117,3958,3731,115,-62
124,117,3959,3723,90,-276
124,117,3959,3726,152,-101
124,117,3960,3731,151,-50
124,117,3961,3731,25,-5
124,117,3961,3731,114,-69
124,117,3961,3731,176,-58
124,117,3963,3726,228,57
124,117,3964,3731,179,-49
124,117,3974,3730,284,42
124,117,3976,3731,128,-25
124,117,3977,3731,115,-62
124,117,3980,3723,8,-25
124,117,3980,3723,25,-7
124,117,3981,3723,0,0
124,117,3983,3723,0,0
124,117,3987,3723,0,0
124,117,3988,3724,18,48
124,117,3988,3725,0,0
124,117,3988,3811,129,15
124,118,3896,3773,500,0
124,118,3896,3777,405,-30
124,118,3898,3772,340,0
124,118,3898,3773,500,0
124,118,3898,3777,500,0
124,118,3898,3796,500,0
124,118,3898,3812,500,0
124,118,3898,3819,500,0
124,118,3899,3772,340,0
124,118,3899,3773,340,0
124,118,3899,3774,340,0
124,118,3899,3774,361,0
124,118,3899,3775,340,0
124,118,3899,3776,340,0
124,118,3899,3777,340,0
124,118,3899,3778,340,0
124,118,3899,3779,340,0
124,118,3899,3780,340,0
124,118,3899,3781,340,0
124,118,3899,3782,340,0
124,118,3899,3783,340,0
124,118,3899,3784,340,0
124,118,3899,3785,340,0
124,118,3899,3786,340,0
124,118,3899,3787,340,0
124,118,3899,3788,340,0
124,118,3899,3789,340,0
124,118,3899,3790,340,0
124,118,3899,3791,340,0
124,118,3899,3792,340,0
124,118,3899,3793,340,0
124,118,3899,3794,340,0
124,118,3899,3795,340,0
124,118,3899,3796,340,0
124,118,3899,3797,340,0
124,118,3899,3798,340,0
124,118,3899,3799,340,0
124,118,3899,3800,340,0
124,118,3899,3801,340,0
124,118,3899,3802,340,0
124,118,3899,3803,340,0
124,118,3899,3804,340,0
124,118,3899,3805,340,0
124,118,3899,3806,340,0
124,118,3899,3807,340,0
124,118,3899,3808,340,0
124,118,3899,3809,340,0
124,118,3899,3810,340,0
124,118,3899,3811,340,0
124,118,3899,3812,340,0
124,118,3899,3812,361,0
124,118,3899,3813,340,0
124,118,3899,3814,340,0
124,118,3899,3814,442,32
124,118,3899,3815,340,0
124,118,3899,3816,340,0
124,118,3899,3817,340,0
124,118,3899,3818,340,0
124,118,3899,3819,340,0
124,118,3900,3770,366,18
124,118,3900,3771,366,8
124,118,3900,3771,366,18
124,118,3900,3773,366,0
124,118,3900,3773,392,0
124,118,3900,3774,366,0
124,118,3900,3775,366,-8
124,118,3900,3775,366,0
124,118,3900,3776,366,0
124,118,3900,3812,340,0
124,118,3900,3812,361,0
124,118,3901,3769,391,28
124,118,3901,3773,366,0
124,118,3901,3774,366,-8
124,118,3901,3774,366,0
124,118,3901,3775,366,0
124,118,3901,3776,366,0
124,118,3901,3812,366,0
124,118,3901,3822,366,0
124,118,3902,3773,366,0
124,118,3902,3773,392,0
124,118,3902,3774,366,0
124,118,3902,3812,366,0
124,118,3903,3772,366,0
124,118,3903,3773,366,0
124,118,3903,3773,418,0
124,118,3903,3773,444,0
124,118,3903,3774,366,-8
124,118,3903,3774,387,0
124,118,3903,3789,366,0
124,118,3903,3797,366,0
124,118,3903,3800,366,0
124,118,3903,3801,366,0
124,118,3903,3802,366,0
124,118,3903,3812,366,0
124,118,3903,3819,366,0
124,118,3903,3828,366,0
124,118,3903,3828,395,0
124,118,3903,3828,473,0
124,118,3903,3833,366,0
124,118,3904,3772,471,10
124,118,3904,3828,447,0
124,118,3904,3830,392,0
124,118,3904,3831,392,0
124,118,3905,3773,500,0
124,118,3905,3775,392,0
124,118,3905,3822,392,0
124,118,3905,3828,395,0
124,118,3905,3831,392,0
124,118,3906,3812,392,0
124,118,3907,3771,496,60
124,118,3907,3774,392,-20
124,118,3907,3812,414,0
124,118,3907,3819,392,0
124,118,3907,3828,392,0
124,118,3907,3835,392,0
124,118,3907,3837,392,0
124,118,3908,3812,414,0
124,118,3908,3844,353,-353
124,118,3910,3830,361,-345
124,118,3911,3808,418,0
124,118,3911,3814,418,0
124,118,3911,3816,418,0
124,118,3911,3819,418,0
124,118,3911,3827,358,-344
124,118,3911,3839,418,0
124,118,3911,3841,418,0
124,118,3912,3812,440,0
124,118,3913,3773,444,0
124,118,3913,3839,500,0
124,118,3915,3822,361,-345
124,118,3915,3823,361,-345
124,118,3915,3825,361,-345
124,118,3915,3827,361,-345
124,118,3915,3829,361,-345
124,118,3915,3837,353,-353
124,118,3916,3808,444,0
124,118,3916,3809,444,0
124,118,3916,3810,444,0
124,118,3916,3811,444,0
124,118,3916,3812,444,0
124,118,3916,3813,444,0
124,118,3916,3814,444,0
124,118,3916,3815,444,0
124,118,3916,3816,444,0
124,118,3916,3817,444,0
124,118,3916,3818,444,0
124,118,3916,3842,444,0
124,118,3916,3844,444,0
124,118,3925,3813,444,0
124,118,3925,3849,497,0
124,118,3925,3850,497,0
124,118,3928,3773,395,0
124,118,3929,3808,418,0
124,118,3929,3810,418,0
124,118,3929,3812,418,0
124,118,3930,3843,500,0
124,118,3930,3851,500,0
124,118,3930,3852,500,0
124,118,3931,3851,500,0
124,118,3932,3773,369,0
124,118,3933,3708,236,441
124,118,3935,3780,290,0
124,118,3935,3853,500,0
124,118,3938,3767,144,478
124,118,3938,3853,500,0
124,118,3939,3774,130,0
124,118,3939,3774,179,466
124,118,3939,3775,104,0
124,118,3939,3805,75,-107
124,118,3940,3773,130,0
124,118,3940,3774,104,0
124,118,3941,3750,-462,191
124,118,3944,3783,139,424
124,118,3944,3850,417,-224
124,118,3945,3774,120,481
124,118,3946,3784,117,428
124,118,3946,3852,139,-425
124,118,3947,3756,-266,110
124,118,3947,3776,108,485
124,118,3948,3780,102,459
124,118,3948,3785,-339,-33
124,118,3949,3755,92,464
124,118,3949,3774,62,360
124,118,3949,3841,115,-350
124,118,3950,3744,-416,-277
124,118,3952,3760,-208,-20
124,118,3953,3756,-196,-130
124,118,3953,3759,-152,-101
124,118,3953,3800,-174,-116
124,118,3954,3759,-152,-101
124,118,3954,3760,-152,-101
124,118,3954,3761,-152,-101
124,118,3955,3757,-99,-185
124,118,3955,3796,-86,-162
124,118,3955,3798,-86,-162
124,118,3955,3824,-103,206
124,118,3956,3760,-74,-138
124,118,3956,3761,0,-235
124,118,3956,3761,0,-157
124,118,3956,3762,0,-183
124,118,3956,3762,0,-130
124,118,3956,3762,0,-104
124,118,3956,3762,0,-78
124,118,3956,3763,0,-183
124,118,3956,3763,0,-104
124,118,3956,3763,0,-78
124,118,3958,3824,-100,242
124,118,3958,3824,135,253
124,118,3958,3828,167,296
124,118,3959,3821,-182,148
124,118,3959,3829,0,314
124,118,3960,3830,170,-66
124,118,3961,3821,-101,152
124,118,3961,3821,258,181
124,118,3962,3820,-138,74
124,118,3964,3827,149,337
124,118,3964,3827,160,206
124,118,3965,3827,-38,314
124,118,3965,3829,234,317
124,118,3965,3830,112,292
124,118,3967,3828,76,306
124,118,3968,3831,123,319
124,118,3969,3833,291,226
124,118,3981,3828,170,-198
124,118,3982,3836,265,-293
124,118,3987,3828,45,-231
124,122,3897,3936,500,0
124,122,3898,3891,500,-11
124,122,3898,3908,500,0
124,122,3902,3880,500,0
124,122,3903,3880,392,0
124,122,3903,3880,500,0
124,122,3903,3886,341,192
124,122,3903,3887,346,185
124,122,3903,3889,351,176
124,122,3903,3893,441,236
124,122,3904,3886,359,215
124,122,3904,3889,351,176
124,122,3905,3887,364,205
124,122,3906,3874,392,0
124,122,3906,3875,500,0
124,122,3906,3877,392,0
124,122,3906,3878,418,0
124,122,3906,3886,359,215
124,122,3907,3874,392,0
124,122,3907,3875,392,0
124,122,3907,3875,418,0
124,122,3907,3878,418,0
124,122,3907,3936,500,0
124,122,3908,3875,418,0
124,122,3908,3875,500,0
124,122,3908,3877,349,316
124,122,3908,3877,418,0
124,122,3908,3878,418,0
124,122,3908,3880,364,298
124,122,3908,3888,332,332
124,122,3909,3873,351,351
124,122,3909,3875,500,0
124,122,3909,3877,418,0
124,122,3909,3885,351,351
124,122,3909,3886,351,351
124,122,3909,3893,353,353
124,122,3909,3894,353,353
124,122,3909,3896,353,353
124,122,3909,3897,353,353
124,122,3909,3904,351,351
124,122,3910,3874,418,0
124,122,3910,3874,418,21
124,122,3910,3886,351,351
124,122,3910,3903,358,343
124,122,3911,3863,358,343
124,122,3911,3864,358,343
124,122,3911,3865,358,343
124,122,3911,3866,358,343
124,122,3911,3870,358,343
124,122,3911,3871,358,343
124,122,3911,3872,418,0
124,122,3911,3873,418,0
124,122,3911,3874,358,343
124,122,3911,3874,418,0
124,122,3911,3875,358,343
124,122,3911,3876,358,343
124,122,3911,3877,358,343
124,122,3911,3878,358,343
124,122,3911,3879,358,343
124,122,3911,3880,358,343
124,122,3911,3881,358,343
124,122,3911,3882,358,343
124,122,3911,3883,358,343
124,122,3911,3884,358,343
124,122,3911,3885,358,343
124,122,3911,3886,358,343
124,122,3911,3887,358,343
124,122,3911,3888,358,343
124,122,3911,3889,358,343
124,122,3911,3890,358,343
124,122,3911,3892,358,343
124,122,3911,3893,358,343
124,122,3911,3894,358,343
124,122,3911,3895,351,351
124,122,3911,3895,358,343
124,122,3911,3896,358,343
124,122,3911,3897,358,343
124,122,3911,3898,358,343
124,122,3911,3899,358,343
124,122,3911,3901,358,343
124,122,3911,3902,358,343
124,122,3911,3903,351,351
124,122,3911,3903,358,343
124,122,3911,3905,358,343
124,122,3913,3872,447,0
124,122,3913,3883,316,386
124,122,3915,3871,353,353
124,122,3915,3872,353,353
124,122,3915,3873,353,353
124,122,3915,3874,353,353
124,122,3915,3875,353,353
124,122,3915,3876,353,353
124,122,3915,3877,353,353
124,122,3915,3879,353,353
124,122,3915,3882,353,353
124,122,3915,3885,353,353
124,122,3915,3887,353,353
124,122,3915,3890,353,353
124,122,3915,3892,353,353
124,122,3915,3893,353,353
124,122,3915,3894,353,353
124,122,3915,3897,353,353
124,122,3916,3880,456,114
124,122,3917,3882,437,97
124,122,3918,3879,353,353
124,122,3922,3916,353,353
124,122,3927,3882,433,108
124,122,3927,3882,458,114
124,122,3927,3885,385,86
124,122,3927,3908,395,0
124,122,3930,3898,311,197
124,122,3932,3883,408,101
124,122,3932,3885,355,98
124,122,3935,3908,316,0
124,122,3936,3855,361,345
124,122,3936,3933,274,-319
124,122,3937,3917,169,162
124,122,3938,3908,290,0
124,122,3938,3928,132,126
124,122,3939,3906,126,92
124,122,3940,3907,110,69
124,122,3941,3858,192,432
124,122,3941,3885,292,121
124,122,3944,3835,144,478
124,122,3945,3855,129,428
124,122,3946,3839,144,478
124,122,3947,3880,185,0
124,122,3948,3845,85,492
124,122,3948,3854,87,438
124,122,3948,3864,114,378
124,122,3948,3866,114,378
124,122,3948,3873,432,192
124,122,3950,3871,98,328
124,122,3951,3859,72,414
124,122,3951,3880,107,0
124,122,3952,3873,76,306
124,122,3955,3888,-106,-239
124,122,3956,3891,0,-130
124,122,3957,3888,74,-138
124,122,3957,3890,74,-138
124,122,3958,3887,-105,-210
124,122,3959,3867,366,299
124,122,3960,3887,442,-66
124,122,3961,3842,316,386
124,122,3962,3841,306,394
124,122,3962,3886,315,-31
124,122,3962,3890,294,-176
124,122,3963,3882,266,-326
124,122,3963,3890,-141,-155
124,122,3964,3878,-199,-372
124,122,3965,3885,100,-242
124,122,3966,3874,311,242
124,122,3966,3879,154,-273
124,122,3966,3883,226,-323
124,122,3966,3885,204,-307
124,122,3966,3886,198,-372
124,122,3966,3891,159,-96
124,122,3967,3883,233,-350
124,122,3967,3884,-14,-290
124,122,3967,3890,-212,4
124,122,3968,3879,211,-333
124,122,3968,3880,241,-344
124,122,3968,3881,-23,-315
124,122,3968,3884,-135,-285
124,122,3968,3885,17,-237
124,122,3968,3891,-117,-63
124,122,3969,3884,101,-244
124,122,3969,3887,124,-233
124,122,3969,3889,-146,-153
124,122,3970,3883,-51,-339
124,122,3970,3886,-28,-289
124,122,3970,3887,-23,-234
124,122,3971,3868,357,-89
124,122,3971,3871,382,-96
124,122,3971,3884,-14,-290
124,122,3971,3886,-148,-247
124,122,3971,3891,-131,-26
124,122,3972,3879,107,-325
124,122,3972,3889,43,65
124,122,3973,3868,257,299
124,122,3973,3880,98,-325
124,122,3973,3883,-16,-314
124,122,3973,3883,121,-293
124,122,3974,3871,211,301
124,122,3974,3880,91,-331
124,122,3979,3878,288,-35
124,122,3981,3881,202,-50
124,122,3981,3887,55,-202
124,122,3982,3870,131,317
124,122,3983,3878,121,173
124,122,3983,3880,121,173
124,122,3983,3881,189,-181
124,122,3984,3875,118,236
124,122,3984,3877,110,149
124,122,3984,3891,-25,-7
124,122,3988,3873,0,104
124,122,3988,3881,21,13
124,122,3988,3883,0,183
124,122,3988,3883,26,0
124,122,3988,3883,48,-19
124,122,3988,3884,0,-104
124,122,3988,3885,84,157
124,122,3988,3886,0,0
124,122,3988,3886,161,86
124,122,3988,3887,13,-261
124,122,3988,3887,16,19
124,122,3988,3888,23,11
124,123,3897,3924,500,0
124,123,3897,3936,500,0
124,123,3897,3940,500,0
124,123,3898,3936,500,0
124,123,3898,3964,500,0
124,123,3898,3972,500,0
124,123,3898,3976,500,0
124,123,3901,3965,498,48
124,123,3903,3912,408,287
124,123,3903,3913,416,277
124,123,3903,3936,500,0
124,123,3903,3972,500,0
124,123,3903,3976,500,0
124,123,3905,3914,408,287
124,123,3905,3915,416,277
124,123,3906,3911,402,296
124,123,3906,3913,402,296
124,123,3906,3915,416,277
124,123,3906,3965,498,37
124,123,3908,3909,368,333
124,123,3908,3976,500,0
124,123,3909,3902,351,351
124,123,3909,3909,358,343
124,123,3909,3909,368,333
124,123,3909,3910,358,343
124,123,3910,3897,448,211
124,123,3910,3903,358,343
124,123,3910,3903,371,335
124,123,3910,3905,335,371
124,123,3910,3906,343,358
124,123,3910,3907,343,358
124,123,3910,3909,358,343
124,123,3910,3916,345,361
124,123,3910,3917,345,361
124,123,3910,3919,335,371
124,123,3910,3921,345,361
124,123,3911,3888,416,277
124,123,3911,3891,387,218
124,123,3911,3893,392,210
124,123,3911,3894,358,343
124,123,3911,3895,351,351
124,123,3911,3895,358,343
124,123,3911,3896,358,343
124,123,3911,3897,358,343
124,123,3911,3898,358,343
124,123,3911,3899,358,343
124,123,3911,3900,358,343
124,123,3911,3901,358,343
124,123,3911,3902,351,351
124,123,3911,3902,358,343
124,123,3911,3903,351,351
124,123,3911,3903,358,343
124,123,3911,3904,358,343
124,123,3911,3905,326,378
124,123,3911,3905,358,343
124,123,3911,3906,358,343
124,123,3911,3907,333,368
124,123,3911,3907,343,358
124,123,3911,3907,358,343
124,123,3911,3908,343,358
124,123,3911,3908,358,343
124,123,3911,3909,351,351
124,123,3911,3909,358,343
124,123,3911,3917,353,353
124,123,3911,4000,500,0
124,123,3912,3912,361,345
124,123,3913,3897,454,201
124,123,3913,3906,316,386
124,123,3913,3907,335,371
124,123,3913,3922,335,371
124,123,3913,3945,473,0
124,123,3914,3921,326,378
124,123,3915,3903,361,345
124,123,3915,3980,353,-353
124,123,3916,3926,335,371
124,123,3917,3914,416,277
124,123,3917,3925,326,378
124,123,3917,3926,335,371
124,123,3918,3908,500,0
124,123,3918,3955,345,-361
124,123,3918,3972,471,0
124,123,3919,3896,432,244
124,123,3919,3896,438,234
124,123,3919,4005,500,0
124,123,3920,3896,353,353
124,123,3920,3896,438,234
124,123,3920,3930,335,371
124,123,3921,3895,416,277
124,123,3921,3896,429,257
124,123,3921,3932,345,361
124,123,3921,3972,447,0
124,123,3921,4007,500,0
124,123,3922,3976,447,0
124,123,3923,3898,429,257
124,123,3923,3898,435,246
124,123,3923,3899,451,212
124,123,3923,3933,326,378
124,123,3924,3896,402,296
124,123,3924,3898,441,236
124,123,3924,3899,435,246
124,123,3925,3898,416,277
124,123,3925,3945,421,0
124,123,3925,3972,421,0
124,123,3925,4008,500,0
124,123,3926,3901,457,203
124,123,3927,3898,402,296
124,123,3927,3940,395,0
124,123,3927,3941,395,0
124,123,3927,3964,395,0
124,123,3928,3906,299,366
124,123,3929,3900,421,267
124,123,3929,3909,326,378
124,123,3930,3903,451,212
124,123,3930,3909,291,339
124,123,3930,3914,300,332
124,123,3930,3941,291,339
124,123,3931,3902,421,267
124,123,3931,3910,291,339
124,123,3932,3903,421,267
124,123,3932,3904,435,246
124,123,3932,3976,369,0
124,123,3933,3918,282,312
124,123,3934,3913,274,319
124,123,3935,3926,273,285
124,123,3936,3906,429,257
124,123,3936,3917,-97,490
124,123,3936,3965,274,-319
124,123,3937,3906,408,287
124,123,3938,3914,361,345
124,123,3938,3924,238,0
124,123,3938,3934,115,141
124,123,3938,3934,132,126
124,123,3939,3911,326,378
124,123,3939,3917,167,470
124,123,3940,3920,240,279
124,123,3940,3921,179,466
124,123,3940,3922,179,466
124,123,3940,3936,58,116
124,123,3941,3918,121,484
124,123,3941,3919,156,474
124,123,3941,3925,169,442
124,123,3941,3931,156,474
124,123,3942,3926,158,445
124,123,3943,3899,148,449
124,123,3943,3911,326,378
124,123,3945,3906,500,0
124,123,3945,3913,-364,150
124,123,3945,3916,-364,150
124,123,3945,3917,-364,150
124,123,3945,3919,-364,150
124,123,3945,3924,121,484
124,123,3945,3946,160,361
124,123,3946,3922,139,424
124,123,3946,3935,114,456
124,123,3946,3940,125,457
124,123,3946,3948,141,396
124,123,3947,3865,121,484
124,123,3948,3903,-48,498
124,123,3948,3907,101,408
124,123,3948,3908,101,408
124,123,3948,3918,-366,-35
124,123,3948,3934,62,360
124,123,3948,3943,101,408
124,123,3948,3945,92,411
124,123,3948,3945,101,408
124,123,3949,3896,95,382
124,123,3949,3934,62,360
124,123,3949,3939,81,410
124,123,3950,3907,73,491
124,123,3952,3915,-284,-189
124,123,3952,3916,-284,-189
124,123,3952,3917,-284,-189
124,123,3952,3918,-208,-20
124,123,3952,3919,-208,-20
124,123,3952,3920,-208,-20
124,123,3953,3915,-174,-116
124,123,3953,3917,-174,-116
124,123,3953,3919,-174,-116
124,123,3954,3918,-152,-101
124,123,3954,3919,-152,-101
124,123,3955,3873,121,484
124,123,3955,3914,-149,-278
124,123,3955,3920,-74,-138
124,123,3955,3921,-74,-138
124,123,3955,3922,-74,-138
124,123,3956,3864,0,500
124,123,3956,3889,0,447
124,123,3956,3892,-119,188
124,123,3956,3893,0,421
124,123,3956,3898,0,276
124,123,3956,3906,15,20
124,123,3956,3907,14,21
124,123,3956,3907,15,20
124,123,3956,3908,15,20
124,123,3956,3913,0,-235
124,123,3956,3914,0,-104
124,123,3956,3914,22,-13
124,123,3956,3915,22,-13
124,123,3956,3917,0,-289
124,123,3956,3918,0,-289
124,123,3956,3920,0,-130
124,123,3956,3920,23,-235
124,123,3956,3921,-74,-138
124,123,3956,3921,0,-183
124,123,3956,3921,0,-157
124,123,3956,3921,0,-130
124,123,3956,3922,-74,-138
124,123,3956,3922,0,-104
124,123,3956,3922,0,-78
124,123,3956,3922,5,-262
124,123,3956,3923,0,-130
124,123,3956,3923,5,-262
124,123,3956,3923,116,-206
124,123,3957,3889,-23,447
124,123,3958,3919,-23,-234
124,123,3962,3892,-327,24
124,123,3968,3892,-314,0
124,123,3970,3880,-386,316
124,123,3973,3869,-306,394
125,5,3936,165,482,132
125,5,3936,184,492,-85
125,5,3938,132,500,0
125,5,3939,163,144,478
125,5,3939,189,500,0
125,5,3940,164,361,345
125,5,3940,164,500,0
125,5,3940,170,361,-345
125,5,3940,186,466,-179
125,5,3940,189,478,-144
125,5,3940,189,492,-85
125,5,3940,189,500,0
125,5,3940,190,500,0
125,5,3940,191,500,0
125,5,3940,192,500,0
125,5,3943,223,371,-335
125,5,3943,233,345,-361
125,5,3944,186,441,-236
125,5,3944,192,441,-236
125,5,3944,195,441,-236
125,5,3944,196,361,-345
125,5,3945,184,470,-167
125,5,3947,155,267,421
125,5,3947,193,296,-402
125,5,3948,156,224,447
125,5,3948,197,224,-447
125,5,3949,194,246,-435
125,5,3950,172,351,317
125,5,3950,188,447,0
125,5,3950,193,212,-451
125,5,3950,196,212,-451
125,5,3951,156,144,478
125,5,3951,192,203,-457
125,5,3951,194,156,-474
125,5,3951,194,167,-470
125,5,3951,196,167,-470
125,5,3952,193,144,-478
125,5,3953,193,85,-492
125,5,3954,163,447,0
125,5,3954,185,191,-462
125,5,3954,186,132,-482
125,5,3954,188,447,0
125,5,3954,188,447,10
125,5,3954,189,447,0
125,5,3954,190,447,0
125,5,3954,192,447,0
125,5,3954,198,447,0
125,5,3954,202,447,0
125,5,3954,203,447,0
125,5,3956,164,0,341
125,5,3956,170,112,223
125,5,3956,170,192,115
125,5,3956,171,191,-90
125,5,3956,181,267,-421
125,5,3956,182,0,-350
125,5,3956,188,0,-500
125,5,3956,188,248,-75
125,5,3956,225,377,-239
125,5,3957,166,39,-261
125,5,3958,174,414,72
125,5,3958,209,414,-72
125,5,3958,209,416,-62
125,5,3958,218,380,-179
125,5,3959,139,126,34
125,5,3960,171,302,0
125,5,3960,178,393,29
125,5,3960,216,389,-161
125,5,3961,176,390,58
125,5,3961,196,361,-345
125,5,3962,180,104,0
125,5,3962,189,395,0
125,5,3963,216,356,-168
125,5,3964,211,353,-107
125,5,3965,180,52,0
125,5,3966,225,189,-181
125,5,3967,182,59,85
125,5,3968,171,52,0
125,5,3969,172,52,-1
125,5,3972,237,212,-424
125,5,3975,138,19,-48
125,5,3975,172,290,-14
125,5,3975,251,277,-416
125,5,3976,180,9,24
125,5,3976,252,224,-447
125,5,3977,179,-122,-47
125,5,3977,197,152,46
125,5,3978,180,9,24
125,5,3979,180,12,22
125,5,3980,171,0,0
125,5,3980,180,0,0
125,5,3980,229,142,-283
125,5,3981,179,182,-103
125,5,3981,245,81,-466
125,5,3984,180,83,62
125,5,3984,220,101,-215
125,5,3985,207,163,133
125,5,3988,214,24,-10
125,5,3988,237,0,-447
125,5,3991,212,0,0
125,5,3996,119,0,395
125,5,3996,232,394,-306
125,5,4007,224,332,-258
125,5,4075,254,0,-500
125,5,4077,252,-74,-494
125,5,4081,245,-70,-468
125,7,3937,258,444,22
125,7,3938,242,497,-11
125,7,3940,226,500,0
125,7,3940,227,500,0
125,7,3940,228,361,345
125,7,3940,229,474,156
125,7,3940,231,500,0
125,7,3943,223,500,0
125,7,3943,225,441,236
125,7,3944,220,441,236
125,7,3944,220,500,0
125,7,3944,221,441,236
125,7,3944,232,488,109
125,7,3944,239,500,0
125,7,3950,228,447,0
125,7,3950,275,361,-345
125,7,3952,220,121,484
125,7,3953,222,109,488
125,7,3953,250,447,0
125,7,3953,256,447,-10
125,7,3954,212,447,0
125,7,3954,213,447,0
125,7,3954,214,447,0
125,7,3954,217,447,0
125,7,3954,219,447,0
125,7,3954,220,447,0
125,7,3954,221,447,0
125,7,3954,226,447,0
125,7,3954,227,447,0
125,7,3954,228,121,484
125,7,3954,235,447,0
125,7,3954,236,447,0
125,7,3954,238,447,0
125,7,3954,240,447,0
125,7,3954,241,447,0
125,7,3954,245,447,0
125,7,3954,246,447,0
125,7,3954,247,447,0
125,7,3954,252,447,0
125,7,3954,253,447,0
125,7,3954,254,447,0
125,7,3954,255,447,0
125,7,3954,256,447,0
125,7,3954,257,447,0
125,7,3954,258,447,0
125,7,3954,259,447,0
125,7,3954,260,447,0
125,7,3954,262,447,0
125,7,3954,266,447,0
125,7,3954,267,447,0
125,7,3956,233,95,231
125,7,3956,276,0,-500
125,7,3957,196,403,190
125,7,3957,254,421,0
125,7,3957,255,419,-31
125,7,3957,282,403,-190
125,7,3958,206,414,72
125,7,3958,206,416,62
125,7,3958,207,416,62
125,7,3958,228,395,0
125,7,3958,235,421,0
125,7,3958,262,339,-292
125,7,3959,261,339,-292
125,7,3960,197,371,198
125,7,3960,223,393,38
125,7,3960,237,283,189
125,7,3961,198,376,189
125,7,3961,237,283,189
125,7,3961,267,308,-359
125,7,3961,303,361,-345
125,7,3962,232,395,0
125,7,3962,270,225,-306
125,7,3963,196,333,211
125,7,3963,235,183,0
125,7,3964,225,183,-4
125,7,3964,264,291,-339
125,7,3964,265,283,-346
125,7,3965,226,209,0
125,7,3965,266,265,-360
125,7,3966,180,196,279
125,7,3966,235,130,0
125,7,3967,250,257,-365
125,7,3967,264,248,-320
125,7,3967,264,249,-321
125,7,3968,198,445,158
125,7,3969,261,250,-339
125,7,3969,264,248,-372
125,7,3972,250,226,-323
125,7,3973,235,25,-4
125,7,3974,236,-138,74
125,7,3974,241,189,-377
125,7,3974,265,156,-474
125,7,3975,235,24,8
125,7,3976,177,-232,283
125,7,3976,236,302,-15
125,7,3977,188,-315,130
125,7,3977,235,-314,0
125,7,3977,236,10,-23
125,7,3978,235,-104,0
125,7,3978,236,21,-14
125,7,3979,236,-1,-26
125,7,3979,264,238,0
125,7,3980,235,-19,-18
125,7,3981,235,-1,-26
125,7,3981,245,-258,-39
125,7,3982,235,-22,-14
125,7,3982,248,-220,-91
125,7,3984,235,-75,-132
125,7,3984,235,0,0
125,7,3984,235,48,-20
125,7,3986,235,-93,-120
125,7,3987,238,-33,40
125,7,3987,253,-130,86
125,7,3987,254,-130,86
125,7,3987,254,-86,-162
125,7,3988,211,120,56
125,7,3989,203,0,0
125,7,3989,211,94,-50
125,7,4003,279,424,-140
125,7,4012,206,417,50
125,7,4016,208,445,43
125,7,4027,206,3,157
125,7,4027,290,317,-273
125,7,4053,319,371,-335
125,7,4068,327,144,-478
125,8,3937,278,496,-60
125,8,3937,282,482,-132
125,8,3938,281,484,-121
125,8,3939,281,484,-121
125,8,3940,277,500,0
125,8,3940,279,500,0
125,8,3940,282,466,-179
125,8,3940,282,500,0
125,8,3940,283,462,-191
125,8,3940,284,500,0
125,8,3940,285,435,-246
125,8,3940,286,435,-246
125,8,3940,286,441,-236
125,8,3940,288,402,-296
125,8,3940,288,441,-236
125,8,3940,288,500,0
125,8,3941,278,500,0
125,8,3941,287,386,-316
125,8,3941,289,500,0
125,8,3942,285,421,-267
125,8,3943,232,361,345
125,8,3943,288,441,-236
125,8,3944,267,441,236
125,8,3944,279,462,191
125,8,3944,288,441,-236
125,8,3944,289,441,-236
125,8,3944,290,441,-236
125,8,3944,290,482,-132
125,8,3944,292,500,0
125,8,3945,280,470,-167
125,8,3946,291,267,-421
125,8,3946,317,361,-345
125,8,3947,241,296,402
125,8,3947,292,361,-345
125,8,3948,281,432,192
125,8,3950,247,296,402
125,8,3950,284,447,0
125,8,3951,289,277,-416
125,8,3951,314,482,132
125,8,3952,272,386,271
125,8,3953,249,296,402
125,8,3953,250,447,0
125,8,3953,256,447,-10
125,8,3953,257,447,-10
125,8,3953,267,437,97
125,8,3953,280,423,212
125,8,3953,282,427,201
125,8,3954,245,447,0
125,8,3954,246,447,0
125,8,3954,249,447,0
125,8,3954,252,447,0
125,8,3954,253,447,0
125,8,3954,254,447,0
125,8,3954,255,447,0
125,8,3954,256,447,0
125,8,3954,258,447,0
125,8,3954,259,447,0
125,8,3954,260,447,0
125,8,3954,261,447,0
125,8,3954,262,447,0
125,8,3954,263,447,0
125,8,3954,271,445,43
125,8,3954,272,445,43
125,8,3954,273,445,33
125,8,3954,273,447,22
125,8,3954,275,447,0
125,8,3954,276,447,0
125,8,3954,288,447,0
125,8,3954,289,447,0
125,8,3954,290,447,0
125,8,3954,291,447,0
125,8,3954,292,447,0
125,8,3954,300,447,0
125,8,3956,278,0,-276
125,8,3956,279,0,-275
125,8,3956,282,0,-500
125,8,3956,283,0,-500
125,8,3956,284,0,-500
125,8,3956,285,0,-500
125,8,3957,255,419,-31
125,8,3957,262,421,0
125,8,3957,266,421,0
125,8,3957,283,403,190
125,8,3957,287,396,141
125,8,3957,290,406,111
125,8,3957,291,421,0
125,8,3957,292,421,0
125,8,3958,268,411,92
125,8,3958,269,412,82
125,8,3958,270,414,72
125,8,3958,270,416,62
125,8,3958,271,332,300
125,8,3958,271,416,62
125,8,3959,259,296,402
125,8,3959,276,392,0
125,8,3959,291,395,0
125,8,3960,264,299,366
125,8,3960,281,355,225
125,8,3960,284,371,198
125,8,3960,328,323,-309
125,8,3961,268,382,95
125,8,3961,273,304,291
125,8,3961,291,381,104
125,8,3961,291,382,95
125,8,3961,332,294,-360
125,8,3962,252,319,274
125,8,3962,253,319,274
125,8,3962,263,290,373
125,8,3962,275,319,274
125,8,3962,276,104,0
125,8,3963,290,369,8
125,8,3963,323,304,-291
125,8,3964,291,347,123
125,8,3964,329,283,-346
125,8,3965,244,265,360
125,8,3965,256,305,250
125,8,3965,257,305,250
125,8,3965,280,305,250
125,8,3967,191,152,304
125,8,3967,249,266,325
125,8,3968,283,291,226
125,8,3969,284,291,226
125,8,3970,190,119,290
125,8,3971,276,25,6
125,8,3971,277,250,305
125,8,3976,254,151,393
125,8,3977,276,159,0
125,8,3978,241,-328,98
125,8,3983,262,-263,25
125,8,3985,267,18,-76
125,8,3986,264,-108,147
125,8,3986,267,-28,-101
125,8,3987,262,35,98
125,8,3987,336,291,-339
125,8,3988,236,0,0
125,8,3996,321,317,-273
125,8,3997,318,216,-227
125,8,4030,331,500,0
125,8,4043,331,0,-447
125,8,4043,340,0,-500
125,33,3934,1033,500,0
125,33,3939,1057,441,236
125,33,3940,1055,416,277
125,33,3940,1057,296,402
125,33,3940,1057,435,246
125,33,3940,1061,474,156
125,33,3942,1058,421,267
125,33,3943,1024,500,0
125,33,3943,1054,361,345
125,33,3943,1057,402,296
125,33,3943,1087,361,-345
125,33,3944,1055,441,236
125,33,3944,1088,371,-335
125,33,3945,1063,470,167
125,33,3947,1093,224,-447
125,33,3950,1054,212,451
125,33,3950,1064,470,167
125,33,3952,1089,144,-478
125,33,3952,1091,121,-484
125,33,3953,1067,447,0
125,33,3954,1053,447,0
125,33,3954,1067,447,0
125,33,3954,1073,442,-66
125,33,3954,1081,191,-462
125,33,3954,1082,447,0
125,33,3954,1099,447,0
125,33,3955,1082,132,-482
125,33,3956,1061,0,500
125,33,3956,1064,0,328
125,33,3956,1065,0,262
125,33,3956,1066,112,223
125,33,3956,1068,98,184
125,33,3956,1083,0,-485
125,33,3956,1084,248,-75
125,33,3956,1086,0,-500
125,33,3958,1070,414,72
125,33,3958,1073,416,-62
125,33,3958,1075,173,-323
125,33,3959,1076,335,-101
125,33,3961,1073,326,-217
125,33,3962,1076,104,0
125,33,3965,1067,209,0
125,33,3972,1067,26,0
125,33,3975,1076,21,-14
125,33,3976,1076,26,-1
125,33,3976,1110,-63,317
125,33,3977,1076,23,-12
125,33,3978,1076,0,0
125,33,3979,1076,9,24
125,33,3981,1076,0,0
125,33,3982,1068,-225,67
125,33,3983,1067,-233,-28
125,33,3983,1076,-25,45
125,33,3983,1076,53,119
125,33,3983,1076,128,89
125,33,3984,1067,0,0
125,33,3984,1076,-162,302
125,33,3984,1076,-43,65
125,33,3984,1076,0,0
125,33,3985,1067,-129,-129
125,33,3985,1067,0,0
125,33,3985,1068,0,0
125,33,3985,1070,-154,26
125,33,3985,1076,-67,389
125,33,3985,1076,0,26
125,33,3988,1114,326,217
125,33,3988,1131,138,-245
125,35,3932,1163,366,0
125,35,3940,1130,500,0
125,35,3943,1120,378,326
125,35,3944,1118,441,236
125,35,3945,1150,471,35
125,35,3947,1118,441,236
125,35,3950,1140,438,-87
125,35,3950,1148,447,0
125,35,3950,1156,447,0
125,35,3953,1125,224,447
125,35,3953,1144,447,-10
125,35,3954,1109,447,0
125,35,3954,1126,447,0
125,35,3954,1131,447,0
125,35,3954,1132,447,0
125,35,3954,1141,447,0
125,35,3954,1144,447,0
125,35,3954,1151,447,0
125,35,3954,1152,447,0
125,35,3954,1155,447,0
125,35,3955,1170,438,-87
125,35,3956,1121,156,474
125,35,3956,1122,0,500
125,35,3956,1123,0,500
125,35,3956,1124,121,484
125,35,3957,1132,173,323
125,35,3958,1138,412,-82
125,35,3959,1088,233,350
125,35,3959,1155,395,0
125,35,3964,1133,369,-18
125,35,3965,1131,209,0
125,35,3978,1132,264,-13
125,35,3981,1081,76,277
125,35,3981,1131,-1,-26
125,35,3982,1131,-87,-79
125,35,3984,1131,53,-176
125,35,3988,1178,182,17
125,35,3988,1198,0,-152
125,37,3935,1178,471,10
125,37,3937,1157,482,132
125,37,3938,1156,470,167
125,37,3938,1158,484,121
125,37,3939,1155,500,0
125,37,3939,1156,470,167
125,37,3940,1155,500,0
125,37,3940,1156,361,345
125,37,3940,1156,466,179
125,37,3940,1157,474,156
125,37,3940,1157,500,0
125,37,3940,1160,496,60
125,37,3940,1210,466,-179
125,37,3941,1155,500,0
125,37,3941,1156,466,179
125,37,3941,1158,474,156
125,37,3941,1158,482,132
125,37,3941,1212,447,-224
125,37,3942,1154,500,0
125,37,3942,1155,500,0
125,37,3943,1155,500,0
125,37,3944,1144,447,224
125,37,3944,1205,457,125
125,37,3945,1143,462,191
125,37,3949,1178,353,353
125,37,3950,1188,445,43
125,37,3953,1158,417,160
125,37,3954,1181,447,0
125,37,3954,1182,447,-10
125,37,3956,1150,372,248
125,37,3956,1163,408,101
125,37,3956,1210,0,-500
125,37,3956,1213,250,-75
125,37,3957,1174,419,-31
125,37,3957,1182,419,-31
125,37,3957,1220,421,0
125,37,3959,1162,403,121
125,37,3959,1189,345,361
125,37,3961,1149,325,266
125,37,3962,1148,319,274
125,37,3965,1140,265,360
125,37,3965,1145,282,312
125,37,3965,1152,305,250
125,37,3966,1145,266,325
125,37,3967,1145,266,325
125,37,3970,1155,403,190
125,37,3971,1168,-238,375
125,37,3972,1163,408,101
125,37,3979,1160,185,0
125,37,3981,1171,-126,198
125,37,3985,1157,296,219
125,37,3987,1164,-159,0
125,37,3988,1128,0,500
125,37,3988,1171,-133,0
125,37,3988,1171,46,-22
125,37,3988,1171,153,-30
125,37,3989,1171,107,-5
125,37,3990,1163,-26,0
125,37,3990,1171,114,-69
125,37,3990,1171,128,-35
125,37,3991,1163,-162,-208
125,37,3991,1168,57,-176
125,37,3991,1170,232,-52
125,37,3991,1171,153,-42
125,37,3991,1171,153,-30
125,37,3992,1165,-45,-260
125,37,3993,1170,133,-128
125,37,3993,1170,150,-53
125,37,3995,1163,54,-364
125,37,3995,1168,187,-255
125,37,3995,1171,138,-74
125,37,3997,1169,132,-126
125,62,3937,1992,494,74
125,62,3937,1996,500,-11
125,62,3940,1984,416,277
125,62,3943,2047,361,-345
125,62,3945,1983,345,361
125,62,3950,1981,203,457
125,62,3950,2012,447,0
125,62,3954,2011,447,0
125,62,3954,2012,421,0
125,62,3954,2013,447,0
125,62,3954,2017,447,0
125,62,3954,2019,447,0
125,62,3954,2021,447,0
125,62,3954,2022,447,0
125,62,3954,2026,447,0
125,62,3954,2027,447,0
125,62,3954,2028,447,0
125,62,3956,1995,165,330
125,62,3956,2009,287,0
125,62,3958,2033,416,-62
125,62,3960,2011,393,38
125,62,3962,2062,290,-374
125,62,3972,2042,322,-115
125,62,3980,2013,212,0
125,62,3981,2027,-141,341
125,62,3984,2026,-211,-21
125,62,3985,2026,-159,-15
125,62,3986,2025,-155,-103
125,62,3986,2026,-155,-103
125,62,3987,2031,23,157
125,62,3989,2028,73,110
125,62,3989,2029,73,110
125,62,3989,2032,-9,185
125,62,3993,2036,0,0
125,64,3940,2015,500,0
125,64,3940,2069,500,0
125,64,3944,2016,441,236
125,64,3944,2082,441,-236
125,64,3945,2045,423,-212
125,64,3948,2018,361,345
125,64,3954,2036,447,0
125,64,3954,2037,447,0
125,64,3954,2039,447,0
125,64,3954,2041,447,0
125,64,3954,2042,447,0
125,64,3954,2044,447,0
125,64,3954,2046,447,0
125,64,3954,2047,447,0
125,64,3954,2048,447,0
125,64,3954,2049,447,10
125,64,3954,2050,447,0
125,64,3954,2051,447,0
125,64,3954,2068,447,0
125,64,3957,2049,421,21
125,64,3958,2030,416,62
125,64,3958,2031,416,62
125,64,3958,2062,414,72
125,64,3960,2047,393,38
125,64,3966,2037,235,0
125,64,3966,2067,128,-25
125,64,3976,2032,-233,285
125,64,3976,2066,260,31
125,64,3977,2001,-363,150
125,64,3977,2041,114,378
125,64,3978,2041,114,378
125,64,3980,2035,-56,282
125,64,3982,2047,-289,-28
125,64,3986,2050,-176,-117
125,64,3986,2053,-155,-103
125,64,3987,2036,155,34
125,64,3988,2028,0,130
125,64,3988,2034,0,-104
125,64,3988,2035,0,-104
125,64,3988,2035,179,-49
125,64,3989,2035,94,-50
125,64,3990,2035,107,-5
125,64,3990,2035,117,-63
125,64,3991,2035,128,-35
125,64,3992,2035,115,-62
125,66,3940,2115,500,0
125,66,3940,2117,500,0
125,66,3941,2118,474,156
125,66,3944,2107,441,236
125,66,3944,2117,451,212
125,66,3949,2109,224,447
125,66,3950,2106,179,466
125,66,3951,2109,167,470
125,66,3956,2132,0,500
125,66,3978,2123,-104,0
125,66,3978,2132,-269,-103
125,66,3981,2123,-1,-26
125,66,3983,2140,-194,-80
125,66,3984,2139,-197,70
125,66,3984,2141,-182,17
125,66,3985,2130,-181,26
125,66,3987,2124,-130,-87
125,66,3987,2134,50,121
125,66,3987,2134,70,140
125,66,3987,2141,-130,86
125,66,3987,2143,-86,-162
125,91,3931,2941,500,0
125,91,3936,2935,494,-74
125,91,3938,2941,500,0
125,91,3940,2885,474,156
125,91,3940,2938,457,-203
125,91,3940,2938,466,-179
125,91,3940,2940,361,-345
125,91,3940,2940,402,-296
125,91,3940,2940,451,-212
125,91,3940,2941,492,-85
125,91,3940,2941,500,0
125,91,3940,2942,500,0
125,91,3940,2944,500,0
125,91,3941,2883,451,212
125,91,3941,2942,500,0
125,91,3941,2945,364,-298
125,91,3942,2941,500,0
125,91,3943,2941,500,0
125,91,3944,2938,441,-236
125,91,3944,2947,441,-236
125,91,3945,2936,470,-167
125,91,3945,2941,441,-236
125,91,3945,2948,287,-408
125,91,3946,2934,484,-121
125,91,3946,2945,306,-394
125,91,3947,2948,277,-416
125,91,3948,2939,386,-316
125,91,3949,2946,224,-447
125,91,3949,2950,191,-462
125,91,3951,2946,156,-474
125,91,3951,2946,167,-470
125,91,3953,2934,451,-212
125,91,3954,2938,179,-466
125,91,3954,2941,447,0
125,91,3954,2942,447,0
125,91,3954,2955,447,0
125,91,3955,2933,224,-289
125,91,3956,2934,0,-276
125,91,3956,2940,48,-498
125,91,3956,2941,0,-500
125,91,3956,2942,0,-500
125,91,3958,2961,416,-62
125,91,3960,2893,335,66
125,91,3960,2904,393,38
125,91,3960,2913,393,38
125,91,3960,2914,393,38
125,91,3960,2919,393,38
125,91,3960,2930,213,-142
125,91,3962,2931,362,-109
125,91,3976,2932,9,24
125,91,3976,2932,21,14
125,91,3977,2932,22,12
125,91,3980,2932,0,0
125,91,3980,2932,130,0
125,91,3986,2922,-130,86
125,91,3988,2898,0,-104
125,91,3988,2983,378,-326
125,91,4072,2895,-236,-441
125,91,4072,2895,-235,-439
125,91,4075,2985,0,-421
125,91,4075,2989,0,-447
125,91,4075,2990,0,-447
125,93,3938,2980,394,140
125,93,3940,2980,402,296
125,93,3940,2980,435,246
125,93,3940,2980,451,212
125,93,3940,2980,500,0
125,93,3940,2981,474,156
125,93,3940,3000,500,0
125,93,3940,3005,500,0
125,93,3944,2979,361,345
125,93,3944,3008,441,-236
125,93,3944,3009,441,-236
125,93,3947,2973,287,408
125,93,3947,2974,296,402
125,93,3947,3010,287,-408
125,93,3952,3010,132,-482
125,93,3952,3010,167,-470
125,93,3953,2970,121,484
125,93,3953,2972,109,488
125,93,3953,2973,109,488
125,93,3953,2974,109,488
125,93,3953,2989,438,87
125,93,3954,2987,447,0
125,93,3954,3001,191,-462
125,93,3955,2981,132,482
125,93,3955,3002,132,-482
125,93,3956,3004,0,-500
125,93,3956,3004,248,-75
125,93,3958,2990,414,72
125,93,3958,2990,416,62
125,93,3958,2993,416,-62
125,93,3961,2993,283,-189
125,93,3962,2988,325,39
125,93,3968,2992,414,72
125,93,3969,2987,78,0
125,93,3972,2987,23,12
125,93,3974,2987,-130,0
125,93,3976,2987,16,-19
125,93,3977,2988,289,-14
125,93,3978,2987,21,-14
125,93,3979,2987,21,14
125,93,3980,2987,0,-26
125,93,3980,2987,0,0
125,93,3981,2996,0,26
125,93,3982,2987,103,-99
125,93,3982,2987,153,-92
125,93,3982,2993,250,-82
125,93,3982,2995,-75,-23
125,93,3982,2996,-258,-39
125,93,3983,2987,-3,-157
125,93,3983,2987,0,0
125,93,3983,2987,128,-90
125,93,3983,2992,-207,-31
125,93,3984,2987,-1,-26
125,93,3984,2996,-162,302
125,93,3984,2996,0,0
125,93,3985,2994,-180,31
125,93,3985,2995,-189,89
125,93,3985,2996,-32,41
125,93,3985,2996,-4,25
125,93,3985,2996,56,53
125,93,3986,2990,59,-145
125,93,3986,2996,-126,92
125,93,4029,3052,500,-11
125,116,3936,3717,482,132
125,116,3936,3720,498,48
125,116,3937,3718,488,109
125,116,3938,3737,482,-132
125,116,3939,3720,500,0
125,116,3939,3721,498,37
125,116,3940,3714,441,236
125,116,3940,3717,474,156
125,116,3940,3735,148,-450
125,116,3940,3738,361,-345
125,116,3940,3741,361,-345
125,116,3940,3743,148,-450
125,116,3940,3743,361,-345
125,116,3940,3744,148,-450
125,116,3940,3770,484,-121
125,116,3941,3708,345,361
125,116,3941,3710,386,316
125,116,3941,3737,474,-156
125,116,3941,3739,457,-203
125,116,3941,3745,386,-316
125,116,3941,3773,500,0
125,116,3942,3708,345,361
125,116,3942,3714,421,267
125,116,3942,3773,500,0
125,116,3943,3743,361,-345
125,116,3943,3743,386,-316
125,116,3943,3744,361,-345
125,116,3943,3746,335,-371
125,116,3943,3746,361,-345
125,116,3943,3747,326,-378
125,116,3944,3712,361,345
125,116,3944,3756,361,-345
125,116,3945,3711,335,371
125,116,3945,3747,296,-402
125,116,3945,3769,488,-109
125,116,3946,3747,316,-386
125,116,3947,3749,224,-447
125,116,3947,3749,257,-429
125,116,3948,3748,224,-447
125,116,3948,3750,203,-457
125,116,3948,3750,212,-451
125,116,3949,3743,267,-421
125,116,3949,3746,246,-435
125,116,3949,3748,212,-451
125,116,3949,3748,224,-447
125,116,3950,3744,224,-447
125,116,3950,3746,224,-447
125,116,3951,3710,191,462
125,116,3951,3744,224,-447
125,116,3952,3719,361,345
125,116,3953,3743,121,-484
125,116,3953,3746,109,-488
125,116,3953,3747,109,-488
125,116,3953,3748,97,-490
125,116,3953,3749,121,-484
125,116,3954,3724,421,0
125,116,3954,3735,447,10
125,116,3954,3737,144,-478
125,116,3954,3737,191,-462
125,116,3954,3738,97,-490
125,116,3954,3738,179,-466
125,116,3954,3739,85,-492
125,116,3954,3739,121,-484
125,116,3954,3753,447,10
125,116,3955,3716,48,498
125,116,3955,3716,85,492
125,116,3956,3717,48,498
125,116,3956,3721,0,262
125,116,3956,3721,0,276
125,116,3956,3722,112,223
125,116,3956,3733,0,-444
125,116,3956,3734,85,-492
125,116,3956,3737,85,-492
125,116,3956,3737,109,-488
125,116,3956,3738,0,-500
125,116,3956,3739,0,-500
125,116,3956,3740,0,-500
125,116,3956,3741,0,-500
125,116,3956,3742,0,-500
125,116,3956,3777,372,-248
125,116,3956,3777,377,-239
125,116,3956,3778,365,-257
125,116,3957,3730,412,-82
125,116,3957,3766,396,-141
125,116,3958,3727,417,-51
125,116,3958,3728,416,-62
125,116,3958,3770,93,-47
125,116,3959,3764,403,-121
125,116,3960,3726,393,-29
125,116,3960,3751,393,38
125,116,3960,3764,123,-41
125,116,3960,3766,121,-47
125,116,3960,3773,362,-217
125,116,3961,3784,309,-323
125,116,3962,3723,276,0
125,116,3962,3732,104,0
125,116,3962,3764,378,-114
125,116,3962,3778,319,-275
125,116,3963,3723,183,0
125,116,3964,3760,361,-72
125,116,3964,3790,271,-387
125,116,3965,3734,369,8
125,116,3965,3778,-224,-447
125,116,3973,3782,339,-292
125,116,3975,3732,25,5
125,116,3976,3732,19,16
125,116,3976,3732,26,0
125,116,3978,3723,13,-22
125,116,3979,3723,10,-23
125,116,3979,3724,12,-23
125,116,3979,3732,-37,69
125,116,3979,3732,0,0
125,116,3979,3732,234,17
125,116,3980,3732,0,0
125,116,3981,3732,0,0
125,116,3981,3732,223,141
125,116,3982,3724,-273,26
125,116,3983,3723,-78,0
125,116,3983,3732,0,0
125,116,3983,3732,128,89
125,116,3984,3723,-142,-283
125,116,3984,3803,361,-345
125,116,3985,3685,296,219
125,116,3986,3775,-276,155
125,116,3988,3792,0,-447
125,116,3988,3796,0,-500
125,116,3988,3796,224,-447
125,116,3989,3790,-23,-447
125,116,3990,3766,-14,290
125,116,3991,3757,83,166
125,116,3998,3797,-103,-462
125,116,4000,3789,0,-447
125,116,4020,3769,-27,-183
125,116,4028,3653,345,361
125,116,4028,3779,0,-342
125,116,4032,3789,492,-85
125,116,4036,3651,203,457
125,116,4037,3652,167,470
125,116,4047,3787,500,0
125,116,4049,3676,35,366
125,116,4057,3643,-179,466
125,119,3935,3789,444,0
125,119,3936,3861,392,0
125,119,3939,3811,498,37
125,119,3940,3811,500,0
125,119,3940,3812,402,296
125,119,3940,3812,421,267
125,119,3940,3812,500,0
125,119,3940,3813,474,156
125,119,3940,3814,500,0
125,119,3940,3815,500,0
125,119,3940,3816,500,0
125,119,3940,3817,500,0
125,119,3941,3873,500,0
125,119,3942,3873,500,0
125,119,3944,3803,441,236
125,119,3944,3808,441,236
125,119,3945,3840,423,212
125,119,3945,3841,423,212
125,119,3947,3802,277,416
125,119,3947,3806,296,402
125,119,3947,3836,441,236
125,119,3947,3870,326,-378
125,119,3948,3869,361,-345
125,119,3949,3873,429,-257
125,119,3949,3873,447,-224
125,119,3949,3875,500,0
125,119,3950,3802,179,466
125,119,3950,3812,447,0
125,119,3950,3844,445,43
125,119,3952,3806,144,478
125,119,3952,3864,378,-326
125,119,3953,3838,447,0
125,119,3953,3839,447,-10
125,119,3953,3841,447,-10
125,119,3954,3796,447,0
125,119,3954,3797,447,0
125,119,3954,3801,447,0
125,119,3954,3803,447,0
125,119,3954,3808,447,0
125,119,3954,3810,447,0
125,119,3954,3811,447,0
125,119,3954,3812,447,0
125,119,3954,3813,447,0
125,119,3954,3815,447,0
125,119,3954,3818,447,0
125,119,3954,3819,447,0
125,119,3954,3820,447,0
125,119,3954,3821,447,-10
125,119,3954,3822,447,0
125,119,3954,3826,447,0
125,119,3954,3830,447,0
125,119,3954,3831,447,0
125,119,3954,3836,447,0
125,119,3954,3837,447,0
125,119,3954,3838,447,0
125,119,3954,3839,447,0
125,119,3954,3841,447,0
125,119,3954,3842,447,0
125,119,3954,3851,447,0
125,119,3955,3868,179,-466
125,119,3956,3775,0,500
125,119,3956,3810,0,500
125,119,3956,3812,0,500
125,119,3956,3819,0,500
125,119,3957,3839,419,-31
125,119,3957,3872,417,-224
125,119,3958,3780,474,156
125,119,3958,3812,421,0
125,119,3958,3819,421,0
125,119,3958,3825,416,-62
125,119,3958,3826,412,-82
125,119,3958,3827,447,0
125,119,3958,3837,421,0
125,119,3958,3843,411,92
125,119,3959,3820,395,0
125,119,3960,3884,290,-355
125,119,3961,3839,395,-20
125,119,3961,3843,378,114
125,119,3962,3791,282,55
125,119,3962,3819,395,0
125,119,3963,3885,249,-321
125,119,3964,3739,223,444
125,119,3964,3806,183,0
125,119,3964,3859,353,-107
125,119,3964,3880,291,-339
125,119,3964,3881,283,-346
125,119,3964,3887,262,-394
125,119,3965,3881,274,-353
125,119,3965,3881,283,-346
125,119,3968,3782,445,158
125,119,3969,3840,-120,-291
125,119,3969,3874,257,-314
125,119,3969,3875,257,-314
125,119,3969,3880,248,-372
125,119,3972,3874,226,-323
125,119,3974,3878,198,-372
125,119,3976,3823,-62,-227
125,119,3977,3743,361,345
125,119,3977,3819,-314,0
125,119,3977,3820,-51,-6
125,119,3978,3819,-104,0
125,119,3978,3844,264,0
125,119,3978,3845,264,0
125,119,3979,3819,-104,0
125,119,3979,3819,-78,0
125,119,3979,3819,0,0
125,119,3980,3819,-84,-132
125,119,3981,3819,-9,-24
125,119,3981,3819,-1,-26
125,119,3981,3819,0,0
125,119,3981,3829,-263,19
125,119,3981,3829,-258,-39
125,119,3982,3820,-2,-104
125,119,3982,3831,-220,-91
125,119,3983,3819,-78,0
125,119,3983,3819,11,-23
125,119,3983,3836,-234,22
125,119,3984,3835,-208,20
125,119,3984,3851,-80,-208
125,119,3985,3819,-196,-130
125,119,3985,3843,-153,101
125,119,3985,3846,-184,-151
125,119,3985,3846,-164,-172
125,119,3985,3850,-131,-13
125,119,3986,3819,0,0
125,119,3986,3824,0,78
125,119,3987,3837,-130,86
125,119,3987,3850,-116,-62
125,119,3987,3850,-37,-70
125,119,3988,3875,500,0
125,119,3990,3795,117,-63
125,119,4009,3783,457,125
125,119,4064,3769,-258,332
125,121,3928,3875,500,0
125,121,3934,3874,358,159
125,121,3938,3897,482,-132
125,121,3940,3895,482,-132
125,121,3940,3902,421,-267
125,121,3940,3902,441,-236
125,121,3940,3904,402,-296
125,121,3940,3925,361,345
125,121,3941,3838,287,408
125,121,3941,3839,287,408
125,121,3941,3897,482,-132
125,121,3942,3904,378,-326
125,121,3943,3824,353,353
125,121,3943,3840,378,326
125,121,3943,3841,394,306
125,121,3943,3904,361,-345
125,121,3944,3831,462,191
125,121,3944,3895,361,345
125,121,3944,3903,378,-326
125,121,3945,3907,500,-25
125,121,3945,3908,500,0
125,121,3946,3844,316,386
125,121,3948,3842,361,345
125,121,3948,3940,500,0
125,121,3950,3873,447,0
125,121,3950,3875,447,0
125,121,3950,3906,224,-447
125,121,3953,3843,403,190
125,121,3953,3843,408,181
125,121,3953,3904,378,-326
125,121,3953,3928,378,-326
125,121,3953,3930,414,-171
125,121,3954,3857,447,22
125,121,3954,3861,447,0
125,121,3954,3865,447,0
125,121,3954,3873,447,0
125,121,3954,3875,447,0
125,121,3954,3876,447,0
125,121,3954,3877,447,0
125,121,3954,3897,361,-345
125,121,3954,3898,132,-482
125,121,3954,3908,447,0
125,121,3954,3909,447,0
125,121,3954,3913,447,0
125,121,3955,3883,421,0
125,121,3955,3892,494,-74
125,121,3955,3902,37,-498
125,121,3956,3837,365,257
125,121,3956,3838,372,248
125,121,3956,3894,0,-459
125,121,3956,3894,0,-407
125,121,3956,3894,0,-354
125,121,3956,3896,0,-459
125,121,3956,3898,0,-500
125,121,3956,3898,0,-459
125,121,3956,3898,48,-498
125,121,3956,3899,0,-500
125,121,3956,3899,0,-485
125,121,3956,3899,48,-498
125,121,3956,3900,0,-500
125,121,3956,3900,0,-485
125,121,3956,3900,0,-459
125,121,3956,3901,0,-500
125,121,3956,3901,0,-433
125,121,3956,3901,37,-498
125,121,3956,3902,0,-500
125,121,3956,3902,37,-498
125,121,3956,3906,0,-433
125,121,3956,3906,0,-407
125,121,3956,3907,37,-498
125,121,3957,3822,345,361
125,121,3957,3847,389,161
125,121,3957,3862,419,-31
125,121,3957,3910,419,-31
125,121,3958,3831,361,345
125,121,3958,3854,414,72
125,121,3959,3875,395,0
125,121,3959,3892,395,0
125,121,3959,3913,395,0
125,121,3960,3818,361,345
125,121,3960,3892,392,0
125,121,3960,3923,378,-114
125,121,3961,3829,300,332
125,121,3961,3829,335,371
125,121,3961,3835,312,282
125,121,3961,3856,390,58
125,121,3961,3922,382,-96
125,121,3961,3929,376,-189
125,121,3962,3836,319,274
125,121,3962,3837,319,274
125,121,3963,3833,282,312
125,121,3963,3842,328,219
125,121,3963,3892,183,0
125,121,3964,3834,291,304
125,121,3964,3835,297,297
125,121,3964,3835,304,291
125,121,3965,3828,265,360
125,121,3965,3840,305,250
125,121,3965,3841,305,250
125,121,3966,3833,266,325
125,121,3967,3833,266,325
125,121,3968,3844,291,226
125,121,3968,3846,445,158
125,121,3969,3841,-341,33
125,121,3969,3845,291,226
125,121,3976,3892,9,24
125,121,3979,3841,339,250
125,121,3980,3858,-165,202
125,121,3981,3841,311,242
125,121,3981,3844,291,226
125,121,3981,3845,296,219
125,121,3982,3856,-218,89
125,121,3982,3875,185,17
125,121,3983,3833,76,387
125,121,3983,3855,-203,50
125,121,3983,3869,-142,-283
125,121,3983,3880,-208,-111
125,121,3984,3843,118,236
125,121,3984,3844,296,219
125,121,3984,3859,-157,-94
125,121,3985,3855,-177,-44
125,121,3987,3860,-87,57
125,121,3987,3861,-118,55
125,121,3987,3864,29,-73
125,121,3987,3891,-10,51
125,121,3988,3820,0,183
125,121,3988,3852,53,-150
125,121,3988,3857,-74,-138
125,121,3988,3859,0,-104
125,121,3988,3859,46,-22
125,121,3989,3857,0,-157
125,121,3989,3859,40,-124
125,121,3989,3859,94,-50
125,121,3989,3859,105,-21
125,121,3990,3858,134,-81
125,121,3991,3851,-26,-3
125,121,3992,3853,-45,-260
125,121,3992,3856,94,-189
125,121,3992,3857,125,-170
125,121,3994,3858,416,277
125,121,3995,3856,187,-255
125,121,4000,3845,296,219
125,121,4020,3819,224,447
125,121,4076,3835,-18,369
