1,33,16,1129,62,-416
1,33,49,1018,21,181
1,33,57,1008,-378,326
1,33,58,994,-167,470
1,33,58,996,-179,466
1,33,59,997,-212,451
1,33,61,1012,-500,0
1,33,63,998,-316,386
1,33,65,999,-361,345
1,33,73,1119,0,-290
1,33,105,1100,-74,110
1,33,105,1102,-15,158
1,33,107,1100,0,78
1,33,107,1102,0,290
1,33,107,1116,0,-26
1,33,107,1131,0,-209
1,33,107,1140,0,-500
1,33,107,1160,0,-500
1,33,109,1076,80,66
1,33,114,1137,-66,-333
1,33,115,1124,-142,-283
1,33,117,1076,-342,7
1,33,123,1099,-130,0
1,33,131,1067,-183,0
1,33,131,1090,-183,0
1,33,135,1076,-130,0
1,33,137,1070,-173,323
1,33,137,1105,-416,-62
1,33,138,1069,-419,-31
1,33,138,1072,-418,-51
1,33,138,1076,-224,-447
1,33,138,1099,-421,0
1,33,138,1102,-419,-41
1,33,139,1054,0,497
1,33,139,1054,0,500
1,33,139,1065,0,287
1,33,139,1066,-200,126
1,33,139,1067,0,261
1,33,139,1086,-256,-137
1,33,139,1086,0,-500
1,33,139,1090,0,-500
1,33,139,1091,0,-500
1,33,140,1055,-60,496
1,33,141,1084,-447,0
1,33,141,1085,-447,0
1,33,141,1086,-447,0
1,33,141,1087,-97,-490
1,33,141,1089,-447,0
1,33,141,1090,-447,0
1,33,141,1090,-85,-492
1,33,141,1092,-447,0
1,33,141,1093,-447,0
1,33,141,1094,-447,0
1,33,141,1097,-447,0
1,33,141,1098,-447,0
1,33,141,1099,-447,0
1,33,141,1103,-446,-43
1,33,142,1087,-167,-470
1,33,142,1087,-156,-474
1,33,142,1087,-121,-484
1,33,142,1088,-277,-416
1,33,142,1090,-109,-488
1,33,142,1092,-447,0
1,33,142,1093,-121,-484
1,33,142,1099,-447,0
1,33,143,1078,-117,-249
1,33,143,1086,-203,-457
1,33,143,1086,-167,-470
1,33,143,1087,-191,-462
1,33,143,1087,-156,-474
1,33,143,1090,-167,-470
1,33,144,1084,-287,-408
1,33,144,1089,-191,-462
1,33,144,1090,-212,-451
1,33,144,1090,-179,-466
1,33,144,1090,-156,-474
1,33,145,1053,-224,447
1,33,145,1092,-212,-451
1,33,145,1094,-167,-470
1,33,146,1051,-212,451
1,33,146,1052,-212,451
1,33,146,1092,-179,-466
1,33,147,1083,-386,-316
1,33,148,1052,-267,421
1,33,148,1067,-361,345
1,33,149,1086,-473,0
1,33,149,1091,-441,-236
1,33,150,1093,-287,-408
1,33,150,1137,-353,-353
1,33,151,1053,-335,371
1,33,151,1055,-361,345
1,33,151,1091,-441,-236
1,33,151,1121,-441,-236
1,33,152,1090,-345,-361
1,33,154,1062,-482,132
1,33,154,1081,-474,-156
1,33,154,1083,-457,-203
1,33,154,1086,-500,0
1,33,154,1117,-335,-371
1,33,155,1068,-482,132
1,33,155,1082,-470,-167
1,33,155,1087,-500,0
1,33,156,1060,-500,0
1,33,156,1060,-148,449
1,33,156,1064,-496,60
1,33,156,1081,-287,-408
1,33,156,1082,-500,0
1,33,156,1083,-500,0
1,33,156,1084,-500,0
1,33,156,1085,-500,0
1,33,156,1087,-500,0
1,33,156,1109,-287,-408
1,33,159,1064,-498,48
1,33,160,1085,-471,-11
1,35,19,1073,22,447
1,35,19,1077,21,421
1,35,19,1198,22,-447
1,35,20,1077,0,421
1,35,20,1197,0,-447
1,35,20,1204,0,-500
1,35,104,1167,-21,210
1,35,105,1164,-141,75
1,35,105,1164,-74,110
1,35,105,1165,-84,103
1,35,105,1166,-15,158
1,35,105,1172,0,0
1,35,106,1166,-15,158
1,35,107,1164,94,50
1,35,107,1164,156,30
1,35,107,1166,-173,121
1,35,108,1164,-21,210
1,35,108,1165,73,110
1,35,109,1149,152,101
1,35,110,1131,-132,-84
1,35,110,1140,-88,132
1,35,110,1140,-23,234
1,35,110,1165,-200,71
1,35,111,1131,-33,-71
1,35,112,1184,-141,-281
1,35,114,1131,0,0
1,35,114,1140,21,13
1,35,114,1140,38,220
1,35,115,1188,-142,-283
1,35,116,1140,0,0
1,35,119,1131,-10,-24
1,35,119,1140,130,0
1,35,120,1186,-27,-154
1,35,123,1173,-403,-121
1,35,123,1189,-196,-309
1,35,128,1071,-197,311
1,35,131,1119,-183,0
1,35,131,1123,-274,0
1,35,131,1129,-183,0
1,35,131,1130,-183,0
1,35,131,1144,-183,0
1,35,133,1089,-344,241
1,35,133,1133,-314,23
1,35,133,1136,-389,-67
1,35,133,1140,-157,0
1,35,134,1100,-383,95
1,35,134,1124,-195,19
1,35,135,1152,-394,-29
1,35,137,1136,-416,-62
1,35,137,1137,-416,-62
1,35,138,1137,-415,-72
1,35,138,1177,-409,-182
1,35,138,1178,-404,-190
1,35,139,1117,0,500
1,35,139,1127,0,302
1,35,139,1143,0,-444
1,35,139,1143,0,-302
1,35,139,1151,0,-500
1,35,139,1152,-419,-41
1,35,139,1152,0,-500
1,35,139,1153,0,-500
1,35,139,1154,0,-500
1,35,140,1116,-60,496
1,35,140,1116,-37,498
1,35,140,1119,-37,498
1,35,140,1124,-256,-51
1,35,140,1150,-37,-498
1,35,140,1155,-60,-496
1,35,141,1108,-447,0
1,35,141,1119,-447,0
1,35,141,1122,-447,0
1,35,141,1123,-447,0
1,35,141,1129,-447,0
1,35,141,1130,-447,0
1,35,141,1131,-447,0
1,35,141,1133,-447,0
1,35,141,1135,-446,-43
1,35,141,1137,-442,-66
1,35,141,1149,-447,0
1,35,141,1150,-447,0
1,35,141,1151,-447,0
1,35,141,1151,-121,-484
1,35,141,1151,-97,-490
1,35,141,1152,-121,-484
1,35,141,1153,-447,0
1,35,141,1158,-447,0
1,35,141,1161,-447,0
1,35,141,1163,-447,0
1,35,141,1167,-446,-43
1,35,141,1168,-446,-43
1,35,141,1171,-439,-87
1,35,142,1108,-447,0
1,35,142,1114,-121,484
1,35,142,1117,-109,488
1,35,142,1120,-97,490
1,35,142,1121,-167,470
1,35,142,1123,-447,0
1,35,142,1132,-447,0
1,35,142,1143,-264,-253
1,35,142,1150,-132,-482
1,35,142,1151,-121,-484
1,35,142,1151,-97,-490
1,35,142,1152,-121,-484
1,35,142,1153,-85,-492
1,35,142,1154,-447,0
1,35,142,1158,-97,-490
1,35,142,1161,-447,0
1,35,142,1163,-447,0
1,35,143,1111,-121,484
1,35,143,1113,-132,482
1,35,143,1113,-121,484
1,35,143,1149,-179,-466
1,35,143,1150,-191,-462
1,35,143,1154,-167,-470
1,35,143,1154,-144,-478
1,35,143,1155,-121,-484
1,35,143,1156,-121,-484
1,35,143,1157,-121,-484
1,35,143,1158,-132,-482
1,35,143,1158,-121,-484
1,35,143,1162,-234,-17
1,35,143,1176,-400,-253
1,35,144,1114,-144,478
1,35,144,1150,-212,-451
1,35,144,1154,-156,-474
1,35,145,1150,-473,0
1,35,145,1161,-473,0
1,35,147,1124,-386,316
1,35,147,1156,-224,-447
1,35,148,1153,-248,-337
1,35,148,1157,-236,-441
1,35,149,1155,-287,-408
1,35,151,1154,-441,-236
1,35,151,1156,-441,-236
1,35,151,1184,-441,-236
1,35,152,1183,-378,-326
1,35,154,1185,-500,0
1,35,155,1147,-500,0
1,35,155,1150,-500,0
1,35,155,1151,-416,-277
1,35,156,1121,-500,0
1,35,156,1122,-500,0
1,35,156,1124,-148,449
1,35,156,1130,-500,0
1,35,156,1144,-500,0
1,35,156,1149,-500,0
1,35,156,1152,-500,0
1,35,156,1181,-500,0
1,35,166,1123,-366,0
1,37,11,1282,0,-500
1,37,18,1173,-162,86
1,37,20,1141,0,421
1,37,24,1280,0,-500
1,37,38,1284,212,-451
1,37,40,1262,123,-345
1,37,42,1275,212,-451
1,37,44,1268,0,-500
1,37,45,1282,132,-482
1,37,46,1257,92,-411
1,37,47,1269,57,-470
1,37,48,1261,53,-444
1,37,50,1256,35,-365
1,37,50,1260,38,-391
1,37,50,1264,21,-287
1,37,51,1236,22,-230
1,37,51,1258,21,-421
1,37,51,1261,22,-447
1,37,51,1262,22,-447
1,37,51,1270,132,-482
1,37,52,1250,0,-104
1,37,52,1254,0,-209
1,37,52,1258,0,-421
1,37,52,1258,21,-421
1,37,52,1261,0,-447
1,37,52,1261,22,-447
1,37,52,1262,0,-447
1,37,52,1267,0,-340
1,37,52,1267,85,-492
1,37,52,1269,0,-473
1,37,92,1267,0,-314
1,37,102,1163,14,-21
1,37,103,1163,0,0
1,37,105,1171,-117,-63
1,37,107,1163,0,0
1,37,108,1156,-80,193
1,37,109,1204,181,21
1,37,110,1168,-164,-134
1,37,111,1232,-225,67
1,37,114,1148,-48,176
1,37,115,1161,-230,57
1,37,122,1199,-332,82
1,37,123,1191,-150,213
1,37,125,1201,-261,0
1,37,128,1141,-257,365
1,37,128,1195,-473,0
1,37,129,1187,-369,0
1,37,131,1186,-183,0
1,37,133,1184,-372,132
1,37,133,1187,-157,-3
1,37,133,1193,-157,0
1,37,133,1194,-157,0
1,37,133,1211,-157,3
1,37,134,1206,-99,32
1,37,135,1158,-385,171
1,37,135,1159,-390,161
1,37,135,1176,-421,0
1,37,135,1196,-290,155
1,37,136,1163,-392,107
1,37,136,1206,-28,127
1,37,136,1235,-101,-25
1,37,137,1166,-415,72
1,37,137,1203,-148,-99
1,37,137,1217,-157,332
1,37,137,1232,-198,-369
1,37,138,1157,-404,190
1,37,138,1162,-400,131
1,37,139,1181,0,500
1,37,139,1183,-162,-170
1,37,139,1185,0,433
1,37,139,1195,-171,51
1,37,139,1198,-419,-41
1,37,139,1204,-165,-68
1,37,139,1249,0,-500
1,37,139,1251,0,-500
1,37,140,1156,-409,181
1,37,140,1162,-432,118
1,37,141,1155,-409,181
1,37,141,1172,-447,0
1,37,141,1173,-447,0
1,37,141,1176,-447,0
1,37,141,1177,-447,0
1,37,141,1179,-447,0
1,37,141,1182,-97,490
1,37,141,1184,-447,0
1,37,141,1185,-447,0
1,37,141,1186,-447,0
1,37,141,1187,-447,0
1,37,141,1215,-132,-482
1,37,142,1172,-447,0
1,37,142,1177,-97,490
1,37,142,1181,-109,488
1,37,142,1183,-277,416
1,37,142,1184,-167,470
1,37,142,1187,-447,0
1,37,142,1190,-267,421
1,37,142,1193,-447,0
1,37,142,1193,-441,236
1,37,142,1203,-447,0
1,37,143,1178,-132,482
1,37,143,1181,-167,470
1,37,143,1183,-156,474
1,37,143,1213,-179,-466
1,37,144,1175,-144,478
1,37,144,1178,-156,474
1,37,144,1179,-167,470
1,37,144,1182,-191,462
1,37,144,1192,-500,0
1,37,144,1214,-224,-447
1,37,144,1214,-212,-451
1,37,144,1218,-167,-470
1,37,145,1179,-179,466
1,37,145,1180,-203,457
1,37,145,1205,-391,-29
1,37,145,1214,-473,0
1,37,145,1218,-224,-447
1,37,145,1221,-178,-464
1,37,145,1222,-167,-470
1,37,146,1153,-335,371
1,37,146,1177,-191,462
1,37,146,1181,-224,447
1,37,146,1219,-224,-447
1,37,146,1220,-191,-462
1,37,147,1178,-224,447
1,37,147,1220,-224,-447
1,37,147,1221,-224,-447
1,37,147,1221,-212,-451
1,37,148,1177,-277,416
1,37,148,1179,-277,416
1,37,148,1180,-277,416
1,37,148,1220,-267,-421
1,37,148,1251,-255,-363
1,37,149,1154,-361,345
1,37,149,1188,-473,0
1,37,149,1219,-287,-408
1,37,150,1180,-277,416
1,37,150,1192,-488,109
1,37,151,1133,-353,353
1,37,151,1182,-441,236
1,37,151,1183,-441,236
1,37,152,1152,-361,345
1,37,152,1183,-378,326
1,37,152,1184,-394,306
1,37,152,1215,-378,-326
1,37,152,1217,-361,-345
1,37,153,1250,-371,-335
1,37,154,1185,-500,0
1,37,154,1190,-482,132
1,37,154,1190,-474,156
1,37,154,1191,-492,85
1,37,154,1192,-498,-48
1,37,154,1211,-457,-203
1,37,155,1184,-500,0
1,37,155,1188,-470,167
1,37,155,1189,-500,0
1,37,155,1192,-492,85
1,37,155,1210,-466,-179
1,37,155,1216,-402,-296
1,37,156,1184,-500,0
1,37,156,1184,-306,394
1,37,156,1185,-306,394
1,37,156,1186,-500,0
1,37,156,1186,-361,345
1,37,156,1187,-500,0
1,37,156,1187,-492,85
1,37,156,1187,-381,281
1,37,156,1190,-484,121
1,37,156,1191,-490,97
1,37,157,1191,-494,74
1,37,157,1191,-490,97
1,37,157,1192,-494,74
1,37,157,1207,-494,-74
1,37,158,1184,-471,10
1,37,158,1190,-497,0
1,37,159,1191,-492,85
1,37,161,1225,-444,-10
1,37,162,1183,-392,0
1,65,51,2158,22,-447
1,65,71,2060,-383,-85
1,65,108,2072,47,-172
1,65,109,2084,164,109
1,65,110,2085,135,-240
1,65,112,2100,0,0
1,65,113,2084,255,-162
1,65,116,2081,320,-71
1,65,119,2082,342,94
1,65,121,2084,361,118
1,65,123,2060,-411,92
1,65,123,2060,-407,111
1,65,124,2022,-16,328
1,65,124,2022,0,418
1,65,124,2022,0,500
1,65,124,2023,0,500
1,65,124,2024,0,500
1,65,124,2030,0,314
1,65,124,2037,-86,262
1,65,126,2083,-290,0
1,65,128,2059,-437,97
1,65,128,2083,-238,0
1,65,130,2019,-97,490
1,65,131,2023,-236,441
1,65,131,2057,-459,114
1,65,131,2083,-342,0
1,65,133,2051,-261,173
1,65,133,2084,-395,0
1,65,135,2026,-355,290
1,65,135,2060,-125,37
1,65,137,2060,-411,92
1,65,137,2062,-415,72
1,65,138,2048,-85,492
1,65,138,2062,-415,72
1,65,138,2083,-421,0
1,65,138,2083,-395,0
1,65,139,2021,-224,447
1,65,139,2022,-236,441
1,65,139,2024,-246,435
1,65,139,2051,-267,421
1,65,139,2057,0,380
1,65,139,2058,0,380
1,65,139,2082,-421,0
1,65,140,2022,-236,441
1,65,141,2024,-267,421
1,65,141,2063,-446,43
1,65,141,2064,-446,43
1,65,141,2074,-447,0
1,65,141,2081,-372,248
1,65,141,2083,-447,0
1,65,141,2084,-447,0
1,65,141,2085,-447,0
1,65,142,2063,-353,26
1,65,142,2065,-317,210
1,65,142,2078,-447,0
1,65,142,2085,-447,0
1,65,143,2110,-203,-457
1,65,144,2027,-201,375
1,65,145,2070,-473,0
1,65,145,2071,-473,0
1,65,145,2081,-473,0
1,65,145,2083,-473,0
1,65,145,2084,-473,0
1,65,147,2032,0,500
1,65,147,2038,-85,492
1,65,147,2118,-203,-457
1,65,148,2118,-212,-424
1,65,149,2081,-473,0
1,65,149,2083,-473,0
1,65,150,2049,-447,224
1,65,151,2051,-457,203
1,65,152,2048,-394,306
1,65,152,2082,-500,25
1,65,153,2083,-500,0
1,65,153,2110,-408,-287
1,65,153,2115,-345,-361
1,65,155,2106,-470,-167
1,65,156,2044,-451,-212
1,65,156,2044,-361,-345
1,65,156,2052,-500,0
1,65,158,2131,-500,11
1,65,168,2083,-500,0
2,32,72,982,0,421
2,32,76,985,0,369
2,32,84,981,0,421
2,32,100,974,0,447
2,32,100,1001,0,183
2,32,113,970,-353,353
2,32,120,1107,-159,-446
2,32,121,967,-361,345
2,32,121,1094,-198,-369
2,32,126,1069,86,130
2,32,126,1076,35,38
2,32,129,1076,-25,-7
2,32,129,1076,25,-2
2,32,129,1076,25,-1
2,32,129,1076,26,0
2,32,130,1068,-77,-13
2,32,130,1072,-242,311
2,32,130,1076,-23,-12
2,32,130,1076,25,-1
2,32,131,1068,-121,99
2,32,131,1076,26,0
2,32,132,1069,-155,161
2,32,132,1073,-227,322
2,32,132,1073,-180,132
2,32,132,1076,48,61
2,32,132,1076,62,83
2,32,133,1068,151,80
2,32,133,1068,166,105
2,32,133,1069,114,126
2,32,134,1069,105,135
2,32,134,1070,76,-137
2,32,134,1072,-83,235
2,32,135,1068,80,120
2,32,135,1068,217,123
2,32,135,1070,80,-135
2,32,135,1071,-378,114
2,32,135,1073,29,195
2,32,135,1076,7,314
2,32,135,1076,22,300
2,32,135,1076,23,312
2,32,135,1076,53,89
2,32,135,1078,-342,327
2,32,136,1069,-171,155
2,32,136,1069,-87,130
2,32,136,1069,-61,172
2,32,136,1070,-75,182
2,32,136,1070,-66,170
2,32,136,1071,-224,447
2,32,136,1074,-210,200
2,32,136,1076,0,0
2,32,136,1076,21,286
2,32,136,1076,26,0
2,32,137,1068,-66,98
2,32,137,1069,-80,120
2,32,137,1070,-14,144
2,32,137,1070,17,182
2,32,137,1071,-19,196
2,32,137,1076,0,0
2,32,137,1076,17,342
2,32,137,1076,22,13
2,32,138,1068,5,78
2,32,138,1070,-321,-182
2,32,138,1070,17,182
2,32,138,1076,-75,-141
2,32,139,969,0,238
2,32,139,1003,-229,-219
2,32,139,1068,-166,-41
2,32,139,1069,-182,21
2,32,139,1073,0,238
2,32,139,1076,-25,6
2,32,139,1076,0,0
2,32,139,1080,0,130
2,32,139,1081,26,267
2,32,139,1082,74,138
2,32,139,1089,0,-290
2,32,139,1108,0,-500
2,32,140,1071,-386,-86
2,32,140,1076,111,207
2,32,140,1078,154,97
2,32,140,1081,130,243
2,32,141,1073,-432,-119
2,32,144,1068,-76,-109
2,32,145,1098,-82,-413
2,32,147,986,-114,378
2,32,147,1092,-142,-283
2,32,147,1093,-132,-372
2,32,147,1093,-114,-378
2,32,147,1097,-112,-407
2,32,147,1098,-112,-407
2,32,148,1097,-121,-403
2,32,148,1098,-121,-403
2,32,150,1104,-137,-453
2,32,151,995,-197,279
2,32,152,1099,-182,-409
2,32,153,992,-226,291
2,32,155,1067,130,0
2,32,156,962,0,500
2,32,161,1019,-264,0
2,32,162,1063,-60,496
2,32,163,1085,-498,37
2,32,167,1095,-500,25
2,32,168,1004,-126,34
2,32,168,1096,-500,25
2,32,168,1110,-335,-371
2,32,169,1076,-407,-112
2,32,169,1116,-296,-402
2,32,170,1078,-459,-114
2,32,170,1095,-500,0
2,32,171,1095,-500,-11
2,32,173,1083,-433,-192
2,32,174,1094,-500,-11
2,32,176,1094,-500,11
2,32,178,1089,-471,23
2,32,178,1090,-471,10
2,32,178,1090,-471,23
2,32,178,1091,-471,10
2,32,180,1085,-500,0
2,32,181,1085,-500,0
2,32,181,1087,-444,0
2,32,181,1090,-492,-85
2,32,181,1090,-353,-353
2,32,182,1087,-444,-10
2,32,182,1087,-444,22
2,32,182,1088,-444,-10
2,32,182,1102,-361,-345
2,32,182,1111,-345,-361
2,32,183,1079,-353,-353
2,32,183,1083,-353,-353
2,32,183,1086,-444,10
2,32,183,1087,-444,10
2,32,183,1090,-353,-353
2,32,183,1091,-353,-353
2,32,183,1100,-353,-353
2,32,183,1103,-353,-353
2,32,184,1082,-484,-121
2,32,184,1082,-478,-144
2,32,184,1085,-471,0
2,32,184,1085,-418,0
2,32,184,1090,-492,-85
2,32,184,1100,-392,-210
2,32,185,1066,-351,-351
2,32,185,1067,-359,-344
2,32,185,1071,-359,-344
2,32,185,1072,-359,-344
2,32,185,1073,-351,-351
2,32,185,1074,-359,-344
2,32,185,1075,-359,-344
2,32,185,1078,-359,-344
2,32,185,1079,-359,-344
2,32,185,1083,-359,-344
2,32,185,1084,-359,-344
2,32,185,1086,-418,0
2,32,185,1089,-496,-60
2,32,185,1090,-496,-60
2,32,185,1090,-494,-74
2,32,185,1105,-392,-261
2,32,186,1084,-418,0
2,32,186,1085,-444,0
2,32,186,1086,-418,-21
2,32,186,1086,-418,0
2,32,186,1087,-418,0
2,32,186,1089,-496,-60
2,32,186,1090,-494,-74
2,32,186,1090,-351,-351
2,32,186,1091,-492,-85
2,32,186,1093,-351,-351
2,32,186,1095,-351,-351
2,32,186,1096,-351,-351
2,32,187,1081,-418,0
2,32,187,1082,-418,0
2,32,187,1084,-418,0
2,32,187,1085,-444,0
2,32,187,1085,-392,-9
2,32,187,1086,-418,0
2,32,187,1087,-418,-21
2,32,187,1088,-418,0
2,32,187,1090,-496,-60
2,32,187,1090,-494,-74
2,32,187,1091,-492,-85
2,32,188,996,-500,0
2,32,188,1084,-500,0
2,32,188,1085,-500,0
2,32,188,1085,-444,0
2,32,188,1086,-392,0
2,32,188,1091,-492,-85
2,32,189,1081,-418,21
2,32,189,1086,-392,0
2,32,189,1088,-419,-31
2,32,189,1091,-494,-74
2,32,189,1091,-492,-85
2,32,190,996,-500,0
2,32,190,1090,-494,-74
2,32,190,1091,-494,-74
2,32,191,1081,-392,0
2,32,191,1090,-472,-46
2,32,193,1064,-500,0
2,32,197,1024,-500,0
2,32,198,1032,-500,0
2,32,198,1064,-500,0
2,34,121,1151,-225,-289
2,34,127,1135,73,28
2,34,132,1134,19,129
2,34,134,1138,-41,340
2,34,134,1140,0,0
2,34,135,1132,-23,12
2,34,135,1140,-123,-231
2,34,136,1133,-84,219
2,34,136,1134,-98,256
2,34,136,1134,-70,169
2,34,136,1139,24,248
2,34,136,1139,24,325
2,34,137,1132,-132,198
2,34,137,1132,-121,99
2,34,137,1133,-80,207
2,34,137,1133,-73,191
2,34,137,1133,-66,170
2,34,137,1133,-19,195
2,34,137,1135,10,209
2,34,137,1136,-94,244
2,34,137,1136,10,209
2,34,137,1139,13,274
2,34,137,1139,17,340
2,34,137,1140,0,0
2,34,137,1140,17,342
2,34,137,1140,18,369
2,34,138,1075,128,-25
2,34,138,1133,2,104
2,34,138,1133,2,130
2,34,139,1075,115,-62
2,34,139,1132,0,52
2,34,139,1135,0,157
2,34,139,1139,0,117
2,34,139,1141,0,-342
2,34,139,1148,0,-26
2,34,139,1149,0,-26
2,34,139,1153,0,-290
2,34,140,1076,-123,-27
2,34,142,1132,234,-23
2,34,144,1158,-77,-387
2,34,145,1162,-92,-411
2,34,145,1163,-82,-413
2,34,150,1172,-126,-457
2,34,151,1164,-150,-421
2,34,153,1157,365,-151
2,34,155,1124,-126,-170
2,34,156,1086,-130,0
2,34,157,1086,-157,0
2,34,157,1093,-212,0
2,34,157,1095,-212,0
2,34,158,1094,-212,0
2,34,158,1136,-162,-208
2,34,159,1127,-158,-175
2,34,160,1122,-195,-216
2,34,160,1128,-158,-175
2,34,161,1122,-219,-229
2,34,161,1158,-500,0
2,34,161,1163,-500,0
2,34,163,1094,-237,-17
2,34,164,1095,-290,0
2,34,165,1083,-447,0
2,34,167,1085,-418,0
2,34,167,1090,-418,0
2,34,167,1095,-418,0
2,34,167,1115,-418,0
2,34,167,1119,-418,0
2,34,167,1162,-500,0
2,34,170,1085,-421,0
2,34,171,1158,-497,0
2,34,171,1159,-497,0
2,34,172,1159,-497,0
2,34,173,1085,-473,0
2,34,173,1091,-495,36
2,34,175,1127,-345,-361
2,34,176,1091,-471,0
2,34,176,1092,-471,0
2,34,176,1096,-471,0
2,34,176,1119,-471,0
2,34,176,1122,-471,0
2,34,176,1123,-471,0
2,34,176,1124,-471,0
2,34,176,1125,-471,0
2,34,176,1126,-471,0
2,34,176,1128,-471,0
2,34,176,1130,-471,0
2,34,176,1157,-471,0
2,34,178,1091,-471,23
2,34,178,1092,-471,23
2,34,178,1093,-471,23
2,34,178,1095,-471,23
2,34,178,1096,-471,23
2,34,178,1097,-471,23
2,34,178,1102,-471,23
2,34,178,1126,-471,23
2,34,178,1129,-471,23
2,34,180,1085,-444,0
2,34,180,1153,-471,0
2,34,181,1135,-473,10
2,34,181,1138,-466,-81
2,34,181,1151,-444,0
2,34,181,1152,-444,0
2,34,181,1154,-444,0
2,34,182,1085,-500,0
2,34,182,1151,-444,-10
2,34,182,1152,-444,-10
2,34,183,1091,-444,22
2,34,183,1146,-353,-353
2,34,185,1135,-447,0
2,34,185,1142,-344,-359
2,34,185,1143,-344,-359
2,34,185,1144,-344,-359
2,34,185,1145,-344,-359
2,34,185,1147,-344,-359
2,34,185,1148,-344,-359
2,34,185,1151,-351,-351
2,34,185,1154,-353,-353
2,34,185,1154,-344,-359
2,34,186,1134,-344,-359
2,34,186,1140,-351,-351
2,34,186,1143,-344,-359
2,34,186,1145,-344,-359
2,34,186,1146,-418,0
2,34,186,1147,-418,0
2,34,186,1148,-418,0
2,34,186,1150,-418,0
2,34,186,1151,-359,-344
2,34,186,1151,-351,-351
2,34,186,1152,-359,-344
2,34,186,1152,-344,-359
2,34,186,1155,-344,-359
2,34,187,1083,-417,30
2,34,187,1084,-417,30
2,34,187,1085,-417,30
2,34,187,1086,-417,30
2,34,187,1087,-417,30
2,34,187,1088,-418,-21
2,34,187,1088,-417,30
2,34,187,1089,-417,30
2,34,187,1090,-417,30
2,34,187,1091,-417,30
2,34,187,1092,-417,30
2,34,187,1093,-417,30
2,34,187,1094,-417,30
2,34,187,1095,-417,30
2,34,187,1096,-417,30
2,34,187,1097,-417,30
2,34,187,1098,-417,30
2,34,187,1099,-417,30
2,34,187,1100,-417,30
2,34,187,1101,-417,30
2,34,187,1102,-417,30
2,34,187,1103,-417,30
2,34,187,1104,-417,30
2,34,187,1105,-417,30
2,34,187,1106,-417,30
2,34,187,1107,-417,30
2,34,187,1108,-417,30
2,34,187,1109,-417,30
2,34,187,1110,-417,30
2,34,187,1111,-417,30
2,34,187,1112,-417,30
2,34,187,1113,-417,30
2,34,187,1114,-417,30
2,34,187,1116,-417,30
2,34,187,1118,-417,30
2,34,187,1119,-417,30
2,34,187,1120,-417,30
2,34,187,1121,-417,30
2,34,187,1122,-417,30
2,34,187,1123,-417,30
2,34,187,1124,-417,30
2,34,187,1125,-417,30
2,34,187,1126,-417,30
2,34,187,1127,-417,30
2,34,187,1128,-417,30
2,34,187,1129,-417,30
2,34,187,1136,-418,0
2,34,187,1146,-418,0
2,34,187,1148,-418,0
2,34,187,1149,-418,0
2,34,187,1150,-418,0
2,34,187,1151,-418,0
2,34,187,1152,-418,0
2,34,187,1156,-345,-361
2,34,189,1139,-392,0
2,34,190,1076,-470,167
2,34,190,1085,-500,0
2,34,190,1085,-471,0
2,34,190,1086,-392,-9
2,34,190,1086,-392,0
2,34,190,1087,-392,-9
2,34,190,1087,-392,0
2,34,190,1145,-392,0
2,34,190,1146,-392,0
2,34,190,1147,-392,0
2,34,191,1073,-478,144
2,34,191,1074,-478,144
2,34,191,1075,-478,144
2,34,191,1087,-392,-9
2,34,191,1089,-392,-9
2,34,191,1114,-392,19
2,34,191,1137,-392,19
2,34,191,1144,-392,0
2,34,191,1145,-392,0
2,34,191,1146,-392,0
2,34,192,1085,-444,0
2,34,193,1085,-500,0
2,34,193,1085,-444,0
2,34,193,1139,-366,0
2,34,194,1084,-366,0
2,34,194,1086,-366,-8
2,34,194,1086,-366,0
2,34,194,1087,-366,-8
2,34,194,1087,-366,0
2,34,195,1082,-366,18
2,34,195,1083,-366,8
2,34,195,1083,-366,18
2,34,195,1084,-366,18
2,34,195,1085,-500,0
2,34,195,1085,-366,0
2,34,195,1085,-366,18
2,34,195,1086,-366,18
2,34,195,1087,-366,-8
2,34,195,1087,-366,18
2,34,195,1088,-366,-8
2,34,195,1088,-366,0
2,34,195,1088,-366,18
2,34,195,1089,-366,-8
2,34,195,1089,-366,18
2,34,195,1090,-366,18
2,34,195,1091,-366,18
2,34,195,1092,-366,18
2,34,195,1093,-366,18
2,34,195,1094,-366,18
2,34,195,1095,-366,18
2,34,195,1096,-366,18
2,34,195,1097,-366,18
2,34,195,1098,-366,18
2,34,195,1099,-366,18
2,34,195,1100,-366,18
2,34,195,1101,-366,18
2,34,195,1102,-366,18
2,34,195,1103,-366,18
2,34,195,1104,-366,18
2,34,195,1105,-366,18
2,34,195,1106,-366,18
2,34,195,1107,-366,18
2,34,195,1108,-366,18
2,34,195,1109,-366,18
2,34,195,1110,-366,18
2,34,195,1111,-366,18
2,34,195,1112,-366,18
2,34,195,1113,-366,18
2,34,195,1114,-366,18
2,34,195,1115,-366,0
2,34,195,1115,-366,18
2,34,195,1116,-366,18
2,34,195,1117,-366,18
2,34,195,1118,-366,18
2,34,195,1119,-366,18
2,34,195,1120,-366,18
2,34,195,1121,-366,18
2,34,195,1122,-366,18
2,34,195,1123,-366,18
2,34,195,1124,-366,18
2,34,195,1125,-366,-8
2,34,195,1125,-366,18
2,34,195,1126,-366,18
2,34,195,1127,-366,18
2,34,195,1128,-366,18
2,34,195,1136,-366,0
2,34,196,1072,-478,144
2,34,196,1073,-478,144
2,34,196,1074,-478,144
2,34,196,1084,-340,0
2,34,196,1085,-392,0
2,34,196,1085,-340,0
2,34,196,1134,-470,57
2,34,197,1085,-340,0
2,34,197,1089,-340,0
2,34,197,1090,-340,0
2,34,197,1091,-340,0
2,34,197,1092,-340,0
2,34,197,1093,-340,0
2,34,197,1094,-340,0
2,34,197,1095,-340,0
2,34,197,1096,-340,0
2,34,197,1098,-340,0
2,34,197,1101,-340,0
2,34,197,1103,-340,0
2,34,197,1115,-340,0
2,34,197,1118,-340,0
2,34,197,1119,-340,0
2,34,197,1122,-340,0
2,34,197,1123,-340,0
2,34,197,1124,-340,0
2,34,197,1125,-340,0
2,34,197,1126,-340,0
2,34,197,1127,-340,0
2,34,197,1128,-340,0
2,34,197,1129,-340,0
2,34,197,1130,-340,0
2,34,198,1075,-478,144
2,34,198,1076,-478,144
2,34,198,1085,-500,0
2,34,198,1094,-492,-85
2,34,198,1135,-369,0
2,34,200,1085,-500,0
2,36,20,1178,0,-500
2,36,20,1182,0,-500
2,36,107,1135,-146,56
2,36,121,1138,-7,-78
2,36,131,1131,-108,-433
2,36,131,1131,70,-468
2,36,131,1131,130,0
2,36,131,1131,143,-204
2,36,132,1131,22,12
2,36,132,1131,22,13
2,36,132,1131,26,0
2,36,132,1131,136,-194
2,36,133,1131,22,12
2,36,133,1131,25,3
2,36,133,1131,44,-64
2,36,133,1134,-233,-350
2,36,133,1134,-43,-446
2,36,134,1131,0,0
2,36,134,1132,-41,-340
2,36,135,1131,23,-312
2,36,135,1138,-303,-162
2,36,136,1204,23,312
2,36,137,1131,130,0
2,36,137,1196,-121,99
2,36,137,1197,-87,130
2,36,137,1197,-70,169
2,36,137,1198,-70,169
2,36,137,1200,10,209
2,36,137,1202,208,-20
2,36,137,1204,153,242
2,36,138,1131,118,-56
2,36,138,1139,-23,-12
2,36,138,1196,-115,61
2,36,138,1198,-12,130
2,36,139,1131,-26,-2
2,36,139,1196,0,52
2,36,139,1196,0,78
2,36,139,1198,0,354
2,36,140,1195,-157,-8
2,36,141,1140,86,57
2,36,141,1206,211,394
2,36,143,1117,-72,361
2,36,145,1187,-231,123
2,36,145,1215,-150,-250
2,36,147,1220,-142,-283
2,36,148,1128,-107,-353
2,36,150,1216,-174,-326
2,36,151,1187,-264,0
2,36,154,1176,-185,0
2,36,155,1187,-130,0
2,36,156,1176,-212,0
2,36,157,1157,-157,-27
2,36,157,1185,-157,0
2,36,158,1146,-136,158
2,36,158,1175,-238,0
2,36,158,1185,-157,0
2,36,159,1144,-158,174
2,36,159,1157,-290,0
2,36,159,1177,-211,20
2,36,159,1187,-342,0
2,36,160,1146,-256,297
2,36,160,1222,-253,399
2,36,161,1175,-264,0
2,36,161,1187,-238,0
2,36,162,1166,-234,-17
2,36,162,1230,-272,-387
2,36,163,1185,-366,0
2,36,166,1168,-391,28
2,36,166,1185,-392,0
2,36,167,1145,-418,0
2,36,167,1183,-418,0
2,36,168,1111,-500,25
2,36,168,1185,-287,0
2,36,170,1187,-421,0
2,36,171,1181,-444,0
2,36,171,1187,-421,0
2,36,173,1164,-495,36
2,36,173,1184,-495,36
2,36,174,1185,-340,0
2,36,174,1187,-500,0
2,36,176,1115,-471,0
2,36,176,1147,-471,0
2,36,176,1151,-471,0
2,36,176,1158,-471,0
2,36,176,1173,-471,0
2,36,176,1177,-471,0
2,36,176,1183,-471,0
2,36,176,1184,-471,0
2,36,176,1186,-471,0
2,36,177,1163,-473,0
2,36,177,1185,-366,0
2,36,177,1187,-473,0
2,36,177,1193,-473,-11
2,36,178,1142,-471,23
2,36,178,1150,-471,23
2,36,178,1152,-471,23
2,36,178,1158,-471,23
2,36,178,1159,-471,23
2,36,178,1165,-471,23
2,36,178,1169,-471,23
2,36,178,1172,-471,23
2,36,178,1175,-471,23
2,36,178,1179,-471,23
2,36,180,1123,-345,361
2,36,180,1186,-444,0
2,36,181,1123,-353,353
2,36,181,1185,-444,22
2,36,182,1187,-498,-37
2,36,182,1188,-498,-37
2,36,182,1188,-492,-85
2,36,182,1193,-496,-60
2,36,183,1133,-335,371
2,36,183,1187,-500,0
2,36,183,1188,-494,-74
2,36,184,1119,-345,361
2,36,185,1117,-351,351
2,36,185,1120,-351,351
2,36,185,1188,-500,-25
2,36,185,1188,-496,-60
2,36,186,1113,-344,358
2,36,186,1120,-359,343
2,36,186,1185,-418,21
2,36,186,1188,-500,-25
2,36,186,1188,-496,-60
2,36,186,1213,-418,-10
2,36,187,1115,-345,361
2,36,187,1139,-417,30
2,36,187,1140,-417,30
2,36,187,1141,-417,30
2,36,187,1142,-417,30
2,36,187,1143,-417,30
2,36,187,1144,-417,30
2,36,187,1145,-417,30
2,36,187,1146,-417,30
2,36,187,1147,-417,30
2,36,187,1148,-417,30
2,36,187,1149,-417,30
2,36,187,1150,-417,30
2,36,187,1151,-417,30
2,36,187,1152,-417,30
2,36,187,1153,-417,30
2,36,187,1154,-417,30
2,36,187,1155,-417,30
2,36,187,1156,-417,30
2,36,187,1157,-417,30
2,36,187,1158,-417,30
2,36,187,1159,-417,30
2,36,187,1160,-417,30
2,36,187,1161,-417,30
2,36,187,1162,-417,30
2,36,187,1163,-417,30
2,36,187,1164,-417,30
2,36,187,1165,-417,30
2,36,187,1166,-417,30
2,36,187,1167,-417,30
2,36,187,1168,-417,30
2,36,187,1169,-417,30
2,36,187,1170,-417,30
2,36,187,1171,-417,30
2,36,187,1172,-417,30
2,36,187,1173,-417,30
2,36,187,1174,-417,30
2,36,187,1175,-417,30
2,36,187,1176,-417,30
2,36,187,1177,-417,30
2,36,187,1178,-417,30
2,36,187,1179,-417,30
2,36,187,1180,-417,30
2,36,187,1182,-417,30
2,36,187,1183,-417,30
2,36,187,1184,-417,30
2,36,187,1185,-418,21
2,36,187,1185,-417,30
2,36,187,1187,-444,0
2,36,187,1187,-418,-21
2,36,188,1187,-444,0
2,36,189,1185,-392,0
2,36,189,1187,-500,0
2,36,190,1161,-392,0
2,36,190,1174,-392,0
2,36,190,1175,-392,0
2,36,190,1178,-392,0
2,36,190,1184,-392,0
2,36,190,1185,-392,8
2,36,190,1187,-471,0
2,36,190,1189,-392,0
2,36,191,1127,-392,0
2,36,191,1152,-392,0
2,36,191,1181,-392,19
2,36,191,1184,-392,0
2,36,191,1185,-392,8
2,36,191,1185,-392,19
2,36,191,1187,-500,0
2,36,191,1187,-471,0
2,36,191,1187,-444,0
2,36,192,1179,-492,85
2,36,192,1179,-490,97
2,36,192,1187,-471,0
2,36,193,1185,-366,0
2,36,193,1188,-500,0
2,36,193,1188,-418,-10
2,36,194,1143,-366,0
2,36,194,1146,-366,0
2,36,194,1161,-366,0
2,36,194,1164,-366,0
2,36,194,1174,-366,0
2,36,194,1175,-366,0
2,36,194,1176,-366,0
2,36,194,1178,-366,0
2,36,194,1184,-366,0
2,36,194,1185,-366,8
2,36,194,1185,-366,18
2,36,194,1189,-366,0
2,36,194,1198,-474,-156
2,36,195,1136,-366,0
2,36,195,1137,-366,8
2,36,195,1137,-366,18
2,36,195,1138,-366,18
2,36,195,1139,-366,18
2,36,195,1140,-366,18
2,36,195,1141,-366,18
2,36,195,1142,-366,18
2,36,195,1143,-366,18
2,36,195,1144,-366,18
2,36,195,1145,-366,18
2,36,195,1146,-366,18
2,36,195,1147,-366,18
2,36,195,1148,-366,0
2,36,195,1148,-366,18
2,36,195,1149,-366,0
2,36,195,1149,-366,18
2,36,195,1150,-366,18
2,36,195,1151,-366,18
2,36,195,1152,-366,0
2,36,195,1152,-366,18
2,36,195,1153,-366,18
2,36,195,1154,-366,0
2,36,195,1154,-366,18
2,36,195,1155,-366,18
2,36,195,1156,-366,18
2,36,195,1157,-366,18
2,36,195,1158,-366,18
2,36,195,1159,-366,18
2,36,195,1160,-366,18
2,36,195,1161,-366,18
2,36,195,1162,-366,18
2,36,195,1163,-366,18
2,36,195,1164,-366,18
2,36,195,1165,-366,18
2,36,195,1166,-366,18
2,36,195,1167,-366,0
2,36,195,1167,-366,18
2,36,195,1168,-366,18
2,36,195,1169,-366,18
2,36,195,1170,-366,18
2,36,195,1171,-366,18
2,36,195,1172,-366,18
2,36,195,1173,-366,18
2,36,195,1174,-366,18
2,36,195,1175,-366,0
2,36,195,1175,-366,18
2,36,195,1176,-366,18
2,36,195,1177,-366,18
2,36,195,1178,-366,0
2,36,195,1178,-366,18
2,36,195,1179,-366,18
2,36,195,1180,-366,18
2,36,195,1181,-366,18
2,36,195,1182,-366,18
2,36,195,1183,-366,18
2,36,195,1184,-366,0
2,36,195,1184,-366,18
2,36,195,1186,-366,-8
2,36,195,1186,-366,0
2,36,195,1187,-366,-8
2,36,195,1190,-366,0
2,36,195,1197,-478,-144
2,36,196,1186,-366,0
2,36,196,1186,-340,0
2,36,196,1187,-418,0
2,36,196,1187,-392,0
2,36,196,1187,-366,0
2,36,196,1190,-366,0
2,36,197,1139,-340,0
2,36,197,1140,-340,0
2,36,197,1142,-340,0
2,36,197,1143,-340,0
2,36,197,1144,-340,0
2,36,197,1145,-340,0
2,36,197,1147,-340,0
2,36,197,1148,-340,0
2,36,197,1149,-340,0
2,36,197,1151,-340,0
2,36,197,1152,-340,0
2,36,197,1155,-340,0
2,36,197,1158,-340,0
2,36,197,1161,-340,0
2,36,197,1163,-340,0
2,36,197,1166,-340,0
2,36,197,1168,-340,0
2,36,197,1172,-340,0
2,36,197,1173,-340,0
2,36,197,1174,-340,0
2,36,197,1175,-340,0
2,36,197,1176,-340,0
2,36,197,1177,-340,0
2,36,197,1178,-490,97
2,36,197,1178,-340,0
2,36,197,1179,-492,85
2,36,197,1179,-340,0
2,36,197,1180,-340,0
2,36,197,1181,-340,0
2,36,197,1182,-340,0
2,36,197,1183,-340,0
2,36,197,1184,-340,0
2,36,197,1185,-340,7
2,36,197,1186,-340,0
2,36,197,1187,-444,0
2,36,197,1187,-395,0
2,36,197,1187,-392,0
2,36,197,1187,-361,0
2,36,198,1135,-369,0
2,36,198,1187,-366,-8
2,36,198,1188,-500,0
2,36,199,1187,-500,0
2,36,200,1187,-500,0
2,38,46,1280,-46,-469
2,38,52,1276,0,0
2,38,52,1293,0,-447
2,38,73,1312,-361,-345
2,38,115,1196,-416,-277
2,38,123,1175,-311,137
2,38,123,1177,-196,308
2,38,126,1195,-25,-6
2,38,126,1195,24,-9
2,38,127,1196,-234,-318
2,38,127,1196,-26,1
2,38,128,1195,-26,0
2,38,128,1195,-23,11
2,38,128,1195,26,-1
2,38,128,1195,49,16
2,38,128,1195,217,-362
2,38,128,1198,-199,-372
2,38,129,1195,24,-10
2,38,129,1195,26,0
2,38,129,1195,47,-271
2,38,129,1195,74,132
2,38,129,1195,124,87
2,38,129,1195,225,-355
2,38,129,1203,-105,-116
2,38,129,1203,182,-36
2,38,130,1195,-162,-91
2,38,130,1195,21,13
2,38,130,1195,25,2
2,38,130,1195,80,-103
2,38,130,1195,95,-42
2,38,130,1195,97,-37
2,38,130,1195,121,-47
2,38,130,1197,-217,-265
2,38,130,1197,-24,-10
2,38,131,1195,21,13
2,38,131,1195,66,-81
2,38,131,1195,108,-140
2,38,131,1195,130,0
2,38,131,1196,-381,-281
2,38,131,1196,70,-468
2,38,131,1203,-117,-63
2,38,132,1195,22,12
2,38,132,1195,22,13
2,38,132,1195,89,128
2,38,132,1195,214,-101
2,38,132,1195,219,-297
2,38,132,1197,-107,-325
2,38,132,1197,-99,-328
2,38,132,1199,-146,-309
2,38,133,1195,22,13
2,38,133,1195,138,74
2,38,133,1196,-58,-337
2,38,133,1197,-83,-332
2,38,133,1200,180,-155
2,38,133,1202,64,-82
2,38,134,1196,-25,-341
2,38,134,1199,-190,-285
2,38,134,1201,-421,-21
2,38,134,1203,-241,-107
2,38,135,1199,204,-167
2,38,135,1203,-116,-105
2,38,136,1195,130,0
2,38,136,1200,-74,-226
2,38,136,1203,-234,-41
2,38,137,1195,16,-316
2,38,137,1195,23,10
2,38,137,1200,17,-182
2,38,138,1195,-26,-2
2,38,138,1203,-25,-7
2,38,139,1189,-4,25
2,38,139,1190,0,26
2,38,139,1191,-5,25
2,38,139,1193,-26,-2
2,38,139,1193,-24,9
2,38,140,1179,-5,104
2,38,140,1203,-236,-28
2,38,141,1189,-112,-176
2,38,141,1201,-76,197
2,38,142,1201,160,-91
2,38,142,1203,255,-105
2,38,145,1184,-99,328
2,38,146,1252,-45,-257
2,38,147,1172,-102,408
2,38,148,1175,-132,400
2,38,148,1191,-107,-353
2,38,150,1224,0,183
2,38,151,1163,-137,453
2,38,155,1237,-201,-400
2,38,156,1231,-225,-355
2,38,157,1171,-494,-74
2,38,157,1238,-224,-418
2,38,158,1182,-176,194
2,38,158,1239,-323,-106
2,38,162,1173,-498,-37
2,38,162,1215,-387,-77
2,38,163,1182,-326,266
2,38,163,1187,-500,0
2,38,163,1229,-132,400
2,38,166,1173,-500,-25
2,38,166,1175,-500,0
2,38,169,1161,-326,378
2,38,169,1176,-500,0
2,38,171,1174,-497,-11
2,38,171,1176,-497,0
2,38,171,1177,-497,0
2,38,171,1178,-497,0
2,38,172,1186,-497,11
2,38,173,1160,-335,371
2,38,173,1176,-497,11
2,38,173,1252,-447,0
2,38,174,1176,-500,0
2,38,174,1187,-500,0
2,38,175,1194,-433,108
2,38,176,1180,-471,0
2,38,176,1196,-439,87
2,38,176,1197,-441,76
2,38,176,1207,-361,345
2,38,177,1179,-471,0
2,38,178,1179,-471,10
2,38,178,1180,-471,10
2,38,178,1181,-471,10
2,38,179,1187,-500,0
2,38,180,1192,-500,0
2,38,181,1183,-444,0
2,38,181,1184,-444,0
2,38,181,1185,-444,0
2,38,181,1187,-500,0
2,38,181,1191,-498,37
2,38,181,1192,-500,0
2,38,181,1192,-498,-37
2,38,181,1196,-466,81
2,38,182,1181,-490,97
2,38,182,1183,-444,10
2,38,182,1184,-444,0
2,38,182,1184,-444,10
2,38,182,1185,-444,-10
2,38,183,1171,-335,371
2,38,183,1182,-444,10
2,38,184,1186,-418,0
2,38,184,1187,-418,0
2,38,185,1167,-335,371
2,38,185,1175,-359,343
2,38,185,1175,-351,351
2,38,185,1176,-359,343
2,38,185,1176,-351,351
2,38,185,1177,-359,343
2,38,185,1177,-351,351
2,38,185,1178,-359,343
2,38,185,1178,-351,351
2,38,185,1179,-359,343
2,38,185,1179,-351,351
2,38,185,1180,-351,351
2,38,185,1181,-359,343
2,38,185,1181,-351,351
2,38,185,1182,-359,343
2,38,185,1182,-351,351
2,38,185,1183,-359,343
2,38,185,1183,-351,351
2,38,185,1184,-359,343
2,38,185,1184,-351,351
2,38,185,1185,-359,343
2,38,185,1185,-351,351
2,38,185,1186,-418,0
2,38,185,1186,-359,343
2,38,185,1186,-351,351
2,38,185,1187,-444,0
2,38,185,1187,-359,343
2,38,185,1187,-351,351
2,38,185,1188,-359,343
2,38,185,1188,-351,351
2,38,185,1189,-359,343
2,38,185,1189,-351,351
2,38,185,1190,-359,343
2,38,185,1190,-351,351
2,38,185,1191,-351,351
2,38,185,1192,-359,343
2,38,185,1192,-351,351
2,38,185,1193,-359,343
2,38,185,1193,-351,351
2,38,185,1194,-359,343
2,38,185,1194,-351,351
2,38,185,1195,-359,343
2,38,185,1195,-351,351
2,38,185,1196,-478,-144
2,38,185,1196,-351,351
2,38,185,1197,-359,343
2,38,185,1197,-351,351
2,38,185,1198,-359,343
2,38,185,1198,-351,351
2,38,185,1199,-359,343
2,38,185,1199,-351,351
2,38,185,1200,-359,343
2,38,185,1200,-351,351
2,38,185,1201,-359,343
2,38,185,1201,-351,351
2,38,185,1202,-351,351
2,38,185,1203,-351,351
2,38,185,1204,-359,343
2,38,185,1204,-351,351
2,38,186,1167,-344,358
2,38,186,1174,-359,343
2,38,186,1182,-378,326
2,38,186,1185,-500,0
2,38,186,1185,-418,21
2,38,186,1186,-418,0
2,38,186,1186,-418,21
2,38,186,1187,-500,0
2,38,186,1188,-418,0
2,38,186,1189,-418,0
2,38,186,1197,-359,343
2,38,187,1181,-494,74
2,38,187,1184,-446,43
2,38,187,1185,-418,21
2,38,187,1187,-444,0
2,38,187,1189,-418,-21
2,38,187,1190,-418,0
2,38,187,1194,-495,-37
2,38,188,1180,-490,97
2,38,188,1180,-340,325
2,38,188,1181,-492,85
2,38,188,1181,-340,325
2,38,188,1182,-340,325
2,38,188,1183,-446,43
2,38,188,1183,-340,325
2,38,188,1184,-340,325
2,38,188,1185,-340,325
2,38,188,1186,-340,325
2,38,188,1187,-500,0
2,38,188,1187,-444,0
2,38,188,1187,-440,0
2,38,188,1187,-418,0
2,38,188,1187,-340,325
2,38,188,1188,-500,0
2,38,188,1188,-340,325
2,38,188,1189,-340,325
2,38,188,1190,-418,0
2,38,188,1191,-340,325
2,38,188,1192,-340,325
2,38,188,1193,-340,325
2,38,188,1194,-340,325
2,38,188,1195,-340,325
2,38,188,1197,-340,325
2,38,188,1199,-340,325
2,38,188,1201,-340,325
2,38,189,1180,-488,109
2,38,189,1181,-492,85
2,38,189,1182,-470,57
2,38,189,1185,-392,8
2,38,189,1186,-392,0
2,38,189,1187,-447,0
2,38,189,1187,-418,0
2,38,189,1190,-418,-21
2,38,189,1190,-418,-10
2,38,190,1174,-371,335
2,38,190,1178,-371,335
2,38,190,1180,-492,85
2,38,190,1180,-371,335
2,38,190,1183,-472,46
2,38,190,1183,-446,43
2,38,190,1185,-414,9
2,38,190,1187,-371,335
2,38,190,1189,-371,335
2,38,190,1190,-418,-10
2,38,190,1195,-371,335
2,38,190,1201,-371,335
2,38,191,1180,-494,74
2,38,191,1181,-494,74
2,38,191,1189,-500,0
2,38,194,1192,-500,0
2,38,198,1220,-500,0
2,38,199,1248,-500,0
2,39,78,1317,-217,-326
2,39,78,1351,74,-494
2,39,82,1317,33,-446
2,39,82,1319,0,-395
2,39,83,1317,7,-157
2,39,83,1321,-324,-173
2,39,83,1322,-251,-167
2,39,84,1307,0,0
2,39,84,1323,0,-500
2,39,86,1332,-144,-478
2,39,89,1342,-144,-478
2,39,90,1339,-159,-446
2,39,91,1323,-500,0
2,39,91,1339,-191,-462
2,39,93,1323,-500,0
2,39,93,1323,-485,0
2,39,93,1338,-277,-416
2,39,93,1339,-246,-435
2,39,94,1336,-248,-337
2,39,95,1229,-25,-6
2,39,95,1335,-345,-361
2,39,95,1339,-287,-408
2,39,96,1338,-326,-378
2,39,97,1230,0,178
2,39,97,1336,-361,-345
2,39,100,1332,-416,-277
2,39,106,1227,-23,234
2,39,106,1227,0,0
2,39,107,1178,0,433
2,39,107,1198,0,473
2,39,107,1205,0,421
2,39,107,1225,-10,196
2,39,110,1219,-63,229
2,39,116,1227,-231,-46
2,39,116,1312,-319,-275
2,39,117,1235,72,-108
2,39,122,1192,-296,402
2,39,129,1208,-339,-292
2,39,131,1226,-190,-404
2,39,133,1226,-201,-400
2,39,133,1226,-129,-257
2,39,134,1204,275,83
2,39,134,1228,-142,-283
2,39,136,1231,25,-207
2,39,139,1176,0,500
2,39,139,1187,-156,474
2,39,139,1200,0,314
2,39,139,1205,0,421
2,39,139,1213,0,209
2,39,139,1218,0,26
2,39,139,1225,-26,-2
2,39,139,1225,-26,-1
2,39,139,1231,-74,-138
2,39,139,1231,0,0
2,39,139,1232,-74,-138
2,39,139,1232,0,0
2,39,139,1233,-74,-138
2,39,139,1235,-203,-142
2,39,139,1235,-74,-138
2,39,139,1235,0,-130
2,39,143,1193,-97,490
2,39,143,1257,285,190
2,39,143,1257,300,200
2,39,144,1188,-85,492
2,39,144,1194,-121,484
2,39,144,1253,372,248
2,39,145,1187,-132,482
2,39,146,1173,-74,494
2,39,146,1179,-121,484
2,39,146,1232,-182,-17
2,39,146,1244,338,33
2,39,148,1177,-121,484
2,39,148,1178,-121,484
2,39,148,1180,-121,484
2,39,148,1208,-108,433
2,39,148,1221,-121,403
2,39,148,1230,-108,433
2,39,148,1232,-108,433
2,39,148,1233,-108,433
2,39,149,1182,-121,484
2,39,149,1217,-140,424
2,39,150,1181,-132,482
2,39,150,1232,-129,428
2,39,152,1204,-182,408
2,39,152,1227,239,159
2,39,152,1264,-289,87
2,39,153,1222,-144,478
2,39,153,1268,-287,0
2,39,154,1222,-167,470
2,39,154,1232,-192,432
2,39,154,1244,-227,322
2,39,155,1206,-344,358
2,39,155,1219,-287,408
2,39,155,1249,-248,273
2,39,156,1186,-361,345
2,39,156,1201,-306,394
2,39,156,1241,-242,343
2,39,156,1245,-242,311
2,39,156,1247,-132,126
2,39,156,1247,-96,123
2,39,157,1242,-242,343
2,39,158,1229,-172,200
2,39,158,1236,-202,337
2,39,158,1261,-176,194
2,39,159,1241,-250,339
2,39,159,1243,-275,319
2,39,160,1227,-195,215
2,39,160,1231,-194,249
2,39,160,1244,-283,312
2,39,160,1244,-25,260
2,39,160,1248,0,-314
2,39,161,1219,-361,345
2,39,161,1237,-272,386
2,39,161,1237,-266,360
2,39,161,1242,-300,332
2,39,161,1242,-283,312
2,39,161,1247,-227,216
2,39,162,1199,-451,212
2,39,162,1225,-212,234
2,39,162,1246,231,170
2,39,163,1193,-326,378
2,39,163,1226,-326,378
2,39,163,1227,-326,378
2,39,163,1230,-291,304
2,39,163,1233,-345,361
2,39,163,1238,-283,346
2,39,163,1239,-309,358
2,39,163,1241,-314,314
2,39,164,1198,-345,361
2,39,164,1238,-318,351
2,39,164,1238,-309,358
2,39,165,1226,-300,332
2,39,165,1227,-309,323
2,39,165,1230,-287,408
2,39,166,1233,-300,366
2,39,166,1236,-309,358
2,39,166,1245,-395,-9
2,39,166,1263,-283,-189
2,39,167,1222,-267,421
2,39,167,1225,-361,345
2,39,167,1226,-361,345
2,39,167,1227,-361,345
2,39,167,1232,-361,345
2,39,167,1257,-395,-9
2,39,168,1189,-353,353
2,39,168,1223,-318,351
2,39,168,1225,-345,361
2,39,168,1227,-345,361
2,39,168,1231,-500,0
2,39,168,1232,-345,361
2,39,168,1232,-316,386
2,39,169,1232,-335,371
2,39,169,1233,-335,371
2,39,169,1234,-326,378
2,39,170,1255,-419,-31
2,39,170,1257,-421,0
2,39,170,1265,-136,-254
2,39,171,1220,-335,371
2,39,171,1221,-361,345
2,39,171,1224,-345,361
2,39,171,1225,-345,361
2,39,171,1226,-378,326
2,39,171,1258,-419,-31
2,39,171,1268,0,-497
2,39,171,1268,0,-366
2,39,171,1268,0,-261
2,39,171,1269,0,-287
2,39,171,1273,-208,-254
2,39,171,1276,0,-444
2,39,171,1276,0,-418
2,39,171,1280,0,-500
2,39,171,1280,0,-444
2,39,171,1281,0,-500
2,39,171,1282,0,-500
2,39,172,1227,-287,408
2,39,172,1241,0,473
2,39,172,1279,-144,-478
2,39,173,1252,-447,0
2,39,173,1281,-85,-492
2,39,174,1218,-353,353
2,39,174,1225,-353,353
2,39,174,1227,-353,353
2,39,174,1228,-353,353
2,39,174,1249,-361,345
2,39,174,1262,-442,66
2,39,175,1216,-345,361
2,39,175,1216,-335,371
2,39,175,1219,-353,353
2,39,175,1220,-371,335
2,39,175,1222,-371,335
2,39,175,1225,-353,353
2,39,175,1227,-353,353
2,39,175,1228,-353,353
2,39,176,1224,-335,371
2,39,176,1231,-361,345
2,39,176,1247,-335,371
2,39,176,1253,-447,-10
2,39,176,1256,-148,449
2,39,177,1252,-473,0
2,39,178,1214,-361,345
2,39,178,1214,-353,353
2,39,178,1215,-361,345
2,39,178,1215,-353,353
2,39,178,1216,-361,345
2,39,178,1216,-353,353
2,39,178,1217,-361,345
2,39,178,1217,-353,353
2,39,178,1218,-371,335
2,39,178,1218,-353,353
2,39,178,1219,-371,335
2,39,178,1220,-361,345
2,39,178,1222,-361,345
2,39,178,1222,-353,353
2,39,178,1223,-345,361
2,39,178,1223,-335,371
2,39,178,1269,-494,-74
2,39,178,1271,-466,-179
2,39,178,1273,-421,-267
2,39,179,1199,-335,371
2,39,179,1216,-287,408
2,39,179,1228,-361,345
2,39,180,1250,-316,386
2,39,180,1251,-361,345
2,39,180,1251,-335,371
2,39,180,1259,-361,345
2,39,180,1282,-277,-416
2,39,180,1284,-236,-441
2,39,181,1214,-353,353
2,39,181,1215,-353,353
2,39,181,1215,-287,408
2,39,181,1219,-353,353
2,39,181,1219,-345,361
2,39,181,1229,-353,353
2,39,181,1229,-345,361
2,39,181,1232,-345,361
2,39,181,1233,-345,361
2,39,181,1237,-345,361
2,39,181,1246,-335,371
2,39,181,1250,-361,345
2,39,181,1250,-335,371
2,39,181,1251,-361,345
2,39,181,1251,-335,371
2,39,182,1201,-361,345
2,39,182,1212,-287,408
2,39,182,1213,-378,326
2,39,182,1215,-378,326
2,39,182,1217,-353,353
2,39,182,1219,-353,353
2,39,182,1219,-345,361
2,39,182,1228,-361,345
2,39,182,1231,-353,353
2,39,182,1232,-353,353
2,39,182,1238,-378,326
2,39,182,1239,-361,345
2,39,182,1249,-326,378
2,39,182,1250,-361,345
2,39,182,1252,-394,262
2,39,183,1194,-335,371
2,39,183,1278,-394,-306
2,39,183,1280,-345,-361
2,39,183,1281,-345,-361
2,39,184,1207,-351,351
2,39,184,1219,-335,371
2,39,184,1225,-353,353
2,39,184,1226,-345,361
2,39,185,1206,-359,343
2,39,185,1206,-351,351
2,39,185,1207,-359,343
2,39,185,1207,-351,351
2,39,185,1208,-361,345
2,39,185,1208,-359,343
2,39,185,1208,-351,351
2,39,185,1209,-359,343
2,39,185,1209,-351,351
2,39,185,1209,-344,358
2,39,185,1210,-359,343
2,39,185,1210,-351,351
2,39,185,1211,-351,351
2,39,185,1212,-359,343
2,39,185,1212,-351,351
2,39,185,1213,-359,343
2,39,185,1213,-351,351
2,39,185,1214,-359,343
2,39,185,1214,-351,351
2,39,185,1215,-359,343
2,39,185,1215,-351,351
2,39,185,1215,-344,358
2,39,185,1216,-359,343
2,39,185,1216,-351,351
2,39,185,1216,-344,358
2,39,185,1217,-359,343
2,39,185,1217,-351,351
2,39,185,1218,-359,343
2,39,185,1218,-351,351
2,39,185,1218,-344,358
2,39,185,1218,-334,368
2,39,185,1219,-359,343
2,39,185,1219,-351,351
2,39,185,1220,-359,343
2,39,185,1220,-351,351
2,39,185,1221,-359,343
2,39,185,1221,-351,351
2,39,185,1225,-353,353
2,39,185,1228,-345,361
2,39,185,1229,-353,353
2,39,185,1229,-345,361
2,39,185,1281,-378,-326
2,39,186,1199,-344,358
2,39,186,1206,-359,343
2,39,186,1207,-344,358
2,39,186,1210,-344,358
2,39,186,1211,-344,358
2,39,186,1212,-344,358
2,39,186,1213,-344,358
2,39,186,1214,-344,358
2,39,186,1215,-344,358
2,39,186,1216,-353,353
2,39,186,1216,-334,368
2,39,186,1221,-359,343
2,39,186,1225,-378,326
2,39,186,1225,-361,345
2,39,186,1228,-345,361
2,39,186,1280,-306,-394
2,39,187,1221,-386,316
2,39,187,1221,-369,333
2,39,187,1221,-359,343
2,39,187,1223,-408,287
2,39,187,1224,-386,316
2,39,187,1226,-394,306
2,39,187,1227,-353,353
2,39,187,1278,-421,-267
2,39,188,1206,-371,335
2,39,188,1207,-340,325
2,39,188,1208,-340,325
2,39,188,1212,-340,325
2,39,188,1215,-340,325
2,39,188,1216,-340,325
2,39,188,1217,-340,325
2,39,188,1218,-340,325
2,39,188,1220,-386,316
2,39,188,1221,-351,351
2,39,188,1225,-394,306
2,39,188,1226,-394,306
2,39,188,1227,-402,296
2,39,188,1228,-408,287
2,39,188,1271,-496,-60
2,39,189,1218,-340,325
2,39,189,1224,-394,306
2,39,189,1248,-500,0
2,39,189,1273,-482,-132
2,39,190,1205,-371,335
2,39,190,1206,-371,335
2,39,190,1208,-371,335
2,39,190,1209,-371,335
2,39,190,1210,-371,335
2,39,190,1211,-371,335
2,39,190,1213,-371,335
2,39,190,1214,-371,335
2,39,190,1216,-371,335
2,39,190,1217,-371,335
2,39,190,1219,-378,326
2,39,190,1221,-378,326
2,39,190,1224,-402,296
2,39,190,1224,-394,306
2,39,190,1226,-408,287
2,39,190,1273,-484,-121
2,39,191,1223,-394,306
2,39,191,1244,-500,0
2,39,191,1252,-500,0
2,39,192,1224,-402,296
2,39,192,1225,-408,287
2,39,193,1248,-500,0
2,39,193,1252,-500,0
2,39,194,1254,-498,-37
2,39,194,1263,-496,60
2,39,195,1252,-500,0
2,39,198,1244,-500,0
2,39,198,1248,-500,0
2,39,198,1252,-500,0
2,39,198,1256,-500,0
2,39,198,1261,-490,97
2,39,199,1248,-500,0
2,66,116,2072,-123,375
2,66,116,2073,-123,375
2,66,123,2078,-202,273
2,66,124,2069,0,421
2,66,125,2059,148,449
2,66,132,2072,95,382
2,66,133,2048,-167,470
2,66,136,2072,27,286
2,66,137,2080,-372,248
2,66,138,2071,19,395
2,66,139,2071,0,407
2,66,141,2065,-17,234
2,66,141,2066,-19,260
2,66,141,2078,-41,340
2,66,141,2109,96,39
2,66,143,2065,-66,442
2,66,143,2067,-62,416
2,66,143,2070,-62,416
2,66,143,2104,111,406
2,66,144,2116,220,-118
2,66,145,2115,294,-66
2,66,146,2094,-297,255
2,66,146,2116,298,-44
2,66,147,2120,135,192
2,66,148,2071,-132,400
2,66,150,2073,-418,223
2,66,151,2059,-137,453
2,66,155,2088,75,-21
2,66,156,2070,-202,337
2,66,156,2119,371,335
2,66,161,2074,-500,0
2,66,162,2081,-216,359
2,66,164,2084,-198,125
2,66,166,2070,-500,0
2,66,167,2071,-500,-25
2,66,167,2086,-404,190
2,66,168,2073,-500,-25
2,66,168,2084,-500,-25
2,66,171,2073,-497,0
2,66,171,2074,-497,0
2,66,171,2088,-425,139
2,66,173,2058,-335,371
2,66,173,2071,-495,36
2,66,173,2083,-495,48
2,66,173,2148,-447,0
2,66,174,2084,-302,0
2,66,174,2086,-442,169
2,66,175,2084,-471,0
2,66,175,2090,-433,108
2,66,176,2059,-353,353
2,66,176,2076,-471,0
2,66,176,2077,-471,0
2,66,176,2083,-500,0
2,66,177,2075,-283,133
2,66,178,2073,-471,23
2,66,178,2076,-471,-24
2,66,180,2088,-500,0
2,66,180,2088,-498,48
2,66,181,2081,-444,0
2,66,181,2083,-500,0
2,66,181,2087,-498,37
2,66,182,2092,-353,353
2,66,184,2068,-392,260
2,66,184,2072,-427,201
2,66,184,2083,-418,0
2,66,185,2079,-335,371
2,66,185,2080,-465,69
2,66,185,2081,-418,0
2,66,185,2082,-359,343
2,66,185,2082,-351,351
2,66,185,2083,-418,9
2,66,185,2083,-359,343
2,66,185,2083,-351,351
2,66,185,2083,-344,358
2,66,185,2084,-418,0
2,66,185,2084,-359,343
2,66,185,2084,-351,351
2,66,185,2085,-359,343
2,66,185,2085,-351,351
2,66,185,2086,-359,343
2,66,185,2086,-351,351
2,66,185,2087,-359,343
2,66,185,2087,-351,351
2,66,185,2088,-359,343
2,66,185,2088,-351,351
2,66,185,2089,-359,343
2,66,185,2089,-351,351
2,66,185,2090,-359,343
2,66,185,2090,-351,351
2,66,185,2091,-359,343
2,66,185,2091,-351,351
2,66,185,2093,-359,343
2,66,185,2093,-351,351
2,66,185,2094,-359,343
2,66,185,2094,-351,351
2,66,185,2095,-361,345
2,66,185,2095,-359,343
2,66,185,2095,-351,351
2,66,185,2096,-359,343
2,66,185,2096,-351,351
2,66,185,2097,-359,343
2,66,185,2097,-351,351
2,66,185,2099,-359,343
2,66,185,2099,-351,351
2,66,186,2070,-398,199
2,66,186,2077,-492,85
2,66,186,2079,-496,60
2,66,186,2079,-344,358
2,66,186,2081,-444,53
2,66,186,2081,-418,21
2,66,186,2082,-438,32
2,66,186,2083,-500,0
2,66,186,2083,-444,10
2,66,186,2084,-500,0
2,66,186,2084,-418,0
2,66,186,2086,-359,343
2,66,186,2086,-344,358
2,66,186,2087,-371,335
2,66,186,2087,-361,345
2,66,186,2087,-359,343
2,66,186,2087,-351,351
2,66,186,2093,-359,343
2,66,187,2081,-417,30
2,66,187,2082,-418,21
2,66,187,2082,-417,30
2,66,187,2083,-500,0
2,66,187,2083,-483,11
2,66,187,2083,-440,10
2,66,187,2083,-366,0
2,66,187,2086,-361,345
2,66,187,2088,-500,0
2,66,187,2147,-470,-167
2,66,188,2079,-340,325
2,66,188,2080,-340,325
2,66,188,2081,-340,325
2,66,188,2082,-418,21
2,66,188,2082,-340,325
2,66,188,2083,-418,9
2,66,188,2083,-340,325
2,66,188,2084,-500,0
2,66,188,2084,-392,0
2,66,188,2084,-340,325
2,66,188,2085,-340,325
2,66,188,2086,-340,325
2,66,188,2087,-340,325
2,66,188,2088,-340,325
2,66,188,2090,-340,325
2,66,188,2091,-340,325
2,66,188,2092,-340,325
2,66,188,2093,-340,325
2,66,188,2094,-340,325
2,66,188,2096,-340,325
2,66,189,2076,-492,85
2,66,189,2076,-488,109
2,66,189,2077,-492,85
2,66,189,2081,-392,8
2,66,189,2082,-392,0
2,66,189,2082,-392,8
2,66,189,2083,-500,25
2,66,189,2083,-418,0
2,66,189,2084,-500,0
2,66,189,2108,-500,0
2,66,190,2076,-490,97
2,66,190,2077,-494,74
2,66,190,2078,-468,70
2,66,190,2081,-392,8
2,66,190,2084,-371,335
2,66,190,2088,-371,335
2,66,190,2092,-371,335
2,66,190,2093,-371,335
2,66,190,2115,-471,-11
2,66,199,2108,-500,0
2,67,116,2219,-485,0
2,67,124,2075,-167,470
2,67,124,2083,-167,470
2,67,124,2219,-433,0
2,67,128,2073,191,462
2,67,130,2075,167,470
2,67,130,2100,313,30
2,67,131,2074,144,478
2,67,133,2072,121,484
2,67,133,2074,121,484
2,67,134,2074,67,386
2,67,139,2076,-25,500
2,67,139,2100,451,212
2,67,139,2101,0,421
2,67,139,2118,-24,9
2,67,139,2122,-25,-46
2,67,139,2128,-74,-138
2,67,139,2128,0,0
2,67,139,2129,0,0
2,67,139,2130,-152,-101
2,67,139,2131,-189,-119
2,67,139,2131,-74,-138
2,67,140,2071,-11,500
2,67,140,2135,108,72
2,67,141,2076,-48,498
2,67,141,2135,176,-117
2,67,141,2154,-16,-211
2,67,141,2164,217,89
2,67,142,2077,-60,496
2,67,142,2112,-38,393
2,67,142,2146,126,34
2,67,142,2164,17,19
2,67,143,2099,-57,469
2,67,143,2131,132,83
2,67,143,2140,282,188
2,67,143,2150,307,204
2,67,144,2071,-60,496
2,67,144,2099,-246,435
2,67,145,2116,-89,357
2,67,145,2144,312,30
2,67,145,2164,-127,200
2,67,145,2164,0,0
2,67,145,2164,20,15
2,67,146,2123,-112,406
2,67,146,2125,-92,464
2,67,146,2138,189,376
2,67,147,2114,-108,433
2,67,147,2116,0,500
2,67,147,2119,-105,381
2,67,147,2164,-10,23
2,67,147,2164,104,0
2,67,148,2078,-121,484
2,67,148,2105,-108,433
2,67,148,2109,-121,484
2,67,148,2120,-98,437
2,67,149,2104,-114,458
2,67,149,2110,-119,431
2,67,149,2128,-119,431
2,67,149,2130,260,25
2,67,150,2100,-121,484
2,67,150,2101,-121,484
2,67,150,2143,471,46
2,67,150,2165,-138,74
2,67,151,2095,-121,484
2,67,151,2101,-132,482
2,67,151,2102,-132,482
2,67,151,2107,-148,449
2,67,151,2107,-137,453
2,67,151,2133,-161,389
2,67,152,2090,-277,416
2,67,152,2095,-121,484
2,67,152,2101,-132,482
2,67,152,2108,-148,449
2,67,153,2090,-277,416
2,67,153,2091,-277,416
2,67,153,2102,-156,474
2,67,154,2091,-179,466
2,67,154,2117,-167,470
2,67,155,2080,-257,429
2,67,155,2092,-144,478
2,67,155,2145,-113,108
2,67,156,2077,-246,435
2,67,156,2087,-441,236
2,67,156,2094,-156,474
2,67,156,2113,-306,394
2,67,156,2118,-287,408
2,67,156,2143,-96,123
2,67,157,2096,-48,498
2,67,157,2124,-335,371
2,67,157,2138,-242,343
2,67,157,2141,-242,311
2,67,157,2148,-184,-22
2,67,158,2089,-212,451
2,67,158,2164,-51,-11
2,67,158,2164,-25,-6
2,67,158,2164,-25,-5
2,67,159,2109,-335,371
2,67,159,2137,-258,332
2,67,159,2137,-250,339
2,67,159,2139,-158,174
2,67,159,2140,-158,174
2,67,159,2148,470,167
2,67,159,2160,175,-263
2,67,160,2133,-257,365
2,67,160,2141,-158,174
2,67,160,2148,-264,-13
2,67,160,2160,-41,419
2,67,160,2164,-51,-10
2,67,161,2111,-335,371
2,67,161,2132,-248,273
2,67,161,2133,-272,386
2,67,161,2133,-266,360
2,67,161,2138,-300,332
2,67,161,2147,-290,0
2,67,162,2120,-500,0
2,67,163,2112,-326,378
2,67,163,2129,-345,361
2,67,163,2132,-291,304
2,67,163,2135,-309,358
2,67,163,2147,-316,-7
2,67,163,2156,108,433
2,67,163,2158,139,424
2,67,164,2132,-300,366
2,67,164,2147,-316,-7
2,67,166,2101,-335,371
2,67,166,2108,-335,371
2,67,166,2148,-342,-8
2,67,167,2121,-361,345
2,67,167,2122,-361,345
2,67,167,2123,-361,345
2,67,167,2124,-361,345
2,67,167,2127,-361,345
2,67,168,2123,-345,361
2,67,168,2150,-394,-29
2,67,170,2150,-419,-41
2,67,171,2118,-361,345
2,67,171,2118,-345,361
2,67,171,2120,-345,361
2,67,171,2121,-345,361
2,67,171,2143,-335,371
2,67,172,2123,-287,408
2,67,172,2154,-387,271
2,67,173,2164,-447,0
2,67,174,2120,-353,353
2,67,175,2155,-439,87
2,67,176,2127,-361,345
2,67,176,2147,-447,0
2,67,176,2147,-148,449
2,67,176,2152,-148,449
2,67,177,2143,-335,371
2,67,178,2110,-353,353
2,67,178,2111,-361,345
2,67,178,2111,-353,353
2,67,178,2112,-361,345
2,67,178,2112,-353,353
2,67,178,2113,-353,353
2,67,178,2114,-353,353
2,67,178,2118,-353,353
2,67,178,2164,-472,46
2,67,179,2112,-287,408
2,67,180,2128,-353,353
2,67,180,2147,-361,345
2,67,180,2150,-361,345
2,67,180,2155,-361,345
2,67,181,2110,-353,353
2,67,181,2111,-353,353
2,67,181,2111,-287,408
2,67,181,2115,-353,353
2,67,181,2147,-361,345
2,67,181,2147,-335,371
2,67,182,2108,-287,408
2,67,182,2125,-353,353
2,67,182,2147,-148,449
2,67,185,2102,-359,343
2,67,185,2102,-351,351
2,67,185,2103,-359,343
2,67,185,2103,-351,351
2,67,185,2104,-359,343
2,67,185,2104,-351,351
2,67,185,2105,-359,343
2,67,185,2105,-351,351
2,67,185,2106,-359,343
2,67,185,2106,-351,351
2,67,185,2107,-351,351
2,67,185,2108,-351,351
2,67,185,2109,-359,343
2,67,185,2109,-351,351
2,67,185,2110,-359,343
2,67,185,2110,-351,351
2,67,185,2111,-351,351
2,67,185,2113,-359,343
2,67,185,2113,-351,351
2,67,185,2114,-334,368
2,67,185,2115,-359,343
2,67,185,2115,-351,351
2,67,185,2115,-334,368
2,67,185,2116,-359,343
2,67,185,2116,-351,351
2,67,185,2117,-359,343
2,67,185,2117,-351,351
2,67,186,2102,-359,343
2,67,186,2104,-371,335
2,67,186,2117,-359,343
2,67,186,2119,-378,326
2,67,187,2117,-369,333
2,67,187,2117,-359,343
2,67,188,2104,-340,325
2,67,188,2108,-340,325
2,67,188,2112,-340,325
2,67,188,2113,-340,325
2,67,188,2114,-340,325
2,67,188,2121,-394,306
2,67,188,2161,-494,74
2,67,189,2123,-408,287
2,67,189,2141,-500,0
2,67,189,2160,-488,109
2,67,190,2101,-371,335
2,67,190,2102,-371,335
2,67,190,2104,-371,335
2,67,190,2106,-371,335
2,67,190,2115,-378,326
2,67,190,2117,-378,326
2,67,190,2119,-402,296
2,67,190,2121,-402,296
2,67,190,2122,-408,287
2,67,190,2149,-498,-37
2,67,190,2164,-500,0
2,67,191,2119,-394,306
2,67,191,2121,-408,287
2,67,192,2121,-408,287
2,67,199,2141,-500,0
2,67,199,2142,-500,-11
2,67,200,2148,-500,0
2,67,201,2151,-498,-37
3,30,128,1012,25,2
3,30,130,1012,26,0
3,30,132,1012,26,0
3,30,132,1012,70,33
3,30,132,1012,283,142
3,30,133,1004,146,-114
3,30,134,1012,-211,394
3,30,134,1012,78,0
3,30,135,1012,-394,306
3,30,135,1012,26,0
3,30,136,1007,-344,132
3,30,137,1005,-70,169
3,30,138,1004,-204,-167
3,30,138,1012,-66,-241
3,30,139,1005,-264,-6
3,30,139,1012,-111,-208
3,30,139,1013,-26,3
3,30,139,1015,0,209
3,30,139,1026,0,-104
3,30,139,1034,0,-421
3,30,139,1037,0,-447
3,30,139,1045,0,-500
3,30,139,1045,0,-473
3,30,140,1007,-372,-132
3,30,140,1025,-337,-41
3,30,142,1010,-400,-132
3,30,142,1024,-70,-281
3,30,143,1011,8,183
3,30,144,1029,-83,-332
3,30,147,1028,-142,-283
3,30,148,1036,-129,-428
3,30,149,1036,-129,-428
3,30,149,1038,-119,-432
3,30,150,1044,-126,-457
3,30,153,1008,-111,268
3,30,153,1061,-156,-474
3,30,154,1007,121,202
3,30,157,1004,86,130
3,30,159,889,25,500
3,30,160,919,0,395
3,30,161,1009,124,233
3,30,162,1004,115,61
3,30,162,1004,141,75
3,30,162,1010,-45,257
3,30,162,1042,-335,-371
3,30,163,1004,-280,76
3,30,163,1008,-141,115
3,30,163,1008,66,201
3,30,163,1010,-128,289
3,30,164,899,0,500
3,30,164,1011,-6,261
3,30,165,1006,161,132
3,30,165,1011,13,261
3,30,166,1049,-335,-371
3,30,167,1005,-49,-19
3,30,168,907,-335,371
3,30,168,1005,-85,59
3,30,168,1011,-100,242
3,30,168,1046,-345,-361
3,30,169,1004,113,108
3,30,169,1006,116,173
3,30,169,1012,-148,263
3,30,170,1013,15,314
3,30,170,1043,-277,-416
3,30,171,1041,-353,-353
3,30,171,1041,-345,-361
3,30,171,1043,-287,-408
3,30,172,1044,-361,-345
3,30,172,1045,-361,-345
3,30,173,1047,-287,-408
3,30,174,1041,-345,-361
3,30,174,1047,-287,-408
3,30,175,1040,-371,-335
3,30,175,1042,-345,-361
3,30,175,1042,-335,-371
3,30,176,1033,-345,-361
3,30,176,1039,-353,-353
3,30,176,1040,-353,-353
3,30,176,1040,-345,-361
3,30,177,1033,-335,-371
3,30,177,1037,-345,-361
3,30,177,1040,-345,-361
3,30,177,1044,-345,-361
3,30,178,1033,-335,-371
3,30,178,1037,-345,-361
3,30,178,1040,-345,-361
3,30,178,1044,-353,-353
3,30,178,1045,-345,-361
3,30,178,1045,-335,-371
3,30,178,1046,-335,-371
3,30,178,1048,-345,-361
3,30,178,1048,-335,-371
3,30,179,1033,-335,-371
3,30,179,1037,-353,-353
3,30,179,1037,-345,-361
3,30,179,1037,-335,-371
3,30,179,1040,-345,-361
3,30,179,1043,-361,-345
3,30,179,1044,-361,-345
3,30,180,1040,-345,-361
3,30,180,1044,-353,-353
3,30,180,1046,-353,-353
3,30,181,1049,-345,-361
3,30,183,1036,-160,-417
3,30,183,1039,-159,-446
3,30,183,1044,-353,-353
3,30,188,1052,0,-500
3,30,190,1001,-271,-104
3,30,190,1044,-353,-353
3,30,191,1028,-266,-326
3,30,193,1002,-298,-106
3,30,193,1022,-261,-261
3,30,193,1025,-365,-257
3,30,194,1011,-350,-115
3,30,195,934,-349,186
3,30,195,934,-344,194
3,30,195,1047,-353,-353
3,30,196,1014,-369,-142
3,30,196,1047,-345,-361
3,30,196,1048,-345,-361
3,30,197,1011,-381,-105
3,30,197,1012,-378,-114
3,30,198,1030,-323,-309
3,30,198,1050,-351,-351
3,30,199,1005,-344,-132
3,30,199,1051,-344,-359
3,30,200,1000,-260,19
3,30,201,1050,-359,-344
3,30,202,1015,-484,-121
3,30,202,1022,-361,-345
3,30,203,927,-384,230
3,30,203,990,-415,72
3,30,203,996,-421,0
3,30,204,1001,-209,10
3,30,204,1013,-462,-103
3,30,204,1014,-459,-114
3,30,204,1015,-484,-121
3,30,205,996,-447,0
3,30,205,996,-446,33
3,30,205,1002,-261,0
3,30,205,1003,-447,0
3,30,205,1005,-261,-6
3,30,205,1012,-462,-103
3,30,205,1015,-484,-121
3,30,205,1017,-417,-160
3,30,205,1019,-492,-85
3,30,206,1005,-234,-17
3,30,206,1015,-484,-121
3,30,207,1000,-234,17
3,30,208,996,-473,0
3,30,208,999,-208,15
3,30,208,1037,-335,-371
3,30,209,996,-473,0
3,30,209,1015,-484,-121
3,30,209,1017,-361,-345
3,30,209,1021,-287,-408
3,30,209,1026,-335,-371
3,30,211,1021,-148,-450
3,30,213,994,-473,10
3,30,213,995,-473,0
3,30,213,996,-473,0
3,30,213,1017,-484,-121
3,30,213,1043,-345,-361
3,30,214,1015,-488,-109
3,30,215,1018,-484,-121
3,30,216,1017,-371,-335
3,30,218,1017,-361,-345
3,30,219,1018,-484,-121
3,30,219,1019,-482,-132
3,30,220,1021,-361,-345
3,30,220,1021,-306,-394
3,30,223,1007,-470,-167
3,30,228,1009,-470,-167
3,40,80,1362,41,-337
3,40,88,1324,239,159
3,40,104,1354,0,-314
3,40,107,1384,0,-500
3,40,108,1347,0,-342
3,40,108,1354,0,-395
3,40,108,1358,0,-421
3,40,108,1361,0,-473
3,40,116,1343,0,-264
3,40,116,1348,0,-316
3,40,122,1376,0,-500
3,40,132,1365,0,-473
3,40,133,1236,-78,236
3,40,136,1355,0,-421
3,40,139,1209,25,500
3,40,139,1229,0,380
3,40,139,1231,0,340
3,40,139,1231,0,366
3,40,139,1232,0,407
3,40,139,1234,0,447
3,40,139,1237,0,421
3,40,139,1244,0,369
3,40,139,1254,-5,25
3,40,139,1255,-9,24
3,40,139,1256,-21,15
3,40,139,1256,-16,19
3,40,139,1258,0,209
3,40,139,1259,-121,-33
3,40,139,1261,-26,-2
3,40,139,1261,0,183
3,40,140,1237,-21,421
3,40,140,1246,-5,104
3,40,140,1250,-61,202
3,40,141,1233,-33,445
3,40,141,1246,-41,181
3,40,141,1247,-56,204
3,40,141,1261,-253,-69
3,40,142,1231,-148,449
3,40,142,1247,-57,230
3,40,142,1259,-262,-19
3,40,142,1259,-260,-32
3,40,142,1259,-57,230
3,40,142,1261,-466,-81
3,40,143,1220,-121,484
3,40,143,1249,-84,278
3,40,143,1249,-63,283
3,40,143,1254,-225,183
3,40,144,1245,-83,332
3,40,146,1385,0,-500
3,40,147,1242,-114,378
3,40,147,1267,108,-113
3,40,148,1252,-262,394
3,40,148,1344,-319,-275
3,40,149,1212,-121,484
3,40,150,1216,-167,470
3,40,150,1227,-126,457
3,40,150,1239,-161,389
3,40,151,1237,-151,393
3,40,151,1260,-273,154
3,40,151,1369,-361,-345
3,40,152,1266,-128,-165
3,40,152,1267,96,-124
3,40,152,1267,187,-100
3,40,153,1260,-57,-255
3,40,156,1343,0,-264
3,40,156,1365,0,-473
3,40,156,1367,0,-500
3,40,156,1379,0,-500
3,40,159,1249,-291,263
3,40,159,1254,-149,105
3,40,159,1260,0,158
3,40,159,1265,-57,53
3,40,161,1249,-246,271
3,40,161,1256,-128,-289
3,40,161,1265,-299,-258
3,40,163,1258,-122,-260
3,40,163,1266,121,-99
3,40,164,1223,-335,371
3,40,164,1265,189,-95
3,40,164,1266,116,-174
3,40,164,1355,0,-421
3,40,164,1360,0,-447
3,40,164,1369,0,-392
3,40,164,1371,0,-444
3,40,165,1255,-131,-317
3,40,165,1257,-130,-260
3,40,166,1222,-335,371
3,40,166,1259,-141,-281
3,40,167,1222,-316,386
3,40,167,1226,-345,361
3,40,167,1227,-345,361
3,40,167,1228,-345,361
3,40,167,1267,117,-63
3,40,167,1354,0,-421
3,40,168,1226,-345,361
3,40,168,1227,-345,361
3,40,168,1248,-377,239
3,40,168,1260,-25,-260
3,40,170,1250,-361,345
3,40,170,1255,-131,-317
3,40,170,1262,-137,-256
3,40,170,1361,8,-369
3,40,171,1225,-361,345
3,40,171,1226,-361,345
3,40,171,1227,-361,345
3,40,171,1250,-361,345
3,40,171,1347,0,-183
3,40,171,1358,0,-342
3,40,171,1385,0,-500
3,40,172,1244,-500,0
3,40,172,1251,-148,449
3,40,172,1322,184,-99
3,40,173,1224,-277,416
3,40,173,1225,-335,371
3,40,173,1226,-335,371
3,40,174,1230,-371,335
3,40,174,1236,-345,361
3,40,174,1239,-345,361
3,40,174,1240,-345,361
3,40,174,1243,-345,361
3,40,174,1250,-237,247
3,40,174,1359,-20,-208
3,40,175,1226,-345,361
3,40,175,1226,-335,371
3,40,175,1227,-345,361
3,40,175,1234,-353,353
3,40,175,1239,-345,361
3,40,175,1240,-345,361
3,40,175,1243,-345,361
3,40,176,1223,-335,371
3,40,176,1224,-335,371
3,40,176,1225,-335,371
3,40,176,1226,-335,371
3,40,176,1227,-335,371
3,40,176,1236,-345,361
3,40,176,1239,-345,361
3,40,176,1246,-335,371
3,40,176,1252,-212,234
3,40,177,1224,-353,353
3,40,177,1225,-353,353
3,40,177,1233,-345,361
3,40,177,1236,-345,361
3,40,178,1225,-335,371
3,40,178,1226,-353,353
3,40,178,1226,-345,361
3,40,178,1226,-335,371
3,40,178,1227,-353,353
3,40,178,1227,-345,361
3,40,178,1227,-335,371
3,40,178,1228,-345,361
3,40,178,1229,-353,353
3,40,178,1231,-353,353
3,40,178,1232,-353,353
3,40,178,1233,-345,361
3,40,178,1235,-345,361
3,40,178,1236,-345,361
3,40,178,1243,-345,361
3,40,179,1223,-335,371
3,40,179,1229,-361,345
3,40,179,1229,-353,353
3,40,179,1235,-361,345
3,40,179,1235,-345,361
3,40,179,1235,-335,371
3,40,179,1236,-353,353
3,40,179,1236,-345,361
3,40,179,1242,-361,345
3,40,179,1242,-345,361
3,40,179,1243,-345,361
3,40,179,1252,-151,144
3,40,179,1252,-116,141
3,40,179,1253,-151,144
3,40,179,1253,-132,161
3,40,180,1228,-361,345
3,40,180,1229,-361,345
3,40,180,1229,-353,353
3,40,180,1236,-353,353
3,40,180,1251,-136,158
3,40,180,1252,-151,144
3,40,180,1252,-136,158
3,40,180,1356,-129,-428
3,40,181,1226,-353,353
3,40,181,1230,-353,353
3,40,181,1238,-345,361
3,40,183,1241,-333,332
3,40,184,1226,-345,361
3,40,184,1353,365,-151
3,40,185,1246,-227,216
3,40,185,1246,-217,226
3,40,185,1246,-205,237
3,40,186,1243,-219,328
3,40,187,1260,-407,111
3,40,188,1305,48,148
3,40,188,1338,-409,-182
3,40,188,1344,-250,-305
3,40,189,1244,-500,0
3,40,194,1253,-337,202
3,40,194,1316,-342,0
3,40,194,1350,-374,-290
3,40,195,1239,-215,262
3,40,195,1313,-366,44
3,40,196,1259,-273,89
3,40,196,1345,-319,-275
3,40,197,1258,-372,132
3,40,197,1333,-372,-132
3,40,198,1254,-377,189
3,40,198,1350,-323,-309
3,40,199,1352,-345,-361
3,40,199,1352,-316,-316
3,40,200,1258,-403,121
3,40,200,1316,-395,0
3,40,200,1345,-323,-309
3,40,200,1352,-323,-309
3,40,201,1259,-403,121
3,40,201,1260,-408,101
3,40,201,1260,-407,111
3,40,201,1337,-414,-171
3,40,201,1339,-400,-201
3,40,201,1345,-441,-236
3,40,202,1254,-409,181
3,40,202,1255,-414,171
3,40,202,1270,-421,0
3,40,202,1320,-421,0
3,40,202,1353,-500,11
3,40,203,1254,-414,171
3,40,204,1225,-353,353
3,40,204,1325,-421,-10
3,40,204,1326,-234,-17
3,40,204,1329,-441,-76
3,40,204,1330,-439,-87
3,40,204,1333,-360,-80
3,40,204,1353,-359,-309
3,40,204,1355,-421,-267
3,40,204,1355,-361,-345
3,40,205,1331,-437,-98
3,40,206,1236,-345,361
3,40,206,1244,-307,204
3,40,206,1256,-425,139
3,40,206,1311,-287,21
3,40,206,1352,-500,0
3,40,207,1248,-345,361
3,40,207,1329,-313,-47
3,40,209,1229,-345,361
3,40,209,1230,-353,353
3,40,209,1230,-345,361
3,40,209,1273,-473,0
3,40,209,1316,-473,0
3,40,209,1326,-473,-24
3,40,209,1336,-484,-121
3,40,210,1227,-345,361
3,40,210,1230,-353,353
3,40,210,1237,-345,361
3,40,211,1230,-361,345
3,40,212,1229,-361,345
3,40,212,1244,-500,0
3,40,213,1243,-371,335
3,40,213,1258,-464,92
3,40,213,1259,-464,92
3,40,213,1264,-472,35
3,40,213,1269,-473,0
3,40,213,1274,-394,262
3,40,213,1276,-473,0
3,40,213,1283,-473,0
3,40,213,1284,-473,0
3,40,213,1288,-473,0
3,40,213,1295,-473,0
3,40,213,1312,-473,0
3,40,213,1316,-473,0
3,40,213,1329,-470,-57
3,40,214,1253,-353,353
3,40,216,1252,-500,0
3,40,217,1248,-500,0
3,40,217,1341,-361,-345
3,40,218,1251,-500,0
3,40,220,1266,-441,236
3,40,221,1263,-429,257
3,40,221,1324,-447,-224
3,40,222,1252,-500,0
3,40,223,1257,-500,0
3,40,223,1311,-500,11
3,40,224,1259,-498,-37
3,40,224,1264,-441,236
3,40,225,1261,-429,257
3,40,226,1293,-498,-37
4,68,139,2133,0,421
4,68,139,2144,-283,188
4,68,139,2151,0,52
4,68,139,2154,-14,21
4,68,139,2155,-24,9
4,68,139,2156,-21,-14
4,68,139,2159,0,0
4,68,140,2133,-21,421
4,68,140,2146,-124,347
4,68,140,2154,-15,21
4,68,141,2129,-33,445
4,68,142,2147,-311,37
4,68,147,2159,-31,-207
4,68,148,2151,-221,-79
4,68,149,2150,-193,-213
4,68,150,2156,-51,-256
4,68,151,2153,46,-310
4,68,152,2163,-23,-12
4,68,154,2151,-98,-325
4,68,154,2156,-57,-255
4,68,154,2159,63,-230
4,68,154,2161,31,-180
4,68,155,2160,17,-185
4,68,155,2161,21,-182
4,68,156,2151,-114,-320
4,68,156,2152,-106,-323
4,68,156,2155,0,209
4,68,156,2156,-57,-255
4,68,156,2157,-74,-226
4,68,156,2160,17,-182
4,68,156,2162,86,-130
4,68,156,2163,99,-121
4,68,157,2160,17,-182
4,68,157,2161,69,-169
4,68,159,2144,-151,144
4,68,159,2152,-232,-40
4,68,160,2108,0,500
4,68,160,2130,0,447
4,68,160,2135,0,395
4,68,160,2162,-173,-121
4,68,162,2152,-233,-28
4,68,162,2156,-285,-190
4,68,162,2161,149,-105
4,68,167,2157,-45,-257
4,68,167,2162,-49,18
4,68,170,2138,-339,291
4,68,170,2153,-235,0
4,68,171,2119,-361,345
4,68,173,2116,-335,371
4,68,174,2123,-353,353
4,68,174,2163,126,-34
4,68,175,2117,-353,353
4,68,175,2118,-353,353
4,68,175,2119,-353,353
4,68,175,2161,17,-182
4,68,176,2116,-277,416
4,68,177,2120,-353,353
4,68,178,2116,-353,353
4,68,178,2150,-96,123
4,68,178,2154,-344,132
4,68,178,2155,-407,111
4,68,179,2112,-287,408
4,68,179,2162,101,-152
4,68,180,2117,-353,353
4,68,180,2118,-353,353
4,68,180,2147,-170,162
4,68,180,2147,-153,178
4,68,180,2148,-170,162
4,68,180,2148,-153,178
4,68,180,2153,-425,139
4,68,181,2112,-296,402
4,68,181,2116,-345,361
4,68,181,2117,-345,361
4,68,181,2118,-353,353
4,68,181,2118,-345,361
4,68,181,2146,-176,194
4,68,181,2146,-170,162
4,68,181,2147,-170,162
4,68,181,2236,-400,-201
4,68,182,2145,-176,194
4,68,182,2146,-176,194
4,68,182,2157,-356,98
4,68,183,2121,-353,353
4,68,183,2144,-193,213
4,68,184,2116,-344,358
4,68,184,2121,-353,353
4,68,185,2114,-334,368
4,68,185,2115,-344,358
4,68,185,2115,-334,368
4,68,185,2116,-344,358
4,68,185,2117,-344,358
4,68,185,2121,-353,353
4,68,185,2151,-393,151
4,68,185,2155,-375,123
4,68,186,2116,-344,358
4,68,186,2121,-353,353
4,68,186,2140,-353,274
4,68,186,2156,-381,104
4,68,187,2101,0,500
4,68,187,2121,-353,353
4,68,187,2146,0,238
4,68,187,2155,-407,111
4,68,188,2121,-353,353
4,68,188,2147,-170,162
4,68,188,2148,-170,162
4,68,189,2121,-353,353
4,68,189,2132,-345,361
4,68,189,2145,0,183
4,68,189,2150,-417,160
4,68,189,2161,-339,50
4,68,190,2117,-344,358
4,68,190,2121,-353,353
4,68,190,2135,-366,299
4,68,191,2117,-344,358
4,68,191,2121,-353,353
4,68,192,2117,-344,358
4,68,192,2121,-353,353
4,68,192,2140,-400,253
4,68,192,2141,0,78
4,68,193,2121,-353,353
4,68,194,2115,-333,332
4,68,194,2121,-353,353
4,68,194,2153,-428,129
4,68,195,2117,-344,358
4,68,195,2121,-353,353
4,68,195,2155,-407,111
4,68,196,2117,-344,358
4,68,196,2121,-353,353
4,68,196,2150,-442,169
4,68,196,2151,-446,158
4,68,197,2121,-353,353
4,68,197,2151,-450,148
4,68,197,2155,-462,103
4,68,198,2121,-353,353
4,68,198,2152,-457,125
4,68,199,2121,-353,353
4,68,200,2117,-344,358
4,68,200,2121,-353,353
4,68,201,2117,-344,358
4,68,201,2121,-353,353
4,68,202,2121,-353,353
4,68,202,2148,104,0
4,68,203,2121,-353,353
4,68,203,2154,-408,287
4,68,204,2117,-351,351
4,68,204,2117,-344,358
4,68,204,2121,-353,353
4,68,205,2117,-344,358
4,68,205,2121,-353,353
4,68,205,2146,-176,194
4,68,205,2147,-170,162
4,68,205,2155,-462,103
4,68,206,2121,-353,353
4,68,207,2117,-359,343
4,68,207,2121,-353,353
4,68,207,2144,-498,37
4,68,207,2149,-482,132
4,68,208,2121,-353,353
4,68,209,2121,-353,353
4,68,210,2121,-353,353
4,68,210,2146,-470,167
4,68,211,2117,-344,358
4,68,211,2121,-353,353
4,68,212,2121,-353,353
4,68,212,2148,-482,132
4,68,213,2117,-344,358
4,68,213,2121,-353,353
4,68,214,2116,-351,351
4,68,214,2121,-353,353
4,68,215,2121,-353,353
4,68,217,2132,-345,361
4,68,217,2143,-414,275
4,68,218,2121,-353,353
4,68,219,2121,-353,353
4,68,220,2121,-353,353
4,68,221,2121,-353,353
4,68,223,2121,-353,353
4,68,224,2121,-353,353
4,68,225,2121,-353,353
4,68,227,2121,-353,353
4,68,232,2117,-353,353
4,68,232,2157,-468,70
4,68,239,2155,-462,103
4,68,261,2163,-500,0
4,68,263,2164,-500,0
4,68,265,2164,-500,0
6,68,187,2146,0,238
6,68,188,2133,0,421
6,68,203,2133,0,421
6,68,208,2163,138,-74
6,68,212,2110,156,474
6,68,215,2148,0,133
6,68,216,2106,38,391
6,68,217,2107,0,366
6,68,217,2107,38,391
6,68,217,2108,28,391
6,68,217,2109,28,391
6,68,217,2109,38,391
6,68,217,2146,0,183
6,68,218,2109,26,364
6,68,218,2110,38,391
6,68,218,2111,28,391
6,68,218,2123,361,345
6,68,219,2110,19,392
6,68,219,2110,22,444
6,68,219,2111,22,444
6,68,219,2132,0,209
6,68,219,2142,0,235
6,68,220,2102,0,500
6,68,220,2103,0,500
6,68,220,2106,0,500
6,68,220,2112,23,471
6,68,220,2113,23,471
6,68,220,2123,0,500
6,68,220,2140,0,369
6,68,220,2146,0,238
6,68,220,2147,-170,162
6,68,221,2163,86,-130
6,68,223,2163,138,-74
6,68,224,2106,0,340
6,68,224,2107,0,405
6,68,224,2108,-19,387
6,68,224,2108,0,387
6,68,224,2108,0,390
6,68,224,2108,0,419
6,68,224,2108,0,500
6,68,224,2109,-19,387
6,68,224,2109,0,387
6,68,224,2110,0,366
6,68,224,2110,0,387
6,68,224,2111,0,390
6,68,224,2114,0,392
6,68,224,2144,0,235
6,68,224,2149,-32,126
6,68,224,2150,-35,98
6,68,225,2106,0,340
6,68,225,2109,-20,392
6,68,225,2110,-18,366
6,68,225,2143,-51,256
6,68,225,2147,-53,175
6,68,225,2147,-27,180
6,68,226,2106,-29,393
6,68,226,2106,0,340
6,68,226,2110,-27,364
6,68,227,2106,0,340
6,68,227,2110,-44,363
6,68,227,2110,-35,364
6,68,227,2142,-96,270
6,68,227,2142,-90,273
6,68,227,2142,-69,278
6,68,227,2143,-117,262
6,68,227,2143,-96,270
6,68,227,2148,-75,195
6,68,227,2162,101,-152
6,68,228,2106,0,340
6,68,228,2110,-54,362
6,68,228,2110,-44,363
6,68,228,2142,-117,262
6,68,228,2147,-170,162
6,68,229,2106,0,340
6,68,229,2109,-71,358
6,68,229,2110,-54,362
6,68,229,2138,-114,319
6,68,230,2106,0,340
6,68,230,2109,-80,357
6,68,230,2145,-176,194
6,68,231,2106,0,340
6,68,231,2109,-89,354
6,68,231,2113,-85,383
6,68,232,2106,0,340
6,68,233,2106,0,340
6,68,233,2109,-80,357
6,68,234,2106,0,340
6,68,234,2109,-97,353
6,68,235,2106,0,340
6,68,236,2106,0,340
6,68,236,2108,-123,344
6,68,237,2106,0,340
6,68,237,2108,-123,344
6,68,237,2118,0,418
6,68,238,2106,0,340
6,68,238,2108,-132,341
6,68,238,2121,-353,353
6,68,239,2106,0,340
6,68,239,2108,-132,341
6,68,239,2121,-353,353
6,68,240,2106,0,340
6,68,240,2107,0,340
6,68,240,2108,-140,339
6,68,240,2121,-353,353
6,68,240,2142,0,261
6,68,240,2143,0,261
6,68,240,2144,0,235
6,68,240,2145,0,235
6,68,240,2147,0,183
6,68,240,2149,0,130
6,68,240,2149,0,157
6,68,240,2150,0,104
6,68,241,2106,0,340
6,68,241,2107,0,340
6,68,241,2121,-353,353
6,68,241,2143,-254,230
6,68,241,2149,0,157
6,68,242,2106,0,340
6,68,242,2121,-353,353
6,68,242,2150,-96,123
6,68,243,2106,0,340
6,68,243,2110,-176,351
6,68,243,2117,-344,358
6,68,243,2121,-353,353
6,68,244,2106,0,340
6,68,244,2107,0,340
6,68,244,2110,-193,341
6,68,244,2121,-353,353
6,68,244,2147,-170,162
6,68,245,2106,0,340
6,68,245,2110,-193,341
6,68,245,2117,-344,358
6,68,245,2121,-353,353
6,68,246,2106,0,340
6,68,246,2107,0,340
6,68,246,2112,-232,348
6,68,246,2117,-351,351
6,68,246,2121,-353,353
6,68,247,2106,0,340
6,68,247,2111,-232,348
6,68,247,2112,-232,348
6,68,247,2117,-344,358
6,68,247,2121,-353,353
6,68,248,2106,0,340
6,68,248,2121,-353,353
6,68,248,2142,0,261
6,68,248,2143,0,261
6,68,248,2144,0,235
6,68,248,2147,0,183
6,68,249,2106,0,340
6,68,249,2107,26,364
6,68,249,2113,-273,350
6,68,250,2106,0,340
6,68,250,2107,26,364
6,68,250,2113,-281,343
6,68,250,2114,-281,343
6,68,251,2106,0,340
6,68,251,2113,-283,346
6,68,251,2115,-333,332
6,68,252,2106,0,340
6,68,253,2106,0,340
6,68,253,2107,0,340
6,68,254,2106,0,340
6,68,255,2106,0,340
6,68,256,2106,0,340
6,68,256,2143,0,261
6,68,257,2106,0,340
6,68,258,2106,0,340
6,68,259,2106,0,340
6,68,259,2107,0,340
6,68,260,2106,0,340
6,68,260,2107,0,340
6,68,261,2106,0,340
6,68,261,2107,0,340
6,68,262,2106,0,340
6,68,262,2107,0,340
6,68,263,2106,0,340
6,68,263,2107,0,340
6,68,264,2106,0,340
6,68,264,2107,0,340
6,68,264,2143,0,261
6,68,264,2145,0,235
6,68,264,2149,0,157
6,68,265,2106,0,340
6,68,265,2107,0,340
6,68,265,2107,18,366
6,68,266,2106,0,340
6,68,266,2107,0,340
6,68,267,2105,0,395
6,68,267,2106,0,340
6,68,267,2109,0,366
6,68,267,2144,0,183
6,68,267,2147,0,130
6,68,268,2106,0,340
6,68,268,2108,-8,366
6,68,268,2164,78,1
6,68,268,2164,235,0
6,68,268,2165,99,121
6,68,269,2108,0,366
6,68,269,2117,-351,351
6,68,269,2146,-170,162
6,68,270,2106,0,340
6,68,272,2110,0,366
6,68,274,2111,28,391
6,68,274,2168,290,6
6,68,275,2110,0,366
6,68,276,2109,0,369
6,68,276,2110,0,366
6,68,276,2111,0,366
6,68,276,2167,0,0
6,68,276,2167,5,-25
6,68,294,2117,-359,343
6,68,298,2164,-421,0
6,68,303,2136,-345,361
6,68,305,2164,-457,125
7,69,226,2165,0,421
7,69,250,2156,236,441
7,69,250,2160,484,121
7,69,251,2154,416,277
7,69,251,2161,488,109
7,69,252,2151,236,441
7,69,252,2155,361,345
7,69,252,2159,482,132
7,69,252,2160,488,109
7,69,254,2160,484,121
7,69,254,2161,484,121
7,69,255,2147,296,402
7,69,255,2159,466,179
7,69,256,2152,0,500
7,69,256,2162,484,121
7,69,257,2164,500,0
7,69,259,2164,500,0
7,69,260,2164,500,0
7,69,261,2162,484,121
7,69,261,2163,492,85
7,69,261,2164,201,201
7,69,262,2164,198,198
7,69,263,2147,0,500
7,69,264,2150,0,500
7,69,264,2151,-361,345
7,69,264,2152,0,500
7,69,266,2147,0,500
7,69,266,2147,38,391
7,69,266,2164,135,192
7,69,266,2165,21,421
7,69,267,2165,0,421
7,69,267,2170,0,104
7,69,267,2178,0,26
7,69,267,2180,0,26
7,69,267,2181,-5,25
7,69,267,2182,-5,25
7,69,267,2184,-16,19
7,69,267,2186,-30,-149
7,69,267,2186,-16,19
7,69,267,2186,0,0
7,69,267,2187,-26,-2
7,69,267,2187,0,212
7,69,267,2188,-23,-12
7,69,267,2192,-165,-78
7,69,268,2173,-2,52
7,69,269,2176,-33,341
7,69,270,2183,-76,306
7,69,271,2166,417,223
7,69,271,2168,-67,389
7,69,275,2165,21,421
7,69,276,2147,0,500
7,69,276,2161,0,447
7,69,276,2165,0,421
7,69,276,2192,10,-51
7,69,276,2193,0,0
7,69,278,2147,0,500
7,69,280,2152,0,500
7,69,281,2151,-212,451
7,69,284,2156,-85,492
7,69,285,2154,-326,378
7,69,287,2161,-488,109
7,69,287,2162,-482,132
7,69,287,2164,-500,0
7,69,288,2156,-429,257
7,69,288,2164,-500,0
7,69,289,2157,-451,212
7,69,289,2159,-416,277
7,69,290,2161,-490,97
7,69,290,2161,-484,121
7,69,291,2160,-488,109
7,69,292,2152,-402,296
7,69,320,2253,-264,-13
7,69,322,2230,-315,-23
7,69,323,2253,-289,-28
7,69,331,2222,-419,-31
7,69,333,2220,-447,0
7,69,344,2224,-483,-36
9,68,234,2145,361,345
9,68,250,2164,380,0
9,68,252,2119,378,326
9,68,252,2147,121,-403
9,68,252,2158,-10,-421
9,68,253,2115,353,353
9,68,253,2116,361,345
9,68,253,2117,361,345
9,68,254,2115,353,353
9,68,254,2117,361,345
9,68,254,2118,361,345
9,68,254,2164,161,301
9,68,255,2116,353,353
9,68,255,2118,353,353
9,68,256,2116,361,345
9,68,256,2117,353,353
9,68,256,2117,361,345
9,68,257,2117,353,353
9,68,257,2117,361,345
9,68,257,2164,26,0
9,68,257,2164,342,0
9,68,258,2117,345,361
9,68,258,2117,358,343
9,68,258,2118,361,345
9,68,259,2118,345,361
9,68,259,2118,353,353
9,68,259,2118,358,343
9,68,259,2118,361,345
9,68,259,2157,-50,-284
9,68,259,2164,26,0
9,68,260,2154,-10,-421
9,68,261,2121,353,353
9,68,261,2161,-185,-123
9,68,263,2164,26,0
9,68,266,2162,-158,-193
9,68,267,2157,182,-149
9,68,267,2164,-255,-105
9,68,267,2165,-289,0
9,68,267,2165,-2,25
9,68,267,2167,-26,0
9,68,267,2167,-1,-26
9,68,267,2167,0,0
9,68,267,2168,-23,-155
9,68,267,2168,0,-130
9,68,267,2171,-86,-162
9,68,267,2175,13,-22
9,68,267,2178,-37,-98
9,68,267,2179,-1,-26
9,68,268,2110,0,366
9,68,268,2160,-159,89
9,68,268,2166,-421,-10
9,68,268,2166,-14,-22
9,68,268,2170,-446,43
9,68,269,2167,-261,-13
9,68,270,2157,216,-96
9,68,270,2162,-261,0
9,68,270,2163,-261,0
9,68,271,2162,146,60
9,68,271,2168,-263,175
9,68,272,2147,0,209
9,68,272,2158,-223,-183
9,68,273,2107,0,366
9,68,273,2152,-386,-316
9,68,273,2155,-120,-292
9,68,273,2162,-169,-70
9,68,273,2163,-218,-90
9,68,273,2166,-289,28
9,68,274,2107,18,366
9,68,274,2156,-110,-266
9,68,274,2164,-78,7
9,68,274,2167,-199,371
9,68,275,2106,0,340
9,68,275,2116,353,353
9,68,275,2161,-61,-172
9,68,275,2161,-13,-182
9,68,275,2162,-27,-154
9,68,275,2163,-32,129
9,68,275,2163,12,-131
9,68,275,2163,63,-143
9,68,275,2164,-45,-150
9,68,275,2164,-45,180
9,68,275,2165,-50,93
9,68,275,2166,-63,117
9,68,275,2167,-350,233
9,68,275,2168,46,-153
9,68,276,2104,0,421
9,68,276,2105,0,342
9,68,276,2106,0,340
9,68,276,2107,0,340
9,68,277,2106,0,340
9,68,277,2107,0,340
9,68,277,2163,33,-153
9,68,277,2163,65,-98
9,68,277,2163,115,-62
9,68,278,2106,0,340
9,68,278,2107,0,340
9,68,279,2106,0,340
9,68,279,2107,0,340
9,68,279,2131,345,361
9,68,279,2145,132,126
9,68,280,2106,0,340
9,68,280,2107,0,340
9,68,280,2116,353,353
9,68,280,2143,0,261
9,68,280,2144,0,235
9,68,281,2106,0,340
9,68,282,2106,0,340
9,68,282,2107,0,340
9,68,283,2106,0,340
9,68,283,2107,0,340
9,68,283,2110,0,366
9,68,283,2148,75,72
9,68,284,2106,0,340
9,68,284,2107,0,340
9,68,284,2117,358,343
9,68,285,2106,0,340
9,68,286,2106,0,340
9,68,286,2117,358,343
9,68,287,2106,0,340
9,68,288,2106,0,340
9,68,288,2107,0,340
9,68,288,2117,358,343
9,68,289,2106,0,340
9,68,290,2106,0,340
9,68,290,2107,0,340
9,68,291,2106,0,340
9,68,292,2106,0,340
9,68,293,2106,0,340
9,68,293,2108,-18,366
9,68,294,2106,0,340
9,68,295,2106,0,340
9,68,295,2117,358,343
9,68,295,2131,345,361
9,68,296,2106,0,340
9,68,296,2107,0,340
9,68,296,2142,0,261
9,68,296,2145,0,235
9,68,297,2106,0,340
9,68,297,2107,26,364
9,68,298,2106,0,340
9,68,298,2107,0,340
9,68,298,2145,189,180
9,68,299,2106,0,340
9,68,299,2107,0,340
9,68,299,2114,332,332
9,68,299,2147,153,178
9,68,300,2106,0,340
9,68,300,2147,169,162
9,68,301,2106,0,340
9,68,301,2114,345,361
9,68,301,2148,115,141
9,68,302,2106,0,340
9,68,302,2116,343,358
9,68,302,2117,351,351
9,68,302,2117,358,343
9,68,302,2122,281,381
9,68,303,2106,0,340
9,68,303,2107,0,340
9,68,303,2117,343,358
9,68,304,2106,0,340
9,68,304,2107,0,340
9,68,304,2142,0,261
9,68,304,2143,0,261
9,68,304,2145,0,235
9,68,304,2149,0,130
9,68,304,2150,0,104
9,68,305,2106,0,340
9,68,306,2106,0,340
9,68,306,2121,353,353
9,68,306,2145,189,180
9,68,306,2146,158,174
9,68,307,2106,0,340
9,68,307,2146,169,162
9,68,307,2147,153,178
9,68,307,2147,169,162
9,68,308,2106,0,340
9,68,308,2147,153,178
9,68,308,2147,169,162
9,68,309,2106,0,340
9,68,309,2148,132,126
9,68,310,2106,0,340
9,68,310,2150,113,108
9,68,311,2106,0,340
9,68,311,2151,75,72
9,68,312,2106,0,340
9,68,312,2142,0,261
9,68,312,2143,0,261
9,68,312,2147,0,183
9,68,313,2106,0,340
9,68,314,2106,0,340
9,68,315,2106,0,340
9,68,316,2106,0,340
9,68,316,2147,153,178
9,68,316,2147,169,162
9,68,317,2106,0,340
9,68,318,2106,0,340
9,68,318,2150,75,106
9,68,319,2106,0,340
9,68,320,2106,0,340
9,68,320,2143,0,261
9,68,321,2106,0,340
9,68,322,2106,0,340
9,68,323,2106,0,340
9,68,324,2106,0,340
9,68,325,2106,0,340
9,68,325,2107,0,340
9,68,326,2106,0,340
9,68,327,2106,0,340
9,68,328,2106,0,340
9,68,328,2142,0,261
9,68,328,2143,0,261
9,68,329,2106,0,340
9,68,330,2106,0,340
9,68,331,2106,0,340
9,68,332,2106,0,340
9,68,333,2106,0,340
9,68,334,2106,0,340
9,68,335,2106,0,340
9,68,336,2105,0,395
9,68,336,2140,-55,364
9,68,336,2142,0,261
9,68,338,2106,0,340
9,68,339,2106,0,340
9,68,340,2106,0,340
9,68,341,2106,0,340
9,68,341,2107,-8,340
9,68,342,2106,0,340
9,68,342,2107,0,340
9,68,346,2106,0,340
9,68,347,2106,0,340
9,68,349,2106,0,340
9,68,351,2106,0,340
9,68,352,2106,0,340
9,68,352,2149,0,130
9,68,354,2109,0,366
9,68,355,2103,25,500
9,68,355,2104,11,500
9,68,356,2105,0,500
9,68,356,2135,19,395
9,68,356,2140,0,369
9,68,358,2140,-359,308
9,68,359,2121,-306,394
9,68,359,2151,-233,210
9,68,362,2137,-378,326
9,68,371,2110,0,366
9,68,377,2186,-115,110
9,68,382,2113,-326,378
9,68,382,2114,-335,371
9,68,397,2161,-447,22
9,68,397,2172,-447,0
9,68,401,2165,-473,0
9,68,406,2147,-421,267
9,68,406,2165,-500,0
18,78,660,2543,316,-130
18,78,667,2517,232,210
18,78,668,2530,-242,-312
18,78,668,2541,-315,-23
18,78,677,2540,-300,-366
18,78,678,2540,-300,-366
18,78,680,2543,-236,-441
18,78,683,2542,-419,-31
18,78,683,2548,-451,-212
18,78,683,2548,-421,-267
18,78,683,2548,0,-500
18,78,683,2552,-60,-496
18,78,683,2553,0,-500
18,78,685,2530,-447,10
18,78,685,2549,-462,-191
18,78,686,2534,-447,22
18,78,686,2550,-451,-212
18,78,687,2542,-447,-23
18,78,687,2549,-478,-144
18,78,689,2550,-470,-167
18,78,690,2551,-470,-167
18,78,690,2553,-408,-287
18,78,691,2552,-457,-203
18,78,691,2552,-451,-212
18,78,693,2493,-296,402
18,78,694,2552,-470,-167
18,78,695,2554,-447,-224
18,78,696,2554,-457,-203
18,78,699,2501,-478,144
18,78,701,2504,-236,441
18,79,670,2514,-90,159
18,79,671,2521,-258,332
18,79,674,2518,-274,353
18,79,683,2542,-419,-31
18,79,683,2553,0,-500
18,79,683,2562,0,-444
18,79,683,2563,0,-500
18,79,684,2553,-144,-478
18,79,685,2530,-447,10
18,79,685,2530,-447,22
18,79,686,2523,-447,22
18,79,686,2550,-451,-212
18,79,687,2562,-167,-470
18,79,688,2562,-156,-474
18,79,690,2552,-466,-179
18,79,695,2563,-441,-236
18,79,698,2558,-500,0
18,79,699,2554,-470,-167
18,79,699,2556,-500,0
18,79,699,2556,-490,-97
18,79,700,2556,-500,0
18,79,700,2556,-361,-345
18,79,700,2557,-500,0
18,79,700,2559,-500,0
18,81,567,2668,457,-203
18,81,623,2657,98,-328
18,81,655,2603,-128,-90
18,81,657,2615,259,122
18,81,658,2615,242,-100
18,81,659,2603,-78,0
18,81,661,2604,0,-26
18,81,663,2603,-24,-10
18,81,663,2627,-264,13
18,81,665,2603,-20,-16
18,81,666,2603,-340,0
18,81,671,2685,-345,-361
18,81,672,2635,-419,41
18,81,676,2664,-292,-339
18,81,679,2624,-394,-29
18,81,681,2664,-500,0
18,81,683,2589,0,500
18,81,683,2599,0,500
18,81,683,2603,0,500
18,81,683,2614,0,500
18,81,683,2624,-419,-41
18,81,685,2588,-85,492
18,81,685,2603,-447,0
18,81,685,2620,-447,0
18,81,685,2621,-447,0
18,81,685,2622,-447,0
18,81,685,2623,-447,0
18,81,685,2624,-447,0
18,81,685,2628,-447,0
18,81,685,2632,-447,0
18,81,685,2633,-447,0
18,81,685,2634,-447,0
18,81,685,2635,-447,0
18,81,686,2603,-447,0
18,81,686,2620,-447,0
18,81,686,2622,-447,0
18,81,686,2623,-447,-10
18,81,686,2623,-447,0
18,81,686,2633,-447,0
18,81,686,2634,-447,0
18,81,686,2635,-447,0
18,81,688,2590,-191,462
18,81,690,2588,-212,451
18,81,692,2613,-496,-60
18,81,695,2592,-441,236
18,81,695,2657,-470,-167
18,81,699,2597,-478,144
18,81,699,2650,-484,-121
18,81,700,2602,-500,0
18,81,700,2659,-500,0
19,77,667,2527,-233,-285
19,77,674,2536,-274,-353
19,77,675,2512,-197,279
19,77,675,2537,-292,-339
19,77,676,2511,89,217
19,77,676,2513,-203,275
19,77,676,2520,58,390
19,77,677,2508,115,61
19,77,677,2520,58,390
19,77,678,2515,-275,319
19,77,679,2511,17,182
19,77,683,2537,0,-500
19,77,686,2542,-121,-484
19,77,690,2529,-115,-350
19,77,692,2536,-141,-396
19,77,692,2537,-132,-400
19,77,693,2536,-141,-396
19,77,693,2540,-140,-425
19,77,694,2548,-126,-457
19,77,695,2511,317,351
19,77,695,2539,-160,-417
19,77,698,2501,0,0
19,77,698,2542,-192,-433
19,77,698,2550,-217,-326
19,77,700,2496,-113,-108
19,77,702,2502,161,-390
19,77,712,2549,-345,-361
19,77,724,2475,-500,0
19,77,725,2519,-361,-345
19,77,727,2517,-353,-353
19,77,729,2522,-359,-344
19,77,729,2523,-359,-344
19,77,729,2524,-359,-344
19,77,729,2525,-334,-369
19,77,729,2526,-359,-344
19,77,729,2527,-359,-344
19,77,729,2527,-344,-359
19,77,729,2528,-359,-344
19,77,729,2530,-359,-344
19,77,729,2533,-359,-344
19,77,729,2534,-359,-344
19,77,729,2535,-359,-344
19,77,729,2535,-351,-351
19,77,729,2536,-359,-344
19,77,730,2517,-394,-306
19,77,730,2520,-378,-326
19,77,730,2522,-369,-334
19,77,730,2522,-359,-344
19,77,730,2528,-334,-369
19,77,732,2478,-496,-60
19,77,733,2492,-500,0
19,77,733,2514,-371,-335
19,77,734,2491,-500,0
19,77,734,2520,-394,-306
19,77,736,2518,-421,-267
19,77,743,2489,-500,25
19,77,743,2491,-500,0
19,77,743,2492,-500,0
19,77,743,2492,-500,11
19,77,743,2500,-500,0
19,77,744,2490,-500,11
19,80,634,2642,466,-179
19,80,641,2639,462,-191
19,80,651,2612,-96,-92
19,80,672,2547,126,-34
19,80,674,2545,151,-144
19,80,679,2536,-232,-242
19,80,679,2537,30,-315
19,80,682,2538,52,-1
19,80,683,2544,-160,176
19,80,684,2548,-123,-27
19,80,684,2574,104,196
19,80,687,2598,169,-70
19,80,693,2515,-140,424
19,80,693,2636,-140,-425
19,80,695,2615,181,-41
19,80,695,2628,-418,-224
19,80,697,2557,-314,0
19,80,701,2558,-157,0
19,80,707,2599,-366,0
19,80,709,2584,-157,3
19,80,712,2632,-500,25
19,80,714,2590,-421,0
19,80,717,2629,-497,11
19,80,719,2535,-335,371
19,80,720,2556,-498,48
19,80,720,2594,-471,0
19,80,720,2600,-471,0
19,80,720,2602,-471,0
19,80,722,2556,-471,23
19,80,722,2557,-471,23
19,80,722,2567,-471,10
19,80,722,2568,-471,23
19,80,722,2571,-471,23
19,80,722,2572,-471,23
19,80,722,2573,-471,23
19,80,722,2574,-471,23
19,80,722,2577,-471,23
19,80,722,2579,-471,23
19,80,722,2581,-471,23
19,80,722,2586,-471,23
19,80,722,2590,-471,23
19,80,722,2592,-471,23
19,80,722,2594,-471,23
19,80,722,2596,-471,23
19,80,722,2599,-471,23
19,80,722,2600,-471,23
19,80,723,2557,-500,11
19,80,724,2557,-444,0
19,80,725,2621,-353,-353
19,80,725,2621,-345,-361
19,80,726,2622,-361,-345
19,80,726,2622,-345,-361
19,80,728,2624,-353,-353
19,80,728,2624,-345,-361
19,80,728,2625,-353,-353
19,80,729,2624,-353,-353
19,80,729,2625,-353,-353
19,80,729,2626,-353,-353
19,80,730,2625,-361,-345
19,80,730,2627,-353,-353
19,80,731,2555,-417,30
19,80,731,2556,-417,30
19,80,731,2557,-417,30
19,80,731,2558,-417,30
19,80,731,2559,-418,-21
19,80,731,2559,-417,30
19,80,731,2560,-418,-21
19,80,731,2560,-418,0
19,80,731,2560,-417,30
19,80,731,2561,-417,30
19,80,731,2562,-417,30
19,80,731,2563,-417,30
19,80,731,2564,-417,30
19,80,731,2566,-417,30
19,80,731,2567,-418,0
19,80,731,2567,-417,30
19,80,731,2568,-417,30
19,80,731,2569,-417,30
19,80,731,2571,-417,30
19,80,731,2574,-417,30
19,80,731,2576,-417,30
19,80,731,2577,-417,30
19,80,731,2578,-417,30
19,80,731,2579,-417,30
19,80,731,2580,-417,30
19,80,731,2581,-417,30
19,80,731,2582,-417,30
19,80,731,2583,-417,30
19,80,731,2584,-417,30
19,80,731,2585,-417,30
19,80,731,2586,-417,30
19,80,731,2587,-417,30
19,80,731,2588,-417,30
19,80,731,2590,-417,30
19,80,731,2591,-417,30
19,80,731,2592,-417,30
19,80,731,2593,-417,30
19,80,731,2594,-417,30
19,80,731,2595,-417,30
19,80,731,2596,-417,30
19,80,731,2597,-417,30
19,80,731,2598,-417,30
19,80,731,2599,-417,30
19,80,731,2600,-417,30
19,80,731,2601,-417,30
19,80,731,2616,-418,0
19,80,731,2626,-353,-353
19,80,731,2628,-345,-361
19,80,732,2628,-361,-345
19,80,732,2628,-353,-353
19,80,734,2556,-392,0
19,80,734,2558,-392,-9
19,80,734,2558,-392,0
19,80,734,2559,-392,-9
19,80,734,2559,-392,0
19,80,735,2546,-478,144
19,80,735,2556,-392,0
19,80,735,2559,-392,-9
19,80,735,2561,-392,-9
19,80,735,2562,-392,-9
19,80,735,2571,-392,19
19,80,735,2599,-392,0
19,80,735,2616,-392,0
19,80,736,2556,-366,0
19,80,738,2553,-443,43
19,80,738,2556,-366,0
19,80,738,2557,-418,0
19,80,738,2558,-366,-8
19,80,738,2558,-366,0
19,80,738,2559,-366,-8
19,80,738,2559,-366,0
19,80,738,2562,-366,-8
19,80,739,2554,-366,18
19,80,739,2555,-366,18
19,80,739,2556,-366,0
19,80,739,2556,-366,18
19,80,739,2557,-366,0
19,80,739,2557,-366,18
19,80,739,2558,-366,18
19,80,739,2559,-366,-8
19,80,739,2559,-366,18
19,80,739,2560,-366,-8
19,80,739,2560,-366,0
19,80,739,2560,-366,18
19,80,739,2561,-366,-8
19,80,739,2561,-366,18
19,80,739,2562,-366,18
19,80,739,2563,-366,18
19,80,739,2564,-366,18
19,80,739,2565,-366,18
19,80,739,2566,-366,18
19,80,739,2567,-366,0
19,80,739,2567,-366,18
19,80,739,2568,-366,18
19,80,739,2569,-366,18
19,80,739,2570,-366,18
19,80,739,2571,-366,18
19,80,739,2572,-366,18
19,80,739,2573,-366,18
19,80,739,2574,-366,18
19,80,739,2575,-366,18
19,80,739,2576,-366,18
19,80,739,2577,-366,18
19,80,739,2578,-366,18
19,80,739,2579,-366,18
19,80,739,2580,-366,18
19,80,739,2581,-366,18
19,80,739,2582,-366,18
19,80,739,2583,-366,18
19,80,739,2584,-366,18
19,80,739,2585,-366,18
19,80,739,2586,-366,18
19,80,739,2587,-366,18
19,80,739,2588,-366,18
19,80,739,2589,-366,18
19,80,739,2590,-366,18
19,80,739,2591,-366,18
19,80,739,2592,-366,18
19,80,739,2593,-366,18
19,80,739,2594,-366,18
19,80,739,2595,-366,18
19,80,739,2596,-366,18
19,80,739,2597,-366,18
19,80,739,2598,-366,18
19,80,739,2599,-366,0
19,80,739,2599,-366,18
19,80,739,2600,-366,18
19,80,740,2545,-478,144
19,80,740,2556,-431,0
19,80,740,2558,-340,-8
19,80,740,2565,-494,-74
19,80,741,2557,-340,-8
19,80,741,2557,-340,0
19,80,741,2570,-340,0
19,80,741,2585,-340,0
19,80,741,2592,-340,0
19,80,741,2593,-340,0
19,80,741,2594,-340,0
19,80,741,2597,-340,0
19,80,741,2598,-340,0
19,80,741,2600,-340,0
19,80,741,2602,-340,0
19,80,742,2556,-361,0
19,80,743,2556,-500,0
20,76,683,2476,0,0
20,76,683,2477,-51,10
20,76,683,2477,-23,-12
20,76,683,2478,-84,62
20,76,683,2478,-75,72
20,76,683,2478,-17,-19
20,76,683,2480,-114,-64
20,76,683,2484,-25,5
20,76,683,2484,0,104
20,76,683,2485,0,-78
20,76,683,2486,-26,-2
20,76,683,2486,-24,-9
20,76,683,2486,0,-157
20,76,683,2492,-2,-26
20,76,683,2494,0,-26
20,76,683,2495,0,-264
20,76,683,2495,0,-26
20,76,683,2497,0,-290
20,76,683,2498,0,-130
20,76,683,2498,0,-78
20,76,683,2507,0,-421
20,76,683,2513,0,-473
20,76,685,2494,161,302
20,76,691,2507,-446,-43
20,76,694,2510,-140,-425
20,76,697,2513,-112,-293
20,76,700,2524,0,-500
20,76,707,2492,-217,-145
20,76,707,2502,-345,-361
20,76,708,2502,-326,-378
20,76,708,2503,-345,-361
20,76,709,2503,-326,-378
20,76,710,2521,-335,-371
20,76,712,2517,-345,-361
20,76,715,2513,-345,-361
20,76,715,2515,-287,-408
20,76,716,2517,-353,-353
20,76,718,2519,-287,-408
20,76,720,2511,-353,-353
20,76,720,2517,-335,-371
20,76,721,2480,-305,-84
20,76,721,2497,-361,-345
20,76,721,2505,-335,-371
20,76,722,2483,-381,-105
20,76,722,2509,-345,-361
20,76,722,2520,-345,-361
20,76,723,2481,-328,-99
20,76,723,2514,-361,-345
20,76,723,2514,-353,-353
20,76,723,2516,-361,-345
20,76,724,2481,-331,-91
20,76,727,2493,-280,-241
20,76,731,2478,-421,-21
20,76,735,2484,-407,-112
20,76,736,2516,-353,-353
20,76,737,2486,-459,-114
20,76,738,2486,-428,-129
20,76,739,2485,-433,-108
20,76,741,2487,-447,-147
20,76,742,2487,-457,-126
20,76,743,2487,-457,-126
20,76,744,2485,-462,-103
20,76,744,2486,-459,-114
20,76,745,2484,-462,-103
20,76,747,2488,-478,-144
20,76,748,2487,-482,-132
20,76,749,2475,-447,0
20,76,749,2486,-488,-109
20,76,749,2487,-484,-121
20,76,753,2489,-484,-121
20,76,757,2481,-470,-57
20,76,757,2491,-478,-144
20,76,761,2475,-354,0
20,76,762,2482,-496,-60
20,76,767,2475,-302,0
20,76,770,2496,-447,-224
20,106,685,3353,21,286
20,106,700,3346,0,447
20,106,700,3349,0,421
20,106,700,3353,0,380
20,106,714,3349,11,235
20,106,715,3349,0,421
20,106,715,3437,0,104
20,106,718,3396,208,-180
20,106,719,3350,-62,416
20,106,719,3381,223,-141
20,106,719,3395,263,-175
20,106,721,3395,294,-66
20,106,722,3396,298,-44
20,106,724,3351,-132,400
20,106,727,3339,-137,453
20,106,732,3402,-43,445
20,106,738,3349,-498,-37
20,106,738,3359,-153,304
20,106,742,3351,-500,0
20,106,743,3351,-500,-25
20,106,743,3397,-345,361
20,106,744,3364,-498,48
20,106,745,3352,-500,0
20,106,746,3357,-408,287
20,106,747,3352,-497,0
20,106,748,3357,-441,236
20,106,748,3362,-497,11
20,106,749,3338,-335,371
20,106,756,3355,-444,0
20,106,757,3361,-444,0
20,106,760,3348,-392,260
20,106,761,3351,-359,343
20,106,761,3351,-351,351
20,106,761,3352,-359,343
20,106,761,3352,-351,351
20,106,761,3353,-359,343
20,106,761,3353,-351,351
20,106,761,3354,-359,343
20,106,761,3354,-351,351
20,106,761,3355,-359,343
20,106,761,3355,-351,351
20,106,761,3356,-351,351
20,106,761,3357,-351,351
20,106,761,3358,-351,351
20,106,761,3359,-359,343
20,106,761,3359,-351,351
20,106,761,3360,-465,69
20,106,761,3360,-351,351
20,106,761,3363,-471,10
20,106,761,3363,-418,9
20,106,761,3363,-359,343
20,106,761,3363,-351,351
20,106,761,3366,-359,343
20,106,761,3366,-351,351
20,106,761,3367,-351,351
20,106,761,3368,-359,343
20,106,761,3369,-359,343
20,106,761,3369,-351,351
20,106,761,3370,-359,343
20,106,761,3371,-351,351
20,106,761,3373,-359,343
20,106,761,3373,-351,351
20,106,761,3375,-359,343
20,106,761,3375,-351,351
20,106,761,3377,-359,343
20,106,761,3377,-351,351
20,106,762,3361,-418,21
20,106,762,3364,-500,0
20,106,762,3364,-418,0
20,106,763,3361,-417,30
20,106,764,3356,-340,325
20,106,764,3360,-340,325
20,106,764,3363,-500,0
20,106,764,3364,-392,0
20,106,764,3364,-340,325
20,106,764,3366,-340,325
20,106,764,3368,-340,325
20,106,764,3372,-340,325
20,106,764,3374,-340,325
20,106,765,3361,-392,8
20,106,766,3358,-468,70
20,106,766,3364,-392,0
20,106,766,3364,-371,335
20,106,770,3430,-498,-37
20,107,606,3367,306,394
20,107,623,3397,60,496
20,107,626,3466,-208,-111
20,107,700,3355,0,500
20,107,700,3356,0,500
20,107,706,3355,167,470
20,107,706,3355,179,466
20,107,707,3354,144,478
20,107,707,3355,167,470
20,107,709,3354,121,484
20,107,710,3380,328,0
20,107,711,3379,498,48
20,107,714,3358,7,314
20,107,714,3359,7,314
20,107,715,3366,0,500
20,107,715,3380,451,212
20,107,718,3444,-25,8
20,107,719,3444,85,82
20,107,720,3351,-60,496
20,107,721,3367,-132,482
20,107,721,3394,-60,496
20,107,722,3399,-108,433
20,107,723,3394,-108,433
20,107,724,3354,-121,484
20,107,724,3358,-121,484
20,107,725,3444,7,25
20,107,726,3380,-121,484
20,107,727,3381,-132,482
20,107,727,3387,-148,449
20,107,728,3370,-277,416
20,107,729,3356,-132,482
20,107,729,3371,-277,416
20,107,731,3372,-144,478
20,107,732,3367,-441,236
20,107,732,3418,-242,343
20,107,732,3421,-242,311
20,107,732,3422,-234,317
20,107,733,3444,-50,-15
20,107,734,3419,-266,325
20,107,734,3427,285,233
20,107,734,3444,-26,0
20,107,734,3444,-25,-5
20,107,735,3417,-258,332
20,107,735,3444,-23,-11
20,107,736,3392,-335,371
20,107,736,3433,-131,-317
20,107,736,3443,-70,-35
20,107,740,3405,-277,416
20,107,743,3401,-361,345
20,107,743,3402,-361,345
20,107,743,3403,-361,345
20,107,746,3435,-407,111
20,107,750,3394,-353,353
20,107,750,3404,-353,353
20,107,751,3404,-353,353
20,107,751,3435,-439,87
20,107,753,3415,-345,361
20,107,754,3390,-353,353
20,107,754,3391,-353,353
20,107,754,3392,-353,353
20,107,755,3392,-287,408
20,107,758,3388,-287,408
20,107,758,3427,-148,449
20,107,760,3390,-351,351
20,107,761,3383,-359,343
20,107,761,3383,-351,351
20,107,761,3384,-359,343
20,107,761,3384,-351,351
20,107,761,3385,-351,351
20,107,761,3386,-359,343
20,107,761,3389,-359,343
20,107,761,3389,-351,351
20,107,761,3390,-351,351
20,107,761,3391,-351,351
20,107,761,3393,-359,343
20,107,761,3393,-351,351
20,107,761,3394,-334,368
20,107,761,3396,-359,343
20,107,761,3396,-351,351
20,107,761,3397,-359,343
20,107,761,3397,-351,351
20,107,762,3397,-359,343
20,107,763,3397,-359,343
20,107,764,3393,-340,325
20,107,764,3394,-340,325
20,107,764,3396,-386,316
20,107,765,3428,-500,0
20,107,766,3382,-371,335
20,107,770,3430,-498,-37
20,107,773,3425,-496,-60
20,107,775,3428,-500,0
21,108,628,3460,0,500
21,108,715,3410,0,447
21,108,715,3413,0,421
21,108,715,3435,0,0
21,108,715,3436,-25,-4
21,108,716,3429,-25,210
21,108,717,3410,-33,445
21,108,718,3413,-51,417
21,108,719,3385,-60,496
21,108,724,3417,-123,375
21,108,725,3392,-179,466
21,108,727,3387,-156,474
21,108,732,3421,-234,317
21,108,737,3441,-164,-134
21,108,743,3404,-345,361
21,108,747,3426,-361,345
21,108,748,3444,104,0
21,108,749,3400,-277,416
21,108,751,3402,-353,353
21,108,751,3415,-345,361
21,108,754,3401,-335,371
21,108,754,3402,-335,371
21,108,754,3403,-345,361
21,108,754,3403,-335,371
21,108,754,3404,-345,361
21,108,754,3405,-353,353
21,108,755,3405,-353,353
21,108,756,3405,-353,353
21,108,766,3415,-366,299
21,108,767,3435,-407,111
21,108,769,3435,-411,92
21,108,770,3433,-428,129
21,108,772,3434,-433,108
21,108,775,3435,-462,103
21,108,777,3435,-462,103
21,108,778,3433,-459,114
21,108,794,3444,-500,0
22,76,692,2497,0,-290
22,76,700,2532,60,-496
22,76,701,2527,74,-494
22,76,702,2509,25,-339
22,76,704,2533,0,-500
22,76,739,2477,161,132
22,76,752,2486,0,-209
22,76,754,2519,-345,-361
22,76,757,2523,-344,-359
22,76,758,2519,-345,-361
22,76,760,2527,30,-417
22,76,760,2527,43,-443
22,76,760,2531,19,-392
22,76,760,2531,50,-415
22,76,760,2533,8,-366
22,76,760,2533,28,-391
22,76,761,2511,-54,-444
22,76,761,2523,-344,-359
22,76,761,2525,43,-443
22,76,761,2527,53,-441
22,76,764,2506,0,-418
22,76,764,2509,0,-447
22,76,764,2517,0,-473
22,76,764,2519,-345,-361
22,76,764,2526,0,-471
22,76,764,2526,0,-392
22,76,764,2527,0,-500
22,76,764,2529,0,-444
22,76,764,2529,0,-392
22,76,764,2530,0,-366
22,76,764,2533,0,-340
22,76,765,2477,121,99
22,76,765,2519,-345,-361
22,76,765,2531,-8,-366
22,76,766,2476,161,86
22,76,767,2519,-345,-361
22,76,767,2523,-344,-359
22,76,767,2533,0,-340
22,76,768,2523,-344,-359
22,76,768,2524,-21,-418
22,76,768,2526,0,-392
22,76,768,2529,0,-387
22,76,768,2530,0,-366
22,76,768,2531,0,-500
22,76,768,2532,0,-393
22,76,768,2532,0,-366
22,76,769,2519,-345,-361
22,76,769,2524,-22,-444
22,76,769,2524,-21,-418
22,76,769,2527,-21,-418
22,76,769,2531,-29,-391
22,76,769,2532,-27,-365
22,76,769,2532,-18,-366
22,76,769,2533,0,-340
22,76,770,2519,-353,-353
22,76,770,2519,-345,-361
22,76,770,2520,-66,-439
22,76,770,2523,-344,-359
22,76,770,2524,-31,-417
22,76,770,2524,-21,-418
22,76,770,2531,-30,-412
22,76,770,2532,-27,-365
22,76,770,2532,-18,-366
22,76,770,2533,-29,-391
22,76,771,2519,-345,-361
22,76,771,2524,-21,-418
22,76,771,2528,-58,-388
22,76,771,2532,-35,-365
22,76,771,2532,-18,-366
22,76,772,2519,-345,-361
22,76,772,2523,-344,-359
22,76,772,2524,-21,-418
22,76,772,2532,-18,-366
22,76,773,2519,-345,-361
22,76,773,2523,-344,-359
22,76,773,2524,-21,-418
22,76,773,2530,-54,-362
22,76,773,2532,-18,-366
22,76,774,2497,0,-418
22,76,774,2519,-345,-361
22,76,774,2523,-344,-359
22,76,774,2524,-21,-418
22,76,774,2532,-18,-366
22,76,775,2519,-345,-361
22,76,775,2523,-344,-359
22,76,775,2532,-18,-366
22,76,776,2519,-353,-353
22,76,776,2519,-345,-361
22,76,776,2523,-344,-359
22,76,776,2532,-18,-366
22,76,777,2519,-345,-361
22,76,777,2524,-21,-418
22,76,778,2519,-345,-361
22,76,778,2523,-344,-359
22,76,778,2532,-18,-366
22,76,779,2374,0,500
22,76,779,2386,0,447
22,76,779,2391,0,395
22,76,779,2402,0,212
22,76,779,2519,-345,-361
22,76,779,2523,-344,-359
22,76,779,2533,0,-340
22,76,780,2519,-345,-361
22,76,780,2523,-344,-359
22,76,780,2524,-21,-418
22,76,780,2532,-18,-366
22,76,781,2512,-353,-353
22,76,781,2519,-345,-361
22,76,781,2523,-344,-359
22,76,781,2532,-18,-366
22,76,782,2511,-20,-208
22,76,782,2519,-345,-361
22,76,782,2523,-344,-359
22,76,783,2519,-345,-361
22,76,783,2523,-344,-359
22,76,784,2519,-345,-361
22,76,784,2523,-344,-359
22,76,785,2510,-361,-345
22,76,785,2519,-345,-361
22,76,785,2523,-344,-359
22,76,786,2482,-158,-175
22,76,786,2519,-345,-361
22,76,786,2523,-344,-359
22,76,787,2519,-345,-361
22,76,787,2523,-344,-359
22,76,788,2519,-345,-361
22,76,788,2523,-344,-359
22,76,789,2519,-345,-361
22,76,789,2523,-344,-359
22,76,790,2519,-345,-361
22,76,790,2523,-344,-359
22,76,791,2519,-345,-361
22,76,791,2522,-351,-351
22,76,791,2523,-344,-359
22,76,792,2523,-344,-359
22,76,793,2486,-258,-222
22,76,793,2523,-344,-359
22,76,794,2518,-361,-345
22,76,794,2523,-344,-359
22,76,795,2519,-361,-345
22,76,795,2520,-353,-353
22,76,796,2520,-361,-345
22,76,796,2521,-361,-345
22,76,797,2521,-361,-345
22,76,797,2522,-361,-345
22,76,798,2525,-344,-359
22,76,799,2524,-353,-353
22,76,800,2524,-348,-348
22,76,804,2499,-332,-300
22,76,810,2495,-377,-239
22,76,812,2486,-459,-114
22,76,812,2487,-457,-126
22,76,813,2468,-447,0
22,76,813,2498,-444,22
22,76,819,2491,-392,19
22,76,821,2489,-484,-121
22,76,821,2489,-482,-132
22,76,822,2488,-484,-121
22,76,822,2497,-466,-179
22,76,826,2492,-500,0
22,76,831,2492,-500,11
23,108,731,3394,109,488
23,108,736,3410,0,447
23,108,736,3413,0,421
23,108,738,3411,41,419
23,108,739,3423,0,342
23,108,740,3390,0,500
23,108,747,3424,384,230
23,108,756,3426,322,226
23,108,785,3394,97,490
23,108,788,3389,85,492
23,108,791,3387,0,392
23,108,791,3391,0,500
23,108,792,3386,28,391
23,108,792,3387,19,392
23,108,793,3390,22,444
23,108,795,3395,0,497
23,108,796,3383,0,500
23,108,796,3415,0,395
23,108,797,3401,-353,353
23,108,798,3401,-353,353
23,108,799,3386,0,340
23,108,800,3386,0,340
23,108,800,3388,0,387
23,108,800,3388,0,398
23,108,800,3389,0,366
23,108,800,3389,0,500
23,108,800,3390,0,366
23,108,800,3391,0,366
23,108,801,3386,0,340
23,108,801,3387,-18,366
23,108,801,3387,26,364
23,108,801,3389,-20,392
23,108,801,3390,-18,366
23,108,801,3423,-51,256
23,108,802,3387,26,364
23,108,802,3390,-27,364
23,108,803,3386,0,340
23,108,803,3390,-44,363
23,108,803,3390,-35,364
23,108,803,3401,-353,353
23,108,804,3386,0,340
23,108,804,3390,-44,363
23,108,804,3427,-113,108
23,108,805,3386,0,340
23,108,805,3390,-71,358
23,108,805,3390,-54,362
23,108,805,3397,-344,358
23,108,805,3401,-353,353
23,108,806,3386,0,340
23,108,807,3386,0,340
23,108,808,3386,0,340
23,108,808,3387,0,340
23,108,808,3390,-123,372
23,108,808,3390,-113,375
23,108,809,3386,0,340
23,108,809,3391,-132,371
23,108,809,3392,-123,372
23,108,810,3386,0,340
23,108,810,3424,-191,182
23,108,811,3386,0,340
23,108,811,3389,-106,350
23,108,812,3446,169,69
23,108,813,3401,-353,353
23,108,813,3446,169,69
23,108,814,3401,-353,353
23,108,814,3446,289,28
23,108,815,3431,386,-316
23,108,816,3401,-353,353
23,108,816,3427,0,209
23,108,816,3446,-30,72
23,108,816,3449,350,233
23,108,816,3453,350,233
23,108,818,3391,28,391
23,108,818,3401,-353,353
23,108,819,3390,0,366
23,108,819,3401,-353,353
23,108,820,3390,0,366
23,108,820,3390,0,369
23,108,820,3401,-353,353
23,108,820,3447,5,-25
23,108,820,3450,65,-43
23,108,820,3450,471,-46
23,108,820,3453,-1,-26
23,108,820,3453,198,371
23,108,820,3456,-14,-22
23,108,821,3401,-353,353
23,108,822,3401,-353,353
23,108,823,3401,-353,353
23,108,825,3401,-353,353
23,108,829,3401,-361,345
23,108,832,3397,-369,333
23,108,832,3398,-359,343
23,108,832,3400,-386,316
23,108,833,3439,15,156
23,108,841,3436,-408,101
23,108,845,3435,-462,103
24,109,793,3435,462,191
24,109,796,3435,236,441
24,109,797,3433,236,441
24,109,797,3438,457,203
24,109,797,3438,466,179
24,109,798,3431,236,441
24,109,800,3428,0,500
24,109,801,3430,316,386
24,109,803,3443,361,345
24,109,805,3444,201,201
24,109,806,3427,-148,449
24,109,806,3428,144,478
24,109,806,3444,194,194
24,109,809,3433,97,490
24,109,810,3444,276,0
24,109,811,3445,242,130
24,109,811,3460,0,26
24,109,811,3466,-16,19
24,109,812,3463,82,-187
24,109,812,3464,-39,261
24,109,813,3463,-44,366
24,109,814,3445,-41,419
24,109,814,3475,16,-19
24,109,819,3445,21,421
24,109,819,3473,61,-172
24,109,820,3445,0,421
24,109,820,3472,0,52
24,109,820,3473,57,49
24,109,824,3432,0,500
24,109,830,3440,-478,144
24,109,830,3440,-466,179
24,109,833,3440,-484,121
24,109,833,3443,-500,25
24,109,835,3440,-484,121
24,109,839,3440,-490,97
26,108,796,3446,94,90
26,108,810,3444,52,0
26,108,812,3450,-446,43
26,108,815,3448,-263,175
26,108,816,3438,-223,-183
26,108,818,3388,26,364
26,108,818,3441,-60,-168
26,108,819,3386,0,340
26,108,819,3387,0,340
26,108,819,3446,-3,-130
26,108,819,3447,-38,153
26,108,820,3386,0,340
26,108,820,3387,0,340
26,108,820,3442,19,-130
26,108,820,3443,-27,-181
26,108,821,3386,0,340
26,108,824,3386,0,340
26,108,824,3387,0,340
26,108,825,3386,0,340
26,108,825,3387,0,340
26,108,826,3386,0,340
26,108,828,3386,0,340
26,108,828,3395,353,353
26,108,829,3386,0,340
26,108,829,3404,408,287
26,108,830,3386,0,340
26,108,830,3398,361,345
26,108,831,3398,353,353
26,108,832,3387,0,340
26,108,833,3386,0,340
26,108,833,3397,361,345
26,108,834,3397,353,353
26,108,834,3398,361,345
26,108,834,3417,334,334
26,108,835,3386,0,340
26,108,835,3394,0,392
26,108,835,3398,345,361
26,108,835,3401,345,361
26,108,836,3386,0,340
26,108,837,3386,0,340
26,108,838,3386,0,340
26,108,839,3386,0,340
26,108,840,3386,0,340
26,108,841,3386,0,340
26,108,841,3392,240,341
26,108,842,3386,0,340
26,108,842,3387,0,340
26,108,844,3386,0,340
26,108,845,3386,0,340
26,108,846,3386,0,340
26,108,847,3386,0,340
26,108,847,3387,0,340
26,108,848,3386,0,340
26,108,849,3386,0,340
26,108,850,3386,0,340
26,108,850,3403,0,444
26,108,851,3386,0,340
26,108,852,3386,0,340
26,108,853,3386,0,340
26,108,854,3386,0,340
26,108,855,3386,0,340
26,108,856,3386,0,340
26,108,857,3386,0,340
26,108,858,3386,0,340
26,108,858,3428,75,106
26,108,859,3386,0,340
26,108,860,3386,0,340
26,108,862,3386,0,340
26,108,863,3386,0,340
26,108,864,3386,0,340
26,108,864,3390,0,366
26,108,865,3386,0,340
26,108,866,3386,0,340
26,108,866,3389,0,366
26,108,866,3428,0,78
26,108,867,3386,0,340
26,108,867,3536,-454,-125
26,108,868,3386,0,340
26,108,869,3386,0,340
26,108,870,3386,0,340
26,108,871,3386,0,340
26,108,872,3386,0,340
26,108,873,3386,0,340
26,108,874,3386,0,340
26,108,875,3386,0,340
26,108,876,3386,0,340
26,108,877,3386,0,340
26,108,878,3386,0,340
26,108,879,3386,0,340
26,108,881,3386,0,340
26,108,882,3386,0,340
26,108,883,3386,0,340
26,108,884,3386,0,340
26,108,885,3386,0,340
26,108,886,3386,0,340
26,108,887,3386,0,340
26,108,888,3386,0,340
26,108,889,3403,0,444
26,108,890,3386,0,340
26,108,890,3394,0,392
26,108,891,3386,0,340
26,108,892,3386,0,340
26,108,893,3386,0,340
26,108,893,3401,-361,345
26,108,894,3386,0,340
26,108,894,3387,0,340
26,108,896,3387,0,340
26,108,897,3386,0,340
26,108,897,3397,-344,358
26,108,897,3398,-353,353
26,108,898,3386,0,340
26,108,899,3386,0,340
26,108,900,3386,0,340
26,108,901,3386,0,340
26,108,901,3387,0,340
26,108,902,3386,0,340
26,108,902,3387,0,340
26,108,903,3386,0,340
26,108,904,3386,0,340
26,108,904,3387,0,340
26,108,905,3386,0,340
26,108,906,3385,0,500
26,108,906,3386,0,340
26,108,907,3386,0,340
26,108,916,3447,0,0
26,108,916,3447,5,-25
26,108,934,3444,-316,0
27,109,889,3437,466,179
27,109,891,3440,482,132
27,109,892,3434,408,287
27,109,892,3438,466,179
27,109,892,3438,470,167
27,109,894,3440,484,121
27,109,894,3441,490,97
27,109,897,3430,306,394
27,109,897,3444,500,0
27,109,899,3444,74,248
27,109,901,3442,484,121
27,109,907,3445,0,421
27,109,916,3471,0,0
27,109,920,3440,-287,408
27,109,923,3431,-224,447
27,109,926,3434,-361,345
27,109,926,3439,-466,179
27,109,930,3444,-500,0
27,109,973,3499,-447,0
29,108,885,3431,484,121
29,108,891,3436,411,92
29,108,892,3435,408,101
29,108,899,3397,358,343
29,108,900,3397,358,343
29,108,901,3397,358,343
29,108,902,3397,358,343
29,108,903,3397,358,343
29,108,904,3401,353,353
29,108,906,3401,353,353
29,108,906,3435,-251,75
29,108,907,3449,0,-130
29,108,907,3449,10,-23
29,108,907,3452,-44,-94
29,108,908,3390,0,366
29,108,908,3425,0,500
29,108,908,3426,0,500
29,108,908,3450,-446,43
29,108,909,3391,28,391
29,108,909,3429,132,161
29,108,909,3429,151,144
29,108,910,3397,358,343
29,108,910,3442,-261,0
29,108,912,3438,-223,-183
29,108,913,3387,26,364
29,108,913,3397,351,351
29,108,913,3397,358,343
29,108,913,3441,-49,-178
29,108,913,3443,-169,-70
29,108,913,3446,-289,28
29,108,914,3387,26,364
29,108,914,3397,351,351
29,108,914,3397,358,343
29,108,915,3397,358,343
29,108,915,3441,-90,-219
29,108,915,3442,23,-235
29,108,915,3444,-99,-121
29,108,915,3445,-90,-218
29,108,916,3386,0,340
29,108,916,3387,0,340
29,108,916,3387,18,366
29,108,916,3396,351,351
29,108,916,3397,358,343
29,108,916,3433,-171,-414
29,108,917,3387,0,340
29,108,918,3386,0,340
29,108,918,3387,0,340
29,108,918,3396,351,351
29,108,918,3397,358,343
29,108,919,3386,0,340
29,108,919,3387,26,364
29,108,920,3386,0,340
29,108,920,3387,0,340
29,108,921,3386,0,340
29,108,922,3386,0,340
29,108,922,3387,0,340
29,108,922,3396,351,351
29,108,922,3397,358,343
29,108,922,3401,353,353
29,108,923,3386,0,340
29,108,923,3387,0,340
29,108,923,3401,353,353
29,108,924,3386,0,340
29,108,924,3387,0,340
29,108,925,3386,0,340
29,108,925,3387,26,364
29,108,925,3423,142,157
29,108,926,3386,0,340
29,108,926,3388,-18,366
29,108,926,3397,358,343
29,108,926,3401,353,353
29,108,926,3424,151,144
29,108,927,3386,0,340
29,108,927,3397,358,343
29,108,928,3386,0,340
29,108,928,3390,0,366
29,108,928,3397,358,343
29,108,929,3397,358,343
29,108,930,3388,18,366
29,108,930,3397,358,343
29,108,931,3397,358,343
29,108,932,3386,0,340
29,108,932,3397,358,343
29,108,932,3412,0,421
29,108,932,3413,0,421
29,108,933,3388,-18,366
29,108,933,3397,358,343
29,108,934,3397,358,343
29,108,935,3397,358,343
29,108,936,3396,351,351
29,108,936,3397,358,343
29,108,937,3396,351,351
29,108,937,3397,358,343
29,108,937,3411,345,361
29,108,938,3397,358,343
29,108,938,3401,353,353
29,108,939,3394,332,332
29,108,939,3396,351,351
29,108,939,3397,358,343
29,108,940,3396,351,351
29,108,940,3397,358,343
29,108,941,3396,351,351
29,108,941,3397,358,343
29,108,941,3398,351,351
29,108,942,3396,351,351
29,108,942,3397,343,358
29,108,942,3397,351,351
29,108,942,3397,358,343
29,108,942,3401,361,345
29,108,943,3401,353,353
29,108,946,3401,361,345
29,108,947,3386,0,340
29,108,975,3387,0,395
29,108,988,3385,0,500
29,108,992,3430,0,159
29,108,1027,3426,-323,226
29,108,1032,3401,-345,361
29,108,1034,3421,-365,257
32,13,1012,493,0,-447
32,13,1127,433,-394,29
32,13,1135,417,-203,457
32,13,1147,442,-470,-167
32,13,1148,444,-500,0
32,13,1148,445,-500,0
32,15,1035,551,0,-395
32,15,1035,555,0,-421
32,15,1129,497,-416,-62
32,15,1130,497,-415,-72
32,15,1131,503,0,-302
32,15,1131,512,-37,-498
32,15,1133,479,-97,490
32,15,1134,511,-97,-490
32,15,1135,479,-156,474
32,15,1135,510,-191,-462
32,15,1147,485,-478,144
32,15,1148,486,-478,144
33,11,1131,419,0,-26
33,11,1131,456,0,-500
33,11,1137,410,-102,-408
33,11,1138,409,-92,-411
33,11,1141,423,-121,-484
33,11,1141,452,-121,-484
33,11,1144,437,-277,-416
33,11,1145,425,-156,-474
33,11,1147,441,-441,-236
33,11,1165,363,-447,0
33,11,1177,410,-359,-344
33,11,1177,413,-334,-369
33,11,1180,364,-498,-37
33,11,1181,380,-500,0
33,11,1182,363,-500,0
33,11,1182,379,-500,25
33,11,1191,380,-500,0
33,11,1192,378,-500,11
33,12,1131,461,0,-447
33,12,1141,460,-129,-428
33,12,1149,383,-191,462
33,12,1175,460,-405,-242
33,12,1177,446,-418,0
33,12,1178,444,-418,0
33,12,1179,444,-418,0
33,12,1179,447,-417,-31
33,12,1180,444,-414,0
33,12,1180,445,-500,0
33,12,1181,444,-500,0
33,12,1181,444,-414,0
33,12,1190,424,-500,0
33,14,1121,494,-132,0
33,14,1129,492,-132,198
33,14,1129,493,-64,143
33,14,1130,435,130,-26
33,14,1130,435,133,-7
33,14,1130,496,71,171
33,14,1131,422,-16,19
33,14,1131,519,0,-395
33,14,1140,445,-421,0
33,14,1145,526,-181,-438
33,14,1149,446,-157,0
33,14,1149,455,-212,0
33,14,1170,444,-471,23
33,14,1170,449,-471,23
33,14,1170,453,-471,23
33,14,1170,460,-471,23
33,14,1170,465,-471,23
33,14,1170,480,-471,23
33,14,1179,443,-417,30
33,14,1179,444,-417,30
33,14,1179,447,-418,-21
33,14,1179,447,-417,30
33,14,1179,448,-418,-21
33,14,1179,448,-417,30
33,14,1179,450,-417,30
33,14,1179,452,-417,30
33,14,1179,454,-417,30
33,14,1179,462,-417,30
33,14,1179,480,-417,30
33,14,1179,481,-417,30
33,14,1179,482,-417,30
33,14,1179,485,-417,30
33,14,1179,489,-417,30
33,14,1179,516,-345,-361
33,14,1181,436,-470,167
33,14,1181,444,-500,0
33,14,1182,444,-392,0
33,14,1182,445,-471,0
33,14,1183,444,-392,0
33,14,1183,449,-392,-9
33,14,1183,450,-392,-9
33,14,1183,497,-392,19
33,14,1185,445,-500,0
33,14,1186,434,-474,156
33,14,1186,444,-366,0
33,14,1186,450,-366,-8
33,14,1187,442,-366,18
33,14,1187,443,-366,18
33,14,1187,444,-366,0
33,14,1187,445,-366,0
33,14,1187,446,-366,18
33,14,1187,447,-366,-8
33,14,1187,447,-366,18
33,14,1187,448,-366,-8
33,14,1187,448,-366,18
33,14,1187,449,-366,-8
33,14,1187,449,-366,18
33,14,1187,451,-366,18
33,14,1187,452,-366,18
33,14,1187,453,-366,18
33,14,1187,454,-366,18
33,14,1187,459,-366,18
33,14,1187,461,-366,18
33,14,1187,462,-366,18
33,14,1187,464,-366,18
33,14,1187,477,-366,18
33,14,1187,479,-366,18
33,14,1187,480,-366,0
33,14,1187,480,-366,18
33,14,1187,481,-366,18
33,14,1187,484,-366,18
33,14,1187,485,-366,18
33,14,1187,486,-366,18
33,14,1187,488,-366,18
33,14,1187,496,-366,0
33,14,1188,444,-340,0
33,14,1189,444,-361,0
33,14,1189,445,-340,-8
33,14,1190,445,-500,0
33,14,1191,444,-500,0
33,16,1124,491,22,12
33,16,1125,494,-43,-446
33,16,1127,498,-372,-199
33,16,1127,498,-303,-162
33,16,1130,497,2,-104
33,16,1130,497,202,19
33,16,1130,499,-155,72
33,16,1130,499,-23,-12
33,16,1151,537,-211,20
33,16,1158,540,-418,0
33,16,1160,505,-471,0
33,16,1160,509,-471,0
33,16,1160,514,-471,0
33,16,1167,568,-353,-353
33,16,1168,511,-471,0
33,16,1170,506,-471,23
33,16,1170,510,-471,23
33,16,1170,520,-471,23
33,16,1170,522,-471,23
33,16,1170,523,-471,23
33,16,1170,531,-471,23
33,16,1170,533,-471,23
33,16,1170,534,-471,23
33,16,1170,535,-471,23
33,16,1170,536,-471,23
33,16,1170,537,-471,23
33,16,1170,542,-471,23
33,16,1170,543,-471,23
33,16,1170,544,-471,23
33,16,1170,545,-471,23
33,16,1171,540,-444,0
33,16,1173,547,-473,0
33,16,1174,469,-416,277
33,16,1174,575,-353,-353
33,16,1177,548,-500,-25
33,16,1177,579,-361,-345
33,16,1179,501,-417,30
33,16,1179,516,-417,30
33,16,1179,518,-417,30
33,16,1179,520,-417,30
33,16,1179,522,-417,30
33,16,1179,523,-417,30
33,16,1179,524,-417,30
33,16,1179,525,-417,30
33,16,1179,527,-417,30
33,16,1179,529,-417,30
33,16,1179,531,-417,30
33,16,1179,533,-417,30
33,16,1179,535,-417,30
33,16,1179,543,-417,30
33,16,1179,544,-417,30
33,16,1179,545,-417,30
33,16,1182,545,-392,8
33,16,1186,545,-366,8
33,16,1186,545,-366,18
33,16,1187,496,-366,0
33,16,1187,497,-366,18
33,16,1187,500,-366,18
33,16,1187,504,-366,18
33,16,1187,505,-366,18
33,16,1187,508,-366,18
33,16,1187,509,-366,18
33,16,1187,512,-366,18
33,16,1187,513,-366,18
33,16,1187,515,-366,18
33,16,1187,517,-366,18
33,16,1187,519,-366,18
33,16,1187,520,-366,18
33,16,1187,521,-366,18
33,16,1187,522,-366,18
33,16,1187,523,-366,18
33,16,1187,524,-366,18
33,16,1187,526,-366,18
33,16,1187,528,-366,18
33,16,1187,530,-366,18
33,16,1187,532,-366,18
33,16,1187,533,-366,18
33,16,1187,534,-366,18
33,16,1187,535,-366,18
33,16,1187,536,-366,18
33,16,1187,540,-366,18
33,16,1187,541,-366,18
33,16,1187,542,-366,18
33,16,1187,543,-366,18
33,16,1187,543,-340,-17
33,16,1187,544,-366,18
33,16,1188,540,-340,0
33,16,1189,499,-340,0
33,16,1189,510,-340,0
33,16,1189,511,-340,0
33,16,1192,547,-500,0
34,10,1131,368,0,0
34,10,1131,378,-4,-25
34,10,1131,383,0,-26
34,10,1132,394,-21,-421
34,10,1134,389,-121,-50
34,10,1153,388,-33,-71
34,10,1157,391,-326,-378
34,10,1170,389,-345,-361
34,10,1172,369,-331,-91
34,10,1173,369,-392,-48
34,10,1173,369,-331,-91
34,10,1182,373,-403,-121
34,10,1187,374,-432,-119
34,10,1188,377,-442,-170
34,10,1191,375,-457,-126
34,10,1192,373,-462,-103
34,10,1192,374,-459,-114
34,10,1193,372,-462,-103
34,10,1196,375,-482,-132
34,10,1197,364,-447,0
34,10,1197,374,-488,-109
34,10,1197,375,-484,-121
34,10,1208,363,-433,0
34,10,1209,363,-354,0
34,10,1212,363,-500,0
34,10,1212,363,-497,0
34,10,1222,363,-500,0
34,10,1222,363,-444,0
36,10,1148,420,60,-496
36,10,1149,415,74,-494
36,10,1208,419,19,-392
36,10,1208,421,28,-391
36,10,1216,417,0,-405
36,10,1216,417,0,-387
36,10,1216,418,0,-366
36,10,1216,420,0,-390
36,10,1217,403,-35,-469
36,10,1217,412,-21,-418
36,10,1217,417,-30,-412
36,10,1217,417,-20,-403
36,10,1217,420,-27,-365
36,10,1219,416,-58,-388
36,10,1221,412,-21,-418
36,10,1222,420,-18,-366
36,10,1226,407,-345,-361
36,10,1227,393,0,-261
36,10,1228,412,-21,-418
36,10,1229,411,-344,-359
36,10,1229,420,-18,-366
36,10,1233,398,-361,-345
36,10,1242,406,-361,-345
36,10,1243,413,-307,-357
36,10,1244,408,-361,-345
36,10,1244,409,-361,-345
36,10,1244,409,-345,-361
36,10,1244,411,-344,-359
36,10,1245,409,-361,-345
36,10,1247,413,-345,-361
36,10,1257,377,-363,-150
36,10,1260,374,-459,-114
36,10,1261,372,-462,-103
36,10,1265,356,-473,0
36,10,1265,357,-473,-11
36,10,1269,361,-473,10
36,10,1270,375,-488,-109
36,10,1278,356,-500,0
36,10,1279,356,-500,0
36,10,1279,363,-500,0
36,10,1283,356,-500,0
37,33,1290,1069,-419,-31
37,33,1291,1090,0,-500
37,33,1293,1089,-394,-306
37,33,1294,1087,-167,-470
37,33,1294,1090,-109,-488
37,33,1295,1057,-203,457
37,33,1295,1086,-167,-470
37,33,1295,1090,-167,-470
37,33,1307,1084,-500,0
37,33,1308,1084,-500,0
37,33,1308,1085,-500,0
37,33,1310,1064,-494,74
37,33,1311,1065,-498,37
37,35,1289,1136,-416,-62
37,35,1289,1137,-416,-62
37,35,1290,1137,-415,-72
37,35,1291,1117,0,500
37,35,1291,1123,-361,345
37,35,1291,1152,0,-500
37,35,1291,1154,0,-500
37,35,1291,1155,0,-500
37,35,1293,1119,-97,490
37,35,1293,1137,-442,-66
37,35,1294,1120,-97,490
37,35,1294,1151,-97,-490
37,35,1295,1150,-203,-457
37,35,1295,1155,-121,-484
37,35,1295,1157,-121,-484
37,35,1307,1125,-478,144
37,35,1308,1124,-402,296
37,35,1308,1126,-478,144
37,37,1274,1201,-391,58
37,37,1291,1181,0,500
37,37,1291,1188,0,433
37,37,1291,1216,0,-500
37,37,1291,1217,0,-500
37,37,1294,1193,-441,236
37,37,1295,1181,-167,470
37,37,1297,1176,-144,478
37,37,1301,1211,-408,-287
37,37,1303,1182,-441,236
37,37,1308,1184,-500,0
37,37,1308,1187,-500,0
37,37,1308,1187,-381,281
37,37,1308,1191,-490,97
37,37,1311,1191,-492,85
37,37,1318,1196,-418,0
38,32,1284,1072,-162,302
38,32,1285,1069,123,136
38,32,1287,1076,23,312
38,32,1289,1071,-20,209
38,32,1289,1076,23,-11
38,32,1291,1007,0,-159
38,32,1291,1011,0,-107
38,32,1291,1069,-144,117
38,32,1291,1075,137,77
38,32,1291,1077,135,81
38,32,1291,1088,0,-342
38,32,1291,1090,0,-314
38,32,1291,1099,0,-421
38,32,1291,1101,0,-447
38,32,1291,1118,0,-500
38,32,1294,1072,-411,-92
38,32,1301,1084,419,41
38,32,1301,1100,-129,-428
38,32,1305,1009,0,-81
38,32,1306,1087,-255,-266
38,32,1324,1019,-421,0
38,32,1324,1028,-421,0
38,32,1325,1028,-447,0
38,32,1326,999,-425,139
38,32,1326,1000,-425,139
38,32,1328,1028,-447,0
38,32,1328,1107,-353,-353
38,32,1331,1104,-386,-316
38,32,1333,1087,-444,0
38,32,1333,1092,-361,-345
38,32,1333,1105,-394,-306
38,32,1334,1088,-444,-10
38,32,1334,1092,-361,-345
38,32,1335,1085,-353,-353
38,32,1335,1100,-353,-353
38,32,1335,1102,-397,-252
38,32,1336,1090,-492,-85
38,32,1337,1084,-440,0
38,32,1337,1087,-359,-344
38,32,1337,1088,-359,-344
38,32,1337,1096,-359,-344
38,32,1338,1084,-418,0
38,32,1338,1086,-418,-21
38,32,1338,1086,-418,0
38,32,1338,1087,-418,0
38,32,1339,1084,-500,0
38,32,1339,1084,-418,0
38,32,1339,1087,-418,-21
38,32,1339,1087,-417,-31
38,32,1339,1088,-418,0
38,32,1340,1084,-500,0
38,32,1340,1084,-414,0
38,32,1341,1028,-500,0
38,32,1341,1084,-414,0
38,32,1341,1091,-494,-74
38,32,1341,1091,-492,-85
38,32,1351,1028,-500,0
38,34,1289,1075,-21,-14
38,34,1289,1075,155,-19
38,34,1289,1140,17,342
38,34,1289,1140,18,369
38,34,1291,1053,0,300
38,34,1291,1163,0,-421
38,34,1291,1182,0,-500
38,34,1294,1083,-175,-53
38,34,1301,1148,419,41
38,34,1310,1094,-212,0
38,34,1319,1092,-209,0
38,34,1322,1121,-112,144
38,34,1323,1085,-421,0
38,34,1323,1159,-497,0
38,34,1324,1159,-497,0
38,34,1325,1099,-495,36
38,34,1326,1086,-500,-11
38,34,1330,1094,-471,23
38,34,1330,1095,-471,23
38,34,1330,1096,-471,23
38,34,1330,1098,-471,23
38,34,1330,1121,-471,23
38,34,1332,1084,-500,0
38,34,1332,1130,-444,0
38,34,1333,1136,-494,74
38,34,1337,1084,-440,0
38,34,1337,1151,-351,-351
38,34,1338,1147,-418,0
38,34,1339,1083,-417,30
38,34,1339,1084,-417,30
38,34,1339,1085,-417,30
38,34,1339,1087,-418,-21
38,34,1339,1087,-417,30
38,34,1339,1088,-418,-21
38,34,1339,1088,-417,30
38,34,1339,1089,-417,30
38,34,1339,1090,-417,30
38,34,1339,1091,-417,30
38,34,1339,1092,-417,30
38,34,1339,1093,-417,30
38,34,1339,1094,-417,30
38,34,1339,1095,-417,30
38,34,1339,1096,-417,30
38,34,1339,1097,-417,30
38,34,1339,1098,-417,30
38,34,1339,1099,-417,30
38,34,1339,1103,-417,30
38,34,1339,1104,-417,30
38,34,1339,1111,-417,30
38,34,1339,1112,-417,30
38,34,1339,1113,-417,30
38,34,1339,1114,-417,30
38,34,1339,1115,-417,30
38,34,1339,1116,-417,30
38,34,1339,1118,-417,30
38,34,1339,1119,-417,30
38,34,1339,1121,-417,30
38,34,1339,1122,-417,30
38,34,1339,1123,-417,30
38,34,1339,1124,-417,30
38,34,1339,1125,-417,30
38,34,1339,1127,-417,30
38,34,1339,1128,-417,30
38,34,1339,1129,-417,30
38,34,1339,1136,-418,0
38,34,1340,1085,-500,0
38,34,1340,1155,-353,-353
38,34,1341,1139,-392,0
38,34,1342,1084,-392,0
38,34,1342,1086,-392,0
38,34,1342,1087,-392,0
38,34,1343,1084,-392,0
38,34,1343,1089,-392,-9
38,34,1343,1090,-392,-9
38,34,1343,1137,-392,19
38,34,1345,1085,-500,0
38,34,1345,1123,-366,0
38,34,1345,1139,-366,0
38,34,1346,1084,-366,0
38,34,1346,1086,-366,0
38,34,1346,1087,-366,-8
38,34,1346,1087,-366,0
38,34,1346,1090,-366,-8
38,34,1347,1082,-366,18
38,34,1347,1083,-366,18
38,34,1347,1084,-366,0
38,34,1347,1084,-366,18
38,34,1347,1085,-366,18
38,34,1347,1086,-366,18
38,34,1347,1087,-366,-8
38,34,1347,1087,-366,18
38,34,1347,1088,-366,-8
38,34,1347,1088,-366,18
38,34,1347,1089,-366,-8
38,34,1347,1089,-366,18
38,34,1347,1090,-366,18
38,34,1347,1091,-366,18
38,34,1347,1092,-366,18
38,34,1347,1093,-366,18
38,34,1347,1094,-366,18
38,34,1347,1095,-366,18
38,34,1347,1096,-366,18
38,34,1347,1097,-366,18
38,34,1347,1098,-366,18
38,34,1347,1101,-366,18
38,34,1347,1102,-366,18
38,34,1347,1103,-366,18
38,34,1347,1104,-366,18
38,34,1347,1106,-366,18
38,34,1347,1108,-366,18
38,34,1347,1110,-366,18
38,34,1347,1111,-366,18
38,34,1347,1112,-366,18
38,34,1347,1113,-366,18
38,34,1347,1114,-366,18
38,34,1347,1115,-366,18
38,34,1347,1116,-366,18
38,34,1347,1117,-366,18
38,34,1347,1118,-366,18
38,34,1347,1120,-366,18
38,34,1347,1121,-366,18
38,34,1347,1122,-366,18
38,34,1347,1123,-366,18
38,34,1347,1124,-366,0
38,34,1347,1124,-366,18
38,34,1347,1125,-366,18
38,34,1347,1126,-366,18
38,34,1347,1127,-366,0
38,34,1347,1127,-366,18
38,34,1347,1128,-366,18
38,34,1347,1136,-366,0
38,34,1348,1087,-340,-17
38,34,1349,1084,-361,0
38,34,1349,1085,-340,0
38,34,1349,1123,-340,0
38,34,1349,1130,-340,0
38,34,1350,1085,-500,0
38,34,1351,1086,-500,0
38,34,1352,1085,-500,0
38,34,1352,1088,-498,-48
38,36,1272,1131,-24,9
38,36,1283,1131,26,1
38,36,1284,1131,22,12
38,36,1285,1131,158,-175
38,36,1285,1134,-233,-350
38,36,1285,1134,-43,-446
38,36,1287,1138,-303,-162
38,36,1288,1139,-115,-62
38,36,1289,1196,-121,99
38,36,1289,1196,-115,61
38,36,1290,1137,2,-104
38,36,1291,1107,0,433
38,36,1291,1219,0,-369
38,36,1291,1227,0,-421
38,36,1293,1127,214,-128
38,36,1305,1196,-130,0
38,36,1309,1185,-157,0
38,36,1320,1148,-471,0
38,36,1320,1152,-471,0
38,36,1325,1176,-495,36
38,36,1330,1143,-471,23
38,36,1330,1144,-471,23
38,36,1330,1147,-471,23
38,36,1330,1158,-471,23
38,36,1330,1162,-471,23
38,36,1330,1167,-471,23
38,36,1330,1175,-471,23
38,36,1330,1176,-471,23
38,36,1330,1178,-471,23
38,36,1330,1182,-490,97
38,36,1330,1184,-471,23
38,36,1332,1123,-345,361
38,36,1334,1188,-498,-37
38,36,1337,1117,-351,351
38,36,1337,1188,-500,-25
38,36,1338,1117,-345,361
38,36,1338,1188,-500,-25
38,36,1339,1117,-353,353
38,36,1339,1140,-417,30
38,36,1339,1142,-417,30
38,36,1339,1143,-417,30
38,36,1339,1147,-417,30
38,36,1339,1150,-417,30
38,36,1339,1154,-417,30
38,36,1339,1156,-417,30
38,36,1339,1157,-417,30
38,36,1339,1158,-417,30
38,36,1339,1174,-417,30
38,36,1339,1176,-417,30
38,36,1339,1178,-417,30
38,36,1339,1180,-417,30
38,36,1339,1182,-417,30
38,36,1339,1183,-417,30
38,36,1339,1184,-417,30
38,36,1339,1185,-418,21
38,36,1339,1185,-417,30
38,36,1342,1184,-392,0
38,36,1342,1185,-392,8
38,36,1343,1184,-392,0
38,36,1343,1185,-392,8
38,36,1343,1185,-392,19
38,36,1344,1179,-490,97
38,36,1344,1180,-366,0
38,36,1345,1187,-500,0
38,36,1346,1183,-366,-18
38,36,1346,1184,-366,0
38,36,1346,1185,-366,8
38,36,1346,1185,-366,18
38,36,1347,1136,-366,0
38,36,1347,1137,-366,18
38,36,1347,1138,-366,18
38,36,1347,1139,-366,18
38,36,1347,1140,-366,18
38,36,1347,1141,-366,18
38,36,1347,1142,-366,18
38,36,1347,1143,-366,18
38,36,1347,1144,-366,18
38,36,1347,1146,-366,18
38,36,1347,1147,-366,18
38,36,1347,1149,-366,18
38,36,1347,1150,-366,18
38,36,1347,1151,-366,18
38,36,1347,1153,-366,18
38,36,1347,1155,-366,18
38,36,1347,1156,-366,18
38,36,1347,1157,-366,18
38,36,1347,1161,-366,18
38,36,1347,1162,-366,18
38,36,1347,1166,-366,18
38,36,1347,1167,-366,18
38,36,1347,1168,-366,18
38,36,1347,1170,-366,18
38,36,1347,1171,-366,18
38,36,1347,1172,-366,18
38,36,1347,1173,-366,18
38,36,1347,1174,-366,18
38,36,1347,1175,-366,18
38,36,1347,1177,-366,18
38,36,1347,1179,-366,18
38,36,1347,1180,-366,18
38,36,1347,1181,-366,18
38,36,1347,1182,-366,18
38,36,1347,1183,-366,18
38,36,1347,1184,-366,18
38,36,1347,1187,-485,0
38,36,1348,1180,-340,0
38,36,1348,1184,-498,-48
38,36,1349,1139,-340,0
38,36,1349,1141,-340,0
38,36,1349,1178,-490,97
38,36,1349,1184,-340,0
38,36,1350,1187,-500,0
38,36,1352,1139,-447,0
38,36,1352,1187,-500,0
38,38,1275,1202,-87,-130
38,38,1276,1195,25,5
38,38,1280,1195,-26,0
38,38,1280,1195,0,0
38,38,1280,1195,26,-1
38,38,1281,1195,26,0
38,38,1281,1195,51,-59
38,38,1281,1195,104,0
38,38,1281,1203,182,-36
38,38,1282,1195,89,-54
38,38,1282,1195,95,-42
38,38,1282,1195,97,-37
38,38,1282,1195,134,-81
38,38,1283,1195,95,-42
38,38,1283,1196,-381,-281
38,38,1283,1196,70,-468
38,38,1284,1195,-121,-484
38,38,1285,1195,22,13
38,38,1286,1195,22,12
38,38,1287,1195,92,-49
38,38,1287,1200,-446,-43
38,38,1288,1195,-12,-23
38,38,1289,1203,72,-108
38,38,1290,1197,5,-235
38,38,1290,1203,0,-52
38,38,1290,1316,394,-306
38,38,1291,1194,0,0
38,38,1291,1198,242,-100
38,38,1292,1203,153,-34
38,38,1292,1310,156,-474
38,38,1294,1187,-298,-298
38,38,1298,1201,244,-101
38,38,1301,1145,-121,484
38,38,1301,1181,-248,372
38,38,1303,1163,-137,453
38,38,1312,1296,-296,402
38,38,1325,1176,-497,11
38,38,1329,1180,-471,-11
38,38,1329,1192,-500,0
38,38,1331,1180,-444,0
38,38,1332,1192,-500,0
38,38,1332,1243,-500,0
38,38,1333,1184,-444,0
38,38,1337,1167,-335,371
38,38,1337,1175,-359,343
38,38,1337,1175,-351,351
38,38,1337,1176,-359,343
38,38,1337,1176,-351,351
38,38,1337,1179,-351,351
38,38,1337,1186,-418,0
38,38,1337,1191,-351,351
38,38,1337,1192,-351,351
38,38,1338,1167,-344,358
38,38,1338,1185,-418,21
38,38,1339,1180,-490,97
38,38,1339,1185,-418,21
38,38,1339,1189,-418,-21
38,38,1340,1189,-340,325
38,38,1341,1180,-488,109
38,38,1341,1182,-470,57
38,38,1341,1185,-392,8
38,38,1342,1175,-371,335
38,38,1343,1180,-494,74
38,38,1343,1181,-494,74
38,38,1345,1192,-500,0
38,38,1350,1243,-500,0
48,97,1564,3034,0,340
48,97,1564,3040,0,500
48,97,1564,3041,0,500
48,97,1566,3042,-74,494
48,97,1567,3075,-119,236
48,97,1578,3070,-29,43
48,97,1579,3077,0,0
48,97,1587,3081,-425,139
48,97,1588,3081,-425,139
48,97,1588,3087,-444,53
48,97,1591,3082,-461,103
48,97,1591,3084,-464,92
48,97,1593,3082,-461,103
48,97,1595,3038,85,492
48,97,1596,3085,-389,47
48,97,1597,3080,-425,139
48,97,1597,3085,-389,47
48,97,1598,3036,37,498
48,97,1600,3036,0,500
48,97,1600,3079,-450,148
48,97,1601,3080,-453,136
48,97,1608,3077,-478,144
48,97,1609,3076,-474,156
48,97,1609,3077,-478,144
48,97,1611,3078,-482,132
48,97,1612,3092,104,0
48,97,1618,3049,-335,371
48,97,1620,3038,-277,416
48,97,1621,3040,-296,402
48,97,1621,3074,-316,386
48,97,1623,3053,-353,353
48,97,1624,3044,-344,358
48,97,1624,3045,-344,358
48,97,1624,3049,-353,353
48,97,1625,3042,-334,368
48,97,1625,3043,-344,358
48,97,1625,3043,-334,368
48,97,1627,3045,-369,333
48,97,1627,3045,-359,343
48,97,1627,3048,-386,316
48,97,1627,3049,-353,353
48,97,1627,3083,-462,103
48,97,1628,3049,-353,353
48,97,1629,3049,-353,353
48,97,1630,3088,-365,26
48,97,1630,3092,-25,4
48,97,1631,3083,-407,111
48,97,1633,3049,-353,353
48,97,1634,3049,-353,353
48,97,1634,3059,-353,353
48,97,1634,3081,-428,129
48,97,1635,3049,-353,353
48,97,1635,3082,-433,108
48,97,1636,3078,-442,169
48,97,1641,3083,-464,92
48,97,1645,3082,-490,97
48,97,1645,3083,-462,103
48,97,1658,3092,-500,0
48,97,1669,3085,-490,97
48,97,1672,3092,-500,0
50,97,1574,3064,223,417
50,97,1588,3074,432,192
50,97,1596,3031,0,500
50,97,1596,3036,74,494
50,97,1596,3074,432,192
50,97,1649,3042,97,490
50,97,1653,3049,-353,353
50,97,1654,3044,-369,333
50,97,1658,3035,26,364
50,97,1658,3049,48,498
50,97,1660,3031,0,500
50,97,1660,3040,0,500
50,97,1660,3057,0,500
50,97,1661,3037,0,366
50,97,1661,3049,-353,353
50,97,1664,3036,0,500
50,97,1664,3037,0,366
50,97,1664,3038,0,366
50,97,1664,3038,0,387
50,97,1664,3038,0,418
50,97,1664,3039,0,366
50,97,1664,3041,0,392
50,97,1664,3061,0,380
50,97,1665,3038,-18,366
50,97,1665,3075,-27,180
50,97,1666,3038,-27,364
50,97,1666,3039,-33,442
50,97,1667,3038,-44,363
50,97,1667,3038,-35,364
50,97,1667,3075,-170,162
50,97,1667,3076,-94,90
50,97,1668,3038,-44,363
50,97,1668,3042,-74,494
50,97,1669,3037,-71,358
50,97,1669,3038,-54,362
50,97,1672,3035,0,340
50,97,1672,3038,-123,372
50,97,1672,3038,-113,375
50,97,1672,3039,-123,372
50,97,1673,3034,0,340
50,97,1673,3040,-123,372
50,97,1674,3072,-191,182
50,97,1675,3034,0,340
50,97,1675,3037,-106,350
50,97,1675,3091,-20,-209
50,97,1676,3038,-150,363
50,97,1676,3092,78,7
50,97,1677,3094,169,69
50,97,1678,3096,96,39
50,97,1680,3058,-45,257
50,97,1680,3074,0,209
50,97,1680,3075,0,209
50,97,1680,3097,350,233
50,97,1682,3039,28,391
50,97,1683,3038,0,366
50,97,1683,3041,0,392
50,97,1684,3038,0,366
50,97,1684,3038,0,369
50,97,1684,3039,0,366
50,97,1684,3091,253,-136
50,97,1684,3092,126,0
50,97,1684,3093,-82,-164
50,97,1684,3095,0,0
50,97,1684,3095,5,-25
50,97,1684,3098,-12,-23
50,97,1684,3098,6,-25
50,97,1684,3098,471,-46
50,97,1685,3049,-353,353
50,97,1686,3049,-353,353
50,97,1687,3049,-353,353
50,97,1687,3092,0,0
50,97,1688,3049,-353,353
50,97,1689,3045,-344,358
50,97,1689,3049,-353,353
50,97,1692,3046,-345,361
50,97,1692,3047,-361,345
50,97,1692,3048,-371,335
50,97,1694,3046,-361,345
50,97,1695,3044,-353,353
50,97,1696,3045,-369,333
50,97,1698,3046,-378,326
50,97,1702,3082,-140,-339
50,97,1705,3068,-353,274
50,97,1705,3084,-408,101
50,97,1738,3092,-500,0
50,98,1656,3083,306,394
50,98,1661,3082,408,287
50,98,1662,3079,236,441
50,98,1663,3081,378,326
50,98,1664,3076,-148,449
50,98,1664,3076,0,500
50,98,1664,3079,74,494
50,98,1666,3092,482,132
50,98,1667,3092,75,250
50,98,1668,3075,-148,449
50,98,1668,3091,498,37
50,98,1669,3092,-138,207
50,98,1669,3092,500,0
50,98,1672,3092,276,0
50,98,1674,3092,276,0
50,98,1675,3098,0,104
50,98,1679,3090,-62,416
50,98,1679,3097,-58,390
50,98,1683,3122,196,-81
50,98,1684,3075,0,500
50,98,1694,3088,-478,144
50,98,1694,3088,-466,179
50,98,1697,3092,-500,0
50,98,1699,3088,-488,109
52,98,1665,3082,361,345
52,98,1665,3085,408,287
52,98,1666,3080,236,441
52,98,1669,3081,246,435
52,98,1670,3082,212,451
52,98,1671,3079,144,478
52,98,1672,3092,-27,275
52,98,1675,3093,334,178
52,98,1675,3113,15,20
52,98,1679,3096,76,387
52,98,1683,3090,123,344
52,98,1683,3093,21,421
52,98,1684,3089,0,447
52,98,1684,3093,0,421
52,98,1684,3118,159,89
52,98,1690,3090,-484,121
52,98,1692,3092,-500,0
52,98,1694,3090,-490,97
52,98,1695,3090,-492,85
52,98,1697,3089,-484,121
52,98,1699,3087,-474,156
52,98,1699,3088,-484,121
52,98,1703,3088,-490,97
53,97,1657,3071,332,258
53,97,1660,3050,0,500
53,97,1660,3078,344,194
53,97,1662,3092,161,301
53,97,1675,3097,74,-138
53,97,1675,3124,0,0
53,97,1676,3098,-446,43
53,97,1678,3090,-323,226
53,97,1679,3096,-263,175
53,97,1680,3086,-223,-183
53,97,1680,3100,-98,-154
53,97,1682,3035,18,366
53,97,1682,3036,18,366
53,97,1682,3036,26,364
53,97,1682,3087,-199,371
53,97,1683,3034,0,340
53,97,1683,3091,12,-131
53,97,1683,3108,-66,-171
53,97,1684,3033,0,342
53,97,1684,3034,0,340
53,97,1684,3035,0,340
53,97,1690,3034,0,340
53,97,1692,3034,0,340
53,97,1693,3044,353,353
53,97,1695,3034,0,340
53,97,1695,3046,353,353
53,97,1697,3034,0,340
53,97,1698,3035,0,340
53,97,1699,3034,0,340
53,97,1699,3043,325,340
53,97,1699,3046,353,353
53,97,1703,3039,240,341
53,97,1704,3040,240,341
53,97,1704,3072,0,235
53,97,1705,3034,0,340
53,97,1706,3037,202,337
53,97,1708,3034,0,340
53,97,1708,3045,358,343
53,97,1709,3034,0,340
53,97,1710,3034,0,340
53,97,1711,3034,0,340
53,97,1711,3035,0,340
53,97,1713,3034,0,340
53,97,1713,3036,131,341
53,97,1714,3034,0,340
53,97,1715,3034,0,340
53,97,1716,3034,0,340
53,97,1716,3037,114,347
53,97,1717,3034,0,340
53,97,1718,3034,0,340
53,97,1718,3037,97,353
53,97,1719,3034,0,340
53,97,1722,3034,0,340
53,97,1723,3034,0,340
53,97,1724,3034,0,340
53,97,1724,3074,82,163
53,97,1725,3034,0,340
53,97,1727,3034,0,340
53,97,1727,3035,0,340
53,97,1727,3091,138,-74
53,97,1728,3034,0,340
53,97,1728,3035,0,340
53,97,1728,3038,0,366
53,97,1728,3038,0,387
53,97,1728,3039,0,340
53,97,1730,3034,0,340
53,97,1730,3076,0,78
53,97,1731,3034,0,340
53,97,1731,3090,101,-152
53,97,1732,3034,0,340
53,97,1734,3034,0,340
53,97,1737,3034,0,340
53,97,1740,3034,0,340
53,97,1741,3034,0,340
53,97,1742,3034,0,340
53,97,1743,3034,0,340
53,97,1744,3034,0,340
53,97,1745,3034,0,340
53,97,1746,3034,0,340
53,97,1747,3034,0,340
53,97,1748,3034,0,340
53,97,1749,3034,0,340
53,97,1750,3034,0,340
53,97,1752,3034,0,340
53,97,1752,3071,0,261
53,97,1753,3034,0,340
53,97,1754,3034,0,340
53,97,1757,3049,-361,345
53,97,1758,3034,0,340
53,97,1759,3034,0,340
53,97,1760,3035,0,340
53,97,1762,3038,0,366
53,97,1764,3034,0,340
53,97,1765,3034,0,340
53,97,1765,3038,0,366
53,97,1766,3034,0,340
53,97,1767,3034,0,340
53,97,1768,3034,0,340
53,97,1768,3035,18,366
53,97,1769,3034,0,340
53,97,1769,3035,0,340
53,97,1769,3035,18,366
53,97,1769,3035,26,364
53,97,1770,3034,0,340
53,97,1771,3034,0,340
53,97,1772,3087,198,371
53,97,1773,3035,0,366
53,97,1777,3077,-176,194
53,97,1780,3095,5,-25
53,97,1807,3058,-335,371
53,97,1827,3080,-466,179
54,98,1755,3086,474,156
54,98,1756,3080,394,306
54,98,1756,3086,466,179
54,98,1756,3086,470,167
54,98,1758,3089,490,97
54,98,1765,3090,484,121
54,98,1770,3075,0,500
54,98,1770,3092,435,246
54,98,1771,3093,0,421
54,98,1771,3098,0,104
54,98,1782,3079,-97,490
54,98,1784,3088,-287,408
54,98,1790,3082,-361,345
54,98,1790,3087,-466,179
54,98,1791,3092,-500,0
56,97,1737,3050,368,333
56,97,1739,3076,482,132
56,97,1743,3070,361,345
56,97,1751,3082,403,121
56,97,1753,3080,457,125
56,97,1756,3083,408,101
56,97,1764,3045,358,343
56,97,1765,3045,358,343
56,97,1766,3092,25,5
56,97,1767,3045,358,343
56,97,1768,3045,351,351
56,97,1768,3045,358,343
56,97,1769,3045,351,351
56,97,1769,3045,358,343
56,97,1771,3093,-2,25
56,97,1771,3094,0,-130
56,97,1771,3095,-51,-91
56,97,1771,3101,1,-26
56,97,1772,3038,0,366
56,97,1772,3094,-421,-10
56,97,1772,3097,-157,-94
56,97,1772,3098,-446,43
56,97,1773,3045,358,343
56,97,1773,3077,132,161
56,97,1773,3117,-79,221
56,97,1774,3039,28,391
56,97,1774,3045,358,343
56,97,1775,3096,-263,175
56,97,1776,3035,26,364
56,97,1776,3086,-223,-183
56,97,1776,3093,-209,20
56,97,1777,3045,358,343
56,97,1777,3099,-203,339
56,97,1778,3087,-132,-162
56,97,1778,3093,-133,88
56,97,1778,3095,17,-182
56,97,1778,3097,-133,-88
56,97,1779,3086,-90,-218
56,97,1779,3089,-13,-182
56,97,1779,3095,-350,233
56,97,1779,3096,-28,100
56,97,1779,3096,-11,23
56,97,1780,3034,0,340
56,97,1780,3035,0,340
56,97,1780,3091,57,-87
56,97,1781,3034,0,340
56,97,1781,3045,358,343
56,97,1781,3049,353,353
56,97,1782,3034,0,340
56,97,1782,3045,358,343
56,97,1783,3034,0,340
56,97,1783,3044,351,351
56,97,1783,3045,358,343
56,97,1784,3034,0,340
56,97,1784,3045,358,343
56,97,1785,3034,0,340
56,97,1785,3044,351,351
56,97,1785,3045,358,343
56,97,1786,3038,0,366
56,97,1787,3034,0,340
56,97,1788,3034,0,340
56,97,1789,3034,0,340
56,97,1789,3045,358,343
56,97,1789,3071,142,157
56,97,1790,3036,-18,366
56,97,1790,3045,358,343
56,97,1790,3072,151,144
56,97,1792,3034,0,340
56,97,1792,3035,0,340
56,97,1792,3037,0,366
56,97,1792,3038,0,366
56,97,1792,3038,0,387
56,97,1792,3039,0,366
56,97,1793,3049,353,353
56,97,1794,3035,-37,498
56,97,1794,3035,26,364
56,97,1794,3045,358,343
56,97,1795,3045,358,343
56,97,1796,3033,0,500
56,97,1796,3036,-60,496
56,97,1796,3045,358,343
56,97,1796,3049,353,353
56,97,1796,3058,0,447
56,97,1796,3063,0,395
56,97,1796,3064,0,395
56,97,1797,3045,358,343
56,97,1797,3049,353,353
56,97,1798,3035,-18,366
56,97,1798,3045,358,343
56,97,1799,3045,358,343
56,97,1800,3044,351,351
56,97,1800,3045,358,343
56,97,1801,3044,351,351
56,97,1801,3045,358,343
56,97,1801,3049,353,353
56,97,1802,3044,351,351
56,97,1802,3045,358,343
56,97,1802,3049,353,353
56,97,1803,3042,332,332
56,97,1804,3044,351,351
56,97,1804,3045,358,343
56,97,1805,3035,-121,484
56,97,1805,3044,351,351
56,97,1805,3045,358,343
56,97,1805,3046,351,351
56,97,1805,3049,353,353
56,97,1806,3044,351,351
56,97,1806,3045,358,343
56,97,1807,3045,343,358
56,97,1808,3049,353,353
56,97,1811,3034,0,340
56,97,1811,3049,353,353
56,97,1852,3032,0,500
56,97,1852,3035,0,500
56,97,1884,3068,-500,0
56,97,1884,3069,-500,-11
63,121,1946,3872,500,0
63,121,1956,3840,500,0
63,121,1958,3843,473,10
63,121,1959,3911,498,48
63,121,1962,3829,361,345
63,121,1963,3872,500,0
63,121,1965,3820,345,361
63,121,1967,3940,471,-11
63,121,1972,3814,246,435
63,121,1973,3882,419,-31
63,121,1974,3818,335,371
63,121,1984,3809,74,494
63,121,1986,3810,37,498
63,121,1986,3814,85,492
63,121,1987,3817,37,498
63,121,1988,3809,0,500
63,121,1988,3810,0,500
63,121,1988,3813,0,500
63,121,1988,3814,0,500
63,121,1988,3826,0,500
63,121,1988,3828,0,500
63,121,2073,3852,0,0
63,121,2074,3846,-230,51
63,121,2092,3874,3,-171
63,121,2093,3875,148,-99
63,121,2094,3871,189,-163
63,121,2095,3861,-289,183
63,121,2096,3857,-140,424
63,121,2096,3870,232,-148
63,121,2096,3875,202,-25
63,121,2096,3877,229,-22
63,121,2097,3869,289,-28
63,121,2099,3872,272,40
63,121,2099,3879,275,-20
63,121,2100,3868,315,-23
63,121,2100,3892,0,0
63,121,2103,3891,-302,15
63,121,2104,3853,-128,28
63,121,2106,3852,-101,25
63,121,2106,3868,-437,-98
63,121,2107,3852,-411,92
63,121,2107,3852,-407,111
63,121,2108,3809,0,500
63,121,2108,3810,0,500
63,121,2108,3811,0,500
63,121,2108,3812,-148,449
63,121,2108,3813,0,500
63,121,2108,3814,0,500
63,121,2108,3820,0,500
63,121,2108,3837,-60,496
63,121,2109,3817,-60,496
63,121,2109,3817,-37,498
63,121,2110,3811,-29,391
63,121,2110,3851,-432,118
63,121,2111,3850,-432,118
63,121,2111,3851,-437,97
63,121,2111,3867,179,-243
63,121,2112,3851,-437,97
63,121,2112,3867,137,-207
63,121,2112,3875,-238,0
63,121,2113,3830,-114,319
63,121,2113,3850,-459,114
63,121,2115,3870,-488,-109
63,121,2115,3875,-342,0
63,121,2116,3848,-457,125
63,121,2116,3852,-151,41
63,121,2117,3816,-212,451
63,121,2118,3817,-224,447
63,121,2118,3848,-143,63
63,121,2119,3816,-224,447
63,121,2119,3849,-123,43
63,121,2119,3852,-125,37
63,121,2119,3864,-421,0
63,121,2119,3875,-369,0
63,121,2120,3848,-484,121
63,121,2120,3851,-403,121
63,121,2121,3818,-267,421
63,121,2121,3820,-296,402
63,121,2121,3844,-400,200
63,121,2121,3852,-411,92
63,121,2121,3852,-408,101
63,121,2121,3853,-376,56
63,121,2121,3854,-415,72
63,121,2121,3872,-419,41
63,121,2121,3886,-413,82
63,121,2122,3815,-224,447
63,121,2122,3853,-378,46
63,121,2122,3854,-415,72
63,121,2122,3875,-421,0
63,121,2122,3875,-395,0
63,121,2122,3876,-421,0
63,121,2122,3878,-421,-21
63,121,2123,3813,-224,447
63,121,2123,3814,-236,441
63,121,2123,3816,-246,435
63,121,2123,3816,-174,308
63,121,2123,3837,0,500
63,121,2123,3840,0,500
63,121,2123,3842,-85,492
63,121,2123,3843,-267,421
63,121,2124,3813,-236,441
63,121,2124,3818,-257,429
63,121,2124,3843,-394,262
63,121,2125,3816,-267,421
63,121,2125,3845,-488,109
63,121,2125,3857,-447,22
63,121,2125,3861,-447,0
63,121,2125,3865,-425,139
63,121,2125,3867,-447,0
63,121,2125,3870,-382,254
63,121,2125,3872,-372,248
63,121,2125,3873,-372,248
63,121,2125,3875,-447,0
63,121,2125,3876,-447,0
63,121,2125,3877,-447,0
63,121,2125,3892,-447,0
63,121,2126,3857,-317,210
63,121,2126,3870,-447,0
63,121,2126,3873,-447,-10
63,121,2126,3875,-447,0
63,121,2126,3875,-421,0
63,121,2126,3877,-447,0
63,121,2127,3846,-484,121
63,121,2127,3902,-203,-457
63,121,2129,3855,-472,46
63,121,2129,3863,-473,0
63,121,2129,3871,-473,0
63,121,2129,3873,-473,0
63,121,2129,3875,-473,0
63,121,2129,3876,-473,0
63,121,2129,3877,-473,0
63,121,2130,3819,-335,371
63,121,2130,3835,-306,394
63,121,2130,3835,-74,494
63,121,2130,3843,-496,60
63,121,2131,3822,0,407
63,121,2131,3824,-74,494
63,121,2131,3824,0,380
63,121,2131,3825,0,500
63,121,2131,3828,0,500
63,121,2131,3829,0,500
63,121,2131,3830,-167,470
63,121,2131,3836,-371,335
63,121,2131,3851,-361,345
63,121,2131,3856,0,354
63,121,2132,3818,-353,353
63,121,2132,3834,-345,361
63,121,2132,3854,-213,-175
63,121,2133,3840,-478,144
63,121,2133,3866,-110,364
63,121,2133,3873,-473,0
63,121,2133,3875,-473,0
63,121,2133,3892,-473,0
63,121,2134,3836,-441,236
63,121,2134,3840,-478,144
63,121,2135,3824,-441,236
63,121,2135,3829,-478,144
63,121,2135,3841,-494,74
63,121,2135,3843,-457,203
63,121,2136,3822,-361,345
63,121,2136,3840,-361,345
63,121,2137,3832,-500,0
63,121,2137,3875,-500,0
63,121,2138,3897,-482,-132
63,121,2138,3897,-474,-156
63,121,2138,3902,-435,-246
63,121,2139,3834,-361,345
63,121,2140,3828,-500,0
63,121,2140,3836,-148,449
63,121,2140,3837,-287,408
63,121,2140,3837,-148,449
63,121,2140,3844,-500,0
63,121,2140,3896,-490,-97
63,121,2144,3875,-500,0
63,121,2151,3875,-500,0
64,122,1988,3876,500,0
64,122,2001,3947,314,0
64,122,2018,3880,365,151
64,122,2032,3877,301,211
64,122,2036,3958,25,2
64,122,2045,3979,-232,-232
64,122,2077,3864,15,210
64,122,2082,3866,44,366
64,122,2087,3860,312,94
64,122,2106,3861,41,419
64,122,2108,3857,0,447
64,122,2108,3858,0,447
64,122,2108,3861,0,421
64,122,2109,3867,-180,256
64,122,2117,3840,-167,470
64,122,2117,3845,-167,470
64,122,2117,3867,54,364
64,122,2117,3874,-355,225
64,122,2122,3870,-372,248
64,122,2124,3907,87,-164
64,122,2124,3908,49,-179
64,122,2125,3858,-19,260
64,122,2125,3893,-48,392
64,122,2126,3896,32,99
64,122,2126,3908,221,-164
64,122,2126,3931,-369,0
64,122,2127,3889,171,-164
64,122,2127,3908,221,-164
64,122,2128,3906,237,-23
64,122,2129,3900,230,-130
64,122,2129,3902,312,282
64,122,2129,3907,294,-66
64,122,2130,3864,-96,382
64,122,2131,3841,0,500
64,122,2131,3866,-114,378
64,122,2131,3903,332,-83
64,122,2132,3855,-108,433
64,122,2132,3863,-132,400
64,122,2133,3903,316,-7
64,122,2133,3903,358,308
64,122,2134,3880,-212,0
64,122,2135,3851,-137,453
64,122,2135,3856,-140,424
64,122,2136,3880,-238,0
64,122,2138,3864,-500,0
64,122,2140,3870,-242,311
64,122,2140,3889,-116,141
64,122,2141,3888,-136,158
64,122,2141,3935,-203,-457
64,122,2142,3905,-136,158
64,122,2142,3913,311,282
64,122,2143,3883,-337,149
64,122,2143,3887,-158,174
64,122,2146,3861,-498,-37
64,122,2146,3862,-492,-85
64,122,2146,3883,-237,247
64,122,2148,3876,-282,0
64,122,2148,3881,-369,141
64,122,2149,3914,-333,332
64,122,2150,3861,-500,-25
64,122,2150,3862,-500,0
64,122,2150,3863,-500,0
64,122,2151,3877,-424,212
64,122,2151,3880,-390,161
64,122,2151,3909,-345,361
64,122,2152,3882,-403,121
64,122,2152,3886,-387,76
64,122,2153,3864,-500,-25
64,122,2153,3864,-500,0
64,122,2155,3865,-497,0
64,122,2155,3871,-377,239
64,122,2156,3866,-497,-11
64,122,2157,3850,-335,371
64,122,2158,3879,-425,139
64,122,2159,3864,-471,10
64,122,2159,3875,-500,0
64,122,2160,3865,-471,-11
64,122,2160,3866,-471,10
64,122,2160,3868,-471,0
64,122,2160,3874,-471,10
64,122,2160,3881,-457,125
64,122,2161,3868,-471,-11
64,122,2161,3870,-471,0
64,122,2161,3898,-353,353
64,122,2162,3865,-471,23
64,122,2162,3868,-471,-24
64,122,2162,3876,-446,158
64,122,2164,3866,-444,10
64,122,2164,3867,-444,0
64,122,2164,3875,-500,0
64,122,2164,3880,-500,0
64,122,2165,3871,-444,-10
64,122,2165,3873,-444,0
64,122,2165,3884,-361,345
64,122,2165,3887,-353,353
64,122,2165,3904,-473,0
64,122,2166,3870,-494,74
64,122,2166,3873,-444,-10
64,122,2166,3875,-500,0
64,122,2167,3859,-405,242
64,122,2167,3860,-397,251
64,122,2167,3875,-335,371
64,122,2167,3882,-353,353
64,122,2168,3860,-397,251
64,122,2168,3860,-394,262
64,122,2168,3860,-392,260
64,122,2169,3863,-359,343
64,122,2169,3863,-351,351
64,122,2169,3864,-359,343
64,122,2169,3864,-351,351
64,122,2169,3864,-334,368
64,122,2169,3865,-359,343
64,122,2169,3865,-351,351
64,122,2169,3865,-344,358
64,122,2169,3865,-334,368
64,122,2169,3866,-359,343
64,122,2169,3866,-351,351
64,122,2169,3867,-359,343
64,122,2169,3867,-351,351
64,122,2169,3868,-359,343
64,122,2169,3868,-351,351
64,122,2169,3868,-344,358
64,122,2169,3868,-334,368
64,122,2169,3869,-359,343
64,122,2169,3869,-351,351
64,122,2169,3870,-359,343
64,122,2169,3870,-351,351
64,122,2169,3871,-359,343
64,122,2169,3871,-351,351
64,122,2169,3871,-335,371
64,122,2169,3872,-465,69
64,122,2169,3872,-359,343
64,122,2169,3872,-351,351
64,122,2169,3873,-359,343
64,122,2169,3873,-351,351
64,122,2169,3873,-334,368
64,122,2169,3874,-359,343
64,122,2169,3874,-351,351
64,122,2169,3875,-418,9
64,122,2169,3875,-359,343
64,122,2169,3875,-351,351
64,122,2169,3876,-359,343
64,122,2169,3876,-351,351
64,122,2169,3877,-359,343
64,122,2169,3877,-351,351
64,122,2169,3878,-359,343
64,122,2169,3878,-351,351
64,122,2169,3878,-334,368
64,122,2169,3879,-359,343
64,122,2169,3879,-351,351
64,122,2169,3880,-359,343
64,122,2169,3880,-351,351
64,122,2169,3881,-359,343
64,122,2169,3881,-351,351
64,122,2169,3882,-359,343
64,122,2169,3882,-351,351
64,122,2169,3883,-359,343
64,122,2169,3883,-351,351
64,122,2169,3884,-359,343
64,122,2169,3884,-351,351
64,122,2169,3885,-359,343
64,122,2169,3885,-351,351
64,122,2169,3886,-351,351
64,122,2169,3887,-351,351
64,122,2169,3888,-359,343
64,122,2169,3888,-351,351
64,122,2169,3889,-359,343
64,122,2169,3889,-351,351
64,122,2169,3890,-359,343
64,122,2169,3890,-351,351
64,122,2169,3891,-359,343
64,122,2169,3891,-351,351
64,122,2169,3892,-351,351
64,122,2170,3869,-378,326
64,122,2170,3870,-378,326
64,122,2170,3871,-344,358
64,122,2170,3873,-444,53
64,122,2170,3873,-418,21
64,122,2170,3874,-438,32
64,122,2170,3874,-418,0
64,122,2170,3876,-418,-21
64,122,2170,3876,-418,0
64,122,2170,3877,-418,0
64,122,2170,3878,-378,326
64,122,2170,3878,-359,343
64,122,2170,3878,-344,358
64,122,2170,3879,-361,345
64,122,2170,3879,-351,351
64,122,2170,3881,-378,326
64,122,2170,3885,-359,343
64,122,2170,3890,-378,326
64,122,2171,3872,-392,0
64,122,2171,3873,-417,30
64,122,2171,3875,-500,0
64,122,2171,3875,-444,0
64,122,2171,3877,-361,345
64,122,2171,3878,-418,0
64,122,2171,3878,-361,345
64,122,2172,3864,-340,325
64,122,2172,3868,-340,325
64,122,2172,3869,-340,325
64,122,2172,3870,-340,325
64,122,2172,3871,-340,325
64,122,2172,3872,-340,325
64,122,2172,3873,-340,325
64,122,2172,3874,-418,21
64,122,2172,3874,-340,325
64,122,2172,3875,-500,0
64,122,2172,3875,-418,0
64,122,2172,3875,-340,325
64,122,2172,3876,-500,0
64,122,2172,3876,-392,0
64,122,2172,3876,-340,325
64,122,2172,3877,-340,325
64,122,2172,3878,-418,0
64,122,2172,3878,-340,325
64,122,2172,3879,-340,325
64,122,2172,3880,-340,325
64,122,2172,3881,-340,325
64,122,2172,3882,-340,325
64,122,2172,3883,-340,325
64,122,2172,3884,-340,325
64,122,2172,3885,-340,325
64,122,2172,3886,-340,325
64,122,2172,3887,-340,325
64,122,2172,3888,-340,325
64,122,2172,3889,-340,325
64,122,2173,3868,-490,97
64,122,2173,3868,-488,109
64,122,2173,3873,-392,8
64,122,2173,3874,-392,0
64,122,2173,3875,-500,0
64,122,2173,3876,-500,0
64,122,2174,3863,-371,335
64,122,2174,3865,-371,335
64,122,2174,3866,-371,335
64,122,2174,3867,-371,335
64,122,2174,3870,-468,70
64,122,2174,3872,-371,335
64,122,2174,3873,-392,8
64,122,2174,3874,-371,335
64,122,2174,3875,-500,0
64,122,2174,3876,-500,0
64,122,2174,3877,-371,335
64,122,2174,3878,-371,335
64,122,2174,3885,-371,335
64,122,2174,3886,-371,335
64,122,2174,3891,-371,335
64,122,2179,3934,-366,0
64,122,2182,3900,-500,0
64,122,2182,3908,-500,0
64,122,2184,3905,-500,0
64,123,1999,3994,319,-123
64,123,2001,3976,447,0
64,123,2007,3936,395,0
64,123,2007,3945,395,0
64,123,2009,3913,326,378
64,123,2010,4004,304,-291
64,123,2012,3901,372,248
64,123,2013,3908,500,0
64,123,2013,3915,347,123
64,123,2013,3916,317,351
64,123,2018,3936,238,0
64,123,2018,3945,241,343
64,123,2019,3936,238,0
64,123,2020,3957,240,279
64,123,2022,3951,203,339
64,123,2022,3954,203,339
64,123,2108,3867,-167,470
64,123,2108,3876,0,500
64,123,2113,3867,191,462
64,123,2114,3867,179,466
64,123,2115,3867,144,478
64,123,2116,3864,144,478
64,123,2120,3892,354,0
64,123,2121,3897,-97,39
64,123,2122,3899,0,183
64,123,2123,3893,0,421
64,123,2123,3895,19,261
64,123,2123,3905,-102,-20
64,123,2123,3913,-26,-2
64,123,2123,3913,-26,-1
64,123,2123,3920,0,0
64,123,2123,3921,-74,-138
64,123,2123,3923,-74,-138
64,123,2124,3926,91,161
64,123,2126,3911,66,141
64,123,2126,3936,239,159
64,123,2127,3951,-175,-53
64,123,2128,3942,307,204
64,123,2129,3870,-97,490
64,123,2129,3875,-132,482
64,123,2129,3879,-132,482
64,123,2129,3908,-89,357
64,123,2129,3915,-70,467
64,123,2129,3956,78,0
64,123,2130,3956,-38,393
64,123,2130,3956,-25,8
64,123,2131,3906,-108,433
64,123,2131,3956,19,16
64,123,2132,3866,-121,484
64,123,2132,3870,-121,484
64,123,2132,3897,-108,433
64,123,2132,3912,-109,488
64,123,2133,3867,-121,484
64,123,2133,3891,-140,424
64,123,2133,3907,-109,488
64,123,2133,3908,-132,400
64,123,2133,3915,-114,458
64,123,2133,3920,-119,431
64,123,2133,3956,242,242
64,123,2134,3892,-140,424
64,123,2134,3893,-121,484
64,123,2134,3915,-137,453
64,123,2134,3918,-137,453
64,123,2135,3887,-109,488
64,123,2135,3898,-137,453
64,123,2135,3899,-148,449
64,123,2135,3909,-121,484
64,123,2135,3918,-148,449
64,123,2135,3922,-150,421
64,123,2135,3943,334,75
64,123,2135,3956,334,75
64,123,2135,3956,337,58
64,123,2136,3882,-277,416
64,123,2136,3909,-150,421
64,123,2136,3915,-316,386
64,123,2136,3920,-170,442
64,123,2137,3883,-277,416
64,123,2137,3894,-156,474
64,123,2137,3903,-144,478
64,123,2137,3916,-170,442
64,123,2137,3944,217,187
64,123,2138,3888,-326,378
64,123,2138,3889,-156,474
64,123,2138,3910,-167,470
64,123,2138,3920,-192,432
64,123,2138,3956,369,0
64,123,2139,3878,-441,236
64,123,2139,3884,-181,438
64,123,2139,3902,-207,366
64,123,2139,3911,-167,470
64,123,2139,3956,369,0
64,123,2140,3879,-441,236
64,123,2140,3884,-181,438
64,123,2140,3905,-306,394
64,123,2140,3929,-242,343
64,123,2140,3933,-242,311
64,123,2140,3934,-234,317
64,123,2140,3935,-96,123
64,123,2141,3925,-225,355
64,123,2141,3930,-242,343
64,123,2141,3954,-174,-57
64,123,2141,3956,-78,0
64,123,2142,3871,-252,397
64,123,2142,3917,-172,200
64,123,2142,3929,-255,266
64,123,2142,3931,-266,325
64,123,2142,3935,167,204
64,123,2142,3956,-78,0
64,123,2143,3929,-250,339
64,123,2143,3931,-275,319
64,123,2143,3952,175,-263
64,123,2143,3956,-212,0
64,123,2143,3956,-52,0
64,123,2143,3956,-26,0
64,123,2144,3915,-195,215
64,123,2144,3920,-335,371
64,123,2144,3924,-257,365
64,123,2144,3929,0,419
64,123,2144,3938,-255,-266
64,123,2144,3940,-264,-13
64,123,2144,3956,-52,0
64,123,2145,3925,-272,386
64,123,2145,3925,-266,360
64,123,2145,3930,-300,332
64,123,2145,3941,-315,-23
64,123,2145,3956,-26,0
64,123,2146,3882,-238,375
64,123,2146,3897,-326,378
64,123,2146,3913,-212,234
64,123,2146,3927,-283,346
64,123,2146,3931,-283,312
64,123,2146,3937,-37,-69
64,123,2146,3939,-8,369
64,123,2146,3956,-104,0
64,123,2147,3904,-326,378
64,123,2147,3919,-345,361
64,123,2147,3921,-345,361
64,123,2147,3923,-345,361
64,123,2147,3924,-291,304
64,123,2147,3927,-309,358
64,123,2147,3932,-230,254
64,123,2147,3940,-289,-28
64,123,2148,3917,-277,416
64,123,2148,3920,-272,386
64,123,2148,3926,-318,351
64,123,2148,3956,-76,-17
64,123,2149,3921,-309,323
64,123,2149,3947,35,-367
64,123,2150,3893,-335,371
64,123,2150,3900,-335,371
64,123,2150,3949,-383,95
64,123,2151,3896,-345,361
64,123,2151,3914,-361,345
64,123,2151,3915,-361,345
64,123,2151,3927,-316,316
64,123,2151,3940,-395,-9
64,123,2152,3897,-345,361
64,123,2152,3915,-345,361
64,123,2152,3919,-345,361
64,123,2152,3924,-327,342
64,123,2153,3890,-335,371
64,123,2153,3917,-327,342
64,123,2153,3932,-407,0
64,123,2153,3940,-421,0
64,123,2153,3947,38,-394
64,123,2154,3939,-421,0
64,123,2154,3940,-421,0
64,123,2154,3942,-444,53
64,123,2154,3942,-419,-31
64,123,2154,3950,-416,62
64,123,2154,3956,-421,0
64,123,2155,3910,-361,345
64,123,2155,3912,-345,361
64,123,2155,3913,-378,326
64,123,2155,3915,-378,326
64,123,2155,3916,-361,345
64,123,2155,3940,-421,0
64,123,2155,3942,-419,-41
64,123,2155,3942,-419,-31
64,123,2155,3956,-421,0
64,123,2156,3886,-335,371
64,123,2156,3914,-345,361
64,123,2156,3915,-287,408
64,123,2156,3940,-421,0
64,123,2157,3942,-446,-33
64,123,2158,3906,-353,353
64,123,2158,3915,-353,353
64,123,2158,3915,-345,361
64,123,2158,3916,-353,353
64,123,2159,3908,-371,335
64,123,2159,3910,-371,335
64,123,2159,3912,-353,353
64,123,2159,3916,-353,353
64,123,2159,3947,-439,87
64,123,2160,3890,-353,353
64,123,2160,3908,-277,416
64,123,2160,3919,-361,345
64,123,2160,3939,-447,0
64,123,2160,3943,-457,125
64,123,2160,3944,-148,449
64,123,2161,3940,-473,0
64,123,2162,3885,-361,345
64,123,2162,3895,-353,353
64,123,2162,3902,-353,353
64,123,2162,3903,-361,345
64,123,2162,3903,-353,353
64,123,2162,3904,-361,345
64,123,2162,3904,-353,353
64,123,2162,3905,-361,345
64,123,2162,3906,-371,335
64,123,2162,3906,-353,353
64,123,2162,3908,-371,335
64,123,2162,3908,-353,353
64,123,2162,3910,-353,353
64,123,2162,3911,-361,345
64,123,2162,3931,-345,361
64,123,2162,3931,-326,378
64,123,2162,3932,-345,361
64,123,2163,3904,-287,408
64,123,2163,3916,-345,361
64,123,2164,3938,-316,386
64,123,2164,3939,-361,345
64,123,2164,3939,-335,371
64,123,2164,3939,-224,447
64,123,2164,3939,-148,449
64,123,2164,3947,-361,345
64,123,2164,3956,-500,0
64,123,2164,3966,-273,-285
64,123,2165,3903,-353,353
64,123,2165,3903,-287,408
64,123,2165,3905,-353,353
64,123,2165,3907,-353,353
64,123,2165,3920,-345,361
64,123,2165,3921,-345,361
64,123,2165,3939,-335,371
64,123,2165,3956,-473,0
64,123,2166,3900,-287,408
64,123,2166,3901,-378,326
64,123,2166,3903,-378,326
64,123,2166,3908,-353,353
64,123,2166,3937,-326,378
64,123,2167,3933,-335,371
64,123,2168,3918,-345,361
64,123,2169,3894,-359,343
64,123,2169,3894,-351,351
64,123,2169,3895,-359,343
64,123,2169,3895,-351,351
64,123,2169,3896,-359,343
64,123,2169,3896,-351,351
64,123,2169,3897,-359,343
64,123,2169,3897,-351,351
64,123,2169,3898,-359,343
64,123,2169,3898,-351,351
64,123,2169,3899,-359,343
64,123,2169,3899,-351,351
64,123,2169,3900,-359,343
64,123,2169,3900,-351,351
64,123,2169,3901,-359,343
64,123,2169,3901,-351,351
64,123,2169,3902,-359,343
64,123,2169,3902,-351,351
64,123,2169,3903,-359,343
64,123,2169,3903,-351,351
64,123,2169,3904,-359,343
64,123,2169,3904,-351,351
64,123,2169,3905,-359,343
64,123,2169,3905,-351,351
64,123,2169,3906,-359,343
64,123,2169,3906,-351,351
64,123,2169,3906,-334,368
64,123,2169,3907,-359,343
64,123,2169,3907,-351,351
64,123,2169,3908,-359,343
64,123,2169,3908,-351,351
64,123,2169,3909,-359,343
64,123,2169,3909,-351,351
64,123,2169,3916,-345,361
64,123,2169,3920,-353,353
64,123,2169,3941,-498,-37
64,123,2169,3942,-498,-37
64,123,2169,3956,-376,-324
64,123,2170,3895,-359,343
64,123,2170,3897,-359,343
64,123,2170,3899,-344,358
64,123,2170,3909,-359,343
64,123,2170,3942,-498,-37
64,123,2170,3943,-482,132
64,123,2171,3894,-359,343
64,123,2171,3909,-369,333
64,123,2171,3909,-359,343
64,123,2171,3912,-386,316
64,123,2171,3955,-498,-48
64,123,2172,3896,-340,325
64,123,2172,3898,-340,325
64,123,2172,3900,-340,325
64,123,2172,3903,-340,325
64,123,2172,3904,-340,325
64,123,2172,3905,-340,325
64,123,2172,3906,-340,325
64,123,2172,3908,-386,316
64,123,2172,3914,-394,306
64,123,2172,3915,-345,361
64,123,2172,3942,-498,-37
64,123,2173,3906,-340,325
64,123,2173,3912,-394,306
64,123,2173,3933,-500,0
64,123,2173,3940,-500,0
64,123,2173,3942,-498,-37
64,123,2174,3893,-371,335
64,123,2174,3894,-371,335
64,123,2174,3896,-371,335
64,123,2174,3897,-371,335
64,123,2174,3898,-371,335
64,123,2174,3899,-371,335
64,123,2174,3903,-371,335
64,123,2174,3904,-371,335
64,123,2174,3913,-402,296
64,123,2174,3914,-408,287
64,123,2174,3948,-484,121
64,123,2174,3972,-500,0
64,123,2175,3949,-490,97
64,123,2176,3913,-408,287
64,123,2178,3935,-418,0
64,123,2178,3942,-498,-37
64,123,2178,3947,-488,109
64,123,2179,3940,-490,-97
64,123,2179,3948,-490,97
64,123,2180,3947,-488,109
64,123,2180,3956,-500,0
64,123,2181,3940,-500,0
64,123,2182,3936,-500,0
64,123,2182,3942,-498,-37
64,123,2183,3932,-500,0
64,123,2183,3933,-500,0
64,123,2183,3940,-500,0
64,123,2183,3942,-498,-37
64,123,2184,3942,-498,-37
64,123,2184,3943,-498,-37
64,123,2184,3972,-500,0
64,123,2185,3943,-498,-37
65,124,2117,3924,289,0
65,124,2123,3918,0,447
65,124,2123,3924,0,433
65,124,2123,3927,0,395
65,124,2123,3939,0,26
65,124,2123,3946,0,238
65,124,2123,3947,0,-204
65,124,2123,3948,-25,-4
65,124,2123,3952,-49,-92
65,124,2125,3921,-33,445
65,124,2125,3922,-33,445
65,124,2125,3951,-468,-70
65,124,2127,3949,-386,86
65,124,2133,3897,-121,484
65,124,2133,3914,-126,457
65,124,2134,3898,-144,478
65,124,2134,3924,-160,417
65,124,2139,3934,-394,-38
65,124,2139,3946,-91,-276
65,124,2140,3908,-25,500
65,124,2141,3953,-117,-176
65,124,2142,3948,-45,-260
65,124,2143,3943,-123,-320
65,124,2144,3919,-335,371
65,124,2145,3944,-128,-289
65,124,2145,3953,-164,-134
65,124,2146,3909,-267,421
65,124,2148,3911,-335,371
65,124,2148,3916,-345,361
65,124,2150,3910,-335,371
65,124,2151,3914,-345,361
65,124,2151,3915,-345,361
65,124,2151,3916,-345,361
65,124,2151,3955,-217,-96
65,124,2152,3914,-345,361
65,124,2153,3914,-326,378
65,124,2153,3945,-396,141
65,124,2154,3948,-411,92
65,124,2155,3913,-353,353
65,124,2155,3914,-361,345
65,124,2155,3914,-353,353
65,124,2155,3915,-361,345
65,124,2155,3942,-414,171
65,124,2157,3912,-277,416
65,124,2158,3912,-353,353
65,124,2158,3912,-287,408
65,124,2158,3940,-438,181
65,124,2159,3914,-353,353
65,124,2159,3915,-353,353
65,124,2159,3916,-353,353
65,124,2159,3941,-387,271
65,124,2160,3920,-353,353
65,124,2160,3943,-361,345
65,124,2160,3944,-148,449
65,124,2160,3946,-141,-340
65,124,2161,3912,-353,353
65,124,2161,3916,-345,361
65,124,2161,3920,-353,353
65,124,2161,3938,-366,-300
65,124,2161,3943,-304,-249
65,124,2162,3913,-353,353
65,124,2162,3913,-335,371
65,124,2162,3914,-345,361
65,124,2162,3914,-335,371
65,124,2162,3915,-353,353
65,124,2162,3915,-345,361
65,124,2162,3915,-335,371
65,124,2162,3916,-353,353
65,124,2162,3916,-345,361
65,124,2162,3917,-353,353
65,124,2162,3918,-353,353
65,124,2163,3916,-345,361
65,124,2163,3917,-353,353
65,124,2163,3946,-141,-340
65,124,2164,3916,-361,345
65,124,2164,3917,-353,353
65,124,2164,3939,-361,345
65,124,2164,3939,-335,371
65,124,2164,3939,-148,449
65,124,2164,3951,-444,53
65,124,2165,3938,-361,345
65,124,2165,3938,-335,371
65,124,2165,3938,-316,386
65,124,2165,3939,-335,371
65,124,2166,3937,-326,378
65,124,2166,3938,-361,345
65,124,2167,3936,-345,361
65,124,2167,3948,-464,92
65,124,2169,3913,-353,353
65,124,2170,3913,-353,353
65,124,2170,3949,-494,74
65,124,2172,3913,-353,353
65,124,2172,3951,-444,53
65,124,2172,3982,-180,155
65,124,2173,3913,-353,353
65,124,2173,3947,-462,103
65,124,2174,3913,-353,353
65,124,2174,3980,-204,167
65,124,2175,3913,-353,353
65,124,2175,3927,-345,361
65,124,2175,3947,-407,111
65,124,2176,3913,-353,353
65,124,2176,3947,-462,103
65,124,2176,3970,-299,257
65,124,2177,3944,-425,139
65,124,2178,3945,-428,129
65,124,2178,3950,-360,80
65,124,2179,3913,-353,353
65,124,2179,3946,-433,108
65,124,2179,3964,-304,291
65,124,2179,3969,-332,258
65,124,2180,3913,-353,353
65,124,2180,3942,-442,169
65,124,2180,3943,-446,158
65,124,2180,3947,-433,108
65,124,2180,3988,-361,0
65,124,2181,3943,-450,148
65,124,2181,3968,-339,250
65,124,2182,3947,-462,103
65,124,2183,3948,-464,92
65,124,2184,3947,-462,103
65,124,2185,3947,-464,92
65,124,2185,3947,-462,103
65,124,2185,3949,-439,87
65,124,2186,3956,-421,0
65,124,2186,3959,-342,327
65,124,2187,3947,-462,103
65,124,2187,3964,-381,281
65,124,2188,3947,-361,345
65,124,2188,3963,-381,281
65,124,2189,3939,-470,167
65,124,2189,3940,-433,192
65,124,2189,3955,-371,335
65,124,2189,3957,-261,0
65,124,2189,3959,-366,299
65,124,2191,3961,-402,296
65,124,2192,3960,-402,296
65,124,2195,3947,-492,85
65,124,2195,3956,-473,0
65,124,2196,3947,-492,85
65,124,2197,3964,-473,0
65,124,2199,3956,-335,0
65,124,2202,3947,-492,85
65,124,2202,3956,-500,0
65,124,2207,3920,-416,277
65,124,2207,3950,-484,121
65,124,2208,3956,-500,0
65,124,2209,3945,-482,132
65,124,2212,3947,-488,109
65,124,2212,3952,-488,109
65,124,2213,3939,-478,144
65,124,2213,3949,-490,97
65,124,2213,3949,-482,132
65,124,2215,3956,-500,0
65,124,2216,3956,-500,0
65,124,2217,3955,-500,0
65,124,2218,3956,-500,0
67,124,2131,3895,0,500
67,124,2170,3942,-96,123
67,124,2173,3938,-176,194
67,124,2175,3936,-193,213
67,124,2179,3949,-234,22
67,124,2181,3938,-170,162
67,124,2182,3898,0,500
67,124,2182,3938,-176,194
67,124,2188,3939,-170,162
67,124,2188,3939,-153,178
67,124,2189,3938,-176,194
67,124,2189,3938,-170,162
67,124,2189,3939,-153,178
67,124,2190,3937,-176,194
67,124,2191,3913,-353,353
67,124,2191,3936,-193,213
67,124,2192,3913,-353,353
67,124,2193,3906,97,490
67,124,2193,3913,-353,353
67,124,2194,3941,-132,126
67,124,2194,3942,-96,123
67,124,2196,3939,-170,162
67,124,2196,3939,-153,178
67,124,2196,3940,-170,162
67,124,2197,3938,-176,194
67,124,2197,3938,-170,162
67,124,2197,3938,-158,174
67,124,2198,3908,-369,333
67,124,2198,3913,-353,353
67,124,2198,3937,-176,194
67,124,2198,3938,-176,194
67,124,2199,3910,0,500
67,124,2199,3913,-353,353
67,124,2199,3936,-193,213
67,124,2200,3899,19,392
67,124,2200,3900,21,418
67,124,2200,3913,-353,353
67,124,2201,3902,19,392
67,124,2201,3913,-353,353
67,124,2202,3902,0,444
67,124,2202,3905,60,493
67,124,2202,3918,0,447
67,124,2203,3899,0,392
67,124,2203,3901,0,418
67,124,2203,3902,0,392
67,124,2203,3902,0,444
67,124,2203,3903,0,418
67,124,2203,3903,0,444
67,124,2203,3904,0,444
67,124,2203,3905,0,471
67,124,2203,3910,0,500
67,124,2203,3912,0,500
67,124,2203,3913,-353,353
67,124,2203,3915,0,500
67,124,2203,3918,0,447
67,124,2203,3922,0,447
67,124,2203,3925,0,421
67,124,2203,3927,0,395
67,124,2203,3939,0,104
67,124,2203,3940,0,104
67,124,2204,3894,0,500
67,124,2204,3899,0,500
67,124,2204,3902,0,444
67,124,2204,3913,-353,353
67,124,2204,3918,0,447
67,124,2204,3922,0,447
67,124,2204,3925,0,421
67,124,2204,3927,0,395
67,124,2204,3932,0,369
67,124,2204,3940,0,104
67,124,2205,3913,-353,353
67,124,2205,3938,-176,194
67,124,2205,3940,0,264
67,124,2206,3913,-353,353
67,124,2207,3913,-353,353
67,124,2208,3898,0,340
67,124,2208,3899,0,340
67,124,2208,3900,0,387
67,124,2208,3900,0,500
67,124,2208,3901,0,366
67,124,2208,3901,0,387
67,124,2208,3901,0,392
67,124,2208,3902,0,366
67,124,2208,3903,0,366
67,124,2208,3909,-344,358
67,124,2208,3913,-353,353
67,124,2208,3929,-86,262
67,124,2209,3898,0,340
67,124,2209,3899,0,340
67,124,2209,3901,-20,392
67,124,2209,3902,-20,405
67,124,2209,3902,-18,366
67,124,2209,3913,-353,353
67,124,2209,3939,-53,175
67,124,2209,3939,-27,180
67,124,2210,3898,0,340
67,124,2210,3902,-27,364
67,124,2210,3902,0,366
67,124,2210,3913,-353,353
67,124,2210,3949,-470,-167
67,124,2211,3894,0,444
67,124,2211,3898,0,340
67,124,2211,3902,-44,363
67,124,2211,3902,-35,364
67,124,2211,3902,0,366
67,124,2211,3913,-353,353
67,124,2211,3935,-96,270
67,124,2212,3898,0,340
67,124,2212,3899,0,340
67,124,2212,3902,-54,362
67,124,2212,3902,-44,363
67,124,2212,3913,-353,353
67,124,2213,3898,0,340
67,124,2213,3899,0,340
67,124,2213,3901,-71,358
67,124,2213,3902,-54,362
67,124,2213,3909,-351,351
67,124,2213,3913,-353,353
67,124,2214,3898,0,340
67,124,2214,3899,0,340
67,124,2214,3909,-351,351
67,124,2214,3913,-353,353
67,124,2214,3936,-165,234
67,124,2215,3898,0,340
67,124,2215,3899,0,340
67,124,2215,3899,18,366
67,124,2215,3913,-353,353
67,124,2215,3936,-193,213
67,124,2216,3898,0,340
67,124,2216,3899,0,340
67,124,2216,3913,-353,353
67,124,2217,3898,0,340
67,124,2217,3899,0,340
67,124,2217,3904,-123,372
67,124,2217,3909,-344,358
67,124,2217,3913,-353,353
67,124,2218,3898,0,340
67,124,2218,3899,0,340
67,124,2218,3913,-353,353
67,124,2218,3955,72,-108
67,124,2219,3898,0,340
67,124,2219,3899,0,340
67,124,2219,3901,-106,350
67,124,2219,3909,-344,358
67,124,2219,3913,-353,353
67,124,2220,3913,-353,353
67,124,2220,3953,-23,-235
67,124,2220,3956,78,0
67,124,2220,3957,261,25
67,124,2220,3958,52,0
67,124,2220,3959,99,121
67,124,2220,3959,211,333
67,124,2220,3959,350,233
67,124,2220,3961,99,121
67,124,2220,3963,186,348
67,124,2221,3898,0,340
67,124,2221,3913,-353,353
67,124,2221,3924,-345,361
67,124,2221,3938,-170,162
67,124,2221,3938,-153,178
67,124,2221,3952,100,-243
67,124,2221,3958,169,69
67,124,2221,3963,98,355
67,124,2222,3909,-344,358
67,124,2222,3913,-353,353
67,124,2222,3956,104,0
67,124,2222,3960,172,61
67,124,2223,3909,-344,358
67,124,2223,3913,-353,353
67,124,2223,3961,350,233
67,124,2223,3961,366,207
67,124,2224,3909,-344,358
67,124,2224,3913,-353,353
67,124,2224,3938,0,209
67,124,2224,3939,0,183
67,124,2224,3939,0,209
67,124,2224,3940,0,157
67,124,2224,3941,0,130
67,124,2224,3957,252,-76
67,124,2224,3961,350,233
67,124,2224,3965,350,233
67,124,2225,3902,0,366
67,124,2225,3913,-353,353
67,124,2225,3934,-227,216
67,124,2225,3955,232,-124
67,124,2225,3959,394,262
67,124,2226,3902,0,366
67,124,2226,3903,28,391
67,124,2226,3904,28,391
67,124,2226,3913,-353,353
67,124,2227,3902,0,366
67,124,2227,3905,0,392
67,124,2227,3909,-344,358
67,124,2227,3913,-353,353
67,124,2227,3957,341,0
67,124,2227,3959,500,-25
67,124,2227,3961,447,10
67,124,2228,3901,0,369
67,124,2228,3902,0,366
67,124,2228,3903,0,366
67,124,2228,3905,-20,392
67,124,2228,3909,-344,358
67,124,2228,3913,-353,353
67,124,2228,3959,0,0
67,124,2228,3959,5,-25
67,124,2228,3959,22,-13
67,124,2228,3959,41,-208
67,124,2228,3960,0,0
67,124,2228,3961,471,-35
67,124,2228,3962,-12,-23
67,124,2228,3962,0,-26
67,124,2228,3962,471,-46
67,124,2228,3965,-1,-26
67,124,2228,3965,0,0
67,124,2228,3965,0,26
67,124,2228,3965,5,-25
67,124,2228,3965,10,-23
67,124,2228,3965,12,23
67,124,2228,3965,20,-15
67,124,2228,3965,198,371
67,124,2228,3965,360,-266
67,124,2228,3966,-13,-22
67,124,2229,3909,-344,358
67,124,2229,3913,-353,353
67,124,2229,3955,97,-154
67,124,2229,3955,101,-152
67,124,2229,3956,-264,0
67,124,2229,3956,1,25
67,124,2230,3909,-344,358
67,124,2230,3913,-353,353
67,124,2231,3907,-333,332
67,124,2231,3909,-344,358
67,124,2231,3913,-353,353
67,124,2231,3956,281,-141
67,124,2232,3907,-333,332
67,124,2232,3909,-344,358
67,124,2232,3913,-353,353
67,124,2233,3909,-344,358
67,124,2233,3913,-353,353
67,124,2233,3963,403,190
67,124,2234,3913,-353,353
67,124,2235,3907,-333,332
67,124,2236,3911,-361,345
67,124,2237,3911,-361,345
67,124,2238,3914,-416,277
67,124,2240,3908,-356,340
67,124,2245,3944,-146,-352
67,124,2245,3946,41,-419
67,124,2249,3948,-408,101
67,124,2250,3971,-329,219
67,124,2251,3917,-353,353
67,124,2251,3954,-366,18
67,124,2254,3917,-353,353
67,124,2260,3956,-500,0
67,124,2261,3919,-416,277
67,124,2266,3956,-500,0
67,125,2108,4012,369,-8
67,125,2121,4011,264,0
67,125,2134,4046,210,392
67,125,2136,4048,304,203
67,125,2143,3944,371,335
67,125,2154,3971,374,187
67,125,2158,3958,345,361
67,125,2170,3966,419,266
67,125,2173,3969,-195,215
67,125,2185,3957,31,419
67,125,2187,3957,0,421
67,125,2189,3957,0,421
67,125,2191,3965,-61,307
67,125,2194,3957,21,421
67,125,2195,3957,0,421
67,125,2195,3957,21,421
67,125,2196,3957,0,421
67,125,2201,3947,306,394
67,125,2202,3957,0,421
67,125,2202,3957,21,421
67,125,2202,3959,0,395
67,125,2203,3943,85,492
67,125,2203,3951,478,144
67,125,2203,3957,21,421
67,125,2203,3959,0,395
67,125,2204,3934,0,500
67,125,2204,3943,85,492
67,125,2204,3952,488,109
67,125,2204,3955,500,11
67,125,2204,3957,31,419
67,125,2205,3943,378,326
67,125,2205,3944,236,441
67,125,2205,3945,236,441
67,125,2205,3947,306,394
67,125,2205,3948,85,492
67,125,2205,3951,470,167
67,125,2205,3957,21,421
67,125,2206,3943,236,441
67,125,2206,3944,236,441
67,125,2206,3945,236,441
67,125,2207,3943,-85,492
67,125,2207,3944,236,441
67,125,2207,3944,361,345
67,125,2207,3953,22,447
67,125,2207,3957,21,421
67,125,2208,3940,-148,449
67,125,2208,3940,0,500
67,125,2208,3943,74,494
67,125,2208,3943,85,492
67,125,2208,3944,-148,449
67,125,2208,3944,-121,484
67,125,2208,3954,0,447
67,125,2208,3957,21,421
67,125,2208,3959,0,395
67,125,2209,3943,85,492
67,125,2209,3943,121,484
67,125,2209,3943,306,394
67,125,2209,3956,500,0
67,125,2210,3943,236,441
67,125,2210,3955,500,25
67,125,2210,3956,500,0
67,125,2210,3972,-86,193
67,125,2211,3939,-148,449
67,125,2211,3939,0,500
67,125,2211,3956,498,37
67,125,2212,3939,-148,449
67,125,2212,3939,0,500
67,125,2212,3939,203,457
67,125,2212,3955,498,37
67,125,2212,3956,500,0
67,125,2213,3955,492,85
67,125,2213,3955,498,37
67,125,2213,3956,-138,207
67,125,2213,3956,201,201
67,125,2213,3956,500,0
67,125,2215,3940,121,484
67,125,2215,3956,407,0
67,125,2216,3939,0,500
67,125,2216,3943,-361,345
67,125,2216,3956,276,0
67,125,2216,3957,0,421
67,125,2217,3942,-361,345
67,125,2217,3956,-248,372
67,125,2217,3956,276,0
67,125,2217,3956,302,0
67,125,2217,3957,31,419
67,125,2218,3939,0,500
67,125,2218,3956,135,192
67,125,2218,3956,276,0
67,125,2218,3957,21,421
67,125,2219,3957,0,421
67,125,2219,3959,101,335
67,125,2219,3962,0,104
67,125,2219,3978,-74,-138
67,125,2219,3978,0,0
67,125,2219,3983,-123,-44
67,125,2219,3984,-101,82
67,125,2220,3957,-21,421
67,125,2220,3984,-104,2
67,125,2220,3988,73,26
67,125,2221,3957,-41,419
67,125,2221,3960,189,283
67,125,2221,3961,185,278
67,125,2221,3964,35,366
67,125,2222,3957,-41,419
67,125,2223,3936,-109,488
67,125,2223,3942,-306,394
67,125,2223,3961,-58,390
67,125,2223,3986,-30,-73
67,125,2223,3988,-164,82
67,125,2223,3988,12,23
67,125,2223,3988,209,0
67,125,2224,3944,-148,449
67,125,2224,3964,35,364
67,125,2224,3988,279,240
67,125,2225,3987,232,51
67,125,2226,3987,220,-91
67,125,2227,3957,21,421
67,125,2227,3985,355,98
67,125,2228,3939,0,500
67,125,2228,3956,-442,66
67,125,2228,3956,0,395
67,125,2228,3975,-12,-23
67,125,2228,3984,-341,141
67,125,2228,3984,182,-223
67,125,2228,3984,250,-305
67,125,2228,3986,281,-70
67,125,2229,3939,-148,449
67,125,2232,3944,-287,408
67,125,2232,3944,0,500
67,125,2232,3952,-378,326
67,125,2233,3984,132,-198
67,125,2233,3987,276,-148
67,125,2235,3947,-277,416
67,125,2235,3956,-500,0
67,125,2236,3947,-361,345
67,125,2236,3947,-326,378
67,125,2236,3953,-421,267
67,125,2237,3948,-236,441
67,125,2238,3947,-408,287
67,125,2238,3951,-451,212
67,125,2238,3952,-478,144
67,125,2238,3952,-466,179
67,125,2238,3952,-462,191
67,125,2239,3956,-500,0
67,125,2240,3948,-416,277
67,125,2240,3952,-482,132
67,125,2240,3956,-381,281
67,125,2240,3956,-361,345
67,125,2241,3951,-466,179
67,125,2241,3953,-488,109
67,125,2241,3955,-500,25
67,125,2241,3988,-290,0
67,125,2242,3953,-490,97
67,125,2242,3956,-500,0
67,125,2242,3973,-287,182
67,125,2257,3988,-473,0
67,125,2270,4046,-494,-74
67,125,2272,3964,-402,296
67,125,2274,3983,-482,132
67,125,2277,4043,-500,0
67,125,2279,4043,-418,0
67,125,2280,4043,-500,0
67,125,2280,4048,-496,-60
69,125,2150,3951,283,231
69,125,2204,3956,500,0
69,125,2204,3959,0,395
69,125,2204,3973,0,159
69,125,2205,3951,236,441
69,125,2206,3943,236,441
69,125,2207,3960,0,287
69,125,2208,3953,0,314
69,125,2208,3956,466,179
69,125,2208,3959,0,395
69,125,2209,3946,361,345
69,125,2209,3948,394,306
69,125,2210,3943,236,441
69,125,2210,3948,386,316
69,125,2214,3946,212,451
69,125,2215,3943,144,478
69,125,2216,3943,121,484
69,125,2217,3957,0,421
69,125,2217,3962,0,369
69,125,2218,3956,75,250
69,125,2219,3956,-138,207
69,125,2219,3957,0,421
69,125,2219,3981,-24,9
69,125,2219,3982,0,-52
69,125,2219,3983,-24,-10
69,125,2219,3983,-13,-22
69,125,2219,3983,0,0
69,125,2219,3984,-60,85
69,125,2219,3984,0,0
69,125,2219,3985,0,0
69,125,2220,3957,0,421
69,125,2220,3957,21,421
69,125,2220,3981,-26,0
69,125,2220,3984,-68,-38
69,125,2221,3947,306,394
69,125,2222,3957,21,421
69,125,2222,3981,-35,-232
69,125,2224,3944,-148,449
69,125,2224,3958,-339,250
69,125,2224,3961,218,327
69,125,2224,3964,71,361
69,125,2225,3957,21,421
69,125,2225,3957,41,419
69,125,2225,3967,-214,-142
69,125,2226,3957,0,421
69,125,2226,3957,21,421
69,125,2226,3957,31,419
69,125,2227,3953,22,447
69,125,2227,3957,0,421
69,125,2227,3957,21,421
69,125,2227,3961,19,395
69,125,2227,3973,-74,-138
69,125,2227,3977,-123,-231
69,125,2228,3957,0,421
69,125,2228,3961,0,395
69,125,2228,3975,0,26
69,125,2228,3976,21,14
69,125,2228,3977,0,-314
69,125,2228,3978,25,7
69,125,2228,3979,0,0
69,125,2228,3979,48,-20
69,125,2228,3980,19,-17
69,125,2228,3980,74,167
69,125,2228,3981,0,-235
69,125,2228,3981,0,130
69,125,2228,3982,0,-204
69,125,2228,3982,118,102
69,125,2228,3983,0,-209
69,125,2228,3983,0,0
69,125,2228,3983,11,23
69,125,2228,3983,33,-39
69,125,2228,3983,162,-53
69,125,2228,3983,168,29
69,125,2228,3983,181,31
69,125,2228,3984,23,46
69,125,2228,3984,117,55
69,125,2228,3984,126,92
69,125,2228,3985,24,-10
69,125,2228,3985,24,-8
69,125,2228,3986,86,-130
69,125,2229,3939,-361,345
69,125,2229,3955,-265,323
69,125,2229,3957,21,421
69,125,2229,3961,0,395
69,125,2229,3968,-5,78
69,125,2229,3987,-90,-128
69,125,2230,3939,0,500
69,125,2230,3953,0,447
69,125,2230,3957,0,421
69,125,2232,3939,0,500
69,125,2232,3942,0,500
69,125,2232,3943,0,500
69,125,2233,3954,-466,179
69,125,2233,3965,0,369
69,125,2234,3939,0,500
69,125,2234,3954,-484,121
69,125,2234,3954,-470,167
69,125,2235,3955,-494,74
69,125,2236,3947,-326,378
69,125,2236,3956,-500,0
69,125,2237,3948,-236,441
69,125,2237,3956,-500,0
69,125,2238,3939,-361,345
69,125,2238,3939,0,500
69,125,2238,3943,-236,441
69,125,2238,3943,0,500
69,125,2238,3956,-500,0
69,125,2239,3943,-236,441
69,125,2239,3952,-470,167
69,125,2239,3957,21,421
69,125,2240,3944,-224,447
69,125,2240,3951,-466,179
69,125,2240,3954,-494,74
69,125,2240,3957,0,421
69,125,2241,3942,-361,345
69,125,2241,3942,-335,371
69,125,2241,3946,-402,296
69,125,2241,3951,-478,144
69,125,2241,3951,-416,277
69,125,2241,3953,-488,109
69,125,2241,3953,-484,121
69,125,2241,3954,-494,74
69,125,2241,3957,21,421
69,125,2242,3945,-402,296
69,125,2242,3949,-447,224
69,125,2242,3953,-490,97
69,125,2242,3957,0,421
69,125,2243,3945,-408,287
69,125,2243,3945,-386,316
69,125,2243,3951,-474,156
69,125,2243,3954,-496,60
69,125,2244,3948,-457,203
69,125,2247,3949,-466,179
69,125,2251,3965,0,369
69,125,2264,3957,0,421
69,125,2267,3957,0,421
69,125,2272,3957,0,421
69,125,2272,3959,0,395
69,125,2276,3957,0,421
69,125,2280,4044,-233,124
69,125,2283,3957,0,421
69,125,2302,3988,-238,0
69,125,2334,4044,-500,-11
70,124,2205,3956,26,0
70,124,2205,3956,52,0
70,124,2211,3956,26,0
70,124,2217,3956,-292,-120
70,124,2217,3956,9,24
70,124,2218,3954,-158,-193
70,124,2219,3956,-255,-105
70,124,2219,3956,-183,-225
70,124,2219,3956,-179,-49
70,124,2219,3959,-462,-191
70,124,2219,3959,-18,-18
70,124,2219,3959,16,-19
70,124,2219,3960,-15,103
70,124,2219,3960,-1,-26
70,124,2219,3961,0,0
70,124,2219,3966,9,24
70,124,2219,3967,0,-130
70,124,2220,3948,-229,-153
70,124,2220,3958,-421,-10
70,124,2220,3959,-243,-100
70,124,2220,3961,-315,30
70,124,2220,3962,-446,43
70,124,2220,3962,-441,76
70,124,2221,3957,-250,0
70,124,2221,3988,0,0
70,124,2223,3953,-155,-141
70,124,2223,3959,-446,43
70,124,2223,3960,-263,175
70,124,2224,3939,0,183
70,124,2224,3939,0,209
70,124,2224,3942,0,104
70,124,2224,3950,-223,-183
70,124,2224,3954,-120,170
70,124,2224,3956,-130,0
70,124,2224,3961,-250,194
70,124,2224,3988,-10,103
70,124,2225,3955,-169,-70
70,124,2225,3956,-174,-57
70,124,2225,3958,-289,28
70,124,2226,3898,7,340
70,124,2226,3899,18,366
70,124,2226,3900,18,366
70,124,2226,3900,26,364
70,124,2226,3956,-78,7
70,124,2226,3958,-130,86
70,124,2226,3959,-199,371
70,124,2226,3959,-139,313
70,124,2226,3970,230,-123
70,124,2227,3898,0,340
70,124,2227,3899,0,340
70,124,2227,3899,18,366
70,124,2227,3901,0,366
70,124,2227,3901,8,366
70,124,2227,3952,-131,-317
70,124,2227,3952,-100,-243
70,124,2227,3953,-35,-179
70,124,2227,3955,-32,126
70,124,2227,3956,-99,-121
70,124,2227,3956,-43,28
70,124,2227,3956,-41,32
70,124,2227,3956,-12,23
70,124,2227,3956,-10,23
70,124,2227,3957,-14,21
70,124,2227,3959,-350,233
70,124,2227,3962,-41,125
70,124,2227,3967,25,101
70,124,2227,3979,-86,-162
70,124,2228,3895,0,395
70,124,2228,3897,0,342
70,124,2228,3898,0,340
70,124,2228,3898,0,342
70,124,2228,3899,0,340
70,124,2228,3918,0,500
70,124,2229,3898,0,340
70,124,2229,3955,61,-115
70,124,2230,3898,0,340
70,124,2230,3942,0,183
70,124,2231,3898,0,340
70,124,2231,3899,0,340
70,124,2232,3898,0,340
70,124,2232,3899,0,340
70,124,2232,3912,402,296
70,124,2232,3935,0,261
70,124,2232,3936,0,235
70,124,2232,3937,0,235
70,124,2233,3898,0,340
70,124,2233,3899,0,340
70,124,2233,3913,408,287
70,124,2234,3898,0,340
70,124,2234,3899,0,340
70,124,2234,3909,378,326
70,124,2235,3898,0,340
70,124,2235,3899,0,340
70,124,2235,3909,378,326
70,124,2236,3898,0,340
70,124,2236,3899,0,340
70,124,2236,3910,378,326
70,124,2236,3911,378,326
70,124,2236,3911,386,316
70,124,2237,3898,0,340
70,124,2237,3908,361,345
70,124,2238,3898,0,340
70,124,2238,3899,0,340
70,124,2238,3907,353,353
70,124,2238,3909,361,345
70,124,2238,3910,361,345
70,124,2238,3940,-206,35
70,124,2239,3898,0,340
70,124,2239,3910,353,353
70,124,2240,3897,0,500
70,124,2240,3898,0,340
70,124,2240,3899,0,340
70,124,2240,3902,0,366
70,124,2240,3935,0,261
70,124,2241,3898,0,340
70,124,2242,3898,0,340
70,124,2242,3909,353,353
70,124,2242,3910,361,345
70,124,2243,3898,0,340
70,124,2244,3898,0,340
70,124,2245,3898,0,340
70,124,2246,3898,0,340
70,124,2247,3898,0,340
70,124,2248,3898,0,340
70,124,2248,3899,0,340
70,124,2248,3904,240,341
70,124,2248,3934,0,261
70,124,2248,3935,0,261
70,124,2248,3936,0,235
70,124,2248,3937,0,235
70,124,2248,3939,0,183
70,124,2248,3941,0,157
70,124,2248,3942,0,104
70,124,2249,3898,0,340
70,124,2250,3898,0,340
70,124,2250,3899,0,340
70,124,2251,3898,0,340
70,124,2252,3898,0,340
70,124,2253,3898,0,340
70,124,2253,3899,0,340
70,124,2254,3898,0,340
70,124,2254,3909,358,343
70,124,2255,3898,0,340
70,124,2255,3899,0,340
70,124,2256,3897,0,500
70,124,2256,3898,0,340
70,124,2256,3899,0,340
70,124,2256,3900,140,339
70,124,2256,3934,0,261
70,124,2256,3935,0,261
70,124,2256,3936,0,235
70,124,2256,3937,0,235
70,124,2256,3939,0,183
70,124,2256,3942,0,104
70,124,2257,3898,0,340
70,124,2258,3898,0,340
70,124,2259,3898,0,340
70,124,2259,3919,287,408
70,124,2260,3898,0,340
70,124,2260,3901,114,347
70,124,2261,3898,0,340
70,124,2261,3901,105,350
70,124,2262,3898,0,340
70,124,2262,3901,97,353
70,124,2263,3898,0,340
70,124,2264,3898,0,340
70,124,2264,3935,0,261
70,124,2264,3936,0,235
70,124,2264,3936,151,144
70,124,2264,3942,0,78
70,124,2264,3943,0,78
70,124,2265,3898,0,340
70,124,2266,3898,0,340
70,124,2266,3940,75,106
70,124,2267,3898,0,340
70,124,2267,3901,85,492
70,124,2267,3941,56,53
70,124,2268,3897,0,500
70,124,2268,3898,0,340
70,124,2268,3937,115,205
70,124,2269,3898,0,340
70,124,2269,3900,53,444
70,124,2270,3898,0,340
70,124,2271,3898,0,340
70,124,2271,3943,35,69
70,124,2272,3898,0,340
70,124,2272,3899,0,340
70,124,2272,3900,0,361
70,124,2272,3900,0,369
70,124,2272,3902,0,366
70,124,2272,3902,0,387
70,124,2272,3934,0,261
70,124,2272,3935,0,261
70,124,2272,3937,0,235
70,124,2272,3941,0,130
70,124,2273,3898,0,340
70,124,2274,3898,0,340
70,124,2275,3898,0,340
70,124,2276,3898,0,340
70,124,2277,3898,0,340
70,124,2278,3898,0,340
70,124,2279,3898,0,340
70,124,2279,3955,75,22
70,124,2280,3898,0,340
70,124,2280,3934,0,261
70,124,2281,3898,0,340
70,124,2281,3955,138,-74
70,124,2282,3898,0,340
70,124,2283,3898,0,340
70,124,2284,3898,0,340
70,124,2285,3898,0,340
70,124,2285,3954,101,-152
70,124,2286,3898,0,340
70,124,2287,3898,0,340
70,124,2288,3898,0,340
70,124,2288,3935,0,261
70,124,2289,3898,0,340
70,124,2289,3899,0,340
70,124,2289,3910,0,418
70,124,2290,3898,0,340
70,124,2291,3898,0,340
70,124,2291,3899,0,340
70,124,2291,3923,0,421
70,124,2292,3898,0,340
70,124,2293,3898,0,340
70,124,2294,3898,0,340
70,124,2294,3899,0,340
70,124,2295,3898,0,340
70,124,2296,3898,0,340
70,124,2296,3899,0,340
70,124,2296,3934,0,261
70,124,2296,3935,0,261
70,124,2296,3936,0,235
70,124,2296,3937,0,235
70,124,2296,3941,0,183
70,124,2296,3942,0,104
70,124,2297,3898,0,340
70,124,2298,3897,0,500
70,124,2298,3898,0,340
70,124,2299,3898,0,340
70,124,2300,3898,0,340
70,124,2301,3898,0,340
70,124,2301,3913,-361,345
70,124,2302,3898,0,340
70,124,2303,3898,0,340
70,124,2304,3898,0,340
70,124,2304,3934,0,261
70,124,2304,3935,0,261
70,124,2305,3898,0,340
70,124,2306,3898,0,340
70,124,2307,3898,0,340
70,124,2308,3898,0,340
70,124,2308,3902,0,366
70,124,2309,3898,0,340
70,124,2309,3899,0,340
70,124,2310,3898,0,340
70,124,2310,3899,0,340
70,124,2311,3898,0,340
70,124,2311,3899,0,340
70,124,2311,3899,0,366
70,124,2312,3898,0,340
70,124,2312,3899,0,340
70,124,2312,3899,26,364
70,124,2313,3898,0,340
70,124,2313,3899,18,366
70,124,2313,3899,26,364
70,124,2314,3898,0,340
70,124,2314,3899,0,340
70,124,2315,3898,0,340
70,124,2315,3898,0,342
70,124,2315,3899,0,340
70,124,2315,3901,0,366
70,124,2315,3930,0,500
70,124,2316,3899,0,366
70,124,2316,3956,27,183
70,124,2316,3956,52,0
70,124,2316,3956,74,167
70,124,2316,3957,99,121
70,124,2316,3958,62,117
70,124,2316,3958,99,121
70,124,2316,3959,62,117
70,124,2317,3899,0,366
70,124,2317,3957,169,69
70,124,2318,3899,-8,366
70,124,2318,3958,289,28
70,124,2319,3899,-21,418
70,124,2322,3960,290,6
70,124,2324,3901,-74,494
70,124,2324,3911,-353,353
70,124,2324,3959,0,0
70,124,2324,3959,5,-25
70,124,2325,3953,53,-178
70,124,2326,3954,233,-125
70,124,2332,3917,-181,438
70,124,2335,3916,-416,277
70,124,2336,3914,0,444
70,124,2336,3915,0,466
70,124,2341,3922,-176,351
70,124,2362,3954,-498,37
70,124,2366,3956,-500,0
72,16,2249,561,469,-57
72,16,2284,578,441,-236
72,16,2296,584,323,-309
72,16,2298,583,309,-323
72,16,2303,573,299,-258
72,16,2311,599,335,-371
72,16,2316,578,-75,-21
72,16,2318,581,-217,-326
72,16,2321,557,-198,-132
72,16,2324,559,73,0
72,16,2324,559,104,0
72,16,2324,560,88,47
72,16,2324,563,0,-261
72,16,2324,565,0,-238
72,16,2324,569,16,-20
72,16,2324,570,25,-336
72,16,2324,586,0,-421
72,16,2324,587,0,-183
72,16,2325,587,-435,-246
72,16,2331,587,-500,0
72,16,2331,603,-212,-451
72,16,2331,603,-211,-421
72,16,2332,603,-224,-447
72,16,2332,604,-188,-374
72,16,2332,605,148,-450
72,16,2333,587,-75,-248
72,16,2333,600,-236,-441
72,16,2334,587,-500,0
72,16,2334,603,0,-500
72,16,2334,605,0,-500
72,16,2336,604,-306,-394
72,16,2336,604,-148,-450
72,16,2336,604,-121,-484
72,16,2337,601,-335,-371
72,16,2341,595,-457,-203
72,16,2342,596,-416,-277
72,125,2231,4047,442,-33
72,125,2238,3972,457,203
72,125,2241,3971,451,212
72,125,2241,4043,500,0
72,125,2251,3988,451,212
72,125,2263,3959,361,345
72,125,2264,3982,177,-353
72,125,2267,3977,310,137
72,125,2277,3953,181,408
72,125,2279,3971,95,382
72,125,2280,3963,177,353
72,125,2281,3961,160,361
72,125,2281,3977,42,287
72,125,2281,3982,46,152
72,125,2288,3964,71,361
72,125,2289,3957,41,419
72,125,2291,3934,0,500
72,125,2292,3934,0,500
72,125,2292,3935,0,500
72,125,2292,3957,0,421
72,125,2296,3972,291,226
72,125,2298,3954,378,326
72,125,2300,3950,470,167
72,125,2300,3951,482,132
72,125,2300,3952,478,144
72,125,2301,3949,451,212
72,125,2301,3950,451,212
72,125,2301,3952,484,121
72,125,2301,3953,490,97
72,125,2302,3951,416,277
72,125,2302,3956,500,0
72,125,2303,3947,402,296
72,125,2303,3948,394,306
72,125,2303,3954,494,74
72,125,2304,3945,371,335
72,125,2304,3950,451,212
72,125,2304,3952,466,179
72,125,2304,3952,470,167
72,125,2304,3953,478,144
72,125,2305,3950,447,224
72,125,2306,3948,236,441
72,125,2306,3950,416,277
72,125,2307,3943,236,441
72,125,2307,3943,257,429
72,125,2309,3943,191,462
72,125,2309,3955,484,121
72,125,2310,3945,224,447
72,125,2310,3956,190,403
72,125,2310,3957,0,421
72,125,2310,3957,21,421
72,125,2310,3962,194,344
72,125,2311,3943,144,478
72,125,2311,3957,0,421
72,125,2312,3943,121,484
72,125,2312,3943,156,474
72,125,2312,3944,0,500
72,125,2312,3957,0,421
72,125,2312,3963,177,353
72,125,2313,3955,96,270
72,125,2313,3960,63,143
72,125,2314,3943,37,498
72,125,2314,3956,435,246
72,125,2315,3955,240,309
72,125,2315,3957,0,421
72,125,2315,3974,14,21
72,125,2315,3977,15,20
72,125,2315,3977,16,20
72,125,2315,3981,0,-104
72,125,2315,3982,-26,0
72,125,2315,3983,-65,-43
72,125,2315,3983,-15,20
72,125,2315,3984,-49,-92
72,125,2315,3984,-26,0
72,125,2318,3946,306,394
72,125,2318,3947,287,408
72,125,2318,3954,31,259
72,125,2318,3957,82,412
72,125,2318,3964,80,360
72,125,2318,3979,149,249
72,125,2319,3960,76,387
72,125,2319,3964,80,360
72,125,2320,3960,67,389
72,125,2320,3962,-28,286
72,125,2320,3964,71,361
72,125,2320,3974,259,223
72,125,2321,3957,21,421
72,125,2321,3957,41,419
72,125,2322,3955,41,419
72,125,2322,3957,-185,98
72,125,2322,3957,0,421
72,125,2322,3957,21,421
72,125,2322,3957,31,419
72,125,2322,3957,41,419
72,125,2323,3957,0,421
72,125,2323,3957,21,421
72,125,2323,3977,25,255
72,125,2324,3956,-500,0
72,125,2324,3957,0,421
72,125,2324,3957,21,421
72,125,2324,3964,0,183
72,125,2324,3966,0,209
72,125,2324,3977,0,0
72,125,2324,3983,126,92
72,125,2324,3985,0,0
72,125,2324,3985,17,-182
72,125,2324,3986,86,-130
72,125,2325,3939,361,345
72,125,2325,3955,-21,421
72,125,2325,3956,-135,192
72,125,2326,3945,-97,490
72,125,2327,3942,361,345
72,125,2328,3939,0,500
72,125,2328,3939,287,408
72,125,2328,3952,-306,394
72,125,2329,3939,361,345
72,125,2329,3954,-482,132
72,125,2330,3939,361,345
72,125,2330,3947,-287,408
72,125,2330,3953,-451,212
72,125,2330,3956,-500,0
72,125,2330,3956,-482,132
72,125,2330,3956,-341,0
72,125,2331,3939,0,500
72,125,2331,3940,-212,451
72,125,2331,3940,-201,427
72,125,2331,3954,-482,132
72,125,2331,3956,-500,0
72,125,2332,3956,-478,144
72,125,2332,3956,-451,212
72,125,2333,3943,156,474
72,125,2333,3948,-236,441
72,125,2334,3943,-306,394
72,125,2335,3943,-236,441
72,125,2336,3943,-236,441
72,125,2336,3944,-236,441
72,125,2336,3945,-361,345
72,125,2336,3959,0,395
72,125,2336,3965,0,209
72,125,2337,3943,-361,345
72,125,2337,3943,-236,441
72,125,2337,3950,-457,203
72,125,2337,3951,-416,277
72,125,2340,3946,-416,277
72,125,2395,3942,-144,478
72,125,2395,4027,0,0
72,125,2402,3971,-323,226
72,125,2405,4017,-338,225
72,125,2411,3996,0,485
72,125,2411,3999,0,459
72,125,2411,3999,0,500
72,125,2411,4000,-121,484
72,125,2411,4003,-361,345
72,125,2411,4007,-83,235
72,125,2413,4010,-496,60
72,125,2413,4024,-446,-33
72,125,2413,4035,-446,-33
72,125,2419,3999,-361,345
72,125,2421,3998,-361,345
72,125,2421,4023,-326,378
72,125,2421,4028,-500,0
72,125,2423,3997,-335,371
72,125,2424,3997,-345,361
72,125,2424,4001,-402,296
72,125,2425,4002,-421,267
72,125,2426,3997,-378,326
72,125,2426,3999,-394,306
72,125,2426,4000,-408,287
72,125,2426,4001,-416,277
72,125,2426,4008,-492,85
72,125,2427,3999,-402,296
72,125,2427,4008,-482,132
72,125,2427,4010,-498,37
72,125,2427,4011,-444,0
72,125,2427,4012,-482,132
72,125,2428,4001,-435,246
72,125,2428,4008,-496,60
72,125,2429,4009,-415,50
72,125,2430,4004,-478,144
72,125,2431,4009,-498,37
72,125,2431,4011,-500,0
72,125,2431,4013,-498,-48
72,125,2439,4027,-500,0
73,17,2289,599,350,-115
73,17,2295,598,393,-151
73,17,2301,637,345,-361
73,17,2303,614,332,-300
73,17,2304,634,361,-345
73,17,2306,630,361,-345
73,17,2307,630,353,-353
73,17,2319,603,-94,90
73,17,2319,607,252,-228
73,17,2324,645,0,-340
73,17,2325,632,-22,-444
73,17,2325,636,-21,-418
73,17,2326,636,-21,-418
73,17,2326,636,0,-418
73,17,2326,644,-18,-366
73,17,2326,644,0,-366
73,17,2327,632,-22,-444
73,17,2327,644,-18,-366
73,17,2328,644,-18,-366
73,17,2329,644,-18,-366
73,17,2332,627,-24,-471
73,17,2332,632,-22,-444
73,17,2332,636,-21,-418
73,17,2333,636,-21,-418
73,17,2333,644,-18,-366
73,17,2334,644,-18,-366
73,17,2335,627,-24,-471
73,17,2335,636,-21,-418
73,17,2335,642,0,-366
73,17,2335,644,-18,-366
73,17,2336,621,0,-497
73,17,2336,625,0,-378
73,17,2336,635,-21,-418
73,17,2336,637,0,-414
73,17,2336,638,0,-414
73,17,2336,638,0,-392
73,17,2336,639,0,-414
73,17,2336,641,0,-387
73,17,2336,642,0,-387
73,17,2336,642,0,-366
73,17,2336,644,-18,-366
73,17,2336,645,0,-395
73,17,2337,632,-22,-444
73,17,2337,636,-21,-418
73,17,2337,641,-21,-414
73,17,2337,641,-20,-392
73,17,2337,644,-27,-365
73,17,2337,644,-18,-366
73,17,2338,627,0,-471
73,17,2338,632,-22,-444
73,17,2338,632,0,-444
73,17,2338,636,0,-418
73,17,2338,638,-33,-446
73,17,2338,643,-31,-419
73,17,2338,644,-18,-366
73,17,2338,644,0,-366
73,17,2339,627,-24,-471
73,17,2339,632,-22,-444
73,17,2339,644,-18,-366
73,17,2340,632,-22,-444
73,17,2340,636,-21,-418
73,17,2340,644,-18,-366
73,17,2340,645,0,-340
73,17,2341,636,-21,-418
73,17,2341,644,-18,-366
73,17,2342,644,-18,-366
73,17,2343,632,-22,-444
73,17,2343,644,-18,-366
73,17,2344,636,-21,-418
73,17,2344,644,-18,-366
73,17,2345,644,-18,-366
73,17,2346,644,-18,-366
73,17,2347,616,0,-418
73,17,2347,636,-21,-418
73,17,2347,644,-18,-366
73,17,2347,645,0,-340
73,17,2348,636,-21,-418
73,17,2348,644,-18,-366
73,17,2349,626,0,-471
73,17,2349,636,0,-418
73,17,2349,644,-18,-366
73,17,2349,644,0,-366
73,17,2351,644,-18,-366
73,17,2352,636,-21,-418
73,17,2353,644,-18,-366
73,17,2354,632,-22,-444
73,17,2354,644,-18,-366
73,17,2355,632,-22,-444
73,17,2355,644,-18,-366
73,17,2356,632,-22,-444
73,17,2356,644,-18,-366
73,17,2356,644,18,-366
73,17,2357,622,25,-497
73,17,2357,632,-22,-444
73,17,2357,644,-18,-366
73,17,2358,644,-18,-366
73,17,2359,632,-22,-444
73,17,2359,636,-21,-418
73,17,2360,644,-18,-366
73,17,2361,644,-18,-366
73,17,2363,632,-22,-444
73,17,2364,613,0,-444
73,17,2364,644,-18,-366
73,17,2365,644,-18,-366
73,17,2365,645,0,-340
73,17,2366,632,-22,-444
73,17,2366,644,-18,-366
73,17,2367,611,-28,-233
73,17,2367,644,-18,-366
73,17,2369,632,-22,-444
73,17,2369,644,-18,-366
73,17,2369,645,0,-340
73,17,2370,622,-25,-497
73,17,2370,632,-22,-444
73,17,2370,644,-18,-366
73,17,2370,645,0,-340
73,17,2371,632,-22,-444
73,17,2371,636,-21,-418
73,17,2371,644,-18,-366
73,17,2372,632,-22,-444
73,17,2372,644,-18,-366
73,17,2373,644,-18,-366
73,17,2374,636,-21,-418
73,17,2375,644,-18,-366
73,17,2378,632,-22,-444
73,17,2379,613,0,-444
73,17,2379,636,-21,-418
73,17,2379,644,-18,-366
73,17,2380,644,-18,-366
73,17,2381,632,-22,-444
73,17,2381,644,-18,-366
73,17,2382,632,-22,-444
73,17,2382,636,-21,-418
73,17,2382,644,-18,-366
73,17,2383,644,-18,-366
73,17,2384,632,-22,-444
73,17,2385,644,-18,-366
73,17,2388,645,0,-340
73,17,2389,636,-21,-418
73,17,2389,644,-18,-366
73,17,2390,644,-18,-366
73,17,2394,643,18,-366
73,17,2394,644,-18,-366
73,17,2397,643,41,-419
73,17,2397,644,35,-365
73,17,2398,632,-22,-444
73,17,2399,636,22,-440
73,17,2399,638,20,-414
73,17,2399,643,19,-387
73,17,2399,644,-18,-366
73,17,2399,644,19,-387
73,17,2400,636,22,-440
73,17,2400,638,0,-414
73,17,2400,642,0,-387
73,17,2400,645,0,-340
73,17,2402,644,-18,-366
73,17,2403,642,0,-366
73,17,2404,625,0,-473
73,17,2404,628,0,-500
73,17,2404,634,0,-500
73,17,2404,639,0,-500
73,17,2404,639,0,-444
73,17,2404,649,0,-500
73,17,2407,643,-29,-391
73,17,2407,644,-29,-391
73,17,2416,587,212,100
73,17,2416,588,209,0
73,17,2417,587,260,-19
73,17,2417,587,261,0
73,17,2420,575,-287,-7
73,17,2428,575,254,-230
73,17,2429,622,-361,-345
73,17,2431,599,-237,-248
73,17,2431,616,-323,-309
73,17,2433,601,-255,-266
73,17,2442,600,-414,-171
73,17,2443,576,0,-392
73,124,2273,3957,500,-11
73,124,2280,3914,358,343
73,124,2283,3956,361,345
73,124,2284,3932,345,361
73,124,2285,3931,345,361
73,124,2286,3934,335,371
73,124,2286,3935,361,345
73,124,2287,3934,361,345
73,124,2287,3943,316,386
73,124,2288,3916,353,353
73,124,2288,3934,361,345
73,124,2289,3916,353,353
73,124,2290,3939,470,167
73,124,2290,3956,447,0
73,124,2291,3914,345,361
73,124,2292,3908,368,333
73,124,2292,3913,353,353
73,124,2294,3939,361,345
73,124,2295,3908,368,333
73,124,2295,3947,438,87
73,124,2296,3909,358,343
73,124,2297,3928,345,361
73,124,2297,3956,0,-421
73,124,2299,3945,368,141
73,124,2299,3948,411,92
73,124,2300,3909,358,343
73,124,2300,3947,408,101
73,124,2300,3956,369,0
73,124,2301,3909,358,343
73,124,2302,3909,358,343
73,124,2303,3944,424,139
73,124,2303,3987,265,293
73,124,2303,3988,69,-35
73,124,2304,3909,358,343
73,124,2304,3947,408,101
73,124,2305,3946,403,121
73,124,2305,3947,408,101
73,124,2306,3927,144,217
73,124,2306,3974,-367,207
73,124,2307,3909,358,343
73,124,2308,3909,358,343
73,124,2308,3959,-141,250
73,124,2309,3909,351,351
73,124,2309,3909,358,343
73,124,2309,3956,19,16
73,124,2309,3963,-400,200
73,124,2310,3909,358,343
73,124,2311,3909,358,343
73,124,2311,3949,-107,-431
73,124,2311,3964,-341,25
73,124,2312,3909,351,351
73,124,2312,3909,358,343
73,124,2312,3913,353,353
73,124,2313,3908,351,351
73,124,2313,3909,351,351
73,124,2313,3909,358,343
73,124,2313,3913,353,353
73,124,2314,3907,30,416
73,124,2314,3909,358,343
73,124,2314,3913,353,353
73,124,2315,3901,8,366
73,124,2315,3909,358,343
73,124,2315,3913,353,353
73,124,2315,3956,-255,-105
73,124,2315,3957,-69,-37
73,124,2315,3957,-2,25
73,124,2315,3957,9,24
73,124,2315,3958,-68,-38
73,124,2315,3959,-150,-183
73,124,2315,3959,-1,-26
73,124,2315,3959,9,24
73,124,2315,3961,10,-23
73,124,2315,3962,-472,-46
73,124,2315,3965,-44,-94
73,124,2315,3969,-256,-51
73,124,2316,3902,0,366
73,124,2316,3903,0,366
73,124,2316,3909,358,343
73,124,2316,3940,136,158
73,124,2316,3940,151,144
73,124,2316,3955,210,15
73,124,2316,3956,-201,-127
73,124,2316,3958,-421,-10
73,124,2316,3959,-88,47
73,124,2316,3962,-446,43
73,124,2317,3908,351,351
73,124,2317,3909,358,343
73,124,2317,3940,115,141
73,124,2317,3940,132,126
73,124,2317,3940,151,144
73,124,2317,3941,132,161
73,124,2317,3941,151,144
73,124,2317,3957,-235,0
73,124,2317,3959,-260,19
73,124,2317,3961,-289,28
73,124,2318,3902,0,366
73,124,2318,3903,28,391
73,124,2318,3908,351,351
73,124,2318,3909,358,343
73,124,2318,3954,-261,0
73,124,2318,3955,-261,0
73,124,2319,3902,0,366
73,124,2319,3909,358,343
73,124,2319,3952,0,0
73,124,2319,3960,-263,175
73,124,2320,3899,26,364
73,124,2320,3909,358,343
73,124,2320,3950,-223,-183
73,124,2321,3899,26,364
73,124,2321,3909,351,351
73,124,2321,3909,358,343
73,124,2321,3954,-218,-90
73,124,2321,3955,-169,-70
73,124,2321,3963,-160,-176
73,124,2322,3899,18,366
73,124,2322,3908,351,351
73,124,2322,3909,351,351
73,124,2322,3909,358,343
73,124,2322,3953,-87,-162
73,124,2322,3955,-152,-101
73,124,2322,3957,-87,57
73,124,2322,3958,-289,28
73,124,2322,3959,-199,371
73,124,2323,3898,0,340
73,124,2323,3899,18,366
73,124,2323,3899,26,364
73,124,2323,3906,0,392
73,124,2323,3909,358,343
73,124,2323,3930,357,264
73,124,2323,3952,-61,-172
73,124,2323,3953,-22,-182
73,124,2323,3955,-93,-126
73,124,2323,3955,3,-157
73,124,2323,3956,-3,25
73,124,2323,3959,-350,233
73,124,2324,3897,0,342
73,124,2324,3898,0,340
73,124,2324,3899,0,340
73,124,2324,3899,18,366
73,124,2324,3909,358,343
73,124,2325,3898,0,340
73,124,2325,3899,0,340
73,124,2325,3908,351,351
73,124,2325,3909,358,343
73,124,2325,3913,353,353
73,124,2325,3952,-31,-180
73,124,2325,3954,-46,-231
73,124,2326,3898,0,340
73,124,2326,3908,351,351
73,124,2326,3909,358,343
73,124,2326,3920,353,353
73,124,2327,3898,0,340
73,124,2327,3899,0,340
73,124,2327,3909,351,351
73,124,2327,3909,358,343
73,124,2328,3898,0,340
73,124,2328,3899,0,340
73,124,2328,3909,358,343
73,124,2328,3936,0,235
73,124,2328,3949,0,209
73,124,2329,3898,0,340
73,124,2329,3899,0,340
73,124,2329,3908,351,351
73,124,2329,3909,358,343
73,124,2329,3937,151,144
73,124,2330,3898,0,340
73,124,2330,3899,0,340
73,124,2330,3899,26,364
73,124,2330,3908,351,351
73,124,2330,3909,358,343
73,124,2330,3913,353,353
73,124,2330,3937,175,194
73,124,2330,3937,189,180
73,124,2330,3938,158,174
73,124,2331,3898,0,340
73,124,2331,3899,0,340
73,124,2331,3908,351,351
73,124,2331,3909,358,343
73,124,2331,3938,158,174
73,124,2331,3938,169,162
73,124,2331,3939,153,178
73,124,2331,3939,169,162
73,124,2332,3898,0,340
73,124,2332,3899,0,340
73,124,2332,3900,26,364
73,124,2332,3909,358,343
73,124,2332,3939,153,178
73,124,2332,3939,169,162
73,124,2333,3898,0,340
73,124,2333,3909,358,343
73,124,2333,3935,142,157
73,124,2334,3898,0,340
73,124,2334,3900,-18,366
73,124,2334,3909,358,343
73,124,2334,3913,353,353
73,124,2335,3898,0,340
73,124,2335,3899,0,340
73,124,2335,3909,358,343
73,124,2335,3943,75,72
73,124,2336,3898,0,340
73,124,2336,3899,0,340
73,124,2336,3901,0,366
73,124,2336,3902,0,366
73,124,2336,3902,0,387
73,124,2336,3903,0,366
73,124,2336,3906,0,392
73,124,2336,3909,358,343
73,124,2336,3935,0,261
73,124,2337,3899,26,364
73,124,2337,3909,358,343
73,124,2337,3940,94,90
73,124,2338,3898,0,340
73,124,2338,3899,-37,498
73,124,2338,3899,18,366
73,124,2338,3901,0,366
73,124,2338,3909,358,343
73,124,2338,3910,351,351
73,124,2339,3900,18,366
73,124,2339,3901,8,366
73,124,2339,3909,351,351
73,124,2339,3909,358,343
73,124,2339,3939,153,178
73,124,2339,3943,-27,157
73,124,2340,3894,0,444
73,124,2340,3895,0,500
73,124,2340,3896,0,471
73,124,2340,3897,0,500
73,124,2340,3898,0,340
73,124,2340,3898,0,500
73,124,2340,3899,0,340
73,124,2340,3900,0,500
73,124,2340,3902,0,392
73,124,2340,3909,358,343
73,124,2340,3922,0,447
73,124,2340,3928,0,395
73,124,2340,3932,0,369
73,124,2340,3939,169,162
73,124,2341,3899,-18,366
73,124,2341,3909,358,343
73,124,2342,3899,-18,366
73,124,2342,3909,358,343
73,124,2342,3942,113,108
73,124,2343,3908,368,333
73,124,2343,3909,358,343
73,124,2344,3908,351,351
73,124,2344,3908,368,333
73,124,2344,3909,358,343
73,124,2344,3934,0,261
73,124,2344,3935,0,261
73,124,2344,3937,0,235
73,124,2344,3939,0,183
73,124,2344,3942,0,104
73,124,2344,3943,0,78
73,124,2345,3908,351,351
73,124,2345,3909,358,343
73,124,2345,3910,351,351
73,124,2346,3896,-74,494
73,124,2346,3908,351,351
73,124,2346,3909,358,343
73,124,2346,3913,353,353
73,124,2346,3937,189,180
73,124,2346,3938,158,174
73,124,2347,3906,332,332
73,124,2347,3908,351,351
73,124,2347,3909,358,343
73,124,2347,3938,169,162
73,124,2347,3939,169,162
73,124,2348,3898,-24,471
73,124,2348,3908,351,351
73,124,2348,3909,358,343
73,124,2348,3913,361,345
73,124,2348,3939,153,178
73,124,2348,3939,169,162
73,124,2349,3908,351,351
73,124,2349,3909,351,351
73,124,2349,3909,358,343
73,124,2349,3910,351,351
73,124,2349,3913,361,345
73,124,2349,3940,115,141
73,124,2350,3908,343,358
73,124,2350,3908,351,351
73,124,2350,3909,343,358
73,124,2350,3909,351,351
73,124,2350,3909,358,343
73,124,2350,3909,361,345
73,124,2350,3910,351,351
73,124,2350,3923,-16,316
73,124,2351,3909,343,358
73,124,2351,3909,353,353
73,124,2351,3950,0,0
73,124,2354,3913,353,353
73,124,2356,3939,153,178
73,124,2360,3940,0,157
73,124,2362,3937,189,180
73,124,2362,3938,158,174
73,124,2364,3939,153,178
73,124,2364,3939,169,162
73,124,2365,3940,115,141
73,124,2380,3918,0,447
73,124,2381,3895,11,500
73,124,2393,3929,-376,324
73,124,2396,3896,0,500
73,124,2396,3897,0,500
73,124,2396,3898,0,500
73,124,2396,3902,0,500
73,124,2396,3912,-361,345
73,124,2396,3918,0,447
73,124,2396,3922,0,447
73,124,2396,3938,0,238
73,124,2396,3940,0,26
73,124,2398,3911,-361,345
73,124,2400,3932,0,369
73,124,2400,3934,0,342
73,124,2402,3916,-408,287
73,124,2403,3927,0,395
73,124,2404,3896,0,500
73,124,2404,3899,0,500
73,124,2404,3918,0,447
73,124,2404,3927,0,395
73,124,2406,3943,-77,74
73,124,2407,3941,-134,163
73,124,2413,3911,-353,353
73,124,2416,3916,0,500
73,124,2418,3906,-326,378
73,124,2422,3956,0,0
73,124,2429,3917,-201,427
73,124,2431,3952,-336,66
73,124,2431,3973,-287,-28
73,124,2432,3909,-359,343
73,124,2432,3920,-169,267
73,124,2434,3936,-339,291
73,124,2434,3940,-316,316
73,124,2434,3941,-323,309
73,124,2435,3932,-304,291
73,124,2437,3937,-327,342
73,124,2437,3946,-372,132
73,124,2437,3995,-40,-97
73,124,2439,3926,-309,323
73,124,2439,3953,-394,38
73,124,2439,4010,-366,-8
73,124,2440,3912,-353,353
73,124,2440,3949,-437,97
73,124,2441,3948,-408,101
73,124,2442,3972,-421,0
73,124,2443,3936,-377,239
73,124,2445,3935,-339,203
73,124,2445,3948,-439,87
73,124,2445,3963,-447,0
73,124,2445,3971,-446,-33
73,124,2445,3972,-340,-8
73,124,2445,3975,-446,-33
73,124,2445,3979,-446,-33
73,124,2446,4010,-314,0
73,124,2447,3941,-320,123
73,124,2447,3945,-432,118
73,124,2448,3949,-441,76
73,124,2449,3972,-473,0
73,124,2449,3976,-471,0
73,124,2451,3940,-500,0
73,124,2453,3938,-500,-11
73,124,2453,3962,-473,0
73,124,2453,3968,-473,0
73,124,2453,3972,-473,0
73,124,2453,3976,-473,0
73,124,2453,3977,-473,0
73,124,2458,3949,-494,74
73,124,2459,3972,-447,0
73,124,2466,3954,-421,267
73,124,2467,3947,-500,-25
73,124,2467,3974,-395,8
74,16,2396,587,451,-212
74,16,2396,587,497,0
74,16,2396,587,500,0
74,16,2397,587,500,0
74,16,2397,590,490,-97
74,16,2398,588,490,-97
74,16,2399,603,361,-345
74,16,2400,587,500,0
74,16,2402,600,267,-421
74,16,2402,601,267,-421
74,16,2403,602,0,-500
74,16,2404,602,212,-451
74,16,2404,605,0,-500
74,16,2404,606,0,-500
74,16,2405,595,306,-394
74,16,2405,596,277,-416
74,16,2405,596,287,-408
74,16,2406,587,204,0
74,16,2406,603,144,-478
74,16,2406,605,287,-408
74,16,2410,605,287,-408
74,16,2411,586,0,-421
74,16,2411,587,235,0
74,16,2412,576,-18,-354
74,16,2412,586,-21,-421
74,16,2413,586,0,-421
74,16,2414,575,-72,-415
74,16,2416,557,328,-219
74,16,2416,576,327,218
74,16,2440,578,-360,-266
74,16,2440,578,-353,-274
74,16,2444,580,-381,-281
74,16,2445,579,-394,-262
74,16,2445,582,-331,-257
74,16,2449,582,-236,-441
74,16,2452,587,-224,-447
74,16,2452,587,-167,-470
74,16,2452,587,0,-500
76,16,2411,587,35,-472
76,16,2411,587,81,-466
76,16,2413,582,267,-421
76,16,2414,583,306,-394
76,16,2415,584,402,-296
76,16,2415,584,441,-236
76,16,2417,580,386,-272
76,16,2417,580,394,-262
76,16,2418,581,381,-281
76,16,2421,577,365,-257
76,16,2421,577,372,-248
76,16,2422,578,360,-266
76,16,2425,575,339,-250
76,16,2425,576,339,-250
76,16,2426,576,332,-258
76,16,2428,585,291,-339
76,16,2436,578,92,-126
76,16,2448,589,462,-191
76,16,2452,556,217,96
76,16,2452,570,0,-369
76,16,2452,571,5,-25
76,16,2452,572,0,-308
76,16,2452,578,0,-308
76,16,2452,587,-235,0
76,16,2454,587,-341,0
76,16,2459,601,-224,-447
76,16,2459,602,-212,-451
76,16,2459,603,-212,-451
76,16,2459,603,-191,-462
77,17,2412,605,432,-192
77,17,2413,605,432,-192
77,17,2420,600,421,-150
77,17,2421,587,421,0
77,17,2422,597,403,-121
77,17,2423,587,395,0
77,17,2423,598,393,-151
77,17,2424,600,377,-178
77,17,2425,596,378,-114
77,17,2426,595,381,-105
77,17,2426,596,378,-114
77,17,2426,597,371,-132
77,17,2428,594,355,-98
77,17,2428,612,297,-298
77,17,2429,594,355,-98
77,17,2429,595,347,-124
77,17,2430,598,327,-164
77,17,2434,624,353,-353
77,17,2444,621,335,-371
77,17,2444,626,361,-345
77,17,2445,629,345,-361
77,17,2445,630,335,-371
77,17,2445,630,345,-361
77,17,2446,629,345,-361
77,17,2446,629,353,-353
77,17,2447,623,353,-353
77,17,2447,624,353,-353
77,17,2447,633,296,-402
77,17,2449,625,345,-361
77,17,2449,626,345,-361
77,17,2449,626,353,-353
77,17,2451,576,-44,177
77,17,2453,626,296,-402
77,17,2457,634,345,-361
77,17,2474,598,300,-332
77,17,2477,634,85,-492
77,17,2482,622,33,-446
77,17,2483,622,22,-447
77,17,2484,607,0,-209
77,17,2484,619,0,-421
77,17,2484,621,0,-447
77,17,2484,621,22,-447
78,18,2424,602,500,11
78,18,2424,603,500,11
78,18,2424,604,500,0
78,18,2424,604,500,11
78,18,2428,601,498,37
78,18,2429,601,500,25
78,18,2429,602,500,25
78,18,2429,609,500,25
78,18,2432,631,408,-287
78,18,2433,631,408,-287
78,18,2436,641,340,-325
78,18,2436,643,340,-325
78,18,2436,644,340,-325
78,18,2438,634,358,-344
78,18,2438,634,368,-334
78,18,2438,635,368,-334
78,18,2438,637,343,-359
78,18,2441,631,361,-345
78,18,2441,631,371,-335
78,18,2443,634,361,-345
78,18,2443,636,361,-345
78,18,2443,637,361,-345
78,18,2443,644,361,-345
78,18,2443,645,361,-345
78,18,2445,637,296,-402
78,18,2458,589,50,-339
78,18,2461,587,171,-232
78,18,2463,590,-142,213
78,18,2463,597,-106,-323
78,18,2465,611,266,-326
78,18,2465,619,230,-384
78,18,2468,603,237,17
78,18,2468,607,94,-90
78,18,2468,614,225,-355
78,18,2468,630,148,-450
78,18,2471,628,156,-474
78,18,2473,642,136,-453
78,18,2473,646,125,-457
78,18,2474,618,-300,-99
78,18,2474,646,121,-484
78,18,2475,674,132,-482
78,18,2475,678,132,-482
78,18,2476,639,-48,-498
78,18,2477,600,-210,-112
78,18,2477,602,-232,-52
78,18,2478,603,-230,-130
78,18,2479,630,316,-16
78,18,2480,587,-21,-14
78,18,2482,590,59,-145
78,18,2482,629,249,-150
78,18,2484,642,0,-26
78,18,2487,651,-500,0
78,18,2492,676,-167,-470
78,18,2497,665,-345,-361
78,18,2498,676,-257,-429
78,18,2501,675,-296,-402
78,18,2502,667,-378,-326
78,18,2507,671,-378,-326
78,19,2432,665,392,0
78,19,2436,665,418,0
78,19,2436,668,418,0
78,19,2436,670,416,-31
78,19,2436,670,418,-21
78,19,2436,674,494,-74
78,19,2436,675,340,-325
78,19,2436,678,340,-325
78,19,2436,679,340,-325
78,19,2436,680,340,-325
78,19,2436,682,340,-325
78,19,2436,684,340,-325
78,19,2437,668,500,0
78,19,2437,670,416,-31
78,19,2437,670,418,-21
78,19,2437,671,416,-31
78,19,2438,668,418,0
78,19,2438,669,418,-10
78,19,2438,670,418,0
78,19,2438,671,418,-21
78,19,2438,676,403,-111
78,19,2438,684,343,-359
78,19,2439,668,418,0
78,19,2439,669,418,-10
78,19,2439,681,351,-351
78,19,2441,684,391,-261
78,19,2442,685,400,-295
78,19,2443,649,361,-345
78,19,2443,650,361,-345
78,19,2443,651,361,-345
78,19,2443,652,361,-345
78,19,2443,654,361,-345
78,19,2443,655,361,-345
78,19,2443,656,361,-345
78,19,2443,657,361,-345
78,19,2443,658,361,-345
78,19,2443,659,361,-345
78,19,2443,661,361,-345
78,19,2443,664,361,-345
78,19,2443,665,361,-345
78,19,2443,667,361,-345
78,19,2443,668,361,-345
78,19,2443,671,361,-345
78,19,2443,672,361,-345
78,19,2443,673,361,-345
78,19,2443,675,361,-345
78,19,2443,677,361,-345
78,19,2443,685,392,-305
78,19,2444,680,294,-176
78,19,2447,676,500,0
78,19,2448,678,471,0
78,19,2452,668,345,-361
78,19,2452,668,474,-156
78,19,2453,668,497,0
78,19,2453,682,497,0
78,19,2454,670,500,-11
78,19,2456,655,391,-38
78,19,2456,670,500,-25
78,19,2458,684,500,0
78,19,2460,668,407,0
78,19,2463,594,333,-211
78,19,2463,685,500,0
78,19,2467,662,277,-416
78,19,2467,664,308,-359
78,19,2472,682,417,-224
78,19,2475,622,-175,-158
78,19,2476,615,-257,-45
78,19,2476,679,121,-403
78,19,2478,640,-111,-208
78,19,2480,592,-208,-20
78,19,2481,634,-198,132
78,19,2482,633,-110,149
78,19,2482,635,-176,117
78,19,2572,684,-85,-492
78,19,2575,691,-179,-466
78,19,2577,688,-378,-326
78,19,2580,684,-488,-109
78,19,2581,683,-500,0
78,19,2587,683,-500,-11
90,7,2867,302,22,-447
90,7,2868,301,0,-447
90,7,2955,301,0,-447
90,7,2955,303,0,-314
90,7,2958,244,169,162
90,7,2959,235,0,-26
90,7,2959,244,91,303
90,7,2971,242,-392,47
90,7,2982,237,-373,112
90,7,2983,235,-395,0
90,7,2985,240,-416,-62
90,7,2986,237,-419,-31
90,7,2987,232,0,202
90,7,2987,238,-419,-31
90,7,2987,255,0,-500
90,7,2987,257,0,-500
90,7,2987,258,0,-500
90,7,2989,238,-446,-33
90,7,2989,255,-97,-490
90,7,2989,258,-85,-492
90,7,2990,255,-121,-484
90,7,2990,258,-109,-488
90,7,2990,259,-132,-482
90,7,2991,254,-203,-457
90,7,2991,254,-191,-462
90,7,2991,259,-121,-484
90,7,2992,252,-287,-408
90,7,2992,257,-191,-462
90,7,2992,257,-167,-470
90,7,2992,262,-132,-482
90,7,2993,262,-179,-466
90,7,2993,262,-156,-474
90,7,2994,260,-179,-466
90,7,2995,260,-224,-447
90,7,2995,262,-224,-447
90,7,2995,262,-203,-457
90,7,2999,255,-378,-326
90,7,2999,256,-371,-335
90,7,3000,255,-394,-306
90,7,3001,220,-335,371
90,7,3001,255,-402,-296
90,7,3003,229,-478,144
90,7,3003,256,-402,-296
90,7,3003,282,-484,-121
90,7,3003,282,-470,-167
90,7,3004,252,-457,-203
90,9,2902,366,-296,-402
90,9,2905,370,-277,-416
90,9,2907,363,-500,0
90,9,2907,380,-212,-451
90,9,2910,378,-287,-408
90,9,2910,379,-277,-416
90,9,2918,368,-484,-121
90,9,2936,353,-312,-283
90,9,2939,390,0,-500
90,9,2958,308,-88,132
90,9,2958,308,181,21
90,9,2969,299,161,-86
90,9,2981,299,-395,0
90,9,2981,304,-389,-67
90,9,2982,303,-389,67
90,9,2985,302,-415,72
90,9,2985,304,-416,-62
90,9,2985,305,-416,-62
90,9,2986,305,-415,-72
90,9,2987,310,0,-392
90,9,2987,312,0,-444
90,9,2987,318,-74,-494
90,9,2987,318,0,-500
90,9,2987,319,-144,-478
90,9,2987,319,0,-500
90,9,2988,319,-121,-484
90,9,2988,320,-121,-484
90,9,2989,303,-446,-43
90,9,2989,304,-442,-66
90,9,2989,319,-97,-490
90,9,2990,319,-121,-484
90,9,2991,326,-132,-482
90,9,2993,304,-472,-46
90,9,2993,305,-285,-35
90,9,2993,324,-473,0
90,9,2995,292,-386,316
90,9,2997,316,-371,-335
90,9,2998,286,-441,236
90,9,2999,284,-500,25
90,9,2999,286,-441,236
90,9,2999,287,-441,236
90,9,2999,320,-371,-335
90,9,2999,321,-441,-236
90,9,2999,322,-441,-236
90,9,3000,319,-378,-326
90,9,3000,319,-361,-345
90,9,3000,320,-378,-326
90,9,3001,289,-408,287
90,9,3004,289,-500,0
90,9,3004,294,-500,0
90,9,3004,296,-500,0
91,6,2868,221,0,-500
91,6,2973,237,-7,78
91,6,2980,240,-162,302
91,6,2980,240,-154,306
91,6,2980,244,58,390
91,6,2980,244,156,212
91,6,2981,237,-263,175
91,6,2983,244,23,312
91,6,2985,236,57,86
91,6,2985,244,15,314
91,6,2986,238,-70,169
91,6,2986,244,7,340
91,6,2987,236,0,52
91,6,2987,245,-26,0
91,6,2987,245,0,0
91,6,2987,251,0,-26
91,6,2987,254,0,-238
91,6,2987,258,0,-52
91,6,2987,268,0,-235
91,6,2987,269,0,-447
91,6,2987,281,0,-500
91,6,2987,286,0,-500
91,6,2987,289,0,-500
91,6,2987,294,0,-500
91,6,2987,296,0,-500
91,6,2988,243,-35,98
91,6,2989,243,-61,-203
91,6,2994,257,-115,-350
91,6,2994,289,-132,-482
91,6,2995,260,-123,-375
91,6,2996,264,-141,-396
91,6,2997,264,-141,-396
91,6,2997,265,-132,-400
91,6,2997,268,-140,-425
91,6,2998,267,-160,-415
91,6,2999,267,-160,-417
91,6,2999,270,-150,-421
91,6,2999,275,-137,-453
91,6,3000,219,-289,28
91,6,3000,266,-182,-409
91,6,3000,271,-170,-442
91,6,3001,270,-181,-438
91,6,3002,270,-192,-433
91,6,3004,224,-113,-108
91,6,3005,272,-48,-498
91,6,3007,219,-264,13
91,6,3008,282,-441,-236
91,6,3009,203,-447,0
91,6,3009,220,-316,7
91,6,3010,219,-290,14
91,6,3011,251,-266,-255
91,6,3014,205,-234,-17
91,6,3016,220,-369,8
91,6,3019,203,-421,0
91,6,3021,264,-500,0
91,6,3025,203,-473,0
91,6,3025,218,-472,35
91,6,3026,265,-353,-353
91,6,3027,265,-361,-345
91,6,3029,260,-361,-345
91,6,3029,266,-361,-345
91,6,3029,269,-361,-345
91,6,3030,269,-361,-345
91,6,3031,268,-353,-353
91,6,3031,269,-378,-326
91,6,3032,235,-371,-335
91,6,3032,246,-353,-353
91,6,3033,243,-345,-361
91,6,3033,250,-359,-344
91,6,3033,251,-359,-344
91,6,3033,253,-359,-344
91,6,3033,253,-334,-369
91,6,3033,254,-359,-344
91,6,3033,256,-359,-344
91,6,3033,259,-359,-344
91,6,3033,260,-359,-344
91,6,3033,261,-359,-344
91,6,3033,261,-351,-351
91,6,3033,262,-359,-344
91,6,3033,263,-359,-344
91,6,3033,263,-351,-351
91,6,3033,264,-359,-344
91,6,3033,269,-353,-353
91,6,3033,272,-351,-351
91,6,3033,273,-359,-344
91,6,3034,272,-351,-351
91,6,3035,253,-345,-361
91,6,3036,245,-371,-335
91,6,3037,220,-500,0
91,6,3037,242,-371,-335
91,6,3037,267,-340,-325
91,6,3038,203,-500,0
91,6,3038,218,-500,11
91,6,3038,219,-500,0
91,6,3038,219,-500,25
91,6,3039,203,-500,0
91,6,3039,217,-498,37
91,6,3040,247,-408,-287
91,6,3042,228,-500,0
91,6,3043,219,-500,11
91,6,3044,203,-500,0
91,6,3044,217,-498,48
91,6,3045,222,-494,74
91,6,3047,219,-500,0
91,6,3047,220,-500,0
91,6,3048,218,-500,11
91,8,2894,268,-182,102
91,8,2985,300,-132,198
91,8,2986,300,-132,145
91,8,2986,305,-101,244
91,8,2987,300,0,52
91,8,2987,333,0,-447
91,8,2988,303,117,55
91,8,2988,308,110,73
91,8,2992,323,-106,-298
91,8,2992,357,0,-500
91,8,2994,349,-109,-488
91,8,2994,357,-109,-488
91,8,2995,347,-144,-478
91,8,2995,348,-132,-482
91,8,2995,349,-121,-484
91,8,2997,358,-121,-484
91,8,2998,351,-156,-474
91,8,2998,357,-132,-482
91,8,2998,358,-132,-482
91,8,3000,356,-167,-470
91,8,3000,356,-156,-474
91,8,3005,286,-157,0
91,8,3010,330,-498,37
91,8,3011,330,-498,37
91,8,3015,286,-418,-21
91,8,3015,327,-500,25
91,8,3015,335,-345,-361
91,8,3018,284,-466,0
91,8,3018,338,-345,-361
91,8,3019,338,-345,-361
91,8,3019,339,-353,-353
91,8,3019,339,-345,-361
91,8,3020,340,-353,-353
91,8,3020,341,-353,-353
91,8,3021,340,-353,-353
91,8,3021,341,-361,-345
91,8,3021,341,-353,-353
91,8,3021,341,-345,-361
91,8,3024,286,-469,-35
91,8,3024,289,-471,0
91,8,3024,291,-471,0
91,8,3024,294,-471,0
91,8,3024,295,-471,0
91,8,3024,298,-471,0
91,8,3025,321,-471,23
91,8,3026,285,-471,-11
91,8,3026,288,-471,23
91,8,3026,295,-471,10
91,8,3026,295,-471,23
91,8,3028,267,-224,447
91,8,3028,285,-444,-10
91,8,3028,285,-444,0
91,8,3028,286,-444,-22
91,8,3028,297,-444,0
91,8,3029,267,-473,0
91,8,3029,284,-500,0
91,8,3030,286,-444,-22
91,8,3032,294,-422,-139
91,8,3032,335,-359,-344
91,8,3034,302,-382,-229
91,8,3034,305,-418,0
91,8,3035,283,-417,30
91,8,3035,284,-417,30
91,8,3035,285,-418,0
91,8,3035,286,-418,-21
91,8,3035,286,-417,-31
91,8,3035,286,-417,30
91,8,3035,287,-418,-21
91,8,3035,287,-417,-41
91,8,3035,287,-417,-31
91,8,3035,287,-417,30
91,8,3035,288,-417,-41
91,8,3035,288,-417,30
91,8,3035,289,-417,30
91,8,3035,289,-415,-50
91,8,3035,290,-417,30
91,8,3035,290,-414,-62
91,8,3035,290,-412,-72
91,8,3035,291,-417,30
91,8,3035,292,-417,30
91,8,3035,293,-417,30
91,8,3035,294,-417,30
91,8,3035,295,-418,0
91,8,3035,295,-417,30
91,8,3035,296,-417,30
91,8,3035,297,-417,30
91,8,3035,303,-387,-219
91,8,3035,304,-418,0
91,8,3036,284,-414,0
91,8,3037,286,-498,-37
91,8,3037,307,-392,0
91,8,3038,284,-392,0
91,8,3038,285,-500,0
91,8,3038,287,-392,-9
91,8,3038,305,-360,-216
91,8,3039,274,-478,144
91,8,3039,284,-457,0
91,8,3039,284,-392,0
91,8,3039,287,-392,-9
91,8,3039,288,-391,-29
91,8,3039,292,-392,19
91,8,3039,296,-392,19
91,8,3039,305,-392,19
91,8,3039,305,-364,-206
91,8,3039,311,-337,-248
91,8,3041,264,-500,0
91,8,3041,284,-366,0
91,8,3041,285,-500,0
91,8,3041,307,-366,0
91,8,3042,284,-366,0
91,8,3042,287,-366,-8
91,8,3042,295,-353,-97
91,8,3042,305,-366,0
91,8,3043,282,-366,0
91,8,3043,282,-366,18
91,8,3043,283,-366,18
91,8,3043,284,-366,0
91,8,3043,284,-366,18
91,8,3043,285,-500,0
91,8,3043,285,-366,18
91,8,3043,286,-366,-8
91,8,3043,286,-366,18
91,8,3043,287,-366,-18
91,8,3043,287,-366,-8
91,8,3043,287,-366,18
91,8,3043,287,-365,-27
91,8,3043,288,-366,18
91,8,3043,288,-365,-35
91,8,3043,288,-365,-27
91,8,3043,289,-366,18
91,8,3043,289,-365,-35
91,8,3043,289,-363,-44
91,8,3043,290,-366,18
91,8,3043,290,-362,-54
91,8,3043,291,-366,18
91,8,3043,291,-362,-54
91,8,3043,291,-360,-63
91,8,3043,292,-366,18
91,8,3043,293,-366,18
91,8,3043,294,-366,18
91,8,3043,295,-366,0
91,8,3043,295,-366,18
91,8,3043,296,-381,-105
91,8,3043,296,-366,18
91,8,3043,304,-366,0
91,8,3044,272,-478,144
91,8,3044,273,-478,144
91,8,3044,274,-478,144
91,8,3044,284,-431,0
91,8,3044,284,-361,0
91,8,3044,285,-392,0
91,8,3044,286,-340,-8
91,8,3044,297,-348,-114
91,8,3045,284,-361,0
91,8,3045,285,-340,0
91,8,3045,287,-339,-25
91,8,3045,289,-340,0
91,8,3045,291,-340,0
91,8,3045,294,-340,0
91,8,3045,295,-340,0
91,8,3045,296,-340,0
91,8,3045,297,-340,0
91,8,3045,298,-340,0
91,8,3046,264,-500,0
91,8,3046,275,-478,144
91,8,3046,280,-417,40
91,8,3046,285,-500,0
91,8,3046,286,-471,-11
91,8,3046,303,-369,0
91,8,3047,285,-418,0
91,8,3048,285,-500,0
91,8,3049,285,-497,0
91,10,2944,419,0,-500
91,10,2947,394,0,-421
91,10,2955,304,0,0
91,10,2955,422,0,-500
91,10,2971,307,-87,-130
91,10,2977,300,-16,-20
91,10,2977,300,0,0
91,10,2978,299,97,-37
91,10,2978,299,139,-62
91,10,2978,300,-24,-10
91,10,2978,305,-16,-171
91,10,2979,299,26,0
91,10,2979,299,26,1
91,10,2979,299,70,-468
91,10,2979,299,77,-105
91,10,2980,299,22,12
91,10,2980,299,22,13
91,10,2980,299,26,0
91,10,2980,307,141,-75
91,10,2981,299,0,0
91,10,2981,299,22,12
91,10,2981,299,25,3
91,10,2981,299,78,0
91,10,2981,299,94,-44
91,10,2981,302,-233,-350
91,10,2981,302,-43,-446
91,10,2981,306,103,-155
91,10,2981,307,-111,-111
91,10,2982,299,0,0
91,10,2982,299,22,12
91,10,2982,299,25,6
91,10,2982,299,29,-301
91,10,2982,299,117,-55
91,10,2982,299,130,0
91,10,2983,299,0,0
91,10,2983,299,26,0
91,10,2983,299,130,0
91,10,2983,299,138,74
91,10,2983,299,157,3
91,10,2983,301,-33,-339
91,10,2983,306,-326,-174
91,10,2983,306,-303,-162
91,10,2983,307,-133,9
91,10,2984,299,-25,6
91,10,2984,299,23,11
91,10,2984,301,-27,-275
91,10,2984,303,-10,-212
91,10,2984,379,0,52
91,10,2985,299,185,0
91,10,2985,303,-105,-210
91,10,2985,305,255,25
91,10,2986,304,2,-130
91,10,2986,304,22,-128
91,10,2986,305,2,-104
91,10,2986,307,-29,-43
91,10,2986,307,-23,-12
91,10,2986,307,156,15
91,10,2987,289,0,104
91,10,2987,295,-5,25
91,10,2987,295,0,26
91,10,2987,301,-26,-2
91,10,2987,304,46,-122
91,10,2988,307,130,-3
91,10,2989,288,-6,51
91,10,2991,296,184,-185
91,10,2991,298,-68,-226
91,10,2992,292,-264,-80
91,10,2992,294,-250,-75
91,10,2994,296,234,104
91,10,2995,297,46,-313
91,10,2996,417,0,-500
91,10,2997,295,32,-327
91,10,2997,298,156,234
91,10,3000,413,-361,-345
91,10,3001,391,-199,-372
91,10,3003,335,94,-90
91,10,3012,376,-446,-159
91,10,3015,352,-418,0
91,10,3015,360,-418,0
91,10,3016,313,-471,0
91,10,3016,378,-470,-167
91,10,3019,382,-498,-48
91,10,3024,356,-471,0
91,10,3024,358,-471,0
91,10,3024,360,-471,0
91,10,3024,394,-457,-203
91,10,3025,284,-471,0
91,10,3025,386,-500,11
91,10,3026,311,-471,23
91,10,3026,314,-471,23
91,10,3026,324,-471,23
91,10,3026,325,-471,23
91,10,3026,327,-471,23
91,10,3026,330,-471,23
91,10,3026,331,-471,23
91,10,3026,334,-471,23
91,10,3026,336,-471,23
91,10,3026,337,-471,23
91,10,3026,338,-471,23
91,10,3026,339,-471,23
91,10,3026,342,-471,23
91,10,3026,347,-471,23
91,10,3026,348,-471,23
91,10,3026,350,-471,23
91,10,3026,351,-471,23
91,10,3026,353,-471,23
91,10,3026,356,-471,23
91,10,3026,357,-471,23
91,10,3026,358,-471,23
91,10,3026,359,-471,23
91,10,3027,285,-497,0
91,10,3027,387,-500,0
91,10,3028,285,-500,0
91,10,3028,324,-444,0
91,10,3028,387,-500,0
91,10,3028,387,-444,0
91,10,3029,285,-500,11
91,10,3029,286,-444,0
91,10,3029,387,-500,0
91,10,3031,286,-444,10
91,10,3032,352,-345,-361
91,10,3033,305,-421,267
91,10,3033,353,-353,-353
91,10,3033,375,-418,0
91,10,3033,383,-496,-60
91,10,3034,383,-496,-60
91,10,3034,384,-496,-60
91,10,3035,303,-382,229
91,10,3035,307,-417,30
91,10,3035,309,-417,30
91,10,3035,310,-417,30
91,10,3035,312,-417,30
91,10,3035,321,-417,30
91,10,3035,322,-417,30
91,10,3035,325,-417,30
91,10,3035,327,-417,30
91,10,3035,329,-417,30
91,10,3035,331,-417,30
91,10,3035,332,-417,30
91,10,3035,333,-417,30
91,10,3035,334,-417,30
91,10,3035,335,-417,30
91,10,3035,336,-417,30
91,10,3035,337,-417,30
91,10,3035,338,-417,30
91,10,3035,339,-417,30
91,10,3035,340,-417,30
91,10,3035,341,-417,30
91,10,3035,342,-417,30
91,10,3035,344,-417,30
91,10,3035,346,-417,30
91,10,3035,348,-417,30
91,10,3035,350,-417,30
91,10,3035,351,-417,30
91,10,3035,352,-417,30
91,10,3035,353,-417,30
91,10,3035,354,-417,30
91,10,3035,355,-417,30
91,10,3035,356,-417,30
91,10,3035,357,-417,30
91,10,3035,358,-417,30
91,10,3035,359,-417,30
91,10,3035,361,-417,30
91,10,3036,380,-392,0
91,10,3037,323,-392,0
91,10,3037,384,-498,-48
91,10,3038,295,-500,0
91,10,3039,295,-392,0
91,10,3039,296,-392,0
91,10,3039,301,-353,223
91,10,3039,321,-391,28
91,10,3041,323,-366,0
91,10,3041,371,-366,-8
91,10,3041,375,-366,0
91,10,3042,300,-421,267
91,10,3042,301,-366,0
91,10,3042,305,-366,0
91,10,3043,304,-366,0
91,10,3043,305,-366,18
91,10,3043,306,-366,18
91,10,3043,307,-366,18
91,10,3043,308,-366,18
91,10,3043,309,-366,18
91,10,3043,310,-366,18
91,10,3043,311,-366,18
91,10,3043,312,-366,18
91,10,3043,313,-366,18
91,10,3043,315,-366,18
91,10,3043,316,-366,18
91,10,3043,318,-366,18
91,10,3043,320,-366,18
91,10,3043,321,-366,18
91,10,3043,323,-366,18
91,10,3043,324,-366,18
91,10,3043,326,-366,18
91,10,3043,328,-366,18
91,10,3043,329,-366,18
91,10,3043,330,-366,18
91,10,3043,331,-366,18
91,10,3043,332,-366,18
91,10,3043,333,-366,18
91,10,3043,334,-366,18
91,10,3043,335,-366,18
91,10,3043,336,-366,18
91,10,3043,337,-366,18
91,10,3043,338,-366,18
91,10,3043,339,-366,18
91,10,3043,340,-366,18
91,10,3043,341,-366,18
91,10,3043,342,-366,18
91,10,3043,343,-366,18
91,10,3043,345,-366,18
91,10,3043,346,-366,18
91,10,3043,347,-366,18
91,10,3043,348,-366,18
91,10,3043,349,-366,18
91,10,3043,350,-366,18
91,10,3043,351,-366,18
91,10,3043,352,-366,18
91,10,3043,353,-366,18
91,10,3043,354,-366,18
91,10,3043,355,-366,18
91,10,3043,356,-366,18
91,10,3043,357,-366,18
91,10,3043,358,-366,18
91,10,3043,359,-366,18
91,10,3043,360,-366,18
91,10,3044,307,-340,0
91,10,3044,324,-340,0
91,10,3044,360,-366,18
91,10,3045,307,-340,0
91,10,3045,308,-340,0
91,10,3045,313,-340,0
91,10,3045,326,-340,0
91,10,3045,345,-340,0
91,10,3045,350,-340,0
91,10,3045,352,-340,0
91,10,3045,354,-340,0
91,10,3045,356,-340,0
91,10,3045,358,-340,0
91,10,3045,360,-340,0
91,10,3046,303,-369,0
91,10,3046,307,-500,0
91,10,3047,323,-473,0
92,5,2885,194,378,-326
92,5,2934,145,197,-369
92,5,2981,236,-51,-257
92,5,2987,205,-51,10
92,5,2987,205,-23,-12
92,5,2987,205,-2,-26
92,5,2987,209,-172,-47
92,5,2987,211,-73,191
92,5,2987,213,0,276
92,5,2987,215,0,-157
92,5,2987,218,0,-183
92,5,2987,221,-1,-26
92,5,2987,222,0,-26
92,5,2987,223,0,-52
92,5,2987,223,0,-26
92,5,2987,226,0,-104
92,5,2987,230,0,-104
92,5,2987,235,0,-421
92,5,2987,237,0,-447
92,5,2987,238,0,-314
92,5,2987,244,-224,-447
92,5,2987,260,0,-340
92,5,2988,221,161,302
92,5,2989,214,-246,-88
92,5,2990,233,-44,-363
92,5,2992,252,-121,-484
92,5,2994,258,-132,-482
92,5,2995,227,367,35
92,5,2998,261,-132,-482
92,5,2999,260,-156,-474
92,5,3001,209,69,255
92,5,3001,233,365,-151
92,5,3003,241,-287,-408
92,5,3006,205,101,152
92,5,3008,206,101,152
92,5,3011,231,-277,-416
92,5,3012,223,13,-182
92,5,3012,230,-345,-361
92,5,3012,231,-345,-361
92,5,3012,231,-326,-378
92,5,3013,231,-326,-378
92,5,3016,235,-335,-371
92,5,3016,243,-345,-361
92,5,3016,245,-345,-361
92,5,3016,246,-345,-361
92,5,3021,213,-432,-119
92,5,3023,250,-287,-408
92,5,3024,209,-305,-84
92,5,3026,229,-345,-361
92,5,3026,237,-345,-361
92,5,3027,242,-361,-345
92,5,3028,209,-391,-58
92,5,3028,212,-466,-81
92,5,3029,209,-392,-48
92,5,3030,210,-356,-98
92,5,3030,214,-459,-114
92,5,3031,210,-416,-62
92,5,3031,211,-381,-105
92,5,3035,207,-500,-25
92,5,3038,214,-459,-114
92,5,3041,205,-340,-25
92,5,3042,214,-428,-129
92,5,3043,213,-433,-108
92,5,3044,214,-459,-114
92,5,3044,216,-446,-159
92,5,3044,217,-442,-170
92,5,3049,212,-462,-103
92,5,3050,204,-421,-21
92,5,3051,216,-478,-144
92,5,3052,215,-482,-132
92,5,3053,214,-488,-109
92,5,3053,215,-484,-121
92,5,3055,217,-442,-170
92,5,3056,203,-130,0
92,5,3056,218,-482,-132
92,5,3057,196,-473,0
92,5,3057,217,-484,-121
92,5,3058,216,-488,-109
92,5,3060,206,-419,-21
92,5,3062,205,-459,-10
92,5,3062,218,-484,-121
92,5,3063,218,-484,-121
92,5,3064,203,-433,0
92,5,3064,212,-482,-132
92,5,3065,203,-354,0
92,5,3066,203,-500,0
92,5,3066,221,-416,-277
92,5,3067,203,-266,-73
92,5,3067,219,-482,-132
92,5,3068,203,-500,0
92,5,3068,203,-482,-132
92,5,3071,203,-302,0
92,5,3072,203,-478,-144
92,5,3073,203,-287,0
92,5,3074,215,-482,-132
92,5,3075,204,-462,-191
92,5,3075,210,-431,-107
92,5,3076,203,-353,34
92,5,3077,203,-478,-144
92,5,3078,203,-500,0
92,5,3078,204,-482,-132
92,5,3079,203,-500,0
92,5,3080,203,-500,0
94,5,3007,259,25,-500
94,5,3008,237,0,-447
94,5,3014,220,466,-179
94,5,3037,225,-361,-345
94,5,3040,245,0,-473
94,5,3050,206,116,173
94,5,3051,210,-182,148
94,5,3055,229,0,-314
94,5,3056,258,97,-490
94,5,3057,247,-345,-361
94,5,3060,251,-344,-359
94,5,3062,247,-345,-361
94,5,3064,247,-345,-361
94,5,3064,255,30,-417
94,5,3064,259,19,-392
94,5,3064,259,50,-415
94,5,3064,260,40,-417
94,5,3065,241,25,-497
94,5,3065,251,-344,-359
94,5,3065,255,53,-441
94,5,3065,257,25,-497
94,5,3067,247,-353,-353
94,5,3067,247,-345,-361
94,5,3067,248,0,-500
94,5,3067,251,-344,-359
94,5,3068,219,0,-104
94,5,3068,227,0,-369
94,5,3068,235,0,-421
94,5,3068,239,0,-500
94,5,3068,247,-345,-361
94,5,3068,248,-345,-361
94,5,3068,248,0,-500
94,5,3068,252,0,-444
94,5,3068,253,0,-500
94,5,3068,254,0,-471
94,5,3068,254,0,-392
94,5,3068,255,0,-500
94,5,3068,256,0,-500
94,5,3068,257,0,-444
94,5,3068,257,0,-418
94,5,3068,257,0,-392
94,5,3068,258,0,-366
94,5,3068,259,0,-418
94,5,3068,259,0,-366
94,5,3068,260,0,-392
94,5,3069,247,-353,-353
94,5,3069,247,-345,-361
94,5,3069,258,-8,-366
94,5,3070,247,-345,-361
94,5,3070,251,-344,-359
94,5,3071,247,-345,-361
94,5,3071,251,-344,-359
94,5,3071,261,0,-340
94,5,3072,247,-345,-361
94,5,3072,251,-344,-359
94,5,3072,252,-21,-418
94,5,3072,254,0,-500
94,5,3072,254,0,-416
94,5,3072,254,0,-392
94,5,3072,256,0,-418
94,5,3072,258,0,-392
94,5,3072,258,0,-390
94,5,3072,258,0,-366
94,5,3072,259,0,-500
94,5,3072,259,0,-403
94,5,3072,260,0,-390
94,5,3072,260,0,-366
94,5,3072,261,0,-340
94,5,3073,232,0,-418
94,5,3073,247,-345,-361
94,5,3073,251,-344,-359
94,5,3073,252,-22,-444
94,5,3073,252,-21,-418
94,5,3073,255,-21,-418
94,5,3073,257,-21,-418
94,5,3073,257,-20,-403
94,5,3073,258,-22,-431
94,5,3073,259,-29,-391
94,5,3073,260,-27,-365
94,5,3073,260,-18,-366
94,5,3073,261,0,-340
94,5,3074,236,-345,-361
94,5,3074,243,-57,-467
94,5,3074,247,-345,-361
94,5,3074,251,-344,-359
94,5,3074,252,-21,-418
94,5,3074,259,-30,-412
94,5,3074,260,-27,-365
94,5,3074,260,-18,-366
94,5,3074,261,-29,-391
94,5,3074,261,0,-340
94,5,3075,232,0,-418
94,5,3075,247,-345,-361
94,5,3075,251,-344,-359
94,5,3075,252,-21,-418
94,5,3075,256,-58,-388
94,5,3075,256,-48,-498
94,5,3075,260,-35,-365
94,5,3075,260,-18,-366
94,5,3075,261,-60,-496
94,5,3075,261,-48,-498
94,5,3075,261,0,-340
94,5,3075,262,-25,-339
94,5,3076,241,0,-471
94,5,3076,247,-345,-361
94,5,3076,251,-344,-359
94,5,3076,252,-21,-418
94,5,3076,260,-18,-366
94,5,3076,261,0,-340
94,5,3077,247,-345,-361
94,5,3077,251,-344,-359
94,5,3077,252,-21,-418
94,5,3077,260,-18,-366
94,5,3077,261,0,-340
94,5,3078,247,-353,-353
94,5,3078,247,-345,-361
94,5,3078,251,-344,-359
94,5,3078,252,-21,-418
94,5,3078,260,-18,-366
94,5,3079,247,-345,-361
94,5,3079,251,-344,-359
94,5,3079,252,-21,-418
94,5,3079,260,-18,-366
94,5,3080,247,-345,-361
94,5,3080,251,-344,-359
94,5,3080,252,-21,-418
94,5,3080,260,-18,-366
94,5,3081,240,-345,-361
94,5,3081,247,-345,-361
94,5,3081,251,-344,-359
94,5,3081,252,-21,-418
94,5,3081,260,-18,-366
94,5,3082,240,-353,-353
94,5,3082,247,-353,-353
94,5,3082,247,-345,-361
94,5,3082,251,-344,-359
94,5,3082,252,-21,-418
94,5,3082,260,-18,-366
94,5,3083,232,0,-418
94,5,3083,247,-345,-361
94,5,3083,251,-344,-359
94,5,3083,260,-18,-366
94,5,3083,261,0,-340
94,5,3084,247,-345,-361
94,5,3084,251,-344,-359
94,5,3084,252,-21,-418
94,5,3084,260,-18,-366
94,5,3085,247,-345,-361
94,5,3085,251,-344,-359
94,5,3085,260,-18,-366
94,5,3086,247,-345,-361
94,5,3086,251,-344,-359
94,5,3087,205,-200,-60
94,5,3087,247,-345,-361
94,5,3087,251,-344,-359
94,5,3088,237,-371,-335
94,5,3088,240,-345,-361
94,5,3088,247,-345,-361
94,5,3088,251,-344,-359
94,5,3088,258,-159,-358
94,5,3089,238,-361,-345
94,5,3089,247,-345,-361
94,5,3089,251,-344,-359
94,5,3090,247,-353,-353
94,5,3090,247,-345,-361
94,5,3090,251,-344,-359
94,5,3091,247,-345,-361
94,5,3091,248,-345,-361
94,5,3091,251,-344,-359
94,5,3092,201,0,0
94,5,3092,203,0,0
94,5,3092,247,-353,-353
94,5,3092,247,-345,-361
94,5,3092,251,-344,-359
94,5,3093,247,-353,-353
94,5,3093,247,-345,-361
94,5,3093,251,-344,-359
94,5,3093,257,-216,-360
94,5,3094,203,0,0
94,5,3094,247,-345,-361
94,5,3094,251,-344,-359
94,5,3095,247,-345,-361
94,5,3095,250,-351,-351
94,5,3095,251,-344,-359
94,5,3095,252,-344,-359
94,5,3095,254,-266,-360
94,5,3096,203,0,0
94,5,3096,251,-344,-359
94,5,3097,248,-345,-361
94,5,3097,251,-344,-359
94,5,3098,246,-361,-345
94,5,3098,251,-344,-359
94,5,3099,247,-361,-345
94,5,3099,253,-307,-357
94,5,3099,255,-281,-344
94,5,3099,255,-273,-351
94,5,3100,248,-361,-345
94,5,3100,249,-361,-345
94,5,3100,249,-353,-353
94,5,3100,249,-345,-361
94,5,3101,249,-361,-345
94,5,3101,250,-361,-345
94,5,3101,250,-345,-361
94,5,3103,253,-345,-361
94,5,3104,250,-359,-344
94,5,3109,212,-378,-114
94,5,3112,203,-407,0
94,5,3112,212,-403,-121
94,5,3117,212,-462,-103
94,5,3121,196,-473,0
94,5,3121,203,-473,0
94,5,3121,203,-407,0
94,5,3121,215,-484,-121
94,5,3121,216,-484,-121
94,5,3124,196,-500,0
94,5,3124,203,-500,0
94,5,3124,245,-371,-335
94,5,3125,196,-473,0
94,5,3125,217,-482,-132
94,5,3126,215,-488,-109
94,5,3126,216,-484,-121
94,5,3126,217,-484,-121
94,5,3131,219,-482,-132
94,5,3132,221,-361,-345
94,5,3134,212,-401,-189
94,5,3137,196,-500,0
94,5,3138,196,-340,0
94,5,3139,196,-500,0
94,5,3139,200,-391,-38
94,5,3142,196,-500,0
105,51,3305,1617,353,353
105,51,3311,1700,447,0
105,51,3318,1683,408,-102
105,51,3328,1723,368,-334
105,51,3328,1724,353,-353
105,51,3328,1724,355,-340
105,51,3330,1699,0,-500
105,51,3330,1719,-22,-444
105,51,3330,1722,361,-345
105,51,3331,1721,361,-345
105,51,3331,1721,371,-335
105,51,3331,1724,351,-351
105,51,3333,1595,316,316
105,51,3334,1723,343,-359
105,51,3335,1718,361,-345
105,51,3335,1723,343,-359
105,51,3336,1723,343,-359
105,51,3336,1730,0,-366
105,51,3337,1719,353,-353
105,51,3337,1723,343,-359
105,51,3338,1719,353,-353
105,51,3338,1723,343,-359
105,51,3340,1600,139,313
105,51,3341,1592,41,151
105,51,3341,1723,343,-359
105,51,3342,1597,69,255
105,51,3343,1723,343,-359
105,51,3345,1723,343,-359
105,51,3346,1722,351,-351
105,51,3346,1723,343,-359
105,51,3347,1721,260,-392
105,51,3347,1723,343,-359
105,51,3348,1700,0,-392
105,51,3348,1713,0,-471
105,51,3348,1723,343,-359
105,51,3348,1723,351,-351
105,51,3348,1733,0,-340
105,51,3349,1720,-22,-444
105,51,3349,1723,343,-359
105,51,3349,1724,-21,-418
105,51,3350,1732,-18,-366
105,51,3352,1723,343,-359
105,51,3353,1700,0,-392
105,51,3353,1719,353,-353
105,51,3353,1723,343,-359
105,51,3353,1724,-21,-418
105,51,3353,1733,0,-340
105,51,3354,1720,-22,-444
105,51,3354,1724,-21,-418
105,51,3354,1732,-18,-366
105,51,3355,1724,-21,-418
105,51,3355,1729,67,-386
105,51,3355,1732,-18,-366
105,51,3356,1724,-21,-418
105,51,3356,1732,-18,-366
105,51,3357,1720,-22,-444
105,51,3357,1732,-18,-366
105,51,3358,1728,28,-391
105,51,3358,1729,31,-419
105,51,3358,1732,-18,-366
105,51,3359,1724,22,-440
105,51,3359,1726,20,-414
105,51,3359,1731,19,-392
105,51,3359,1731,19,-387
105,51,3359,1732,19,-387
105,51,3360,1724,-21,-418
105,51,3360,1724,0,-440
105,51,3360,1724,0,-418
105,51,3360,1724,22,-440
105,51,3360,1725,0,-418
105,51,3360,1726,0,-500
105,51,3360,1726,0,-414
105,51,3360,1726,0,-392
105,51,3360,1729,0,-387
105,51,3360,1730,0,-387
105,51,3360,1730,0,-366
105,51,3360,1730,19,-392
105,51,3360,1731,0,-500
105,51,3360,1732,0,-366
105,51,3361,1720,-22,-444
105,51,3361,1732,-18,-366
105,51,3362,1732,-18,-366
105,51,3363,1697,0,-209
105,51,3363,1723,0,-418
105,51,3363,1732,-18,-366
105,51,3363,1732,0,-366
105,51,3364,1707,0,-421
105,51,3364,1717,0,-473
105,51,3364,1724,0,-497
105,51,3364,1728,0,-500
105,51,3364,1732,0,-366
105,51,3364,1737,0,-500
105,51,3367,1726,-43,-443
105,51,3367,1730,-41,-417
105,51,3367,1731,-20,-392
105,51,3367,1733,-29,-391
105,51,3371,1728,-97,-490
105,51,3372,1732,-97,-490
105,51,3377,1591,-134,128
105,51,3377,1591,-45,150
105,51,3377,1593,21,181
105,51,3377,1596,28,236
105,51,3380,1590,0,130
105,51,3380,1590,0,133
105,51,3380,1590,0,159
105,51,3383,1678,-160,240
105,51,3396,1677,-158,129
105,51,3424,1709,0,-447
105,97,3288,3091,500,0
105,97,3301,3115,345,-361
105,97,3316,3120,0,-500
105,97,3316,3121,0,-500
105,97,3316,3125,0,-500
105,97,3320,3094,473,-11
105,97,3326,3046,361,345
105,97,3327,3045,353,353
105,97,3333,3091,500,0
105,97,3345,3078,369,131
105,97,3351,3070,-78,-7
105,97,3356,3034,0,340
105,97,3359,3034,0,340
105,97,3370,3073,189,180
105,97,3370,3074,158,174
105,97,3371,3075,153,178
105,97,3372,3075,153,178
105,97,3372,3075,169,162
105,97,3373,3076,132,126
105,97,3374,3078,75,106
105,97,3374,3078,113,108
105,97,3381,3083,428,117
105,97,3391,3091,92,-92
105,97,3392,3042,332,332
105,97,3392,3043,353,353
105,97,3392,3043,355,340
105,97,3392,3044,355,340
105,97,3392,3044,361,345
105,97,3392,3071,0,261
105,97,3394,3044,343,358
105,97,3395,3034,0,340
105,97,3395,3045,343,358
105,97,3395,3045,351,351
105,97,3395,3045,358,343
105,97,3396,3041,290,337
105,97,3396,3045,351,351
105,97,3396,3045,358,343
105,97,3397,3044,351,351
105,97,3397,3045,351,351
105,97,3397,3045,358,343
105,97,3398,3034,0,340
105,97,3398,3045,351,351
105,97,3398,3045,358,343
105,97,3398,3050,361,345
105,97,3399,3034,0,340
105,97,3399,3039,240,341
105,97,3399,3045,351,351
105,97,3399,3045,358,343
105,97,3400,3034,0,340
105,97,3400,3044,351,351
105,97,3400,3045,351,351
105,97,3400,3049,353,353
105,97,3400,3071,0,261
105,97,3401,3034,0,340
105,97,3401,3045,351,351
105,97,3401,3045,358,343
105,97,3402,3034,0,340
105,97,3402,3049,353,353
105,97,3403,3044,343,358
105,97,3403,3045,358,343
105,97,3404,3034,0,340
105,97,3404,3043,361,345
105,97,3404,3044,353,353
105,97,3404,3045,358,343
105,97,3405,3034,0,340
105,97,3405,3045,351,351
105,97,3405,3045,358,343
105,97,3405,3046,351,351
105,97,3405,3049,353,353
105,97,3406,3034,0,340
105,97,3406,3044,351,351
105,97,3406,3045,351,351
105,97,3406,3045,358,343
105,97,3406,3049,353,353
105,97,3407,3044,351,351
105,97,3407,3044,358,343
105,97,3408,3034,0,340
105,97,3409,3034,0,340
105,97,3409,3035,0,340
105,97,3411,3034,0,340
105,97,3412,3034,0,340
105,97,3415,3048,353,353
105,97,3415,3049,353,353
105,97,3416,3034,0,340
105,97,3416,3072,0,235
105,97,3417,3034,0,340
105,97,3418,3034,0,340
105,97,3418,3049,353,353
105,97,3418,3070,0,316
105,97,3418,3072,0,290
105,97,3418,3074,189,180
105,97,3419,3034,0,340
105,97,3419,3075,153,178
105,97,3420,3034,0,340
105,97,3420,3087,500,0
105,97,3422,3037,28,391
105,97,3422,3052,353,353
105,97,3423,3034,0,340
105,97,3423,3036,19,387
105,97,3424,3034,0,340
105,97,3424,3036,0,500
105,97,3424,3038,0,366
105,97,3424,3038,0,387
105,97,3424,3064,345,361
105,97,3425,3052,353,353
105,97,3427,3059,21,421
105,97,3427,3076,0,104
105,97,3427,3086,-69,-309
105,97,3427,3091,-166,-83
105,97,3428,3030,0,447
105,97,3428,3034,0,340
105,97,3428,3054,0,473
105,97,3428,3058,0,447
105,97,3428,3063,0,395
105,97,3428,3068,0,369
105,97,3428,3082,-16,-316
105,97,3428,3082,18,-369
105,97,3430,3036,-29,391
105,97,3430,3056,353,353
105,97,3430,3072,151,144
105,97,3431,3033,-38,391
105,97,3432,3056,353,353
105,97,3434,3091,-131,-26
105,97,3434,3091,-107,-8
105,97,3436,3059,345,361
105,97,3436,3092,46,-22
105,97,3436,3092,52,0
105,97,3436,3093,19,129
105,97,3436,3095,151,365
105,97,3436,3095,186,348
105,97,3436,3097,-68,-165
105,97,3436,3097,99,121
105,97,3436,3098,-53,147
105,97,3436,3102,55,-169
105,97,3436,3124,-3,130
105,97,3437,3059,345,361
105,97,3437,3090,-14,290
105,97,3437,3091,153,-178
105,97,3437,3092,78,0
105,97,3437,3092,183,0
105,97,3437,3094,169,69
105,97,3437,3100,-40,-33
105,97,3438,3059,345,361
105,97,3438,3087,187,-94
105,97,3438,3098,325,266
105,97,3438,3116,97,-154
105,97,3439,3094,209,-5
105,97,3439,3098,312,282
105,97,3439,3098,325,266
105,97,3439,3124,-2,104
105,97,3439,3124,37,35
105,97,3440,3095,445,43
105,97,3440,3096,208,-15
105,97,3440,3097,208,-15
105,97,3440,3097,350,233
105,97,3440,3105,210,-112
105,97,3440,3111,212,100
105,97,3440,3124,-41,32
105,97,3440,3124,-12,22
105,97,3441,3096,317,234
105,97,3441,3103,256,-137
105,97,3442,3096,264,13
105,97,3442,3098,203,203
105,97,3442,3101,332,300
105,97,3442,3102,281,-70
105,97,3443,3095,314,15
105,97,3443,3101,169,162
105,97,3443,3101,332,300
105,97,3444,3063,345,361
105,97,3444,3099,444,53
105,97,3444,3102,303,-91
105,97,3444,3105,312,23
105,97,3445,3092,253,-136
105,97,3445,3097,369,-18
105,97,3445,3107,314,7
105,97,3445,3112,310,46
105,97,3446,3104,304,291
105,97,3446,3104,312,282
105,97,3447,3079,75,-250
105,97,3447,3093,-213,150
105,97,3447,3093,316,-7
105,97,3448,3091,230,-123
105,97,3448,3098,412,-82
105,97,3448,3103,338,50
105,97,3449,3091,121,-202
105,97,3449,3094,104,-271
105,97,3449,3109,391,38
105,97,3450,3077,83,-275
105,97,3450,3087,-17,-342
105,97,3450,3095,482,-132
105,97,3450,3096,462,-191
105,97,3451,3094,110,-266
105,97,3451,3095,291,-226
105,97,3451,3109,266,255
105,97,3452,3094,296,-219
105,97,3452,3096,390,-58
105,97,3453,3097,296,-219
105,97,3453,3101,348,95
105,97,3454,3072,-312,-283
105,97,3454,3080,341,240
105,97,3454,3095,285,-233
105,97,3455,3087,-17,-342
105,97,3455,3095,285,-233
105,97,3456,3095,190,317
105,97,3456,3114,228,218
105,97,3457,3085,21,-421
105,97,3457,3091,145,-309
105,97,3457,3114,189,180
105,97,3458,3081,70,-468
105,97,3459,3079,-392,-48
105,97,3459,3091,211,-395
105,97,3461,3084,-10,-421
105,97,3461,3094,249,-194
105,97,3462,3079,-21,-421
105,97,3463,3091,139,-313
105,97,3463,3092,160,-417
105,97,3466,3083,-211,-395
105,97,3467,3082,-201,-400
106,98,3418,3084,236,441
106,98,3420,3079,236,441
106,98,3420,3092,451,212
106,98,3421,3089,490,97
106,98,3424,3080,361,345
106,98,3424,3090,492,85
106,98,3425,3092,457,203
106,98,3425,3092,500,0
106,98,3426,3092,500,0
106,98,3427,3092,500,0
106,98,3428,3075,0,500
106,98,3428,3077,212,451
106,98,3428,3092,500,0
106,98,3429,3076,167,470
106,98,3429,3083,287,408
106,98,3429,3090,492,85
106,98,3433,3076,74,494
106,98,3433,3092,340,0
106,98,3434,3077,287,408
106,98,3435,3092,-22,433
106,98,3435,3093,0,421
106,98,3435,3104,0,342
106,98,3435,3117,0,0
106,98,3436,3093,-21,421
106,98,3436,3098,108,360
106,98,3436,3119,174,325
106,98,3441,3102,-276,-203
106,98,3447,3123,-233,-125
106,98,3448,3088,-76,440
106,98,3450,3115,122,-260
106,98,3451,3123,-162,-86
107,51,3364,1682,496,-60
107,51,3369,1681,469,-57
107,51,3378,1680,471,-46
107,51,3378,1684,462,-103
107,51,3384,1676,395,-9
107,51,3404,1693,148,-450
107,51,3404,1705,345,-361
107,51,3404,1714,361,-345
107,51,3404,1717,353,-353
107,51,3405,1706,345,-361
107,51,3405,1716,353,-353
107,51,3405,1718,335,-371
107,51,3405,1718,345,-361
107,51,3407,1688,449,-148
107,51,3407,1721,296,-402
107,51,3408,1713,353,-353
107,51,3409,1704,345,-361
107,51,3409,1714,345,-361
107,51,3409,1719,326,-378
107,51,3413,1714,296,-402
107,51,3413,1716,335,-371
107,51,3415,1719,353,-353
107,51,3417,1722,345,-361
107,51,3430,1681,70,281
107,51,3433,1733,144,-478
107,51,3434,1686,309,-323
107,51,3434,1734,121,-484
107,51,3436,1699,142,-283
107,51,3436,1730,121,-484
107,51,3437,1725,109,-488
107,51,3440,1682,406,-112
107,51,3441,1695,50,-418
107,51,3442,1696,57,-230
107,51,3444,1684,13,-182
107,51,3444,1686,24,-10
107,51,3444,1689,16,-20
107,51,3444,1697,0,-290
107,51,3444,1707,0,-421
107,51,3444,1713,0,-473
107,122,3356,3878,470,167
107,122,3357,3882,484,121
107,122,3360,3882,470,167
107,122,3361,3884,470,167
107,122,3367,3863,371,335
107,122,3367,3864,361,345
107,122,3368,3861,345,361
107,122,3368,3862,345,361
107,122,3368,3863,345,361
107,122,3368,3864,361,345
107,122,3368,3864,371,335
107,122,3368,3889,470,167
107,122,3369,3864,345,361
107,122,3369,3893,473,0
107,122,3370,3857,353,353
107,122,3371,3850,358,343
107,122,3371,3892,500,0
107,122,3372,3867,345,361
107,122,3372,3868,345,361
107,122,3373,3883,437,97
107,122,3374,3878,326,378
107,122,3375,3879,316,386
107,122,3375,3891,287,0
107,122,3378,3892,447,0
107,122,3379,3885,414,72
107,122,3379,3886,414,72
107,122,3380,3878,445,158
107,122,3380,3879,421,150
107,122,3380,3892,209,0
107,122,3381,3892,421,0
107,122,3381,3893,421,0
107,122,3382,3886,412,82
107,122,3382,3890,287,14
107,122,3383,3845,351,351
107,122,3383,3845,358,343
107,122,3383,3886,387,76
107,122,3383,3886,389,67
107,122,3383,3892,395,0
107,122,3383,3893,395,0
107,122,3387,3921,297,297
107,122,3388,3878,445,158
107,122,3388,3892,369,0
107,122,3391,3880,421,150
107,122,3391,3881,424,139
107,122,3392,3883,408,101
107,122,3392,3884,411,92
107,122,3393,3882,403,121
107,122,3395,3883,408,101
107,122,3399,3854,416,277
107,122,3401,3856,416,277
107,122,3401,3889,255,69
107,122,3402,3857,416,277
107,122,3404,3852,361,345
107,122,3404,3856,353,353
107,122,3404,3859,345,361
107,122,3405,3850,335,371
107,122,3405,3850,345,361
107,122,3405,3851,345,361
107,122,3405,3851,353,353
107,122,3405,3852,353,353
107,122,3405,3852,361,345
107,122,3405,3856,353,353
107,122,3405,3859,345,361
107,122,3405,3863,345,361
107,122,3405,3867,345,361
107,122,3406,3851,345,361
107,122,3406,3851,353,353
107,122,3406,3852,345,361
107,122,3406,3852,353,353
107,122,3406,3856,353,353
107,122,3406,3859,416,277
107,122,3406,3863,345,361
107,122,3406,3867,345,361
107,122,3407,3863,345,361
107,122,3407,3867,345,361
107,122,3409,3851,345,361
107,122,3412,3881,113,-296
107,122,3412,3882,0,130
107,122,3412,3883,-14,-290
107,122,3413,3886,124,-233
107,122,3414,3887,-23,-237
107,122,3414,3889,-117,-176
107,122,3414,3891,98,-35
107,122,3415,3850,345,361
107,122,3415,3884,101,-244
107,122,3415,3890,-103,-155
107,122,3415,3891,164,-87
107,122,3416,3883,-14,-290
107,122,3416,3887,-23,-237
107,122,3416,3890,-117,-176
107,122,3417,3887,-23,-234
107,122,3417,3888,146,-220
107,122,3418,3885,100,-242
107,122,3418,3890,-101,-152
107,122,3418,3890,-88,-133
107,122,3419,3879,165,-330
107,122,3419,3883,179,-380
107,122,3419,3885,5,-261
107,122,3419,3885,157,-333
107,122,3419,3887,-121,-202
107,122,3421,3882,-31,-315
107,122,3421,3883,7,-314
107,122,3421,3886,80,-196
107,122,3422,3879,160,-361
107,122,3422,3882,75,-304
107,122,3423,3878,128,-289
107,122,3423,3880,106,-323
107,122,3423,3889,-116,-174
107,122,3424,3858,0,447
107,122,3424,3880,106,-323
107,122,3424,3885,122,-318
107,122,3426,3878,219,-189
107,122,3427,3879,114,-320
107,122,3427,3887,-21,-211
107,122,3428,3889,-17,-182
107,122,3428,3890,-103,-155
107,122,3428,3891,-87,-130
107,122,3429,3851,158,445
107,122,3429,3883,-16,-316
107,122,3429,3885,69,-255
107,122,3429,3888,-31,-207
107,122,3430,3889,167,-74
107,122,3430,3891,-166,-83
107,122,3433,3855,129,428
107,122,3433,3889,-17,-182
107,122,3434,3833,121,484
107,122,3435,3859,129,428
107,122,3435,3862,121,403
107,122,3437,3889,-141,223
107,122,3440,3880,252,-186
107,122,3441,3871,41,340
107,122,3443,3876,180,-256
107,122,3443,3884,150,-45
107,122,3444,3858,0,447
107,122,3444,3865,0,287
107,122,3444,3866,0,130
107,122,3444,3867,0,104
107,122,3444,3868,0,369
107,122,3444,3872,0,26
107,122,3444,3877,-74,-138
107,122,3444,3877,2,25
107,122,3444,3878,1,26
107,122,3444,3880,19,16
107,122,3444,3883,270,-210
107,122,3445,3884,-35,232
107,122,3445,3889,-22,-182
107,122,3446,3885,-31,209
107,122,3446,3891,381,104
107,122,3447,3883,-130,0
107,122,3447,3885,-17,-234
107,122,3447,3887,-15,-208
107,122,3448,3883,-93,-47
107,122,3448,3883,394,-306
107,122,3448,3891,128,-35
107,122,3448,3891,179,-49
107,122,3449,3884,-23,-12
107,122,3449,3885,190,-317
107,122,3449,3891,179,-49
107,122,3449,3891,292,-121
107,122,3450,3883,-23,12
107,122,3450,3884,-23,-12
107,122,3450,3891,322,-115
107,122,3451,3883,-26,0
107,122,3452,3883,22,13
107,122,3452,3883,26,0
107,122,3452,3885,-39,-258
107,122,3453,3884,291,226
107,122,3454,3885,-60,-496
107,122,3458,3883,25,2
107,122,3466,3883,203,-457
107,122,3479,3871,18,366
108,52,3392,1676,498,-37
108,52,3392,1676,500,-11
108,52,3393,1719,408,-287
108,52,3394,1678,494,-74
108,52,3396,1723,368,-334
108,52,3396,1729,340,-325
108,52,3396,1730,340,-325
108,52,3397,1722,368,-334
108,52,3397,1723,368,-334
108,52,3397,1724,351,-351
108,52,3398,1722,368,-334
108,52,3398,1723,368,-334
108,52,3398,1725,343,-359
108,52,3398,1727,343,-359
108,52,3401,1719,371,-335
108,52,3402,1723,345,-361
108,52,3403,1721,361,-345
108,52,3403,1722,361,-345
108,52,3403,1723,361,-345
108,52,3403,1727,361,-345
108,52,3403,1730,361,-345
108,52,3403,1731,361,-345
108,52,3405,1725,296,-402
108,52,3419,1705,291,-339
108,52,3420,1704,291,-339
108,52,3421,1709,361,-345
108,52,3426,1704,248,-372
108,52,3427,1715,211,-395
108,52,3427,1720,211,-395
108,52,3428,1698,77,-74
108,52,3428,1702,225,-355
108,52,3428,1739,148,-450
108,52,3428,1753,441,-236
108,52,3430,1737,156,-474
108,52,3430,1763,132,-482
108,52,3431,1738,144,-478
108,52,3433,1734,125,-457
108,52,3434,1716,113,-375
108,52,3434,1734,121,-484
108,52,3435,1710,108,-433
108,52,3435,1766,132,-482
108,52,3439,1718,316,-16
108,52,3441,1691,-155,-103
108,52,3441,1702,-196,-130
108,52,3443,1692,-75,-141
108,52,3444,1713,0,0
108,52,3444,1713,43,28
108,52,3444,1719,25,2
108,52,3444,1720,24,-10
108,52,3444,1726,5,-25
108,52,3444,1768,0,-500
108,52,3457,1743,-345,-123
108,52,3509,1708,-60,85
108,53,3384,1739,500,25
108,53,3385,1700,500,0
108,53,3392,1753,392,0
108,53,3394,1678,494,-74
108,53,3395,1756,392,0
108,53,3395,1757,392,0
108,53,3395,1758,414,-21
108,53,3396,1681,500,0
108,53,3396,1753,418,0
108,53,3396,1758,416,-31
108,53,3396,1759,416,-31
108,53,3396,1762,340,-325
108,53,3396,1764,340,-325
108,53,3396,1765,340,-325
108,53,3396,1770,340,-325
108,53,3396,1771,340,-325
108,53,3396,1772,340,-325
108,53,3397,1758,416,-31
108,53,3397,1758,418,-21
108,53,3397,1758,418,0
108,53,3397,1758,438,-32
108,53,3397,1759,416,-31
108,53,3397,1759,418,-21
108,53,3398,1756,418,0
108,53,3398,1757,418,-10
108,53,3398,1758,418,0
108,53,3398,1759,418,-21
108,53,3398,1759,453,-55
108,53,3398,1770,361,-345
108,53,3398,1775,343,-359
108,53,3399,1677,494,-74
108,53,3399,1756,418,0
108,53,3399,1756,447,0
108,53,3399,1757,418,-10
108,53,3399,1761,485,0
108,53,3399,1766,351,-351
108,53,3399,1768,351,-351
108,53,3399,1769,361,-345
108,53,3401,1757,444,0
108,53,3403,1739,361,-345
108,53,3403,1742,361,-345
108,53,3403,1743,361,-345
108,53,3403,1744,361,-345
108,53,3403,1745,361,-345
108,53,3403,1747,361,-345
108,53,3403,1749,361,-345
108,53,3403,1750,361,-345
108,53,3403,1751,361,-345
108,53,3403,1753,361,-345
108,53,3403,1755,361,-345
108,53,3403,1757,361,-345
108,53,3403,1758,361,-345
108,53,3403,1761,361,-345
108,53,3403,1763,361,-345
108,53,3403,1764,361,-345
108,53,3403,1765,361,-345
108,53,3403,1773,392,-305
108,53,3403,1773,394,-306
108,53,3404,1676,494,-74
108,53,3404,1762,444,0
108,53,3404,1767,335,-371
108,53,3406,1750,353,-353
108,53,3408,1766,471,0
108,53,3409,1676,498,-48
108,53,3412,1675,478,-144
108,53,3412,1760,0,-500
108,53,3413,1770,497,0
108,53,3415,1756,345,-361
108,53,3415,1763,402,-296
108,53,3416,1675,490,97
108,53,3418,1771,500,0
108,53,3418,1772,500,0
108,53,3420,1756,407,0
108,53,3423,1773,500,0
108,53,3428,1773,148,-450
108,53,3433,1776,136,-453
108,53,3443,1740,-121,99
108,53,3444,1773,0,-447
108,53,3445,1748,-5,235
108,53,3448,1740,16,49
108,53,3448,1740,226,136
108,53,3448,1748,-143,203
108,53,3450,1742,149,249
108,53,3450,1748,-107,151
108,53,3450,1748,-58,86
108,53,3450,1748,-46,62
108,53,3450,1748,123,262
108,53,3451,1748,-26,0
108,53,3451,1748,-23,-12
108,53,3451,1748,0,0
108,53,3451,1748,18,48
108,53,3452,1748,-250,339
108,55,3385,1761,405,-30
108,55,3386,1757,500,0
108,55,3387,1756,340,0
108,55,3387,1757,340,0
108,55,3387,1758,340,0
108,55,3387,1758,361,0
108,55,3387,1760,340,0
108,55,3387,1761,340,0
108,55,3387,1763,340,0
108,55,3387,1764,340,0
108,55,3387,1765,340,0
108,55,3387,1766,340,0
108,55,3387,1767,340,0
108,55,3387,1768,340,0
108,55,3387,1770,340,0
108,55,3387,1772,340,0
108,55,3387,1775,340,0
108,55,3387,1777,340,0
108,55,3387,1778,340,0
108,55,3387,1779,340,0
108,55,3387,1782,340,0
108,55,3387,1783,340,0
108,55,3387,1785,340,0
108,55,3387,1786,340,0
108,55,3387,1787,340,0
108,55,3387,1788,340,0
108,55,3387,1789,340,0
108,55,3387,1790,340,0
108,55,3387,1793,340,0
108,55,3387,1794,340,0
108,55,3387,1795,340,0
108,55,3387,1796,340,0
108,55,3387,1796,361,0
108,55,3387,1798,340,0
108,55,3387,1799,340,0
108,55,3387,1800,340,0
108,55,3387,1803,340,0
108,55,3388,1746,478,144
108,55,3388,1754,366,18
108,55,3388,1757,366,0
108,55,3388,1758,366,0
108,55,3388,1759,366,-8
108,55,3388,1760,366,0
108,55,3388,1796,340,0
108,55,3388,1806,366,0
108,55,3389,1756,395,0
108,55,3389,1757,366,0
108,55,3389,1758,366,-8
108,55,3389,1758,366,0
108,55,3389,1759,366,-8
108,55,3389,1760,366,0
108,55,3390,1756,395,0
108,55,3390,1757,366,0
108,55,3391,1756,366,0
108,55,3391,1757,392,0
108,55,3391,1757,444,0
108,55,3391,1758,366,-8
108,55,3391,1759,364,-27
108,55,3391,1778,366,0
108,55,3392,1757,444,0
108,55,3392,1757,471,0
108,55,3392,1759,392,-9
108,55,3395,1796,414,0
108,55,3396,1827,353,-353
108,55,3396,1828,353,-353
108,55,3399,1793,418,0
108,55,3399,1803,418,0
108,55,3401,1727,361,345
108,55,3401,1823,444,-10
108,55,3401,1826,444,-10
108,55,3403,1821,353,-353
108,55,3404,1794,444,0
108,55,3404,1795,444,0
108,55,3404,1796,444,0
108,55,3404,1799,444,0
108,55,3404,1803,444,0
108,55,3412,1824,0,-500
108,55,3417,1796,418,0
108,55,3423,1760,222,-21
108,55,3426,1837,500,0
108,55,3427,1736,-67,335
108,55,3427,1758,130,0
108,55,3427,1837,500,0
108,55,3429,1713,181,408
108,55,3429,1838,192,-433
108,55,3431,1722,177,353
108,55,3434,1715,139,424
108,55,3434,1732,-419,-31
108,55,3434,1836,139,-425
108,55,3437,1722,203,457
108,55,3437,1825,115,-350
108,55,3439,1729,-350,-233
108,55,3444,1738,148,-128
108,55,3444,1747,0,-130
108,55,3444,1747,46,-22
108,55,3444,1747,176,-48
108,55,3444,1824,377,-239
108,55,3445,1739,0,0
108,55,3445,1744,74,-138
108,55,3445,1745,74,-138
108,55,3445,1746,0,-78
108,55,3445,1746,74,-138
108,55,3445,1747,24,-46
108,55,3445,1747,94,-50
108,55,3446,1743,152,-101
108,55,3446,1747,115,-62
108,55,3446,1836,-23,-234
108,55,3447,1739,-1,-26
108,55,3447,1744,-109,-182
108,55,3448,1744,87,-246
108,55,3449,1747,23,-12
108,55,3454,1743,255,57
108,55,3468,1740,24,-9
108,55,3476,1747,86,-130
108,55,3476,1810,21,14
108,98,3442,3098,332,233
108,98,3444,3095,0,395
108,98,3444,3101,365,257
108,98,3447,3091,239,377
108,98,3448,3103,343,241
108,98,3449,3103,332,258
108,98,3450,3098,233,350
108,98,3450,3102,332,258
108,98,3468,3083,345,361
108,98,3476,3105,0,26
108,98,3476,3111,0,-130
108,98,3476,3112,10,23
108,98,3476,3113,0,-250
108,98,3476,3114,21,14
108,98,3476,3114,198,132
108,98,3476,3116,0,0
108,98,3476,3119,0,0
108,98,3476,3120,19,-17
108,98,3476,3122,94,50
108,115,3384,3709,500,0
108,115,3386,3727,393,-29
108,115,3387,3710,340,0
108,115,3387,3710,361,0
108,115,3387,3712,340,0
108,115,3387,3715,340,0
108,115,3387,3716,340,0
108,115,3387,3716,361,0
108,115,3387,3717,340,0
108,115,3387,3718,340,0
108,115,3387,3720,340,0
108,115,3387,3723,340,0
108,115,3387,3727,340,0
108,115,3388,3716,340,0
108,115,3388,3716,361,0
108,115,3388,3723,340,0
108,115,3388,3724,366,-8
108,115,3388,3725,366,-8
108,115,3388,3726,366,0
108,115,3389,3710,366,-8
108,115,3389,3710,366,0
108,115,3389,3716,366,0
108,115,3389,3725,366,-18
108,115,3389,3725,366,-8
108,115,3390,3716,366,0
108,115,3391,3656,500,0
108,115,3391,3716,366,0
108,115,3391,3716,387,0
108,115,3391,3720,366,0
108,115,3391,3723,366,0
108,115,3391,3732,366,0
108,115,3392,3724,392,0
108,115,3392,3725,392,-9
108,115,3392,3726,392,0
108,115,3392,3737,392,0
108,115,3393,3658,366,0
108,115,3393,3716,392,0
108,115,3393,3725,392,-9
108,115,3394,3716,392,0
108,115,3395,3652,500,0
108,115,3395,3656,500,0
108,115,3395,3716,392,0
108,115,3395,3716,414,0
108,115,3395,3732,392,0
108,115,3396,3716,414,0
108,115,3399,3720,418,0
108,115,3399,3723,418,0
108,115,3400,3716,440,0
108,115,3400,3745,447,0
108,115,3402,3640,361,345
108,115,3403,3726,361,-345
108,115,3403,3729,361,-345
108,115,3403,3735,361,-345
108,115,3403,3738,361,-345
108,115,3403,3752,361,-345
108,115,3404,3637,371,335
108,115,3404,3715,444,0
108,115,3404,3717,444,0
108,115,3404,3718,444,0
108,115,3404,3720,444,0
108,115,3404,3723,444,0
108,115,3404,3746,444,0
108,115,3404,3748,444,0
108,115,3406,3656,500,0
108,115,3406,3747,471,-11
108,115,3406,3748,471,-11
108,115,3406,3749,471,-11
108,115,3407,3645,417,223
108,115,3409,3766,353,-353
108,115,3411,3658,431,118
108,115,3411,3765,353,-353
108,115,3412,3764,353,-353
108,115,3413,3764,326,-378
108,115,3415,3667,395,0
108,115,3417,3758,345,-361
108,115,3424,3671,290,0
108,115,3429,3758,192,-433
108,115,3430,3737,-25,338
108,115,3434,3756,139,-425
108,115,3440,3747,399,-253
108,115,3440,3765,109,-488
108,115,3443,3724,-121,99
108,115,3443,3724,185,-144
108,115,3443,3726,193,213
108,115,3443,3738,-141,250
108,115,3443,3751,121,-484
108,115,3444,3724,300,160
108,115,3444,3730,0,283
108,115,3444,3733,-159,89
108,115,3444,3741,10,471
108,115,3445,3734,-121,202
108,115,3445,3744,272,350
108,115,3446,3729,-12,235
108,115,3446,3732,-13,261
108,115,3446,3733,-14,287
108,115,3446,3733,35,360
108,115,3446,3734,-16,314
108,115,3448,3740,205,364
108,115,3448,3741,264,167
108,115,3448,3747,377,239
108,115,3449,3726,95,42
108,115,3449,3727,-20,208
108,115,3449,3741,159,358
108,115,3450,3724,-138,74
108,115,3450,3724,-134,71
108,115,3450,3729,89,217
108,115,3450,3729,201,273
108,115,3450,3729,203,275
108,115,3451,3730,-13,261
108,115,3451,3731,-38,311
108,115,3451,3735,-82,329
108,115,3451,3740,131,341
108,115,3452,3725,-180,107
108,115,3452,3726,-130,195
108,115,3452,3726,89,-54
108,115,3452,3729,-129,257
108,115,3452,3732,7,314
108,115,3452,3744,303,248
108,115,3452,3744,305,250
108,115,3452,3752,291,-339
108,115,3453,3728,-117,233
108,115,3453,3736,-107,325
108,115,3454,3724,72,108
108,115,3454,3726,-216,151
108,115,3454,3726,-213,150
108,115,3454,3728,-136,226
108,115,3454,3728,-68,225
108,115,3454,3735,168,298
108,115,3454,3735,192,247
108,115,3455,3745,414,72
108,115,3456,3724,-236,28
108,115,3456,3724,-162,86
108,115,3456,3729,50,-256
108,115,3456,3743,240,309
108,115,3456,3754,158,-136
108,115,3458,3738,220,389
108,115,3461,3726,-100,-212
108,115,3466,3732,189,-181
108,115,3469,3752,396,-141
108,115,3474,3730,212,-157
108,115,3476,3735,24,-10
108,115,3476,3755,0,-209
108,115,3476,3756,0,-183
108,118,3382,3808,500,25
108,118,3383,3780,495,48
108,118,3383,3811,447,0
108,118,3384,3810,500,0
108,118,3384,3811,500,0
108,118,3385,3777,419,-41
108,118,3385,3811,392,0
108,118,3385,3811,500,0
108,118,3386,3768,500,0
108,118,3386,3775,369,0
108,118,3386,3811,340,0
108,118,3386,3811,500,0
108,118,3386,3812,366,0
108,118,3387,3764,340,0
108,118,3387,3766,340,0
108,118,3387,3767,340,0
108,118,3387,3768,340,0
108,118,3387,3769,340,0
108,118,3387,3770,340,0
108,118,3387,3771,340,0
108,118,3387,3772,340,0
108,118,3387,3773,340,0
108,118,3387,3775,340,0
108,118,3387,3776,340,0
108,118,3387,3777,340,0
108,118,3387,3778,340,0
108,118,3387,3780,340,0
108,118,3387,3781,340,0
108,118,3387,3782,340,0
108,118,3387,3784,340,0
108,118,3387,3785,340,0
108,118,3387,3786,340,0
108,118,3387,3787,340,0
108,118,3387,3789,340,0
108,118,3387,3790,340,0
108,118,3387,3791,340,0
108,118,3387,3792,340,0
108,118,3387,3793,340,0
108,118,3387,3794,340,0
108,118,3387,3795,340,0
108,118,3387,3796,340,0
108,118,3387,3797,340,0
108,118,3387,3798,340,0
108,118,3387,3799,340,0
108,118,3387,3800,340,0
108,118,3387,3801,340,0
108,118,3387,3802,340,0
108,118,3387,3803,340,0
108,118,3387,3804,340,0
108,118,3387,3805,340,0
108,118,3387,3806,340,0
108,118,3387,3807,340,0
108,118,3387,3808,340,0
108,118,3387,3809,340,0
108,118,3387,3810,340,0
108,118,3387,3811,340,0
108,118,3387,3812,361,0
108,118,3387,3814,364,-27
108,118,3387,3814,366,-18
108,118,3387,3823,482,-132
108,118,3388,3773,366,-8
108,118,3388,3774,366,-18
108,118,3388,3774,366,-8
108,118,3388,3774,366,0
108,118,3388,3775,366,-18
108,118,3388,3811,340,0
108,118,3388,3812,361,0
108,118,3388,3812,418,0
108,118,3388,3812,444,0
108,118,3388,3813,366,-8
108,118,3389,3774,366,-8
108,118,3389,3775,366,-18
108,118,3389,3776,366,0
108,118,3389,3811,392,0
108,118,3389,3822,470,-167
108,118,3390,3774,393,-29
108,118,3390,3809,366,8
108,118,3390,3811,418,0
108,118,3391,3772,366,0
108,118,3391,3773,366,0
108,118,3391,3811,500,0
108,118,3392,3811,471,0
108,118,3392,3820,478,-144
108,118,3393,3774,391,-29
108,118,3393,3809,392,8
108,118,3393,3811,500,0
108,118,3393,3812,471,-11
108,118,3393,3821,470,-167
108,118,3394,3809,392,8
108,118,3394,3810,500,0
108,118,3394,3811,444,0
108,118,3394,3811,500,0
108,118,3395,3772,392,0
108,118,3395,3811,500,0
108,118,3395,3812,414,0
108,118,3395,3813,416,-31
108,118,3395,3814,416,-31
108,118,3396,3812,414,0
108,118,3396,3813,418,-21
108,118,3397,3748,418,0
108,118,3397,3750,418,0
108,118,3397,3758,351,351
108,118,3397,3809,500,25
108,118,3399,3743,345,361
108,118,3399,3811,418,0
108,118,3401,3789,366,0
108,118,3404,3784,391,28
108,118,3404,3808,444,0
108,118,3404,3809,444,0
108,118,3404,3810,444,0
108,118,3404,3811,444,0
108,118,3406,3811,447,0
108,118,3417,3809,418,0
108,118,3420,3811,369,0
108,118,3426,3811,238,0
108,118,3426,3811,316,0
108,118,3427,3809,130,0
108,118,3428,3808,104,0
108,118,3428,3809,52,0
108,118,3429,3811,184,22
108,118,3434,3731,139,424
108,118,3434,3739,141,341
108,118,3435,3735,131,400
108,118,3441,3763,-240,-160
108,118,3444,3763,0,-157
108,118,3444,3763,0,-130
108,118,3445,3760,74,-138
108,118,3445,3761,74,-138
108,118,3446,3821,65,170
108,118,3447,3754,-41,-419
108,118,3450,3758,258,-332
108,118,3451,3751,309,-323
108,118,3454,3759,-23,-237
108,118,3476,3748,0,26
108,118,3476,3754,97,-353
108,118,3476,3759,178,-44
108,118,3476,3823,21,14
108,120,3385,3868,500,0
108,120,3386,3868,500,0
108,120,3386,3872,500,0
108,120,3390,3826,496,-60
108,120,3390,3827,492,-85
108,120,3390,3828,500,0
108,120,3390,3859,500,0
108,120,3392,3816,500,0
108,120,3393,3811,500,0
108,120,3393,3828,500,0
108,120,3394,3811,418,0
108,120,3394,3812,419,0
108,120,3394,3812,500,0
108,120,3395,3811,392,0
108,120,3395,3811,418,0
108,120,3395,3811,444,0
108,120,3395,3811,500,0
108,120,3395,3812,414,0
108,120,3395,3812,431,0
108,120,3395,3812,500,0
108,120,3395,3814,418,0
108,120,3395,3815,418,-21
108,120,3396,3803,332,332
108,120,3396,3811,392,0
108,120,3396,3811,418,0
108,120,3396,3811,444,0
108,120,3396,3811,483,11
108,120,3396,3811,500,0
108,120,3396,3812,414,0
108,120,3397,3805,353,353
108,120,3397,3809,418,21
108,120,3397,3810,418,21
108,120,3397,3811,418,0
108,120,3397,3811,444,0
108,120,3397,3811,471,0
108,120,3397,3811,500,0
108,120,3397,3812,418,0
108,120,3397,3812,444,0
108,120,3398,3806,358,343
108,120,3398,3806,361,345
108,120,3398,3807,358,343
108,120,3398,3807,371,335
108,120,3398,3808,351,351
108,120,3398,3809,418,21
108,120,3398,3810,392,19
108,120,3398,3810,418,0
108,120,3398,3811,444,0
108,120,3398,3811,471,0
108,120,3398,3812,444,0
108,120,3399,3799,353,353
108,120,3399,3800,358,343
108,120,3399,3801,358,343
108,120,3399,3802,358,343
108,120,3399,3805,358,343
108,120,3399,3806,351,351
108,120,3399,3806,358,343
108,120,3399,3807,351,351
108,120,3399,3807,358,343
108,120,3399,3808,418,0
108,120,3399,3809,358,343
108,120,3399,3810,358,343
108,120,3399,3810,418,0
108,120,3399,3811,358,343
108,120,3399,3811,418,0
108,120,3399,3812,440,0
108,120,3399,3814,358,343
108,120,3399,3815,358,343
108,120,3399,3817,358,343
108,120,3399,3818,358,343
108,120,3399,3821,358,343
108,120,3399,3825,358,343
108,120,3399,3828,358,343
108,120,3400,3795,404,242
108,120,3401,3792,410,231
108,120,3401,3796,404,242
108,120,3402,3795,397,251
108,120,3402,3808,444,0
108,120,3402,3869,500,0
108,120,3403,3815,453,136
108,120,3403,3825,353,353
108,120,3403,3828,353,353
108,120,3404,3804,444,0
108,120,3409,3812,492,0
108,120,3409,3888,442,-66
108,120,3414,3812,328,0
108,120,3415,3804,444,0
108,120,3415,3822,387,76
108,120,3416,3812,354,0
108,120,3418,3797,500,0
108,120,3423,3795,500,0
108,120,3426,3851,238,0
108,120,3428,3852,-94,90
108,120,3428,3892,212,0
108,120,3429,3848,159,0
108,120,3433,3791,129,428
108,120,3435,3816,185,0
108,120,3438,3816,133,0
108,120,3442,3827,-153,-34
108,120,3443,3816,-123,-231
108,120,3443,3826,1,-78
108,120,3443,3829,-157,0
108,120,3444,3794,0,447
108,120,3444,3809,0,26
108,120,3444,3825,387,76
108,120,3444,3827,-156,15
108,120,3444,3827,43,-29
108,120,3444,3827,46,-22
108,120,3444,3827,48,-19
108,120,3444,3827,50,-14
108,120,3445,3824,74,-138
108,120,3445,3825,74,-138
108,120,3446,3819,-151,-81
108,120,3446,3819,-114,-64
108,120,3446,3820,-22,-13
108,120,3446,3820,-19,-260
108,120,3446,3822,152,-101
108,120,3446,3822,431,-119
108,120,3446,3823,152,-101
108,120,3446,3824,8,-395
108,120,3446,3825,124,-233
108,120,3447,3819,126,34
108,120,3447,3821,-17,-234
108,120,3447,3826,162,-53
108,120,3448,3819,-164,-82
108,120,3448,3820,-26,0
108,120,3448,3821,-25,-260
108,120,3448,3825,171,-164
108,120,3448,3827,23,-12
108,120,3449,3819,-118,-55
108,120,3449,3820,-117,-176
108,120,3449,3820,-114,-146
108,120,3449,3826,198,-132
108,120,3450,3819,-23,12
108,120,3450,3820,125,37
108,120,3450,3825,163,-134
108,120,3451,3826,-170,-162
108,120,3452,3821,175,52
108,120,3452,3821,176,48
108,120,3453,3819,-22,13
108,120,3453,3819,0,0
108,120,3455,3822,294,65
108,120,3458,3819,7,24
108,120,3459,3827,75,22
108,120,3462,3827,256,-137
108,120,3472,3819,-7,25
108,120,3472,3819,20,16
109,54,3427,1730,144,478
109,54,3428,1754,466,-179
109,54,3428,1757,492,-85
109,54,3428,1757,500,0
109,54,3429,1728,353,353
109,54,3429,1758,500,0
109,54,3432,1754,441,-236
109,54,3432,1759,441,-236
109,54,3433,1752,470,-167
109,54,3433,1764,287,-408
109,54,3436,1724,257,429
109,54,3438,1725,203,457
109,54,3439,1725,179,466
109,54,3439,1762,167,-470
109,54,3444,1732,0,500
109,54,3444,1754,48,-498
109,54,3444,1758,0,-500
109,54,3466,1748,0,52
109,54,3468,1748,0,0
109,54,3473,1739,130,-9
109,56,3428,1797,474,156
109,56,3431,1790,345,361
109,56,3432,1862,371,-335
109,56,3436,1788,224,447
109,56,3436,1853,361,-345
109,56,3437,1821,191,-462
109,56,3437,1821,224,-447
109,56,3440,1820,179,-96
109,56,3442,1803,447,0
109,56,3442,1804,447,0
109,56,3442,1816,447,0
109,56,3442,1820,447,0
109,56,3442,1821,447,0
109,56,3442,1822,447,0
109,56,3442,1823,447,0
109,56,3442,1824,447,0
109,56,3442,1826,447,0
109,56,3442,1827,447,0
109,56,3442,1828,447,0
109,56,3442,1829,447,0
109,56,3442,1830,447,0
109,56,3442,1831,447,0
109,56,3442,1832,447,0
109,56,3442,1833,447,0
109,56,3442,1834,447,0
109,56,3442,1835,447,0
109,56,3442,1836,447,0
109,56,3442,1837,447,-10
109,56,3442,1838,447,-23
109,56,3444,1794,0,500
109,56,3445,1823,419,-31
109,56,3446,1803,262,0
109,56,3447,1843,126,-32
109,56,3448,1845,125,-37
109,56,3449,1844,150,-45
109,56,3450,1823,395,0
109,56,3450,1833,395,0
109,56,3450,1835,395,0
109,56,3450,1843,150,-45
109,56,3453,1820,309,7
109,56,3458,1876,48,-498
109,56,3459,1815,22,-131
109,56,3459,1831,316,0
109,56,3459,1833,316,0
109,56,3459,1834,290,0
109,56,3459,1835,316,0
109,56,3461,1812,-141,-250
109,56,3464,1812,-289,-128
109,56,3464,1813,-282,55
109,56,3465,1803,236,0
109,56,3466,1814,-263,-117
109,56,3466,1831,264,0
109,56,3467,1803,201,-60
109,56,3467,1827,-144,-185
109,56,3467,1838,270,-96
109,56,3468,1834,249,-150
109,56,3469,1816,-238,0
109,56,3470,1803,0,0
109,56,3475,1821,-130,86
109,56,3475,1829,-74,138
109,56,3475,1830,-41,151
109,56,3475,1831,-74,138
109,56,3475,1832,-74,138
109,97,3426,3085,466,179
109,97,3435,3049,351,351
109,97,3435,3092,451,212
109,97,3435,3092,500,0
109,97,3437,3083,437,97
109,97,3445,3078,414,171
109,97,3447,3045,358,343
109,97,3447,3092,395,0
109,97,3448,3092,395,0
109,97,3451,3081,368,141
109,97,3454,3071,285,273
109,97,3455,3080,421,150
109,97,3455,3080,424,139
109,97,3455,3084,176,-294
109,97,3455,3084,411,92
109,97,3456,3083,408,101
109,97,3457,3082,403,121
109,97,3463,3054,416,277
109,97,3464,3056,353,353
109,97,3466,3057,416,277
109,97,3468,3052,361,345
109,97,3468,3056,353,353
109,97,3468,3059,345,361
109,97,3468,3076,136,158
109,97,3469,3050,335,371
109,97,3469,3050,345,361
109,97,3469,3051,345,361
109,97,3469,3052,353,353
109,97,3469,3052,361,345
109,97,3469,3059,345,361
109,97,3469,3063,345,361
109,97,3469,3067,345,361
109,97,3469,3076,115,141
109,97,3469,3077,132,161
109,97,3470,3050,335,371
109,97,3470,3051,345,361
109,97,3470,3051,353,353
109,97,3470,3052,345,361
109,97,3470,3052,353,353
109,97,3470,3056,353,353
109,97,3470,3059,416,277
109,97,3470,3067,345,361
109,97,3471,3063,345,361
109,97,3472,3056,353,353
109,97,3473,3051,345,361
109,97,3476,3091,23,-12
109,97,3477,3053,345,361
109,97,3479,3091,164,-87
109,97,3480,3083,-14,-290
109,97,3482,3085,100,-242
109,97,3493,3082,30,-315
109,97,3493,3085,69,-255
109,97,3495,3035,156,474
109,97,3498,3079,226,-74
109,97,3500,3042,224,447
109,97,3500,3084,273,285
109,97,3502,3071,98,328
109,97,3505,3087,431,118
109,97,3506,3081,-111,-208
109,97,3507,3089,396,141
109,97,3508,3034,0,500
109,97,3508,3068,0,369
109,97,3508,3083,0,0
109,97,3508,3083,270,-210
109,97,3509,3083,0,0
109,97,3510,3086,234,-165
109,97,3512,3083,394,-306
109,97,3512,3091,-107,75
109,97,3513,3091,179,-49
109,97,3514,3083,-37,246
109,97,3514,3083,-24,9
109,97,3514,3083,0,0
109,116,3428,3711,416,277
109,116,3428,3713,435,246
109,116,3428,3716,492,85
109,116,3428,3716,500,0
109,116,3428,3717,474,156
109,116,3428,3720,500,0
109,116,3429,3718,443,158
109,116,3430,3708,345,361
109,116,3432,3711,441,236
109,116,3433,3710,263,291
109,116,3433,3742,423,-212
109,116,3433,3746,457,-126
109,116,3438,3716,447,0
109,116,3438,3740,267,-421
109,116,3438,3766,470,-167
109,116,3439,3710,191,462
109,116,3442,3709,447,0
109,116,3442,3716,447,0
109,116,3442,3723,447,0
109,116,3442,3724,447,0
109,116,3442,3725,447,-10
109,116,3442,3726,447,-23
109,116,3442,3742,447,0
109,116,3442,3745,447,0
109,116,3442,3746,447,0
109,116,3442,3747,447,0
109,116,3442,3749,447,0
109,116,3444,3716,121,484
109,116,3444,3721,0,276
109,116,3444,3724,98,184
109,116,3445,3744,419,41
109,116,3446,3728,417,-51
109,116,3446,3729,416,-62
109,116,3446,3730,412,-82
109,116,3447,3749,339,-292
109,116,3448,3738,393,38
109,116,3448,3739,393,38
109,116,3448,3743,393,38
109,116,3450,3745,130,0
109,116,3452,3727,366,-44
109,116,3452,3739,274,-353
109,116,3452,3746,312,-283
109,116,3452,3753,283,-346
109,116,3452,3756,209,-284
109,116,3453,3753,274,-353
109,116,3453,3754,265,-360
109,116,3453,3755,249,-321
109,116,3456,3669,417,223
109,116,3459,3756,98,-185
109,116,3466,3716,81,0
109,116,3471,3748,-234,-23
109,116,3524,3668,500,0
109,117,3427,3774,462,-191
109,117,3428,3765,500,0
109,117,3428,3770,466,-179
109,117,3428,3772,361,-345
109,117,3428,3772,402,-296
109,117,3428,3773,500,0
109,117,3433,3746,457,-126
109,117,3438,3772,447,0
109,117,3439,3739,471,-46
109,117,3440,3772,235,0
109,117,3441,3745,447,22
109,117,3442,3734,447,0
109,117,3442,3739,447,0
109,117,3442,3743,447,0
109,117,3442,3744,447,0
109,117,3442,3747,447,0
109,117,3442,3748,447,0
109,117,3442,3764,447,0
109,117,3442,3769,191,-462
109,117,3442,3771,167,-470
109,117,3442,3771,447,0
109,117,3442,3772,447,0
109,117,3442,3774,447,0
109,117,3444,3723,402,296
109,117,3444,3766,0,-276
109,117,3446,3747,421,0
109,117,3448,3739,393,38
109,117,3448,3743,393,38
109,117,3452,3734,291,339
109,117,3452,3749,274,353
109,117,3453,3732,265,360
109,117,3453,3744,305,250
109,117,3454,3735,203,457
109,117,3455,3737,266,325
109,117,3456,3723,408,101
109,117,3464,3764,9,24
109,117,3468,3764,0,0
109,117,3469,3749,-260,-19
109,117,3471,3749,-234,-23
109,117,3472,3751,-234,-23
109,117,3473,3748,22,46
109,117,3474,3746,-174,-116
109,119,3427,3811,500,0
109,119,3428,3811,500,0
109,119,3428,3812,361,345
109,119,3428,3812,451,212
109,119,3428,3812,500,0
109,119,3428,3813,474,156
109,119,3429,3809,500,0
109,119,3430,3841,378,-326
109,119,3432,3838,394,-306
109,119,3433,3804,296,402
109,119,3434,3841,306,-394
109,119,3438,3812,447,0
109,119,3438,3824,323,-309
109,119,3438,3842,224,-447
109,119,3439,3805,167,470
109,119,3440,3842,132,-482
109,119,3441,3802,121,484
109,119,3441,3805,109,488
109,119,3442,3811,447,0
109,119,3442,3812,121,484
109,119,3442,3812,447,0
109,119,3442,3813,447,0
109,119,3442,3833,191,-462
109,119,3443,3813,132,482
109,119,3443,3834,97,-490
109,119,3443,3838,37,-498
109,119,3444,3828,197,-105
109,119,3444,3828,207,-254
109,119,3444,3836,248,-75
109,119,3447,3813,395,0
109,119,3448,3823,282,-189
109,119,3449,3823,390,-58
109,119,3449,3824,389,-67
109,119,3450,3745,306,394
109,119,3463,3828,25,5
109,119,3467,3819,0,0
109,119,3467,3819,21,14
109,119,3467,3827,341,25
109,119,3468,3828,-311,37
109,119,3468,3828,0,0
109,119,3469,3819,-1,-26
109,119,3470,3827,-235,-12
109,119,3470,3827,-75,-23
109,119,3472,3828,-162,302
109,119,3472,3828,-43,28
109,119,3472,3828,0,0
109,119,3473,3825,-154,97
109,119,3474,3828,-141,155
109,119,3478,3788,-21,-289
110,93,3447,3011,447,0
110,93,3448,3011,500,0
110,93,3449,2977,419,-41
110,93,3449,3011,366,0
110,93,3449,3012,500,0
110,93,3450,2967,500,0
110,93,3450,3011,340,0
110,93,3451,2967,340,0
110,93,3451,2972,340,0
110,93,3451,2973,340,0
110,93,3451,2975,340,0
110,93,3451,2976,340,0
110,93,3451,2978,340,0
110,93,3451,2980,340,0
110,93,3451,2981,340,0
110,93,3451,2984,340,0
110,93,3451,2987,340,0
110,93,3451,2990,340,0
110,93,3451,2991,340,0
110,93,3451,2993,340,0
110,93,3451,2994,340,0
110,93,3451,2996,340,0
110,93,3451,2999,340,0
110,93,3451,3000,340,0
110,93,3451,3001,340,0
110,93,3451,3002,340,0
110,93,3451,3003,340,0
110,93,3451,3004,340,0
110,93,3451,3005,340,0
110,93,3451,3008,340,0
110,93,3451,3009,340,0
110,93,3451,3010,340,0
110,93,3451,3011,340,0
110,93,3451,3012,361,0
110,93,3451,3023,482,-132
110,93,3452,2974,366,-18
110,93,3452,2975,366,-18
110,93,3452,2976,366,0
110,93,3452,3011,340,0
110,93,3452,3011,369,0
110,93,3452,3013,366,-8
110,93,3452,3014,366,-18
110,93,3453,2975,366,-18
110,93,3453,2976,366,0
110,93,3453,3009,366,0
110,93,3453,3009,366,8
110,93,3453,3011,418,0
110,93,3454,3009,366,8
110,93,3454,3012,366,0
110,93,3455,2972,366,0
110,93,3455,2974,366,-8
110,93,3455,3012,387,0
110,93,3456,3011,471,0
110,93,3457,3009,392,8
110,93,3457,3011,500,0
110,93,3457,3019,478,-144
110,93,3457,3021,470,-167
110,93,3458,3009,392,8
110,93,3458,3011,500,0
110,93,3460,2993,441,236
110,93,3460,3013,418,-21
110,93,3463,2943,345,361
110,93,3463,2943,353,353
110,93,3463,2955,333,368
110,93,3463,3008,418,0
110,93,3465,3022,471,-35
110,93,3468,3009,444,0
110,93,3468,3010,444,0
110,93,3468,3011,444,0
110,93,3472,2978,366,0
110,93,3472,2996,235,0
110,93,3477,3011,421,0
110,93,3478,2984,235,11
110,93,3478,2999,261,0
110,93,3478,3046,339,-292
110,93,3479,2982,183,8
110,93,3480,2961,345,361
110,93,3484,2977,289,-21
110,93,3484,3008,314,0
110,93,3484,3011,369,0
110,93,3489,3000,234,17
110,93,3490,2944,225,355
110,93,3491,2984,180,26
110,93,3491,3009,104,0
110,93,3491,3009,130,0
110,93,3492,3008,104,0
110,93,3492,3009,104,0
110,93,3494,3024,183,0
110,93,3495,2932,148,449
110,93,3497,2938,136,453
110,93,3497,3035,-421,9
110,93,3497,3048,151,-393
110,93,3498,3052,139,-425
110,93,3500,2986,-170,162
110,93,3502,2996,-53,-58
110,93,3502,3020,-287,21
110,93,3503,3022,-167,117
110,93,3505,3012,230,123
110,93,3506,3020,-169,-65
110,93,3507,3018,-8,24
110,93,3507,3019,-8,24
110,93,3507,3020,-121,99
110,93,3508,3020,0,209
110,93,3508,3033,260,25
110,93,3508,3035,287,6
110,93,3509,3020,119,138
110,93,3510,3020,150,-45
110,93,3519,3020,138,74
110,93,3524,2908,-500,0
110,93,3524,3027,0,78
110,93,3526,2912,-267,421
110,95,3448,3074,494,-74
110,95,3448,3077,500,0
110,95,3449,3068,500,0
110,95,3449,3076,500,0
110,95,3450,3072,500,0
110,95,3454,3068,500,0
110,95,3457,3011,500,0
110,95,3459,3010,392,0
110,95,3459,3011,392,0
110,95,3459,3011,500,0
110,95,3459,3012,414,0
110,95,3459,3013,500,0
110,95,3460,2997,332,332
110,95,3460,3003,340,325
110,95,3460,3011,500,0
110,95,3460,3012,414,0
110,95,3460,3012,438,0
110,95,3460,3013,418,-21
110,95,3460,3014,418,0
110,95,3461,3009,392,0
110,95,3461,3012,418,0
110,95,3461,3012,444,0
110,95,3462,3007,358,343
110,95,3462,3007,371,335
110,95,3462,3008,351,351
110,95,3462,3009,418,21
110,95,3462,3010,418,0
110,95,3462,3012,418,0
110,95,3462,3012,444,0
110,95,3463,3000,358,343
110,95,3463,3001,358,343
110,95,3463,3002,358,343
110,95,3463,3004,358,343
110,95,3463,3005,358,343
110,95,3463,3006,358,343
110,95,3463,3007,351,351
110,95,3463,3007,418,0
110,95,3463,3008,351,351
110,95,3463,3008,418,0
110,95,3463,3009,418,0
110,95,3463,3010,358,343
110,95,3463,3013,358,343
110,95,3463,3014,358,343
110,95,3463,3017,358,343
110,95,3463,3020,358,343
110,95,3463,3021,358,343
110,95,3463,3025,358,343
110,95,3463,3027,358,343
110,95,3465,2996,404,242
110,95,3466,3008,444,0
110,95,3466,3011,361,345
110,95,3467,3008,353,353
110,95,3467,3021,361,345
110,95,3467,3022,353,353
110,95,3468,3004,444,0
110,95,3475,3088,416,-62
110,95,3476,3080,421,-150
110,95,3477,2998,497,0
110,95,3478,3012,328,0
110,95,3480,3012,354,0
110,95,3480,3058,353,-353
110,95,3481,3080,369,0
110,95,3484,3021,355,98
110,95,3487,3080,316,0
110,95,3488,3066,358,-192
110,95,3490,3075,212,0
110,95,3495,3055,170,231
110,95,3497,2991,129,428
110,95,3503,3090,76,16
110,95,3504,3084,200,-60
110,95,3505,3084,126,-41
110,95,3507,3031,-89,357
110,95,3508,2970,0,500
110,95,3508,2985,0,500
110,95,3508,3027,0,-130
110,95,3508,3027,50,-14
110,95,3509,3024,74,-138
110,95,3510,3027,0,-52
110,95,3511,3027,-23,-12
110,95,3512,3027,229,-63
110,95,3513,3026,198,-132
110,95,3514,3025,163,-134
110,95,3523,3019,-23,12
110,95,3524,3027,7,-78
110,95,3540,3024,90,94
111,94,3485,3021,498,-37
111,94,3485,3025,498,48
111,94,3489,3030,498,-48
111,94,3491,3013,478,144
111,94,3492,3011,500,0
111,94,3492,3012,361,345
111,94,3492,3012,451,212
111,94,3492,3012,466,179
111,94,3492,3012,500,0
111,94,3492,3013,474,156
111,94,3492,3040,402,-296
111,94,3493,3009,500,0
111,94,3493,3039,408,-287
111,94,3496,3013,462,191
111,94,3499,3045,224,-447
111,94,3500,3046,203,-457
111,94,3502,3042,224,-447
111,94,3503,3005,167,470
111,94,3504,3004,121,484
111,94,3505,3002,121,484
111,94,3506,3033,191,-462
111,94,3507,3013,132,482
111,94,3508,3009,0,500
111,94,3508,3010,0,500
111,94,3508,3013,0,500
111,94,3508,3031,0,-353
111,94,3508,3035,0,-500
111,94,3508,3036,248,-75
111,94,3514,3028,104,0
111,94,3516,3021,364,-35
111,94,3531,3028,-72,108
111,94,3531,3028,9,24
111,94,3536,3028,-162,302
111,94,3536,3028,0,0
123,25,3868,847,474,-156
123,25,3868,848,474,-156
123,25,3871,846,470,-167
123,25,3872,846,470,-167
123,25,3872,846,474,-156
123,25,3872,848,457,-203
123,25,3874,852,429,-257
123,25,3881,831,471,35
123,25,3881,836,471,0
123,25,3882,843,500,0
123,25,3882,854,462,-103
123,25,3882,854,492,-85
123,25,3884,861,432,-192
123,25,3886,835,471,0
123,25,3886,836,473,0
123,25,3886,874,326,-378
123,25,3886,881,353,-353
123,25,3887,859,492,85
123,25,3887,859,500,0
123,25,3887,861,224,-447
123,25,3887,888,353,-353
123,25,3888,864,361,-345
123,25,3888,880,353,-353
123,25,3889,830,357,80
123,25,3889,845,234,-17
123,25,3889,846,234,-17
123,25,3890,836,261,0
123,25,3890,836,447,0
123,25,3890,840,208,15
123,25,3890,842,261,0
123,25,3890,845,260,-19
123,25,3890,884,345,-361
123,25,3891,777,428,129
123,25,3891,835,421,0
123,25,3891,836,290,0
123,25,3891,852,437,-98
123,25,3891,885,361,-345
123,25,3892,856,421,-150
123,25,3893,768,451,212
123,25,3893,770,432,192
123,25,3893,843,421,0
123,25,3893,852,417,-115
123,25,3893,852,419,-105
123,25,3893,853,414,-125
123,25,3893,857,414,-171
123,25,3895,818,260,-19
123,25,3895,835,395,0
123,25,3895,836,395,0
123,25,3895,843,395,0
123,25,3895,852,403,-121
123,25,3895,854,393,-151
123,25,3895,860,-265,-293
123,25,3896,873,309,-323
123,25,3896,891,343,-359
123,25,3897,852,378,-114
123,25,3898,766,332,258
123,25,3898,771,403,190
123,25,3898,852,378,-114
123,25,3898,853,371,-132
123,25,3899,854,368,-142
123,25,3899,891,343,-359
123,25,3900,774,344,194
123,25,3900,850,355,-98
123,25,3900,850,357,-89
123,25,3900,852,348,-187
123,25,3901,753,478,144
123,25,3901,769,311,242
123,25,3901,850,355,-98
123,25,3901,851,347,-124
123,25,3902,850,440,-76
123,25,3904,832,111,-236
123,25,3904,884,345,-361
123,25,3905,766,325,266
123,25,3905,884,345,-361
123,25,3906,838,196,-81
123,25,3906,880,353,-353
123,25,3907,769,247,273
123,25,3907,769,343,241
123,25,3907,772,333,211
123,25,3908,880,353,-353
123,25,3908,891,343,-359
123,25,3909,757,211,394
123,25,3909,881,353,-353
123,25,3910,893,343,-359
123,25,3911,891,343,-359
123,25,3913,867,408,-287
123,25,3914,741,353,353
123,25,3914,742,361,345
123,25,3914,769,168,298
123,25,3914,872,371,-335
123,25,3914,880,353,-353
123,25,3914,881,353,-353
123,25,3914,883,361,-345
123,25,3914,890,345,-361
123,25,3915,873,345,-361
123,25,3915,882,353,-353
123,25,3916,869,345,-361
123,25,3916,870,345,-361
123,25,3916,870,361,-345
123,25,3916,880,353,-353
123,25,3916,881,353,-353
123,25,3916,882,353,-353
123,25,3916,882,361,-345
123,25,3916,883,361,-345
123,25,3916,884,353,-353
123,25,3916,885,353,-353
123,25,3916,888,345,-361
123,25,3917,866,297,-298
123,25,3917,869,345,-361
123,25,3917,874,345,-361
123,25,3917,877,335,-371
123,25,3917,877,353,-353
123,25,3917,880,353,-353
123,25,3917,881,353,-353
123,25,3917,882,353,-353
123,25,3917,883,361,-345
123,25,3917,884,345,-361
123,25,3917,884,353,-353
123,25,3917,885,345,-361
123,25,3917,886,335,-371
123,25,3917,886,345,-361
123,25,3918,866,361,-345
123,25,3918,869,345,-361
123,25,3918,870,361,-345
123,25,3918,873,345,-361
123,25,3918,876,345,-361
123,25,3918,877,335,-371
123,25,3918,877,345,-361
123,25,3918,885,345,-361
123,25,3918,886,353,-353
123,25,3918,887,353,-353
123,25,3918,888,345,-361
123,25,3919,869,345,-361
123,25,3919,873,345,-361
123,25,3919,879,361,-345
123,25,3919,885,326,-378
123,25,3919,885,335,-371
123,25,3919,889,296,-402
123,25,3920,862,171,-164
123,25,3920,880,353,-353
123,25,3920,881,353,-353
123,25,3920,887,345,-361
123,25,3921,880,353,-353
123,25,3921,882,345,-361
123,25,3921,883,345,-361
123,25,3921,884,345,-361
123,25,3921,887,326,-378
123,25,3921,889,287,-408
123,25,3922,881,361,-345
123,25,3922,883,361,-345
123,25,3922,884,361,-345
123,25,3923,881,345,-361
123,25,3923,885,287,-408
123,25,3923,890,353,-353
123,25,3925,882,296,-402
123,25,3925,884,335,-371
123,25,3926,880,345,-361
123,25,3926,887,335,-371
123,25,3927,746,335,371
123,25,3927,845,-171,119
123,25,3927,845,-148,141
123,25,3927,886,345,-361
123,25,3928,844,-175,34
123,25,3928,844,-172,47
123,25,3928,848,-130,259
123,25,3928,852,-14,283
123,25,3928,873,345,-361
123,25,3929,856,146,273
123,25,3929,878,345,-361
123,25,3929,880,345,-361
123,25,3929,881,345,-361
123,25,3929,890,345,-361
123,25,3930,878,281,-381
123,25,3931,862,332,-258
123,25,3931,871,317,-351
123,25,3931,871,327,-342
123,25,3932,728,0,500
123,25,3932,746,0,500
123,25,3932,750,0,447
123,25,3933,879,361,-345
123,25,3933,880,361,-345
123,25,3935,852,83,305
123,25,3936,877,335,-371
123,25,3936,881,335,-371
123,25,3936,881,361,-345
123,25,3939,741,353,353
123,25,3939,857,234,201
123,25,3940,728,0,500
123,25,3940,750,0,447
123,25,3940,754,0,447
123,25,3940,866,313,-139
123,25,3940,876,361,-345
123,25,3940,877,148,-450
123,25,3940,879,361,-345
123,25,3941,747,0,500
123,25,3941,771,0,287
123,25,3943,900,156,-474
123,25,3944,853,258,-182
123,25,3945,872,161,-390
123,25,3945,895,156,-474
123,25,3946,740,353,353
123,25,3946,872,151,-393
123,25,3946,873,141,-396
123,25,3946,876,129,-428
123,25,3947,876,118,-432
123,25,3948,874,111,-407
123,25,3949,851,440,-76
123,25,3951,850,142,-157
123,25,3952,742,353,353
123,25,3952,845,223,-141
123,25,3954,863,46,-207
123,25,3955,846,290,0
123,25,3956,750,0,447
123,25,3956,847,190,285
123,25,3956,847,279,149
123,25,3956,857,16,-20
123,25,3956,866,0,-104
123,25,3956,868,0,-354
123,25,3956,874,0,-421
123,25,3956,875,0,-421
123,25,3956,877,0,-447
123,25,3963,757,-12,235
123,25,3964,728,0,500
123,25,4004,745,0,500
123,35,3867,1097,500,-11
123,35,3867,1097,500,0
123,35,3869,1096,500,0
123,35,3869,1153,498,48
123,35,3872,1093,500,0
123,35,3872,1098,500,-25
123,35,3873,1092,500,0
123,35,3875,1140,500,0
123,35,3876,1091,500,0
123,35,3879,1080,361,345
123,35,3879,1091,500,0
123,35,3880,1077,345,361
123,35,3880,1080,371,335
123,35,3881,1079,353,353
123,35,3881,1080,345,361
123,35,3881,1125,473,0
123,35,3882,1073,353,353
123,35,3883,1096,498,-37
123,35,3883,1096,500,0
123,35,3883,1097,498,-37
123,35,3884,1084,345,361
123,35,3884,1111,361,345
123,35,3885,1075,335,371
123,35,3885,1084,500,0
123,35,3886,1100,438,87
123,35,3886,1101,440,76
123,35,3886,1105,447,22
123,35,3886,1120,447,0
123,35,3886,1171,345,-361
123,35,3887,1064,345,361
123,35,3888,1065,353,353
123,35,3888,1096,500,0
123,35,3888,1191,500,0
123,35,3890,1100,411,92
123,35,3890,1164,447,0
123,35,3893,1108,369,0
123,35,3893,1164,421,0
123,35,3894,1060,351,351
123,35,3895,1060,351,351
123,35,3895,1061,343,358
123,35,3895,1061,351,351
123,35,3895,1061,358,343
123,35,3895,1124,395,0
123,35,3895,1125,395,0
123,35,3895,1128,395,0
123,35,3895,1140,395,0
123,35,3895,1151,395,0
123,35,3895,1155,395,0
123,35,3895,1156,395,0
123,35,3898,1173,371,-132
123,35,3899,1065,353,353
123,35,3899,1095,453,136
123,35,3900,1095,421,150
123,35,3900,1099,408,101
123,35,3900,1100,411,92
123,35,3900,1109,366,0
123,35,3900,1121,366,-18
123,35,3900,1160,369,0
123,35,3900,1162,369,0
123,35,3901,1080,339,291
123,35,3902,1158,342,0
123,35,3904,1076,417,223
123,35,3905,1080,339,291
123,35,3907,1169,300,-99
123,35,3908,1140,247,-237
123,35,3909,1087,357,264
123,35,3911,1070,416,277
123,35,3911,1094,311,197
123,35,3913,1072,416,277
123,35,3913,1092,291,226
123,35,3914,1071,402,296
123,35,3914,1073,416,277
123,35,3915,1072,402,296
123,35,3916,1068,361,345
123,35,3916,1069,353,353
123,35,3916,1072,353,353
123,35,3916,1075,345,361
123,35,3917,1066,335,371
123,35,3917,1067,353,353
123,35,3917,1068,353,353
123,35,3917,1068,361,345
123,35,3917,1071,345,361
123,35,3917,1072,353,353
123,35,3917,1074,353,353
123,35,3917,1075,345,361
123,35,3917,1075,353,353
123,35,3917,1076,345,361
123,35,3917,1079,345,361
123,35,3918,1064,345,361
123,35,3918,1065,353,353
123,35,3918,1065,361,345
123,35,3918,1067,335,371
123,35,3918,1067,345,361
123,35,3918,1067,353,353
123,35,3918,1068,345,361
123,35,3918,1068,353,353
123,35,3918,1072,353,353
123,35,3918,1075,345,361
123,35,3918,1075,416,277
123,35,3918,1076,345,361
123,35,3918,1079,345,361
123,35,3918,1083,345,361
123,35,3919,1072,353,353
123,35,3919,1079,345,361
123,35,3919,1082,345,361
123,35,3919,1083,345,361
123,35,3920,1067,335,371
123,35,3920,1072,353,353
123,35,3921,1067,345,361
123,35,3922,1063,353,353
123,35,3922,1067,353,353
123,35,3922,1162,-185,-99
123,35,3922,1202,17,-342
123,35,3923,1092,237,247
123,35,3923,1201,8,-369
123,35,3924,1067,353,353
123,35,3925,1068,345,361
123,35,3925,1200,-10,-447
123,35,3926,1069,345,361
123,35,3926,1103,-23,-234
123,35,3927,1107,191,-90
123,35,3928,1099,6,-290
123,35,3928,1099,49,-286
123,35,3928,1103,-23,-234
123,35,3928,1105,-171,-120
123,35,3929,1068,345,361
123,35,3929,1069,345,361
123,35,3929,1100,5,-261
123,35,3929,1105,-194,-137
123,35,3930,1100,-14,-290
123,35,3930,1101,100,-242
123,35,3930,1107,-128,28
123,35,3931,1101,5,-261
123,35,3931,1102,96,-217
123,35,3931,1107,-117,-63
123,35,3932,1070,345,361
123,35,3932,1184,0,-264
123,35,3935,1103,-23,-234
123,35,3935,1107,175,-62
123,35,3936,1050,0,500
123,35,3936,1097,-29,-394
123,35,3936,1097,113,-296
123,35,3937,1106,-164,-134
123,35,3937,1107,-164,-87
123,35,3938,1097,78,-221
123,35,3938,1097,105,-295
123,35,3939,1096,106,-323
123,35,3939,1104,-28,-233
123,35,3941,1104,-35,-232
123,35,3941,1104,-20,-208
123,35,3942,1099,70,-281
123,35,3942,1102,104,-271
123,35,3942,1105,117,-176
123,35,3944,1081,-363,150
123,35,3945,1066,136,453
123,35,3946,1082,-419,-41
123,35,3946,1083,-419,-41
123,35,3946,1103,42,-246
123,35,3948,1083,-339,-33
123,35,3948,1099,39,-261
123,35,3953,1100,376,189
123,35,3954,1090,56,204
123,35,3954,1094,40,181
123,35,3955,1103,45,150
123,35,3955,1104,-22,184
123,35,3955,1105,396,141
123,35,3956,1081,0,104
123,35,3956,1082,0,130
123,35,3956,1084,0,369
123,35,3956,1088,0,52
123,35,3956,1094,0,26
123,35,3956,1094,1,26
123,35,3956,1096,3,25
123,35,3956,1098,-6,-276
123,35,3956,1100,75,141
123,35,3956,1101,0,212
123,35,3956,1104,198,-171
123,35,3956,1107,18,17
123,35,3957,1099,66,241
123,35,3958,1099,-159,-3
123,35,3958,1099,-104,-2
123,35,3958,1100,-22,-13
123,35,3958,1100,-12,-235
123,35,3958,1101,-35,235
123,35,3958,1101,-28,233
123,35,3958,1101,-12,-238
123,35,3958,1102,0,183
123,35,3958,1107,381,104
123,35,3959,1099,0,0
123,35,3959,1100,-23,-12
123,35,3959,1101,-17,-234
123,35,3959,1102,0,183
123,35,3959,1103,-15,-208
123,35,3959,1107,92,-49
123,35,3960,1099,-157,0
123,35,3960,1099,-23,11
123,35,3960,1099,394,-306
123,35,3960,1100,51,-232
123,35,3960,1107,57,-87
123,35,3960,1107,196,-81
123,35,3961,1099,-94,-44
123,35,3961,1100,-23,-12
123,35,3961,1102,254,-188
123,35,3961,1107,179,-49
123,35,3961,1107,292,-121
123,35,3961,1107,363,-63
123,35,3962,1099,-129,-19
123,35,3962,1099,-128,-22
123,35,3962,1099,-23,12
123,35,3962,1099,-14,-276
123,35,3962,1101,-17,234
123,35,3963,1101,-39,-261
123,35,3963,1102,-27,-157
123,35,3964,1099,-26,1
123,35,3964,1099,23,10
123,35,3965,1099,-26,2
123,35,3965,1099,21,13
123,35,3965,1099,26,-1
123,35,3965,1101,-18,-249
123,35,3966,1099,20,16
123,35,3966,1099,23,11
123,35,3966,1101,-60,-496
123,35,3966,1101,375,123
123,35,3971,1099,42,246
123,35,3979,1200,-14,-287
123,35,3980,1200,-14,-287
124,26,3896,872,500,0
124,26,3897,868,500,0
124,26,3897,872,500,0
124,26,3900,856,498,37
124,26,3900,857,498,37
124,26,3901,858,500,25
124,26,3903,849,492,-85
124,26,3903,887,421,-267
124,26,3904,886,421,-267
124,26,3904,888,402,-296
124,26,3905,839,490,97
124,26,3905,840,494,74
124,26,3905,885,416,-277
124,26,3905,887,408,-287
124,26,3905,888,408,-287
124,26,3905,889,408,-287
124,26,3905,890,408,-287
124,26,3906,848,488,-109
124,26,3906,872,500,0
124,26,3906,884,416,-277
124,26,3907,840,496,60
124,26,3908,841,496,60
124,26,3908,891,368,-334
124,26,3908,897,340,-325
124,26,3908,898,340,-325
124,26,3908,899,340,-325
124,26,3908,900,340,-325
124,26,3908,901,340,-325
124,26,3908,902,340,-325
124,26,3908,904,340,-325
124,26,3908,908,340,-325
124,26,3909,890,358,-344
124,26,3909,890,368,-334
124,26,3909,891,358,-344
124,26,3909,891,368,-334
124,26,3909,892,351,-351
124,26,3909,895,343,-359
124,26,3910,875,371,-335
124,26,3910,881,353,-353
124,26,3910,883,353,-353
124,26,3910,884,353,-353
124,26,3910,890,368,-334
124,26,3910,891,368,-334
124,26,3910,893,343,-359
124,26,3910,894,343,-359
124,26,3910,895,343,-359
124,26,3910,904,358,-344
124,26,3910,906,343,-359
124,26,3910,908,343,-359
124,26,3911,885,361,-345
124,26,3911,888,353,-353
124,26,3911,890,358,-344
124,26,3911,891,358,-344
124,26,3911,897,351,-351
124,26,3911,898,351,-351
124,26,3911,900,351,-351
124,26,3912,887,371,-335
124,26,3912,892,326,-378
124,26,3913,887,361,-345
124,26,3913,887,371,-335
124,26,3913,893,345,-361
124,26,3914,881,353,-353
124,26,3914,897,287,-408
124,26,3914,898,296,-402
124,26,3915,888,361,-345
124,26,3915,889,361,-345
124,26,3915,890,361,-345
124,26,3915,891,361,-345
124,26,3915,892,361,-345
124,26,3915,893,361,-345
124,26,3915,894,361,-345
124,26,3915,895,361,-345
124,26,3915,896,361,-345
124,26,3915,897,361,-345
124,26,3915,898,361,-345
124,26,3915,899,361,-345
124,26,3915,900,361,-345
124,26,3915,901,361,-345
124,26,3916,843,447,0
124,26,3916,885,364,298
124,26,3916,889,326,-378
124,26,3917,893,296,-402
124,26,3918,859,447,0
124,26,3918,876,345,-361
124,26,3920,890,287,-408
124,26,3922,858,447,22
124,26,3922,859,421,0
124,26,3923,842,495,36
124,26,3924,834,0,500
124,26,3924,835,0,500
124,26,3924,837,0,500
124,26,3924,844,98,184
124,26,3925,859,421,0
124,26,3925,901,361,-345
124,26,3926,851,406,-112
124,26,3928,845,213,142
124,26,3928,850,385,-86
124,26,3928,893,355,-225
124,26,3929,843,104,0
124,26,3929,857,390,58
124,26,3929,876,299,-366
124,26,3929,877,299,-366
124,26,3929,879,345,-361
124,26,3929,883,345,-361
124,26,3930,894,224,-447
124,26,3931,843,261,0
124,26,3931,859,369,18
124,26,3931,872,300,-332
124,26,3931,873,291,-339
124,26,3932,859,369,0
124,26,3932,861,115,-110
124,26,3932,872,291,-339
124,26,3933,877,361,-345
124,26,3934,843,300,0
124,26,3935,874,262,-394
124,26,3935,875,262,-394
124,26,3935,890,335,-371
124,26,3936,884,140,-155
124,26,3937,860,316,7
124,26,3937,869,250,-339
124,26,3937,870,-316,386
124,26,3937,875,230,-384
124,26,3938,843,238,0
124,26,3938,865,115,-141
124,26,3938,872,248,-372
124,26,3938,879,129,428
124,26,3939,843,155,-23
124,26,3939,843,209,0
124,26,3940,846,232,-52
124,26,3940,863,94,-90
124,26,3940,866,77,-74
124,26,3940,870,225,-355
124,26,3940,878,361,-345
124,26,3940,887,361,-345
124,26,3942,884,167,-470
124,26,3942,887,156,-474
124,26,3942,905,156,-474
124,26,3942,934,132,-482
124,26,3943,889,132,-482
124,26,3943,917,277,-416
124,26,3943,930,132,-482
124,26,3943,932,156,-474
124,26,3944,873,171,-385
124,26,3944,877,150,-421
124,26,3944,896,175,-292
124,26,3945,877,139,-425
124,26,3945,883,125,-457
124,26,3946,885,114,-459
124,26,3946,902,121,-484
124,26,3946,908,139,-425
124,26,3946,930,121,-484
124,26,3947,878,108,-433
124,26,3947,879,108,-433
124,26,3947,880,108,-433
124,26,3947,887,108,-433
124,26,3947,889,108,-433
124,26,3947,892,108,-433
124,26,3947,931,132,-482
124,26,3947,933,132,-482
124,26,3947,934,132,-482
124,26,3947,935,121,-484
124,26,3947,936,121,-484
124,26,3949,894,108,-433
124,26,3950,881,166,166
124,26,3950,910,285,-135
124,26,3951,857,-329,-219
124,26,3951,863,-307,-205
124,26,3952,863,-305,-203
124,26,3952,865,-283,-189
124,26,3952,867,-283,-189
124,26,3952,878,-169,69
124,26,3953,866,-239,-159
124,26,3954,844,-125,-233
124,26,3955,855,-86,-162
124,26,3956,876,211,394
124,26,3956,876,223,417
124,26,3956,877,43,28
124,26,3956,877,74,138
124,26,3956,877,152,101
124,26,3956,877,211,394
124,26,3956,878,0,0
124,26,3956,879,43,28
124,26,3956,880,0,0
124,26,3956,881,0,0
124,26,3956,883,12,23
124,26,3956,884,21,14
124,26,3956,887,24,-10
124,26,3956,888,24,-10
124,26,3956,889,24,-10
124,26,3956,890,0,0
124,26,3956,890,16,-20
124,26,3956,899,0,-183
124,26,3956,900,0,-26
124,26,3956,935,0,-500
124,26,3956,936,0,-500
124,26,3958,878,248,-89
124,26,3961,926,-68,-225
124,26,3962,878,149,249
124,26,3972,897,291,226
124,26,3988,897,0,-290
124,26,3994,776,369,246
124,26,3994,780,457,203
124,26,3996,776,0,500
124,26,3997,789,-21,421
124,26,4004,773,212,451
124,26,4004,773,224,447
124,26,4004,788,435,246
124,26,4004,788,478,144
124,26,4007,770,109,488
124,26,4009,788,262,0
124,26,4012,786,-23,447
124,26,4018,776,386,316
124,26,4021,780,451,212
124,26,4056,792,-179,380
124,26,4061,780,148,449
124,27,3896,907,500,25
124,27,3898,904,500,0
124,27,3902,858,500,11
124,27,3904,921,392,0
124,27,3905,928,457,-34
124,27,3906,908,498,37
124,27,3906,928,444,-33
124,27,3907,924,392,0
124,27,3907,924,500,0
124,27,3907,925,429,0
124,27,3907,926,414,-21
124,27,3907,926,414,0
124,27,3907,928,457,-34
124,27,3908,921,418,0
124,27,3908,922,418,0
124,27,3908,925,500,0
124,27,3908,926,416,-31
124,27,3908,926,418,-21
124,27,3908,926,418,0
124,27,3908,927,416,-31
124,27,3908,927,418,-21
124,27,3908,927,418,0
124,27,3908,927,433,-10
124,27,3908,929,340,-325
124,27,3908,930,340,-325
124,27,3908,931,340,-325
124,27,3908,932,340,-325
124,27,3908,932,492,-85
124,27,3908,933,340,-325
124,27,3908,935,340,-325
124,27,3908,936,340,-325
124,27,3908,937,340,-325
124,27,3908,938,340,-325
124,27,3908,939,340,-325
124,27,3908,940,332,-333
124,27,3908,940,340,-325
124,27,3909,923,418,0
124,27,3909,925,418,0
124,27,3909,926,416,-31
124,27,3909,926,418,-21
124,27,3909,926,418,0
124,27,3909,927,418,-21
124,27,3909,927,418,0
124,27,3909,928,457,-34
124,27,3909,928,470,-46
124,27,3909,928,470,-35
124,27,3909,928,471,-46
124,27,3909,930,494,-74
124,27,3910,840,494,74
124,27,3910,924,418,0
124,27,3910,925,471,0
124,27,3910,926,418,-21
124,27,3910,926,418,0
124,27,3910,927,418,-21
124,27,3910,927,444,-33
124,27,3910,943,343,-359
124,27,3911,924,418,0
124,27,3911,924,500,0
124,27,3911,925,418,-10
124,27,3911,925,418,0
124,27,3911,926,418,0
124,27,3911,926,440,0
124,27,3911,927,351,-351
124,27,3911,927,418,0
124,27,3911,928,351,-351
124,27,3911,928,418,0
124,27,3911,928,470,-35
124,27,3911,929,351,-351
124,27,3911,929,418,0
124,27,3911,929,485,0
124,27,3911,931,351,-351
124,27,3911,932,351,-351
124,27,3911,933,351,-351
124,27,3911,934,351,-351
124,27,3912,886,345,361
124,27,3912,925,471,0
124,27,3912,939,382,-229
124,27,3913,925,444,0
124,27,3913,925,497,0
124,27,3913,927,444,-10
124,27,3913,939,397,-252
124,27,3913,940,369,-246
124,27,3913,943,353,-353
124,27,3914,927,444,0
124,27,3915,904,361,-345
124,27,3915,905,361,-345
124,27,3915,906,361,-345
124,27,3915,907,361,-345
124,27,3915,908,361,-345
124,27,3915,909,361,-345
124,27,3915,910,361,-345
124,27,3915,911,361,-345
124,27,3915,912,361,-345
124,27,3915,913,361,-345
124,27,3915,914,361,-345
124,27,3915,915,361,-345
124,27,3915,916,361,-345
124,27,3915,917,361,-345
124,27,3915,918,361,-345
124,27,3915,919,361,-345
124,27,3915,920,361,-345
124,27,3915,921,361,-345
124,27,3915,922,361,-345
124,27,3915,923,361,-345
124,27,3915,924,361,-345
124,27,3915,925,361,-345
124,27,3915,926,361,-345
124,27,3915,928,361,-345
124,27,3915,929,361,-345
124,27,3915,930,361,-345
124,27,3915,931,361,-345
124,27,3915,932,361,-345
124,27,3915,933,361,-345
124,27,3915,945,361,-345
124,27,3916,935,335,-371
124,27,3917,924,494,74
124,27,3918,859,447,0
124,27,3918,929,353,-353
124,27,3918,945,353,-353
124,27,3919,918,353,-353
124,27,3919,932,500,0
124,27,3920,934,471,0
124,27,3922,897,361,-345
124,27,3922,898,361,-345
124,27,3922,909,353,-353
124,27,3922,926,361,-345
124,27,3922,933,500,0
124,27,3922,947,361,-345
124,27,3923,926,497,-11
124,27,3923,928,335,-371
124,27,3924,832,0,500
124,27,3924,837,0,500
124,27,3924,843,0,500
124,27,3924,843,488,109
124,27,3924,918,424,-140
124,27,3924,926,497,-11
124,27,3925,903,345,-361
124,27,3925,936,497,0
124,27,3925,937,497,0
124,27,3925,938,497,0
124,27,3926,843,161,301
124,27,3926,910,345,-361
124,27,3930,939,500,0
124,27,3930,940,500,0
124,27,3933,843,500,0
124,27,3933,917,341,-141
124,27,3933,948,326,-378
124,27,3935,941,500,0
124,27,3937,853,317,234
124,27,3938,868,201,427
124,27,3940,884,136,-158
124,27,3940,935,500,0
124,27,3940,938,500,0
124,27,3943,936,179,-380
124,27,3945,936,161,-390
124,27,3945,944,136,-453
124,27,3947,937,121,-403
124,27,3947,938,121,-403
124,27,3948,933,114,-378
124,27,3952,941,66,-442
124,27,3953,912,153,-307
124,27,3953,915,-144,-68
124,27,3955,908,-121,99
124,27,3956,910,387,-77
124,27,3956,919,16,-20
124,27,3956,926,0,-26
124,27,3956,941,0,-447
124,27,3957,908,279,-197
124,27,3958,909,65,170
124,27,3958,909,155,140
124,27,3958,911,-10,209
124,27,3958,911,61,172
124,27,3958,916,25,2
124,27,3959,916,-130,0
124,27,3960,908,226,136
124,27,3960,916,-26,0
124,27,3960,916,-23,-12
124,27,3960,916,-14,21
124,27,3960,916,0,0
124,27,3961,916,-134,163
124,27,3961,916,-45,64
124,27,3961,916,0,0
124,27,3962,909,182,191
124,27,3962,910,149,249
124,27,3962,916,-45,64
124,27,3962,916,-23,-12
124,27,3962,916,0,0
124,27,3963,916,-42,66
124,27,3963,916,-26,0
124,27,3963,916,-23,-12
124,27,3963,916,-23,10
124,27,3963,916,-7,51
124,27,3963,916,0,0
124,27,3964,915,136,453
124,27,3964,916,-313,139
124,27,3964,916,-62,83
124,27,3964,916,-26,1
124,27,3964,916,-25,500
124,27,3964,916,212,451
124,27,3964,916,428,129
124,27,3965,909,-167,159
124,27,3966,916,-26,0
124,27,3968,908,-117,45
124,27,3969,908,-99,-12
124,27,3970,910,-137,151
124,27,3976,914,250,-141
124,29,3895,926,500,0
124,29,3896,925,500,0
124,29,3896,929,405,-30
124,29,3897,925,497,0
124,29,3897,929,405,-30
124,29,3897,930,417,-31
124,29,3898,925,500,0
124,29,3898,958,392,19
124,29,3898,971,369,0
124,29,3899,924,340,0
124,29,3899,926,340,0
124,29,3899,926,361,0
124,29,3899,927,340,0
124,29,3899,928,340,0
124,29,3899,929,340,0
124,29,3899,930,340,0
124,29,3899,931,340,0
124,29,3899,932,340,0
124,29,3899,933,340,0
124,29,3899,934,340,0
124,29,3899,935,340,0
124,29,3899,936,340,0
124,29,3899,937,340,0
124,29,3899,938,340,0
124,29,3899,939,340,0
124,29,3899,940,340,0
124,29,3899,941,340,0
124,29,3899,942,340,0
124,29,3899,943,340,0
124,29,3899,944,340,0
124,29,3899,945,340,0
124,29,3899,946,340,0
124,29,3899,947,340,0
124,29,3899,948,340,0
124,29,3899,949,340,0
124,29,3899,950,340,0
124,29,3899,951,340,0
124,29,3899,952,340,0
124,29,3899,953,340,0
124,29,3899,954,340,0
124,29,3899,955,340,0
124,29,3899,956,340,0
124,29,3899,957,340,0
124,29,3899,958,340,0
124,29,3899,959,340,0
124,29,3899,960,340,0
124,29,3899,961,340,0
124,29,3899,962,340,0
124,29,3899,963,340,0
124,29,3899,964,340,0
124,29,3899,964,361,0
124,29,3899,965,340,0
124,29,3899,966,340,0
124,29,3899,967,340,0
124,29,3899,968,340,0
124,29,3899,969,340,0
124,29,3899,970,340,0
124,29,3899,971,340,0
124,29,3899,971,369,0
124,29,3900,922,366,18
124,29,3900,925,366,0
124,29,3900,926,366,0
124,29,3900,927,366,-8
124,29,3900,945,354,0
124,29,3900,964,340,0
124,29,3900,964,361,0
124,29,3900,971,395,0
124,29,3900,973,366,0
124,29,3900,974,366,0
124,29,3901,922,391,28
124,29,3901,925,366,0
124,29,3901,925,369,0
124,29,3901,926,366,-8
124,29,3901,926,366,0
124,29,3901,927,366,0
124,29,3901,928,366,0
124,29,3901,928,431,-32
124,29,3901,964,366,0
124,29,3901,964,369,0
124,29,3901,974,366,0
124,29,3901,975,366,0
124,29,3902,925,444,0
124,29,3902,926,366,-8
124,29,3902,926,366,0
124,29,3902,927,366,-8
124,29,3902,964,366,0
124,29,3903,912,462,191
124,29,3903,925,418,0
124,29,3903,925,444,0
124,29,3903,928,366,0
124,29,3903,944,366,0
124,29,3903,952,366,0
124,29,3903,963,366,0
124,29,3903,964,366,0
124,29,3903,966,366,0
124,29,3903,980,366,0
124,29,3903,983,366,0
124,29,3903,983,500,0
124,29,3903,984,366,0
124,29,3904,924,471,10
124,29,3904,925,471,0
124,29,3904,973,392,0
124,29,3904,974,392,0
124,29,3905,925,471,0
124,29,3905,926,392,0
124,29,3906,925,471,0
124,29,3906,964,392,0
124,29,3906,982,392,0
124,29,3907,923,496,60
124,29,3907,964,392,0
124,29,3907,964,414,0
124,29,3907,988,392,0
124,29,3908,996,353,-353
124,29,3908,996,361,-345
124,29,3910,992,358,-344
124,29,3910,993,351,-351
124,29,3911,924,418,9
124,29,3911,960,418,0
124,29,3911,968,418,0
124,29,3911,991,418,0
124,29,3911,992,353,-353
124,29,3911,992,418,0
124,29,3912,964,440,0
124,29,3913,989,353,-353
124,29,3915,985,361,-345
124,29,3915,988,353,-353
124,29,3915,989,353,-353
124,29,3916,960,444,0
124,29,3916,961,444,0
124,29,3916,962,444,0
124,29,3916,964,444,0
124,29,3916,965,444,0
124,29,3916,966,444,0
124,29,3916,967,444,0
124,29,3916,968,444,0
124,29,3916,969,444,0
124,29,3916,970,444,0
124,29,3916,971,444,0
124,29,3916,994,444,0
124,29,3916,997,444,0
124,29,3918,925,473,0
124,29,3920,999,471,0
124,29,3922,925,447,0
124,29,3925,925,421,0
124,29,3925,965,444,0
124,29,3925,971,444,0
124,29,3925,1001,497,0
124,29,3928,925,395,0
124,29,3929,960,418,0
124,29,3929,962,418,0
124,29,3929,966,418,0
124,29,3929,969,418,0
124,29,3930,1003,500,0
124,29,3931,922,314,0
124,29,3932,925,369,0
124,29,3935,932,290,0
124,29,3935,938,261,0
124,29,3937,928,197,0
124,29,3938,963,115,-141
124,29,3938,964,132,-126
124,29,3939,926,130,0
124,29,3939,960,180,26
124,29,3940,926,104,0
124,29,3940,928,145,0
124,29,3941,881,181,408
124,29,3942,933,185,0
124,29,3943,879,150,421
124,29,3946,900,-419,-31
124,29,3946,1004,139,-425
124,29,3948,892,224,447
124,29,3950,972,-258,38
124,29,3953,981,21,286
124,29,3954,981,21,286
124,29,3955,918,-86,-162
124,29,3955,972,-121,99
124,29,3955,973,-153,33
124,29,3956,905,26,-1
124,29,3956,914,0,-235
124,29,3956,915,0,-130
124,29,3956,915,0,-78
124,29,3956,985,326,217
124,29,3957,907,349,-233
124,29,3957,908,86,-162
124,29,3957,908,223,-260
124,29,3957,910,111,-208
124,29,3957,912,74,-138
124,29,3957,913,74,-138
124,29,3957,914,0,-78
124,29,3957,914,74,-138
124,29,3957,915,24,-46
124,29,3957,973,0,78
124,29,3958,907,195,-130
124,29,3958,911,152,-101
124,29,3958,972,118,102
124,29,3958,973,65,170
124,29,3958,975,20,208
124,29,3959,909,152,-101
124,29,3959,910,152,-101
124,29,3959,911,152,-101
124,29,3959,911,173,-116
124,29,3959,972,121,99
124,29,3959,980,0,0
124,29,3960,908,217,-145
124,29,3960,980,-23,-12
124,29,3960,980,0,0
124,29,3961,974,57,173
124,29,3963,907,0,0
124,29,3963,908,392,47
124,29,3963,992,164,-128
124,29,3964,980,-25,-46
124,29,3966,980,-10,51
124,29,3972,911,303,75
124,29,3975,907,0,0
124,29,3981,907,-25,-207
124,29,3982,907,0,0
124,29,3983,907,-44,-363
124,29,3984,907,0,0
124,29,3984,907,7,24
124,29,3985,908,105,-295
124,29,3986,907,-22,13
124,29,3986,907,99,-32
124,29,3988,907,0,0
124,29,3988,908,0,0
124,29,3988,912,6,25
124,29,3988,912,16,19
124,29,3988,915,115,-62
124,31,3895,1027,447,0
124,31,3896,1027,500,0
124,31,3897,1027,500,0
124,31,3897,1030,500,-25
124,31,3898,983,500,0
124,31,3898,1020,500,0
124,31,3898,1027,340,0
124,31,3898,1027,444,0
124,31,3898,1027,500,0
124,31,3899,980,340,0
124,31,3899,981,340,0
124,31,3899,982,340,0
124,31,3899,983,340,0
124,31,3899,984,340,0
124,31,3899,985,340,0
124,31,3899,986,340,0
124,31,3899,987,340,0
124,31,3899,988,340,0
124,31,3899,989,340,0
124,31,3899,990,340,0
124,31,3899,991,340,0
124,31,3899,992,340,0
124,31,3899,993,340,0
124,31,3899,994,340,0
124,31,3899,995,340,0
124,31,3899,996,340,0
124,31,3899,997,340,0
124,31,3899,998,340,0
124,31,3899,999,340,0
124,31,3899,1000,340,0
124,31,3899,1001,340,0
124,31,3899,1002,340,0
124,31,3899,1003,340,0
124,31,3899,1004,340,0
124,31,3899,1005,340,0
124,31,3899,1006,340,0
124,31,3899,1007,340,0
124,31,3899,1008,340,0
124,31,3899,1009,340,0
124,31,3899,1010,340,0
124,31,3899,1011,340,0
124,31,3899,1012,340,0
124,31,3899,1013,340,0
124,31,3899,1014,340,0
124,31,3899,1015,340,0
124,31,3899,1016,340,0
124,31,3899,1017,340,0
124,31,3899,1018,340,0
124,31,3899,1019,340,0
124,31,3899,1020,340,0
124,31,3899,1021,340,0
124,31,3899,1022,340,0
124,31,3899,1023,340,0
124,31,3899,1024,340,0
124,31,3899,1025,340,0
124,31,3899,1025,340,17
124,31,3899,1026,340,0
124,31,3899,1026,340,7
124,31,3899,1027,340,0
124,31,3899,1027,366,0
124,31,3899,1027,392,0
124,31,3899,1030,364,-27
124,31,3899,1030,366,-18
124,31,3899,1039,482,-132
124,31,3900,1022,366,-8
124,31,3900,1023,366,-18
124,31,3900,1024,471,-46
124,31,3900,1024,498,-48
124,31,3900,1027,340,0
124,31,3900,1027,395,0
124,31,3900,1028,366,0
124,31,3900,1029,366,-8
124,31,3900,1031,366,0
124,31,3901,1023,366,-18
124,31,3901,1024,366,0
124,31,3901,1025,366,8
124,31,3901,1038,470,-167
124,31,3902,1025,366,8
124,31,3902,1027,418,0
124,31,3902,1029,392,-9
124,31,3902,1029,498,-37
124,31,3902,1030,391,-29
124,31,3902,1030,392,-20
124,31,3903,971,366,0
124,31,3903,972,366,0
124,31,3903,980,366,0
124,31,3903,986,366,0
124,31,3903,989,366,0
124,31,3903,992,366,0
124,31,3903,1002,366,0
124,31,3903,1006,366,0
124,31,3903,1014,366,0
124,31,3903,1019,366,0
124,31,3903,1020,366,0
124,31,3903,1021,366,0
124,31,3903,1025,366,0
124,31,3903,1027,366,0
124,31,3903,1027,500,0
124,31,3903,1028,387,0
124,31,3904,971,366,0
124,31,3904,973,392,-20
124,31,3904,973,392,-9
124,31,3904,974,392,0
124,31,3904,1027,471,0
124,31,3904,1033,386,-67
124,31,3904,1038,482,-132
124,31,3905,973,392,-20
124,31,3905,973,392,-9
124,31,3905,1024,392,0
124,31,3905,1025,392,8
124,31,3905,1027,500,0
124,31,3905,1037,470,-167
124,31,3906,1025,392,8
124,31,3906,1027,500,0
124,31,3907,964,392,0
124,31,3907,964,414,0
124,31,3907,1027,500,0
124,31,3907,1029,416,-31
124,31,3908,1027,444,0
124,31,3908,1029,418,-21
124,31,3910,945,429,257
124,31,3910,958,345,361
124,31,3910,958,358,343
124,31,3910,959,358,343
124,31,3910,960,351,351
124,31,3910,964,418,0
124,31,3911,959,345,361
124,31,3911,959,418,0
124,31,3911,960,353,353
124,31,3911,962,358,343
124,31,3911,963,358,343
124,31,3911,964,418,0
124,31,3911,979,358,343
124,31,3911,980,358,343
124,31,3911,1026,418,0
124,31,3911,1027,418,0
124,31,3912,957,335,371
124,31,3913,948,404,242
124,31,3916,955,444,0
124,31,3916,958,444,0
124,31,3916,1024,444,0
124,31,3916,1025,444,0
124,31,3916,1026,444,0
124,31,3916,1026,444,22
124,31,3916,1027,444,0
124,31,3917,1027,447,0
124,31,3918,975,353,353
124,31,3919,1027,471,0
124,31,3920,954,471,0
124,31,3920,1027,500,0
124,31,3922,1025,392,0
124,31,3925,951,497,0
124,31,3925,1027,421,0
124,31,3928,1064,335,-371
124,31,3929,1024,390,-58
124,31,3929,1027,418,0
124,31,3932,1027,369,0
124,31,3935,947,500,0
124,31,3935,1032,261,0
124,31,3937,987,171,164
124,31,3939,1025,130,0
124,31,3940,982,104,0
124,31,3940,983,104,0
124,31,3940,984,104,0
124,31,3940,1024,104,0
124,31,3942,1000,104,0
124,31,3944,950,-351,144
124,31,3945,990,183,0
124,31,3946,964,-419,-31
124,31,3949,958,-312,-30
124,31,3950,963,297,-298
124,31,3950,976,-183,-225
124,31,3950,976,-183,-223
124,31,3952,975,-316,-386
124,31,3954,979,-235,23
124,31,3954,1034,-200,39
124,31,3955,1005,-86,-162
124,31,3955,1008,-86,-162
124,31,3955,1011,-86,-162
124,31,3956,971,0,209
124,31,3956,973,-107,-213
124,31,3956,977,406,111
124,31,3956,979,0,-130
124,31,3956,979,43,-29
124,31,3956,979,46,-25
124,31,3957,971,-78,-1
124,31,3957,976,74,-138
124,31,3957,977,61,-115
124,31,3957,977,74,-138
124,31,3957,978,74,-138
124,31,3958,971,60,-496
124,31,3958,971,173,-93
124,31,3958,973,-31,207
124,31,3958,975,111,-208
124,31,3958,975,152,-101
124,31,3958,976,-10,-209
124,31,3958,977,28,-289
124,31,3958,979,23,-12
124,31,3959,973,152,-101
124,31,3959,979,23,-12
124,31,3960,971,-117,-58
124,31,3960,971,-37,-498
124,31,3960,971,-26,0
124,31,3960,971,0,0
124,31,3960,971,144,-478
124,31,3960,973,208,-20
124,31,3960,975,175,-263
124,31,3960,979,23,-12
124,31,3961,971,-26,-2
124,31,3961,971,0,0
124,31,3961,971,0,209
124,31,3961,973,28,-289
124,31,3961,978,73,-110
124,31,3961,1036,-7,78
124,31,3962,971,-208,-138
124,31,3962,971,-57,-470
124,31,3962,971,-45,-64
124,31,3962,972,-144,-117
124,31,3962,972,-25,-5
124,31,3962,972,0,0
124,31,3962,972,43,-446
124,31,3962,975,248,-372
124,31,3963,971,15,76
124,31,3963,971,99,32
124,31,3963,972,151,41
124,31,3963,978,348,-187
124,31,3964,971,-165,-78
124,31,3964,972,-95,-247
124,31,3964,972,176,48
124,31,3964,973,176,48
124,31,3966,973,271,-387
124,31,3973,971,-26,1
124,31,3976,972,51,-230
124,31,3980,971,25,6
124,31,3986,971,0,0
124,31,3986,971,25,5
124,31,3988,971,0,0
124,31,3988,976,69,110
124,31,3988,979,115,-62
124,33,3896,1092,500,0
124,33,3898,1044,500,0
124,33,3898,1058,500,0
124,33,3898,1088,500,0
124,33,3900,1031,347,114
124,33,3901,1029,344,123
124,33,3901,1036,341,131
124,33,3901,1039,372,122
124,33,3902,1029,344,123
124,33,3902,1032,500,0
124,33,3902,1039,372,122
124,33,3902,1043,492,-85
124,33,3903,1031,372,122
124,33,3903,1032,500,0
124,33,3903,1034,358,159
124,33,3903,1035,358,159
124,33,3903,1088,500,0
124,33,3903,1093,498,48
124,33,3904,1036,363,150
124,33,3904,1039,485,108
124,33,3905,1027,500,0
124,33,3906,1026,392,0
124,33,3906,1027,392,0
124,33,3906,1027,418,0
124,33,3906,1030,359,215
124,33,3906,1033,418,0
124,33,3906,1040,394,140
124,33,3906,1040,397,130
124,33,3906,1051,457,203
124,33,3907,1027,392,0
124,33,3907,1027,418,0
124,33,3907,1027,444,0
124,33,3907,1028,414,0
124,33,3907,1030,418,0
124,33,3907,1031,418,-21
124,33,3907,1128,371,-335
124,33,3908,1027,392,0
124,33,3908,1027,418,0
124,33,3908,1027,444,0
124,33,3908,1027,500,0
124,33,3908,1028,414,0
124,33,3908,1029,414,0
124,33,3908,1029,418,-21
124,33,3908,1038,387,160
124,33,3908,1046,470,167
124,33,3908,1113,482,-132
124,33,3908,1115,462,-191
124,33,3909,1025,418,21
124,33,3909,1026,418,21
124,33,3909,1027,418,0
124,33,3909,1027,444,0
124,33,3909,1027,500,0
124,33,3909,1116,361,-345
124,33,3910,1025,418,21
124,33,3910,1026,418,0
124,33,3910,1026,418,21
124,33,3910,1027,471,0
124,33,3910,1027,500,0
124,33,3910,1028,418,0
124,33,3911,1014,358,343
124,33,3911,1015,358,343
124,33,3911,1016,358,343
124,33,3911,1017,358,343
124,33,3911,1018,358,343
124,33,3911,1019,358,343
124,33,3911,1020,358,343
124,33,3911,1021,358,343
124,33,3911,1022,358,343
124,33,3911,1023,358,343
124,33,3911,1023,418,0
124,33,3911,1024,358,343
124,33,3911,1024,418,0
124,33,3911,1025,358,343
124,33,3911,1026,358,343
124,33,3911,1027,358,343
124,33,3911,1027,418,0
124,33,3911,1027,444,0
124,33,3911,1029,358,343
124,33,3911,1030,358,343
124,33,3911,1031,358,343
124,33,3911,1033,358,343
124,33,3911,1034,358,343
124,33,3911,1035,358,343
124,33,3911,1037,358,343
124,33,3911,1038,358,343
124,33,3911,1041,358,343
124,33,3911,1042,358,343
124,33,3912,1007,353,353
124,33,3912,1015,406,180
124,33,3912,1120,500,0
124,33,3913,1008,353,353
124,33,3913,1008,391,260
124,33,3913,1009,361,345
124,33,3913,1010,353,353
124,33,3913,1027,471,0
124,33,3913,1087,471,35
124,33,3914,1024,444,0
124,33,3914,1024,444,10
124,33,3914,1025,444,0
124,33,3914,1027,500,0
124,33,3914,1033,490,-97
124,33,3914,1121,361,-345
124,33,3915,1009,353,353
124,33,3915,1009,400,294
124,33,3915,1031,453,136
124,33,3915,1032,353,353
124,33,3915,1034,353,353
124,33,3915,1037,353,353
124,33,3916,1020,444,0
124,33,3916,1021,444,0
124,33,3916,1023,496,-60
124,33,3917,1116,438,-181
124,33,3918,1020,500,0
124,33,3918,1022,471,-24
124,33,3920,1018,471,0
124,33,3920,1020,471,0
124,33,3924,1026,495,36
124,33,3924,1026,497,11
124,33,3924,1031,500,25
124,33,3925,1014,497,0
124,33,3925,1015,497,0
124,33,3925,1058,345,361
124,33,3927,1038,387,76
124,33,3927,1044,395,0
124,33,3927,1052,395,0
124,33,3929,1049,340,-17
124,33,3932,1005,345,361
124,33,3932,1006,345,361
124,33,3932,1037,355,98
124,33,3935,1011,500,0
124,33,3935,1019,500,0
124,33,3935,1049,212,100
124,33,3935,1052,316,0
124,33,3935,1060,316,0
124,33,3940,1059,169,162
124,33,3940,1125,351,-318
124,33,3943,1130,181,-409
124,33,3944,987,144,478
124,33,3945,1007,129,428
124,33,3945,1028,-421,-10
124,33,3945,1128,161,-390
124,33,3945,1135,89,-273
124,33,3946,1027,-419,-31
124,33,3946,1130,141,-396
124,33,3947,1032,185,0
124,33,3947,1032,239,206
124,33,3947,1037,-208,-254
124,33,3948,1016,114,378
124,33,3948,1020,123,347
124,33,3948,1038,-390,-161
124,33,3948,1038,-198,-242
124,33,3949,1020,106,353
124,33,3949,1023,-314,-30
124,33,3949,1026,-287,-28
124,33,3950,1040,-183,-223
124,33,3951,1117,0,-209
124,33,3952,1039,-149,-182
124,33,3952,1136,302,-289
124,33,3953,1037,408,181
124,33,3954,1034,-154,-98
124,33,3955,1042,56,146
124,33,3956,1025,0,26
124,33,3956,1025,0,52
124,33,3956,1026,248,372
124,33,3956,1029,-74,-138
124,33,3956,1029,3,25
124,33,3956,1030,9,24
124,33,3956,1031,2,25
124,33,3956,1034,243,154
124,33,3956,1036,0,130
124,33,3956,1040,396,141
124,33,3956,1042,0,-262
124,33,3956,1043,0,-130
124,33,3956,1043,46,-22
124,33,3956,1118,0,-157
124,33,3957,1035,-5,-235
124,33,3957,1040,161,-132
124,33,3957,1041,-3,-130
124,33,3957,1041,74,-138
124,33,3957,1042,74,-138
124,33,3957,1043,94,-50
124,33,3958,1035,-185,0
124,33,3958,1035,6,-276
124,33,3958,1036,0,157
124,33,3958,1038,152,-101
124,33,3958,1039,152,-101
124,33,3958,1043,0,-52
124,33,3958,1043,128,-25
124,33,3959,1035,-130,0
124,33,3959,1035,-115,-62
124,33,3959,1035,-23,11
124,33,3959,1035,-16,-314
124,33,3959,1036,221,-16
124,33,3959,1037,-17,-234
124,33,3959,1038,149,-105
124,33,3959,1038,152,-101
124,33,3959,1039,-15,-208
124,33,3959,1039,-10,-209
124,33,3959,1041,288,35
124,33,3959,1043,92,-49
124,33,3960,1035,-162,-86
124,33,3960,1035,-26,0
124,33,3960,1035,-23,12
124,33,3960,1035,0,0
124,33,3960,1039,175,-263
124,33,3960,1043,23,-12
124,33,3961,1034,21,-287
124,33,3961,1035,-26,0
124,33,3961,1036,-26,0
124,33,3961,1036,10,-447
124,33,3961,1037,-23,-234
124,33,3961,1041,151,-144
124,33,3961,1042,123,-101
124,33,3961,1042,198,-132
124,33,3961,1043,268,-111
124,33,3961,1043,298,-106
124,33,3961,1127,321,-307
124,33,3962,1035,-164,-82
124,33,3962,1035,-130,0
124,33,3962,1035,-23,12
124,33,3962,1036,43,-446
124,33,3962,1042,294,-176
124,33,3963,1023,161,132
124,33,3963,1035,-130,0
124,33,3963,1038,228,57
124,33,3963,1040,187,-255
124,33,3963,1042,348,-187
124,33,3963,1043,-312,30
124,33,3964,1035,-121,-50
124,33,3964,1035,-98,-37
124,33,3964,1035,-25,-500
124,33,3964,1035,-22,13
124,33,3964,1038,190,-317
124,33,3965,1035,-82,-64
124,33,3965,1035,-26,2
124,33,3965,1035,-22,13
124,33,3965,1035,-12,22
124,33,3965,1035,300,-332
124,33,3966,1017,339,-292
124,33,3966,1028,195,130
124,33,3966,1035,-82,-64
124,33,3966,1035,-21,14
124,33,3966,1035,0,0
124,33,3966,1035,23,11
124,33,3966,1035,26,0
124,33,3966,1035,53,-57
124,33,3966,1035,74,-24
124,33,3966,1035,226,-323
124,33,3966,1038,198,-372
124,33,3966,1038,250,305
124,33,3967,1035,-26,3
124,33,3967,1040,-18,-185
124,33,3968,1035,-21,15
124,33,3968,1035,24,8
124,33,3968,1036,0,157
124,33,3968,1039,-74,-226
124,33,3969,1035,-54,-57
124,33,3969,1035,23,11
124,33,3969,1035,25,3
124,33,3969,1043,125,37
124,33,3970,1043,-130,86
124,33,3971,1039,-91,-220
124,33,3972,1039,278,-69
124,33,3973,1028,234,-212
124,33,3973,1035,121,-293
124,33,3974,1035,-23,-188
124,33,3975,1039,-65,-43
124,33,3976,1022,266,255
124,33,3976,1036,-168,124
124,33,3976,1038,51,-230
124,33,3976,1042,101,-152
124,33,3978,1123,312,-283
124,33,3979,1026,421,-10
124,33,3979,1121,319,-275
124,33,3980,1039,30,-207
124,33,3981,1036,-41,-205
124,33,3982,1118,305,-250
124,33,3983,1036,-169,69
124,33,3983,1036,98,-325
124,33,3984,1035,20,16
124,33,3987,1035,0,0
124,33,3988,1019,0,104
124,33,3988,1037,147,-57
124,33,3988,1038,135,123
124,33,3988,1039,56,146
124,33,3988,1039,85,98
124,33,3989,1143,361,-345
124,33,3996,1137,0,-473
124,33,4002,1138,0,-264
124,33,4008,1141,0,-473
124,33,4028,1141,0,-473
125,28,3933,952,442,-43
125,28,3936,905,498,48
125,28,3936,906,498,37
125,28,3938,925,488,109
125,28,3939,925,500,0
125,28,3940,869,474,156
125,28,3940,900,500,0
125,28,3940,901,470,167
125,28,3940,922,466,-179
125,28,3940,922,470,-167
125,28,3940,924,361,-345
125,28,3940,924,451,-212
125,28,3940,925,492,-85
125,28,3940,925,500,0
125,28,3940,926,500,0
125,28,3940,927,500,0
125,28,3940,928,500,0
125,28,3941,860,345,361
125,28,3941,892,361,345
125,28,3941,921,474,-156
125,28,3941,922,466,-179
125,28,3941,926,451,-212
125,28,3941,926,500,0
125,28,3941,927,500,0
125,28,3941,961,287,-408
125,28,3943,895,378,326
125,28,3943,925,361,-345
125,28,3943,929,345,-361
125,28,3943,931,326,-378
125,28,3943,959,361,-345
125,28,3944,907,432,-192
125,28,3944,922,441,-236
125,28,3944,930,326,-378
125,28,3945,919,488,-109
125,28,3945,920,470,-167
125,28,3945,932,287,-408
125,28,3946,929,306,-394
125,28,3946,932,500,0
125,28,3946,933,246,-435
125,28,3947,931,277,-416
125,28,3947,932,257,-429
125,28,3947,933,246,-435
125,28,3948,892,224,447
125,28,3948,933,224,-447
125,28,3949,891,203,457
125,28,3949,904,451,212
125,28,3950,893,203,457
125,28,3950,893,224,447
125,28,3950,924,447,0
125,28,3950,926,447,0
125,28,3950,932,212,-451
125,28,3950,933,179,-466
125,28,3951,894,212,451
125,28,3951,930,156,-474
125,28,3951,930,167,-470
125,28,3951,932,167,-470
125,28,3951,948,437,-98
125,28,3953,894,109,488
125,28,3953,907,447,0
125,28,3953,929,85,-492
125,28,3953,929,109,-488
125,28,3954,901,447,0
125,28,3954,921,191,-462
125,28,3954,922,179,-466
125,28,3954,923,121,-484
125,28,3954,924,447,0
125,28,3954,925,447,0
125,28,3954,926,447,0
125,28,3954,932,447,0
125,28,3954,934,447,0
125,28,3954,939,447,0
125,28,3956,874,0,392
125,28,3956,900,0,500
125,28,3956,903,168,216
125,28,3956,906,112,223
125,28,3956,906,192,115
125,28,3956,924,248,-75
125,28,3956,925,0,-500
125,28,3956,925,37,-498
125,28,3956,926,0,-500
125,28,3956,948,406,-112
125,28,3956,961,377,-239
125,28,3957,908,421,0
125,28,3957,925,421,0
125,28,3957,933,421,0
125,28,3958,945,414,-72
125,28,3958,945,416,-62
125,28,3960,907,157,0
125,28,3960,910,393,-29
125,28,3960,912,390,58
125,28,3960,937,393,29
125,28,3960,952,389,-161
125,28,3960,954,371,-199
125,28,3961,912,390,58
125,28,3962,907,276,0
125,28,3962,916,104,0
125,28,3962,961,325,-266
125,28,3963,925,183,0
125,28,3964,919,183,0
125,28,3976,916,9,24
125,28,3977,908,11,-23
125,28,3980,916,0,0
125,28,3981,909,-177,44
125,28,3982,907,0,0
125,28,3982,912,94,-157
125,28,3984,916,0,0
125,28,3984,916,83,62
125,28,3985,907,-57,-112
125,28,3985,907,0,0
125,28,3985,907,130,-9
125,28,3985,907,151,-81
125,28,3986,907,-81,-66
125,28,3986,911,1,-78
125,28,3987,911,70,-198
125,28,3988,941,184,22
125,28,3988,968,0,-405
125,28,3988,980,224,-447
125,28,3991,940,117,62
125,28,4021,984,335,-371
125,28,4025,995,27,-367
125,28,4043,853,0,421
125,28,4048,835,-156,474
125,28,4049,835,-156,474
125,28,4081,981,-70,-468
125,30,3939,970,500,0
125,30,3940,959,500,0
125,30,3940,963,500,0
125,30,3940,964,361,345
125,30,3940,964,402,296
125,30,3940,964,435,246
125,30,3940,965,474,156
125,30,3940,967,500,0
125,30,3940,987,500,0
125,30,3940,988,500,0
125,30,3940,989,500,0
125,30,3940,991,500,0
125,30,3941,963,498,48
125,30,3941,1025,500,0
125,30,3943,964,494,74
125,30,3944,956,441,236
125,30,3944,991,441,-236
125,30,3944,992,371,-335
125,30,3944,994,500,0
125,30,3945,956,296,402
125,30,3946,984,451,-212
125,30,3947,997,277,-416
125,30,3948,987,386,-316
125,30,3948,995,441,-236
125,30,3949,997,191,-462
125,30,3950,964,447,0
125,30,3951,958,191,462
125,30,3951,994,156,-474
125,30,3952,958,167,470
125,30,3952,992,144,-478
125,30,3952,995,121,-484
125,30,3953,931,403,190
125,30,3953,956,109,488
125,30,3953,957,109,488
125,30,3953,958,121,484
125,30,3953,973,438,87
125,30,3953,993,121,-484
125,30,3953,994,109,-488
125,30,3954,949,447,0
125,30,3954,952,447,0
125,30,3954,955,447,0
125,30,3954,957,447,0
125,30,3954,958,447,0
125,30,3954,960,447,0
125,30,3954,962,447,0
125,30,3954,964,121,484
125,30,3954,966,447,0
125,30,3954,968,447,0
125,30,3954,969,447,0
125,30,3954,970,447,0
125,30,3954,971,447,0
125,30,3954,972,447,0
125,30,3954,974,447,0
125,30,3954,975,447,0
125,30,3954,978,447,0
125,30,3954,981,447,0
125,30,3954,982,447,0
125,30,3954,985,191,-462
125,30,3954,986,179,-466
125,30,3954,989,447,0
125,30,3954,992,447,0
125,30,3954,993,447,0
125,30,3954,994,447,0
125,30,3954,999,447,0
125,30,3954,1003,447,0
125,30,3955,965,132,482
125,30,3955,986,132,-482
125,30,3956,962,0,500
125,30,3956,965,0,444
125,30,3956,988,248,-75
125,30,3956,989,0,-500
125,30,3957,932,403,190
125,30,3957,1018,403,-190
125,30,3958,942,414,72
125,30,3958,974,414,72
125,30,3958,974,416,62
125,30,3958,977,416,-62
125,30,3958,982,421,0
125,30,3958,988,421,0
125,30,3958,1009,414,-72
125,30,3959,971,183,0
125,30,3960,973,283,189
125,30,3960,976,175,-116
125,30,3962,967,368,141
125,30,3962,980,104,0
125,30,3962,1012,378,-114
125,30,3963,971,157,0
125,30,3963,971,183,0
125,30,3964,956,183,0
125,30,3964,981,183,0
125,30,3965,971,209,0
125,30,3967,921,266,325
125,30,3973,972,-138,74
125,30,3973,980,0,0
125,30,3975,980,25,5
125,30,3975,1016,250,-75
125,30,3977,971,153,-178
125,30,3977,971,222,0
125,30,3977,978,-275,-83
125,30,3977,980,19,16
125,30,3977,980,26,0
125,30,3978,964,235,0
125,30,3978,971,-10,-24
125,30,3978,971,21,-14
125,30,3978,972,21,-14
125,30,3979,971,-104,0
125,30,3979,971,0,0
125,30,3979,971,92,-49
125,30,3979,971,201,-60
125,30,3979,980,9,24
125,30,3979,1033,67,-225
125,30,3980,971,-13,-22
125,30,3980,980,0,0
125,30,3982,971,-78,0
125,30,3982,971,0,0
125,30,3982,976,108,-147
125,30,3982,977,250,-82
125,30,3982,979,-235,-12
125,30,3982,979,-75,-23
125,30,3983,971,-45,-257
125,30,3983,971,128,-90
125,30,3983,971,181,-22
125,30,3983,977,166,-166
125,30,3983,980,-255,57
125,30,3983,980,-198,125
125,30,3984,971,0,0
125,30,3984,980,-239,106
125,30,3984,980,0,0
125,30,3984,980,101,152
125,30,3985,980,-32,41
125,30,3985,980,-4,25
125,30,3985,980,56,53
125,30,3986,971,-63,-77
125,30,3986,977,-130,12
125,30,3987,971,101,-30
125,30,3987,976,-87,57
125,30,3987,1003,164,87
125,30,3988,1032,0,-157
125,30,3989,1006,15,158
125,30,3993,1042,-19,-260
125,30,4012,944,419,31
125,30,4073,939,140,70
125,32,3930,1044,500,0
125,32,3936,1029,482,132
125,32,3936,1032,498,48
125,32,3937,1031,490,97
125,32,3939,1027,500,0
125,32,3939,1028,369,131
125,32,3939,1032,496,60
125,32,3939,1032,500,0
125,32,3940,1000,500,0
125,32,3940,1024,500,0
125,32,3940,1025,361,345
125,32,3940,1027,500,0
125,32,3940,1028,361,345
125,32,3940,1028,466,179
125,32,3940,1028,474,156
125,32,3940,1028,500,0
125,32,3940,1051,406,-180
125,32,3940,1054,421,-267
125,32,3941,1024,500,11
125,32,3941,1025,500,0
125,32,3941,1030,474,156
125,32,3941,1051,457,-203
125,32,3942,1057,378,-326
125,32,3943,1019,326,378
125,32,3943,1022,361,345
125,32,3943,1024,378,326
125,32,3944,1019,441,236
125,32,3944,1020,441,236
125,32,3944,1021,441,236
125,32,3944,1022,441,236
125,32,3944,1029,451,212
125,32,3946,1053,371,-335
125,32,3947,1021,287,408
125,32,3949,1059,224,-447
125,32,3950,1018,179,466
125,32,3950,1019,179,466
125,32,3950,1020,447,0
125,32,3950,1025,447,0
125,32,3950,1033,466,179
125,32,3950,1058,224,-447
125,32,3951,1020,179,466
125,32,3951,1021,167,470
125,32,3951,1055,160,-387
125,32,3951,1058,156,-474
125,32,3952,1021,132,482
125,32,3952,1022,144,478
125,32,3952,1022,167,470
125,32,3952,1023,167,470
125,32,3953,1021,85,492
125,32,3953,1022,85,492
125,32,3953,1036,447,-10
125,32,3954,1008,445,43
125,32,3954,1012,447,0
125,32,3954,1013,447,0
125,32,3954,1014,447,0
125,32,3954,1017,447,0
125,32,3954,1018,447,0
125,32,3954,1021,447,0
125,32,3954,1022,447,0
125,32,3954,1023,447,0
125,32,3954,1026,447,0
125,32,3954,1027,447,0
125,32,3954,1029,132,482
125,32,3954,1029,179,466
125,32,3955,1027,85,492
125,32,3955,1029,132,482
125,32,3955,1036,340,0
125,32,3955,1040,416,-62
125,32,3956,999,421,150
125,32,3956,1026,0,500
125,32,3956,1027,0,500
125,32,3956,1028,0,500
125,32,3956,1028,224,447
125,32,3956,1050,0,-500
125,32,3956,1050,201,-201
125,32,3956,1052,248,-75
125,32,3956,1053,0,-500
125,32,3956,1053,0,-459
125,32,3956,1054,0,-500
125,32,3956,1059,0,-500
125,32,3957,996,403,190
125,32,3958,1006,414,72
125,32,3958,1007,416,62
125,32,3958,1038,414,72
125,32,3959,1027,395,0
125,32,3959,1044,262,-79
125,32,3960,1037,213,142
125,32,3961,997,376,189
125,32,3961,1038,326,217
125,32,3962,988,319,274
125,32,3964,987,304,291
125,32,3967,1052,342,0
125,32,3969,1038,49,17
125,32,3969,1044,104,0
125,32,3971,1010,-92,464
125,32,3972,1013,-58,-117
125,32,3973,1035,22,12
125,32,3973,1036,276,-14
125,32,3974,960,199,397
125,32,3976,1035,22,13
125,32,3976,1035,26,0
125,32,3976,1044,25,-7
125,32,3977,1035,22,-12
125,32,3977,1035,23,11
125,32,3979,1035,0,-26
125,32,3979,1035,0,0
125,32,3979,1044,-72,108
125,32,3979,1044,10,23
125,32,3980,1035,-261,0
125,32,3980,1035,-13,-22
125,32,3980,1044,-260,19
125,32,3980,1044,78,0
125,32,3981,1035,-209,0
125,32,3981,1035,-84,-132
125,32,3981,1035,-14,-22
125,32,3981,1035,-1,-26
125,32,3981,1035,21,-48
125,32,3982,1035,-235,0
125,32,3982,1043,-235,-12
125,32,3982,1043,-75,-23
125,32,3982,1044,-258,-39
125,32,3984,1007,-183,-225
125,32,3984,1035,-52,0
125,32,3984,1035,0,0
125,32,3984,1035,132,-84
125,32,3984,1044,-162,302
125,32,3984,1044,0,0
125,32,3985,1035,-93,-120
125,32,3985,1035,-26,0
125,32,3985,1035,12,-23
125,32,3986,1035,-56,-88
125,32,3986,1035,-26,0
125,32,3986,1035,-16,-20
125,32,3987,1014,-87,57
125,32,3987,1041,82,163
125,32,3988,1011,46,-22
125,32,3989,1006,-5,-212
125,32,3989,1011,94,-50
125,32,3989,1011,124,-138
125,32,3990,1003,-41,-419
125,32,3990,1011,117,-63
125,32,3990,1011,120,-57
125,32,4007,1009,340,17
125,32,4010,1003,25,3
125,32,4010,1005,392,47
125,32,4010,1007,364,35
125,32,4014,1003,-204,45
125,32,4046,1096,-41,-419
125,32,4048,1091,-83,-332
125,32,4050,1118,-132,-482
125,32,4052,1099,0,-421
125,32,4052,1100,-129,-428
125,32,4052,1123,-132,-482
125,68,3928,2203,500,0
125,68,3929,2212,500,0
125,68,3930,2205,500,0
125,68,3932,2201,498,37
125,68,3934,2188,358,-71
125,68,3939,2212,500,0
125,68,3940,2244,340,-325
125,68,3940,2246,340,-325
125,68,3940,2252,340,-325
125,68,3942,2234,368,-334
125,68,3942,2237,343,-359
125,68,3942,2255,343,-359
125,68,3942,2256,361,-345
125,68,3943,2237,343,-359
125,68,3943,2242,351,-351
125,68,3944,2225,353,-353
125,68,3944,2240,326,-378
125,68,3947,2237,361,-345
125,68,3947,2239,361,-345
125,68,3947,2243,361,-345
125,68,3947,2245,361,-345
125,68,3947,2254,361,-345
125,68,3948,2247,335,-371
125,68,3950,2203,447,0
125,68,3950,2230,353,-353
125,68,3951,2226,466,-81
125,68,3953,2203,447,10
125,68,3959,2180,395,0
125,68,3967,2134,345,361
125,68,3969,2236,138,-74
125,68,3971,2203,290,0
125,68,3974,2254,181,-438
125,68,3974,2255,169,-442
125,68,3975,2255,169,-442
125,68,3976,2251,160,-417
125,68,3977,2251,160,-417
125,68,3978,2252,139,-425
125,68,3988,2232,-253,399
125,68,3988,2236,0,-26
125,68,3988,2245,0,-157
125,68,3988,2257,0,-473
125,68,3989,2228,372,248
125,68,3991,2227,203,339
125,68,3992,2220,226,136
125,68,3992,2228,-26,0
125,68,3993,2222,76,197
125,68,3994,2222,149,249
125,70,3928,2269,500,0
125,70,3928,2276,494,-74
125,70,3931,2268,340,0
125,70,3931,2269,340,0
125,70,3931,2270,340,0
125,70,3931,2270,361,-8
125,70,3931,2270,361,0
125,70,3931,2272,340,0
125,70,3931,2273,340,0
125,70,3931,2274,340,0
125,70,3931,2276,340,0
125,70,3931,2279,340,0
125,70,3931,2280,340,0
125,70,3931,2283,340,0
125,70,3932,2269,366,0
125,70,3932,2270,366,-18
125,70,3932,2271,366,-18
125,70,3932,2271,366,-8
125,70,3932,2284,366,-8
125,70,3932,2285,366,-8
125,70,3932,2286,366,0
125,70,3933,2269,366,0
125,70,3933,2269,500,0
125,70,3933,2270,366,-8
125,70,3933,2270,366,0
125,70,3933,2271,366,-18
125,70,3933,2271,366,-8
125,70,3933,2285,366,-8
125,70,3934,2270,366,0
125,70,3934,2275,358,-71
125,70,3934,2276,357,-80
125,70,3935,2268,366,0
125,70,3935,2268,421,0
125,70,3935,2271,364,-35
125,70,3935,2271,364,-27
125,70,3935,2272,364,-35
125,70,3935,2274,360,-63
125,70,3935,2275,360,-63
125,70,3935,2292,366,0
125,70,3936,2291,353,-224
125,70,3937,2285,392,-9
125,70,3938,2276,383,-85
125,70,3938,2289,364,-206
125,70,3939,2212,500,0
125,70,3939,2292,392,0
125,70,3940,2212,500,0
125,70,3943,2283,418,0
125,70,3943,2305,418,0
125,70,3947,2286,361,-345
125,70,3948,2272,444,0
125,70,3948,2274,444,0
125,70,3948,2276,444,0
125,70,3948,2283,444,0
125,70,3950,2205,500,0
125,70,3950,2243,471,0
125,70,3961,2276,418,0
125,70,3963,2213,344,194
125,70,3964,2202,291,304
125,70,3964,2212,333,211
125,70,3966,2274,316,0
125,70,3971,2251,238,0
125,70,3971,2270,157,0
125,70,3973,2251,212,0
125,70,3983,2275,-285,-190
125,70,3986,2277,-150,-279
125,70,3987,2286,193,213
125,70,3987,2292,8,366
125,70,3987,2293,8,366
125,70,3988,2340,0,-500
125,70,3989,2294,-121,202
125,70,3990,2223,20,-211
125,70,3990,2292,-13,261
125,70,3991,2284,371,198
125,70,3992,2219,176,48
125,70,3993,2286,-170,162
125,70,3994,2284,-138,74
125,70,3994,2289,89,217
125,70,3996,2284,-154,30
125,70,4000,2289,-150,249
125,73,3927,2371,447,0
125,73,3928,2371,447,0
125,73,3931,2324,340,0
125,73,3931,2326,340,0
125,73,3931,2327,340,0
125,73,3931,2328,340,0
125,73,3931,2329,340,0
125,73,3931,2330,340,0
125,73,3931,2331,340,0
125,73,3931,2332,340,0
125,73,3931,2333,340,0
125,73,3931,2335,340,0
125,73,3931,2336,340,0
125,73,3931,2338,340,0
125,73,3931,2339,340,0
125,73,3931,2342,340,0
125,73,3931,2345,340,0
125,73,3931,2346,340,0
125,73,3931,2347,340,0
125,73,3931,2349,340,0
125,73,3931,2353,340,0
125,73,3931,2354,340,0
125,73,3931,2355,340,0
125,73,3931,2356,340,0
125,73,3931,2357,340,0
125,73,3931,2358,340,0
125,73,3931,2360,340,0
125,73,3931,2364,340,0
125,73,3931,2365,340,0
125,73,3931,2367,340,0
125,73,3931,2368,340,0
125,73,3931,2369,340,0
125,73,3931,2371,340,0
125,73,3932,2366,366,-8
125,73,3932,2373,366,-8
125,73,3933,2367,366,-18
125,73,3934,2369,366,8
125,73,3935,2315,366,0
125,73,3935,2345,366,0
125,73,3935,2364,366,0
125,73,3935,2366,366,0
125,73,3936,2371,421,0
125,73,3939,2308,414,0
125,73,3939,2309,392,0
125,73,3940,2373,418,-21
125,73,3941,2308,418,0
125,73,3941,2318,351,351
125,73,3942,2302,345,361
125,73,3942,2317,358,343
125,73,3943,2303,345,361
125,73,3943,2308,418,0
125,73,3943,2315,358,343
125,73,3943,2317,351,351
125,73,3943,2317,358,343
125,73,3943,2371,418,0
125,73,3945,2308,353,353
125,73,3948,2369,444,0
125,73,3948,2371,444,0
125,73,3955,2282,361,345
125,73,3958,2308,328,0
125,73,3961,2371,418,0
125,73,3965,2297,282,312
125,73,3971,2369,130,0
125,73,3972,2368,104,0
125,73,3981,2434,132,-482
125,73,3984,2426,121,-484
125,73,3988,2302,372,248
125,73,3988,2421,0,-473
125,73,3989,2322,74,-138
125,73,3992,2317,208,-20
125,73,3992,2318,250,-305
125,73,3994,2318,258,-332
125,73,3998,2297,339,-292
125,73,4002,2318,-58,-258
125,73,4002,2319,-151,-216
125,73,4015,2306,-273,-202
125,73,4020,2305,0,26
125,73,4020,2313,23,11
125,75,3930,2415,500,0
125,75,3934,2376,500,0
125,75,3938,2371,500,0
125,75,3939,2371,392,0
125,75,3939,2371,500,0
125,75,3940,2371,392,0
125,75,3940,2371,500,0
125,75,3940,2372,500,0
125,75,3941,2359,351,351
125,75,3941,2369,418,21
125,75,3942,2369,418,21
125,75,3942,2370,418,0
125,75,3943,2358,358,343
125,75,3943,2359,358,343
125,75,3943,2360,358,343
125,75,3943,2361,358,343
125,75,3943,2364,358,343
125,75,3943,2365,358,343
125,75,3943,2367,358,343
125,75,3943,2372,358,343
125,75,3946,2368,444,0
125,75,3947,2391,353,353
125,75,3948,2364,444,0
125,75,3950,2364,500,0
125,75,3950,2366,471,-24
125,75,3962,2356,500,0
125,75,3968,2351,361,345
125,75,3976,2331,144,478
125,75,3977,2351,129,428
125,75,3979,2376,185,0
125,75,3987,2390,-197,131
125,75,3988,2368,0,52
125,75,3988,2371,0,52
125,75,3988,2387,46,-22
125,75,3988,2477,0,-447
125,75,3988,2496,0,-500
125,75,3990,2382,152,-101
125,75,3990,2383,152,-101
125,75,3990,2384,17,-182
125,75,3991,2379,-115,-62
125,75,3992,2379,-26,0
125,75,3992,2387,23,-12
125,75,3993,2379,-26,0
125,75,3993,2386,198,-132
125,75,3995,2380,262,79
125,75,3995,2381,217,-362
125,75,3999,2380,211,-395
125,75,4010,2491,371,-335
125,75,4014,2487,361,-345
126,69,3975,2238,402,-296
126,69,3976,2210,462,191
126,69,3976,2219,432,-192
126,69,3979,2245,224,-447
126,69,3980,2246,203,-457
126,69,3981,2242,246,-435
126,69,3986,2233,191,-462
126,69,3986,2235,121,-484
126,69,3988,2213,0,500
126,69,3988,2230,90,-301
126,69,3988,2235,0,-500
126,69,3988,2236,0,-500
126,69,3988,2237,0,-500
126,69,3992,2222,393,-29
126,69,3994,2228,104,0
126,69,4007,2225,364,54
126,69,4012,2228,37,69
126,71,3972,2271,441,236
126,71,3972,2273,435,246
126,71,3972,2282,500,0
126,71,3973,2275,451,212
126,71,3975,2271,378,326
126,71,3976,2270,441,236
126,71,3976,2271,441,236
126,71,3979,2269,474,156
126,71,3980,2268,257,429
126,71,3980,2283,444,0
126,71,3980,2315,361,345
126,71,3982,2308,447,0
126,71,3985,2290,438,-87
126,71,3985,2291,437,-98
126,71,3985,2292,437,-98
126,71,3986,2283,447,0
126,71,3986,2284,447,0
126,71,3986,2286,447,-23
126,71,3986,2304,447,0
126,71,3986,2305,447,10
126,71,3986,2307,447,0
126,71,3988,2274,0,500
126,71,3990,2283,314,0
126,71,3990,2289,416,-62
126,71,3990,2290,412,-82
126,71,3990,2291,411,-92
126,71,3990,2300,394,-211
126,71,3991,2309,339,-292
126,71,3992,2303,393,38
126,71,3996,2312,291,-339
126,71,3997,2283,209,0
126,71,4018,2283,18,-125
126,72,3982,2308,447,0
126,72,3986,2292,447,0
126,72,3986,2293,447,0
126,72,3986,2299,447,0
126,72,3986,2302,447,0
126,72,3986,2308,447,0
126,72,3986,2324,447,0
126,72,3988,2333,0,-500
126,72,3992,2295,393,38
126,72,3994,2300,319,274
126,72,3994,2324,104,0
126,72,3996,2294,291,339
126,72,3997,2292,265,360
126,72,3999,2297,266,325
126,72,4010,2286,-293,121
126,74,3968,2392,488,-109
126,74,3971,2371,500,0
126,74,3972,2371,500,0
126,74,3976,2365,474,156
126,74,3976,2366,441,236
126,74,3983,2365,167,470
126,74,3988,2372,0,500
126,74,3988,2372,224,447
126,74,3988,2388,197,-105
126,74,4004,2379,23,12
126,74,4014,2387,-75,-23
126,74,4014,2388,-258,-39
126,74,4016,2388,-162,302
126,74,4016,2388,0,0
126,74,4076,2431,-26,-263
126,74,4077,2436,-38,-314
126,74,4081,2471,-74,-494
126,74,4084,2452,0,-500
